# https://github.com/mikedh/trimesh
v 0.00313700 -0.14842000 0.01335100
v 0.00830900 -0.14911000 0.01296000
v 0.00828300 -0.14842000 0.01289700
v 0.00313700 -0.14911000 0.01341600
v 0.01307900 -0.14842000 0.01156600
v 0.01312800 -0.14911000 0.01162300
v -0.00200900 -0.14842000 0.01289700
v -0.00203400 -0.14911000 0.01296000
v 0.00313700 -0.14360800 0.01293500
v 0.00812300 -0.14360800 0.01249500
v 0.01719700 -0.14842000 0.00944900
v 0.01726600 -0.14911000 0.00949500
v 0.01276900 -0.14360800 0.01120600
v -0.00680400 -0.14842000 0.01156600
v -0.00685300 -0.14911000 0.01162300
v -0.00184800 -0.14360800 0.01249500
v 0.00313700 -0.13879000 0.01256000
v 0.00797800 -0.13879000 0.01213300
v 0.02035700 -0.14842000 0.00669000
v 0.02044200 -0.14911000 0.00672300
v 0.01675800 -0.14360800 0.00915500
v 0.01248900 -0.13879000 0.01088100
v -0.01092200 -0.14842000 0.00944900
v -0.01099200 -0.14911000 0.00949500
v -0.00649400 -0.14360800 0.01120600
v -0.00170300 -0.13879000 0.01213300
v 0.00313700 -0.13396400 0.01222700
v 0.00784900 -0.13396400 0.01181100
v 0.02234300 -0.14842000 0.00347700
v 0.02243800 -0.14911000 0.00349400
v 0.01981900 -0.14360800 0.00648200
v 0.01636300 -0.13879000 0.00889000
v 0.01224000 -0.13396400 0.01059300
v -0.01416700 -0.14911000 0.00672300
v -0.01408200 -0.14842000 0.00669000
v -0.01048300 -0.14360800 0.00915500
v -0.00621400 -0.13879000 0.01088100
v -0.00157500 -0.13396400 0.01181100
v 0.00313700 -0.12913300 0.01193500
v 0.00773700 -0.12913300 0.01152900
v 0.02302100 -0.14842000 0.00002900
v 0.02311900 -0.14911000 0.00002900
v 0.02174300 -0.14360800 0.00336900
v 0.01933500 -0.13879000 0.00629500
v 0.01601100 -0.13396400 0.00865400
v 0.01202200 -0.12913300 0.01034000
v -0.01616300 -0.14911000 0.00349400
v -0.01606800 -0.14842000 0.00347700
v -0.01354400 -0.14360800 0.00648200
v -0.01008800 -0.13879000 0.00889000
v -0.00596600 -0.13396400 0.01059300
v -0.00146200 -0.12913300 0.01152900
v 0.00313700 -0.12429600 0.01168400
v 0.00764000 -0.12429600 0.01128700
v 0.02234300 -0.14842000 -0.00341900
v 0.02243800 -0.14911000 -0.00343600
v 0.02240000 -0.14360800 0.00002900
v 0.02120300 -0.13879000 0.00327200
v 0.01890400 -0.13396400 0.00612800
v 0.01570300 -0.12913300 0.00844800
v 0.01183500 -0.12429600 0.01012300
v -0.01684400 -0.14911000 0.00002900
v -0.01674600 -0.14842000 0.00002900
v -0.01546900 -0.14360800 0.00336900
v -0.01306000 -0.13879000 0.00629500
v -0.00973600 -0.13396400 0.00865400
v -0.00574800 -0.12913300 0.01034000
v -0.00136500 -0.12429600 0.01128700
v 0.00313700 -0.11945500 0.01147500
v 0.00755900 -0.11945500 0.01108500
v 0.02035700 -0.14842000 -0.00663200
v 0.02044200 -0.14911000 -0.00666500
v 0.02174300 -0.14360800 -0.00331100
v 0.02184100 -0.13879000 0.00002900
v 0.02072300 -0.13396400 0.00318600
v 0.01852700 -0.12913300 0.00598200
v 0.01543800 -0.12429600 0.00827000
v 0.01167900 -0.11945500 0.00994200
v -0.01616300 -0.14911000 -0.00343600
v -0.01606800 -0.14842000 -0.00341900
v -0.01612500 -0.14360800 0.00002900
v -0.01492900 -0.13879000 0.00327200
v -0.01262900 -0.13396400 0.00612800
v -0.00942800 -0.12913300 0.00844800
v -0.00556100 -0.12429600 0.01012300
v -0.00128400 -0.11945500 0.01108500
v 0.00313700 -0.11461000 0.01130700
v 0.00749400 -0.11461000 0.01092300
v 0.00313700 0.07948300 0.00725400
v 0.00583400 0.07536200 0.00677100
v 0.00592800 0.07948300 0.00700800
v 0.00313700 0.07536200 0.00700900
v 0.01719700 -0.14842000 -0.00939100
v 0.01726600 -0.14911000 -0.00943700
v 0.01981900 -0.14360800 -0.00642400
v 0.02120300 -0.13879000 -0.00321400
v 0.02134300 -0.13396400 0.00002900
v 0.02030200 -0.12913300 0.00311000
v 0.01820300 -0.12429600 0.00585700
v 0.01521700 -0.11945500 0.00812300
v 0.01155400 -0.11461000 0.00979600
v 0.00834700 0.07536200 0.00607400
v 0.00852900 0.07948300 0.00628600
v -0.01416700 -0.14911000 -0.00666500
v -0.01408200 -0.14842000 -0.00663200
v -0.01546900 -0.14360800 -0.00331100
v -0.01556600 -0.13879000 0.00002900
v -0.01444800 -0.13396400 0.00318600
v -0.01225200 -0.12913300 0.00598200
v -0.00916300 -0.12429600 0.00827000
v -0.00540500 -0.11945500 0.00994200
v -0.00122000 -0.11461000 0.01092300
v 0.00044100 0.07536200 0.00677100
v 0.00034600 0.07948300 0.00700800
v 0.00313700 -0.10976300 0.01118100
v 0.00744500 -0.10976300 0.01080100
v 0.00575600 0.07123600 0.00657800
v 0.00313700 0.07123600 0.00680900
v 0.01312800 -0.14911000 -0.01156500
v 0.01307900 -0.14842000 -0.01150800
v 0.01675800 -0.14360800 -0.00909700
v 0.01933500 -0.13879000 -0.00623700
v 0.02072300 -0.13396400 -0.00312800
v 0.02090700 -0.12913300 0.00002900
v 0.01994000 -0.12429600 0.00304600
v 0.01793200 -0.11945500 0.00575200
v 0.01504100 -0.11461000 0.00800400
v 0.01146000 -0.10976300 0.00968700
v 0.00819700 0.07123600 0.00590100
v 0.01050400 0.07536200 0.00496500
v 0.01076300 0.07948300 0.00513800
v -0.01099200 -0.14911000 -0.00943700
v -0.01092200 -0.14842000 -0.00939100
v -0.01354400 -0.14360800 -0.00642400
v -0.01492900 -0.13879000 -0.00321400
v -0.01506800 -0.13396400 0.00002900
v -0.01402700 -0.12913300 0.00311000
v -0.01192800 -0.12429600 0.00585700
v -0.00894300 -0.11945500 0.00812300
v -0.00528000 -0.11461000 0.00979600
v -0.00207200 0.07536200 0.00607400
v -0.00225500 0.07948300 0.00628600
v -0.00117100 -0.10976300 0.01080100
v 0.00051800 0.07123600 0.00657800
v 0.00313700 -0.10491300 0.01109700
v 0.00741300 -0.10491300 0.01072000
v 0.00569600 0.06710600 0.00642700
v 0.00313700 0.06710600 0.00665300
v 0.00830900 -0.14911000 -0.01290200
v 0.00828300 -0.14842000 -0.01283900
v 0.01276900 -0.14360800 -0.01114800
v 0.01636300 -0.13879000 -0.00883200
v 0.01890400 -0.13396400 -0.00607000
v 0.02030200 -0.12913300 -0.00305300
v 0.02053300 -0.12429600 0.00002900
v 0.01963900 -0.11945500 0.00299100
v 0.01771600 -0.11461000 0.00566800
v 0.01490700 -0.10976300 0.00791500
v 0.01139700 -0.10491300 0.00961400
v 0.00808100 0.06710600 0.00576500
v 0.01029300 0.07123600 0.00482300
v 0.01247700 0.07948300 0.00364200
v 0.01216000 0.07536200 0.00351900
v -0.00685300 -0.14911000 -0.01156500
v -0.00680400 -0.14842000 -0.01150800
v -0.01048300 -0.14360800 -0.00909700
v -0.01306000 -0.13879000 -0.00623700
v -0.01444800 -0.13396400 -0.00312800
v -0.01463300 -0.12913300 0.00002900
v -0.01366600 -0.12429600 0.00304600
v -0.01165800 -0.11945500 0.00575200
v -0.00876600 -0.11461000 0.00800400
v -0.00423000 0.07536200 0.00496500
v -0.00448800 0.07948300 0.00513800
v -0.00518500 -0.10976300 0.00968700
v -0.00192200 0.07123600 0.00590100
v -0.00113800 -0.10491300 0.01072000
v 0.00057900 0.06710600 0.00642700
v 0.00313700 -0.10006300 0.01105400
v 0.00739600 -0.10006300 0.01067800
v 0.00565300 0.06297200 0.00632000
v 0.00313700 0.06297200 0.00654100
v 0.00313700 -0.14911000 -0.01335900
v 0.00313700 -0.14842000 -0.01329300
v 0.00812300 -0.14360800 -0.01243700
v 0.01248900 -0.13879000 -0.01082300
v 0.01601100 -0.13396400 -0.00859600
v 0.01852700 -0.12913300 -0.00592400
v 0.01994000 -0.12429600 -0.00298800
v 0.02022100 -0.11945500 0.00002900
v 0.01939700 -0.11461000 0.00294800
v 0.01755300 -0.10976300 0.00560500
v 0.01481800 -0.10491300 0.00785500
v 0.01136500 -0.10006300 0.00957700
v 0.00799700 0.06297200 0.00566900
v 0.01012800 0.06710600 0.00471300
v 0.01190100 0.07123600 0.00341900
v 0.01355400 0.07948300 0.00189900
v 0.01320100 0.07536200 0.00183600
v -0.00203400 -0.14911000 -0.01290200
v -0.00200900 -0.14842000 -0.01283900
v -0.00649400 -0.14360800 -0.01114800
v -0.01008800 -0.13879000 -0.00883200
v -0.01262900 -0.13396400 -0.00607000
v -0.01402700 -0.12913300 -0.00305300
v -0.01425900 -0.12429600 0.00002900
v -0.01336400 -0.11945500 0.00299100
v -0.01144100 -0.11461000 0.00566800
v -0.00588500 0.07536200 0.00351900
v -0.00620200 0.07948300 0.00364200
v -0.00863300 -0.10976300 0.00791500
v -0.00401800 0.07123600 0.00482300
v -0.00512200 -0.10491300 0.00961400
v -0.00180600 0.06710600 0.00576500
v -0.00112200 -0.10006300 0.01067800
v 0.00062200 0.06297200 0.00632000
v 0.00313700 -0.09521200 0.01105200
v 0.00739600 -0.09521200 0.01067700
v 0.00562700 0.05883600 0.00625500
v 0.00313700 0.05883600 0.00647500
v 0.00313700 -0.14360800 -0.01287700
v 0.00797800 -0.13879000 -0.01207500
v 0.01224000 -0.13396400 -0.01053500
v 0.01570300 -0.12913300 -0.00839000
v 0.01820300 -0.12429600 -0.00579900
v 0.01963900 -0.11945500 -0.00293400
v 0.01997100 -0.11461000 0.00002900
v 0.01921600 -0.10976300 0.00291500
v 0.01744300 -0.10491300 0.00556300
v 0.01477300 -0.10006300 0.00782500
v 0.01136400 -0.09521200 0.00957600
v 0.00794800 0.05883600 0.00561100
v 0.01001100 0.06297200 0.00463400
v 0.01169900 0.06710600 0.00334100
v 0.01291200 0.07123600 0.00178400
v 0.01392100 0.07948300 0.00002900
v 0.01355600 0.07536200 0.00002900
v -0.00184800 -0.14360800 -0.01243700
v -0.00621400 -0.13879000 -0.01082300
v -0.00973600 -0.13396400 -0.00859600
v -0.01225200 -0.12913300 -0.00592400
v -0.01366600 -0.12429600 -0.00298800
v -0.01394600 -0.11945500 0.00002900
v -0.01312300 -0.11461000 0.00294800
v -0.00692600 0.07536200 0.00183600
v -0.00727900 0.07948300 0.00189900
v -0.01127800 -0.10976300 0.00560500
v -0.00562600 0.07123600 0.00341900
v -0.00854400 -0.10491300 0.00785500
v -0.00385400 0.06710600 0.00471300
v -0.00509000 -0.10006300 0.00957700
v -0.00172300 0.06297200 0.00566900
v -0.00112100 -0.09521200 0.01067700
v 0.00064700 0.05883600 0.00625500
v 0.00313700 -0.08476900 0.01106400
v 0.00740000 -0.08476900 0.01068800
v 0.00561900 0.05469900 0.00623300
v 0.00313700 0.05469900 0.00645200
v 0.00313700 -0.13879000 -0.01250200
v 0.00784900 -0.13396400 -0.01175300
v 0.01202200 -0.12913300 -0.01028200
v 0.01543800 -0.12429600 -0.00821300
v 0.01793200 -0.11945500 -0.00569400
v 0.01939700 -0.11461000 -0.00289000
v 0.01978300 -0.10976300 0.00002900
v 0.01909400 -0.10491300 0.00289400
v 0.01738800 -0.10006300 0.00554100
v 0.01477100 -0.09521200 0.00782400
v 0.01137300 -0.08476900 0.00958600
v 0.00793100 0.05469900 0.00559200
v 0.00994000 0.05883600 0.00458700
v 0.01155500 0.06297200 0.00328500
v 0.01268700 0.06710600 0.00174300
v 0.01325700 0.07123600 0.00002900
v 0.01355400 0.07948300 -0.00184100
v 0.01320100 0.07536200 -0.00177800
v -0.00170300 -0.13879000 -0.01207500
v -0.00596600 -0.13396400 -0.01053500
v -0.00942800 -0.12913300 -0.00839000
v -0.01192800 -0.12429600 -0.00579900
v -0.01336400 -0.11945500 -0.00293400
v -0.01369600 -0.11461000 0.00002900
v -0.00728100 0.07536200 0.00002900
v -0.00764700 0.07948300 0.00002900
v -0.01294100 -0.10976300 0.00291500
v -0.00663700 0.07123600 0.00178400
v -0.01116900 -0.10491300 0.00556300
v -0.00542500 0.06710600 0.00334100
v -0.00849800 -0.10006300 0.00782500
v -0.00373600 0.06297200 0.00463400
v -0.00508900 -0.09521200 0.00957600
v -0.00167300 0.05883600 0.00561100
v -0.00112600 -0.08476900 0.01068800
v 0.00065600 0.05469900 0.00623300
v 0.00313700 -0.07432700 0.01101600
v 0.00738200 -0.07432700 0.01064200
v 0.00562700 0.05056200 0.00625500
v 0.00313700 0.05056200 0.00647500
v 0.00313700 -0.13396400 -0.01216900
v 0.00773700 -0.12913300 -0.01147100
v 0.01183500 -0.12429600 -0.01006500
v 0.01521700 -0.11945500 -0.00806500
v 0.01771600 -0.11461000 -0.00561000
v 0.01921600 -0.10976300 -0.00285800
v 0.01965700 -0.10491300 0.00002900
v 0.01903200 -0.10006300 0.00288200
v 0.01738600 -0.09521200 0.00554100
v 0.01478400 -0.08476900 0.00783200
v 0.01133700 -0.07432700 0.00954400
v 0.00794800 0.05056200 0.00561100
v 0.00991600 0.05469900 0.00457100
v 0.01146900 0.05883600 0.00325200
v 0.01252600 0.06297200 0.00171500
v 0.01302400 0.06710600 0.00002900
v 0.01291200 0.07123600 -0.00172600
v 0.01247700 0.07948300 -0.00358400
v 0.01216000 0.07536200 -0.00346100
v -0.00157500 -0.13396400 -0.01175300
v -0.00574800 -0.12913300 -0.01028200
v -0.00916300 -0.12429600 -0.00821300
v -0.01165800 -0.11945500 -0.00569400
v -0.01312300 -0.11461000 -0.00289000
v -0.00692600 0.07536200 -0.00177800
v -0.00727900 0.07948300 -0.00184100
v -0.01350800 -0.10976300 0.00002900
v -0.00698200 0.07123600 0.00002900
v -0.01281900 -0.10491300 0.00289400
v -0.00641200 0.06710600 0.00174300
v -0.01111300 -0.10006300 0.00554100
v -0.00528100 0.06297200 0.00328500
v -0.00849700 -0.09521200 0.00782400
v -0.00366500 0.05883600 0.00458700
v -0.00509800 -0.08476900 0.00958600
v -0.00165600 0.05469900 0.00559200
v -0.00110700 -0.07432700 0.01064200
v 0.00064700 0.05056200 0.00625500
v 0.00313700 -0.06388600 0.01090900
v 0.00734000 -0.06388600 0.01053800
v 0.00565300 0.04642600 0.00632000
v 0.00313700 0.04642600 0.00654100
v 0.00313700 -0.12913300 -0.01187700
v 0.00764000 -0.12429600 -0.01122900
v 0.01167900 -0.11945500 -0.00988400
v 0.01504100 -0.11461000 -0.00794600
v 0.01755300 -0.10976300 -0.00554700
v 0.01909400 -0.10491300 -0.00283600
v 0.01959200 -0.10006300 0.00002900
v 0.01903000 -0.09521200 0.00288200
v 0.01740100 -0.08476900 0.00554700
v 0.01473300 -0.07432700 0.00779800
v 0.01125600 -0.06388600 0.00945100
v 0.00799700 0.04642600 0.00566900
v 0.00994000 0.05056200 0.00458700
v 0.01144000 0.05469900 0.00324100
v 0.01243000 0.05883600 0.00169700
v 0.01285800 0.06297200 0.00002900
v 0.01268700 0.06710600 -0.00168500
v 0.01190100 0.07123600 -0.00336100
v 0.01076300 0.07948300 -0.00508000
v 0.01050400 0.07536200 -0.00490700
v -0.00146200 -0.12913300 -0.01147100
v -0.00556100 -0.12429600 -0.01006500
v -0.00894300 -0.11945500 -0.00806500
v -0.01144100 -0.11461000 -0.00561000
v -0.00588500 0.07536200 -0.00346100
v -0.00620200 0.07948300 -0.00358400
v -0.01294100 -0.10976300 -0.00285800
v -0.00663700 0.07123600 -0.00172600
v -0.01338200 -0.10491300 0.00002900
v -0.00674900 0.06710600 0.00002900
v -0.01275700 -0.10006300 0.00288200
v -0.00625200 0.06297200 0.00171500
v -0.01111100 -0.09521200 0.00554100
v -0.00519400 0.05883600 0.00325200
v -0.00850900 -0.08476900 0.00783200
v -0.00364200 0.05469900 0.00457100
v -0.00506200 -0.07432700 0.00954400
v -0.00167300 0.05056200 0.00561100
v -0.00106500 -0.06388600 0.01053800
v 0.00062200 0.04642600 0.00632000
v 0.00313700 -0.05344600 0.01074100
v 0.00727500 -0.05344600 0.01037600
v 0.00313700 0.04229300 0.00665300
v 0.00569600 0.04229300 0.00642700
v 0.00313700 -0.12429600 -0.01162600
v 0.00755900 -0.11945500 -0.01102700
v 0.01155400 -0.11461000 -0.00973900
v 0.01490700 -0.10976300 -0.00785700
v 0.01744300 -0.10491300 -0.00550500
v 0.01903200 -0.10006300 -0.00282500
v 0.01959000 -0.09521200 0.00002900
v 0.01904700 -0.08476900 0.00288500
v 0.01733900 -0.07432700 0.00552300
v 0.01461900 -0.06388600 0.00772200
v 0.01113100 -0.05344600 0.00930600
v 0.00808100 0.04229300 0.00576500
v 0.01001100 0.04642600 0.00463400
v 0.01146900 0.05056200 0.00325200
v 0.01239800 0.05469900 0.00169100
v 0.01275800 0.05883600 0.00002900
v 0.01252600 0.06297200 -0.00165700
v 0.01169900 0.06710600 -0.00328300
v 0.01029300 0.07123600 -0.00476500
v 0.00852900 0.07948300 -0.00622800
v 0.00834700 0.07536200 -0.00601600
v -0.00136500 -0.12429600 -0.01122900
v -0.00540500 -0.11945500 -0.00988400
v -0.00876600 -0.11461000 -0.00794600
v -0.00423000 0.07536200 -0.00490700
v -0.00448800 0.07948300 -0.00508000
v -0.01127800 -0.10976300 -0.00554700
v -0.00562600 0.07123600 -0.00336100
v -0.01281900 -0.10491300 -0.00283600
v -0.00641200 0.06710600 -0.00168500
v -0.01331800 -0.10006300 0.00002900
v -0.00658300 0.06297200 0.00002900
v -0.01275500 -0.09521200 0.00288200
v -0.00615500 0.05883600 0.00169700
v -0.01112700 -0.08476900 0.00554700
v -0.00516500 0.05469900 0.00324100
v -0.00845800 -0.07432700 0.00779800
v -0.00366500 0.05056200 0.00458700
v -0.00498200 -0.06388600 0.00945100
v -0.00172300 0.04642600 0.00566900
v -0.00100100 -0.05344600 0.01037600
v 0.00057900 0.04229300 0.00642700
v 0.00313700 -0.04300900 0.01051400
v 0.00718800 -0.04300900 0.01015700
v 0.00575600 0.03816200 0.00657800
v 0.00313700 0.03816200 0.00680900
v 0.00313700 -0.11945500 -0.01141700
v 0.00749400 -0.11461000 -0.01086500
v 0.01146000 -0.10976300 -0.00962900
v 0.01481800 -0.10491300 -0.00779700
v 0.01738800 -0.10006300 -0.00548400
v 0.01903000 -0.09521200 -0.00282400
v 0.01960800 -0.08476900 0.00002900
v 0.01897700 -0.07432700 0.00287300
v 0.01720000 -0.06388600 0.00546900
v 0.01444300 -0.05344600 0.00760400
v 0.01096200 -0.04300900 0.00910900
v 0.00819700 0.03816200 0.00590100
v 0.01012800 0.04229300 0.00471300
v 0.01155500 0.04642600 0.00328500
v 0.01243000 0.05056200 0.00169700
v 0.01272500 0.05469900 0.00002900
v 0.01243000 0.05883600 -0.00163900
v 0.01155500 0.06297200 -0.00322700
v 0.01012800 0.06710600 -0.00465500
v 0.00819700 0.07123600 -0.00584300
v 0.00592800 0.07948300 -0.00695000
v 0.00583400 0.07536200 -0.00671400
v -0.00128400 -0.11945500 -0.01102700
v -0.00528000 -0.11461000 -0.00973900
v -0.00225500 0.07948300 -0.00622800
v -0.00207200 0.07536200 -0.00601600
v -0.00863300 -0.10976300 -0.00785700
v -0.00401800 0.07123600 -0.00476500
v -0.01116900 -0.10491300 -0.00550500
v -0.00542500 0.06710600 -0.00328300
v -0.01275700 -0.10006300 -0.00282500
v -0.00625200 0.06297200 -0.00165700
v -0.01331600 -0.09521200 0.00002900
v -0.00648300 0.05883600 0.00002900
v -0.01277200 -0.08476900 0.00288500
v -0.00612300 0.05469900 0.00169100
v -0.01106500 -0.07432700 0.00552300
v -0.00519400 0.05056200 0.00325200
v -0.00834500 -0.06388600 0.00772200
v -0.00373600 0.04642600 0.00463400
v -0.00485700 -0.05344600 0.00930600
v -0.00180600 0.04229300 0.00576500
v -0.00091300 -0.04300900 0.01015700
v 0.00051800 0.03816200 0.00657800
v 0.00313700 -0.03257600 0.01022700
v 0.00707700 -0.03257600 0.00988000
v 0.00313700 0.03403600 0.00700900
v 0.00583400 0.03403600 0.00677100
v 0.00313700 -0.11461000 -0.01125000
v 0.00744500 -0.10976300 -0.01074300
v 0.01139700 -0.10491300 -0.00955600
v 0.01477300 -0.10006300 -0.00776700
v 0.01738600 -0.09521200 -0.00548300
v 0.01904700 -0.08476900 -0.00282700
v 0.01953600 -0.07432700 0.00002900
v 0.01882200 -0.06388600 0.00284500
v 0.01698400 -0.05344600 0.00538500
v 0.01420300 -0.04300900 0.00744300
v 0.01074800 -0.03257600 0.00886100
v 0.00834700 0.03403600 0.00607400
v 0.01029300 0.03816200 0.00482300
v 0.01169900 0.04229300 0.00334100
v 0.01252600 0.04642600 0.00171500
v 0.01275800 0.05056200 0.00002900
v 0.01239800 0.05469900 -0.00163400
v 0.01146900 0.05883600 -0.00319400
v 0.01001100 0.06297200 -0.00457600
v 0.00808100 0.06710600 -0.00570800
v 0.00575600 0.07123600 -0.00652000
v 0.00313700 0.07536200 -0.00695100
v 0.00313700 0.07948300 -0.00719600
v -0.00122000 -0.11461000 -0.01086500
v 0.00034600 0.07948300 -0.00695000
v 0.00044100 0.07536200 -0.00671400
v -0.00518500 -0.10976300 -0.00962900
v -0.00192200 0.07123600 -0.00584300
v -0.00854400 -0.10491300 -0.00779700
v -0.00385400 0.06710600 -0.00465500
v -0.01111300 -0.10006300 -0.00548400
v -0.00528100 0.06297200 -0.00322700
v -0.01275500 -0.09521200 -0.00282400
v -0.00615500 0.05883600 -0.00163900
v -0.01333300 -0.08476900 0.00002900
v -0.00645000 0.05469900 0.00002900
v -0.01270300 -0.07432700 0.00287300
v -0.00615500 0.05056200 0.00169700
v -0.01092500 -0.06388600 0.00546900
v -0.00528100 0.04642600 0.00328500
v -0.00816800 -0.05344600 0.00760400
v -0.00385400 0.04229300 0.00471300
v -0.00468700 -0.04300900 0.00910900
v -0.00192200 0.03816200 0.00590100
v -0.00080200 -0.03257600 0.00988000
v 0.00044100 0.03403600 0.00677100
v 0.00694300 -0.02214600 0.00954500
v 0.00313700 -0.02214600 0.00988100
v 0.00592800 0.02991500 0.00700800
v 0.00313700 0.02991500 0.00725400
v 0.00313700 -0.10976300 -0.01112400
v 0.00741300 -0.10491300 -0.01066200
v 0.01136500 -0.10006300 -0.00951900
v 0.01477100 -0.09521200 -0.00776600
v 0.01740100 -0.08476900 -0.00548900
v 0.01897700 -0.07432700 -0.00281500
v 0.01937500 -0.06388600 0.00002900
v 0.01858100 -0.05344600 0.00280100
v 0.01669000 -0.04300900 0.00527100
v 0.01390000 -0.03257600 0.00724000
v 0.01048900 -0.02214600 0.00856100
v 0.00852900 0.02991500 0.00628600
v 0.01050400 0.03403600 0.00496500
v 0.01190100 0.03816200 0.00341900
v 0.01268700 0.04229300 0.00174300
v 0.01285800 0.04642600 0.00002900
v 0.01243000 0.05056200 -0.00163900
v 0.01144000 0.05469900 -0.00318300
v 0.00994000 0.05883600 -0.00452900
v 0.00799700 0.06297200 -0.00561100
v 0.00569600 0.06710600 -0.00636900
v 0.00313700 0.07123600 -0.00675100
v -0.00117100 -0.10976300 -0.01074300
v 0.00051800 0.07123600 -0.00652000
v -0.00512200 -0.10491300 -0.00955600
v -0.00180600 0.06710600 -0.00570800
v -0.00849800 -0.10006300 -0.00776700
v -0.00373600 0.06297200 -0.00457600
v -0.01111100 -0.09521200 -0.00548300
v -0.00519400 0.05883600 -0.00319400
v -0.01277200 -0.08476900 -0.00282700
v -0.00612300 0.05469900 -0.00163400
v -0.01326200 -0.07432700 0.00002900
v -0.00648300 0.05056200 0.00002900
v -0.01254800 -0.06388600 0.00284500
v -0.00625200 0.04642600 0.00171500
v -0.01070900 -0.05344600 0.00538500
v -0.00542500 0.04229300 0.00334100
v -0.00792800 -0.04300900 0.00744300
v -0.00401800 0.03816200 0.00482300
v -0.00447300 -0.03257600 0.00886100
v -0.00207200 0.03403600 0.00607400
v -0.00066800 -0.02214600 0.00954500
v 0.00034600 0.02991500 0.00700800
v 0.00313700 -0.01172100 0.00947500
v 0.00678600 -0.01172100 0.00915300
v 0.00617700 0.01951700 0.00763000
v 0.00313700 0.01951700 0.00789900
v 0.00313700 -0.10491300 -0.01103900
v 0.00739600 -0.10006300 -0.01062000
v 0.01136400 -0.09521200 -0.00951800
v 0.01478400 -0.08476900 -0.00777400
v 0.01733900 -0.07432700 -0.00546500
v 0.01882200 -0.06388600 -0.00278700
v 0.01912600 -0.05344600 0.00002900
v 0.01825300 -0.04300900 0.00274300
v 0.01631900 -0.03257600 0.00512800
v 0.01353500 -0.02214600 0.00699500
v 0.01018600 -0.01172100 0.00820900
v 0.00901000 0.01951700 0.00684400
v 0.01076300 0.02991500 0.00513800
v 0.01216000 0.03403600 0.00351900
v 0.01291200 0.03816200 0.00178400
v 0.01302400 0.04229300 0.00002900
v 0.01252600 0.04642600 -0.00165700
v 0.01146900 0.05056200 -0.00319400
v 0.00991600 0.05469900 -0.00451300
v 0.00794800 0.05883600 -0.00555300
v 0.00565300 0.06297200 -0.00626200
v 0.00313700 0.06710600 -0.00659500
v -0.00113800 -0.10491300 -0.01066200
v 0.00057900 0.06710600 -0.00636900
v -0.00509000 -0.10006300 -0.00951900
v -0.00172300 0.06297200 -0.00561100
v -0.00849700 -0.09521200 -0.00776600
v -0.00366500 0.05883600 -0.00452900
v -0.01112700 -0.08476900 -0.00548900
v -0.00516500 0.05469900 -0.00318300
v -0.01270300 -0.07432700 -0.00281500
v -0.00615500 0.05056200 -0.00163900
v -0.01310100 -0.06388600 0.00002900
v -0.00658300 0.04642600 0.00002900
v -0.01230600 -0.05344600 0.00280100
v -0.00641200 0.04229300 0.00174300
v -0.01041500 -0.04300900 0.00527100
v -0.00562600 0.03816200 0.00341900
v -0.00762600 -0.03257600 0.00724000
v -0.00423000 0.03403600 0.00496500
v -0.00421500 -0.02214600 0.00856100
v -0.00225500 0.02991500 0.00628600
v -0.00051100 -0.01172100 0.00915300
v 0.00009700 0.01951700 0.00763000
v 0.00313700 -0.00130200 0.00900900
v 0.00660600 -0.00130200 0.00870300
v 0.00640300 0.00911100 0.00819500
v 0.00313700 0.00911100 0.00848300
v 0.00313700 -0.10006300 -0.01099600
v 0.00739600 -0.09521200 -0.01061900
v 0.01137300 -0.08476900 -0.00952800
v 0.01473300 -0.07432700 -0.00774000
v 0.01720000 -0.06388600 -0.00541100
v 0.01858100 -0.05344600 -0.00274400
v 0.01878700 -0.04300900 0.00002900
v 0.01784000 -0.03257600 0.00266800
v 0.01587100 -0.02214600 0.00495500
v 0.01310600 -0.01172100 0.00670800
v 0.00983900 -0.00130200 0.00780600
v 0.00944700 0.00911100 0.00735100
v 0.01144300 0.01951700 0.00559400
v 0.01247700 0.02991500 0.00364200
v 0.01320100 0.03403600 0.00183600
v 0.01325700 0.03816200 0.00002900
v 0.01268700 0.04229300 -0.00168500
v 0.01155500 0.04642600 -0.00322700
v 0.00994000 0.05056200 -0.00452900
v 0.00793100 0.05469900 -0.00553400
v 0.00562700 0.05883600 -0.00619700
v 0.00313700 0.06297200 -0.00648400
v -0.00112200 -0.10006300 -0.01062000
v 0.00062200 0.06297200 -0.00626200
v -0.00508900 -0.09521200 -0.00951800
v -0.00167300 0.05883600 -0.00555300
v -0.00850900 -0.08476900 -0.00777400
v -0.00364200 0.05469900 -0.00451300
v -0.01106500 -0.07432700 -0.00546500
v -0.00519400 0.05056200 -0.00319400
v -0.01254800 -0.06388600 -0.00278700
v -0.00625200 0.04642600 -0.00165700
v -0.01285100 -0.05344600 0.00002900
v -0.00674900 0.04229300 0.00002900
v -0.01197900 -0.04300900 0.00274300
v -0.00663700 0.03816200 0.00178400
v -0.01004500 -0.03257600 0.00512800
v -0.00588500 0.03403600 0.00351900
v -0.00726000 -0.02214600 0.00699500
v -0.00448800 0.02991500 0.00513800
v -0.00391200 -0.01172100 0.00820900
v -0.00273600 0.01951700 0.00684400
v -0.00033200 -0.00130200 0.00870300
v -0.00012900 0.00911100 0.00819500
v 0.00313700 -0.09521200 -0.01099500
v 0.00740000 -0.08476900 -0.01063000
v 0.01133700 -0.07432700 -0.00948600
v 0.01461900 -0.06388600 -0.00766400
v 0.01698400 -0.05344600 -0.00532700
v 0.01825300 -0.04300900 -0.00268500
v 0.01835900 -0.03257600 0.00002900
v 0.01734000 -0.02214600 0.00257900
v 0.01534600 -0.01172100 0.00475200
v 0.01261500 -0.00130200 0.00637900
v 0.01206000 0.00911100 0.00600700
v 0.01330900 0.01951700 0.00396400
v 0.01355400 0.02991500 0.00189900
v 0.01355600 0.03403600 0.00002900
v 0.01291200 0.03816200 -0.00172600
v 0.01169900 0.04229300 -0.00328300
v 0.01001100 0.04642600 -0.00457600
v 0.00794800 0.05056200 -0.00555300
v 0.00561900 0.05469900 -0.00617600
v 0.00313700 0.05883600 -0.00641700
v -0.00112100 -0.09521200 -0.01061900
v 0.00064700 0.05883600 -0.00619700
v -0.00509800 -0.08476900 -0.00952800
v -0.00165600 0.05469900 -0.00553400
v -0.00845800 -0.07432700 -0.00774000
v -0.00366500 0.05056200 -0.00452900
v -0.01092500 -0.06388600 -0.00541100
v -0.00528100 0.04642600 -0.00322700
v -0.01230600 -0.05344600 -0.00274400
v -0.00641200 0.04229300 -0.00168500
v -0.01251200 -0.04300900 0.00002900
v -0.00698200 0.03816200 0.00002900
v -0.01156500 -0.03257600 0.00266800
v -0.00692600 0.03403600 0.00183600
v -0.00959700 -0.02214600 0.00495500
v -0.00620200 0.02991500 0.00364200
v -0.00683100 -0.01172100 0.00670800
v -0.00516800 0.01951700 0.00559400
v -0.00356400 -0.00130200 0.00780600
v -0.00317200 0.00911100 0.00735100
v 0.00313700 -0.08476900 -0.01100600
v 0.00738200 -0.07432700 -0.01058400
v 0.01125600 -0.06388600 -0.00939300
v 0.01444300 -0.05344600 -0.00754600
v 0.01669000 -0.04300900 -0.00521400
v 0.01784000 -0.03257600 -0.00261100
v 0.01784100 -0.02214600 0.00002900
v 0.01675500 -0.01172100 0.00247400
v 0.01474400 -0.00130200 0.00451900
v 0.01406500 0.00911100 0.00425600
v 0.01448300 0.01951700 0.00206600
v 0.01392100 0.02991500 0.00002900
v 0.01320100 0.03403600 -0.00177800
v 0.01190100 0.03816200 -0.00336100
v 0.01012800 0.04229300 -0.00465500
v 0.00799700 0.04642600 -0.00561100
v 0.00562700 0.05056200 -0.00619700
v 0.00313700 0.05469900 -0.00639400
v -0.00112600 -0.08476900 -0.01063000
v 0.00065600 0.05469900 -0.00617600
v -0.00506200 -0.07432700 -0.00948600
v -0.00167300 0.05056200 -0.00555300
v -0.00834500 -0.06388600 -0.00766400
v -0.00373600 0.04642600 -0.00457600
v -0.01070900 -0.05344600 -0.00532700
v -0.00542500 0.04229300 -0.00328300
v -0.01197900 -0.04300900 -0.00268500
v -0.00663700 0.03816200 -0.00172600
v -0.01208400 -0.03257600 0.00002900
v -0.00728100 0.03403600 0.00002900
v -0.01106600 -0.02214600 0.00257900
v -0.00727900 0.02991500 0.00189900
v -0.00907200 -0.01172100 0.00475200
v -0.00703500 0.01951700 0.00396400
v -0.00634000 -0.00130200 0.00637900
v -0.00578500 0.00911100 0.00600700
v 0.00313700 -0.07432700 -0.01095800
v 0.00734000 -0.06388600 -0.01048000
v 0.01113100 -0.05344600 -0.00924800
v 0.01420300 -0.04300900 -0.00738500
v 0.01631900 -0.03257600 -0.00507000
v 0.01734000 -0.02214600 -0.00252100
v 0.01723500 -0.01172100 0.00002900
v 0.01608300 -0.00130200 0.00235300
v 0.01532600 0.00911100 0.00221700
v 0.01488300 0.01951700 0.00002900
v 0.01355400 0.02991500 -0.00184100
v 0.01216000 0.03403600 -0.00346100
v 0.01029300 0.03816200 -0.00476500
v 0.00808100 0.04229300 -0.00570800
v 0.00565300 0.04642600 -0.00626200
v 0.00313700 0.05056200 -0.00641700
v -0.00110700 -0.07432700 -0.01058400
v 0.00064700 0.05056200 -0.00619700
v -0.00498200 -0.06388600 -0.00939300
v -0.00172300 0.04642600 -0.00561100
v -0.00816800 -0.05344600 -0.00754600
v -0.00385400 0.04229300 -0.00465500
v -0.01041500 -0.04300900 -0.00521400
v -0.00562600 0.03816200 -0.00336100
v -0.01156500 -0.03257600 -0.00261100
v -0.00692600 0.03403600 -0.00177800
v -0.01156700 -0.02214600 0.00002900
v -0.00764700 0.02991500 0.00002900
v -0.01048000 -0.01172100 0.00247400
v -0.00820800 0.01951700 0.00206600
v -0.00847000 -0.00130200 0.00451900
v -0.00779100 0.00911100 0.00425600
v 0.00313700 -0.06388600 -0.01085100
v 0.00727500 -0.05344600 -0.01031800
v 0.01096200 -0.04300900 -0.00905100
v 0.01390000 -0.03257600 -0.00718200
v 0.01587100 -0.02214600 -0.00489700
v 0.01675500 -0.01172100 -0.00241600
v 0.01654000 -0.00130200 0.00002900
v 0.01575600 0.00911100 0.00002900
v 0.01448300 0.01951700 -0.00200800
v 0.01247700 0.02991500 -0.00358400
v 0.01050400 0.03403600 -0.00490700
v 0.00819700 0.03816200 -0.00584300
v 0.00569600 0.04229300 -0.00636900
v 0.00313700 0.04642600 -0.00648400
v -0.00106500 -0.06388600 -0.01048000
v 0.00062200 0.04642600 -0.00626200
v -0.00485700 -0.05344600 -0.00924800
v -0.00180600 0.04229300 -0.00570800
v -0.00792800 -0.04300900 -0.00738500
v -0.00401800 0.03816200 -0.00476500
v -0.01004500 -0.03257600 -0.00507000
v -0.00588500 0.03403600 -0.00346100
v -0.01106600 -0.02214600 -0.00252100
v -0.00727900 0.02991500 -0.00184100
v -0.01096100 -0.01172100 0.00002900
v -0.00860800 0.01951700 0.00002900
v -0.00980900 -0.00130200 0.00235300
v -0.00905100 0.00911100 0.00221700
v 0.00313700 -0.05344600 -0.01068300
v 0.00718800 -0.04300900 -0.01009900
v 0.01074800 -0.03257600 -0.00880300
v 0.01353500 -0.02214600 -0.00693700
v 0.01534600 -0.01172100 -0.00469400
v 0.01608300 -0.00130200 -0.00229500
v 0.01532600 0.00911100 -0.00215900
v 0.01330900 0.01951700 -0.00390600
v 0.01076300 0.02991500 -0.00508000
v 0.00834700 0.03403600 -0.00601600
v 0.00575600 0.03816200 -0.00652000
v 0.00313700 0.04229300 -0.00659500
v -0.00100100 -0.05344600 -0.01031800
v 0.00057900 0.04229300 -0.00636900
v -0.00468700 -0.04300900 -0.00905100
v -0.00192200 0.03816200 -0.00584300
v -0.00762600 -0.03257600 -0.00718200
v -0.00423000 0.03403600 -0.00490700
v -0.00959700 -0.02214600 -0.00489700
v -0.00620200 0.02991500 -0.00358400
v -0.01048000 -0.01172100 -0.00241600
v -0.00820800 0.01951700 -0.00200800
v -0.01026500 -0.00130200 0.00002900
v -0.00948100 0.00911100 0.00002900
v 0.00313700 -0.04300900 -0.01045600
v 0.00707700 -0.03257600 -0.00982200
v 0.01048900 -0.02214600 -0.00850300
v 0.01310600 -0.01172100 -0.00665000
v 0.01474400 -0.00130200 -0.00446100
v 0.01406500 0.00911100 -0.00419800
v 0.01144300 0.01951700 -0.00553600
v 0.00852900 0.02991500 -0.00622800
v 0.00583400 0.03403600 -0.00671400
v 0.00313700 0.03816200 -0.00675100
v -0.00091300 -0.04300900 -0.01009900
v 0.00051800 0.03816200 -0.00652000
v -0.00447300 -0.03257600 -0.00880300
v -0.00207200 0.03403600 -0.00601600
v -0.00726000 -0.02214600 -0.00693700
v -0.00448800 0.02991500 -0.00508000
v -0.00907200 -0.01172100 -0.00469400
v -0.00703500 0.01951700 -0.00390600
v -0.00980900 -0.00130200 -0.00229500
v -0.00905100 0.00911100 -0.00215900
v 0.00313700 -0.03257600 -0.01016900
v 0.00694300 -0.02214600 -0.00948700
v 0.01018600 -0.01172100 -0.00815100
v 0.01261500 -0.00130200 -0.00632100
v 0.01206000 0.00911100 -0.00594900
v 0.00901000 0.01951700 -0.00678600
v 0.00592800 0.02991500 -0.00695000
v 0.00313700 0.03403600 -0.00695100
v -0.00080200 -0.03257600 -0.00982200
v 0.00044100 0.03403600 -0.00671400
v -0.00421500 -0.02214600 -0.00850300
v -0.00225500 0.02991500 -0.00622800
v -0.00683100 -0.01172100 -0.00665000
v -0.00516800 0.01951700 -0.00553600
v -0.00847000 -0.00130200 -0.00446100
v -0.00779100 0.00911100 -0.00419800
v 0.00313700 -0.02214600 -0.00982300
v 0.00678600 -0.01172100 -0.00909500
v 0.00983900 -0.00130200 -0.00774800
v 0.00944700 0.00911100 -0.00729300
v 0.00617700 0.01951700 -0.00757300
v 0.00313700 0.02991500 -0.00719600
v -0.00066800 -0.02214600 -0.00948700
v 0.00034600 0.02991500 -0.00695000
v -0.00391200 -0.01172100 -0.00815100
v -0.00273600 0.01951700 -0.00678600
v -0.00634000 -0.00130200 -0.00632100
v -0.00578500 0.00911100 -0.00594900
v 0.00313700 -0.01172100 -0.00941700
v 0.00660600 -0.00130200 -0.00864500
v 0.00640300 0.00911100 -0.00813800
v 0.00313700 0.01951700 -0.00784100
v -0.00051100 -0.01172100 -0.00909500
v 0.00009700 0.01951700 -0.00757300
v -0.00356400 -0.00130200 -0.00774800
v -0.00317200 0.00911100 -0.00729300
v 0.00313700 -0.00130200 -0.00895100
v 0.00313700 0.00911100 -0.00842600
v -0.00033200 -0.00130200 -0.00864500
v -0.00012900 0.00911100 -0.00813800
v 0.01735000 -0.15322200 0.00552700
v 0.01899000 -0.15218200 0.00287500
v 0.01735000 -0.15218200 0.00552700
v 0.01899000 -0.15322200 0.00287500
v 0.01954900 -0.15218200 0.00002900
v 0.01954900 -0.15322200 0.00002900
v 0.01474200 -0.15322200 0.00780400
v 0.01474200 -0.15218200 0.00780400
v 0.01899000 -0.15218200 -0.00281700
v 0.01899000 -0.15322200 -0.00281700
v 0.01134300 -0.15218200 0.00955200
v 0.01134300 -0.15322200 0.00955200
v 0.01735000 -0.15218200 -0.00546900
v 0.01735000 -0.15322200 -0.00546900
v 0.00738500 -0.15218200 0.01065000
v 0.00738500 -0.15322200 0.01065000
v 0.01474200 -0.15218200 -0.00774600
v 0.01474200 -0.15322200 -0.00774600
v 0.00313700 -0.15218200 0.01102500
v 0.00313700 -0.15322200 0.01102500
v 0.01134300 -0.15322200 -0.00949400
v 0.01134300 -0.15218200 -0.00949400
v -0.00111000 -0.15218200 0.01065000
v -0.00111000 -0.15322200 0.01065000
v 0.00738500 -0.15322200 -0.01059200
v 0.00738500 -0.15218200 -0.01059200
v -0.00506900 -0.15218200 0.00955200
v -0.00506900 -0.15322200 0.00955200
v 0.00313700 -0.15322200 -0.01096700
v 0.00313700 -0.15218200 -0.01096700
v -0.00846800 -0.15218200 0.00780400
v -0.00846800 -0.15322200 0.00780400
v -0.00111000 -0.15322200 -0.01059200
v -0.00111000 -0.15218200 -0.01059200
v -0.01107600 -0.15322200 0.00552700
v -0.01107600 -0.15218200 0.00552700
v -0.00506900 -0.15322200 -0.00949400
v -0.00506900 -0.15218200 -0.00949400
v -0.01271500 -0.15322200 0.00287500
v -0.01271500 -0.15218200 0.00287500
v -0.00846800 -0.15322200 -0.00774600
v -0.00846800 -0.15218200 -0.00774600
v -0.01327400 -0.15322200 0.00002900
v -0.01327400 -0.15218200 0.00002900
v -0.01107600 -0.15218200 -0.00546900
v -0.01107600 -0.15322200 -0.00546900
v -0.01271500 -0.15322200 -0.00281700
v -0.01271500 -0.15218200 -0.00281700
v 0.00101400 -0.15322200 0.00534000
v 0.00526100 -0.15322200 0.00534000
v 0.00313700 -0.15322200 0.00552700
v -0.00096600 -0.15322200 0.00479000
v 0.00724000 -0.15322200 0.00479000
v -0.00266500 -0.15322200 0.00391700
v 0.00894000 -0.15322200 0.00391700
v -0.00396900 -0.15322200 0.00277800
v 0.01024400 -0.15322200 0.00277800
v -0.00478900 -0.15322200 0.00145200
v 0.01106400 -0.15322200 0.00145200
v -0.00506900 -0.15322200 0.00002900
v 0.01134300 -0.15322200 0.00002900
v -0.00478900 -0.15322200 -0.00139400
v 0.01106400 -0.15322200 -0.00139400
v -0.00396900 -0.15322200 -0.00272000
v 0.01024400 -0.15322200 -0.00272000
v -0.00266500 -0.15322200 -0.00385900
v 0.00894000 -0.15322200 -0.00385900
v -0.00096600 -0.15322200 -0.00473200
v 0.00724000 -0.15322200 -0.00473200
v 0.00101400 -0.15322200 -0.00528200
v 0.00526100 -0.15322200 -0.00528200
v 0.00313700 -0.15322200 -0.00546900
v -0.00134400 -0.15218200 0.01123400
v 0.00761900 -0.15218200 0.01123400
v 0.00313700 -0.15218200 0.01163000
v -0.00552000 -0.15218200 0.01007600
v -0.00910600 -0.15218200 0.00823200
v -0.01185800 -0.15218200 0.00582900
v -0.01358700 -0.15218200 0.00303100
v -0.01417700 -0.15218200 0.00002900
v -0.01358700 -0.15218200 -0.00297400
v -0.01185800 -0.15218200 -0.00577100
v -0.00910600 -0.15218200 -0.00817400
v -0.00552000 -0.15218200 -0.01001800
v -0.00134400 -0.15218200 -0.01117700
v 0.01179500 -0.15218200 0.01007600
v 0.01538100 -0.15218200 0.00823200
v 0.01813200 -0.15218200 0.00582900
v 0.01986200 -0.15218200 0.00303100
v 0.02045200 -0.15218200 0.00002900
v 0.01986200 -0.15218200 -0.00297400
v 0.01813200 -0.15218200 -0.00577100
v 0.01538100 -0.15218200 -0.00817400
v 0.01179500 -0.15218200 -0.01001800
v 0.00761900 -0.15218200 -0.01117700
v 0.00313700 -0.15218200 -0.01157200
v -0.03421900 0.10479200 -0.00830600
v -0.03421900 0.10240500 -0.00859800
v -0.03223300 0.10466200 -0.00785500
v -0.03223300 0.10240500 -0.00813200
v -0.03421900 0.10001900 -0.00830600
v -0.03223300 0.10014800 -0.00785500
v -0.03618700 0.09986600 -0.00883400
v -0.03618700 0.09750100 -0.00792200
v -0.03421900 0.09779500 -0.00744900
v -0.03618700 0.10240500 -0.00914500
v -0.03618700 0.10494400 -0.00883400
v -0.03618700 0.10731000 -0.00792200
v -0.03421900 0.10701600 -0.00744900
v -0.03618700 0.10934200 -0.00647300
v -0.03421900 0.10892600 -0.00608600
v -0.03223300 0.10676600 -0.00704500
v -0.03022900 0.10455600 -0.00748400
v -0.03022900 0.10240500 -0.00774700
v -0.03022900 0.10025500 -0.00748400
v -0.03223300 0.09804500 -0.00704500
v -0.03618700 0.09546900 -0.00647300
v -0.03421900 0.09588500 -0.00608600
v -0.03813200 0.09499200 -0.00691600
v -0.03813200 0.09332600 -0.00489700
v -0.03618700 0.09391000 -0.00458300
v -0.03813200 0.09716300 -0.00846500
v -0.03813200 0.09969200 -0.00943900
v -0.03813200 0.10240500 -0.00977200
v -0.03813200 0.10511900 -0.00943900
v -0.03813200 0.10764700 -0.00846500
v -0.03813200 0.10981900 -0.00691600
v -0.03813200 0.11148500 -0.00489700
v -0.03618700 0.11090100 -0.00458300
v -0.03813200 0.11253200 -0.00254500
v -0.03618700 0.11188100 -0.00238300
v -0.03421900 0.11039200 -0.00431000
v -0.03223300 0.10857200 -0.00575600
v -0.03022900 0.10655900 -0.00671200
v -0.02618600 0.10441000 -0.00698000
v -0.02618600 0.10240500 -0.00722600
v -0.02415300 0.10437200 -0.00684800
v -0.02415300 0.10240500 -0.00708900
v -0.02821300 0.10447100 -0.00719200
v -0.02821300 0.10240500 -0.00744500
v -0.02415300 0.10620500 -0.00614200
v -0.02211500 0.10617600 -0.00609600
v -0.02211500 0.10435700 -0.00679700
v -0.02211500 0.10240500 -0.00703600
v -0.02415300 0.10043900 -0.00684800
v -0.02211500 0.10045300 -0.00679700
v -0.02415300 0.09860600 -0.00614200
v -0.02211500 0.09863400 -0.00609600
v -0.02618600 0.10040100 -0.00698000
v -0.02821300 0.10033900 -0.00719200
v -0.03022900 0.09825200 -0.00671200
v -0.03223300 0.09623900 -0.00575600
v -0.03421900 0.09441900 -0.00431000
v -0.03813200 0.09227900 -0.00254500
v -0.03618700 0.09293000 -0.00238300
v -0.03852600 0.09105400 -0.00002200
v -0.03813200 0.09192200 -0.00002200
v -0.03852600 0.09144100 -0.00275400
v -0.03852600 0.09257500 -0.00530000
v -0.03852600 0.09437900 -0.00748700
v -0.03852600 0.09673000 -0.00916400
v -0.03852600 0.09946700 -0.01021900
v -0.03852600 0.10240500 -0.01057900
v -0.03852600 0.10534300 -0.01021900
v -0.03852600 0.10808100 -0.00916400
v -0.03852600 0.11043200 -0.00748700
v -0.03852600 0.11223600 -0.00530000
v -0.03852600 0.11337000 -0.00275400
v -0.03813200 0.11288900 -0.00002200
v -0.03852600 0.11375700 -0.00002200
v -0.03813200 0.11253200 0.00250200
v -0.03852600 0.11337000 0.00271100
v -0.03618700 0.11221500 -0.00002200
v -0.03421900 0.11131300 -0.00224100
v -0.03223300 0.10995800 -0.00407700
v -0.02415300 0.10777900 -0.00501900
v -0.02211500 0.10773900 -0.00498100
v -0.03022900 0.10828000 -0.00548500
v -0.02618600 0.10627900 -0.00626000
v -0.02821300 0.10639700 -0.00645100
v -0.02007700 0.10776100 -0.00500300
v -0.02007700 0.10896500 -0.00354400
v -0.02211500 0.10893700 -0.00352900
v -0.02007700 0.10619300 -0.00612200
v -0.02007700 0.10436600 -0.00682600
v -0.02007700 0.10240500 -0.00706600
v -0.02007700 0.10044500 -0.00682600
v -0.02007700 0.09861800 -0.00612200
v -0.02211500 0.09707200 -0.00498100
v -0.02007700 0.09705000 -0.00500300
v -0.02007700 0.09584600 -0.00354400
v -0.02211500 0.09587400 -0.00352900
v -0.02415300 0.09703200 -0.00501900
v -0.02618600 0.09853200 -0.00626000
v -0.02821300 0.09841400 -0.00645100
v -0.03022900 0.09653100 -0.00548500
v -0.03223300 0.09485300 -0.00407700
v -0.03421900 0.09349800 -0.00224100
v -0.03618700 0.09259600 -0.00002200
v -0.03852600 0.09144100 0.00271100
v -0.03813200 0.09227900 0.00250200
v -0.05040700 0.09144100 0.00271100
v -0.03852600 0.09257500 0.00525700
v -0.05040700 0.09257500 0.00525700
v -0.05040700 0.09105400 -0.00002200
v -0.05040700 0.09144100 -0.00275400
v -0.05040700 0.09257500 -0.00530000
v -0.05040700 0.09437900 -0.00748700
v -0.05040700 0.09673000 -0.00916400
v -0.05040700 0.09946700 -0.01021900
v -0.05040700 0.10240500 -0.01057900
v -0.05040700 0.10534300 -0.01021900
v -0.05040700 0.10808100 -0.00916400
v -0.05040700 0.11043200 -0.00748700
v -0.05040700 0.11223600 -0.00530000
v -0.05040700 0.11337000 -0.00275400
v -0.05040700 0.11375700 -0.00002200
v -0.05040700 0.11337000 0.00271100
v -0.05040700 0.11223600 0.00525700
v -0.03852600 0.11223600 0.00525700
v -0.05040700 0.11043200 0.00744300
v -0.03852600 0.11043200 0.00744300
v -0.03813200 0.11148500 0.00485300
v -0.03618700 0.11188100 0.00234000
v -0.03421900 0.11162700 -0.00002200
v -0.02007700 0.10972200 -0.00184500
v -0.02211500 0.10969100 -0.00183700
v -0.03223300 0.11082900 -0.00212100
v -0.02415300 0.10898700 -0.00355500
v -0.03022900 0.10960000 -0.00388400
v -0.02618600 0.10788300 -0.00511600
v -0.02821300 0.10805000 -0.00527100
v -0.01804200 0.10983900 -0.00187400
v -0.01804200 0.11010200 -0.00002200
v -0.02007700 0.10998000 -0.00002200
v -0.01804200 0.10907000 -0.00360000
v -0.01804200 0.10784700 -0.00508300
v -0.01804200 0.10625300 -0.00622000
v -0.01804200 0.10439700 -0.00693500
v -0.01804200 0.10240500 -0.00717900
v -0.01804200 0.10041400 -0.00693500
v -0.01804200 0.09855700 -0.00622000
v -0.01804200 0.09696300 -0.00508300
v -0.01804200 0.09574000 -0.00360000
v -0.01804200 0.09497200 -0.00187400
v -0.02007700 0.09508900 -0.00184500
v -0.01804200 0.09470900 -0.00002200
v -0.02007700 0.09483100 -0.00002200
v -0.02211500 0.09512000 -0.00183700
v -0.02415300 0.09582400 -0.00355500
v -0.02618600 0.09692800 -0.00511600
v -0.02821300 0.09676100 -0.00527100
v -0.03022900 0.09521100 -0.00388400
v -0.03223300 0.09398200 -0.00212100
v -0.03421900 0.09318400 -0.00002200
v -0.03618700 0.09293000 0.00234000
v -0.03813200 0.09332600 0.00485300
v -0.03852600 0.09437900 0.00744300
v -0.05040700 0.09437900 0.00744300
v -0.05117500 0.10764700 0.00842200
v -0.05117500 0.10981900 0.00687300
v -0.05040700 0.10808100 0.00912100
v -0.05117500 0.09499200 0.00687300
v -0.05040700 0.09673000 0.00912100
v -0.05117500 0.09716300 0.00842200
v -0.05117500 0.09332600 0.00485300
v -0.05117500 0.09227900 0.00250200
v -0.05117500 0.09192200 -0.00002200
v -0.05117500 0.09227900 -0.00254500
v -0.05117500 0.09332600 -0.00489700
v -0.05117500 0.09499200 -0.00691600
v -0.05117500 0.09716300 -0.00846500
v -0.05117500 0.09969200 -0.00943900
v -0.05117500 0.10240500 -0.00977200
v -0.05117500 0.10511900 -0.00943900
v -0.05117500 0.10764700 -0.00846500
v -0.05117500 0.10981900 -0.00691600
v -0.05117500 0.11148500 -0.00489700
v -0.05117500 0.11253200 -0.00254500
v -0.05117500 0.11288900 -0.00002200
v -0.05117500 0.11253200 0.00250200
v -0.05117500 0.11148500 0.00485300
v -0.05117500 0.10511900 0.00939600
v -0.05040700 0.10534300 0.01017600
v -0.03852600 0.10808100 0.00912100
v -0.03813200 0.10981900 0.00687300
v -0.03618700 0.11090100 0.00454000
v -0.02007700 0.10972200 0.00180200
v -0.01804200 0.10983900 0.00183100
v -0.03421900 0.11131300 0.00219800
v -0.02211500 0.10994800 -0.00002200
v -0.03223300 0.11112600 -0.00002200
v -0.02415300 0.10974600 -0.00185100
v -0.03022900 0.11043000 -0.00202100
v -0.02618600 0.10911400 -0.00362400
v -0.02821300 0.10931800 -0.00373300
v -0.01601200 0.11004300 0.00188200
v -0.01804200 0.10907000 0.00355700
v -0.01601200 0.10925300 0.00365500
v -0.01601200 0.11031300 -0.00002200
v -0.01601200 0.11004300 -0.00192500
v -0.01601200 0.10925300 -0.00369800
v -0.01601200 0.10799700 -0.00522100
v -0.01601200 0.10635900 -0.00639000
v -0.01601200 0.10445200 -0.00712500
v -0.01601200 0.10240500 -0.00737500
v -0.01601200 0.10035900 -0.00712500
v -0.01601200 0.09845200 -0.00639000
v -0.01601200 0.09681400 -0.00522100
v -0.01601200 0.09555800 -0.00369800
v -0.01601200 0.09476800 -0.00192500
v -0.01601200 0.09449800 -0.00002200
v -0.01601200 0.09476800 0.00188200
v -0.01804200 0.09497200 0.00183100
v -0.01804200 0.09574000 0.00355700
v -0.01601200 0.09555800 0.00365500
v -0.02007700 0.09508900 0.00180200
v -0.02211500 0.09486300 -0.00002200
v -0.02415300 0.09506500 -0.00185100
v -0.02618600 0.09569700 -0.00362400
v -0.02821300 0.09549200 -0.00373300
v -0.03022900 0.09438100 -0.00202100
v -0.03223300 0.09368500 -0.00002200
v -0.03421900 0.09349800 0.00219800
v -0.03618700 0.09391000 0.00454000
v -0.03813200 0.09499200 0.00687300
v -0.03852600 0.09673000 0.00912100
v -0.05040700 0.09946700 0.01017600
v -0.05117500 0.09969200 0.00939600
v -0.05117500 0.09716300 -0.00002200
v -0.05117500 0.09734200 0.00124000
v -0.05117500 0.09786600 0.00241600
v -0.05117500 0.09869900 0.00342600
v -0.05117500 0.09978400 0.00420000
v -0.05117500 0.10240500 0.00972800
v -0.05117500 0.10104900 0.00468700
v -0.05117500 0.10240500 0.00485300
v -0.05117500 0.10376200 0.00468700
v -0.05117500 0.10502600 0.00420000
v -0.05117500 0.10611200 0.00342600
v -0.05117500 0.10694500 0.00241600
v -0.05117500 0.10746900 0.00124000
v -0.05117500 0.10764700 -0.00002200
v -0.05117500 0.09734200 -0.00128300
v -0.05117500 0.09786600 -0.00245900
v -0.05117500 0.09869900 -0.00346900
v -0.05117500 0.09978400 -0.00424300
v -0.05117500 0.10104900 -0.00473000
v -0.05117500 0.10240500 -0.00489700
v -0.05117500 0.10376200 -0.00473000
v -0.05117500 0.10502600 -0.00424300
v -0.05117500 0.10611200 -0.00346900
v -0.05117500 0.10694500 -0.00245900
v -0.05117500 0.10746900 -0.00128300
v -0.05040700 0.10240500 0.01053500
v -0.03852600 0.10534300 0.01017600
v -0.03813200 0.10764700 0.00842200
v -0.01804200 0.10784700 0.00503900
v -0.01601200 0.10799700 0.00517800
v -0.03618700 0.10934200 0.00642900
v -0.02007700 0.10896500 0.00350100
v -0.03421900 0.11039200 0.00426700
v -0.02211500 0.10969100 0.00179400
v -0.03223300 0.11082900 0.00207700
v -0.02415300 0.11000500 -0.00002200
v -0.03022900 0.11071300 -0.00002200
v -0.02618600 0.10988800 -0.00188600
v -0.02821300 0.11011600 -0.00194300
v -0.01399000 0.11033300 0.00195400
v -0.01399000 0.10951300 0.00379500
v -0.01399000 0.11061300 -0.00002200
v -0.01399000 0.11033300 -0.00199700
v -0.01399000 0.10951300 -0.00383800
v -0.01399000 0.10820900 -0.00541900
v -0.01399000 0.10650900 -0.00663200
v -0.01399000 0.10453000 -0.00739400
v -0.01399000 0.10240500 -0.00765400
v -0.01399000 0.10028100 -0.00739400
v -0.01399000 0.09830200 -0.00663200
v -0.01399000 0.09660200 -0.00541900
v -0.01399000 0.09529800 -0.00383800
v -0.01399000 0.09447800 -0.00199700
v -0.01399000 0.09419800 -0.00002200
v -0.01399000 0.09447800 0.00195400
v -0.01399000 0.09529800 0.00379500
v -0.01601200 0.09681400 0.00517800
v -0.01399000 0.09660200 0.00537600
v -0.01601200 0.10635900 0.00634700
v -0.01399000 0.10650900 0.00658900
v -0.01399000 0.10820900 0.00537600
v -0.01601200 0.09845200 0.00634700
v -0.01399000 0.09830200 0.00658900
v -0.01804200 0.09696300 0.00503900
v -0.02007700 0.09584600 0.00350100
v -0.02211500 0.09512000 0.00179400
v -0.02415300 0.09480600 -0.00002200
v -0.02618600 0.09492300 -0.00188600
v -0.02821300 0.09469500 -0.00194300
v -0.03022900 0.09409800 -0.00002200
v -0.03223300 0.09398200 0.00207700
v -0.03421900 0.09441900 0.00426700
v -0.03618700 0.09546900 0.00642900
v -0.03813200 0.09716300 0.00842200
v -0.03852600 0.09946700 0.01017600
v -0.03852600 0.10240500 0.01053500
v -0.01601200 0.10445200 0.00708200
v -0.01399000 0.10453000 0.00735100
v -0.03813200 0.10511900 0.00939600
v -0.01804200 0.10625300 0.00617700
v -0.03618700 0.10731000 0.00787900
v -0.02007700 0.10776100 0.00495900
v -0.03421900 0.10892600 0.00604300
v -0.02211500 0.10893700 0.00348600
v -0.03223300 0.10995800 0.00403400
v -0.02415300 0.10974600 0.00180800
v -0.03022900 0.11043000 0.00197800
v -0.02618600 0.11015200 -0.00002200
v -0.02821300 0.11038800 -0.00002200
v -0.01399000 0.10028100 0.00735100
v -0.01399000 0.10240500 0.00761100
v -0.01601200 0.10035900 0.00708200
v -0.01804200 0.09855700 0.00617700
v -0.02007700 0.09705000 0.00495900
v -0.02211500 0.09587400 0.00348600
v -0.02415300 0.09506500 0.00180800
v -0.02618600 0.09465900 -0.00002200
v -0.02821300 0.09442300 -0.00002200
v -0.03022900 0.09438100 0.00197800
v -0.03223300 0.09485300 0.00403400
v -0.03421900 0.09588500 0.00604300
v -0.03618700 0.09750100 0.00787900
v -0.03813200 0.09969200 0.00939600
v -0.01601200 0.10240500 0.00733200
v -0.03813200 0.10240500 0.00972800
v -0.01804200 0.10439700 0.00689200
v -0.03618700 0.10494400 0.00879100
v -0.02007700 0.10619300 0.00607900
v -0.03421900 0.10701600 0.00740600
v -0.02211500 0.10773900 0.00493800
v -0.03223300 0.10857200 0.00571300
v -0.02415300 0.10898700 0.00351200
v -0.03022900 0.10960000 0.00384100
v -0.02618600 0.10988800 0.00184300
v -0.02821300 0.11011600 0.00190000
v -0.01804200 0.10041400 0.00689200
v -0.02007700 0.09861800 0.00607900
v -0.02211500 0.09707200 0.00493800
v -0.02415300 0.09582400 0.00351200
v -0.02618600 0.09492300 0.00184300
v -0.02821300 0.09469500 0.00190000
v -0.03022900 0.09521100 0.00384100
v -0.03223300 0.09623900 0.00571300
v -0.03421900 0.09779500 0.00740600
v -0.03618700 0.09986600 0.00879100
v -0.01804200 0.10240500 0.00713600
v -0.03618700 0.10240500 0.00910200
v -0.02007700 0.10436600 0.00678300
v -0.03421900 0.10479200 0.00826200
v -0.02211500 0.10617600 0.00605300
v -0.03223300 0.10676600 0.00700200
v -0.02415300 0.10777900 0.00497600
v -0.03022900 0.10828000 0.00544100
v -0.02618600 0.10911400 0.00358000
v -0.02821300 0.10931800 0.00369000
v -0.02007700 0.10044500 0.00678300
v -0.02211500 0.09863400 0.00605300
v -0.02415300 0.09703200 0.00497600
v -0.02618600 0.09569700 0.00358000
v -0.02821300 0.09549200 0.00369000
v -0.03022900 0.09653100 0.00544100
v -0.03223300 0.09804500 0.00700200
v -0.03421900 0.10001900 0.00826200
v -0.02007700 0.10240500 0.00702300
v -0.03421900 0.10240500 0.00855500
v -0.02211500 0.10435700 0.00675400
v -0.03223300 0.10466200 0.00781200
v -0.02415300 0.10620500 0.00609900
v -0.03022900 0.10655900 0.00666900
v -0.02618600 0.10788300 0.00507200
v -0.02821300 0.10805000 0.00522800
v -0.02211500 0.10045300 0.00675400
v -0.02415300 0.09860600 0.00609900
v -0.02618600 0.09692800 0.00507200
v -0.02821300 0.09676100 0.00522800
v -0.03022900 0.09825200 0.00666900
v -0.03223300 0.10014800 0.00781200
v -0.02211500 0.10240500 0.00699300
v -0.03223300 0.10240500 0.00808900
v -0.02415300 0.10437200 0.00680500
v -0.03022900 0.10455600 0.00744100
v -0.02618600 0.10627900 0.00621700
v -0.02821300 0.10639700 0.00640700
v -0.02415300 0.10043900 0.00680500
v -0.02618600 0.09853200 0.00621700
v -0.02821300 0.09841400 0.00640700
v -0.03022900 0.10025500 0.00744100
v -0.02415300 0.10240500 0.00704600
v -0.03022900 0.10240500 0.00770400
v -0.02618600 0.10441000 0.00693700
v -0.02821300 0.10447100 0.00714900
v -0.02618600 0.10040100 0.00693700
v -0.02821300 0.10033900 0.00714900
v -0.02618600 0.10240500 0.00718200
v -0.02821300 0.10240500 0.00740200
v -0.01393000 0.09374100 0.00767100
v -0.01393000 0.09374100 -0.00761400
v -0.01393000 0.11002000 0.00767100
v -0.01393000 0.10991900 -0.00761400
v -0.01393000 0.11070100 -0.00761400
v -0.01393000 0.11070100 0.00767100
v -0.01316200 0.09268600 0.00767100
v -0.01316200 0.09268600 -0.00761400
v -0.01243800 0.09160100 0.00767100
v -0.01243800 0.09160100 -0.00761400
v -0.01176000 0.09048600 0.00767100
v -0.01176000 0.09048600 -0.00761400
v -0.01112700 0.08934500 0.00767100
v -0.01112700 0.08934500 -0.00761400
v -0.01054200 0.08817800 0.00767100
v -0.01054200 0.08817800 -0.00761400
v -0.01000600 0.08698900 0.00767100
v -0.01000600 0.08698900 -0.00761400
v -0.00951800 0.08577800 0.00767100
v -0.00951800 0.08577800 -0.00761400
v -0.00908100 0.08454900 0.00767100
v -0.00908100 0.08454900 -0.00761400
v -0.00869500 0.08330300 0.00767100
v -0.00869500 0.08330300 -0.00761400
v -0.00836000 0.08204100 0.00767100
v -0.00836000 0.08204100 -0.00761400
v -0.00807800 0.08076800 0.00767100
v -0.00807800 0.08076800 -0.00761400
v -0.00784800 0.07948300 0.00767100
v -0.00784800 0.07948300 -0.00761400
v 0.01418200 0.07948300 -0.00761400
v 0.01418200 0.07948300 0.00767100
v 0.01421400 0.08070400 -0.00761400
v 0.01421400 0.08070400 0.00767100
v 0.01428600 0.08192400 -0.00761400
v 0.01428600 0.08192400 0.00767100
v 0.01439800 0.08314000 -0.00761400
v 0.01439800 0.08314000 0.00767100
v 0.01455000 0.08435200 -0.00761400
v 0.01455000 0.08435200 0.00767100
v 0.01474100 0.08555900 -0.00761400
v 0.01474100 0.08555900 0.00767100
v 0.01497100 0.08675800 -0.00761400
v 0.01497100 0.08675800 0.00767100
v 0.01524000 0.08795000 -0.00761400
v 0.01524000 0.08795000 0.00767100
v 0.01554800 0.08913200 -0.00761400
v 0.01554800 0.08913200 0.00767100
v 0.01589400 0.09030300 -0.00761400
v 0.01589400 0.09030300 0.00767100
v 0.01627900 0.09146300 -0.00761400
v 0.01627900 0.09146300 0.00767100
v 0.01670000 0.09260900 -0.00761400
v 0.01670000 0.09260900 0.00767100
v 0.01606500 0.09285500 0.00835200
v 0.01660000 0.09417400 0.00835200
v 0.01715900 0.09374100 0.00767100
v 0.01563600 0.09168700 0.00835200
v 0.01524400 0.09050700 0.00835200
v 0.01489200 0.08931400 0.00835200
v 0.01457800 0.08811100 0.00835200
v 0.01430400 0.08689700 0.00835200
v 0.01407000 0.08567600 0.00835200
v 0.01387500 0.08444800 0.00835200
v 0.01372100 0.08321400 0.00835200
v 0.01360700 0.08197500 0.00835200
v 0.01353400 0.08073300 0.00835200
v 0.01351800 0.08016400 0.00835200
v -0.00727800 0.08016400 0.00835200
v -0.00741000 0.08090100 0.00835200
v -0.00769800 0.08220300 0.00835200
v -0.00804000 0.08349100 0.00835200
v -0.00843500 0.08476400 0.00835200
v -0.00888100 0.08602000 0.00835200
v -0.00937900 0.08725600 0.00835200
v -0.00992700 0.08847100 0.00835200
v -0.01052500 0.08966300 0.00835200
v -0.01117100 0.09082800 0.00835200
v -0.01186400 0.09196700 0.00835200
v -0.01260300 0.09307600 0.00835200
v -0.01324900 0.09396300 0.00835200
v -0.01324900 0.11002000 0.00835200
v 0.01715900 0.11070100 0.00767100
v 0.01705800 0.11002000 0.00835200
v 0.02098700 0.10882100 0.00835200
v 0.02120900 0.10946500 0.00767100
v 0.01715900 0.11070100 -0.00761400
v -0.01314800 0.10991900 -0.00839600
v 0.01704300 0.10991900 -0.00839600
v -0.01314800 0.09399600 -0.00839600
v -0.01252000 0.09313300 -0.00839600
v -0.01177900 0.09202100 -0.00839600
v -0.01108300 0.09087900 -0.00839600
v -0.01043500 0.08971000 -0.00839600
v -0.00983600 0.08851500 -0.00839600
v -0.00928600 0.08729600 -0.00839600
v -0.00878700 0.08605600 -0.00839600
v -0.00833900 0.08479600 -0.00839600
v -0.00794300 0.08351900 -0.00839600
v -0.00760000 0.08222700 -0.00839600
v -0.00731100 0.08092100 -0.00839600
v -0.00719300 0.08026500 -0.00839600
v 0.01342000 0.08026500 -0.00839600
v 0.01343300 0.08073800 -0.00839600
v 0.01350600 0.08198300 -0.00839600
v 0.01362100 0.08322400 -0.00839600
v 0.01377500 0.08446200 -0.00839600
v 0.01397000 0.08569300 -0.00839600
v 0.01420500 0.08691800 -0.00839600
v 0.01448000 0.08813400 -0.00839600
v 0.01479500 0.08934100 -0.00839600
v 0.01514800 0.09053700 -0.00839600
v 0.01554000 0.09172100 -0.00839600
v 0.01597100 0.09289100 -0.00839600
v 0.01651700 0.09423800 -0.00839600
v 0.01715900 0.09374100 -0.00761400
v 0.02095400 0.10872500 -0.00839600
v 0.02120900 0.10946500 -0.00761400
v 0.03228700 0.10341800 -0.00839600
v 0.03578300 0.10113000 -0.00839600
v 0.03269200 0.10408700 -0.00761400
v 0.03623500 0.10176900 -0.00761400
v 0.03910900 0.09860000 -0.00839600
v 0.03960400 0.09920600 -0.00761400
v 0.04224700 0.09584200 -0.00839600
v 0.04278400 0.09641100 -0.00761400
v 0.04518300 0.09286800 -0.00839600
v 0.04575900 0.09339800 -0.00761400
v 0.04790000 0.08969400 -0.00839600
v 0.04851200 0.09018200 -0.00761400
v 0.05038700 0.08633600 -0.00839600
v 0.05103200 0.08677900 -0.00761400
v 0.05263000 0.08281100 -0.00839600
v 0.05330400 0.08320700 -0.00761400
v 0.05265800 0.08275800 -0.00839600
v 0.05315900 0.08214100 -0.00824800
v 0.05531800 0.07948300 -0.00761400
v 0.05276200 0.08164500 -0.00761400
v 0.05009400 0.08366800 -0.00761400
v 0.05055000 0.08430400 -0.00839600
v 0.05276800 0.08262200 -0.00839600
v 0.05325100 0.08225600 -0.00839600
v 0.04732200 0.08554500 -0.00761400
v 0.04774300 0.08620400 -0.00839600
v 0.04445400 0.08727100 -0.00761400
v 0.04483900 0.08795200 -0.00839600
v 0.04149700 0.08884200 -0.00761400
v 0.04184500 0.08954300 -0.00839600
v 0.03846100 0.09025300 -0.00761400
v 0.03877100 0.09097100 -0.00839600
v 0.03535300 0.09149900 -0.00761400
v 0.03562500 0.09223300 -0.00839600
v 0.03218400 0.09257800 -0.00761400
v 0.03241600 0.09332500 -0.00839600
v 0.02896100 0.09348600 -0.00761400
v 0.02915300 0.09424400 -0.00839600
v 0.02569500 0.09422000 -0.00761400
v 0.02584600 0.09498700 -0.00839600
v 0.01884900 0.09597300 -0.00839600
v 0.01906800 0.09516000 -0.00761400
v 0.01887800 0.09586800 0.00835200
v 0.01906800 0.09516000 0.00767100
v 0.02239400 0.09477900 -0.00761400
v 0.02250400 0.09555300 -0.00839600
v 0.02249000 0.09545300 0.00835200
v 0.02489300 0.10731800 0.00835200
v 0.02582600 0.09488800 0.00835200
v 0.02868400 0.10554300 0.00835200
v 0.02912800 0.09414600 0.00835200
v 0.03233900 0.10350400 0.00835200
v 0.03238600 0.09322800 0.00835200
v 0.03584200 0.10121200 0.00835200
v 0.03559000 0.09213800 0.00835200
v 0.03873100 0.09087800 0.00835200
v 0.03917300 0.09867800 0.00835200
v 0.04180000 0.08945200 0.00835200
v 0.04231600 0.09591500 0.00835200
v 0.04478900 0.08786400 0.00835200
v 0.04525700 0.09293600 0.00835200
v 0.04768900 0.08611900 0.00835200
v 0.04797900 0.08975700 0.00835200
v 0.05049100 0.08422200 0.00835200
v 0.05047000 0.08639300 0.00835200
v 0.05271700 0.08286200 0.00835200
v 0.05300200 0.08233500 0.00835200
v 0.05303700 0.08229200 0.00835200
v 0.02516000 0.10794500 0.00767100
v 0.02485400 0.10722500 -0.00839600
v 0.02863800 0.10545300 -0.00839600
v 0.02516000 0.10794500 -0.00761400
v 0.02899400 0.10615000 -0.00761400
v 0.03269200 0.10408700 -0.00055000
v 0.03623500 0.10176900 -0.00073000
v 0.03960400 0.09920600 -0.00090000
v 0.04278400 0.09641100 -0.00106100
v 0.04575900 0.09339800 -0.00121200
v 0.04851200 0.09018200 -0.00135200
v 0.05103200 0.08677900 -0.00147900
v 0.05330400 0.08320700 -0.00159400
v 0.05531800 0.07948300 -0.00169600
v 0.05276200 0.08164500 -0.00156700
v 0.05009400 0.08366800 -0.00143200
v 0.04732200 0.08554500 -0.00129100
v 0.04445400 0.08727100 -0.00114600
v 0.04149700 0.08884200 -0.00099600
v 0.03846100 0.09025300 -0.00084200
v 0.03535300 0.09149900 -0.00068500
v 0.03218400 0.09257800 -0.00052400
v 0.02896100 0.09348600 -0.00036100
v 0.02569500 0.09422000 -0.00019600
v 0.02239400 0.09477900 0.00767100
v 0.02239400 0.09477900 -0.00002800
v 0.02569500 0.09422000 0.00767100
v 0.02896100 0.09348600 0.00767100
v 0.03218400 0.09257800 0.00767100
v 0.03535300 0.09149900 0.00767100
v 0.03846100 0.09025300 0.00767100
v 0.04149700 0.08884200 0.00767100
v 0.04445400 0.08727100 0.00767100
v 0.04732200 0.08554500 0.00767100
v 0.05009400 0.08366800 0.00767100
v 0.05276200 0.08164500 0.00767100
v 0.05315900 0.08214100 0.00830600
v 0.05318800 0.08217700 0.00835200
v 0.05531800 0.07948300 0.00767100
v 0.05330400 0.08320700 0.00767100
v 0.05103200 0.08677900 0.00767100
v 0.04851200 0.09018200 0.00767100
v 0.04575900 0.09339800 0.00767100
v 0.04278400 0.09641100 0.00767100
v 0.03960400 0.09920600 0.00767100
v 0.03623500 0.10176900 0.00767100
v 0.03269200 0.10408700 0.00767100
v 0.02899400 0.10615000 0.00767100
v 0.02899400 0.10615000 -0.00036300
v 0.02659300 0.10727400 -0.00024100
v 0.02659300 0.10727400 0.00019800
v 0.02226000 0.09479400 -0.00002200
v 0.02239400 0.09477900 -0.00001500
v 0.02569500 0.09422000 0.00015200
v 0.02896100 0.09348600 0.00031800
v 0.03218400 0.09257800 0.00048100
v 0.03535300 0.09149900 0.00064200
v 0.03846100 0.09025300 0.00079900
v 0.04149700 0.08884200 0.00095300
v 0.04445400 0.08727100 0.00110300
v 0.04732200 0.08554500 0.00124800
v 0.05009400 0.08366800 0.00138900
v 0.05276200 0.08164500 0.00152400
v 0.05531800 0.07948300 0.00165300
v 0.05330400 0.08320700 0.00155100
v 0.05103200 0.08677900 0.00143600
v 0.04851200 0.09018200 0.00130800
v 0.04575900 0.09339800 0.00116900
v 0.04278400 0.09641100 0.00101800
v 0.03960400 0.09920600 0.00085700
v 0.03623500 0.10176900 0.00068600
v 0.03269200 0.10408700 0.00050700
v 0.02899400 0.10615000 0.00032000
vn -0.00001810 0.08999241 0.99594245
vn 0.17736081 -0.21417529 0.96055822
vn 0.17753309 0.09196081 0.97980876
vn -0.00001795 -0.21120104 0.97744264
vn 0.36233277 0.09751678 0.92693335
vn 0.36085933 -0.22311480 0.90553869
vn -0.17758952 0.09184269 0.97980962
vn -0.17732123 -0.21428528 0.96054099
vn -0.00000668 0.08188197 0.99664203
vn 0.17769549 0.08345804 0.98054019
vn 0.55827454 0.10600657 0.82285609
vn 0.55284575 -0.23757488 0.79869879
vn 0.36265046 0.08822223 0.92773999
vn -0.36234621 0.09750872 0.92692895
vn -0.36083682 -0.22309841 0.90555170
vn -0.17769785 0.08346596 0.98053909
vn -0.00001113 0.07323894 0.99731442
vn 0.17782775 0.07463849 0.98122698
vn 0.75713167 0.11823974 0.64247257
vn 0.74415383 -0.25297714 0.61825371
vn 0.55885230 0.09622881 0.82366506
vn 0.36291792 0.07895865 0.92846977
vn -0.55818382 0.10638137 0.82286926
vn -0.55293614 -0.23726180 0.79872928
vn -0.36265680 0.08822941 0.92773682
vn -0.17782678 0.07463519 0.98122741
vn -0.00000945 0.06461057 0.99791055
vn 0.17791652 0.06588013 0.98183783
vn 0.92295383 0.12968258 0.36240674
vn 0.90008392 -0.26530056 0.34563645
vn 0.75818273 0.10689804 0.64321984
vn 0.55931505 0.08620554 0.82446060
vn 0.36318526 0.06963246 0.92911129
vn -0.74418911 -0.25295566 0.61822003
vn -0.75715539 0.11825876 0.64244111
vn -0.55884874 0.09624430 0.82366566
vn -0.36292440 0.07893438 0.92846930
vn -0.17791645 0.06586209 0.98183905
vn 0.00000489 0.05607657 0.99842647
vn 0.17803788 0.05711895 0.98236446
vn 0.99092260 0.13443362 -0.00002777
vn 0.96284411 -0.27005780 -0.00002295
vn 0.92440529 0.11722923 0.36294925
vn 0.75906315 0.09567954 0.64394764
vn 0.55983294 0.07603383 0.82510965
vn 0.36339161 0.06045278 0.92967306
vn -0.90010190 -0.26528266 0.34560336
vn -0.92296707 0.12960628 0.36240034
vn -0.75811931 0.10687938 0.64329769
vn -0.55932058 0.08620010 0.82445742
vn -0.36324236 0.06959681 0.92909164
vn -0.17802348 0.05712594 0.98236667
vn -0.00000168 0.04748127 0.99887213
vn 0.17807632 0.04836836 0.98282721
vn 0.92296840 0.12967513 -0.36237232
vn 0.90011336 -0.26525906 -0.34559161
vn 0.99256344 0.12172844 -0.00000920
vn 0.92571567 0.10490127 0.36338166
vn 0.75978301 0.08452616 0.64465890
vn 0.56019914 0.06600538 0.82572406
vn 0.36366625 0.05113957 0.93012451
vn -0.96284542 -0.27005313 0.00002757
vn -0.99092672 0.13440323 0.00000106
vn -0.92442217 0.11715681 0.36292965
vn -0.75899068 0.09570726 0.64402894
vn -0.55986366 0.07601546 0.82509050
vn -0.36342186 0.06046128 0.92966068
vn -0.17806345 0.04838387 0.98282878
vn -0.00000433 0.03889716 0.99924322
vn 0.17815131 0.03966969 0.98320315
vn 0.75715539 0.11825876 -0.64244111
vn 0.74416060 -0.25297405 -0.61824683
vn 0.92441450 0.11722038 -0.36292866
vn 0.99404139 0.10900326 0.00002717
vn 0.92686491 0.09267251 0.36377636
vn 0.76053900 0.07326653 0.64514529
vn 0.56054721 0.05592389 0.82623201
vn 0.36374256 0.04196463 0.93055377
vn -0.90009939 -0.26526475 -0.34562363
vn -0.92296982 0.12962084 -0.36238811
vn -0.99256750 0.12169538 -0.00002126
vn -0.92571297 0.10497185 0.36336814
vn -0.75977778 0.08449817 0.64466874
vn -0.56026456 0.06604699 0.82567634
vn -0.36367899 0.05112683 0.93012023
vn -0.17813483 0.03964736 0.98320703
vn -0.00000126 0.03032942 0.99953996
vn 0.17823589 0.03090068 0.98350247
vn -0.00000445 0.66608224 0.74587831
vn 0.17798870 -0.05494630 0.98249729
vn 0.13372656 0.66490603 0.73485861
vn -0.00001332 -0.05388654 0.99854706
vn 0.55823469 0.10602198 -0.82288114
vn 0.55280678 -0.23760240 -0.79871757
vn 0.75817573 0.10690853 -0.64322634
vn 0.92570019 0.10490108 -0.36342115
vn 0.99535248 0.09629873 0.00003971
vn 0.92788120 0.08043666 0.36409672
vn 0.76104835 0.06217379 0.64570878
vn 0.56092023 0.04572006 0.82660642
vn 0.36387180 0.03271954 0.93087418
vn 0.36344432 -0.05809453 0.92980280
vn 0.27417320 0.66135877 0.69816448
vn -0.74418618 -0.25293258 -0.61823300
vn -0.75714018 0.11823901 -0.64246267
vn -0.92443379 0.11716290 -0.36289808
vn -0.99403814 0.10903288 -0.00000141
vn -0.92685353 0.09272089 0.36379304
vn -0.76050386 0.07331555 0.64518114
vn -0.56058990 0.05579505 0.82621176
vn -0.36372511 0.04197798 0.93055999
vn -0.17824994 0.03090861 0.98349968
vn -0.17799700 -0.05495346 0.98249539
vn -0.13373925 0.66488989 0.73487090
vn -0.00000622 0.02166368 0.99976531
vn 0.17826733 0.02211074 0.98373364
vn 0.17807629 -0.04397589 0.98303355
vn -0.00000301 -0.04312052 0.99906988
vn 0.36085933 -0.22311480 -0.90553869
vn 0.36233277 0.09751678 -0.92693335
vn 0.55884874 0.09624430 -0.82366566
vn 0.75906682 0.09571197 -0.64393849
vn 0.92685067 0.09263535 -0.36382210
vn 0.99650129 0.08357733 0.00001163
vn 0.92871552 0.06814779 0.36447683
vn 0.76155287 0.05090120 0.64610084
vn 0.56109146 0.03571127 0.82698312
vn 0.36399526 0.02339984 0.93110681
vn 0.36365708 -0.04652587 0.93037029
vn 0.56027133 -0.06350051 0.82587149
vn 0.42562331 0.65496186 0.62439552
vn -0.55294002 -0.23725906 -0.79872741
vn -0.55819394 0.10638881 -0.82286144
vn -0.75810807 0.10689294 -0.64330868
vn -0.92571159 0.10496522 -0.36337356
vn -0.99535545 0.09626803 0.00002238
vn -0.92784448 0.08036750 0.36420555
vn -0.76099454 0.06202690 0.64578632
vn -0.56091245 0.04577256 0.82660879
vn -0.36390152 0.03272289 0.93086245
vn -0.36336310 -0.05815487 0.92983077
vn -0.27421205 0.66133260 0.69817400
vn -0.17829375 0.02210786 0.98372892
vn -0.17813588 -0.04396944 0.98302304
vn -0.00001645 0.01310101 0.99991418
vn 0.17833450 0.01334290 0.98387945
vn 0.17830100 -0.03293963 0.98342449
vn -0.00001717 -0.03232977 0.99947726
vn 0.17744164 -0.21411080 -0.96055767
vn 0.17756103 0.09198570 -0.97980136
vn 0.36265046 0.08822223 -0.92773999
vn 0.55932058 0.08620010 -0.82445742
vn 0.75979500 0.08447293 -0.64465175
vn 0.92787182 0.08045864 -0.36411577
vn 0.99749290 0.07076663 -0.00000603
vn 0.92941840 0.05584292 0.36477803
vn 0.76201294 0.03960623 0.64634947
vn 0.56123121 0.02562006 0.82726244
vn 0.36412160 0.01410499 0.93124460
vn 0.36381090 -0.03492719 0.93081777
vn 0.56077022 -0.05076934 0.82641348
vn 0.58341743 0.64604840 0.49218449
vn 0.76055117 -0.07057778 0.64543063
vn -0.36083682 -0.22309841 -0.90555170
vn -0.36234621 0.09750872 -0.92692895
vn -0.55885230 0.09622881 -0.82366506
vn -0.75899960 0.09570253 -0.64401912
vn -0.92684942 0.09267791 -0.36381446
vn -0.99651090 0.08346272 0.00004090
vn -0.92867857 0.06813134 0.36457404
vn -0.76163799 0.05095558 0.64599621
vn -0.56113128 0.03571266 0.82695604
vn -0.56035059 -0.06349089 0.82581846
vn -0.42570293 0.65499538 0.62430607
vn -0.36395729 0.02342921 0.93112092
vn -0.36368289 -0.04649651 0.93036167
vn -0.17832933 0.01336689 0.98388006
vn -0.17829879 -0.03294689 0.98342465
vn 0.00001100 0.00462863 0.99998929
vn 0.17828943 0.00471093 0.98396681
vn 0.17821284 -0.02197848 0.98374648
vn -0.00001434 -0.02162387 0.99976618
vn 0.00002381 -0.21059447 -0.97757351
vn -0.00000221 0.09070543 -0.99587777
vn 0.17769763 0.08344993 -0.98054049
vn 0.36291792 0.07895865 -0.92846977
vn 0.55982928 0.07602757 -0.82511271
vn 0.76047914 0.07327527 -0.64521485
vn 0.92871803 0.06816726 -0.36446681
vn 0.99831745 0.05798513 0.00001932
vn 0.92998269 0.04347835 0.36502305
vn 0.76221351 0.02846383 0.64669960
vn 0.56143575 0.01544481 0.82737619
vn 0.36408314 0.00492514 0.93135343
vn 0.36398965 -0.02319697 0.93111408
vn 0.56101460 -0.03811333 0.82692805
vn 0.76125637 -0.05647033 0.64598749
vn 0.71810540 0.63711771 0.28001010
vn 0.92802566 -0.07736239 0.36439462
vn -0.17744146 -0.21420789 -0.96053605
vn -0.17763311 0.09187389 -0.97979879
vn -0.36265680 0.08822941 -0.92773682
vn -0.55931505 0.08620554 -0.82446060
vn -0.75977447 0.08450888 -0.64467124
vn -0.92781565 0.08038107 -0.36427599
vn -0.99748709 0.07084847 -0.00001187
vn -0.92944387 0.05587736 0.36470784
vn -0.76195333 0.03965548 0.64641672
vn -0.76060625 -0.07057926 0.64536556
vn -0.58335845 0.64606502 0.49223257
vn -0.56127750 0.02558694 0.82723206
vn -0.56074903 -0.05076285 0.82642826
vn -0.36408477 0.01412600 0.93125868
vn -0.36375020 -0.03493075 0.93084136
vn -0.17834130 0.00466399 0.98395763
vn -0.17818722 -0.02197824 0.98375112
vn 0.00001653 -0.00039626 0.99999992
vn 0.17828820 -0.00046265 0.98397820
vn 0.17828964 -0.01101260 0.98391642
vn -0.00000304 -0.01074103 0.99994231
vn -0.00000882 0.08187381 -0.99664270
vn 0.17782346 0.07465355 -0.98122661
vn 0.36318526 0.06963246 -0.92911129
vn 0.56022598 0.06596145 -0.82570935
vn 0.76110189 0.06217509 -0.64564555
vn 0.92939751 0.05580902 -0.36483644
vn 0.99897921 0.04517236 0.00000689
vn 0.93043356 0.03113932 0.36513523
vn 0.76235032 0.01725869 0.64693441
vn 0.56151596 0.00535154 0.82744860
vn 0.36421024 -0.00047014 0.93131664
vn 0.36406985 -0.01162285 0.93129912
vn 0.56131756 -0.02539490 0.82721080
vn 0.76185175 -0.04239043 0.64636287
vn 0.92902968 -0.06198632 0.36477602
vn 0.77405368 0.63311998 0.00001969
vn 0.99676600 -0.08035888 0.00002113
vn -0.17769785 0.08346596 -0.98053909
vn -0.36292440 0.07893438 -0.92846930
vn -0.55986731 0.07602172 -0.82508744
vn -0.76048334 0.07325342 -0.64521239
vn -0.92868430 0.06816396 -0.36455334
vn -0.99831412 0.05804241 0.00000480
vn -0.92999585 0.04348541 0.36498868
vn -0.92802293 -0.07742252 0.36438879
vn -0.71801517 0.63717994 0.28009988
vn -0.76226260 0.02842268 0.64664355
vn -0.76129268 -0.05645156 0.64594634
vn -0.56138828 0.01547256 0.82740788
vn -0.56095930 -0.03811215 0.82696561
vn -0.36409481 0.00490388 0.93134898
vn -0.36403997 -0.02318958 0.93109459
vn -0.17831259 -0.00042582 0.98397380
vn -0.17835172 -0.01100548 0.98390525
vn 0.00000340 0.00173945 0.99999849
vn 0.17835729 0.00178650 0.98396417
vn 0.17822910 -0.00001165 0.98398902
vn -0.00000751 -0.00001163 1.00000000
vn -0.00000682 0.07325409 -0.99731331
vn 0.17790951 0.06586698 -0.98183998
vn 0.36336953 0.06042647 -0.92968340
vn 0.56053508 0.05590006 -0.82624186
vn 0.76153786 0.05088142 -0.64612009
vn 0.92998745 0.04349128 -0.36500938
vn 0.99947551 0.03238367 0.00003864
vn 0.93066127 0.01895845 0.36539043
vn 0.76257397 0.00593335 0.64687382
vn 0.56158689 -0.00047448 0.82741763
vn 0.36425411 0.00189191 0.93129768
vn 0.36409008 0.00000000 0.93136374
vn 0.56138216 -0.01271241 0.82745904
vn 0.76225078 -0.02819281 0.64666754
vn 0.92982158 -0.04652863 0.36505742
vn 0.99792545 -0.06438001 0.00001014
vn 0.71808507 0.63715812 -0.27997029
vn 0.92802293 -0.07742252 -0.36438879
vn -0.17782678 0.07463519 -0.98122741
vn -0.36324236 0.06959681 -0.92909164
vn -0.56026798 0.06594580 -0.82568211
vn -0.76103809 0.06210932 -0.64572708
vn -0.92943350 0.05583171 -0.36474126
vn -0.99897866 0.04518455 0.00000305
vn -0.99675977 -0.08043612 0.00001506
vn -0.77418716 0.63295674 0.00003256
vn -0.93043160 0.03120771 0.36513437
vn -0.92902107 -0.06198551 0.36479810
vn -0.76244798 0.01722769 0.64682013
vn -0.76196854 -0.04225513 0.64623405
vn -0.56149917 0.00537870 0.82745982
vn -0.56124753 -0.02540358 0.82725804
vn -0.36416506 -0.00046739 0.93133431
vn -0.36408229 -0.01162613 0.93129422
vn -0.17839281 0.00177910 0.98395774
vn -0.17823688 0.00000000 0.98398761
vn -0.00001443 0.00742622 0.99997243
vn 0.17841896 0.00756318 0.98392554
vn 0.17832366 0.01107557 0.98390955
vn -0.00003766 0.01080372 0.99994164
vn -0.00000228 0.06459760 -0.99791139
vn 0.17805213 0.05711048 -0.98236237
vn 0.36358617 0.05116359 -0.93015450
vn 0.56089106 0.04579551 -0.82662203
vn 0.76198906 0.03967017 -0.64637369
vn 0.93039191 0.03116119 -0.36523946
vn 0.99980638 0.01967731 0.00002050
vn 0.93087800 0.00657477 0.36527102
vn 0.76262769 -0.00055505 0.64683745
vn 0.56172420 0.00204595 0.82732203
vn 0.36431051 0.00804172 0.93124282
vn 0.36406985 0.01162285 0.93129912
vn 0.56139841 0.00002065 0.82754566
vn 0.76246484 -0.01409591 0.64687609
vn 0.93031006 -0.03091879 0.36546850
vn 0.99883288 -0.04829980 0.00002004
vn 0.92902107 -0.06198551 -0.36479810
vn 0.58335845 0.64606502 -0.49223257
vn 0.76052392 -0.07060524 -0.64545973
vn -0.17791645 0.06586209 -0.98183905
vn -0.36339978 0.06043497 -0.92967102
vn -0.56058016 0.05586949 -0.82621334
vn -0.76158605 0.05088664 -0.64606288
vn -0.93000930 0.04349157 -0.36495367
vn -0.92800946 -0.07740516 -0.36442679
vn -0.71799185 0.63717144 -0.28017896
vn -0.99947485 0.03240407 0.00004469
vn -0.99792545 -0.06438001 -0.00001014
vn -0.93069562 0.01890995 0.36530546
vn -0.92990465 -0.04638797 0.36486368
vn -0.76258084 0.00602742 0.64686485
vn -0.76217791 -0.02830404 0.64674857
vn -0.56163981 -0.00050707 0.82738169
vn -0.56137449 -0.01270055 0.82746443
vn -0.36427805 0.00190048 0.93128830
vn -0.36401215 0.00000000 0.93139420
vn -0.17841723 0.00758531 0.98392569
vn -0.17835172 0.01100548 0.98390525
vn -0.00001560 0.01317302 0.99991323
vn 0.17845016 0.01344408 0.98385710
vn 0.17825634 0.02193137 0.98373965
vn -0.00005848 0.02157647 0.99976720
vn -0.00000956 0.05606782 -0.99842696
vn 0.17808423 0.04838427 -0.98282499
vn 0.36376875 0.04189562 -0.93054664
vn 0.56117793 0.03570034 -0.82692491
vn 0.76218986 0.02843460 -0.64672876
vn 0.93066570 0.01887515 -0.36538348
vn 0.99997621 0.00689705 0.00004620
vn 0.93093944 -0.00062646 0.36517306
vn 0.76272341 0.00227935 0.64672081
vn 0.56164265 0.00879597 0.82733317
vn 0.36426488 0.01419473 0.93118720
vn 0.36398955 0.02320048 0.93111404
vn 0.56134785 0.01272065 0.82748219
vn 0.76248509 0.00002434 0.64700579
vn 0.93074388 -0.01549771 0.36534320
vn 0.99948203 -0.03218193 0.00000237
vn 0.92981787 -0.04649190 -0.36507155
vn 0.76126122 -0.05647600 -0.64598128
vn 0.42565144 0.65494689 -0.62439204
vn 0.56028432 -0.06347838 -0.82586438
vn -0.17802348 0.05712594 -0.98236667
vn -0.36359890 0.05115085 -0.93015022
vn -0.56092297 0.04579285 -0.82660053
vn -0.76192616 0.03969354 -0.64644640
vn -0.76063212 -0.07060741 -0.64533198
vn -0.58342737 0.64606763 -0.49214746
vn -0.93039778 0.03121742 -0.36521971
vn -0.92904281 -0.06194924 -0.36474888
vn -0.99980748 0.01962145 0.00001975
vn -0.99883506 -0.04825485 0.00001523
vn -0.93082753 0.00658570 0.36539942
vn -0.93040898 -0.03099704 0.36520995
vn -0.76266368 -0.00059120 0.64679499
vn -0.76248388 -0.01413746 0.64685274
vn -0.56166063 0.00205693 0.82736516
vn -0.56146795 0.00000777 0.82749849
vn -0.36431148 0.00802918 0.93124255
vn -0.36408229 0.01162613 0.93129422
vn -0.17842281 0.01342277 0.98386235
vn -0.17818718 0.02198155 0.98375106
vn 0.00000729 0.01890506 0.99982128
vn 0.17837308 0.01926893 0.98377424
vn -0.00002743 0.03234003 0.99947692
vn 0.17831117 0.03294999 0.98342230
vn -0.00000975 0.04749702 -0.99887138
vn 0.17812916 0.03963112 -0.98320871
vn 0.36386829 0.03272069 -0.93087552
vn 0.56125785 0.02562322 -0.82724427
vn 0.76235015 0.01717317 -0.64693688
vn 0.93088028 0.00662621 -0.36526428
vn 0.99999979 -0.00064762 -0.00000600
vn 0.93095050 0.00251423 0.36513674
vn 0.76271141 0.00975806 0.64666536
vn 0.56158166 0.01549601 0.82727620
vn 0.36411740 0.02039225 0.93112978
vn 0.36381111 0.03492575 0.93081774
vn 0.56131128 0.02535067 0.82721641
vn 0.76250470 0.01407404 0.64682958
vn 0.93083990 0.00001165 0.36542725
vn 0.99987075 -0.01607751 -0.00001015
vn 0.93030237 -0.03100213 -0.36548101
vn 0.76183285 -0.04238193 -0.64638570
vn 0.56077466 -0.05078215 -0.82640968
vn 0.27417320 0.66135877 -0.69816448
vn 0.36358483 -0.05805852 -0.92975012
vn -0.17806345 0.04838387 -0.98282878
vn -0.36375130 0.04190897 -0.93055286
vn -0.56120707 0.03569345 -0.82690543
vn -0.56033455 -0.06356790 -0.82582341
vn -0.42563541 0.65503130 -0.62431442
vn -0.76223098 0.02841009 -0.64668137
vn -0.76125562 -0.05637856 -0.64599639
vn -0.93069683 0.01888580 -0.36530363
vn -0.92989486 -0.04645573 -0.36488001
vn -0.99997678 0.00681448 0.00003791
vn -0.99948207 -0.03218059 -0.00000079
vn -0.93088393 -0.00063275 0.36531452
vn -0.93073771 -0.01554987 0.36535669
vn -0.76273943 0.00225690 0.64670199
vn -0.76257521 0.00000442 0.64689956
vn -0.56156689 0.00876552 0.82738491
vn -0.56136990 0.01269178 0.82746767
vn -0.36424689 0.01419079 0.93119430
vn -0.36403986 0.02319308 0.93109455
vn -0.17838813 0.01926950 0.98377150
vn -0.17829890 0.03294552 0.98342468
vn -0.00000285 0.02460756 0.99969719
vn 0.17839227 0.02506287 0.98364020
vn 0.17808612 0.04396001 0.98303248
vn -0.00001297 0.04310459 0.99907057
vn -0.00000759 0.03883793 -0.99924552
vn 0.17823301 0.03091607 -0.98350251
vn 0.36397246 0.02346836 -0.93111400
vn 0.56141691 0.01543522 -0.82738915
vn 0.76249095 0.00597338 -0.64697130
vn 0.93094706 -0.00058488 -0.36515371
vn 0.99999662 0.00259957 -0.00001119
vn 0.93090434 0.01072443 0.36510561
vn 0.76261578 0.01724053 0.64662194
vn 0.56152113 0.02225412 0.82716309
vn 0.36419776 0.02652839 0.93094373
vn 0.36365707 0.04652095 0.93037054
vn 0.56103448 0.03812112 0.82691420
vn 0.76226390 0.02818846 0.64665227
vn 0.93074119 0.01543716 0.36535262
vn 1.00000000 0.00000898 0.00004993
vn 0.93074892 -0.01540204 -0.36533439
vn 0.76226409 -0.02818419 -0.64665223
vn 0.56116831 -0.03808730 -0.82682494
vn 0.36372075 -0.04648981 -0.93034720
vn 0.13373526 0.66494729 -0.73481969
vn 0.17799385 -0.05488720 -0.98249966
vn -0.17810945 0.03961998 -0.98321273
vn -0.36389803 0.03272403 -0.93086377
vn -0.27421205 0.66133260 -0.69817400
vn -0.36350363 -0.05811887 -0.92977810
vn -0.56129201 0.02559640 -0.82722192
vn -0.56076458 -0.05072335 -0.82642012
vn -0.76244812 0.01718561 -0.64682109
vn -0.76196822 -0.04236694 -0.64622710
vn -0.93082736 0.00659628 -0.36539968
vn -0.93040332 -0.03096531 -0.36522706
vn -0.99999981 -0.00061291 -0.00000290
vn -0.99987016 -0.01611400 -0.00001883
vn -0.93099558 0.00249300 0.36502194
vn -0.93083990 -0.00001165 0.36542725
vn -0.76266419 0.00976012 0.64672102
vn -0.76247450 0.01415970 0.64686331
vn -0.56164318 0.01550583 0.82723425
vn -0.56125478 0.02539896 0.82725327
vn -0.36416749 0.02039663 0.93111010
vn -0.36375040 0.03492930 0.93084133
vn -0.17840670 0.02507193 0.98363736
vn -0.17813586 0.04396479 0.98302325
vn -0.00000787 0.03034790 0.99953940
vn 0.17828757 0.03093324 0.98349208
vn -0.00002334 0.05389763 0.99854647
vn 0.17799852 0.05495762 0.98249488
vn -0.00000000 0.03024301 -0.99954258
vn 0.17837663 0.02209710 -0.98371413
vn 0.36412160 0.01410499 -0.93124460
vn 0.56144874 0.00536863 -0.82749410
vn 0.76262166 -0.00051337 -0.64684460
vn 0.93095662 0.00250098 -0.36512124
vn 0.99993786 0.01114815 0.00000197
vn 0.93081631 0.01889096 0.36499882
vn 0.76257200 0.02472788 0.64643056
vn 0.56146414 0.02900864 0.82699245
vn 0.36417007 0.03269758 0.93075831
vn 0.36344432 0.05809453 0.92980280
vn 0.56077467 0.05077680 0.82641000
vn 0.76183313 0.04238019 0.64638549
vn 0.93030219 0.03100683 0.36548106
vn 0.99987089 0.01606857 0.00001718
vn 0.93080291 -0.00002664 -0.36552147
vn 0.76249264 -0.01405032 -0.64684431
vn 0.56133703 -0.02538429 -0.82719791
vn 0.36380716 -0.03492978 -0.93081913
vn 0.17804992 -0.04404045 -0.98303543
vn -0.00001709 -0.05390053 -0.99854631
vn 0.00003161 0.66611770 -0.74584664
vn -0.17824831 0.03090782 -0.98350000
vn -0.13378016 0.66495048 -0.73480863
vn -0.17799802 -0.05495512 -0.98249511
vn -0.36393448 0.02349773 -0.93112811
vn -0.36374654 -0.04646044 -0.93033858
vn -0.56137397 0.01547865 -0.82741748
vn -0.56109252 -0.03809622 -0.82687597
vn -0.76250342 0.00603560 -0.64695603
vn -0.76218588 -0.02821817 -0.64674293
vn -0.93088717 -0.00056903 -0.36530638
vn -0.93075220 -0.01554507 -0.36531999
vn -0.99999667 0.00257980 -0.00000339
vn -1.00000000 -0.00000898 0.00004993
vn -0.93090246 0.01069076 0.36511138
vn -0.93075417 0.01556544 0.36531409
vn -0.76259230 0.01725068 0.64664936
vn -0.76218571 0.02822244 0.64674295
vn -0.56156147 0.02227122 0.82713524
vn -0.56095874 0.03813004 0.82696517
vn -0.36418873 0.02653698 0.93094702
vn -0.36368287 0.04649160 0.93036192
vn -0.17829782 0.03093233 0.98349025
vn -0.17799700 0.05495346 0.98249539
vn 0.17831342 0.03675639 0.98328698
vn -0.00000952 0.03602711 0.99935081
vn 0.17800508 0.06174729 0.98209036
vn 0.00000313 0.06062734 0.99816047
vn -0.00000236 0.02169780 -0.99976458
vn 0.17835237 0.01338956 -0.98387558
vn 0.36408314 0.00492514 -0.93135343
vn 0.56158456 -0.00047814 -0.82741921
vn 0.76271886 0.00227655 -0.64672618
vn 0.93090603 0.01071855 -0.36510145
vn 0.99980751 0.01961987 0.00000091
vn 0.93061653 0.02712224 0.36498940
vn 0.76237224 0.03223856 0.64633524
vn 0.56136259 0.03571434 0.82679896
vn 0.36399135 0.03889766 0.93058974
vn 0.36334277 0.06528687 0.92936519
vn 0.56028432 0.06347838 0.82586438
vn 0.76126135 0.05647005 0.64598165
vn 0.92981804 0.04648996 0.36507135
vn 0.99948187 0.03218680 -0.00000238
vn 0.93074190 0.01547733 -0.36534910
vn 0.76240415 -0.00004798 -0.64710116
vn 0.56134785 -0.01272065 -0.82748219
vn 0.36396029 -0.02327061 -0.93112372
vn 0.17814499 -0.03299618 -0.98345087
vn -0.00004302 -0.04314276 -0.99906892
vn -0.17840683 0.02210807 -0.98370841
vn -0.17807020 -0.04401105 -0.98303308
vn -0.36408477 0.01412600 -0.93125868
vn -0.36374640 -0.03493337 -0.93084275
vn -0.56143798 0.00538189 -0.82750132
vn -0.56128053 -0.02543258 -0.82723476
vn -0.76267408 -0.00055262 -0.64678277
vn -0.76247450 -0.01415970 -0.64686331
vn -0.93099489 0.00245292 -0.36502397
vn -0.93080291 0.00002664 -0.36552147
vn -0.99993839 0.01110023 -0.00000197
vn -0.99987002 0.01612294 0.00002585
vn -0.93077211 0.01893518 0.36510920
vn -0.93040315 0.03096998 0.36522711
vn -0.76257353 0.02477112 0.64642710
vn -0.76196850 0.04236521 0.64622689
vn -0.56147148 0.02900198 0.82698771
vn -0.56076460 0.05071802 0.82642044
vn -0.36411965 0.03269691 0.93077806
vn -0.36336310 0.05815487 0.92983077
vn -0.17829082 0.03675335 0.98329119
vn -0.17801735 0.06180059 0.98208478
vn -0.00000694 0.04178525 0.99912662
vn 0.17831763 0.04257753 0.98305136
vn 0.17818200 0.06012381 0.98215900
vn -0.00000058 0.05896338 0.99826015
vn -0.00000788 0.01322299 -0.99991257
vn 0.17830261 0.00466912 -0.98396462
vn 0.36421024 -0.00047014 -0.93131664
vn 0.56172549 0.00205536 -0.82732113
vn 0.76270307 0.00976576 -0.64667508
vn 0.93081679 0.01890078 -0.36499708
vn 0.99960332 0.02816381 0.00001591
vn 0.93031838 0.03535763 0.36504458
vn 0.76211842 0.03970372 0.64621910
vn 0.56121988 0.04244980 0.82657744
vn 0.36392595 0.04503004 0.93033876
vn 0.36336622 0.06359911 0.92947305
vn 0.55997257 0.07135452 0.82543276
vn 0.76052392 0.07060524 0.64545973
vn 0.92902139 0.06197901 0.36479838
vn 0.99883298 0.04829778 -0.00002004
vn 0.93030989 0.03092348 -0.36546854
vn 0.76246484 0.01409591 -0.64687609
vn 0.56139841 -0.00002065 -0.82754566
vn 0.36406985 -0.01162285 -0.93129912
vn 0.17837566 -0.02191953 -0.98371828
vn -0.00002050 -0.03230719 -0.99947799
vn -0.17835564 0.01339474 -0.98387491
vn -0.17813958 -0.03298382 -0.98345226
vn -0.36409481 0.00490388 -0.93134898
vn -0.36401061 -0.02326323 -0.93110423
vn -0.56162386 -0.00052565 -0.82739251
vn -0.56136990 -0.01269178 -0.82746767
vn -0.76275656 0.00225141 -0.64668181
vn -0.76249429 0.00001921 -0.64699494
vn -0.93090995 0.01069674 -0.36509210
vn -0.93074545 0.01551475 -0.36533847
vn -0.99980650 0.01967148 0.00000194
vn -0.99948191 0.03218545 0.00000079
vn -0.93061396 0.02714954 0.36499393
vn -0.92989503 0.04645378 0.36487981
vn -0.76228980 0.03218507 0.64643513
vn -0.76125576 0.05637263 0.64599675
vn -0.56132180 0.03570644 0.82682700
vn -0.56033455 0.06356790 0.82582341
vn -0.36402666 0.03888633 0.93057640
vn -0.36340472 0.06529585 0.92934034
vn -0.17830073 0.04257940 0.98305434
vn -0.17818174 0.06008535 0.98216140
vn 0.00000316 0.04755382 0.99886868
vn 0.17816456 0.04845550 0.98280693
vn 0.17804200 0.05429094 0.98252407
vn -0.00001215 0.05324951 0.99858124
vn -0.00000236 0.00453949 -0.99998970
vn 0.17839365 -0.00045098 -0.98395910
vn 0.36425411 0.00189191 -0.93129768
vn 0.56164791 0.00879280 -0.82732962
vn 0.76261968 0.01721885 -0.64661792
vn 0.93060254 0.02711536 -0.36502558
vn 0.99932607 0.03670690 0.00000028
vn 0.93003488 0.04355920 0.36488041
vn 0.76189730 0.04716110 0.64597859
vn 0.56100327 0.04919021 0.82635081
vn 0.36376059 0.05122898 0.93008270
vn 0.36363929 0.05741832 0.92976858
vn 0.56029674 0.06940093 0.82537935
vn 0.76020903 0.07925128 0.64482669
vn 0.92802293 0.07742252 0.36438879
vn 0.99792589 0.06437327 -0.00001014
vn 0.92982176 0.04652670 -0.36505721
vn 0.76225060 0.02819709 -0.64666757
vn 0.56138216 0.01271241 -0.82745904
vn 0.36421454 -0.00000000 -0.93131507
vn 0.17832412 -0.01103516 -0.98390992
vn -0.00001743 -0.02152579 -0.99976829
vn -0.17834130 0.00466399 -0.98395763
vn -0.17834712 -0.02193893 -0.98372302
vn -0.36416506 -0.00046739 -0.93133431
vn -0.36408229 -0.01162613 -0.93129422
vn -0.56164327 0.00207271 -0.82737691
vn -0.56146795 -0.00000777 -0.82749849
vn -0.76264366 0.00977736 -0.64674496
vn -0.76247183 0.01411374 -0.64686746
vn -0.93077347 0.01893856 -0.36510557
vn -0.93040881 0.03100171 -0.36520999
vn -0.99960275 0.02818411 0.00003210
vn -0.99883515 0.04825282 -0.00001524
vn -0.93033492 0.03532147 0.36500592
vn -0.92904313 0.06194274 0.36474916
vn -0.76219130 0.03969766 0.64613351
vn -0.76063212 0.07060741 0.64533198
vn -0.56117864 0.04245420 0.82660521
vn -0.56003539 0.07126140 0.82539819
vn -0.36395223 0.04503952 0.93032802
vn -0.36345110 0.06358982 0.92944050
vn -0.17821112 0.04844994 0.98279876
vn -0.17806790 0.05430615 0.98251853
vn -0.00001538 -0.00042997 -0.99999991
vn 0.17836814 0.00178543 -0.98396220
vn 0.36431051 0.00804172 -0.93124282
vn 0.56157501 0.01548000 -0.82728102
vn 0.76252681 0.02472685 -0.64648391
vn 0.93034785 0.03535219 -0.36497001
vn 0.99897517 0.04526155 0.00004394
vn 0.92970094 0.05174411 0.36466246
vn 0.76154251 0.05468231 0.64580403
vn 0.56089075 0.05593509 0.82599808
vn 0.56068171 0.06267375 0.82565612
vn 0.76044970 0.07706703 0.64480767
vn 0.92744935 0.08683309 0.36372752
vn 0.99676600 0.08035888 -0.00002113
vn 0.92903001 0.06197982 -0.36477630
vn 0.76185203 0.04238869 -0.64636266
vn 0.56134300 0.02543621 -0.82719226
vn 0.36406985 0.01162285 -0.93129912
vn 0.17826135 0.00005139 -0.98398318
vn 0.00003127 -0.01084573 -0.99994118
vn -0.17838670 -0.00043564 -0.98396036
vn -0.17842004 -0.01096519 -0.98389331
vn -0.36427805 0.00190048 -0.93128830
vn -0.36413665 -0.00000000 -0.93134553
vn -0.56157740 0.00879409 -0.82737748
vn -0.56137449 0.01270055 -0.82746443
vn -0.76257681 0.01725735 -0.64666745
vn -0.76217773 0.02830832 -0.64674860
vn -0.93059458 0.02713179 -0.36504465
vn -0.92990483 0.04638602 -0.36486346
vn -0.99932582 0.03671378 0.00000444
vn -0.99792589 0.06437327 0.00001014
vn -0.93008450 0.04355044 0.36475496
vn -0.92800946 0.07740516 0.36442679
vn -0.76184334 0.04716435 0.64604199
vn -0.76024028 0.07926613 0.64478802
vn -0.56096303 0.04917166 0.82637923
vn -0.56025744 0.06941442 0.82540490
vn -0.36378717 0.05123632 0.93007190
vn -0.36368217 0.05741082 0.92975227
vn -0.00000763 0.00175022 -0.99999847
vn 0.17841489 0.00758328 -0.98392613
vn 0.36426488 0.01419473 -0.93118720
vn 0.56151099 0.02226516 -0.82716967
vn 0.76235004 0.03224629 -0.64636104
vn 0.93000941 0.04354531 -0.36494699
vn 0.99855323 0.05377224 0.00001297
vn 0.92926216 0.05995960 0.36452253
vn 0.76134466 0.06213898 0.64536273
vn 0.76086036 0.06962934 0.64516918
vn 0.92758730 0.08454072 0.36391574
vn 0.99592298 0.09020767 -0.00000913
vn 0.92802566 0.07736239 -0.36439462
vn 0.76125650 0.05646439 -0.64598786
vn 0.56114897 0.03807639 -0.82683857
vn 0.36396018 0.02327414 -0.93112368
vn 0.17835796 0.01097230 -0.98390449
vn 0.00002717 0.00005129 -1.00000000
vn -0.17839281 0.00177910 -0.98395774
vn -0.17830308 0.00000000 -0.98397561
vn -0.36431148 0.00802918 -0.93124255
vn -0.36408229 0.01162613 -0.93129422
vn -0.56165838 0.01548399 -0.82722434
vn -0.56127296 0.02544490 -0.82723952
vn -0.76252666 0.02471305 -0.64648462
vn -0.76196881 0.04225341 -0.64623385
vn -0.93036381 0.03533890 -0.36493059
vn -0.92902139 0.06197901 -0.36479838
vn -0.99897677 0.04522628 0.00003675
vn -0.99675977 0.08043612 -0.00001506
vn -0.92970000 0.05174048 0.36466538
vn -0.92735489 0.08688823 0.36395515
vn -0.76157019 0.05466194 0.64577312
vn -0.76047939 0.07709451 0.64476937
vn -0.56079686 0.05596564 0.82605976
vn -0.56058391 0.06265328 0.82572407
vn -0.00001031 0.00744634 -0.99997228
vn 0.17844386 0.01342653 -0.98385848
vn 0.36411740 0.02039225 -0.93112978
vn 0.56138338 0.02900411 -0.82704744
vn 0.76207103 0.03969464 -0.64627554
vn 0.92969544 0.05177162 -0.36467258
vn 0.99805935 0.06226981 -0.00000510
vn 0.92875564 0.06816599 0.36437118
vn 0.92819668 0.07633709 0.36417521
vn 0.99613762 0.08780565 0.00000822
vn 0.92744038 0.08691495 -0.36373086
vn 0.76055117 0.07057778 -0.64543063
vn 0.56077024 0.05076398 -0.82641379
vn 0.36380735 0.03492838 -0.93081911
vn 0.17837259 0.02194251 -0.98371833
vn -0.00000304 0.01078286 -0.99994186
vn -0.17841723 0.00758531 -0.98392569
vn -0.17842004 0.01096519 -0.98389331
vn -0.36424689 0.01419079 -0.93119430
vn -0.36401050 0.02326675 -0.93110419
vn -0.56155443 0.02225791 -0.82714038
vn -0.56109361 0.03807527 -0.82687619
vn -0.76227071 0.03222808 -0.64645550
vn -0.76129281 0.05644563 -0.64594670
vn -0.93005933 0.04354279 -0.36482005
vn -0.92802293 0.07742252 -0.36438879
vn -0.99855452 0.05374831 0.00000435
vn -0.99591830 0.09025925 -0.00000765
vn -0.92925066 0.05995522 0.36455257
vn -0.92765367 0.08453910 0.36374690
vn -0.76127647 0.06216733 0.64544044
vn -0.76088973 0.06962702 0.64513479
vn -0.00000917 0.01315550 -0.99991346
vn 0.17838150 0.01926787 -0.98377273
vn 0.36419776 0.02652839 -0.93094373
vn 0.56135492 0.03571261 -0.82680424
vn 0.76189769 0.04719263 -0.64597583
vn 0.92926444 0.05995967 -0.36451671
vn 0.99749109 0.07079220 -0.00000819
vn 0.99685190 0.07928607 0.00000875
vn 0.92759002 0.08451993 -0.36391363
vn 0.76021889 0.07927307 -0.64481239
vn 0.56027133 0.06350051 -0.82587149
vn 0.36372073 0.04648490 -0.93034746
vn 0.17814188 0.03297522 -0.98345214
vn -0.00001440 0.02154871 -0.99976780
vn -0.17842281 0.01342277 -0.98386235
vn -0.17834707 0.02194224 -0.98372296
vn -0.36416749 0.02039663 -0.93111010
vn -0.36374659 0.03493196 -0.93084272
vn -0.56138184 0.02900373 -0.82704849
vn -0.56074904 0.05075751 -0.82642857
vn -0.76214941 0.03967767 -0.64618415
vn -0.76060625 0.07057926 -0.64536556
vn -0.92970061 0.05174751 -0.36466283
vn -0.92736812 0.08689009 -0.36392098
vn -0.99805755 0.06229868 -0.00000742
vn -0.99613993 0.08777945 0.00000612
vn -0.92882844 0.06819316 0.36418047
vn -0.92825829 0.07635549 0.36401428
vn -0.00000127 0.01890393 -0.99982130
vn 0.17840011 0.02506500 -0.98363873
vn 0.36417007 0.03269758 -0.93075831
vn 0.56121670 0.04245926 -0.82657911
vn 0.76154867 0.05464293 -0.64580010
vn 0.92875983 0.06816706 -0.36436031
vn 0.92819054 0.07632947 -0.36419243
vn 0.76043671 0.07706752 -0.64482292
vn 0.55997300 0.07131436 -0.82543594
vn 0.36358483 0.05805852 -0.92975012
vn 0.17801060 0.04401286 -0.98304379
vn -0.00001718 0.03228633 -0.99947866
vn -0.17838813 0.01926950 -0.98377150
vn -0.17813969 0.03298245 -0.98345229
vn -0.36418873 0.02653698 -0.93094702
vn -0.36374653 0.04645555 -0.93033883
vn -0.56131219 0.03570935 -0.82683340
vn -0.56035059 0.06349089 -0.82581846
vn -0.76184253 0.04719066 -0.64604102
vn -0.76019924 0.07927356 -0.64483550
vn -0.92925095 0.05998157 -0.36454750
vn -0.92765254 0.08452134 -0.36375391
vn -0.99748928 0.07081756 -0.00000898
vn -0.99685026 0.07930670 0.00000627
vn -0.00001083 0.02460961 -0.99969714
vn 0.17829076 0.03093738 -0.98349137
vn 0.36399135 0.03889766 -0.93058974
vn 0.56099678 0.04917339 -0.82635622
vn 0.76134270 0.06218594 -0.64536052
vn 0.76086522 0.06960689 -0.64516587
vn 0.56030312 0.06942691 -0.82537283
vn 0.36335584 0.06530671 -0.92935868
vn 0.17798981 0.05494791 -0.98249700
vn -0.00000301 0.04311596 -0.99907007
vn -0.17840670 0.02507193 -0.98363736
vn -0.17807018 0.04400640 -0.98303329
vn -0.36411965 0.03269691 -0.93077806
vn -0.36350363 0.05811887 -0.92977810
vn -0.56117283 0.04245720 -0.82660900
vn -0.56006169 0.07131709 -0.82537554
vn -0.76156692 0.05466685 -0.64577656
vn -0.76048061 0.07708878 -0.64476861
vn -0.92883228 0.06816633 -0.36417572
vn -0.92825345 0.07636535 -0.36402454
vn -0.00001113 0.03035200 -0.99953927
vn 0.17831543 0.03675380 -0.98328672
vn 0.36392595 0.04503004 -0.93033876
vn 0.56088708 0.05595972 -0.82599891
vn 0.56068528 0.06265717 -0.82565495
vn 0.36351738 0.06360133 -0.92941379
vn 0.17803088 0.06172591 -0.98208702
vn -0.00001326 0.05396120 -0.99854303
vn -0.17829782 0.03093233 -0.98349025
vn -0.17799802 0.05495512 -0.98249511
vn -0.36402666 0.03888633 -0.93057640
vn -0.36341779 0.06531570 -0.92933383
vn -0.56096878 0.04918835 -0.82637433
vn -0.56025732 0.06940237 -0.82540599
vn -0.76127733 0.06215519 -0.64544060
vn -0.76089597 0.06963270 -0.64512682
vn -0.00001155 0.03602449 -0.99935091
vn 0.17832139 0.04257810 -0.98305065
vn 0.36376059 0.05122898 -0.93008270
vn 0.36376711 0.05740104 -0.92971964
vn 0.17818427 0.06013526 -0.98215789
vn -0.00000296 0.06058303 -0.99816316
vn -0.17829082 0.03675335 -0.98329119
vn -0.17803739 0.06174754 -0.98208448
vn -0.36395223 0.04503952 -0.93032802
vn -0.36360225 0.06359203 -0.92938122
vn -0.56079964 0.05594087 -0.82605955
vn -0.56057928 0.06266969 -0.82572597
vn -0.00001077 0.04178576 -0.99912659
vn 0.17818237 0.04842818 -0.98280504
vn 0.17818068 0.05426648 -0.98250028
vn -0.00000000 0.05900933 -0.99825743
vn -0.17830073 0.04257940 -0.98305434
vn -0.17818427 0.06013526 -0.98215789
vn -0.36378717 0.05123632 -0.93007190
vn -0.36381003 0.05739354 -0.92970331
vn 0.00000000 0.04750662 -0.99887092
vn -0.00000000 0.05323022 -0.99858227
vn -0.17822582 0.04842206 -0.98279747
vn -0.17821871 0.05426195 -0.98249363
vn 0.56263951 -0.67504735 0.47722936
vn 0.61605965 -0.74969762 0.24171054
vn 0.51105190 -0.74224472 0.43347288
vn 0.69195057 -0.66895411 0.27148628
vn 0.65782637 -0.75316961 -0.00000000
vn 0.74578194 -0.66619014 0.00000000
vn 0.41136344 -0.68084381 0.60599655
vn 0.38058717 -0.73540136 0.56065876
vn 0.61605965 -0.74969762 -0.24171054
vn 0.69195057 -0.66895411 -0.27148628
vn 0.24861593 -0.73080624 0.63569832
vn 0.26540655 -0.68484977 0.67863109
vn 0.51105190 -0.74224472 -0.43347288
vn 0.56263951 -0.67504735 -0.47722936
vn 0.12224554 -0.72821091 0.67436259
vn 0.12958691 -0.68715429 0.71486098
vn 0.38058717 -0.73540136 -0.56065876
vn 0.41136344 -0.68084381 -0.60599655
vn -0.00000708 -0.72744789 0.68616293
vn -0.00000749 -0.68783769 0.72586453
vn 0.26540655 -0.68484977 -0.67863109
vn 0.24861593 -0.73080624 -0.63569832
vn -0.12223248 -0.72820075 0.67437593
vn -0.12956949 -0.68716337 0.71485541
vn 0.12958691 -0.68715429 -0.71486098
vn 0.12224554 -0.72821091 -0.67436259
vn -0.24859222 -0.73081400 0.63569867
vn -0.26538681 -0.68484293 0.67864571
vn -0.00000749 -0.68783769 -0.72586453
vn -0.00000708 -0.72744789 -0.68616293
vn -0.38058717 -0.73540136 0.56065876
vn -0.41136344 -0.68084381 0.60599655
vn -0.12956949 -0.68716337 -0.71485541
vn -0.12223248 -0.72820075 -0.67437593
vn -0.56272394 -0.67501964 0.47716900
vn -0.51108291 -0.74227800 0.43337932
vn -0.26538681 -0.68484293 -0.67864571
vn -0.24859222 -0.73081400 -0.63569867
vn -0.69196491 -0.66898119 0.27138300
vn -0.61612819 -0.74966389 0.24164045
vn -0.41136344 -0.68084381 -0.60599655
vn -0.38058717 -0.73540136 -0.56065876
vn -0.74578194 -0.66619014 0.00000000
vn -0.65782637 -0.75316961 -0.00000000
vn -0.51108291 -0.74227800 -0.43337932
vn -0.56272394 -0.67501964 -0.47716900
vn -0.69196491 -0.66898119 -0.27138300
vn -0.61612819 -0.74966389 -0.24164045
vn 0.00000000 -1.00000000 0.00000000
vn 0.00000000 -1.00000000 0.00000000
vn 0.00000000 -1.00000000 0.00000000
vn 0.00000000 -1.00000000 0.00000000
vn 0.00000000 -1.00000000 0.00000000
vn 0.00000000 -1.00000000 0.00000000
vn 0.00000000 -1.00000000 0.00000000
vn 0.00000000 -1.00000000 0.00000000
vn 0.00000000 -1.00000000 0.00000000
vn 0.00000000 -1.00000000 0.00000000
vn 0.00000000 -1.00000000 0.00000000
vn 0.00000000 -1.00000000 0.00000000
vn 0.00000000 -1.00000000 0.00000000
vn 0.00000000 -1.00000000 0.00000000
vn 0.00000000 -1.00000000 0.00000000
vn 0.00000000 -1.00000000 0.00000000
vn 0.00000000 -1.00000000 0.00000000
vn 0.00000000 -1.00000000 0.00000000
vn 0.00000000 -1.00000000 0.00000000
vn 0.00000000 -1.00000000 0.00000000
vn 0.00000000 -1.00000000 0.00000000
vn 0.00000000 -1.00000000 0.00000000
vn 0.00000000 -1.00000000 0.00000000
vn 0.00000000 -1.00000000 0.00000000
vn -0.08887290 -0.85638784 0.50862705
vn 0.08886827 -0.85638645 0.50863020
vn -0.00000523 -0.85469207 0.51913530
vn -0.17915614 -0.86110969 0.47580793
vn -0.27049511 -0.86877981 0.41479396
vn -0.35814733 -0.87815780 0.31712673
vn -0.42772832 -0.88664639 0.17580292
vn -0.45558421 -0.89019269 0.00001580
vn -0.42775476 -0.88662511 -0.17584590
vn -0.35811745 -0.87816336 -0.31714508
vn -0.27049511 -0.86877981 -0.41479396
vn -0.17917884 -0.86111148 -0.47579614
vn -0.08895397 -0.85632516 -0.50871840
vn 0.17917085 -0.86110561 0.47580977
vn 0.27052608 -0.86875407 0.41482768
vn 0.35806633 -0.87821738 0.31705322
vn 0.42772497 -0.88663750 0.17585590
vn 0.45558957 -0.89018995 0.00000805
vn 0.42775194 -0.88662094 -0.17587376
vn 0.35802246 -0.87822681 -0.31707661
vn 0.27052608 -0.86875407 -0.41482768
vn 0.17919356 -0.86110740 -0.47579798
vn 0.08891391 -0.85630674 -0.50875641
vn 0.00003303 -0.85477279 -0.51900238
vn 0.00000000 0.00000000 0.00000000
vn 0.00000000 0.00000000 -0.00000000
vn 0.00000000 -0.00000000 0.00000000
vn -0.00000000 -0.00000000 0.00000000
vn -0.00000000 0.00000000 0.00000000
vn 0.00000000 -0.00000000 -0.00000000
vn 0.00000000 -0.00000000 -0.00000000
vn 0.00000000 -0.00000000 -0.00000000
vn -0.00000000 0.00000000 0.00000000
vn 0.00000000 -0.00000000 0.00000000
vn -0.00000000 -0.00000000 0.00000000
vn -0.00000000 0.00000000 0.00000000
vn 0.00000000 -0.00000000 0.00000000
vn 0.00000000 0.00000000 -0.00000000
vn -0.00000000 -0.00000000 0.00000000
vn -0.00000000 -0.00000000 0.00000000
vn 0.00000000 0.00000000 0.00000000
vn 0.00000000 -0.00000000 -0.00000000
vn -0.00000000 0.00000000 0.00000000
vn -0.00000000 0.00000000 0.00000000
vn 0.00000000 -0.00000000 -0.00000000
vn -0.00000000 0.00000000 0.00000000
vn -0.00000000 0.00000000 0.00000000
vn 0.00000000 -0.00000000 -0.00000000
vn -0.00000000 0.00000000 0.00000000
vn 0.00000000 0.00000000 0.00000000
vn -0.00000000 0.00000000 0.00000000
vn 0.00000000 0.00000000 -0.00000000
vn 0.00000000 0.00000000 0.00000000
vn 0.00000000 0.00000000 -0.00000000
vn 0.00000000 -0.00000000 0.00000000
vn 0.00000000 0.00000000 0.00000000
vn -0.00000000 -0.00000000 0.00000000
vn -0.00000000 -0.00000000 0.00000000
vn 0.00000000 0.00000000 -0.00000000
vn 0.00000000 0.00000000 -0.00000000
vn 0.00000000 0.00000000 -0.00000000
vn 0.00000000 0.00000000 -0.00000000
vn 0.00000000 0.00000000 -0.00000000
vn -0.00000000 -0.00000000 0.00000000
vn -0.00000000 -0.00000000 0.00000000
vn 0.00000000 0.00000000 -0.00000000
vn -0.00000000 -0.00000000 -0.00000000
vn -0.00000000 -0.00000000 0.00000000
vn -0.00000000 -0.00000000 0.00000000
vn 0.00000000 -0.00000000 0.00000000
vn -0.00000000 -0.00000000 0.00000000
vn 0.00000000 0.00000000 -0.00000000
vn -0.00000000 0.00000000 0.00000000
vn 0.00000000 0.00000000 0.00000000
vn -0.00000000 0.00000000 0.00000000
vn 0.00000000 0.00000000 0.00000000
vn 0.00000000 -0.00000000 -0.00000000
vn 0.00000000 -0.00000000 -0.00000000
vn 0.00000000 -0.00000000 -0.00000000
vn 0.00000000 -0.00000000 -0.00000000
vn 0.00000000 -0.00000000 0.00000000
vn -0.00000000 0.00000000 0.00000000
vn 0.00000000 0.00000000 -0.00000000
vn -0.00000000 0.00000000 -0.00000000
vn 0.00000000 -0.00000000 0.00000000
vn 0.00000000 0.00000000 -0.00000000
vn -0.00000000 0.00000000 0.00000000
vn -0.00000000 0.00000000 0.00000000
vn -0.00000000 -0.00000000 0.00000000
vn 0.00000000 -0.00000000 -0.00000000
vn 0.00000000 0.00000000 -0.00000000
vn -0.00000000 0.00000000 0.00000000
vn -0.00000000 -0.00000000 0.00000000
vn -0.00000000 0.00000000 -0.00000000
vn -0.00000000 -0.00000000 -0.00000000
vn 0.00000000 0.00000000 -0.00000000
vn 0.00000000 0.00000000 -0.00000000
vn -0.00000000 -0.00000000 0.00000000
vn -0.00000000 -0.00000000 -0.00000000
vn 0.00000000 0.00000000 0.00000000
vn 0.00000000 0.00000000 0.00000000
vn -0.00000000 -0.00000000 0.00000000
vn 0.00000000 0.00000000 0.00000000
vn 0.00000000 0.00000000 -0.00000000
vn 0.00000000 0.00000000 -0.00000000
vn -0.00000000 -0.00000000 0.00000000
vn 0.00000000 -0.00000000 -0.00000000
vn -0.00000000 -0.00000000 -0.00000000
vn -0.00000000 0.00000000 -0.00000000
vn 0.00000000 0.00000000 -0.00000000
vn -0.00000000 -0.00000000 0.00000000
vn -0.00000000 0.00000000 -0.00000000
vn -0.00000000 0.00000000 0.00000000
vn -0.00000000 0.00000000 -0.00000000
vn -0.00000000 0.00000000 -0.00000000
vn 0.00000000 -0.00000000 0.00000000
vn -0.00000000 -0.00000000 -0.00000000
vn -0.00000000 0.00000000 0.00000000
vn 0.00000000 0.00000000 0.00000000
vn 0.00000000 0.00000000 0.00000000
vn 0.00000000 -0.00000000 -0.00000000
vn 0.00000000 -0.00000000 -0.00000000
vn -0.00000000 0.00000000 0.00000000
vn 0.00000000 0.00000000 -0.00000000
vn 0.00000000 0.00000000 0.00000000
vn 0.00000000 0.00000000 0.00000000
vn 0.00000000 -0.00000000 -0.00000000
vn 0.00000000 -0.00000000 -0.00000000
vn -0.00000000 0.00000000 0.00000000
vn 0.00000000 0.00000000 0.00000000
vn -0.00000000 0.00000000 -0.00000000
vn 0.00000000 0.00000000 -0.00000000
vn 0.00000000 0.00000000 0.00000000
vn 0.00000000 0.00000000 0.00000000
vn 0.00000000 -0.00000000 -0.00000000
vn -0.00000000 -0.00000000 -0.00000000
vn 0.00000000 0.00000000 0.00000000
vn -0.00000000 0.00000000 0.00000000
vn 0.00000000 -0.00000000 0.00000000
vn -0.00000000 -0.00000000 -0.00000000
vn 0.00000000 0.00000000 -0.00000000
vn -0.00000000 -0.00000000 0.00000000
vn 0.00000000 -0.00000000 0.00000000
vn -0.00000000 0.00000000 -0.00000000
vn 0.00000000 -0.00000000 -0.00000000
vn 0.00000000 -0.00000000 -0.00000000
vn 0.00000000 0.00000000 -0.00000000
vn -0.00000000 -0.00000000 -0.00000000
vn -0.00000000 0.00000000 0.00000000
vn 0.00000000 -0.00000000 -0.00000000
vn 0.00000000 0.00000000 0.00000000
vn 0.00000000 0.00000000 0.00000000
vn -0.00000000 -0.00000000 -0.00000000
vn -0.00000000 -0.00000000 0.00000000
vn -0.00000000 0.00000000 -0.00000000
vn 0.00000000 0.00000000 -0.00000000
vn -0.00000000 -0.00000000 0.00000000
vn 0.00000000 0.00000000 -0.00000000
vn 0.00000000 0.00000000 -0.00000000
vn -0.00000000 -0.00000000 0.00000000
vn 0.00000000 -0.00000000 0.00000000
vn 0.00000000 0.00000000 0.00000000
vn 0.00000000 -0.00000000 0.00000000
vn 0.00000000 -0.00000000 0.00000000
vn 0.00000000 -0.00000000 0.00000000
vn 0.00000000 -0.00000000 0.00000000
vn 0.00000000 0.00000000 0.00000000
vn 0.00000000 -0.00000000 0.00000000
vn 0.00000000 -0.00000000 0.00000000
vn -0.00000000 -0.00000000 -0.00000000
vn -0.00000000 -0.00000000 -0.00000000
vn 0.00000000 -0.00000000 0.00000000
vn 0.00000000 0.00000000 0.00000000
vn -0.00000000 0.00000000 -0.00000000
vn 0.00000000 -0.00000000 0.00000000
vn 0.00000000 -0.00000000 0.00000000
vn -0.00000000 -0.00000000 -0.00000000
vn -0.00000000 0.00000000 0.00000000
vn -0.00000000 0.00000000 0.00000000
vn 0.00000000 -0.00000000 -0.00000000
vn 0.00000000 0.00000000 0.00000000
vn 0.00000000 -0.00000000 -0.00000000
vn 0.00000000 -0.00000000 0.00000000
vn -0.00000000 0.00000000 -0.00000000
vn 0.00000000 -0.00000000 0.00000000
vn 0.00000000 -0.00000000 0.00000000
vn -0.00000000 0.00000000 -0.00000000
vn -0.00000000 0.00000000 0.00000000
vn 0.00000000 -0.00000000 -0.00000000
vn -0.00000000 -0.00000000 -0.00000000
vn 0.00000000 0.00000000 -0.00000000
vn 0.00000000 -0.00000000 0.00000000
vn -0.00000000 -0.00000000 0.00000000
vn -0.00000000 -0.00000000 0.00000000
vn -0.00000000 0.00000000 0.00000000
vn 0.00000000 -0.00000000 0.00000000
vn 0.00000000 -0.00000000 -0.00000000
vn -0.00000000 0.00000000 0.00000000
vn 0.00000000 0.00000000 0.00000000
vn -0.00000000 -0.00000000 -0.00000000
vn 0.00000000 -0.00000000 0.00000000
vn -0.00000000 -0.00000000 -0.00000000
vn -0.00000000 0.00000000 0.00000000
vn -0.00000000 0.00000000 -0.00000000
vn -0.00000000 -0.00000000 0.00000000
vn 0.00000000 0.00000000 -0.00000000
vn 0.00000000 -0.00000000 0.00000000
vn 0.00000000 0.00000000 0.00000000
vn -0.00000000 0.00000000 0.00000000
vn 0.00000000 0.00000000 0.00000000
vn 0.00000000 -0.00000000 -0.00000000
vn 0.00000000 0.00000000 0.00000000
vn 0.00000000 0.00000000 0.00000000
vn -0.00000000 -0.00000000 0.00000000
vn -0.00000000 -0.00000000 -0.00000000
vn 0.00000000 -0.00000000 0.00000000
vn -0.00000000 0.00000000 0.00000000
vn -0.00000000 0.00000000 -0.00000000
vn 0.00000000 0.00000000 0.00000000
vn -0.00000000 -0.00000000 0.00000000
vn 0.00000000 0.00000000 0.00000000
vn 0.00000000 -0.00000000 -0.00000000
vn -0.00000000 -0.00000000 0.00000000
vn 0.00000000 0.00000000 -0.00000000
vn 0.00000000 0.00000000 0.00000000
vn 0.00000000 -0.00000000 -0.00000000
vn -0.00000000 -0.00000000 0.00000000
vn 0.00000000 -0.00000000 0.00000000
vn 0.00000000 -0.00000000 0.00000000
vn 0.00000000 -0.00000000 -0.00000000
vn 0.00000000 -0.00000000 0.00000000
vn 0.00000000 0.00000000 0.00000000
vn 0.00000000 -0.00000000 0.00000000
vn -0.00000000 0.00000000 -0.00000000
vn 0.00000000 0.00000000 0.00000000
vn -0.00000000 -0.00000000 -0.00000000
vn 0.00000000 -0.00000000 0.00000000
vn -0.00000000 -0.00000000 -0.00000000
vn 0.00000000 0.00000000 0.00000000
vn -0.00000000 -0.00000000 0.00000000
vn 0.00000000 0.00000000 0.00000000
vn 0.00000000 0.00000000 -0.00000000
vn -0.00000000 0.00000000 0.00000000
vn 0.00000000 0.00000000 -0.00000000
vn 0.00000000 0.00000000 -0.00000000
vn 0.00000000 0.00000000 0.00000000
vn 0.00000000 -0.00000000 -0.00000000
vn -0.00000000 0.00000000 -0.00000000
vn 0.00000000 -0.00000000 -0.00000000
vn -0.00000000 0.00000000 0.00000000
vn -0.00000000 0.00000000 -0.00000000
vn -0.00000000 0.00000000 -0.00000000
vn 0.00000000 0.00000000 0.00000000
vn -0.00000000 0.00000000 0.00000000
vn -0.00000000 0.00000000 -0.00000000
vn -0.00000000 -0.00000000 0.00000000
vn 0.00000000 0.00000000 -0.00000000
vn -0.00000000 0.00000000 0.00000000
vn 0.00000000 0.00000000 0.00000000
vn 0.00000000 0.00000000 0.00000000
vn -0.00000000 0.00000000 0.00000000
vn -0.00000000 0.00000000 0.00000000
vn 0.00000000 -0.00000000 -0.00000000
vn -0.00000000 0.00000000 0.00000000
vn 0.00000000 0.00000000 0.00000000
vn -0.00000000 0.00000000 0.00000000
vn 0.00000000 0.00000000 0.00000000
vn 0.00000000 0.00000000 0.00000000
vn -0.00000000 0.00000000 0.00000000
vn 0.00000000 0.00000000 0.00000000
vn 0.00000000 0.00000000 0.00000000
vn -0.00000000 0.00000000 0.00000000
vn -0.00000000 0.00000000 0.00000000
vn -0.00000000 0.00000000 0.00000000
vn -0.00000000 0.00000000 0.00000000
vn 0.00000000 0.00000000 0.00000000
vn -0.00000000 0.00000000 0.00000000
vn 0.00000000 0.00000000 0.00000000
vn 0.00000000 0.00000000 0.00000000
vn -0.00000000 0.00000000 0.00000000
vn 0.00000000 0.00000000 0.00000000
vn 0.00000000 0.00000000 0.00000000
vn 0.00000000 -0.00000000 -0.00000000
vn -0.00000000 -0.00000000 -0.00000000
vn 0.00000000 -0.00000000 0.00000000
vn -0.00000000 0.00000000 0.00000000
vn -0.00000000 0.00000000 0.00000000
vn 0.00000000 0.00000000 0.00000000
vn 0.00000000 -0.00000000 -0.00000000
vn 0.00000000 0.00000000 0.00000000
vn -0.00000000 -0.00000000 0.00000000
vn 0.00000000 0.00000000 0.00000000
vn -0.00000000 -0.00000000 -0.00000000
vn -0.00000000 0.00000000 0.00000000
vn 0.00000000 0.00000000 -0.00000000
vn -0.00000000 -0.00000000 0.00000000
vn 0.00000000 0.00000000 0.00000000
vn -0.00000000 -0.00000000 -0.00000000
vn 0.00000000 0.00000000 -0.00000000
vn 0.00000000 0.00000000 -0.00000000
vn -0.00000000 0.00000000 -0.00000000
vn -0.00000000 0.00000000 -0.00000000
vn 0.00000000 0.00000000 -0.00000000
vn -0.00000000 -0.00000000 -0.00000000
vn -0.00000000 -0.00000000 0.00000000
vn 0.00000000 0.00000000 -0.00000000
vn -0.00000000 0.00000000 0.00000000
vn -0.00000000 0.00000000 0.00000000
vn -0.00000000 0.00000000 0.00000000
vn 0.00000000 0.00000000 -0.00000000
vn 0.00000000 -0.00000000 0.00000000
vn 0.00000000 -0.00000000 0.00000000
vn 0.00000000 -0.00000000 0.00000000
vn -0.00000000 -0.00000000 0.00000000
vn 0.00000000 0.00000000 -0.00000000
vn -0.00000000 0.00000000 -0.00000000
vn 0.00000000 -0.00000000 -0.00000000
vn 0.00000000 -0.00000000 0.00000000
vn -0.00000000 -0.00000000 0.00000000
vn -0.00000000 0.00000000 0.00000000
vn 0.00000000 0.00000000 0.00000000
vn 0.00000000 0.00000000 0.00000000
vn -0.00000000 0.00000000 -0.00000000
vn -0.00000000 0.00000000 -0.00000000
vn -0.00000000 0.00000000 0.00000000
vn -0.00000000 0.00000000 0.00000000
vn 0.00000000 -0.00000000 0.00000000
vn 0.00000000 -0.00000000 0.00000000
vn 0.00000000 -0.00000000 0.00000000
vn -0.00000000 0.00000000 -0.00000000
vn 0.00000000 -0.00000000 0.00000000
vn -0.00000000 -0.00000000 0.00000000
vn -0.00000000 0.00000000 -0.00000000
vn 0.00000000 -0.00000000 -0.00000000
vn -0.00000000 0.00000000 -0.00000000
vn 0.00000000 0.00000000 -0.00000000
vn 0.00000000 0.00000000 -0.00000000
vn -0.00000000 0.00000000 -0.00000000
vn -0.00000000 0.00000000 0.00000000
vn 0.00000000 0.00000000 0.00000000
vn 0.00000000 -0.00000000 -0.00000000
vn 0.00000000 0.00000000 0.00000000
vn 0.00000000 0.00000000 0.00000000
vn -0.00000000 -0.00000000 -0.00000000
vn -0.00000000 0.00000000 0.00000000
vn 0.00000000 0.00000000 0.00000000
vn 0.00000000 0.00000000 -0.00000000
vn 0.00000000 0.00000000 -0.00000000
vn -0.00000000 -0.00000000 0.00000000
vn 0.00000000 0.00000000 -0.00000000
vn -0.00000000 -0.00000000 0.00000000
vn 0.00000000 -0.00000000 0.00000000
vn 0.00000000 -0.00000000 0.00000000
vn 0.00000000 -0.00000000 0.00000000
vn 0.00000000 -0.00000000 -0.00000000
vn 0.00000000 0.00000000 0.00000000
vn 0.00000000 -0.00000000 0.00000000
vn 0.00000000 0.00000000 -0.00000000
vn 0.00000000 -0.00000000 0.00000000
vn 0.00000000 -0.00000000 0.00000000
vn -0.00000000 -0.00000000 0.00000000
vn -0.00000000 0.00000000 -0.00000000
vn -0.00000000 0.00000000 0.00000000
vn -0.00000000 0.00000000 0.00000000
vn -0.00000000 0.00000000 0.00000000
vn 0.00000000 0.00000000 0.00000000
vn -0.00000000 -0.00000000 -0.00000000
vn -0.00000000 -0.00000000 -0.00000000
vn 0.00000000 0.00000000 0.00000000
vn 0.00000000 0.00000000 0.00000000
vn -0.00000000 -0.00000000 -0.00000000
vn -0.00000000 -0.00000000 -0.00000000
vn 0.00000000 -0.00000000 0.00000000
vn -0.00000000 -0.00000000 -0.00000000
vn -0.00000000 0.00000000 -0.00000000
vn -0.00000000 0.00000000 -0.00000000
vn 0.00000000 -0.00000000 0.00000000
vn -0.00000000 0.00000000 -0.00000000
vn -0.00000000 0.00000000 0.00000000
vn -0.00000000 0.00000000 -0.00000000
vn -0.00000000 0.00000000 -0.00000000
vn -0.00000000 0.00000000 -0.00000000
vn -0.00000000 0.00000000 0.00000000
vn 0.00000000 -0.00000000 0.00000000
vn 0.00000000 -0.00000000 -0.00000000
vn -0.00000000 -0.00000000 -0.00000000
vn 0.00000000 0.00000000 -0.00000000
vn -0.00000000 0.00000000 -0.00000000
vn 0.00000000 0.00000000 0.00000000
vn 0.00000000 0.00000000 0.00000000
vn 0.00000000 0.00000000 -0.00000000
vn -0.00000000 -0.00000000 -0.00000000
vn 0.00000000 0.00000000 -0.00000000
vn 0.00000000 0.00000000 0.00000000
vn 0.00000000 -0.00000000 0.00000000
vn -0.00000000 0.00000000 -0.00000000
vn 0.00000000 -0.00000000 0.00000000
vn -0.00000000 0.00000000 -0.00000000
vn 0.00000000 -0.00000000 0.00000000
vn 0.00000000 -0.00000000 0.00000000
vn -0.00000000 -0.00000000 0.00000000
vn 0.00000000 0.00000000 0.00000000
vn 0.00000000 0.00000000 0.00000000
vn 0.00000000 0.00000000 0.00000000
vn 0.00000000 0.00000000 0.00000000
vn -0.00000000 -0.00000000 -0.00000000
vn -0.00000000 -0.00000000 -0.00000000
vn 0.00000000 0.00000000 0.00000000
vn 0.00000000 -0.00000000 -0.00000000
vn -0.00000000 0.00000000 0.00000000
vn 0.00000000 0.00000000 -0.00000000
vn -0.00000000 0.00000000 0.00000000
vn 0.00000000 0.00000000 0.00000000
vn 0.00000000 0.00000000 0.00000000
vn -0.00000000 0.00000000 0.00000000
vn -0.00000000 0.00000000 -0.00000000
vn 0.00000000 0.00000000 0.00000000
vn 0.00000000 0.00000000 0.00000000
vn 0.00000000 0.00000000 0.00000000
vn -0.00000000 -0.00000000 -0.00000000
vn -0.00000000 0.00000000 -0.00000000
vn -0.00000000 0.00000000 -0.00000000
vn 0.00000000 -0.00000000 0.00000000
vn 0.00000000 -0.00000000 0.00000000
vn 0.00000000 -0.00000000 0.00000000
vn -0.00000000 0.00000000 -0.00000000
vn -0.00000000 -0.00000000 -0.00000000
vn -0.00000000 0.00000000 0.00000000
vn 0.00000000 0.00000000 0.00000000
vn 0.00000000 0.00000000 0.00000000
vn 0.00000000 0.00000000 0.00000000
vn 0.00000000 0.00000000 0.00000000
vn 0.00000000 0.00000000 -0.00000000
vn -0.00000000 -0.00000000 -0.00000000
vn -0.00000000 0.00000000 0.00000000
vn -0.00000000 0.00000000 -0.00000000
vn -0.00000000 0.00000000 -0.00000000
vn 0.00000000 0.00000000 -0.00000000
vn -0.00000000 -0.00000000 0.00000000
vn 0.00000000 0.00000000 -0.00000000
vn -0.00000000 -0.00000000 0.00000000
vn 0.00000000 0.00000000 -0.00000000
vn 0.00000000 0.00000000 0.00000000
vn -0.00000000 -0.00000000 -0.00000000
vn -0.00000000 -0.00000000 -0.00000000
vn 0.00000000 0.00000000 0.00000000
vn 0.00000000 -0.00000000 0.00000000
vn -0.00000000 -0.00000000 0.00000000
vn 0.00000000 0.00000000 -0.00000000
vn -0.00000000 -0.00000000 0.00000000
vn -0.00000000 -0.00000000 0.00000000
vn 0.00000000 0.00000000 0.00000000
vn 0.00000000 0.00000000 -0.00000000
vn 0.00000000 -0.00000000 -0.00000000
vn 0.00000000 0.00000000 0.00000000
vn -0.00000000 -0.00000000 0.00000000
vn 0.00000000 0.00000000 -0.00000000
vn -0.00000000 -0.00000000 0.00000000
vn -0.00000000 -0.00000000 0.00000000
vn 0.00000000 0.00000000 0.00000000
vn -0.00000000 0.00000000 -0.00000000
vn 0.00000000 -0.00000000 -0.00000000
vn 0.00000000 0.00000000 0.00000000
vn -0.00000000 -0.00000000 0.00000000
vn 0.00000000 -0.00000000 0.00000000
vn -0.00000000 0.00000000 -0.00000000
vn 0.00000000 -0.00000000 0.00000000
vn -0.00000000 0.00000000 0.00000000
vn -0.00000000 0.00000000 0.00000000
vn 0.00000000 -0.00000000 -0.00000000
vn 0.00000000 -0.00000000 -0.00000000
vn -0.00000000 0.00000000 0.00000000
vn -0.00000000 0.00000000 0.00000000
vn 0.00000000 -0.00000000 0.00000000
vn 0.00000000 0.00000000 0.00000000
vn -0.00000000 0.00000000 0.00000000
vn 0.00000000 -0.00000000 -0.00000000
vn -0.00000000 0.00000000 0.00000000
vn -0.00000000 0.00000000 0.00000000
vn 0.00000000 -0.00000000 0.00000000
vn 0.00000000 -0.00000000 0.00000000
vn -0.00000000 0.00000000 -0.00000000
vn -0.00000000 0.00000000 -0.00000000
vn 0.00000000 -0.00000000 0.00000000
vn 0.00000000 -0.00000000 0.00000000
vn -0.00000000 0.00000000 0.00000000
vn -0.00000000 0.00000000 0.00000000
vn 0.00000000 -0.00000000 0.00000000
vn -0.00000000 0.00000000 -0.00000000
vn 0.00000000 0.00000000 0.00000000
vn 0.00000000 -0.00000000 0.00000000
vn 0.00000000 0.00000000 0.00000000
vn -0.00000000 0.00000000 -0.00000000
vn -0.00000000 0.00000000 0.00000000
vn 0.00000000 0.00000000 0.00000000
vn 0.00000000 0.00000311 -1.00000000
vn 0.00000000 -0.00000000 -0.00000000
vn 0.00000000 -0.00000000 -0.00000000
vn 0.00000000 -0.00000000 -0.00000000
vn 0.00000000 0.00000000 0.00000000
vn 0.00000000 -0.00000000 0.00000000
vn -0.00000000 -0.00000000 -0.00000000
vn 0.00000000 0.00000000 0.00000000
vn 0.00000000 0.00000000 -0.00000000
vn -0.00000000 -0.00000000 0.00000000
vn -0.00000000 -0.00000000 0.00000000
vn 0.00000000 0.00000000 -0.00000000
vn -0.00000000 -0.00000000 -0.00000000
vn -0.00000000 0.00000000 -0.00000000
vn 0.00000000 0.00000000 0.00000000
vn -0.00000000 -0.00000000 0.00000000
vn 0.00000000 0.00000000 0.00000000
vn -0.00000000 0.00000000 0.00000000
vn 0.00000000 -0.00000000 -0.00000000
vn 0.00000000 -0.00000000 -0.00000000
vn 0.00000313 0.00006258 1.00000000
vn 0.00000000 0.00000000 -0.00000000
vn -0.00000000 -0.00000000 -0.00000000
vn -0.00000000 -0.00000000 -0.00000000
vn 0.00000000 -0.00000000 0.00000000
vn -0.00000000 -0.00000000 0.00000000
vn -0.00000000 0.00000000 0.00000000
vn 0.00000000 0.00000000 -0.00000000
vn 0.00000000 0.00000000 -0.00000000
vn 0.00000000 0.00000000 0.00000000
vn 0.00000000 0.00000000 0.00000000
vn 0.00000000 0.00000000 0.00000000
vn 0.00000000 -0.00000000 0.00000000
vn 0.00000000 0.00000000 0.00000000
vn 0.00000000 0.00000000 -0.00000000
vn -0.00000000 0.00000000 0.00000000
vn 0.00000000 0.00000000 -0.00000000
vn 0.00000000 0.00000000 -0.00000000
vn 0.00000000 0.00000000 0.00000000
vn 0.00000000 -0.00000000 -0.00000000
vn 0.00000000 0.00000000 -0.00000000
vn 0.00000000 0.00000000 0.00000000
vn 0.00000000 0.00000000 0.00000000
vn -0.00000000 0.00000000 0.00000000
vn 0.00000000 -0.00000000 -0.00000000
vn 0.00000000 0.00000000 -0.00000000
vn 0.00000000 -0.00000000 -0.00000000
vn -0.00000000 0.00000000 0.00000000
vn 0.00000000 0.00000000 0.00000000
vn 0.00000000 -0.00000000 -0.00000000
vn 0.00000000 -0.00000000 -0.00000000
vn -0.00000000 0.00000000 -0.00000000
vn 0.00000000 0.00000000 -0.00000000
vn 0.00000000 0.00000000 -0.00000000
vn -0.00000000 0.00000000 0.00000000
vn -0.00000000 -0.00000000 0.00000000
vn -0.00000000 -0.00000000 0.00000000
vn 0.00000000 0.00000000 -0.00000000
vn -0.00000000 -0.00000000 -0.00000000
vn 0.00000000 0.00000000 -0.00000000
vn -0.00000000 0.00000000 0.00000000
vn -0.00000000 -0.00000000 0.00000000
vn 0.00000000 0.00000000 -0.00000000
vn -0.00000000 -0.00000000 0.00000000
vn 0.00000000 0.00000000 -0.00000000
vn 0.00000000 0.00000000 0.00000000
vn -0.00000000 -0.00000000 0.00000000
vn -0.00000000 -0.00000000 0.00000000
vn 0.00000000 -0.00000000 -0.00000000
vn 0.00000000 0.00000000 -0.00000000
vn -0.00000000 -0.00000000 0.00000000
vn -0.00000000 -0.00000000 -0.00000000
vn -0.00000000 0.00000000 -0.00000000
vn 0.00000000 0.00000000 0.00000000
vn -0.00000000 -0.00000000 -0.00000000
vn 0.00000000 0.00000000 0.00000000
vn -0.00000000 -0.00000000 0.00000000
vn 0.00000000 0.00000000 0.00000000
vn 0.00000000 0.00000000 0.00000000
vn 0.00000000 0.00000000 0.00000000
vn -0.00000000 -0.00000000 -0.00000000
vn 0.00000000 0.00000000 -0.00000000
vn 0.00000000 0.00000000 -0.00000000
vn 0.00000000 0.00000000 -0.00000000
vn 0.00000000 0.00000000 0.00000000
vn -0.00000000 -0.00000000 -0.00000000
vn 0.00000000 0.00000000 -0.00000000
vn 0.00000000 0.00000000 0.00000000
vn -0.00000000 -0.00000000 -0.00000000
vn -0.00000000 0.00000000 -0.00000000
vn 0.00000000 0.00000000 0.00000000
vn -0.00000000 -0.00000000 0.00000000
vn -0.00000000 0.00000000 -0.00000000
vn -0.00000000 -0.00000000 -0.00000000
vn 0.00000000 0.00000000 -0.00000000
vn -0.00000000 0.00000000 -0.00000000
vn 0.00000000 0.00000000 0.00000000
vn 0.00000000 0.00000000 0.00000000
vn 0.00000000 0.00000000 -0.00000000
vn 0.00000000 0.00000000 0.00000000
vn -0.00000000 -0.00000000 -0.00000000
vn 0.00000000 0.00000000 0.00000000
vn -0.00000000 -0.00000000 -0.00000000
vn -0.00000000 -0.00000000 0.00000000
vn -0.00000000 -0.00000000 -0.00000000
vn 0.00000000 0.00000000 -0.00000000
vn 0.00000000 0.00000000 0.00000000
vn -0.00000000 -0.00000000 0.00000000
vn -0.00000000 -0.00000000 -0.00000000
vn 0.00000000 0.00000000 -0.00000000
vn -0.00000000 -0.00000000 0.00000000
vn -0.00000000 -0.00000000 -0.00000000
vn -0.00000000 -0.00000000 0.00000000
vn 0.00000000 0.00000000 0.00000000
vn -0.00000000 0.00000000 -0.00000000
vn -0.00000000 0.00000000 -0.00000000
vn 0.00000000 0.00000000 -0.00000000
vn -0.00000000 -0.00000000 0.00000000
vn -0.00000000 -0.00000000 0.00000000
vn -0.00000000 -0.00000000 -0.00000000
vn 0.00000000 0.00000000 0.00000000
vn 0.00000000 0.00000000 0.00000000
vn 0.00000000 0.00000000 -0.00000000
vn 0.00000000 0.00000000 0.00000000
vn 0.00000000 0.00000000 -0.00000000
vn 0.00000000 -0.00000000 -0.00000000
vn -0.00000000 -0.00000000 0.00000000
vn 0.00000000 0.00000000 0.00000000
vn 0.00000000 0.00000000 0.00000000
vn 0.00000000 0.00000000 0.00000000
vn -0.00000000 -0.00000000 0.00000000
vn -0.00000000 -0.00000000 0.00000000
vn -0.00000000 -0.00000000 0.00000000
vn 0.00000000 -0.00000000 0.00000000
vn 0.00000000 0.00000000 -0.00000000
vn -0.00000000 -0.00000000 0.00000000
vn 0.00000000 0.00000000 -0.00000000
vn -0.00000000 -0.00000000 0.00000000
vn 0.00000000 -0.00000000 0.00000000
vn 0.00000000 0.00000000 -0.00000000
vn -0.00000000 -0.00000000 0.00000000
vn 0.00000000 -0.00000000 0.00000000
vn 0.00000000 0.00000000 -0.00000000
vn -0.00000000 -0.00000000 -0.00000000
vn -0.00000000 -0.00000000 0.00000000
vn 0.00000000 0.00000000 -0.00000000
vn 0.00000000 0.00000000 -0.00000000
vn 0.00000000 0.00000000 -0.00000000
vn 0.00000000 -0.00000000 0.00000000
vn 0.00000000 0.00000000 -0.00000000
vn 0.00000000 0.00000000 0.00000000
vn -0.00000000 -0.00000000 0.00000000
vn 0.00000000 0.00000000 -0.00000000
vn -0.00000000 -0.00000000 0.00000000
vn 0.00000000 0.00000000 0.00000000
vn -0.00000000 0.00000000 -0.00000000
vn -0.00000000 -0.00000000 0.00000000
vn 0.00000000 -0.00000000 -0.00000000
vn -0.00000000 -0.00000000 0.00000000
vn -0.00000000 -0.00000000 0.00000000
vn 0.00000000 -0.00000000 0.00000000
vn -0.00000000 -0.00000000 -0.00000000
vn -0.00000000 -0.00000000 -0.00000000
vn 0.00000000 0.00000000 0.00000000
vn -0.00000000 -0.00000000 -0.00000000
vn 0.00000000 0.00000000 0.00000000
vn 0.00000000 0.00000000 -0.00000000
vn 0.00000000 0.00000000 0.00000000
vn -0.00000000 0.00000000 -0.00000000
vn -0.00000000 -0.00000000 -0.00000000
vn -0.00000000 -0.00000000 0.00000000
vn -0.00000000 -0.00000000 -0.00000000
vn 0.00000000 -0.00000000 0.00000000
vn -0.00000000 0.00000000 0.00000000
vn -0.00000000 0.00000000 -0.00000000
vn -0.00000000 -0.00000000 0.00000000
vn 0.00000000 0.00000000 -0.00000000
vn -0.00000000 -0.00000000 -0.00000000
vn 0.00000000 0.00000000 -0.00000000
vn 0.00000000 0.00000000 0.00000000
vn -0.00000000 -0.00000000 0.00000000
vn 0.00000000 0.00000000 -0.00000000
vn 0.00000000 -0.00000000 -0.00000000
vn -0.00000000 -0.00000000 -0.00000000
vn 0.00000000 0.00000000 0.00000000
vn -0.00000000 -0.00000000 0.00000000
vn 0.00000000 0.00000000 0.00000000
vn -0.00000000 -0.00000000 -0.00000000
vn -0.00000000 -0.00000000 0.00000000
vn -0.00000000 0.00000000 0.00000000
vn -0.00000000 0.00000000 -0.00000000
vn 0.00000000 0.00000000 0.00000000
vn 0.00000000 -0.00000000 0.00000000
vn 0.00000000 0.00000000 0.00000000
vn -0.00000000 0.00000000 0.00000000
vn -0.00000000 -0.00000000 0.00000000
f 1//1 2//2 3//3
f 2//2 1//1 4//4
f 5//5 2//2 6//6
f 2//2 5//5 3//3
f 7//7 4//4 1//1
f 4//4 7//7 8//8
f 9//9 3//3 10//10
f 3//3 9//9 1//1
f 11//11 6//6 12//12
f 6//6 11//11 5//5
f 13//13 3//3 5//5
f 3//3 13//13 10//10
f 14//14 8//8 7//7
f 8//8 14//14 15//15
f 16//16 1//1 9//9
f 1//1 16//16 7//7
f 17//17 10//10 18//18
f 10//10 17//17 9//9
f 12//12 19//19 11//11
f 19//19 12//12 20//20
f 21//21 5//5 11//11
f 5//5 21//21 13//13
f 22//22 10//10 13//13
f 10//10 22//22 18//18
f 23//23 15//15 14//14
f 15//15 23//23 24//24
f 25//25 7//7 16//16
f 7//7 25//25 14//14
f 26//26 9//9 17//17
f 9//9 26//26 16//16
f 27//27 18//18 28//28
f 18//18 27//27 17//17
f 20//20 29//29 19//19
f 29//29 20//20 30//30
f 11//11 31//31 21//21
f 31//31 11//11 19//19
f 32//32 13//13 21//21
f 13//13 32//32 22//22
f 33//33 18//18 22//22
f 18//18 33//33 28//28
f 34//34 23//23 35//35
f 23//23 34//34 24//24
f 36//36 14//14 25//25
f 14//14 36//36 23//23
f 37//37 16//16 26//26
f 16//16 37//37 25//25
f 38//38 17//17 27//27
f 17//17 38//38 26//26
f 39//39 28//28 40//40
f 28//28 39//39 27//27
f 30//30 41//41 29//29
f 41//41 30//30 42//42
f 19//19 43//43 31//31
f 43//43 19//19 29//29
f 21//21 44//44 32//32
f 44//44 21//21 31//31
f 45//45 22//22 32//32
f 22//22 45//45 33//33
f 46//46 28//28 33//33
f 28//28 46//46 40//40
f 47//47 35//35 48//48
f 35//35 47//47 34//34
f 35//35 36//36 49//49
f 36//36 35//35 23//23
f 50//50 25//25 37//37
f 25//25 50//50 36//36
f 51//51 26//26 38//38
f 26//26 51//51 37//37
f 52//52 27//27 39//39
f 27//27 52//52 38//38
f 53//53 40//40 54//54
f 40//40 53//53 39//39
f 42//42 55//55 41//41
f 55//55 42//42 56//56
f 29//29 57//57 43//43
f 57//57 29//29 41//41
f 31//31 58//58 44//44
f 58//58 31//31 43//43
f 32//32 59//59 45//45
f 59//59 32//32 44//44
f 60//60 33//33 45//45
f 33//33 60//60 46//46
f 61//61 40//40 46//46
f 40//40 61//61 54//54
f 62//62 48//48 63//63
f 48//48 62//62 47//47
f 48//48 49//49 64//64
f 49//49 48//48 35//35
f 49//49 50//50 65//65
f 50//50 49//49 36//36
f 66//66 37//37 51//51
f 37//37 66//66 50//50
f 67//67 38//38 52//52
f 38//38 67//67 51//51
f 68//68 39//39 53//53
f 39//39 68//68 52//52
f 69//69 54//54 70//70
f 54//54 69//69 53//53
f 56//56 71//71 55//55
f 71//71 56//56 72//72
f 41//41 73//73 57//57
f 73//73 41//41 55//55
f 43//43 74//74 58//58
f 74//74 43//43 57//57
f 44//44 75//75 59//59
f 75//75 44//44 58//58
f 45//45 76//76 60//60
f 76//76 45//45 59//59
f 77//77 46//46 60//60
f 46//46 77//77 61//61
f 78//78 54//54 61//61
f 54//54 78//78 70//70
f 79//79 63//63 80//80
f 63//63 79//79 62//62
f 63//63 64//64 81//81
f 64//64 63//63 48//48
f 64//64 65//65 82//82
f 65//65 64//64 49//49
f 65//65 66//66 83//83
f 66//66 65//65 50//50
f 84//84 51//51 67//67
f 51//51 84//84 66//66
f 85//85 52//52 68//68
f 52//52 85//85 67//67
f 86//86 53//53 69//69
f 53//53 86//86 68//68
f 87//87 70//70 88//88
f 70//70 87//87 69//69
f 89//89 90//90 91//91
f 90//90 89//89 92//92
f 72//72 93//93 71//71
f 93//93 72//72 94//94
f 55//55 95//95 73//73
f 95//95 55//55 71//71
f 57//57 96//96 74//74
f 96//96 57//57 73//73
f 58//58 97//97 75//75
f 97//97 58//58 74//74
f 59//59 98//98 76//76
f 98//98 59//59 75//75
f 60//60 99//99 77//77
f 99//99 60//60 76//76
f 100//100 61//61 77//77
f 61//61 100//100 78//78
f 101//101 70//70 78//78
f 70//70 101//101 88//88
f 91//91 102//102 103//103
f 102//102 91//91 90//90
f 104//104 80//80 105//105
f 80//80 104//104 79//79
f 80//80 81//81 106//106
f 81//81 80//80 63//63
f 81//81 82//82 107//107
f 82//82 81//81 64//64
f 82//82 83//83 108//108
f 83//83 82//82 65//65
f 83//83 84//84 109//109
f 84//84 83//83 66//66
f 110//110 67//67 85//85
f 67//67 110//110 84//84
f 111//111 68//68 86//86
f 68//68 111//111 85//85
f 112//112 69//69 87//87
f 69//69 112//112 86//86
f 89//89 113//113 92//92
f 113//113 89//89 114//114
f 115//115 88//88 116//116
f 88//88 115//115 87//87
f 92//92 117//117 90//90
f 117//117 92//92 118//118
f 119//119 93//93 94//94
f 93//93 119//119 120//120
f 71//71 121//121 95//95
f 121//121 71//71 93//93
f 73//73 122//122 96//96
f 122//122 73//73 95//95
f 74//74 123//123 97//97
f 123//123 74//74 96//96
f 75//75 124//124 98//98
f 124//124 75//75 97//97
f 76//76 125//125 99//99
f 125//125 76//76 98//98
f 77//77 126//126 100//100
f 126//126 77//77 99//99
f 127//127 78//78 100//100
f 78//78 127//127 101//101
f 128//128 88//88 101//101
f 88//88 128//128 116//116
f 90//90 129//129 102//102
f 129//129 90//90 117//117
f 103//103 130//130 131//131
f 130//130 103//103 102//102
f 132//132 105//105 133//133
f 105//105 132//132 104//104
f 105//105 106//106 134//134
f 106//106 105//105 80//80
f 106//106 107//107 135//135
f 107//107 106//106 81//81
f 107//107 108//108 136//136
f 108//108 107//107 82//82
f 108//108 109//109 137//137
f 109//109 108//108 83//83
f 109//109 110//110 138//138
f 110//110 109//109 84//84
f 139//139 85//85 111//111
f 85//85 139//139 110//110
f 140//140 86//86 112//112
f 86//86 140//140 111//111
f 114//114 141//141 113//113
f 141//141 114//114 142//142
f 143//143 87//87 115//115
f 87//87 143//143 112//112
f 92//92 144//144 118//118
f 144//144 92//92 113//113
f 145//145 116//116 146//146
f 116//116 145//145 115//115
f 118//118 147//147 117//117
f 147//147 118//118 148//148
f 149//149 120//120 119//119
f 120//120 149//149 150//150
f 120//120 121//121 93//93
f 121//121 120//120 151//151
f 95//95 152//152 122//122
f 152//152 95//95 121//121
f 96//96 153//153 123//123
f 153//153 96//96 122//122
f 97//97 154//154 124//124
f 154//154 97//97 123//123
f 98//98 155//155 125//125
f 155//155 98//98 124//124
f 99//99 156//156 126//126
f 156//156 99//99 125//125
f 100//100 157//157 127//127
f 157//157 100//100 126//126
f 158//158 101//101 127//127
f 101//101 158//158 128//128
f 159//159 116//116 128//128
f 116//116 159//159 146//146
f 117//117 160//160 129//129
f 160//160 117//117 147//147
f 102//102 161//161 130//130
f 161//161 102//102 129//129
f 130//130 162//162 131//131
f 162//162 130//130 163//163
f 164//164 133//133 165//165
f 133//133 164//164 132//132
f 133//133 134//134 166//166
f 134//134 133//133 105//105
f 134//134 135//135 167//167
f 135//135 134//134 106//106
f 135//135 136//136 168//168
f 136//136 135//135 107//107
f 136//136 137//137 169//169
f 137//137 136//136 108//108
f 137//137 138//138 170//170
f 138//138 137//137 109//109
f 138//138 139//139 171//171
f 139//139 138//138 110//110
f 172//172 111//111 140//140
f 111//111 172//172 139//139
f 142//142 173//173 141//141
f 173//173 142//142 174//174
f 175//175 112//112 143//143
f 112//112 175//175 140//140
f 113//113 176//176 144//144
f 176//176 113//113 141//141
f 177//177 115//115 145//145
f 115//115 177//177 143//143
f 118//118 178//178 148//148
f 178//178 118//118 144//144
f 179//179 146//146 180//180
f 146//146 179//179 145//145
f 148//148 181//181 147//147
f 181//181 148//148 182//182
f 183//183 150//150 149//149
f 150//150 183//183 184//184
f 150//150 151//151 120//120
f 151//151 150//150 185//185
f 151//151 152//152 121//121
f 152//152 151//151 186//186
f 122//122 187//187 153//153
f 187//187 122//122 152//152
f 123//123 188//188 154//154
f 188//188 123//123 153//153
f 124//124 189//189 155//155
f 189//189 124//124 154//154
f 125//125 190//190 156//156
f 190//190 125//125 155//155
f 126//126 191//191 157//157
f 191//191 126//126 156//156
f 127//127 192//192 158//158
f 192//192 127//127 157//157
f 193//193 128//128 158//158
f 128//128 193//193 159//159
f 194//194 146//146 159//159
f 146//146 194//194 180//180
f 147//147 195//195 160//160
f 195//195 147//147 181//181
f 129//129 196//196 161//161
f 196//196 129//129 160//160
f 161//161 163//163 130//130
f 163//163 161//161 197//197
f 163//163 198//198 162//162
f 198//198 163//163 199//199
f 200//200 165//165 201//201
f 165//165 200//200 164//164
f 165//165 166//166 202//202
f 166//166 165//165 133//133
f 166//166 167//167 203//203
f 167//167 166//166 134//134
f 167//167 168//168 204//204
f 168//168 167//167 135//135
f 168//168 169//169 205//205
f 169//169 168//168 136//136
f 169//169 170//170 206//206
f 170//170 169//169 137//137
f 170//170 171//171 207//207
f 171//171 170//170 138//138
f 171//171 172//172 208//208
f 172//172 171//171 139//139
f 209//209 174//174 210//210
f 174//174 209//209 173//173
f 211//211 140//140 175//175
f 140//140 211//211 172//172
f 141//141 212//212 176//176
f 212//212 141//141 173//173
f 213//213 143//143 177//177
f 143//143 213//213 175//175
f 144//144 214//214 178//178
f 214//214 144//144 176//176
f 215//215 145//145 179//179
f 145//145 215//215 177//177
f 148//148 216//216 182//182
f 216//216 148//148 178//178
f 217//217 180//180 218//218
f 180//180 217//217 179//179
f 182//182 219//219 181//181
f 219//219 182//182 220//220
f 183//183 201//201 184//184
f 201//201 183//183 200//200
f 184//184 185//185 150//150
f 185//185 184//184 221//221
f 185//185 186//186 151//151
f 186//186 185//185 222//222
f 186//186 187//187 152//152
f 187//187 186//186 223//223
f 153//153 224//224 188//188
f 224//224 153//153 187//187
f 154//154 225//225 189//189
f 225//225 154//154 188//188
f 155//155 226//226 190//190
f 226//226 155//155 189//189
f 156//156 227//227 191//191
f 227//227 156//156 190//190
f 157//157 228//228 192//192
f 228//228 157//157 191//191
f 158//158 229//229 193//193
f 229//229 158//158 192//192
f 230//230 159//159 193//193
f 159//159 230//230 194//194
f 231//231 180//180 194//194
f 180//180 231//231 218//218
f 181//181 232//232 195//195
f 232//232 181//181 219//219
f 160//160 233//233 196//196
f 233//233 160//160 195//195
f 196//196 197//197 161//161
f 197//197 196//196 234//234
f 197//197 199//199 163//163
f 199//199 197//197 235//235
f 199//199 236//236 198//198
f 236//236 199//199 237//237
f 201//201 202//202 238//238
f 202//202 201//201 165//165
f 202//202 203//203 239//239
f 203//203 202//202 166//166
f 203//203 204//204 240//240
f 204//204 203//203 167//167
f 204//204 205//205 241//241
f 205//205 204//204 168//168
f 205//205 206//206 242//242
f 206//206 205//205 169//169
f 206//206 207//207 243//243
f 207//207 206//206 170//170
f 207//207 208//208 244//244
f 208//208 207//207 171//171
f 245//245 210//210 246//246
f 210//210 245//245 209//209
f 208//208 211//211 247//247
f 211//211 208//208 172//172
f 248//248 173//173 209//209
f 173//173 248//248 212//212
f 249//249 175//175 213//213
f 175//175 249//249 211//211
f 176//176 250//250 214//214
f 250//250 176//176 212//212
f 251//251 177//177 215//215
f 177//177 251//251 213//213
f 178//178 252//252 216//216
f 252//252 178//178 214//214
f 253//253 179//179 217//217
f 179//179 253//253 215//215
f 182//182 254//254 220//220
f 254//254 182//182 216//216
f 255//255 218//218 256//256
f 218//218 255//255 217//217
f 220//220 257//257 219//219
f 257//257 220//220 258//258
f 184//184 238//238 221//221
f 238//238 184//184 201//201
f 221//221 222//222 185//185
f 222//222 221//221 259//259
f 222//222 223//223 186//186
f 223//223 222//222 260//260
f 223//223 224//224 187//187
f 224//224 223//223 261//261
f 188//188 262//262 225//225
f 262//262 188//188 224//224
f 189//189 263//263 226//226
f 263//263 189//189 225//225
f 190//190 264//264 227//227
f 264//264 190//190 226//226
f 191//191 265//265 228//228
f 265//265 191//191 227//227
f 192//192 266//266 229//229
f 266//266 192//192 228//228
f 193//193 267//267 230//230
f 267//267 193//193 229//229
f 268//268 194//194 230//230
f 194//194 268//268 231//231
f 256//256 231//231 269//269
f 231//231 256//256 218//218
f 219//219 270//270 232//232
f 270//270 219//219 257//257
f 195//195 271//271 233//233
f 271//271 195//195 232//232
f 233//233 234//234 196//196
f 234//234 233//233 272//272
f 234//234 235//235 197//197
f 235//235 234//234 273//273
f 235//235 237//237 199//199
f 237//237 235//235 274//274
f 237//237 275//275 236//236
f 275//275 237//237 276//276
f 238//238 239//239 277//277
f 239//239 238//238 202//202
f 239//239 240//240 278//278
f 240//240 239//239 203//203
f 240//240 241//241 279//279
f 241//241 240//240 204//204
f 241//241 242//242 280//280
f 242//242 241//241 205//205
f 242//242 243//243 281//281
f 243//243 242//242 206//206
f 243//243 244//244 282//282
f 244//244 243//243 207//207
f 283//283 246//246 284//284
f 246//246 283//283 245//245
f 244//244 247//247 285//285
f 247//247 244//244 208//208
f 286//286 209//209 245//245
f 209//209 286//286 248//248
f 247//247 249//249 287//287
f 249//249 247//247 211//211
f 288//288 212//212 248//248
f 212//212 288//288 250//250
f 289//289 213//213 251//251
f 213//213 289//289 249//249
f 214//214 290//290 252//252
f 290//290 214//214 250//250
f 291//291 215//215 253//253
f 215//215 291//291 251//251
f 216//216 292//292 254//254
f 292//292 216//216 252//252
f 255//255 253//253 217//217
f 253//253 255//255 293//293
f 220//220 294//294 258//258
f 294//294 220//220 254//254
f 295//295 256//256 296//296
f 256//256 295//295 255//255
f 258//258 297//297 257//257
f 297//297 258//258 298//298
f 221//221 277//277 259//259
f 277//277 221//221 238//238
f 259//259 260//260 222//222
f 260//260 259//259 299//299
f 260//260 261//261 223//223
f 261//261 260//260 300//300
f 261//261 262//262 224//224
f 262//262 261//261 301//301
f 225//225 302//302 263//263
f 302//302 225//225 262//262
f 226//226 303//303 264//264
f 303//303 226//226 263//263
f 227//227 304//304 265//265
f 304//304 227//227 264//264
f 228//228 305//305 266//266
f 305//305 228//228 265//265
f 229//229 306//306 267//267
f 306//306 229//229 266//266
f 230//230 307//307 268//268
f 307//307 230//230 267//267
f 269//269 268//268 308//308
f 268//268 269//269 231//231
f 309//309 256//256 269//269
f 256//256 309//309 296//296
f 270//270 297//297 310//310
f 297//297 270//270 257//257
f 232//232 311//311 271//271
f 311//311 232//232 270//270
f 271//271 272//272 233//233
f 272//272 271//271 312//312
f 272//272 273//273 234//234
f 273//273 272//272 313//313
f 273//273 274//274 235//235
f 274//274 273//273 314//314
f 274//274 276//276 237//237
f 276//276 274//274 315//315
f 276//276 316//316 275//275
f 316//316 276//276 317//317
f 277//277 278//278 318//318
f 278//278 277//277 239//239
f 278//278 279//279 319//319
f 279//279 278//278 240//240
f 279//279 280//280 320//320
f 280//280 279//279 241//241
f 280//280 281//281 321//321
f 281//281 280//280 242//242
f 281//281 282//282 322//322
f 282//282 281//281 243//243
f 323//323 284//284 324//324
f 284//284 323//323 283//283
f 282//282 285//285 325//325
f 285//285 282//282 244//244
f 326//326 245//245 283//283
f 245//245 326//326 286//286
f 285//285 287//287 327//327
f 287//287 285//285 247//247
f 328//328 248//248 286//286
f 248//248 328//328 288//288
f 287//287 289//289 329//329
f 289//289 287//287 249//249
f 330//330 250//250 288//288
f 250//250 330//330 290//290
f 331//331 251//251 291//291
f 251//251 331//331 289//289
f 252//252 332//332 292//292
f 332//332 252//252 290//290
f 293//293 291//291 253//253
f 291//291 293//293 333//333
f 254//254 334//334 294//294
f 334//334 254//254 292//292
f 335//335 255//255 295//295
f 255//255 335//335 293//293
f 294//294 298//298 258//258
f 298//298 294//294 336//336
f 337//337 296//296 338//338
f 296//296 337//337 295//295
f 298//298 339//339 297//297
f 339//339 298//298 340//340
f 259//259 318//318 299//299
f 318//318 259//259 277//277
f 299//299 300//300 260//260
f 300//300 299//299 341//341
f 300//300 301//301 261//261
f 301//301 300//300 342//342
f 301//301 302//302 262//262
f 302//302 301//301 343//343
f 263//263 344//344 303//303
f 344//344 263//263 302//302
f 264//264 345//345 304//304
f 345//345 264//264 303//303
f 265//265 346//346 305//305
f 346//346 265//265 304//304
f 266//266 347//347 306//306
f 347//347 266//266 305//305
f 267//267 348//348 307//307
f 348//348 267//267 306//306
f 268//268 349//349 308//308
f 349//349 268//268 307//307
f 350//350 269//269 308//308
f 269//269 350//350 309//309
f 351//351 296//296 309//309
f 296//296 351//351 338//338
f 310//310 339//339 352//352
f 339//339 310//310 297//297
f 311//311 310//310 353//353
f 310//310 311//311 270//270
f 311//311 312//312 271//271
f 312//312 311//311 354//354
f 312//312 313//313 272//272
f 313//313 312//312 355//355
f 313//313 314//314 273//273
f 314//314 313//313 356//356
f 314//314 315//315 274//274
f 315//315 314//314 357//357
f 315//315 317//317 276//276
f 317//317 315//315 358//358
f 317//317 359//359 316//316
f 359//359 317//317 360//360
f 318//318 319//319 361//361
f 319//319 318//318 278//278
f 319//319 320//320 362//362
f 320//320 319//319 279//279
f 320//320 321//321 363//363
f 321//321 320//320 280//280
f 321//321 322//322 364//364
f 322//322 321//321 281//281
f 365//365 324//324 366//366
f 324//324 365//365 323//323
f 322//322 325//325 367//367
f 325//325 322//322 282//282
f 368//368 283//283 323//323
f 283//283 368//368 326//326
f 325//325 327//327 369//369
f 327//327 325//325 285//285
f 370//370 286//286 326//326
f 286//286 370//370 328//328
f 327//327 329//329 371//371
f 329//329 327//327 287//287
f 372//372 288//288 328//328
f 288//288 372//372 330//330
f 329//329 331//331 373//373
f 331//331 329//329 289//289
f 374//374 290//290 330//330
f 290//290 374//374 332//332
f 333//333 331//331 291//291
f 331//331 333//333 375//375
f 292//292 376//376 334//334
f 376//376 292//292 332//332
f 377//377 293//293 335//335
f 293//293 377//377 333//333
f 334//334 336//336 294//294
f 336//336 334//334 378//378
f 379//379 295//295 337//337
f 295//295 379//379 335//335
f 336//336 340//340 298//298
f 340//340 336//336 380//380
f 381//381 338//338 382//382
f 338//338 381//381 337//337
f 339//339 383//383 384//384
f 383//383 339//339 340//340
f 299//299 361//361 341//341
f 361//361 299//299 318//318
f 341//341 342//342 300//300
f 342//342 341//341 385//385
f 342//342 343//343 301//301
f 343//343 342//342 386//386
f 343//343 344//344 302//302
f 344//344 343//343 387//387
f 303//303 388//388 345//345
f 388//388 303//303 344//344
f 304//304 389//389 346//346
f 389//389 304//304 345//345
f 305//305 390//390 347//347
f 390//390 305//305 346//346
f 306//306 391//391 348//348
f 391//391 306//306 347//347
f 307//307 392//392 349//349
f 392//392 307//307 348//348
f 308//308 393//393 350//350
f 393//393 308//308 349//349
f 394//394 309//309 350//350
f 309//309 394//394 351//351
f 395//395 338//338 351//351
f 338//338 395//395 382//382
f 352//352 384//384 396//396
f 384//384 352//352 339//339
f 353//353 352//352 397//397
f 352//352 353//353 310//310
f 353//353 354//354 311//311
f 354//354 353//353 398//398
f 354//354 355//355 312//312
f 355//355 354//354 399//399
f 355//355 356//356 313//313
f 356//356 355//355 400//400
f 356//356 357//357 314//314
f 357//357 356//356 401//401
f 357//357 358//358 315//315
f 358//358 357//357 402//402
f 358//358 360//360 317//317
f 360//360 358//358 403//403
f 360//360 404//404 359//359
f 404//404 360//360 405//405
f 361//361 362//362 406//406
f 362//362 361//361 319//319
f 362//362 363//363 407//407
f 363//363 362//362 320//320
f 363//363 364//364 408//408
f 364//364 363//363 321//321
f 409//409 366//366 410//410
f 366//366 409//409 365//365
f 364//364 367//367 411//411
f 367//367 364//364 322//322
f 412//412 323//323 365//365
f 323//323 412//412 368//368
f 367//367 369//369 413//413
f 369//369 367//367 325//325
f 414//414 326//326 368//368
f 326//326 414//414 370//370
f 369//369 371//371 415//415
f 371//371 369//369 327//327
f 416//416 328//328 370//370
f 328//328 416//416 372//372
f 371//371 373//373 417//417
f 373//373 371//371 329//329
f 418//418 330//330 372//372
f 330//330 418//418 374//374
f 373//373 375//375 419//419
f 375//375 373//373 331//331
f 420//420 332//332 374//374
f 332//332 420//420 376//376
f 421//421 333//333 377//377
f 333//333 421//421 375//375
f 376//376 378//378 334//334
f 378//378 376//376 422//422
f 423//423 335//335 379//379
f 335//335 423//423 377//377
f 378//378 380//380 336//336
f 380//380 378//378 424//424
f 425//425 337//337 381//381
f 337//337 425//425 379//379
f 380//380 383//383 340//340
f 383//383 380//380 426//426
f 427//427 382//382 428//428
f 382//382 427//427 381//381
f 383//383 429//429 384//384
f 429//429 383//383 430//430
f 341//341 406//406 385//385
f 406//406 341//341 361//361
f 385//385 386//386 342//342
f 386//386 385//385 431//431
f 386//386 387//387 343//343
f 387//387 386//386 432//432
f 387//387 388//388 344//344
f 388//388 387//387 433//433
f 345//345 434//434 389//389
f 434//434 345//345 388//388
f 346//346 435//435 390//390
f 435//435 346//346 389//389
f 347//347 436//436 391//391
f 436//436 347//347 390//390
f 348//348 437//437 392//392
f 437//437 348//348 391//391
f 349//349 438//438 393//393
f 438//438 349//349 392//392
f 350//350 439//439 394//394
f 439//439 350//350 393//393
f 440//440 351//351 394//394
f 351//351 440//440 395//395
f 441//441 382//382 395//395
f 382//382 441//441 428//428
f 396//396 429//429 442//442
f 429//429 396//396 384//384
f 397//397 396//396 443//443
f 396//396 397//397 352//352
f 397//397 398//398 353//353
f 398//398 397//397 444//444
f 398//398 399//399 354//354
f 399//399 398//398 445//445
f 399//399 400//400 355//355
f 400//400 399//399 446//446
f 400//400 401//401 356//356
f 401//401 400//400 447//447
f 401//401 402//402 357//357
f 402//402 401//401 448//448
f 402//402 403//403 358//358
f 403//403 402//402 449//449
f 403//403 405//405 360//360
f 405//405 403//403 450//450
f 405//405 451//451 404//404
f 451//451 405//405 452//452
f 406//406 407//407 453//453
f 407//407 406//406 362//362
f 407//407 408//408 454//454
f 408//408 407//407 363//363
f 409//409 455//455 456//456
f 455//455 409//409 410//410
f 408//408 411//411 457//457
f 411//411 408//408 364//364
f 458//458 365//365 409//409
f 365//365 458//458 412//412
f 411//411 413//413 459//459
f 413//413 411//411 367//367
f 460//460 368//368 412//412
f 368//368 460//460 414//414
f 413//413 415//415 461//461
f 415//415 413//413 369//369
f 462//462 370//370 414//414
f 370//370 462//462 416//416
f 415//415 417//417 463//463
f 417//417 415//415 371//371
f 464//464 372//372 416//416
f 372//372 464//464 418//418
f 417//417 419//419 465//465
f 419//419 417//417 373//373
f 466//466 374//374 418//418
f 374//374 466//466 420//420
f 419//419 421//421 467//467
f 421//421 419//419 375//375
f 468//468 376//376 420//420
f 376//376 468//468 422//422
f 469//469 377//377 423//423
f 377//377 469//469 421//421
f 422//422 424//424 378//378
f 424//424 422//422 470//470
f 471//471 379//379 425//425
f 379//379 471//471 423//423
f 424//424 426//426 380//380
f 426//426 424//424 472//472
f 473//473 381//381 427//427
f 381//381 473//473 425//425
f 426//426 430//430 383//383
f 430//430 426//426 474//474
f 475//475 428//428 476//476
f 428//428 475//475 427//427
f 429//429 477//477 478//478
f 477//477 429//429 430//430
f 385//385 453//453 431//431
f 453//453 385//385 406//406
f 431//431 432//432 386//386
f 432//432 431//431 479//479
f 432//432 433//433 387//387
f 433//433 432//432 480//480
f 433//433 434//434 388//388
f 434//434 433//433 481//481
f 389//389 482//482 435//435
f 482//482 389//389 434//434
f 390//390 483//483 436//436
f 483//483 390//390 435//435
f 391//391 484//484 437//437
f 484//484 391//391 436//436
f 392//392 485//485 438//438
f 485//485 392//392 437//437
f 393//393 486//486 439//439
f 486//486 393//393 438//438
f 394//394 487//487 440//440
f 487//487 394//394 439//439
f 488//488 395//395 440//440
f 395//395 488//488 441//441
f 489//489 428//428 441//441
f 428//428 489//489 476//476
f 442//442 478//478 490//490
f 478//478 442//442 429//429
f 443//443 442//442 491//491
f 442//442 443//443 396//396
f 443//443 444//444 397//397
f 444//444 443//443 492//492
f 444//444 445//445 398//398
f 445//445 444//444 493//493
f 445//445 446//446 399//399
f 446//446 445//445 494//494
f 446//446 447//447 400//400
f 447//447 446//446 495//495
f 447//447 448//448 401//401
f 448//448 447//447 496//496
f 448//448 449//449 402//402
f 449//449 448//448 497//497
f 449//449 450//450 403//403
f 450//450 449//449 498//498
f 450//450 452//452 405//405
f 452//452 450//450 499//499
f 500//500 451//451 452//452
f 451//451 500//500 501//501
f 453//453 454//454 502//502
f 454//454 453//453 407//407
f 456//456 503//503 504//504
f 503//503 456//456 455//455
f 454//454 457//457 505//505
f 457//457 454//454 408//408
f 458//458 456//456 506//506
f 456//456 458//458 409//409
f 457//457 459//459 507//507
f 459//459 457//457 411//411
f 508//508 412//412 458//458
f 412//412 508//508 460//460
f 459//459 461//461 509//509
f 461//461 459//459 413//413
f 510//510 414//414 460//460
f 414//414 510//510 462//462
f 461//461 463//463 511//511
f 463//463 461//461 415//415
f 512//512 416//416 462//462
f 416//416 512//512 464//464
f 463//463 465//465 513//513
f 465//465 463//463 417//417
f 514//514 418//418 464//464
f 418//418 514//514 466//466
f 465//465 467//467 515//515
f 467//467 465//465 419//419
f 516//516 420//420 466//466
f 420//420 516//516 468//468
f 467//467 469//469 517//517
f 469//469 467//467 421//421
f 518//518 422//422 468//468
f 422//422 518//518 470//470
f 519//519 423//423 471//471
f 423//423 519//519 469//469
f 470//470 472//472 424//424
f 472//472 470//470 520//520
f 521//521 425//425 473//473
f 425//425 521//521 471//471
f 472//472 474//474 426//426
f 474//474 472//472 522//522
f 523//523 427//427 475//475
f 427//427 523//523 473//473
f 474//474 477//477 430//430
f 477//477 474//474 524//524
f 525//525 475//475 476//476
f 475//475 525//525 526//526
f 477//477 527//527 478//478
f 527//527 477//477 528//528
f 431//431 502//502 479//479
f 502//502 431//431 453//453
f 479//479 480//480 432//432
f 480//480 479//479 529//529
f 480//480 481//481 433//433
f 481//481 480//480 530//530
f 481//481 482//482 434//434
f 482//482 481//481 531//531
f 435//435 532//532 483//483
f 532//532 435//435 482//482
f 436//436 533//533 484//484
f 533//533 436//436 483//483
f 437//437 534//534 485//485
f 534//534 437//437 484//484
f 438//438 535//535 486//486
f 535//535 438//438 485//485
f 439//439 536//536 487//487
f 536//536 439//439 486//486
f 440//440 537//537 488//488
f 537//537 440//440 487//487
f 538//538 441//441 488//488
f 441//441 538//538 489//489
f 539//539 476//476 489//489
f 476//476 539//539 525//525
f 490//490 527//527 540//540
f 527//527 490//490 478//478
f 491//491 490//490 541//541
f 490//490 491//491 442//442
f 491//491 492//492 443//443
f 492//492 491//491 542//542
f 492//492 493//493 444//444
f 493//493 492//492 543//543
f 493//493 494//494 445//445
f 494//494 493//493 544//544
f 494//494 495//495 446//446
f 495//495 494//494 545//545
f 495//495 496//496 447//447
f 496//496 495//495 546//546
f 496//496 497//497 448//448
f 497//497 496//496 547//547
f 497//497 498//498 449//449
f 498//498 497//497 548//548
f 498//498 499//499 450//450
f 499//499 498//498 549//549
f 550//550 452//452 499//499
f 452//452 550//550 500//500
f 504//504 501//501 500//500
f 501//501 504//504 503//503
f 502//502 505//505 551//551
f 505//505 502//502 454//454
f 506//506 504//504 552//552
f 504//504 506//506 456//456
f 505//505 507//507 553//553
f 507//507 505//505 457//457
f 508//508 506//506 554//554
f 506//506 508//508 458//458
f 507//507 509//509 555//555
f 509//509 507//507 459//459
f 556//556 460//460 508//508
f 460//460 556//556 510//510
f 509//509 511//511 557//557
f 511//511 509//509 461//461
f 558//558 462//462 510//510
f 462//462 558//558 512//512
f 511//511 513//513 559//559
f 513//513 511//511 463//463
f 560//560 464//464 512//512
f 464//464 560//560 514//514
f 513//513 515//515 561//561
f 515//515 513//513 465//465
f 562//562 466//466 514//514
f 466//466 562//562 516//516
f 515//515 517//517 563//563
f 517//517 515//515 467//467
f 564//564 468//468 516//516
f 468//468 564//564 518//518
f 517//517 519//519 565//565
f 519//519 517//517 469//469
f 566//566 470//470 518//518
f 470//470 566//566 520//520
f 567//567 471//471 521//521
f 471//471 567//567 519//519
f 520//520 522//522 472//472
f 522//522 520//520 568//568
f 569//569 473//473 523//523
f 473//473 569//569 521//521
f 522//522 524//524 474//474
f 524//524 522//522 570//570
f 571//571 475//475 526//526
f 475//475 571//571 523//523
f 524//524 528//528 477//477
f 528//528 524//524 572//572
f 573//573 525//525 574//574
f 525//525 573//573 526//526
f 528//528 575//575 527//527
f 575//575 528//528 576//576
f 479//479 551//551 529//529
f 551//551 479//479 502//502
f 529//529 530//530 480//480
f 530//530 529//529 577//577
f 530//530 531//531 481//481
f 531//531 530//530 578//578
f 531//531 532//532 482//482
f 532//532 531//531 579//579
f 483//483 580//580 533//533
f 580//580 483//483 532//532
f 484//484 581//581 534//534
f 581//581 484//484 533//533
f 485//485 582//582 535//535
f 582//582 485//485 534//534
f 486//486 583//583 536//536
f 583//583 486//486 535//535
f 487//487 584//584 537//537
f 584//584 487//487 536//536
f 488//488 585//585 538//538
f 585//585 488//488 537//537
f 586//586 489//489 538//538
f 489//489 586//586 539//539
f 587//587 525//525 539//539
f 525//525 587//587 574//574
f 540//540 575//575 588//588
f 575//575 540//540 527//527
f 541//541 540//540 589//589
f 540//540 541//541 490//490
f 541//541 542//542 491//491
f 542//542 541//541 590//590
f 542//542 543//543 492//492
f 543//543 542//542 591//591
f 543//543 544//544 493//493
f 544//544 543//543 592//592
f 544//544 545//545 494//494
f 545//545 544//544 593//593
f 545//545 546//546 495//495
f 546//546 545//545 594//594
f 546//546 547//547 496//496
f 547//547 546//546 595//595
f 547//547 548//548 497//497
f 548//548 547//547 596//596
f 548//548 549//549 498//498
f 549//549 548//548 597//597
f 598//598 499//499 549//549
f 499//499 598//598 550//550
f 552//552 500//500 550//550
f 500//500 552//552 504//504
f 551//551 553//553 599//599
f 553//553 551//551 505//505
f 554//554 552//552 600//600
f 552//552 554//554 506//506
f 553//553 555//555 601//601
f 555//555 553//553 507//507
f 556//556 554//554 602//602
f 554//554 556//556 508//508
f 555//555 557//557 603//603
f 557//557 555//555 509//509
f 604//604 510//510 556//556
f 510//510 604//604 558//558
f 557//557 559//559 605//605
f 559//559 557//557 511//511
f 606//606 512//512 558//558
f 512//512 606//606 560//560
f 559//559 561//561 607//607
f 561//561 559//559 513//513
f 608//608 514//514 560//560
f 514//514 608//608 562//562
f 561//561 563//563 609//609
f 563//563 561//561 515//515
f 610//610 516//516 562//562
f 516//516 610//610 564//564
f 563//563 565//565 611//611
f 565//565 563//563 517//517
f 612//612 518//518 564//564
f 518//518 612//612 566//566
f 565//565 567//567 613//613
f 567//567 565//565 519//519
f 614//614 520//520 566//566
f 520//520 614//614 568//568
f 615//615 521//521 569//569
f 521//521 615//615 567//567
f 568//568 570//570 522//522
f 570//570 568//568 616//616
f 617//617 523//523 571//571
f 523//523 617//617 569//569
f 570//570 572//572 524//524
f 572//572 570//570 618//618
f 619//619 526//526 573//573
f 526//526 619//619 571//571
f 572//572 576//576 528//528
f 576//576 572//572 620//620
f 621//621 574//574 622//622
f 574//574 621//621 573//573
f 576//576 623//623 575//575
f 623//623 576//576 624//624
f 529//529 599//599 577//577
f 599//599 529//529 551//551
f 577//577 578//578 530//530
f 578//578 577//577 625//625
f 578//578 579//579 531//531
f 579//579 578//578 626//626
f 532//532 627//627 580//580
f 627//627 532//532 579//579
f 533//533 628//628 581//581
f 628//628 533//533 580//580
f 534//534 629//629 582//582
f 629//629 534//534 581//581
f 535//535 630//630 583//583
f 630//630 535//535 582//582
f 536//536 631//631 584//584
f 631//631 536//536 583//583
f 537//537 632//632 585//585
f 632//632 537//537 584//584
f 538//538 633//633 586//586
f 633//633 538//538 585//585
f 634//634 539//539 586//586
f 539//539 634//634 587//587
f 635//635 574//574 587//587
f 574//574 635//635 622//622
f 588//588 623//623 636//636
f 623//623 588//588 575//575
f 589//589 588//588 637//637
f 588//588 589//589 540//540
f 589//589 590//590 541//541
f 590//590 589//589 638//638
f 590//590 591//591 542//542
f 591//591 590//590 639//639
f 591//591 592//592 543//543
f 592//592 591//591 640//640
f 592//592 593//593 544//544
f 593//593 592//592 641//641
f 593//593 594//594 545//545
f 594//594 593//593 642//642
f 594//594 595//595 546//546
f 595//595 594//594 643//643
f 595//595 596//596 547//547
f 596//596 595//595 644//644
f 596//596 597//597 548//548
f 597//597 596//596 645//645
f 646//646 549//549 597//597
f 549//549 646//646 598//598
f 600//600 550//550 598//598
f 550//550 600//600 552//552
f 599//599 601//601 647//647
f 601//601 599//599 553//553
f 602//602 600//600 648//648
f 600//600 602//602 554//554
f 601//601 603//603 649//649
f 603//603 601//601 555//555
f 604//604 602//602 650//650
f 602//602 604//604 556//556
f 603//603 605//605 651//651
f 605//605 603//603 557//557
f 652//652 558//558 604//604
f 558//558 652//652 606//606
f 605//605 607//607 653//653
f 607//607 605//605 559//559
f 654//654 560//560 606//606
f 560//560 654//654 608//608
f 607//607 609//609 655//655
f 609//609 607//607 561//561
f 656//656 562//562 608//608
f 562//562 656//656 610//610
f 609//609 611//611 657//657
f 611//611 609//609 563//563
f 658//658 564//564 610//610
f 564//564 658//658 612//612
f 611//611 613//613 659//659
f 613//613 611//611 565//565
f 660//660 566//566 612//612
f 566//566 660//660 614//614
f 613//613 615//615 661//661
f 615//615 613//613 567//567
f 662//662 568//568 614//614
f 568//568 662//662 616//616
f 663//663 569//569 617//617
f 569//569 663//663 615//615
f 616//616 618//618 570//570
f 618//618 616//616 664//664
f 665//665 571//571 619//619
f 571//571 665//665 617//617
f 618//618 620//620 572//572
f 620//620 618//618 666//666
f 667//667 573//573 621//621
f 573//573 667//667 619//619
f 620//620 624//624 576//576
f 624//624 620//620 668//668
f 624//624 622//622 623//623
f 622//622 624//624 621//621
f 577//577 647//647 625//625
f 647//647 577//577 599//599
f 625//625 626//626 578//578
f 626//626 625//625 669//669
f 579//579 670//670 627//627
f 670//670 579//579 626//626
f 627//627 628//628 580//580
f 628//628 627//627 671//671
f 581//581 672//672 629//629
f 672//672 581//581 628//628
f 582//582 673//673 630//630
f 673//673 582//582 629//629
f 583//583 674//674 631//631
f 674//674 583//583 630//630
f 584//584 675//675 632//632
f 675//675 584//584 631//631
f 585//585 676//676 633//633
f 676//676 585//585 632//632
f 586//586 677//677 634//634
f 677//677 586//586 633//633
f 678//678 587//587 634//634
f 587//587 678//678 635//635
f 636//636 622//622 635//635
f 622//622 636//636 623//623
f 637//637 636//636 679//679
f 636//636 637//637 588//588
f 637//637 638//638 589//589
f 638//638 637//637 680//680
f 638//638 639//639 590//590
f 639//639 638//638 681//681
f 639//639 640//640 591//591
f 640//640 639//639 682//682
f 640//640 641//641 592//592
f 641//641 640//640 683//683
f 641//641 642//642 593//593
f 642//642 641//641 684//684
f 642//642 643//643 594//594
f 643//643 642//642 685//685
f 686//686 595//595 643//643
f 595//595 686//686 644//644
f 644//644 645//645 596//596
f 645//645 644//644 687//687
f 688//688 597//597 645//645
f 597//597 688//688 646//646
f 648//648 598//598 646//646
f 598//598 648//648 600//600
f 647//647 649//649 689//689
f 649//649 647//647 601//601
f 650//650 648//648 690//690
f 648//648 650//650 602//602
f 603//603 691//691 649//649
f 691//691 603//603 651//651
f 652//652 650//650 692//692
f 650//650 652//652 604//604
f 651//651 653//653 693//693
f 653//653 651//651 605//605
f 694//694 606//606 652//652
f 606//606 694//694 654//654
f 653//653 655//655 695//695
f 655//655 653//653 607//607
f 696//696 608//608 654//654
f 608//608 696//696 656//656
f 655//655 657//657 697//697
f 657//657 655//655 609//609
f 698//698 610//610 656//656
f 610//610 698//698 658//658
f 657//657 659//659 699//699
f 659//659 657//657 611//611
f 700//700 612//612 658//658
f 612//612 700//700 660//660
f 659//659 661//661 701//701
f 661//661 659//659 613//613
f 702//702 614//614 660//660
f 614//614 702//702 662//662
f 661//661 663//663 703//703
f 663//663 661//661 615//615
f 704//704 616//616 662//662
f 616//616 704//704 664//664
f 705//705 617//617 665//665
f 617//617 705//705 663//663
f 664//664 666//666 618//618
f 666//666 664//664 706//706
f 707//707 619//619 667//667
f 619//619 707//707 665//665
f 666//666 668//668 620//620
f 668//668 666//666 708//708
f 668//668 621//621 624//624
f 621//621 668//668 667//667
f 625//625 689//689 669//669
f 689//689 625//625 647//647
f 669//669 670//670 626//626
f 670//670 669//669 709//709
f 670//670 671//671 627//627
f 671//671 670//670 710//710
f 671//671 672//672 628//628
f 672//672 671//671 711//711
f 629//629 712//712 673//673
f 712//712 629//629 672//672
f 630//630 713//713 674//674
f 713//713 630//630 673//673
f 631//631 714//714 675//675
f 714//714 631//631 674//674
f 632//632 715//715 676//676
f 715//715 632//632 675//675
f 633//633 716//716 677//677
f 716//716 633//633 676//676
f 634//634 717//717 678//678
f 717//717 634//634 677//677
f 679//679 635//635 678//678
f 635//635 679//679 636//636
f 679//679 680//680 637//637
f 680//680 679//679 718//718
f 680//680 681//681 638//638
f 681//681 680//680 719//719
f 681//681 682//682 639//639
f 682//682 681//681 720//720
f 682//682 683//683 640//640
f 683//683 682//682 721//721
f 683//683 684//684 641//641
f 684//684 683//683 722//722
f 684//684 685//685 642//642
f 685//685 684//684 723//723
f 724//724 643//643 685//685
f 643//643 724//724 686//686
f 725//725 644//644 686//686
f 644//644 725//725 687//687
f 726//726 645//645 687//687
f 645//645 726//726 688//688
f 690//690 646//646 688//688
f 646//646 690//690 648//648
f 649//649 727//727 689//689
f 727//727 649//649 691//691
f 692//692 690//690 728//728
f 690//690 692//692 650//650
f 691//691 693//693 729//729
f 693//693 691//691 651//651
f 730//730 652//652 692//692
f 652//652 730//730 694//694
f 693//693 695//695 731//731
f 695//695 693//693 653//653
f 732//732 654//654 694//694
f 654//654 732//732 696//696
f 695//695 697//697 733//733
f 697//697 695//695 655//655
f 734//734 656//656 696//696
f 656//656 734//734 698//698
f 697//697 699//699 735//735
f 699//699 697//697 657//657
f 736//736 658//658 698//698
f 658//658 736//736 700//700
f 699//699 701//701 737//737
f 701//701 699//699 659//659
f 738//738 660//660 700//700
f 660//660 738//738 702//702
f 701//701 703//703 739//739
f 703//703 701//701 661//661
f 740//740 662//662 702//702
f 662//662 740//740 704//704
f 703//703 705//705 741//741
f 705//705 703//703 663//663
f 742//742 664//664 704//704
f 664//664 742//742 706//706
f 743//743 665//665 707//707
f 665//665 743//743 705//705
f 706//706 708//708 666//666
f 708//708 706//706 744//744
f 708//708 667//667 668//668
f 667//667 708//708 707//707
f 689//689 709//709 669//669
f 709//709 689//689 727//727
f 709//709 710//710 670//670
f 710//710 709//709 745//745
f 710//710 711//711 671//671
f 711//711 710//710 746//746
f 711//711 712//712 672//672
f 712//712 711//711 747//747
f 673//673 748//748 713//713
f 748//748 673//673 712//712
f 674//674 749//749 714//714
f 749//749 674//674 713//713
f 675//675 750//750 715//715
f 750//750 675//675 714//714
f 676//676 751//751 716//716
f 751//751 676//676 715//715
f 677//677 752//752 717//717
f 752//752 677//677 716//716
f 678//678 718//718 679//679
f 718//718 678//678 717//717
f 718//718 719//719 680//680
f 719//719 718//718 753//753
f 719//719 720//720 681//681
f 720//720 719//719 754//754
f 720//720 721//721 682//682
f 721//721 720//720 755//755
f 721//721 722//722 683//683
f 722//722 721//721 756//756
f 722//722 723//723 684//684
f 723//723 722//722 757//757
f 758//758 685//685 723//723
f 685//685 758//758 724//724
f 759//759 686//686 724//724
f 686//686 759//759 725//725
f 760//760 687//687 725//725
f 687//687 760//760 726//726
f 728//728 688//688 726//726
f 688//688 728//728 690//690
f 727//727 729//729 761//761
f 729//729 727//727 691//691
f 762//762 692//692 728//728
f 692//692 762//762 730//730
f 729//729 731//731 763//763
f 731//731 729//729 693//693
f 764//764 694//694 730//730
f 694//694 764//764 732//732
f 731//731 733//733 765//765
f 733//733 731//731 695//695
f 766//766 696//696 732//732
f 696//696 766//766 734//734
f 733//733 735//735 767//767
f 735//735 733//733 697//697
f 768//768 698//698 734//734
f 698//698 768//768 736//736
f 735//735 737//737 769//769
f 737//737 735//735 699//699
f 770//770 700//700 736//736
f 700//700 770//770 738//738
f 737//737 739//739 771//771
f 739//739 737//737 701//701
f 772//772 702//702 738//738
f 702//702 772//772 740//740
f 739//739 741//741 773//773
f 741//741 739//739 703//703
f 774//774 704//704 740//740
f 704//704 774//774 742//742
f 741//741 743//743 775//775
f 743//743 741//741 705//705
f 776//776 706//706 742//742
f 706//706 776//776 744//744
f 744//744 707//707 708//708
f 707//707 744//744 743//743
f 709//709 761//761 745//745
f 761//761 709//709 727//727
f 745//745 746//746 710//710
f 746//746 745//745 777//777
f 746//746 747//747 711//711
f 747//747 746//746 778//778
f 747//747 748//748 712//712
f 748//748 747//747 779//779
f 713//713 780//780 749//749
f 780//780 713//713 748//748
f 714//714 781//781 750//750
f 781//781 714//714 749//749
f 715//715 782//782 751//751
f 782//782 715//715 750//750
f 716//716 783//783 752//752
f 783//783 716//716 751//751
f 717//717 753//753 718//718
f 753//753 717//717 752//752
f 753//753 754//754 719//719
f 754//754 753//753 784//784
f 754//754 755//755 720//720
f 755//755 754//754 785//785
f 755//755 756//756 721//721
f 756//756 755//755 786//786
f 756//756 757//757 722//722
f 757//757 756//756 787//787
f 788//788 723//723 757//757
f 723//723 788//788 758//758
f 789//789 724//724 758//758
f 724//724 789//789 759//759
f 790//790 725//725 759//759
f 725//725 790//790 760//760
f 760//760 728//728 726//726
f 728//728 760//760 762//762
f 761//761 763//763 791//791
f 763//763 761//761 729//729
f 792//792 730//730 762//762
f 730//730 792//792 764//764
f 763//763 765//765 793//793
f 765//765 763//763 731//731
f 794//794 732//732 764//764
f 732//732 794//794 766//766
f 765//765 767//767 795//795
f 767//767 765//765 733//733
f 796//796 734//734 766//766
f 734//734 796//796 768//768
f 767//767 769//769 797//797
f 769//769 767//767 735//735
f 798//798 736//736 768//768
f 736//736 798//798 770//770
f 769//769 771//771 799//799
f 771//771 769//769 737//737
f 800//800 738//738 770//770
f 738//738 800//800 772//772
f 771//771 773//773 801//801
f 773//773 771//771 739//739
f 802//802 740//740 772//772
f 740//740 802//802 774//774
f 773//773 775//775 803//803
f 775//775 773//773 741//741
f 804//804 742//742 774//774
f 742//742 804//804 776//776
f 775//775 744//744 776//776
f 744//744 775//775 743//743
f 745//745 791//791 777//777
f 791//791 745//745 761//761
f 777//777 778//778 746//746
f 778//778 777//777 805//805
f 778//778 779//779 747//747
f 779//779 778//778 806//806
f 779//779 780//780 748//748
f 780//780 779//779 807//807
f 749//749 808//808 781//781
f 808//808 749//749 780//780
f 750//750 809//809 782//782
f 809//809 750//750 781//781
f 751//751 810//810 783//783
f 810//810 751//751 782//782
f 752//752 784//784 753//753
f 784//784 752//752 783//783
f 784//784 785//785 754//754
f 785//785 784//784 811//811
f 785//785 786//786 755//755
f 786//786 785//785 812//812
f 786//786 787//787 756//756
f 787//787 786//786 813//813
f 814//814 757//757 787//787
f 757//757 814//814 788//788
f 815//815 758//758 788//788
f 758//758 815//815 789//789
f 816//816 759//759 789//789
f 759//759 816//816 790//790
f 790//790 762//762 760//760
f 762//762 790//790 792//792
f 791//791 793//793 817//817
f 793//793 791//791 763//763
f 818//818 764//764 792//792
f 764//764 818//818 794//794
f 793//793 795//795 819//819
f 795//795 793//793 765//765
f 820//820 766//766 794//794
f 766//766 820//820 796//796
f 795//795 797//797 821//821
f 797//797 795//795 767//767
f 822//822 768//768 796//796
f 768//768 822//822 798//798
f 797//797 799//799 823//823
f 799//799 797//797 769//769
f 824//824 770//770 798//798
f 770//770 824//824 800//800
f 799//799 801//801 825//825
f 801//801 799//799 771//771
f 826//826 772//772 800//800
f 772//772 826//826 802//802
f 801//801 803//803 827//827
f 803//803 801//801 773//773
f 828//828 774//774 802//802
f 774//774 828//828 804//804
f 803//803 776//776 804//804
f 776//776 803//803 775//775
f 777//777 817//817 805//805
f 817//817 777//777 791//791
f 805//805 806//806 778//778
f 806//806 805//805 829//829
f 806//806 807//807 779//779
f 807//807 806//806 830//830
f 807//807 808//808 780//780
f 808//808 807//807 831//831
f 781//781 832//832 809//809
f 832//832 781//781 808//808
f 782//782 833//833 810//810
f 833//833 782//782 809//809
f 783//783 811//811 784//784
f 811//811 783//783 810//810
f 811//811 812//812 785//785
f 812//812 811//811 834//834
f 812//812 813//813 786//786
f 813//813 812//812 835//835
f 836//836 787//787 813//813
f 787//787 836//836 814//814
f 837//837 788//788 814//814
f 788//788 837//837 815//815
f 838//838 789//789 815//815
f 789//789 838//838 816//816
f 816//816 792//792 790//790
f 792//792 816//816 818//818
f 817//817 819//819 839//839
f 819//819 817//817 793//793
f 840//840 794//794 818//818
f 794//794 840//840 820//820
f 819//819 821//821 841//841
f 821//821 819//819 795//795
f 842//842 796//796 820//820
f 796//796 842//842 822//822
f 821//821 823//823 843//843
f 823//823 821//821 797//797
f 844//844 798//798 822//822
f 798//798 844//844 824//824
f 823//823 825//825 845//845
f 825//825 823//823 799//799
f 846//846 800//800 824//824
f 800//800 846//846 826//826
f 825//825 827//827 847//847
f 827//827 825//825 801//801
f 848//848 802//802 826//826
f 802//802 848//848 828//828
f 827//827 804//804 828//828
f 804//804 827//827 803//803
f 805//805 839//839 829//829
f 839//839 805//805 817//817
f 829//829 830//830 806//806
f 830//830 829//829 849//849
f 830//830 831//831 807//807
f 831//831 830//830 850//850
f 831//831 832//832 808//808
f 832//832 831//831 851//851
f 809//809 852//852 833//833
f 852//852 809//809 832//832
f 810//810 834//834 811//811
f 834//834 810//810 833//833
f 834//834 835//835 812//812
f 835//835 834//834 853//853
f 854//854 813//813 835//835
f 813//813 854//854 836//836
f 855//855 814//814 836//836
f 814//814 855//855 837//837
f 856//856 815//815 837//837
f 815//815 856//856 838//838
f 838//838 818//818 816//816
f 818//818 838//838 840//840
f 839//839 841//841 857//857
f 841//841 839//839 819//819
f 858//858 820//820 840//840
f 820//820 858//858 842//842
f 841//841 843//843 859//859
f 843//843 841//841 821//821
f 860//860 822//822 842//842
f 822//822 860//860 844//844
f 843//843 845//845 861//861
f 845//845 843//843 823//823
f 862//862 824//824 844//844
f 824//824 862//862 846//846
f 845//845 847//847 863//863
f 847//847 845//845 825//825
f 864//864 826//826 846//846
f 826//826 864//864 848//848
f 847//847 828//828 848//848
f 828//828 847//847 827//827
f 829//829 857//857 849//849
f 857//857 829//829 839//839
f 849//849 850//850 830//830
f 850//850 849//849 865//865
f 850//850 851//851 831//831
f 851//851 850//850 866//866
f 851//851 852//852 832//832
f 852//852 851//851 867//867
f 833//833 853//853 834//834
f 853//853 833//833 852//852
f 868//868 835//835 853//853
f 835//835 868//868 854//854
f 869//869 836//836 854//854
f 836//836 869//869 855//855
f 870//870 837//837 855//855
f 837//837 870//870 856//856
f 856//856 840//840 838//838
f 840//840 856//856 858//858
f 857//857 859//859 871//871
f 859//859 857//857 841//841
f 872//872 842//842 858//858
f 842//842 872//872 860//860
f 859//859 861//861 873//873
f 861//861 859//859 843//843
f 874//874 844//844 860//860
f 844//844 874//874 862//862
f 861//861 863//863 875//875
f 863//863 861//861 845//845
f 876//876 846//846 862//862
f 846//846 876//876 864//864
f 863//863 848//848 864//864
f 848//848 863//863 847//847
f 849//849 871//871 865//865
f 871//871 849//849 857//857
f 865//865 866//866 850//850
f 866//866 865//865 877//877
f 866//866 867//867 851//851
f 867//867 866//866 878//878
f 867//867 853//853 852//852
f 853//853 867//867 868//868
f 879//879 854//854 868//868
f 854//854 879//879 869//869
f 880//880 855//855 869//869
f 855//855 880//880 870//870
f 870//870 858//858 856//856
f 858//858 870//870 872//872
f 871//871 873//873 881//881
f 873//873 871//871 859//859
f 882//882 860//860 872//872
f 860//860 882//882 874//874
f 873//873 875//875 883//883
f 875//875 873//873 861//861
f 884//884 862//862 874//874
f 862//862 884//884 876//876
f 875//875 864//864 876//876
f 864//864 875//875 863//863
f 865//865 881//881 877//877
f 881//881 865//865 871//871
f 877//877 878//878 866//866
f 878//878 877//877 885//885
f 878//878 868//868 867//867
f 868//868 878//878 879//879
f 886//886 869//869 879//879
f 869//869 886//886 880//880
f 880//880 872//872 870//870
f 872//872 880//880 882//882
f 881//881 883//883 887//887
f 883//883 881//881 873//873
f 888//888 874//874 882//882
f 874//874 888//888 884//884
f 883//883 876//876 884//884
f 876//876 883//883 875//875
f 877//877 887//887 885//885
f 887//887 877//877 881//881
f 885//885 879//879 878//878
f 879//879 885//885 886//886
f 886//886 882//882 880//880
f 882//882 886//886 888//888
f 887//887 884//884 888//888
f 884//884 887//887 883//883
f 885//885 888//888 886//886
f 888//888 885//885 887//887
f 889//889 890//890 891//891
f 890//890 889//889 892//892
f 892//892 893//893 890//890
f 893//893 892//892 894//894
f 895//895 891//891 896//896
f 891//891 895//895 889//889
f 894//894 897//897 893//893
f 897//897 894//894 898//898
f 899//899 895//895 896//896
f 895//895 899//899 900//900
f 898//898 901//901 897//897
f 901//901 898//898 902//902
f 903//903 900//900 899//899
f 900//900 903//903 904//904
f 902//902 905//905 901//901
f 905//905 902//902 906//906
f 907//907 904//904 903//903
f 904//904 907//907 908//908
f 909//909 905//905 906//906
f 905//905 909//909 910//910
f 911//911 908//908 907//907
f 908//908 911//911 912//912
f 913//913 910//910 909//909
f 910//910 913//913 914//914
f 915//915 912//912 911//911
f 912//912 915//915 916//916
f 917//917 914//914 913//913
f 914//914 917//917 918//918
f 919//919 916//916 915//915
f 916//916 919//919 920//920
f 921//921 918//918 917//917
f 918//918 921//921 922//922
f 923//923 919//919 924//924
f 919//919 923//923 920//920
f 925//925 922//922 921//921
f 922//922 925//925 926//926
f 927//927 924//924 928//928
f 924//924 927//927 923//923
f 929//929 926//926 925//925
f 926//926 929//929 930//930
f 931//931 928//928 932//932
f 928//928 931//931 927//927
f 929//929 933//933 930//930
f 933//933 929//929 934//934
f 935//935 932//932 936//936
f 932//932 935//935 931//931
f 934//934 936//936 933//933
f 936//936 934//934 935//935
f 937//937 938//938 939//939
f 940//940 938//938 937//937
f 940//940 941//941 938//938
f 942//942 941//941 940//940
f 942//942 943//943 941//941
f 944//944 943//943 942//942
f 944//944 945//945 943//943
f 946//946 945//945 944//944
f 946//946 947//947 945//945
f 948//948 947//947 946//946
f 948//948 949//949 947//947
f 950//950 949//949 948//948
f 950//950 951//951 949//949
f 952//952 951//951 950//950
f 952//952 953//953 951//951
f 954//954 953//953 952//952
f 954//954 955//955 953//953
f 956//956 955//955 954//954
f 956//956 957//957 955//955
f 958//958 957//957 956//956
f 958//958 959//959 957//957
f 959//959 958//958 960//960
f 923//923 937//937 939//939
f 923//923 940//940 937//937
f 923//923 942//942 940//940
f 927//927 942//942 923//923
f 927//927 944//944 942//942
f 927//927 946//946 944//944
f 931//931 946//946 927//927
f 931//931 948//948 946//946
f 931//931 950//950 948//948
f 931//931 952//952 950//950
f 935//935 952//952 931//931
f 935//935 954//954 952//952
f 935//935 956//956 954//954
f 935//935 958//958 956//956
f 934//934 958//958 935//935
f 934//934 960//960 958//958
f 929//929 960//960 934//934
f 929//929 902//902 960//960
f 929//929 906//906 902//902
f 925//925 906//906 929//929
f 925//925 909//909 906//906
f 921//921 909//909 925//925
f 921//921 913//913 909//909
f 913//913 921//921 917//917
f 912//912 904//904 908//908
f 912//912 900//900 904//904
f 916//916 900//900 912//912
f 920//920 900//900 916//916
f 920//920 895//895 900//900
f 923//923 895//895 920//920
f 939//939 895//895 923//923
f 939//939 889//889 895//895
f 938//938 889//889 939//939
f 941//941 889//889 938//938
f 943//943 889//889 941//941
f 943//943 892//892 889//889
f 945//945 892//892 943//943
f 947//947 892//892 945//945
f 949//949 892//892 947//947
f 949//949 894//894 892//892
f 951//951 894//894 949//949
f 953//953 894//894 951//951
f 953//953 898//898 894//894
f 955//955 898//898 953//953
f 957//957 898//898 955//955
f 959//959 898//898 957//957
f 959//959 902//902 898//898
f 902//902 959//959 960//960
f 961//961 962//962 963//963
f 961//961 907//907 962//962
f 961//961 911//911 907//907
f 964//964 911//911 961//961
f 964//964 915//915 911//911
f 965//965 915//915 964//964
f 965//965 919//919 915//915
f 966//966 919//919 965//965
f 966//966 924//924 919//919
f 967//967 924//924 966//966
f 967//967 928//928 924//924
f 968//968 928//928 967//967
f 968//968 932//932 928//928
f 968//968 936//936 932//932
f 969//969 936//936 968//968
f 969//969 933//933 936//936
f 970//970 933//933 969//969
f 970//970 930//930 933//933
f 971//971 930//930 970//970
f 971//971 926//926 930//930
f 972//972 926//926 971//971
f 972//972 922//922 926//926
f 922//922 973//973 918//918
f 973//973 922//922 972//972
f 903//903 962//962 907//907
f 903//903 974//974 962//962
f 899//899 974//974 903//903
f 899//899 975//975 974//974
f 896//896 975//975 899//899
f 896//896 976//976 975//975
f 891//891 976//976 896//896
f 891//891 977//977 976//976
f 890//890 977//977 891//891
f 893//893 977//977 890//890
f 893//893 978//978 977//977
f 897//897 978//978 893//893
f 897//897 979//979 978//978
f 901//901 979//979 897//897
f 901//901 980//980 979//979
f 905//905 980//980 901//901
f 905//905 981//981 980//980
f 910//910 981//981 905//905
f 910//910 982//982 981//981
f 914//914 982//982 910//910
f 914//914 983//983 982//982
f 918//918 983//983 914//914
f 973//973 983//983 918//918
f 983//983 973//973 984//984
f 91//91 114//114 89//89
f 103//103 114//114 91//91
f 103//103 142//142 114//114
f 131//131 142//142 103//103
f 131//131 174//174 142//142
f 131//131 210//210 174//174
f 162//162 210//210 131//131
f 162//162 246//246 210//210
f 198//198 246//246 162//162
f 236//236 246//246 198//198
f 236//236 284//284 246//246
f 275//275 284//284 236//236
f 275//275 324//324 284//284
f 275//275 366//366 324//324
f 316//316 366//366 275//275
f 316//316 410//410 366//366
f 359//359 410//410 316//316
f 359//359 455//455 410//410
f 404//404 455//455 359//359
f 451//451 455//455 404//404
f 451//451 503//503 455//455
f 503//503 451//451 501//501
f 985//985 986//986 987//987
f 988//988 987//987 986//986
f 986//986 987//987 988//988
f 987//987 986//986 985//985
f 986//986 989//989 988//988
f 990//990 988//988 989//989
f 989//989 988//988 990//990
f 988//988 989//989 986//986
f 991//991 992//992 989//989
f 993//993 989//989 992//992
f 992//992 989//989 993//993
f 989//989 992//992 991//991
f 994//994 991//991 986//986
f 989//989 986//986 991//991
f 991//991 986//986 989//989
f 986//986 991//991 994//994
f 995//995 994//994 985//985
f 986//986 985//985 994//994
f 994//994 985//985 986//986
f 985//985 994//994 995//995
f 996//996 995//995 997//997
f 985//985 997//997 995//995
f 995//995 997//997 985//985
f 997//997 995//995 996//996
f 998//998 996//996 999//999
f 997//997 999//999 996//996
f 996//996 999//999 997//997
f 999//999 996//996 998//998
f 997//997 985//985 1000//1000
f 987//987 1000//1000 985//985
f 985//985 1000//1000 987//987
f 1000//1000 985//985 997//997
f 987//987 988//988 1001//1001
f 1002//1002 1001//1001 988//988
f 988//988 1001//1001 1002//1002
f 1001//1001 988//988 987//987
f 988//988 990//990 1002//1002
f 1003//1003 1002//1002 990//990
f 990//990 1002//1002 1003//1003
f 1002//1002 990//990 988//988
f 989//989 993//993 990//990
f 1004//1004 990//990 993//993
f 993//993 990//990 1004//1004
f 990//990 993//993 989//989
f 992//992 1005//1005 993//993
f 1006//1006 993//993 1005//1005
f 1005//1005 993//993 1006//1006
f 993//993 1005//1005 992//992
f 1007//1007 1008//1008 1005//1005
f 1009//1009 1005//1005 1008//1008
f 1008//1008 1005//1005 1009//1009
f 1005//1005 1008//1008 1007//1007
f 1010//1010 1007//1007 992//992
f 1005//1005 992//992 1007//1007
f 1007//1007 992//992 1005//1005
f 992//992 1007//1007 1010//1010
f 1011//1011 1010//1010 991//991
f 992//992 991//991 1010//1010
f 1010//1010 991//991 992//992
f 991//991 1010//1010 1011//1011
f 1012//1012 1011//1011 994//994
f 991//991 994//994 1011//1011
f 1011//1011 994//994 991//991
f 994//994 1011//1011 1012//1012
f 1013//1013 1012//1012 995//995
f 994//994 995//995 1012//1012
f 1012//1012 995//995 994//994
f 995//995 1012//1012 1013//1013
f 1014//1014 1013//1013 996//996
f 995//995 996//996 1013//1013
f 1013//1013 996//996 995//995
f 996//996 1013//1013 1014//1014
f 1015//1015 1014//1014 998//998
f 996//996 998//998 1014//1014
f 1014//1014 998//998 996//996
f 998//998 1014//1014 1015//1015
f 1015//1015 998//998 1016//1016
f 1017//1017 1016//1016 998//998
f 998//998 1016//1016 1017//1017
f 1016//1016 998//998 1015//1015
f 1016//1016 1017//1017 1018//1018
f 1019//1019 1018//1018 1017//1017
f 1017//1017 1018//1018 1019//1019
f 1018//1018 1017//1017 1016//1016
f 998//998 999//999 1017//1017
f 1020//1020 1017//1017 999//999
f 999//999 1017//1017 1020//1020
f 1017//1017 999//999 998//998
f 999//999 997//997 1021//1021
f 1000//1000 1021//1021 997//997
f 997//997 1021//1021 1000//1000
f 1021//1021 997//997 999//999
f 1000//1000 987//987 1022//1022
f 1001//1001 1022//1022 987//987
f 987//987 1022//1022 1001//1001
f 1022//1022 987//987 1000//1000
f 1023//1023 1024//1024 1025//1025
f 1026//1026 1025//1025 1024//1024
f 1024//1024 1025//1025 1026//1026
f 1025//1025 1024//1024 1023//1023
f 1001//1001 1002//1002 1027//1027
f 1028//1028 1027//1027 1002//1002
f 1002//1002 1027//1027 1028//1028
f 1027//1027 1002//1002 1001//1001
f 1029//1029 1025//1025 1030//1030
f 1031//1031 1030//1030 1025//1025
f 1025//1025 1030//1030 1031//1031
f 1030//1030 1025//1025 1029//1029
f 1025//1025 1026//1026 1031//1031
f 1032//1032 1031//1031 1026//1026
f 1026//1026 1031//1031 1032//1032
f 1031//1031 1026//1026 1025//1025
f 1026//1026 1033//1033 1032//1032
f 1034//1034 1032//1032 1033//1033
f 1033//1033 1032//1032 1034//1034
f 1032//1032 1033//1033 1026//1026
f 1033//1033 1035//1035 1034//1034
f 1036//1036 1034//1034 1035//1035
f 1035//1035 1034//1034 1036//1036
f 1034//1034 1035//1035 1033//1033
f 1024//1024 1037//1037 1026//1026
f 1033//1033 1026//1026 1037//1037
f 1037//1037 1026//1026 1033//1033
f 1026//1026 1037//1037 1024//1024
f 1002//1002 1003//1003 1028//1028
f 1038//1038 1028//1028 1003//1003
f 1003//1003 1028//1028 1038//1038
f 1028//1028 1003//1003 1002//1002
f 990//990 1004//1004 1003//1003
f 1039//1039 1003//1003 1004//1004
f 1004//1004 1003//1003 1039//1039
f 1003//1003 1004//1004 990//990
f 993//993 1006//1006 1004//1004
f 1040//1040 1004//1004 1006//1006
f 1006//1006 1004//1004 1040//1040
f 1004//1004 1006//1006 993//993
f 1005//1005 1009//1009 1006//1006
f 1041//1041 1006//1006 1009//1009
f 1009//1009 1006//1006 1041//1041
f 1006//1006 1009//1009 1005//1005
f 1008//1008 1042//1042 1009//1009
f 1043//1043 1009//1009 1042//1042
f 1042//1042 1009//1009 1043//1043
f 1009//1009 1042//1042 1008//1008
f 1044//1044 1045//1045 1046//1046
f 1042//1042 1046//1046 1045//1045
f 1045//1045 1046//1046 1042//1042
f 1046//1046 1045//1045 1044//1044
f 1046//1046 1042//1042 1047//1047
f 1008//1008 1047//1047 1042//1042
f 1042//1042 1047//1047 1008//1008
f 1047//1047 1042//1042 1046//1046
f 1047//1047 1008//1008 1048//1048
f 1007//1007 1048//1048 1008//1008
f 1008//1008 1048//1048 1007//1007
f 1048//1048 1008//1008 1047//1047
f 1048//1048 1007//1007 1049//1049
f 1010//1010 1049//1049 1007//1007
f 1007//1007 1049//1049 1010//1010
f 1049//1049 1007//1007 1048//1048
f 1049//1049 1010//1010 1050//1050
f 1011//1011 1050//1050 1010//1010
f 1010//1010 1050//1050 1011//1011
f 1050//1050 1010//1010 1049//1049
f 1050//1050 1011//1011 1051//1051
f 1012//1012 1051//1051 1011//1011
f 1011//1011 1051//1051 1012//1012
f 1051//1051 1011//1011 1050//1050
f 1051//1051 1012//1012 1052//1052
f 1013//1013 1052//1052 1012//1012
f 1012//1012 1052//1052 1013//1013
f 1052//1052 1012//1012 1051//1051
f 1013//1013 1014//1014 1052//1052
f 1053//1053 1052//1052 1014//1014
f 1014//1014 1052//1052 1053//1053
f 1052//1052 1014//1014 1013//1013
f 1014//1014 1015//1015 1053//1053
f 1054//1054 1053//1053 1015//1015
f 1015//1015 1053//1053 1054//1054
f 1053//1053 1015//1015 1014//1014
f 1015//1015 1016//1016 1054//1054
f 1055//1055 1054//1054 1016//1016
f 1016//1016 1054//1054 1055//1055
f 1054//1054 1016//1016 1015//1015
f 1016//1016 1018//1018 1055//1055
f 1056//1056 1055//1055 1018//1018
f 1018//1018 1055//1055 1056//1056
f 1055//1055 1018//1018 1016//1016
f 1018//1018 1057//1057 1056//1056
f 1058//1058 1056//1056 1057//1057
f 1057//1057 1056//1056 1058//1058
f 1056//1056 1057//1057 1018//1018
f 1059//1059 1060//1060 1057//1057
f 1058//1058 1057//1057 1060//1060
f 1060//1060 1057//1057 1058//1058
f 1057//1057 1060//1060 1059//1059
f 1018//1018 1019//1019 1057//1057
f 1061//1061 1057//1057 1019//1019
f 1019//1019 1057//1057 1061//1061
f 1057//1057 1019//1019 1018//1018
f 1017//1017 1020//1020 1019//1019
f 1062//1062 1019//1019 1020//1020
f 1020//1020 1019//1019 1062//1062
f 1019//1019 1020//1020 1017//1017
f 999//999 1021//1021 1020//1020
f 1063//1063 1020//1020 1021//1021
f 1021//1021 1020//1020 1063//1063
f 1020//1020 1021//1021 999//999
f 1064//1064 1029//1029 1065//1065
f 1030//1030 1065//1065 1029//1029
f 1029//1029 1065//1065 1030//1030
f 1065//1065 1029//1029 1064//1064
f 1021//1021 1000//1000 1066//1066
f 1022//1022 1066//1066 1000//1000
f 1000//1000 1066//1066 1022//1022
f 1066//1066 1000//1000 1021//1021
f 1067//1067 1023//1023 1029//1029
f 1025//1025 1029//1029 1023//1023
f 1023//1023 1029//1029 1025//1025
f 1029//1029 1023//1023 1067//1067
f 1022//1022 1001//1001 1068//1068
f 1027//1027 1068//1068 1001//1001
f 1001//1001 1068//1068 1027//1027
f 1068//1068 1001//1001 1022//1022
f 1027//1027 1028//1028 1023//1023
f 1024//1024 1023//1023 1028//1028
f 1028//1028 1023//1023 1024//1024
f 1023//1023 1028//1028 1027//1027
f 1069//1069 1070//1070 1065//1065
f 1071//1071 1065//1065 1070//1070
f 1070//1070 1065//1065 1071//1071
f 1065//1065 1070//1070 1069//1069
f 1065//1065 1030//1030 1069//1069
f 1072//1072 1069//1069 1030//1030
f 1030//1030 1069//1069 1072//1072
f 1069//1069 1030//1030 1065//1065
f 1030//1030 1031//1031 1072//1072
f 1073//1073 1072//1072 1031//1031
f 1031//1031 1072//1072 1073//1073
f 1072//1072 1031//1031 1030//1030
f 1031//1031 1032//1032 1073//1073
f 1074//1074 1073//1073 1032//1032
f 1032//1032 1073//1073 1074//1074
f 1073//1073 1032//1032 1031//1031
f 1032//1032 1034//1034 1074//1074
f 1075//1075 1074//1074 1034//1034
f 1034//1034 1074//1074 1075//1075
f 1074//1074 1034//1034 1032//1032
f 1034//1034 1036//1036 1075//1075
f 1076//1076 1075//1075 1036//1036
f 1036//1036 1075//1075 1076//1076
f 1075//1075 1036//1036 1034//1034
f 1036//1036 1077//1077 1076//1076
f 1078//1078 1076//1076 1077//1077
f 1077//1077 1076//1076 1078//1078
f 1076//1076 1077//1077 1036//1036
f 1078//1078 1077//1077 1079//1079
f 1080//1080 1079//1079 1077//1077
f 1077//1077 1079//1079 1080//1080
f 1079//1079 1077//1077 1078//1078
f 1035//1035 1081//1081 1036//1036
f 1077//1077 1036//1036 1081//1081
f 1081//1081 1036//1036 1077//1077
f 1036//1036 1081//1081 1035//1035
f 1037//1037 1082//1082 1033//1033
f 1035//1035 1033//1033 1082//1082
f 1082//1082 1033//1033 1035//1035
f 1033//1033 1082//1082 1037//1037
f 1028//1028 1038//1038 1024//1024
f 1037//1037 1024//1024 1038//1038
f 1038//1038 1024//1024 1037//1037
f 1024//1024 1038//1038 1028//1028
f 1003//1003 1039//1039 1038//1038
f 1083//1083 1038//1038 1039//1039
f 1039//1039 1038//1038 1083//1083
f 1038//1038 1039//1039 1003//1003
f 1004//1004 1040//1040 1039//1039
f 1084//1084 1039//1039 1040//1040
f 1040//1040 1039//1039 1084//1084
f 1039//1039 1040//1040 1004//1004
f 1006//1006 1041//1041 1040//1040
f 1085//1085 1040//1040 1041//1041
f 1041//1041 1040//1040 1085//1085
f 1040//1040 1041//1041 1006//1006
f 1009//1009 1043//1043 1041//1041
f 1086//1086 1041//1041 1043//1043
f 1043//1043 1041//1041 1086//1086
f 1041//1041 1043//1043 1009//1009
f 1042//1042 1045//1045 1043//1043
f 1087//1087 1043//1043 1045//1045
f 1045//1045 1043//1043 1087//1087
f 1043//1043 1045//1045 1042//1042
f 1044//1044 1088//1088 1045//1045
f 1089//1089 1045//1045 1088//1088
f 1088//1088 1045//1045 1089//1089
f 1045//1045 1088//1088 1044//1044
f 1088//1088 1090//1090 1091//1091
f 1092//1092 1091//1091 1090//1090
f 1090//1090 1091//1091 1092//1092
f 1091//1091 1090//1090 1088//1088
f 1044//1044 1093//1093 1088//1088
f 1090//1090 1088//1088 1093//1093
f 1093//1093 1088//1088 1090//1090
f 1088//1088 1093//1093 1044//1044
f 1046//1046 1094//1094 1044//1044
f 1093//1093 1044//1044 1094//1094
f 1094//1094 1044//1044 1093//1093
f 1044//1044 1094//1094 1046//1046
f 1047//1047 1095//1095 1046//1046
f 1094//1094 1046//1046 1095//1095
f 1095//1095 1046//1046 1094//1094
f 1046//1046 1095//1095 1047//1047
f 1048//1048 1096//1096 1047//1047
f 1095//1095 1047//1047 1096//1096
f 1096//1096 1047//1047 1095//1095
f 1047//1047 1096//1096 1048//1048
f 1097//1097 1096//1096 1049//1049
f 1048//1048 1049//1049 1096//1096
f 1096//1096 1049//1049 1048//1048
f 1049//1049 1096//1096 1097//1097
f 1098//1098 1097//1097 1050//1050
f 1049//1049 1050//1050 1097//1097
f 1097//1097 1050//1050 1049//1049
f 1050//1050 1097//1097 1098//1098
f 1099//1099 1098//1098 1051//1051
f 1050//1050 1051//1051 1098//1098
f 1098//1098 1051//1051 1050//1050
f 1051//1051 1098//1098 1099//1099
f 1100//1100 1099//1099 1052//1052
f 1051//1051 1052//1052 1099//1099
f 1099//1099 1052//1052 1051//1051
f 1052//1052 1099//1099 1100//1100
f 1101//1101 1100//1100 1053//1053
f 1052//1052 1053//1053 1100//1100
f 1100//1100 1053//1053 1052//1052
f 1053//1053 1100//1100 1101//1101
f 1102//1102 1101//1101 1054//1054
f 1053//1053 1054//1054 1101//1101
f 1101//1101 1054//1054 1053//1053
f 1054//1054 1101//1101 1102//1102
f 1102//1102 1054//1054 1103//1103
f 1055//1055 1103//1103 1054//1054
f 1054//1054 1103//1103 1055//1055
f 1103//1103 1054//1054 1102//1102
f 1103//1103 1055//1055 1104//1104
f 1056//1056 1104//1104 1055//1055
f 1055//1055 1104//1104 1056//1056
f 1104//1104 1055//1055 1103//1103
f 1104//1104 1056//1056 1105//1105
f 1058//1058 1105//1105 1056//1056
f 1056//1056 1105//1105 1058//1058
f 1105//1105 1056//1056 1104//1104
f 1105//1105 1058//1058 1106//1106
f 1060//1060 1106//1106 1058//1058
f 1058//1058 1106//1106 1060//1060
f 1106//1106 1058//1058 1105//1105
f 1106//1106 1060//1060 1107//1107
f 1108//1108 1107//1107 1060//1060
f 1060//1060 1107//1107 1108//1108
f 1107//1107 1060//1060 1106//1106
f 1107//1107 1108//1108 1109//1109
f 1110//1110 1109//1109 1108//1108
f 1108//1108 1109//1109 1110//1110
f 1109//1109 1108//1108 1107//1107
f 1111//1111 1108//1108 1059//1059
f 1060//1060 1059//1059 1108//1108
f 1108//1108 1059//1059 1060//1060
f 1059//1059 1108//1108 1111//1111
f 1057//1057 1061//1061 1059//1059
f 1112//1112 1059//1059 1061//1061
f 1061//1061 1059//1059 1112//1112
f 1059//1059 1061//1061 1057//1057
f 1019//1019 1062//1062 1061//1061
f 1113//1113 1061//1061 1062//1062
f 1062//1062 1061//1061 1113//1113
f 1061//1061 1062//1062 1019//1019
f 1070//1070 1114//1114 1071//1071
f 1115//1115 1071//1071 1114//1114
f 1114//1114 1071//1071 1115//1115
f 1071//1071 1114//1114 1070//1070
f 1020//1020 1063//1063 1062//1062
f 1116//1116 1062//1062 1063//1063
f 1063//1063 1062//1062 1116//1116
f 1062//1062 1063//1063 1020//1020
f 1064//1064 1065//1065 1117//1117
f 1071//1071 1117//1117 1065//1065
f 1065//1065 1117//1117 1071//1071
f 1117//1117 1065//1065 1064//1064
f 1021//1021 1066//1066 1063//1063
f 1118//1118 1063//1063 1066//1066
f 1066//1066 1063//1063 1118//1118
f 1063//1063 1066//1066 1021//1021
f 1119//1119 1067//1067 1064//1064
f 1029//1029 1064//1064 1067//1067
f 1067//1067 1064//1064 1029//1029
f 1064//1064 1067//1067 1119//1119
f 1066//1066 1022//1022 1120//1120
f 1068//1068 1120//1120 1022//1022
f 1022//1022 1120//1120 1068//1068
f 1120//1120 1022//1022 1066//1066
f 1068//1068 1027//1027 1067//1067
f 1023//1023 1067//1067 1027//1027
f 1027//1027 1067//1067 1023//1023
f 1067//1067 1027//1027 1068//1068
f 1121//1121 1122//1122 1114//1114
f 1123//1123 1114//1114 1122//1122
f 1122//1122 1114//1114 1123//1123
f 1114//1114 1122//1122 1121//1121
f 1124//1124 1121//1121 1070//1070
f 1114//1114 1070//1070 1121//1121
f 1121//1121 1070//1070 1114//1114
f 1070//1070 1121//1121 1124//1124
f 1125//1125 1124//1124 1069//1069
f 1070//1070 1069//1069 1124//1124
f 1124//1124 1069//1069 1070//1070
f 1069//1069 1124//1124 1125//1125
f 1069//1069 1072//1072 1125//1125
f 1126//1126 1125//1125 1072//1072
f 1072//1072 1125//1125 1126//1126
f 1125//1125 1072//1072 1069//1069
f 1072//1072 1073//1073 1126//1126
f 1127//1127 1126//1126 1073//1073
f 1073//1073 1126//1126 1127//1127
f 1126//1126 1073//1073 1072//1072
f 1073//1073 1074//1074 1127//1127
f 1128//1128 1127//1127 1074//1074
f 1074//1074 1127//1127 1128//1128
f 1127//1127 1074//1074 1073//1073
f 1074//1074 1075//1075 1128//1128
f 1129//1129 1128//1128 1075//1075
f 1075//1075 1128//1128 1129//1129
f 1128//1128 1075//1075 1074//1074
f 1075//1075 1076//1076 1129//1129
f 1130//1130 1129//1129 1076//1076
f 1076//1076 1129//1129 1130//1130
f 1129//1129 1076//1076 1075//1075
f 1076//1076 1078//1078 1130//1130
f 1131//1131 1130//1130 1078//1078
f 1078//1078 1130//1130 1131//1131
f 1130//1130 1078//1078 1076//1076
f 1131//1131 1078//1078 1132//1132
f 1079//1079 1132//1132 1078//1078
f 1078//1078 1132//1132 1079//1079
f 1132//1132 1078//1078 1131//1131
f 1132//1132 1079//1079 1133//1133
f 1134//1134 1133//1133 1079//1079
f 1079//1079 1133//1133 1134//1134
f 1133//1133 1079//1079 1132//1132
f 1133//1133 1134//1134 1135//1135
f 1136//1136 1135//1135 1134//1134
f 1134//1134 1135//1135 1136//1136
f 1135//1135 1134//1134 1133//1133
f 1079//1079 1080//1080 1134//1134
f 1137//1137 1134//1134 1080//1080
f 1080//1080 1134//1134 1137//1137
f 1134//1134 1080//1080 1079//1079
f 1081//1081 1138//1138 1077//1077
f 1080//1080 1077//1077 1138//1138
f 1138//1138 1077//1077 1080//1080
f 1077//1077 1138//1138 1081//1081
f 1082//1082 1139//1139 1035//1035
f 1081//1081 1035//1035 1139//1139
f 1139//1139 1035//1035 1081//1081
f 1035//1035 1139//1139 1082//1082
f 1038//1038 1083//1083 1037//1037
f 1082//1082 1037//1037 1083//1083
f 1083//1083 1037//1037 1082//1082
f 1037//1037 1083//1083 1038//1038
f 1039//1039 1084//1084 1083//1083
f 1140//1140 1083//1083 1084//1084
f 1084//1084 1083//1083 1140//1140
f 1083//1083 1084//1084 1039//1039
f 1040//1040 1085//1085 1084//1084
f 1141//1141 1084//1084 1085//1085
f 1085//1085 1084//1084 1141//1141
f 1084//1084 1085//1085 1040//1040
f 1041//1041 1086//1086 1085//1085
f 1142//1142 1085//1085 1086//1086
f 1086//1086 1085//1085 1142//1142
f 1085//1085 1086//1086 1041//1041
f 1043//1043 1087//1087 1086//1086
f 1143//1143 1086//1086 1087//1087
f 1087//1087 1086//1086 1143//1143
f 1086//1086 1087//1087 1043//1043
f 1087//1087 1045//1045 1144//1144
f 1089//1089 1144//1144 1045//1045
f 1045//1045 1144//1144 1089//1089
f 1144//1144 1045//1045 1087//1087
f 1088//1088 1091//1091 1089//1089
f 1145//1145 1089//1089 1091//1091
f 1091//1091 1089//1089 1145//1145
f 1089//1089 1091//1091 1088//1088
f 1091//1091 1092//1092 1146//1146
f 1147//1147 1146//1146 1092//1092
f 1092//1092 1146//1146 1147//1147
f 1146//1146 1092//1092 1091//1091
f 1148//1148 1149//1149 1150//1150
f 1109//1109 1150//1150 1149//1149
f 1149//1149 1150//1150 1109//1109
f 1150//1150 1149//1149 1148//1148
f 1147//1147 1151//1151 1152//1152
f 1153//1153 1152//1152 1151//1151
f 1151//1151 1152//1152 1153//1153
f 1152//1152 1151//1151 1147//1147
f 1092//1092 1154//1154 1147//1147
f 1151//1151 1147//1147 1154//1154
f 1154//1154 1147//1147 1151//1151
f 1147//1147 1154//1154 1092//1092
f 1090//1090 1155//1155 1092//1092
f 1154//1154 1092//1092 1155//1155
f 1155//1155 1092//1092 1154//1154
f 1092//1092 1155//1155 1090//1090
f 1093//1093 1156//1156 1090//1090
f 1155//1155 1090//1090 1156//1156
f 1156//1156 1090//1090 1155//1155
f 1090//1090 1156//1156 1093//1093
f 1093//1093 1094//1094 1156//1156
f 1157//1157 1156//1156 1094//1094
f 1094//1094 1156//1156 1157//1157
f 1156//1156 1094//1094 1093//1093
f 1094//1094 1095//1095 1157//1157
f 1158//1158 1157//1157 1095//1095
f 1095//1095 1157//1157 1158//1158
f 1157//1157 1095//1095 1094//1094
f 1095//1095 1096//1096 1158//1158
f 1159//1159 1158//1158 1096//1096
f 1096//1096 1158//1158 1159//1159
f 1158//1158 1096//1096 1095//1095
f 1096//1096 1097//1097 1159//1159
f 1160//1160 1159//1159 1097//1097
f 1097//1097 1159//1159 1160//1160
f 1159//1159 1097//1097 1096//1096
f 1097//1097 1098//1098 1160//1160
f 1161//1161 1160//1160 1098//1098
f 1098//1098 1160//1160 1161//1161
f 1160//1160 1098//1098 1097//1097
f 1098//1098 1099//1099 1161//1161
f 1162//1162 1161//1161 1099//1099
f 1099//1099 1161//1161 1162//1162
f 1161//1161 1099//1099 1098//1098
f 1162//1162 1099//1099 1163//1163
f 1100//1100 1163//1163 1099//1099
f 1099//1099 1163//1163 1100//1100
f 1163//1163 1099//1099 1162//1162
f 1163//1163 1100//1100 1164//1164
f 1101//1101 1164//1164 1100//1100
f 1100//1100 1164//1164 1101//1101
f 1164//1164 1100//1100 1163//1163
f 1164//1164 1101//1101 1165//1165
f 1102//1102 1165//1165 1101//1101
f 1101//1101 1165//1165 1102//1102
f 1165//1165 1101//1101 1164//1164
f 1165//1165 1102//1102 1166//1166
f 1103//1103 1166//1166 1102//1102
f 1102//1102 1166//1166 1103//1103
f 1166//1166 1102//1102 1165//1165
f 1166//1166 1103//1103 1167//1167
f 1104//1104 1167//1167 1103//1103
f 1103//1103 1167//1167 1104//1104
f 1167//1167 1103//1103 1166//1166
f 1167//1167 1104//1104 1168//1168
f 1105//1105 1168//1168 1104//1104
f 1104//1104 1168//1168 1105//1105
f 1168//1168 1104//1104 1167//1167
f 1169//1169 1168//1168 1106//1106
f 1105//1105 1106//1106 1168//1168
f 1168//1168 1106//1106 1105//1105
f 1106//1106 1168//1168 1169//1169
f 1170//1170 1169//1169 1107//1107
f 1106//1106 1107//1107 1169//1169
f 1169//1169 1107//1107 1106//1106
f 1107//1107 1169//1169 1170//1170
f 1149//1149 1170//1170 1109//1109
f 1107//1107 1109//1109 1170//1170
f 1170//1170 1109//1109 1107//1107
f 1109//1109 1170//1170 1149//1149
f 1171//1171 1148//1148 1172//1172
f 1150//1150 1172//1172 1148//1148
f 1148//1148 1172//1172 1150//1150
f 1172//1172 1148//1148 1171//1171
f 1150//1150 1109//1109 1173//1173
f 1110//1110 1173//1173 1109//1109
f 1109//1109 1173//1173 1110//1110
f 1173//1173 1109//1109 1150//1150
f 1174//1174 1110//1110 1111//1111
f 1108//1108 1111//1111 1110//1110
f 1110//1110 1111//1111 1108//1108
f 1111//1111 1110//1110 1174//1174
f 1112//1112 1175//1175 1059//1059
f 1111//1111 1059//1059 1175//1175
f 1175//1175 1059//1059 1111//1111
f 1059//1059 1175//1175 1112//1112
f 1123//1123 1122//1122 1176//1176
f 1177//1177 1176//1176 1122//1122
f 1122//1122 1176//1176 1177//1177
f 1176//1176 1122//1122 1123//1123
f 1061//1061 1113//1113 1112//1112
f 1178//1178 1112//1112 1113//1113
f 1113//1113 1112//1112 1178//1178
f 1112//1112 1113//1113 1061//1061
f 1114//1114 1123//1123 1115//1115
f 1179//1179 1115//1115 1123//1123
f 1123//1123 1115//1115 1179//1179
f 1115//1115 1123//1123 1114//1114
f 1062//1062 1116//1116 1113//1113
f 1180//1180 1113//1113 1116//1116
f 1116//1116 1113//1113 1180//1180
f 1113//1113 1116//1116 1062//1062
f 1117//1117 1071//1071 1181//1181
f 1115//1115 1181//1181 1071//1071
f 1071//1071 1181//1181 1115//1115
f 1181//1181 1071//1071 1117//1117
f 1063//1063 1118//1118 1116//1116
f 1182//1182 1116//1116 1118//1118
f 1118//1118 1116//1116 1182//1182
f 1116//1116 1118//1118 1063//1063
f 1119//1119 1064//1064 1183//1183
f 1117//1117 1183//1183 1064//1064
f 1064//1064 1183//1183 1117//1117
f 1183//1183 1064//1064 1119//1119
f 1066//1066 1120//1120 1118//1118
f 1184//1184 1118//1118 1120//1120
f 1120//1120 1118//1118 1184//1184
f 1118//1118 1120//1120 1066//1066
f 1120//1120 1068//1068 1119//1119
f 1067//1067 1119//1119 1068//1068
f 1068//1068 1119//1119 1067//1067
f 1119//1119 1068//1068 1120//1120
f 1177//1177 1185//1185 1186//1186
f 1187//1187 1186//1186 1185//1185
f 1185//1185 1186//1186 1187//1187
f 1186//1186 1185//1185 1177//1177
f 1122//1122 1188//1188 1177//1177
f 1185//1185 1177//1177 1188//1188
f 1188//1188 1177//1177 1185//1185
f 1177//1177 1188//1188 1122//1122
f 1189//1189 1188//1188 1121//1121
f 1122//1122 1121//1121 1188//1188
f 1188//1188 1121//1121 1122//1122
f 1121//1121 1188//1188 1189//1189
f 1190//1190 1189//1189 1124//1124
f 1121//1121 1124//1124 1189//1189
f 1189//1189 1124//1124 1121//1121
f 1124//1124 1189//1189 1190//1190
f 1191//1191 1190//1190 1125//1125
f 1124//1124 1125//1125 1190//1190
f 1190//1190 1125//1125 1124//1124
f 1125//1125 1190//1190 1191//1191
f 1125//1125 1126//1126 1191//1191
f 1192//1192 1191//1191 1126//1126
f 1126//1126 1191//1191 1192//1192
f 1191//1191 1126//1126 1125//1125
f 1126//1126 1127//1127 1192//1192
f 1193//1193 1192//1192 1127//1127
f 1127//1127 1192//1192 1193//1193
f 1192//1192 1127//1127 1126//1126
f 1127//1127 1128//1128 1193//1193
f 1194//1194 1193//1193 1128//1128
f 1128//1128 1193//1193 1194//1194
f 1193//1193 1128//1128 1127//1127
f 1128//1128 1129//1129 1194//1194
f 1195//1195 1194//1194 1129//1129
f 1129//1129 1194//1194 1195//1195
f 1194//1194 1129//1129 1128//1128
f 1129//1129 1130//1130 1195//1195
f 1196//1196 1195//1195 1130//1130
f 1130//1130 1195//1195 1196//1196
f 1195//1195 1130//1130 1129//1129
f 1130//1130 1131//1131 1196//1196
f 1197//1197 1196//1196 1131//1131
f 1131//1131 1196//1196 1197//1197
f 1196//1196 1131//1131 1130//1130
f 1197//1197 1131//1131 1198//1198
f 1132//1132 1198//1198 1131//1131
f 1131//1131 1198//1198 1132//1132
f 1198//1198 1131//1131 1197//1197
f 1198//1198 1132//1132 1199//1199
f 1133//1133 1199//1199 1132//1132
f 1132//1132 1199//1199 1133//1133
f 1199//1199 1132//1132 1198//1198
f 1199//1199 1133//1133 1200//1200
f 1135//1135 1200//1200 1133//1133
f 1133//1133 1200//1200 1135//1135
f 1200//1200 1133//1133 1199//1199
f 1200//1200 1135//1135 1201//1201
f 1202//1202 1201//1201 1135//1135
f 1135//1135 1201//1201 1202//1202
f 1201//1201 1135//1135 1200//1200
f 1202//1202 1203//1203 1201//1201
f 1204//1204 1201//1201 1203//1203
f 1203//1203 1201//1201 1204//1204
f 1201//1201 1203//1203 1202//1202
f 1135//1135 1136//1136 1202//1202
f 1205//1205 1202//1202 1136//1136
f 1136//1136 1202//1202 1205//1205
f 1202//1202 1136//1136 1135//1135
f 1134//1134 1137//1137 1136//1136
f 1206//1206 1136//1136 1137//1137
f 1137//1137 1136//1136 1206//1206
f 1136//1136 1137//1137 1134//1134
f 1138//1138 1207//1207 1080//1080
f 1137//1137 1080//1080 1207//1207
f 1207//1207 1080//1080 1137//1137
f 1080//1080 1207//1207 1138//1138
f 1139//1139 1208//1208 1081//1081
f 1138//1138 1081//1081 1208//1208
f 1208//1208 1081//1081 1138//1138
f 1081//1081 1208//1208 1139//1139
f 1083//1083 1140//1140 1082//1082
f 1139//1139 1082//1082 1140//1140
f 1140//1140 1082//1082 1139//1139
f 1082//1082 1140//1140 1083//1083
f 1084//1084 1141//1141 1140//1140
f 1209//1209 1140//1140 1141//1141
f 1141//1141 1140//1140 1209//1209
f 1140//1140 1141//1141 1084//1084
f 1085//1085 1142//1142 1141//1141
f 1210//1210 1141//1141 1142//1142
f 1142//1142 1141//1141 1210//1210
f 1141//1141 1142//1142 1085//1085
f 1086//1086 1143//1143 1142//1142
f 1211//1211 1142//1142 1143//1143
f 1143//1143 1142//1142 1211//1211
f 1142//1142 1143//1143 1086//1086
f 1143//1143 1087//1087 1212//1212
f 1144//1144 1212//1212 1087//1087
f 1087//1087 1212//1212 1144//1144
f 1212//1212 1087//1087 1143//1143
f 1144//1144 1089//1089 1213//1213
f 1145//1145 1213//1213 1089//1089
f 1089//1089 1213//1213 1145//1145
f 1213//1213 1089//1089 1144//1144
f 1091//1091 1146//1146 1145//1145
f 1214//1214 1145//1145 1146//1146
f 1146//1146 1145//1145 1214//1214
f 1145//1145 1146//1146 1091//1091
f 1147//1147 1152//1152 1146//1146
f 1215//1215 1146//1146 1152//1152
f 1152//1152 1146//1146 1215//1215
f 1146//1146 1152//1152 1147//1147
f 1152//1152 1153//1153 1216//1216
f 1217//1217 1216//1216 1153//1153
f 1153//1153 1216//1216 1217//1217
f 1216//1216 1153//1153 1152//1152
f 1156//1156 1157//1157 1155//1155
f 1158//1158 1155//1155 1157//1157
f 1154//1154 1155//1155 1158//1158
f 1159//1159 1154//1154 1158//1158
f 1151//1151 1154//1154 1159//1159
f 1160//1160 1151//1151 1159//1159
f 1218//1218 1151//1151 1160//1160
f 1153//1153 1151//1151 1218//1218
f 1219//1219 1153//1153 1218//1218
f 1217//1217 1153//1153 1219//1219
f 1220//1220 1217//1217 1219//1219
f 1221//1221 1217//1217 1220//1220
f 1222//1222 1217//1217 1221//1221
f 1223//1223 1217//1217 1222//1222
f 1224//1224 1223//1223 1222//1222
f 1225//1225 1223//1223 1224//1224
f 1226//1226 1223//1223 1225//1225
f 1171//1171 1223//1223 1226//1226
f 1227//1227 1171//1171 1226//1226
f 1228//1228 1171//1171 1227//1227
f 1148//1148 1171//1171 1228//1228
f 1229//1229 1148//1148 1228//1228
f 1230//1230 1148//1148 1229//1229
f 1231//1231 1148//1148 1230//1230
f 1164//1164 1148//1148 1231//1231
f 1165//1165 1148//1148 1164//1164
f 1149//1149 1148//1148 1165//1165
f 1170//1170 1149//1149 1165//1165
f 1166//1166 1170//1170 1165//1165
f 1167//1167 1170//1170 1166//1166
f 1169//1169 1170//1170 1167//1167
f 1168//1168 1169//1169 1167//1167
f 1161//1161 1232//1232 1160//1160
f 1218//1218 1160//1160 1232//1232
f 1233//1233 1232//1232 1161//1161
f 1234//1234 1233//1233 1161//1161
f 1235//1235 1234//1234 1161//1161
f 1162//1162 1235//1235 1161//1161
f 1236//1236 1235//1235 1162//1162
f 1237//1237 1236//1236 1162//1162
f 1163//1163 1237//1237 1162//1162
f 1238//1238 1237//1237 1163//1163
f 1239//1239 1238//1238 1163//1163
f 1240//1240 1239//1239 1163//1163
f 1164//1164 1240//1240 1163//1163
f 1241//1241 1240//1240 1164//1164
f 1242//1242 1241//1241 1164//1164
f 1231//1231 1242//1242 1164//1164
f 1164//1164 1242//1242 1231//1231
f 1164//1164 1241//1241 1242//1242
f 1164//1164 1240//1240 1241//1241
f 1163//1163 1240//1240 1164//1164
f 1163//1163 1239//1239 1240//1240
f 1163//1163 1238//1238 1239//1239
f 1163//1163 1237//1237 1238//1238
f 1162//1162 1237//1237 1163//1163
f 1162//1162 1236//1236 1237//1237
f 1162//1162 1235//1235 1236//1236
f 1161//1161 1235//1235 1162//1162
f 1161//1161 1234//1234 1235//1235
f 1161//1161 1233//1233 1234//1234
f 1161//1161 1232//1232 1233//1233
f 1232//1232 1160//1160 1218//1218
f 1160//1160 1232//1232 1161//1161
f 1167//1167 1169//1169 1168//1168
f 1167//1167 1170//1170 1169//1169
f 1166//1166 1170//1170 1167//1167
f 1165//1165 1170//1170 1166//1166
f 1165//1165 1149//1149 1170//1170
f 1165//1165 1148//1148 1149//1149
f 1164//1164 1148//1148 1165//1165
f 1231//1231 1148//1148 1164//1164
f 1230//1230 1148//1148 1231//1231
f 1229//1229 1148//1148 1230//1230
f 1228//1228 1148//1148 1229//1229
f 1228//1228 1171//1171 1148//1148
f 1227//1227 1171//1171 1228//1228
f 1226//1226 1171//1171 1227//1227
f 1226//1226 1223//1223 1171//1171
f 1225//1225 1223//1223 1226//1226
f 1224//1224 1223//1223 1225//1225
f 1222//1222 1223//1223 1224//1224
f 1222//1222 1217//1217 1223//1223
f 1221//1221 1217//1217 1222//1222
f 1220//1220 1217//1217 1221//1221
f 1219//1219 1217//1217 1220//1220
f 1219//1219 1153//1153 1217//1217
f 1218//1218 1153//1153 1219//1219
f 1218//1218 1151//1151 1153//1153
f 1160//1160 1151//1151 1218//1218
f 1159//1159 1151//1151 1160//1160
f 1159//1159 1154//1154 1151//1151
f 1158//1158 1154//1154 1159//1159
f 1158//1158 1155//1155 1154//1154
f 1157//1157 1155//1155 1158//1158
f 1155//1155 1157//1157 1156//1156
f 1243//1243 1223//1223 1172//1172
f 1171//1171 1172//1172 1223//1223
f 1223//1223 1172//1172 1171//1171
f 1172//1172 1223//1223 1243//1243
f 1172//1172 1150//1150 1244//1244
f 1173//1173 1244//1244 1150//1150
f 1150//1150 1244//1244 1173//1173
f 1244//1244 1150//1150 1172//1172
f 1245//1245 1173//1173 1174//1174
f 1110//1110 1174//1174 1173//1173
f 1173//1173 1174//1174 1110//1110
f 1174//1174 1173//1173 1245//1245
f 1186//1186 1187//1187 1246//1246
f 1247//1247 1246//1246 1187//1187
f 1187//1187 1246//1246 1247//1247
f 1246//1246 1187//1187 1186//1186
f 1175//1175 1248//1248 1111//1111
f 1174//1174 1111//1111 1248//1248
f 1248//1248 1111//1111 1174//1174
f 1111//1111 1248//1248 1175//1175
f 1176//1176 1177//1177 1249//1249
f 1186//1186 1249//1249 1177//1177
f 1177//1177 1249//1249 1186//1186
f 1249//1249 1177//1177 1176//1176
f 1178//1178 1250//1250 1112//1112
f 1175//1175 1112//1112 1250//1250
f 1250//1250 1112//1112 1175//1175
f 1112//1112 1250//1250 1178//1178
f 1179//1179 1123//1123 1251//1251
f 1176//1176 1251//1251 1123//1123
f 1123//1123 1251//1251 1176//1176
f 1251//1251 1123//1123 1179//1179
f 1113//1113 1180//1180 1178//1178
f 1252//1252 1178//1178 1180//1180
f 1180//1180 1178//1178 1252//1252
f 1178//1178 1180//1180 1113//1113
f 1181//1181 1115//1115 1253//1253
f 1179//1179 1253//1253 1115//1115
f 1115//1115 1253//1253 1179//1179
f 1253//1253 1115//1115 1181//1181
f 1116//1116 1182//1182 1180//1180
f 1254//1254 1180//1180 1182//1182
f 1182//1182 1180//1180 1254//1254
f 1180//1180 1182//1182 1116//1116
f 1183//1183 1117//1117 1255//1255
f 1181//1181 1255//1255 1117//1117
f 1117//1117 1255//1255 1181//1181
f 1255//1255 1117//1117 1183//1183
f 1118//1118 1184//1184 1182//1182
f 1256//1256 1182//1182 1184//1184
f 1184//1184 1182//1182 1256//1256
f 1182//1182 1184//1184 1118//1118
f 1120//1120 1119//1119 1184//1184
f 1183//1183 1184//1184 1119//1119
f 1119//1119 1184//1184 1183//1183
f 1184//1184 1119//1119 1120//1120
f 1185//1185 1257//1257 1187//1187
f 1258//1258 1187//1187 1257//1257
f 1257//1257 1187//1187 1258//1258
f 1187//1187 1257//1257 1185//1185
f 1259//1259 1257//1257 1188//1188
f 1185//1185 1188//1188 1257//1257
f 1257//1257 1188//1188 1185//1185
f 1188//1188 1257//1257 1259//1259
f 1260//1260 1259//1259 1189//1189
f 1188//1188 1189//1189 1259//1259
f 1259//1259 1189//1189 1188//1188
f 1189//1189 1259//1259 1260//1260
f 1261//1261 1260//1260 1190//1190
f 1189//1189 1190//1190 1260//1260
f 1260//1260 1190//1190 1189//1189
f 1190//1190 1260//1260 1261//1261
f 1262//1262 1261//1261 1191//1191
f 1190//1190 1191//1191 1261//1261
f 1261//1261 1191//1191 1190//1190
f 1191//1191 1261//1261 1262//1262
f 1191//1191 1192//1192 1262//1262
f 1263//1263 1262//1262 1192//1192
f 1192//1192 1262//1262 1263//1263
f 1262//1262 1192//1192 1191//1191
f 1192//1192 1193//1193 1263//1263
f 1264//1264 1263//1263 1193//1193
f 1193//1193 1263//1263 1264//1264
f 1263//1263 1193//1193 1192//1192
f 1193//1193 1194//1194 1264//1264
f 1265//1265 1264//1264 1194//1194
f 1194//1194 1264//1264 1265//1265
f 1264//1264 1194//1194 1193//1193
f 1194//1194 1195//1195 1265//1265
f 1266//1266 1265//1265 1195//1195
f 1195//1195 1265//1265 1266//1266
f 1265//1265 1195//1195 1194//1194
f 1195//1195 1196//1196 1266//1266
f 1267//1267 1266//1266 1196//1196
f 1196//1196 1266//1266 1267//1267
f 1266//1266 1196//1196 1195//1195
f 1196//1196 1197//1197 1267//1267
f 1268//1268 1267//1267 1197//1197
f 1197//1197 1267//1267 1268//1268
f 1267//1267 1197//1197 1196//1196
f 1268//1268 1197//1197 1269//1269
f 1198//1198 1269//1269 1197//1197
f 1197//1197 1269//1269 1198//1198
f 1269//1269 1197//1197 1268//1268
f 1269//1269 1198//1198 1270//1270
f 1199//1199 1270//1270 1198//1198
f 1198//1198 1270//1270 1199//1199
f 1270//1270 1198//1198 1269//1269
f 1270//1270 1199//1199 1271//1271
f 1200//1200 1271//1271 1199//1199
f 1199//1199 1271//1271 1200//1200
f 1271//1271 1199//1199 1270//1270
f 1271//1271 1200//1200 1272//1272
f 1201//1201 1272//1272 1200//1200
f 1200//1200 1272//1272 1201//1201
f 1272//1272 1200//1200 1271//1271
f 1201//1201 1204//1204 1272//1272
f 1273//1273 1272//1272 1204//1204
f 1204//1204 1272//1272 1273//1273
f 1272//1272 1204//1204 1201//1201
f 1204//1204 1274//1274 1273//1273
f 1275//1275 1273//1273 1274//1274
f 1274//1274 1273//1273 1275//1275
f 1273//1273 1274//1274 1204//1204
f 1276//1276 1247//1247 1277//1277
f 1278//1278 1277//1277 1247//1247
f 1247//1247 1277//1277 1278//1278
f 1277//1277 1247//1247 1276//1276
f 1187//1187 1258//1258 1247//1247
f 1278//1278 1247//1247 1258//1258
f 1258//1258 1247//1247 1278//1278
f 1247//1247 1258//1258 1187//1187
f 1274//1274 1279//1279 1275//1275
f 1280//1280 1275//1275 1279//1279
f 1279//1279 1275//1275 1280//1280
f 1275//1275 1279//1279 1274//1274
f 1203//1203 1281//1281 1204//1204
f 1274//1274 1204//1204 1281//1281
f 1281//1281 1204//1204 1274//1274
f 1204//1204 1281//1281 1203//1203
f 1205//1205 1282//1282 1202//1202
f 1203//1203 1202//1202 1282//1282
f 1282//1282 1202//1202 1203//1203
f 1202//1202 1282//1282 1205//1205
f 1136//1136 1206//1206 1205//1205
f 1283//1283 1205//1205 1206//1206
f 1206//1206 1205//1205 1283//1283
f 1205//1205 1206//1206 1136//1136
f 1207//1207 1284//1284 1137//1137
f 1206//1206 1137//1137 1284//1284
f 1284//1284 1137//1137 1206//1206
f 1137//1137 1284//1284 1207//1207
f 1208//1208 1285//1285 1138//1138
f 1207//1207 1138//1138 1285//1285
f 1285//1285 1138//1138 1207//1207
f 1138//1138 1285//1285 1208//1208
f 1140//1140 1209//1209 1139//1139
f 1208//1208 1139//1139 1209//1209
f 1209//1209 1139//1139 1208//1208
f 1139//1139 1209//1209 1140//1140
f 1141//1141 1210//1210 1209//1209
f 1286//1286 1209//1209 1210//1210
f 1210//1210 1209//1209 1286//1286
f 1209//1209 1210//1210 1141//1141
f 1142//1142 1211//1211 1210//1210
f 1287//1287 1210//1210 1211//1211
f 1211//1211 1210//1210 1287//1287
f 1210//1210 1211//1211 1142//1142
f 1211//1211 1143//1143 1288//1288
f 1212//1212 1288//1288 1143//1143
f 1143//1143 1288//1288 1212//1212
f 1288//1288 1143//1143 1211//1211
f 1212//1212 1144//1144 1289//1289
f 1213//1213 1289//1289 1144//1144
f 1144//1144 1289//1289 1213//1213
f 1289//1289 1144//1144 1212//1212
f 1213//1213 1145//1145 1290//1290
f 1214//1214 1290//1290 1145//1145
f 1145//1145 1290//1290 1214//1214
f 1290//1290 1145//1145 1213//1213
f 1146//1146 1215//1215 1214//1214
f 1291//1291 1214//1214 1215//1215
f 1215//1215 1214//1214 1291//1291
f 1214//1214 1215//1215 1146//1146
f 1152//1152 1216//1216 1215//1215
f 1292//1292 1215//1215 1216//1216
f 1216//1216 1215//1215 1292//1292
f 1215//1215 1216//1216 1152//1152
f 1216//1216 1217//1217 1243//1243
f 1223//1223 1243//1243 1217//1217
f 1217//1217 1243//1243 1223//1223
f 1243//1243 1217//1217 1216//1216
f 1243//1243 1172//1172 1293//1293
f 1244//1244 1293//1293 1172//1172
f 1172//1172 1293//1293 1244//1244
f 1293//1293 1172//1172 1243//1243
f 1294//1294 1276//1276 1295//1295
f 1277//1277 1295//1295 1276//1276
f 1276//1276 1295//1295 1277//1277
f 1295//1295 1276//1276 1294//1294
f 1296//1296 1244//1244 1245//1245
f 1173//1173 1245//1245 1244//1244
f 1244//1244 1245//1245 1173//1173
f 1245//1245 1244//1244 1296//1296
f 1297//1297 1246//1246 1276//1276
f 1247//1247 1276//1276 1246//1246
f 1246//1246 1276//1276 1247//1247
f 1276//1276 1246//1246 1297//1297
f 1245//1245 1174//1174 1298//1298
f 1248//1248 1298//1298 1174//1174
f 1174//1174 1298//1298 1248//1248
f 1298//1298 1174//1174 1245//1245
f 1249//1249 1186//1186 1299//1299
f 1246//1246 1299//1299 1186//1186
f 1186//1186 1299//1299 1246//1246
f 1299//1299 1186//1186 1249//1249
f 1250//1250 1300//1300 1175//1175
f 1248//1248 1175//1175 1300//1300
f 1300//1300 1175//1175 1248//1248
f 1175//1175 1300//1300 1250//1250
f 1251//1251 1176//1176 1301//1301
f 1249//1249 1301//1301 1176//1176
f 1176//1176 1301//1301 1249//1249
f 1301//1301 1176//1176 1251//1251
f 1252//1252 1302//1302 1178//1178
f 1250//1250 1178//1178 1302//1302
f 1302//1302 1178//1178 1250//1250
f 1178//1178 1302//1302 1252//1252
f 1253//1253 1179//1179 1303//1303
f 1251//1251 1303//1303 1179//1179
f 1179//1179 1303//1303 1251//1251
f 1303//1303 1179//1179 1253//1253
f 1180//1180 1254//1254 1252//1252
f 1304//1304 1252//1252 1254//1254
f 1254//1254 1252//1252 1304//1304
f 1252//1252 1254//1254 1180//1180
f 1255//1255 1181//1181 1305//1305
f 1253//1253 1305//1305 1181//1181
f 1181//1181 1305//1305 1253//1253
f 1305//1305 1181//1181 1255//1255
f 1182//1182 1256//1256 1254//1254
f 1306//1306 1254//1254 1256//1256
f 1256//1256 1254//1254 1306//1306
f 1254//1254 1256//1256 1182//1182
f 1184//1184 1183//1183 1256//1256
f 1255//1255 1256//1256 1183//1183
f 1183//1183 1256//1256 1255//1255
f 1256//1256 1183//1183 1184//1184
f 1271//1271 1272//1272 1270//1270
f 1269//1269 1270//1270 1272//1272
f 1273//1273 1269//1269 1272//1272
f 1268//1268 1269//1269 1273//1273
f 1275//1275 1268//1268 1273//1273
f 1267//1267 1268//1268 1275//1275
f 1280//1280 1267//1267 1275//1275
f 1266//1266 1267//1267 1280//1280
f 1307//1307 1266//1266 1280//1280
f 1265//1265 1266//1266 1307//1307
f 1308//1308 1265//1265 1307//1307
f 1264//1264 1265//1265 1308//1308
f 1295//1295 1264//1264 1308//1308
f 1263//1263 1264//1264 1295//1295
f 1277//1277 1263//1263 1295//1295
f 1262//1262 1263//1263 1277//1277
f 1278//1278 1262//1262 1277//1277
f 1261//1261 1262//1262 1278//1278
f 1258//1258 1261//1261 1278//1278
f 1260//1260 1261//1261 1258//1258
f 1257//1257 1260//1260 1258//1258
f 1259//1259 1260//1260 1257//1257
f 1257//1257 1260//1260 1259//1259
f 1258//1258 1260//1260 1257//1257
f 1258//1258 1261//1261 1260//1260
f 1278//1278 1261//1261 1258//1258
f 1278//1278 1262//1262 1261//1261
f 1277//1277 1262//1262 1278//1278
f 1277//1277 1263//1263 1262//1262
f 1295//1295 1263//1263 1277//1277
f 1295//1295 1264//1264 1263//1263
f 1308//1308 1264//1264 1295//1295
f 1308//1308 1265//1265 1264//1264
f 1307//1307 1265//1265 1308//1308
f 1307//1307 1266//1266 1265//1265
f 1280//1280 1266//1266 1307//1307
f 1280//1280 1267//1267 1266//1266
f 1275//1275 1267//1267 1280//1280
f 1275//1275 1268//1268 1267//1267
f 1273//1273 1268//1268 1275//1275
f 1273//1273 1269//1269 1268//1268
f 1272//1272 1269//1269 1273//1273
f 1272//1272 1270//1270 1269//1269
f 1270//1270 1272//1272 1271//1271
f 1279//1279 1309//1309 1280//1280
f 1307//1307 1280//1280 1309//1309
f 1309//1309 1280//1280 1307//1307
f 1280//1280 1309//1309 1279//1279
f 1281//1281 1310//1310 1274//1274
f 1279//1279 1274//1274 1310//1310
f 1310//1310 1274//1274 1279//1279
f 1274//1274 1310//1310 1281//1281
f 1282//1282 1311//1311 1203//1203
f 1281//1281 1203//1203 1311//1311
f 1311//1311 1203//1203 1281//1281
f 1203//1203 1311//1311 1282//1282
f 1283//1283 1312//1312 1205//1205
f 1282//1282 1205//1205 1312//1312
f 1312//1312 1205//1205 1282//1282
f 1205//1205 1312//1312 1283//1283
f 1206//1206 1284//1284 1283//1283
f 1313//1313 1283//1283 1284//1284
f 1284//1284 1283//1283 1313//1313
f 1283//1283 1284//1284 1206//1206
f 1285//1285 1314//1314 1207//1207
f 1284//1284 1207//1207 1314//1314
f 1314//1314 1207//1207 1284//1284
f 1207//1207 1314//1314 1285//1285
f 1209//1209 1286//1286 1208//1208
f 1285//1285 1208//1208 1286//1286
f 1286//1286 1208//1208 1285//1285
f 1208//1208 1286//1286 1209//1209
f 1210//1210 1287//1287 1286//1286
f 1315//1315 1286//1286 1287//1287
f 1287//1287 1286//1286 1315//1315
f 1286//1286 1287//1287 1210//1210
f 1287//1287 1211//1211 1316//1316
f 1288//1288 1316//1316 1211//1211
f 1211//1211 1316//1316 1288//1288
f 1316//1316 1211//1211 1287//1287
f 1288//1288 1212//1212 1317//1317
f 1289//1289 1317//1317 1212//1212
f 1212//1212 1317//1317 1289//1289
f 1317//1317 1212//1212 1288//1288
f 1289//1289 1213//1213 1318//1318
f 1290//1290 1318//1318 1213//1213
f 1213//1213 1318//1318 1290//1290
f 1318//1318 1213//1213 1289//1289
f 1214//1214 1291//1291 1290//1290
f 1319//1319 1290//1290 1291//1291
f 1291//1291 1290//1290 1319//1319
f 1290//1290 1291//1291 1214//1214
f 1215//1215 1292//1292 1291//1291
f 1320//1320 1291//1291 1292//1292
f 1292//1292 1291//1291 1320//1320
f 1291//1291 1292//1292 1215//1215
f 1216//1216 1243//1243 1292//1292
f 1293//1293 1292//1292 1243//1243
f 1243//1243 1292//1292 1293//1293
f 1292//1292 1243//1243 1216//1216
f 1321//1321 1294//1294 1308//1308
f 1295//1295 1308//1308 1294//1294
f 1294//1294 1308//1308 1295//1295
f 1308//1308 1294//1294 1321//1321
f 1322//1322 1293//1293 1296//1296
f 1244//1244 1296//1296 1293//1293
f 1293//1293 1296//1296 1244//1244
f 1296//1296 1293//1293 1322//1322
f 1323//1323 1297//1297 1294//1294
f 1276//1276 1294//1294 1297//1297
f 1297//1297 1294//1294 1276//1276
f 1294//1294 1297//1297 1323//1323
f 1296//1296 1245//1245 1324//1324
f 1298//1298 1324//1324 1245//1245
f 1245//1245 1324//1324 1298//1298
f 1324//1324 1245//1245 1296//1296
f 1325//1325 1299//1299 1297//1297
f 1246//1246 1297//1297 1299//1299
f 1299//1299 1297//1297 1246//1246
f 1297//1297 1299//1299 1325//1325
f 1298//1298 1248//1248 1326//1326
f 1300//1300 1326//1326 1248//1248
f 1248//1248 1326//1326 1300//1300
f 1326//1326 1248//1248 1298//1298
f 1301//1301 1249//1249 1327//1327
f 1299//1299 1327//1327 1249//1249
f 1249//1249 1327//1327 1299//1299
f 1327//1327 1249//1249 1301//1301
f 1302//1302 1328//1328 1250//1250
f 1300//1300 1250//1250 1328//1328
f 1328//1328 1250//1250 1300//1300
f 1250//1250 1328//1328 1302//1302
f 1251//1251 1301//1301 1303//1303
f 1329//1329 1303//1303 1301//1301
f 1301//1301 1303//1303 1329//1329
f 1303//1303 1301//1301 1251//1251
f 1304//1304 1330//1330 1252//1252
f 1302//1302 1252//1252 1330//1330
f 1330//1330 1252//1252 1302//1302
f 1252//1252 1330//1330 1304//1304
f 1305//1305 1253//1253 1331//1331
f 1303//1303 1331//1331 1253//1253
f 1253//1253 1331//1331 1303//1303
f 1331//1331 1253//1253 1305//1305
f 1254//1254 1306//1306 1304//1304
f 1332//1332 1304//1304 1306//1306
f 1306//1306 1304//1304 1332//1332
f 1304//1304 1306//1306 1254//1254
f 1256//1256 1255//1255 1306//1306
f 1305//1305 1306//1306 1255//1255
f 1255//1255 1306//1306 1305//1305
f 1306//1306 1255//1255 1256//1256
f 1309//1309 1321//1321 1307//1307
f 1308//1308 1307//1307 1321//1321
f 1321//1321 1307//1307 1308//1308
f 1307//1307 1321//1321 1309//1309
f 1310//1310 1333//1333 1279//1279
f 1309//1309 1279//1279 1333//1333
f 1333//1333 1279//1279 1309//1309
f 1279//1279 1333//1333 1310//1310
f 1311//1311 1334//1334 1281//1281
f 1310//1310 1281//1281 1334//1334
f 1334//1334 1281//1281 1310//1310
f 1281//1281 1334//1334 1311//1311
f 1312//1312 1335//1335 1282//1282
f 1311//1311 1282//1282 1335//1335
f 1335//1335 1282//1282 1311//1311
f 1282//1282 1335//1335 1312//1312
f 1283//1283 1313//1313 1312//1312
f 1336//1336 1312//1312 1313//1313
f 1313//1313 1312//1312 1336//1336
f 1312//1312 1313//1313 1283//1283
f 1284//1284 1314//1314 1313//1313
f 1337//1337 1313//1313 1314//1314
f 1314//1314 1313//1313 1337//1337
f 1313//1313 1314//1314 1284//1284
f 1286//1286 1315//1315 1285//1285
f 1314//1314 1285//1285 1315//1315
f 1315//1315 1285//1285 1314//1314
f 1285//1285 1315//1315 1286//1286
f 1315//1315 1287//1287 1338//1338
f 1316//1316 1338//1338 1287//1287
f 1287//1287 1338//1338 1316//1316
f 1338//1338 1287//1287 1315//1315
f 1316//1316 1288//1288 1339//1339
f 1317//1317 1339//1339 1288//1288
f 1288//1288 1339//1339 1317//1317
f 1339//1339 1288//1288 1316//1316
f 1317//1317 1289//1289 1340//1340
f 1318//1318 1340//1340 1289//1289
f 1289//1289 1340//1340 1318//1318
f 1340//1340 1289//1289 1317//1317
f 1290//1290 1319//1319 1318//1318
f 1341//1341 1318//1318 1319//1319
f 1319//1319 1318//1318 1341//1341
f 1318//1318 1319//1319 1290//1290
f 1291//1291 1320//1320 1319//1319
f 1342//1342 1319//1319 1320//1320
f 1320//1320 1319//1319 1342//1342
f 1319//1319 1320//1320 1291//1291
f 1292//1292 1293//1293 1320//1320
f 1322//1322 1320//1320 1293//1293
f 1293//1293 1320//1320 1322//1322
f 1320//1320 1293//1293 1292//1292
f 1343//1343 1323//1323 1321//1321
f 1294//1294 1321//1321 1323//1323
f 1323//1323 1321//1321 1294//1294
f 1321//1321 1323//1323 1343//1343
f 1322//1322 1296//1296 1344//1344
f 1324//1324 1344//1344 1296//1296
f 1296//1296 1344//1344 1324//1324
f 1344//1344 1296//1296 1322//1322
f 1345//1345 1325//1325 1323//1323
f 1297//1297 1323//1323 1325//1325
f 1325//1325 1323//1323 1297//1297
f 1323//1323 1325//1325 1345//1345
f 1324//1324 1298//1298 1346//1346
f 1326//1326 1346//1346 1298//1298
f 1298//1298 1346//1346 1326//1326
f 1346//1346 1298//1298 1324//1324
f 1347//1347 1327//1327 1325//1325
f 1299//1299 1325//1325 1327//1327
f 1327//1327 1325//1325 1299//1299
f 1325//1325 1327//1327 1347//1347
f 1326//1326 1300//1300 1348//1348
f 1328//1328 1348//1348 1300//1300
f 1300//1300 1348//1348 1328//1328
f 1348//1348 1300//1300 1326//1326
f 1301//1301 1327//1327 1329//1329
f 1349//1349 1329//1329 1327//1327
f 1327//1327 1329//1329 1349//1349
f 1329//1329 1327//1327 1301//1301
f 1330//1330 1350//1350 1302//1302
f 1328//1328 1302//1302 1350//1350
f 1350//1350 1302//1302 1328//1328
f 1302//1302 1350//1350 1330//1330
f 1303//1303 1329//1329 1331//1331
f 1351//1351 1331//1331 1329//1329
f 1329//1329 1331//1331 1351//1351
f 1331//1331 1329//1329 1303//1303
f 1332//1332 1352//1352 1304//1304
f 1330//1330 1304//1304 1352//1352
f 1352//1352 1304//1304 1330//1330
f 1304//1304 1352//1352 1332//1332
f 1306//1306 1305//1305 1332//1332
f 1331//1331 1332//1332 1305//1305
f 1305//1305 1332//1332 1331//1331
f 1332//1332 1305//1305 1306//1306
f 1333//1333 1343//1343 1309//1309
f 1321//1321 1309//1309 1343//1343
f 1343//1343 1309//1309 1321//1321
f 1309//1309 1343//1343 1333//1333
f 1334//1334 1353//1353 1310//1310
f 1333//1333 1310//1310 1353//1353
f 1353//1353 1310//1310 1333//1333
f 1310//1310 1353//1353 1334//1334
f 1335//1335 1354//1354 1311//1311
f 1334//1334 1311//1311 1354//1354
f 1354//1354 1311//1311 1334//1334
f 1311//1311 1354//1354 1335//1335
f 1312//1312 1336//1336 1335//1335
f 1355//1355 1335//1335 1336//1336
f 1336//1336 1335//1335 1355//1355
f 1335//1335 1336//1336 1312//1312
f 1313//1313 1337//1337 1336//1336
f 1356//1356 1336//1336 1337//1337
f 1337//1337 1336//1336 1356//1356
f 1336//1336 1337//1337 1313//1313
f 1314//1314 1315//1315 1337//1337
f 1338//1338 1337//1337 1315//1315
f 1315//1315 1337//1337 1338//1338
f 1337//1337 1315//1315 1314//1314
f 1338//1338 1316//1316 1357//1357
f 1339//1339 1357//1357 1316//1316
f 1316//1316 1357//1357 1339//1339
f 1357//1357 1316//1316 1338//1338
f 1339//1339 1317//1317 1358//1358
f 1340//1340 1358//1358 1317//1317
f 1317//1317 1358//1358 1340//1340
f 1358//1358 1317//1317 1339//1339
f 1318//1318 1341//1341 1340//1340
f 1359//1359 1340//1340 1341//1341
f 1341//1341 1340//1340 1359//1359
f 1340//1340 1341//1341 1318//1318
f 1319//1319 1342//1342 1341//1341
f 1360//1360 1341//1341 1342//1342
f 1342//1342 1341//1341 1360//1360
f 1341//1341 1342//1342 1319//1319
f 1320//1320 1322//1322 1342//1342
f 1344//1344 1342//1342 1322//1322
f 1322//1322 1342//1342 1344//1344
f 1342//1342 1322//1322 1320//1320
f 1361//1361 1345//1345 1343//1343
f 1323//1323 1343//1343 1345//1345
f 1345//1345 1343//1343 1323//1323
f 1343//1343 1345//1345 1361//1361
f 1344//1344 1324//1324 1362//1362
f 1346//1346 1362//1362 1324//1324
f 1324//1324 1362//1362 1346//1346
f 1362//1362 1324//1324 1344//1344
f 1363//1363 1347//1347 1345//1345
f 1325//1325 1345//1345 1347//1347
f 1347//1347 1345//1345 1325//1325
f 1345//1345 1347//1347 1363//1363
f 1346//1346 1326//1326 1364//1364
f 1348//1348 1364//1364 1326//1326
f 1326//1326 1364//1364 1348//1348
f 1364//1364 1326//1326 1346//1346
f 1365//1365 1349//1349 1347//1347
f 1327//1327 1347//1347 1349//1349
f 1349//1349 1347//1347 1327//1327
f 1347//1347 1349//1349 1365//1365
f 1348//1348 1328//1328 1366//1366
f 1350//1350 1366//1366 1328//1328
f 1328//1328 1366//1366 1350//1350
f 1366//1366 1328//1328 1348//1348
f 1329//1329 1349//1349 1351//1351
f 1367//1367 1351//1351 1349//1349
f 1349//1349 1351//1351 1367//1367
f 1351//1351 1349//1349 1329//1329
f 1352//1352 1368//1368 1330//1330
f 1350//1350 1330//1330 1368//1368
f 1368//1368 1330//1330 1350//1350
f 1330//1330 1368//1368 1352//1352
f 1331//1331 1351//1351 1332//1332
f 1352//1352 1332//1332 1351//1351
f 1351//1351 1332//1332 1352//1352
f 1332//1332 1351//1351 1331//1331
f 1353//1353 1361//1361 1333//1333
f 1343//1343 1333//1333 1361//1361
f 1361//1361 1333//1333 1343//1343
f 1333//1333 1361//1361 1353//1353
f 1354//1354 1369//1369 1334//1334
f 1353//1353 1334//1334 1369//1369
f 1369//1369 1334//1334 1353//1353
f 1334//1334 1369//1369 1354//1354
f 1355//1355 1370//1370 1335//1335
f 1354//1354 1335//1335 1370//1370
f 1370//1370 1335//1335 1354//1354
f 1335//1335 1370//1370 1355//1355
f 1336//1336 1356//1356 1355//1355
f 1371//1371 1355//1355 1356//1356
f 1356//1356 1355//1355 1371//1371
f 1355//1355 1356//1356 1336//1336
f 1337//1337 1338//1338 1356//1356
f 1357//1357 1356//1356 1338//1338
f 1338//1338 1356//1356 1357//1357
f 1356//1356 1338//1338 1337//1337
f 1357//1357 1339//1339 1372//1372
f 1358//1358 1372//1372 1339//1339
f 1339//1339 1372//1372 1358//1358
f 1372//1372 1339//1339 1357//1357
f 1340//1340 1359//1359 1358//1358
f 1373//1373 1358//1358 1359//1359
f 1359//1359 1358//1358 1373//1373
f 1358//1358 1359//1359 1340//1340
f 1341//1341 1360//1360 1359//1359
f 1374//1374 1359//1359 1360//1360
f 1360//1360 1359//1359 1374//1374
f 1359//1359 1360//1360 1341//1341
f 1342//1342 1344//1344 1360//1360
f 1362//1362 1360//1360 1344//1344
f 1344//1344 1360//1360 1362//1362
f 1360//1360 1344//1344 1342//1342
f 1375//1375 1363//1363 1361//1361
f 1345//1345 1361//1361 1363//1363
f 1363//1363 1361//1361 1345//1345
f 1361//1361 1363//1363 1375//1375
f 1362//1362 1346//1346 1376//1376
f 1364//1364 1376//1376 1346//1346
f 1346//1346 1376//1376 1364//1364
f 1376//1376 1346//1346 1362//1362
f 1377//1377 1365//1365 1363//1363
f 1347//1347 1363//1363 1365//1365
f 1365//1365 1363//1363 1347//1347
f 1363//1363 1365//1365 1377//1377
f 1364//1364 1348//1348 1378//1378
f 1366//1366 1378//1378 1348//1348
f 1348//1348 1378//1378 1366//1366
f 1378//1378 1348//1348 1364//1364
f 1379//1379 1367//1367 1365//1365
f 1349//1349 1365//1365 1367//1367
f 1367//1367 1365//1365 1349//1349
f 1365//1365 1367//1367 1379//1379
f 1366//1366 1350//1350 1380//1380
f 1368//1368 1380//1380 1350//1350
f 1350//1350 1380//1380 1368//1368
f 1380//1380 1350//1350 1366//1366
f 1351//1351 1367//1367 1352//1352
f 1368//1368 1352//1352 1367//1367
f 1367//1367 1352//1352 1368//1368
f 1352//1352 1367//1367 1351//1351
f 1369//1369 1375//1375 1353//1353
f 1361//1361 1353//1353 1375//1375
f 1375//1375 1353//1353 1361//1361
f 1353//1353 1375//1375 1369//1369
f 1370//1370 1381//1381 1354//1354
f 1369//1369 1354//1354 1381//1381
f 1381//1381 1354//1354 1369//1369
f 1354//1354 1381//1381 1370//1370
f 1371//1371 1382//1382 1355//1355
f 1370//1370 1355//1355 1382//1382
f 1382//1382 1355//1355 1370//1370
f 1355//1355 1382//1382 1371//1371
f 1356//1356 1357//1357 1371//1371
f 1372//1372 1371//1371 1357//1357
f 1357//1357 1371//1371 1372//1372
f 1371//1371 1357//1357 1356//1356
f 1358//1358 1373//1373 1372//1372
f 1383//1383 1372//1372 1373//1373
f 1373//1373 1372//1372 1383//1383
f 1372//1372 1373//1373 1358//1358
f 1359//1359 1374//1374 1373//1373
f 1384//1384 1373//1373 1374//1374
f 1374//1374 1373//1373 1384//1384
f 1373//1373 1374//1374 1359//1359
f 1360//1360 1362//1362 1374//1374
f 1376//1376 1374//1374 1362//1362
f 1362//1362 1374//1374 1376//1376
f 1374//1374 1362//1362 1360//1360
f 1385//1385 1377//1377 1375//1375
f 1363//1363 1375//1375 1377//1377
f 1377//1377 1375//1375 1363//1363
f 1375//1375 1377//1377 1385//1385
f 1376//1376 1364//1364 1386//1386
f 1378//1378 1386//1386 1364//1364
f 1364//1364 1386//1386 1378//1378
f 1386//1386 1364//1364 1376//1376
f 1387//1387 1379//1379 1377//1377
f 1365//1365 1377//1377 1379//1379
f 1379//1379 1377//1377 1365//1365
f 1377//1377 1379//1379 1387//1387
f 1378//1378 1366//1366 1388//1388
f 1380//1380 1388//1388 1366//1366
f 1366//1366 1388//1388 1380//1380
f 1388//1388 1366//1366 1378//1378
f 1380//1380 1368//1368 1379//1379
f 1367//1367 1379//1379 1368//1368
f 1368//1368 1379//1379 1367//1367
f 1379//1379 1368//1368 1380//1380
f 1381//1381 1385//1385 1369//1369
f 1375//1375 1369//1369 1385//1385
f 1385//1385 1369//1369 1375//1375
f 1369//1369 1385//1385 1381//1381
f 1382//1382 1389//1389 1370//1370
f 1381//1381 1370//1370 1389//1389
f 1389//1389 1370//1370 1381//1381
f 1370//1370 1389//1389 1382//1382
f 1372//1372 1383//1383 1371//1371
f 1382//1382 1371//1371 1383//1383
f 1383//1383 1371//1371 1382//1382
f 1371//1371 1383//1383 1372//1372
f 1373//1373 1384//1384 1383//1383
f 1390//1390 1383//1383 1384//1384
f 1384//1384 1383//1383 1390//1390
f 1383//1383 1384//1384 1373//1373
f 1374//1374 1376//1376 1384//1384
f 1386//1386 1384//1384 1376//1376
f 1376//1376 1384//1384 1386//1386
f 1384//1384 1376//1376 1374//1374
f 1391//1391 1387//1387 1385//1385
f 1377//1377 1385//1385 1387//1387
f 1387//1387 1385//1385 1377//1377
f 1385//1385 1387//1387 1391//1391
f 1386//1386 1378//1378 1392//1392
f 1388//1388 1392//1392 1378//1378
f 1378//1378 1392//1392 1388//1388
f 1392//1392 1378//1378 1386//1386
f 1388//1388 1380//1380 1387//1387
f 1379//1379 1387//1387 1380//1380
f 1380//1380 1387//1387 1379//1379
f 1387//1387 1380//1380 1388//1388
f 1389//1389 1391//1391 1381//1381
f 1385//1385 1381//1381 1391//1391
f 1391//1391 1381//1381 1385//1385
f 1381//1381 1391//1391 1389//1389
f 1383//1383 1390//1390 1382//1382
f 1389//1389 1382//1382 1390//1390
f 1390//1390 1382//1382 1389//1389
f 1382//1382 1390//1390 1383//1383
f 1384//1384 1386//1386 1390//1390
f 1392//1392 1390//1390 1386//1386
f 1386//1386 1390//1390 1392//1392
f 1390//1390 1386//1386 1384//1384
f 1392//1392 1388//1388 1391//1391
f 1387//1387 1391//1391 1388//1388
f 1388//1388 1391//1391 1387//1387
f 1391//1391 1388//1388 1392//1392
f 1390//1390 1392//1392 1389//1389
f 1391//1391 1389//1389 1392//1392
f 1392//1392 1389//1389 1391//1391
f 1389//1389 1392//1392 1390//1390
f 1218//1218 1232//1232 1219//1219
f 1233//1233 1219//1219 1232//1232
f 1220//1220 1219//1219 1233//1233
f 1234//1234 1220//1220 1233//1233
f 1221//1221 1220//1220 1234//1234
f 1222//1222 1221//1221 1234//1234
f 1235//1235 1222//1222 1234//1234
f 1236//1236 1222//1222 1235//1235
f 1224//1224 1222//1222 1236//1236
f 1237//1237 1224//1224 1236//1236
f 1225//1225 1224//1224 1237//1237
f 1238//1238 1225//1225 1237//1237
f 1226//1226 1225//1225 1238//1238
f 1239//1239 1226//1226 1238//1238
f 1227//1227 1226//1226 1239//1239
f 1240//1240 1227//1227 1239//1239
f 1228//1228 1227//1227 1240//1240
f 1241//1241 1228//1228 1240//1240
f 1229//1229 1228//1228 1241//1241
f 1242//1242 1229//1229 1241//1241
f 1230//1230 1229//1229 1242//1242
f 1231//1231 1230//1230 1242//1242
f 1242//1242 1230//1230 1231//1231
f 1242//1242 1229//1229 1230//1230
f 1241//1241 1229//1229 1242//1242
f 1241//1241 1228//1228 1229//1229
f 1240//1240 1228//1228 1241//1241
f 1240//1240 1227//1227 1228//1228
f 1239//1239 1227//1227 1240//1240
f 1239//1239 1226//1226 1227//1227
f 1238//1238 1226//1226 1239//1239
f 1238//1238 1225//1225 1226//1226
f 1237//1237 1225//1225 1238//1238
f 1237//1237 1224//1224 1225//1225
f 1236//1236 1224//1224 1237//1237
f 1236//1236 1222//1222 1224//1224
f 1235//1235 1222//1222 1236//1236
f 1234//1234 1222//1222 1235//1235
f 1234//1234 1221//1221 1222//1222
f 1234//1234 1220//1220 1221//1221
f 1233//1233 1220//1220 1234//1234
f 1233//1233 1219//1219 1220//1220
f 1232//1232 1219//1219 1233//1233
f 1219//1219 1232//1232 1218//1218
f 1393//1393 1394//1394 1395//1395
f 1396//1396 1395//1395 1394//1394
f 1397//1397 1395//1395 1396//1396
f 1398//1398 1395//1395 1397//1397
f 1397//1397 1395//1395 1398//1398
f 1396//1396 1395//1395 1397//1397
f 1394//1394 1395//1395 1396//1396
f 1395//1395 1394//1394 1393//1393
f 1399//1399 1400//1400 1393//1393
f 1394//1394 1393//1393 1400//1400
f 1400//1400 1393//1393 1394//1394
f 1393//1393 1400//1400 1399//1399
f 1401//1401 1402//1402 1399//1399
f 1400//1400 1399//1399 1402//1402
f 1402//1402 1399//1399 1400//1400
f 1399//1399 1402//1402 1401//1401
f 1403//1403 1404//1404 1401//1401
f 1402//1402 1401//1401 1404//1404
f 1404//1404 1401//1401 1402//1402
f 1401//1401 1404//1404 1403//1403
f 1405//1405 1406//1406 1403//1403
f 1404//1404 1403//1403 1406//1406
f 1406//1406 1403//1403 1404//1404
f 1403//1403 1406//1406 1405//1405
f 1407//1407 1408//1408 1405//1405
f 1406//1406 1405//1405 1408//1408
f 1408//1408 1405//1405 1406//1406
f 1405//1405 1408//1408 1407//1407
f 1409//1409 1410//1410 1407//1407
f 1408//1408 1407//1407 1410//1410
f 1410//1410 1407//1407 1408//1408
f 1407//1407 1410//1410 1409//1409
f 1411//1411 1412//1412 1409//1409
f 1410//1410 1409//1409 1412//1412
f 1412//1412 1409//1409 1410//1410
f 1409//1409 1412//1412 1411//1411
f 1413//1413 1414//1414 1411//1411
f 1412//1412 1411//1411 1414//1414
f 1414//1414 1411//1411 1412//1412
f 1411//1411 1414//1414 1413//1413
f 1415//1415 1416//1416 1413//1413
f 1414//1414 1413//1413 1416//1416
f 1416//1416 1413//1413 1414//1414
f 1413//1413 1416//1416 1415//1415
f 1417//1417 1418//1418 1415//1415
f 1416//1416 1415//1415 1418//1418
f 1418//1418 1415//1415 1416//1416
f 1415//1415 1418//1418 1417//1417
f 1419//1419 1420//1420 1417//1417
f 1418//1418 1417//1417 1420//1420
f 1420//1420 1417//1417 1418//1418
f 1417//1417 1420//1420 1419//1419
f 1421//1421 1422//1422 1419//1419
f 1420//1420 1419//1419 1422//1422
f 1422//1422 1419//1419 1420//1420
f 1419//1419 1422//1422 1421//1421
f 1423//1423 1422//1422 1424//1424
f 1421//1421 1424//1424 1422//1422
f 1422//1422 1424//1424 1421//1421
f 1424//1424 1422//1422 1423//1423
f 1423//1423 1424//1424 1425//1425
f 1426//1426 1425//1425 1424//1424
f 1424//1424 1425//1425 1426//1426
f 1425//1425 1424//1424 1423//1423
f 1425//1425 1426//1426 1427//1427
f 1428//1428 1427//1427 1426//1426
f 1426//1426 1427//1427 1428//1428
f 1427//1427 1426//1426 1425//1425
f 1427//1427 1428//1428 1429//1429
f 1430//1430 1429//1429 1428//1428
f 1428//1428 1429//1429 1430//1430
f 1429//1429 1428//1428 1427//1427
f 1429//1429 1430//1430 1431//1431
f 1432//1432 1431//1431 1430//1430
f 1430//1430 1431//1431 1432//1432
f 1431//1431 1430//1430 1429//1429
f 1431//1431 1432//1432 1433//1433
f 1434//1434 1433//1433 1432//1432
f 1432//1432 1433//1433 1434//1434
f 1433//1433 1432//1432 1431//1431
f 1433//1433 1434//1434 1435//1435
f 1436//1436 1435//1435 1434//1434
f 1434//1434 1435//1435 1436//1436
f 1435//1435 1434//1434 1433//1433
f 1435//1435 1436//1436 1437//1437
f 1438//1438 1437//1437 1436//1436
f 1436//1436 1437//1437 1438//1438
f 1437//1437 1436//1436 1435//1435
f 1437//1437 1438//1438 1439//1439
f 1440//1440 1439//1439 1438//1438
f 1438//1438 1439//1439 1440//1440
f 1439//1439 1438//1438 1437//1437
f 1439//1439 1440//1440 1441//1441
f 1442//1442 1441//1441 1440//1440
f 1440//1440 1441//1441 1442//1442
f 1441//1441 1440//1440 1439//1439
f 1441//1441 1442//1442 1443//1443
f 1444//1444 1443//1443 1442//1442
f 1442//1442 1443//1443 1444//1444
f 1443//1443 1442//1442 1441//1441
f 1443//1443 1444//1444 1445//1445
f 1446//1446 1445//1445 1444//1444
f 1444//1444 1445//1445 1446//1446
f 1445//1445 1444//1444 1443//1443
f 1447//1447 1448//1448 1446//1446
f 1449//1449 1446//1446 1448//1448
f 1448//1448 1446//1446 1449//1449
f 1446//1446 1448//1448 1447//1447
f 1450//1450 1447//1447 1444//1444
f 1446//1446 1444//1444 1447//1447
f 1447//1447 1444//1444 1446//1446
f 1444//1444 1447//1447 1450//1450
f 1451//1451 1450//1450 1442//1442
f 1444//1444 1442//1442 1450//1450
f 1450//1450 1442//1442 1444//1444
f 1442//1442 1450//1450 1451//1451
f 1452//1452 1451//1451 1440//1440
f 1442//1442 1440//1440 1451//1451
f 1451//1451 1440//1440 1442//1442
f 1440//1440 1451//1451 1452//1452
f 1453//1453 1452//1452 1438//1438
f 1440//1440 1438//1438 1452//1452
f 1452//1452 1438//1438 1440//1440
f 1438//1438 1452//1452 1453//1453
f 1454//1454 1453//1453 1436//1436
f 1438//1438 1436//1436 1453//1453
f 1453//1453 1436//1436 1438//1438
f 1436//1436 1453//1453 1454//1454
f 1455//1455 1454//1454 1434//1434
f 1436//1436 1434//1434 1454//1454
f 1454//1454 1434//1434 1436//1436
f 1434//1434 1454//1454 1455//1455
f 1456//1456 1455//1455 1432//1432
f 1434//1434 1432//1432 1455//1455
f 1455//1455 1432//1432 1434//1434
f 1432//1432 1455//1455 1456//1456
f 1457//1457 1456//1456 1430//1430
f 1432//1432 1430//1430 1456//1456
f 1456//1456 1430//1430 1432//1432
f 1430//1430 1456//1456 1457//1457
f 1458//1458 1457//1457 1428//1428
f 1430//1430 1428//1428 1457//1457
f 1457//1457 1428//1428 1430//1430
f 1428//1428 1457//1457 1458//1458
f 1459//1459 1458//1458 1426//1426
f 1428//1428 1426//1426 1458//1458
f 1458//1458 1426//1426 1428//1428
f 1426//1426 1458//1458 1459//1459
f 1460//1460 1459//1459 1424//1424
f 1426//1426 1424//1424 1459//1459
f 1459//1459 1424//1424 1426//1426
f 1424//1424 1459//1459 1460//1460
f 1421//1421 1461//1461 1424//1424
f 1460//1460 1424//1424 1461//1461
f 1461//1461 1424//1424 1460//1460
f 1424//1424 1461//1461 1421//1421
f 1419//1419 1462//1462 1421//1421
f 1461//1461 1421//1421 1462//1462
f 1462//1462 1421//1421 1461//1461
f 1421//1421 1462//1462 1419//1419
f 1417//1417 1463//1463 1419//1419
f 1462//1462 1419//1419 1463//1463
f 1463//1463 1419//1419 1462//1462
f 1419//1419 1463//1463 1417//1417
f 1415//1415 1464//1464 1417//1417
f 1463//1463 1417//1417 1464//1464
f 1464//1464 1417//1417 1463//1463
f 1417//1417 1464//1464 1415//1415
f 1413//1413 1465//1465 1415//1415
f 1464//1464 1415//1415 1465//1465
f 1465//1465 1415//1415 1464//1464
f 1415//1415 1465//1465 1413//1413
f 1411//1411 1466//1466 1413//1413
f 1465//1465 1413//1413 1466//1466
f 1466//1466 1413//1413 1465//1465
f 1413//1413 1466//1466 1411//1411
f 1409//1409 1467//1467 1411//1411
f 1466//1466 1411//1411 1467//1467
f 1467//1467 1411//1411 1466//1466
f 1411//1411 1467//1467 1409//1409
f 1407//1407 1468//1468 1409//1409
f 1467//1467 1409//1409 1468//1468
f 1468//1468 1409//1409 1467//1467
f 1409//1409 1468//1468 1407//1407
f 1405//1405 1469//1469 1407//1407
f 1468//1468 1407//1407 1469//1469
f 1469//1469 1407//1407 1468//1468
f 1407//1407 1469//1469 1405//1405
f 1403//1403 1470//1470 1405//1405
f 1469//1469 1405//1405 1470//1470
f 1470//1470 1405//1405 1469//1469
f 1405//1405 1470//1470 1403//1403
f 1401//1401 1471//1471 1403//1403
f 1470//1470 1403//1403 1471//1471
f 1471//1471 1403//1403 1470//1470
f 1403//1403 1471//1471 1401//1401
f 1399//1399 1472//1472 1401//1401
f 1471//1471 1401//1401 1472//1472
f 1472//1472 1401//1401 1471//1471
f 1401//1401 1472//1472 1399//1399
f 1393//1393 1473//1473 1399//1399
f 1472//1472 1399//1399 1473//1473
f 1473//1473 1399//1399 1472//1472
f 1399//1399 1473//1473 1393//1393
f 1393//1393 1395//1395 1473//1473
f 1398//1398 1473//1473 1395//1395
f 1474//1474 1473//1473 1398//1398
f 1398//1398 1473//1473 1474//1474
f 1395//1395 1473//1473 1398//1398
f 1473//1473 1395//1395 1393//1393
f 1398//1398 1475//1475 1474//1474
f 1476//1476 1474//1474 1475//1475
f 1475//1475 1474//1474 1476//1476
f 1474//1474 1475//1475 1398//1398
f 1476//1476 1475//1475 1477//1477
f 1478//1478 1477//1477 1475//1475
f 1475//1475 1477//1477 1478//1478
f 1477//1477 1475//1475 1476//1476
f 1397//1397 1479//1479 1398//1398
f 1475//1475 1398//1398 1479//1479
f 1479//1479 1398//1398 1475//1475
f 1398//1398 1479//1479 1397//1397
f 1480//1480 1481//1481 1397//1397
f 1479//1479 1397//1397 1481//1481
f 1481//1481 1397//1397 1479//1479
f 1397//1397 1481//1481 1480//1480
f 1394//1394 1482//1482 1396//1396
f 1480//1480 1396//1396 1482//1482
f 1397//1397 1396//1396 1480//1480
f 1480//1480 1396//1396 1397//1397
f 1482//1482 1396//1396 1480//1480
f 1396//1396 1482//1482 1394//1394
f 1394//1394 1400//1400 1482//1482
f 1483//1483 1482//1482 1400//1400
f 1400//1400 1482//1482 1483//1483
f 1482//1482 1400//1400 1394//1394
f 1400//1400 1402//1402 1483//1483
f 1484//1484 1483//1483 1402//1402
f 1402//1402 1483//1483 1484//1484
f 1483//1483 1402//1402 1400//1400
f 1402//1402 1404//1404 1484//1484
f 1485//1485 1484//1484 1404//1404
f 1404//1404 1484//1484 1485//1485
f 1484//1484 1404//1404 1402//1402
f 1404//1404 1406//1406 1485//1485
f 1486//1486 1485//1485 1406//1406
f 1406//1406 1485//1485 1486//1486
f 1485//1485 1406//1406 1404//1404
f 1406//1406 1408//1408 1486//1486
f 1487//1487 1486//1486 1408//1408
f 1408//1408 1486//1486 1487//1487
f 1486//1486 1408//1408 1406//1406
f 1408//1408 1410//1410 1487//1487
f 1488//1488 1487//1487 1410//1410
f 1410//1410 1487//1487 1488//1488
f 1487//1487 1410//1410 1408//1408
f 1410//1410 1412//1412 1488//1488
f 1489//1489 1488//1488 1412//1412
f 1412//1412 1488//1488 1489//1489
f 1488//1488 1412//1412 1410//1410
f 1412//1412 1414//1414 1489//1489
f 1490//1490 1489//1489 1414//1414
f 1414//1414 1489//1489 1490//1490
f 1489//1489 1414//1414 1412//1412
f 1414//1414 1416//1416 1490//1490
f 1491//1491 1490//1490 1416//1416
f 1416//1416 1490//1490 1491//1491
f 1490//1490 1416//1416 1414//1414
f 1416//1416 1418//1418 1491//1491
f 1492//1492 1491//1491 1418//1418
f 1418//1418 1491//1491 1492//1492
f 1491//1491 1418//1418 1416//1416
f 1418//1418 1420//1420 1492//1492
f 1493//1493 1492//1492 1420//1420
f 1420//1420 1492//1492 1493//1493
f 1492//1492 1420//1420 1418//1418
f 1420//1420 1422//1422 1493//1493
f 1494//1494 1493//1493 1422//1422
f 1422//1422 1493//1493 1494//1494
f 1493//1493 1422//1422 1420//1420
f 1495//1495 1494//1494 1423//1423
f 1422//1422 1423//1423 1494//1494
f 1494//1494 1423//1423 1422//1422
f 1423//1423 1494//1494 1495//1495
f 1495//1495 1423//1423 1496//1496
f 1425//1425 1496//1496 1423//1423
f 1423//1423 1496//1496 1425//1425
f 1496//1496 1423//1423 1495//1495
f 1496//1496 1425//1425 1497//1497
f 1427//1427 1497//1497 1425//1425
f 1425//1425 1497//1497 1427//1427
f 1497//1497 1425//1425 1496//1496
f 1497//1497 1427//1427 1498//1498
f 1429//1429 1498//1498 1427//1427
f 1427//1427 1498//1498 1429//1429
f 1498//1498 1427//1427 1497//1497
f 1498//1498 1429//1429 1499//1499
f 1431//1431 1499//1499 1429//1429
f 1429//1429 1499//1499 1431//1431
f 1499//1499 1429//1429 1498//1498
f 1499//1499 1431//1431 1500//1500
f 1433//1433 1500//1500 1431//1431
f 1431//1431 1500//1500 1433//1433
f 1500//1500 1431//1431 1499//1499
f 1500//1500 1433//1433 1501//1501
f 1435//1435 1501//1501 1433//1433
f 1433//1433 1501//1501 1435//1435
f 1501//1501 1433//1433 1500//1500
f 1501//1501 1435//1435 1502//1502
f 1437//1437 1502//1502 1435//1435
f 1435//1435 1502//1502 1437//1437
f 1502//1502 1435//1435 1501//1501
f 1502//1502 1437//1437 1503//1503
f 1439//1439 1503//1503 1437//1437
f 1437//1437 1503//1503 1439//1439
f 1503//1503 1437//1437 1502//1502
f 1503//1503 1439//1439 1504//1504
f 1441//1441 1504//1504 1439//1439
f 1439//1439 1504//1504 1441//1441
f 1504//1504 1439//1439 1503//1503
f 1504//1504 1441//1441 1505//1505
f 1443//1443 1505//1505 1441//1441
f 1441//1441 1505//1505 1443//1443
f 1505//1505 1441//1441 1504//1504
f 1505//1505 1443//1443 1506//1506
f 1445//1445 1506//1506 1443//1443
f 1443//1443 1506//1506 1445//1445
f 1506//1506 1443//1443 1505//1505
f 1506//1506 1445//1445 1507//1507
f 1508//1508 1507//1507 1445//1445
f 1445//1445 1507//1507 1508//1508
f 1507//1507 1445//1445 1506//1506
f 1481//1481 1509//1509 1479//1479
f 1510//1510 1479//1479 1509//1509
f 1509//1509 1479//1479 1510//1510
f 1479//1479 1509//1509 1481//1481
f 1511//1511 1512//1512 1513//1513
f 1514//1514 1513//1513 1512//1512
f 1512//1512 1513//1513 1514//1514
f 1513//1513 1512//1512 1511//1511
f 1512//1512 1515//1515 1514//1514
f 1516//1516 1514//1514 1515//1515
f 1515//1515 1514//1514 1516//1516
f 1514//1514 1515//1515 1512//1512
f 1515//1515 1517//1517 1516//1516
f 1518//1518 1516//1516 1517//1517
f 1517//1517 1516//1516 1518//1518
f 1516//1516 1517//1517 1515//1515
f 1517//1517 1519//1519 1518//1518
f 1520//1520 1518//1518 1519//1519
f 1519//1519 1518//1518 1520//1520
f 1518//1518 1519//1519 1517//1517
f 1519//1519 1521//1521 1520//1520
f 1522//1522 1520//1520 1521//1521
f 1521//1521 1520//1520 1522//1522
f 1520//1520 1521//1521 1519//1519
f 1521//1521 1523//1523 1522//1522
f 1524//1524 1522//1522 1523//1523
f 1523//1523 1522//1522 1524//1524
f 1522//1522 1523//1523 1521//1521
f 1523//1523 1525//1525 1524//1524
f 1526//1526 1524//1524 1525//1525
f 1525//1525 1524//1524 1526//1526
f 1524//1524 1525//1525 1523//1523
f 1525//1525 1527//1527 1526//1526
f 1528//1528 1526//1526 1527//1527
f 1529//1529 1526//1526 1528//1528
f 1528//1528 1526//1526 1529//1529
f 1527//1527 1526//1526 1528//1528
f 1526//1526 1527//1527 1525//1525
f 1528//1528 1530//1530 1529//1529
f 1529//1529 1530//1530 1528//1528
f 1531//1531 1530//1530 1532//1532
f 1533//1533 1532//1532 1530//1530
f 1528//1528 1533//1533 1530//1530
f 1534//1534 1533//1533 1528//1528
f 1528//1528 1533//1533 1534//1534
f 1530//1530 1533//1533 1528//1528
f 1530//1530 1532//1532 1533//1533
f 1532//1532 1530//1530 1531//1531
f 1535//1535 1531//1531 1536//1536
f 1532//1532 1536//1536 1531//1531
f 1531//1531 1536//1536 1532//1532
f 1536//1536 1531//1531 1535//1535
f 1537//1537 1535//1535 1538//1538
f 1536//1536 1538//1538 1535//1535
f 1535//1535 1538//1538 1536//1536
f 1538//1538 1535//1535 1537//1537
f 1539//1539 1537//1537 1540//1540
f 1538//1538 1540//1540 1537//1537
f 1537//1537 1540//1540 1538//1538
f 1540//1540 1537//1537 1539//1539
f 1541//1541 1539//1539 1542//1542
f 1540//1540 1542//1542 1539//1539
f 1539//1539 1542//1542 1540//1540
f 1542//1542 1539//1539 1541//1541
f 1543//1543 1541//1541 1544//1544
f 1542//1542 1544//1544 1541//1541
f 1541//1541 1544//1544 1542//1542
f 1544//1544 1541//1541 1543//1543
f 1545//1545 1543//1543 1546//1546
f 1544//1544 1546//1546 1543//1543
f 1543//1543 1546//1546 1544//1544
f 1546//1546 1543//1543 1545//1545
f 1547//1547 1545//1545 1548//1548
f 1546//1546 1548//1548 1545//1545
f 1545//1545 1548//1548 1546//1546
f 1548//1548 1545//1545 1547//1547
f 1549//1549 1547//1547 1550//1550
f 1548//1548 1550//1550 1547//1547
f 1547//1547 1550//1550 1548//1548
f 1550//1550 1547//1547 1549//1549
f 1507//1507 1508//1508 1551//1551
f 1552//1552 1551//1551 1508//1508
f 1508//1508 1551//1551 1552//1552
f 1551//1551 1508//1508 1507//1507
f 1445//1445 1446//1446 1508//1508
f 1449//1449 1508//1508 1446//1446
f 1446//1446 1508//1508 1449//1449
f 1508//1508 1446//1446 1445//1445
f 1448//1448 1553//1553 1449//1449
f 1554//1554 1449//1449 1553//1553
f 1553//1553 1449//1449 1554//1554
f 1449//1449 1553//1553 1448//1448
f 1555//1555 1549//1549 1556//1556
f 1550//1550 1556//1556 1549//1549
f 1549//1549 1556//1556 1550//1550
f 1556//1556 1549//1549 1555//1555
f 1474//1474 1476//1476 1473//1473
f 1472//1472 1473//1473 1476//1476
f 1471//1471 1472//1472 1476//1476
f 1470//1470 1471//1471 1476//1476
f 1469//1469 1470//1470 1476//1476
f 1468//1468 1469//1469 1476//1476
f 1467//1467 1468//1468 1476//1476
f 1466//1466 1467//1467 1476//1476
f 1465//1465 1466//1466 1476//1476
f 1464//1464 1465//1465 1476//1476
f 1463//1463 1464//1464 1476//1476
f 1462//1462 1463//1463 1476//1476
f 1461//1461 1462//1462 1476//1476
f 1457//1457 1461//1461 1476//1476
f 1458//1458 1461//1461 1457//1457
f 1459//1459 1461//1461 1458//1458
f 1460//1460 1461//1461 1459//1459
f 1456//1456 1457//1457 1476//1476
f 1455//1455 1456//1456 1476//1476
f 1454//1454 1455//1455 1476//1476
f 1453//1453 1454//1454 1476//1476
f 1452//1452 1453//1453 1476//1476
f 1451//1451 1452//1452 1476//1476
f 1450//1450 1451//1451 1476//1476
f 1447//1447 1450//1450 1476//1476
f 1448//1448 1447//1447 1476//1476
f 1553//1553 1448//1448 1476//1476
f 1477//1477 1553//1553 1476//1476
f 1557//1557 1553//1553 1477//1477
f 1558//1558 1557//1557 1477//1477
f 1559//1559 1557//1557 1558//1558
f 1560//1560 1559//1559 1558//1558
f 1561//1561 1559//1559 1560//1560
f 1562//1562 1561//1561 1560//1560
f 1563//1563 1561//1561 1562//1562
f 1564//1564 1563//1563 1562//1562
f 1565//1565 1563//1563 1564//1564
f 1566//1566 1565//1565 1564//1564
f 1567//1567 1566//1566 1564//1564
f 1568//1568 1566//1566 1567//1567
f 1569//1569 1568//1568 1567//1567
f 1570//1570 1568//1568 1569//1569
f 1571//1571 1570//1570 1569//1569
f 1572//1572 1570//1570 1571//1571
f 1573//1573 1572//1572 1571//1571
f 1574//1574 1572//1572 1573//1573
f 1575//1575 1574//1574 1573//1573
f 1576//1576 1574//1574 1575//1575
f 1577//1577 1574//1574 1576//1576
f 1578//1578 1574//1574 1577//1577
f 1577//1577 1574//1574 1578//1578
f 1576//1576 1574//1574 1577//1577
f 1575//1575 1574//1574 1576//1576
f 1573//1573 1574//1574 1575//1575
f 1573//1573 1572//1572 1574//1574
f 1571//1571 1572//1572 1573//1573
f 1571//1571 1570//1570 1572//1572
f 1569//1569 1570//1570 1571//1571
f 1569//1569 1568//1568 1570//1570
f 1567//1567 1568//1568 1569//1569
f 1567//1567 1566//1566 1568//1568
f 1564//1564 1566//1566 1567//1567
f 1564//1564 1565//1565 1566//1566
f 1564//1564 1563//1563 1565//1565
f 1562//1562 1563//1563 1564//1564
f 1562//1562 1561//1561 1563//1563
f 1560//1560 1561//1561 1562//1562
f 1560//1560 1559//1559 1561//1561
f 1558//1558 1559//1559 1560//1560
f 1558//1558 1557//1557 1559//1559
f 1477//1477 1557//1557 1558//1558
f 1477//1477 1553//1553 1557//1557
f 1476//1476 1553//1553 1477//1477
f 1476//1476 1448//1448 1553//1553
f 1476//1476 1447//1447 1448//1448
f 1476//1476 1450//1450 1447//1447
f 1476//1476 1451//1451 1450//1450
f 1476//1476 1452//1452 1451//1451
f 1476//1476 1453//1453 1452//1452
f 1476//1476 1454//1454 1453//1453
f 1476//1476 1455//1455 1454//1454
f 1476//1476 1456//1456 1455//1455
f 1476//1476 1457//1457 1456//1456
f 1459//1459 1461//1461 1460//1460
f 1458//1458 1461//1461 1459//1459
f 1457//1457 1461//1461 1458//1458
f 1476//1476 1461//1461 1457//1457
f 1476//1476 1462//1462 1461//1461
f 1476//1476 1463//1463 1462//1462
f 1476//1476 1464//1464 1463//1463
f 1476//1476 1465//1465 1464//1464
f 1476//1476 1466//1466 1465//1465
f 1476//1476 1467//1467 1466//1466
f 1476//1476 1468//1468 1467//1467
f 1476//1476 1469//1469 1468//1468
f 1476//1476 1470//1470 1469//1469
f 1476//1476 1471//1471 1470//1470
f 1476//1476 1472//1472 1471//1471
f 1476//1476 1473//1473 1472//1472
f 1473//1473 1476//1476 1474//1474
f 1477//1477 1478//1478 1558//1558
f 1579//1579 1558//1558 1478//1478
f 1478//1478 1558//1558 1579//1579
f 1558//1558 1478//1478 1477//1477
f 1479//1479 1510//1510 1475//1475
f 1478//1478 1475//1475 1510//1510
f 1510//1510 1475//1475 1478//1478
f 1475//1475 1510//1510 1479//1479
f 1482//1482 1483//1483 1480//1480
f 1481//1481 1480//1480 1483//1483
f 1484//1484 1481//1481 1483//1483
f 1485//1485 1481//1481 1484//1484
f 1486//1486 1481//1481 1485//1485
f 1487//1487 1481//1481 1486//1486
f 1488//1488 1481//1481 1487//1487
f 1489//1489 1481//1481 1488//1488
f 1490//1490 1481//1481 1489//1489
f 1491//1491 1481//1481 1490//1490
f 1492//1492 1481//1481 1491//1491
f 1493//1493 1481//1481 1492//1492
f 1494//1494 1481//1481 1493//1493
f 1499//1499 1481//1481 1494//1494
f 1498//1498 1499//1499 1494//1494
f 1497//1497 1498//1498 1494//1494
f 1496//1496 1497//1497 1494//1494
f 1495//1495 1496//1496 1494//1494
f 1500//1500 1481//1481 1499//1499
f 1501//1501 1481//1481 1500//1500
f 1502//1502 1481//1481 1501//1501
f 1503//1503 1481//1481 1502//1502
f 1504//1504 1481//1481 1503//1503
f 1505//1505 1481//1481 1504//1504
f 1506//1506 1481//1481 1505//1505
f 1507//1507 1481//1481 1506//1506
f 1551//1551 1481//1481 1507//1507
f 1509//1509 1481//1481 1551//1551
f 1556//1556 1509//1509 1551//1551
f 1580//1580 1509//1509 1556//1556
f 1550//1550 1580//1580 1556//1556
f 1581//1581 1580//1580 1550//1550
f 1548//1548 1581//1581 1550//1550
f 1511//1511 1581//1581 1548//1548
f 1546//1546 1511//1511 1548//1548
f 1512//1512 1511//1511 1546//1546
f 1544//1544 1512//1512 1546//1546
f 1542//1542 1512//1512 1544//1544
f 1515//1515 1512//1512 1542//1542
f 1540//1540 1515//1515 1542//1542
f 1517//1517 1515//1515 1540//1540
f 1538//1538 1517//1517 1540//1540
f 1519//1519 1517//1517 1538//1538
f 1536//1536 1519//1519 1538//1538
f 1521//1521 1519//1519 1536//1536
f 1532//1532 1521//1521 1536//1536
f 1523//1523 1521//1521 1532//1532
f 1525//1525 1523//1523 1532//1532
f 1527//1527 1525//1525 1532//1532
f 1533//1533 1527//1527 1532//1532
f 1532//1532 1527//1527 1533//1533
f 1532//1532 1525//1525 1527//1527
f 1532//1532 1523//1523 1525//1525
f 1532//1532 1521//1521 1523//1523
f 1536//1536 1521//1521 1532//1532
f 1536//1536 1519//1519 1521//1521
f 1538//1538 1519//1519 1536//1536
f 1538//1538 1517//1517 1519//1519
f 1540//1540 1517//1517 1538//1538
f 1540//1540 1515//1515 1517//1517
f 1542//1542 1515//1515 1540//1540
f 1542//1542 1512//1512 1515//1515
f 1544//1544 1512//1512 1542//1542
f 1546//1546 1512//1512 1544//1544
f 1546//1546 1511//1511 1512//1512
f 1548//1548 1511//1511 1546//1546
f 1548//1548 1581//1581 1511//1511
f 1550//1550 1581//1581 1548//1548
f 1550//1550 1580//1580 1581//1581
f 1556//1556 1580//1580 1550//1550
f 1556//1556 1509//1509 1580//1580
f 1551//1551 1509//1509 1556//1556
f 1551//1551 1481//1481 1509//1509
f 1507//1507 1481//1481 1551//1551
f 1506//1506 1481//1481 1507//1507
f 1505//1505 1481//1481 1506//1506
f 1504//1504 1481//1481 1505//1505
f 1503//1503 1481//1481 1504//1504
f 1502//1502 1481//1481 1503//1503
f 1501//1501 1481//1481 1502//1502
f 1500//1500 1481//1481 1501//1501
f 1499//1499 1481//1481 1500//1500
f 1494//1494 1496//1496 1495//1495
f 1494//1494 1497//1497 1496//1496
f 1494//1494 1498//1498 1497//1497
f 1494//1494 1499//1499 1498//1498
f 1494//1494 1481//1481 1499//1499
f 1493//1493 1481//1481 1494//1494
f 1492//1492 1481//1481 1493//1493
f 1491//1491 1481//1481 1492//1492
f 1490//1490 1481//1481 1491//1491
f 1489//1489 1481//1481 1490//1490
f 1488//1488 1481//1481 1489//1489
f 1487//1487 1481//1481 1488//1488
f 1486//1486 1481//1481 1487//1487
f 1485//1485 1481//1481 1486//1486
f 1484//1484 1481//1481 1485//1485
f 1483//1483 1481//1481 1484//1484
f 1483//1483 1480//1480 1481//1481
f 1480//1480 1483//1483 1482//1482
f 1509//1509 1580//1580 1510//1510
f 1582//1582 1510//1510 1580//1580
f 1580//1580 1510//1510 1582//1582
f 1510//1510 1580//1580 1509//1509
f 1581//1581 1511//1511 1583//1583
f 1513//1513 1583//1583 1511//1511
f 1511//1511 1583//1583 1513//1513
f 1583//1583 1511//1511 1581//1581
f 1513//1513 1514//1514 1584//1584
f 1585//1585 1584//1584 1514//1514
f 1514//1514 1584//1584 1585//1585
f 1584//1584 1514//1514 1513//1513
f 1514//1514 1516//1516 1585//1585
f 1586//1586 1585//1585 1516//1516
f 1516//1516 1585//1585 1586//1586
f 1585//1585 1516//1516 1514//1514
f 1516//1516 1518//1518 1586//1586
f 1587//1587 1586//1586 1518//1518
f 1518//1518 1586//1586 1587//1587
f 1586//1586 1518//1518 1516//1516
f 1588//1588 1587//1587 1520//1520
f 1518//1518 1520//1520 1587//1587
f 1587//1587 1520//1520 1518//1518
f 1520//1520 1587//1587 1588//1588
f 1522//1522 1589//1589 1520//1520
f 1588//1588 1520//1520 1589//1589
f 1589//1589 1520//1520 1588//1588
f 1520//1520 1589//1589 1522//1522
f 1524//1524 1590//1590 1522//1522
f 1589//1589 1522//1522 1590//1590
f 1590//1590 1522//1522 1589//1589
f 1522//1522 1590//1590 1524//1524
f 1591//1591 1590//1590 1526//1526
f 1524//1524 1526//1526 1590//1590
f 1590//1590 1526//1526 1524//1524
f 1526//1526 1590//1590 1591//1591
f 1529//1529 1592//1592 1526//1526
f 1591//1591 1526//1526 1592//1592
f 1592//1592 1526//1526 1591//1591
f 1526//1526 1592//1592 1529//1529
f 1529//1529 1530//1530 1592//1592
f 1593//1593 1592//1592 1530//1530
f 1530//1530 1592//1592 1593//1593
f 1592//1592 1530//1530 1529//1529
f 1530//1530 1531//1531 1593//1593
f 1594//1594 1593//1593 1531//1531
f 1531//1531 1593//1593 1594//1594
f 1593//1593 1531//1531 1530//1530
f 1531//1531 1535//1535 1594//1594
f 1595//1595 1594//1594 1535//1535
f 1535//1535 1594//1594 1595//1595
f 1594//1594 1535//1535 1531//1531
f 1535//1535 1537//1537 1595//1595
f 1596//1596 1595//1595 1537//1537
f 1537//1537 1595//1595 1596//1596
f 1595//1595 1537//1537 1535//1535
f 1537//1537 1539//1539 1596//1596
f 1597//1597 1596//1596 1539//1539
f 1539//1539 1596//1596 1597//1597
f 1596//1596 1539//1539 1537//1537
f 1539//1539 1541//1541 1597//1597
f 1598//1598 1597//1597 1541//1541
f 1541//1541 1597//1597 1598//1598
f 1597//1597 1541//1541 1539//1539
f 1541//1541 1543//1543 1598//1598
f 1599//1599 1598//1598 1543//1543
f 1543//1543 1598//1598 1599//1599
f 1598//1598 1543//1543 1541//1541
f 1543//1543 1545//1545 1599//1599
f 1600//1600 1599//1599 1545//1545
f 1545//1545 1599//1599 1600//1600
f 1599//1599 1545//1545 1543//1543
f 1545//1545 1547//1547 1600//1600
f 1601//1601 1600//1600 1547//1547
f 1547//1547 1600//1600 1601//1601
f 1600//1600 1547//1547 1545//1545
f 1547//1547 1549//1549 1601//1601
f 1602//1602 1601//1601 1549//1549
f 1549//1549 1601//1601 1602//1602
f 1601//1601 1549//1549 1547//1547
f 1551//1551 1552//1552 1556//1556
f 1555//1555 1556//1556 1552//1552
f 1552//1552 1556//1556 1555//1555
f 1556//1556 1552//1552 1551//1551
f 1552//1552 1508//1508 1554//1554
f 1449//1449 1554//1554 1508//1508
f 1508//1508 1554//1554 1449//1449
f 1554//1554 1508//1508 1552//1552
f 1553//1553 1557//1557 1554//1554
f 1603//1603 1554//1554 1557//1557
f 1557//1557 1554//1554 1603//1603
f 1554//1554 1557//1557 1553//1553
f 1549//1549 1555//1555 1602//1602
f 1604//1604 1602//1602 1555//1555
f 1555//1555 1602//1602 1604//1604
f 1602//1602 1555//1555 1549//1549
f 1603//1603 1557//1557 1605//1605
f 1559//1559 1605//1605 1557//1557
f 1557//1557 1605//1605 1559//1559
f 1605//1605 1557//1557 1603//1603
f 1605//1605 1559//1559 1606//1606
f 1561//1561 1606//1606 1559//1559
f 1559//1559 1606//1606 1561//1561
f 1606//1606 1559//1559 1605//1605
f 1606//1606 1561//1561 1607//1607
f 1563//1563 1607//1607 1561//1561
f 1561//1561 1607//1607 1563//1563
f 1607//1607 1561//1561 1606//1606
f 1607//1607 1563//1563 1608//1608
f 1565//1565 1608//1608 1563//1563
f 1563//1563 1608//1608 1565//1565
f 1608//1608 1563//1563 1607//1607
f 1608//1608 1565//1565 1609//1609
f 1566//1566 1609//1609 1565//1565
f 1565//1565 1609//1609 1566//1566
f 1609//1609 1565//1565 1608//1608
f 1609//1609 1566//1566 1610//1610
f 1568//1568 1610//1610 1566//1566
f 1566//1566 1610//1610 1568//1568
f 1610//1610 1566//1566 1609//1609
f 1610//1610 1568//1568 1611//1611
f 1570//1570 1611//1611 1568//1568
f 1568//1568 1611//1611 1570//1570
f 1611//1611 1568//1568 1610//1610
f 1611//1611 1570//1570 1612//1612
f 1572//1572 1612//1612 1570//1570
f 1570//1570 1612//1612 1572//1572
f 1612//1612 1570//1570 1611//1611
f 1612//1612 1572//1572 1613//1613
f 1574//1574 1613//1613 1572//1572
f 1572//1572 1613//1613 1574//1574
f 1613//1613 1572//1572 1612//1612
f 1613//1613 1574//1574 1614//1614
f 1578//1578 1614//1614 1574//1574
f 1615//1615 1614//1614 1578//1578
f 1616//1616 1615//1615 1578//1578
f 1578//1578 1615//1615 1616//1616
f 1578//1578 1614//1614 1615//1615
f 1574//1574 1614//1614 1578//1578
f 1614//1614 1574//1574 1613//1613
f 1614//1614 1615//1615 1617//1617
f 1617//1617 1615//1615 1614//1614
f 1576//1576 1618//1618 1577//1577
f 1615//1615 1577//1577 1618//1618
f 1617//1617 1615//1615 1618//1618
f 1618//1618 1615//1615 1617//1617
f 1618//1618 1577//1577 1615//1615
f 1577//1577 1618//1618 1576//1576
f 1575//1575 1619//1619 1576//1576
f 1618//1618 1576//1576 1619//1619
f 1619//1619 1576//1576 1618//1618
f 1576//1576 1619//1619 1575//1575
f 1573//1573 1620//1620 1575//1575
f 1619//1619 1575//1575 1620//1620
f 1620//1620 1575//1575 1619//1619
f 1575//1575 1620//1620 1573//1573
f 1571//1571 1621//1621 1573//1573
f 1620//1620 1573//1573 1621//1621
f 1621//1621 1573//1573 1620//1620
f 1573//1573 1621//1621 1571//1571
f 1569//1569 1622//1622 1571//1571
f 1621//1621 1571//1571 1622//1622
f 1622//1622 1571//1571 1621//1621
f 1571//1571 1622//1622 1569//1569
f 1567//1567 1623//1623 1569//1569
f 1622//1622 1569//1569 1623//1623
f 1623//1623 1569//1569 1622//1622
f 1569//1569 1623//1623 1567//1567
f 1564//1564 1624//1624 1567//1567
f 1623//1623 1567//1567 1624//1624
f 1624//1624 1567//1567 1623//1623
f 1567//1567 1624//1624 1564//1564
f 1562//1562 1625//1625 1564//1564
f 1624//1624 1564//1564 1625//1625
f 1625//1625 1564//1564 1624//1624
f 1564//1564 1625//1625 1562//1562
f 1560//1560 1626//1626 1562//1562
f 1625//1625 1562//1562 1626//1626
f 1626//1626 1562//1562 1625//1625
f 1562//1562 1626//1626 1560//1560
f 1558//1558 1579//1579 1560//1560
f 1626//1626 1560//1560 1579//1579
f 1579//1579 1560//1560 1626//1626
f 1560//1560 1579//1579 1558//1558
f 1510//1510 1582//1582 1478//1478
f 1579//1579 1478//1478 1582//1582
f 1582//1582 1478//1478 1579//1579
f 1478//1478 1582//1582 1510//1510
f 1580//1580 1581//1581 1582//1582
f 1583//1583 1582//1582 1581//1581
f 1581//1581 1582//1582 1583//1583
f 1582//1582 1581//1581 1580//1580
f 1583//1583 1513//1513 1627//1627
f 1584//1584 1627//1627 1513//1513
f 1513//1513 1627//1627 1584//1584
f 1627//1627 1513//1513 1583//1583
f 1604//1604 1628//1628 1602//1602
f 1601//1601 1602//1602 1628//1628
f 1627//1627 1601//1601 1628//1628
f 1600//1600 1601//1601 1627//1627
f 1584//1584 1600//1600 1627//1627
f 1599//1599 1600//1600 1584//1584
f 1585//1585 1599//1599 1584//1584
f 1598//1598 1599//1599 1585//1585
f 1586//1586 1598//1598 1585//1585
f 1597//1597 1598//1598 1586//1586
f 1587//1587 1597//1597 1586//1586
f 1596//1596 1597//1597 1587//1587
f 1588//1588 1596//1596 1587//1587
f 1595//1595 1596//1596 1588//1588
f 1589//1589 1595//1595 1588//1588
f 1594//1594 1595//1595 1589//1589
f 1590//1590 1594//1594 1589//1589
f 1593//1593 1594//1594 1590//1590
f 1591//1591 1593//1593 1590//1590
f 1592//1592 1593//1593 1591//1591
f 1591//1591 1593//1593 1592//1592
f 1590//1590 1593//1593 1591//1591
f 1590//1590 1594//1594 1593//1593
f 1589//1589 1594//1594 1590//1590
f 1589//1589 1595//1595 1594//1594
f 1588//1588 1595//1595 1589//1589
f 1588//1588 1596//1596 1595//1595
f 1587//1587 1596//1596 1588//1588
f 1587//1587 1597//1597 1596//1596
f 1586//1586 1597//1597 1587//1587
f 1586//1586 1598//1598 1597//1597
f 1585//1585 1598//1598 1586//1586
f 1585//1585 1599//1599 1598//1598
f 1584//1584 1599//1599 1585//1585
f 1584//1584 1600//1600 1599//1599
f 1627//1627 1600//1600 1584//1584
f 1627//1627 1601//1601 1600//1600
f 1628//1628 1601//1601 1627//1627
f 1628//1628 1602//1602 1601//1601
f 1602//1602 1628//1628 1604//1604
f 1629//1629 1604//1604 1628//1628
f 1628//1628 1604//1604 1629//1629
f 1555//1555 1552//1552 1604//1604
f 1630//1630 1604//1604 1552//1552
f 1554//1554 1630//1630 1552//1552
f 1631//1631 1630//1630 1554//1554
f 1603//1603 1631//1631 1554//1554
f 1554//1554 1631//1631 1603//1603
f 1554//1554 1630//1630 1631//1631
f 1552//1552 1630//1630 1554//1554
f 1552//1552 1604//1604 1630//1630
f 1604//1604 1552//1552 1555//1555
f 1631//1631 1603//1603 1632//1632
f 1605//1605 1632//1632 1603//1603
f 1603//1603 1632//1632 1605//1605
f 1632//1632 1603//1603 1631//1631
f 1632//1632 1605//1605 1633//1633
f 1606//1606 1633//1633 1605//1605
f 1605//1605 1633//1633 1606//1606
f 1633//1633 1605//1605 1632//1632
f 1633//1633 1606//1606 1634//1634
f 1607//1607 1634//1634 1606//1606
f 1606//1606 1634//1634 1607//1607
f 1634//1634 1606//1606 1633//1633
f 1634//1634 1607//1607 1635//1635
f 1608//1608 1635//1635 1607//1607
f 1607//1607 1635//1635 1608//1608
f 1635//1635 1607//1607 1634//1634
f 1635//1635 1608//1608 1636//1636
f 1609//1609 1636//1636 1608//1608
f 1608//1608 1636//1636 1609//1609
f 1636//1636 1608//1608 1635//1635
f 1636//1636 1609//1609 1637//1637
f 1610//1610 1637//1637 1609//1609
f 1609//1609 1637//1637 1610//1610
f 1637//1637 1609//1609 1636//1636
f 1637//1637 1610//1610 1638//1638
f 1611//1611 1638//1638 1610//1610
f 1610//1610 1638//1638 1611//1611
f 1638//1638 1610//1610 1637//1637
f 1638//1638 1611//1611 1639//1639
f 1612//1612 1639//1639 1611//1611
f 1611//1611 1639//1639 1612//1612
f 1639//1639 1611//1611 1638//1638
f 1639//1639 1612//1612 1640//1640
f 1613//1613 1640//1640 1612//1612
f 1612//1612 1640//1640 1613//1613
f 1640//1640 1612//1612 1639//1639
f 1640//1640 1613//1613 1641//1641
f 1614//1614 1641//1641 1613//1613
f 1613//1613 1641//1641 1614//1614
f 1641//1641 1613//1613 1640//1640
f 1641//1641 1614//1614 1642//1642
f 1617//1617 1642//1642 1614//1614
f 1614//1614 1642//1642 1617//1617
f 1642//1642 1614//1614 1641//1641
f 1642//1642 1617//1617 1643//1643
f 1618//1618 1643//1643 1617//1617
f 1617//1617 1643//1643 1618//1618
f 1643//1643 1617//1617 1642//1642
f 1643//1643 1618//1618 1644//1644
f 1619//1619 1644//1644 1618//1618
f 1618//1618 1644//1644 1619//1619
f 1644//1644 1618//1618 1643//1643
f 1644//1644 1619//1619 1645//1645
f 1620//1620 1645//1645 1619//1619
f 1619//1619 1645//1645 1620//1620
f 1645//1645 1619//1619 1644//1644
f 1645//1645 1620//1620 1646//1646
f 1621//1621 1646//1646 1620//1620
f 1620//1620 1646//1646 1621//1621
f 1646//1646 1620//1620 1645//1645
f 1646//1646 1621//1621 1647//1647
f 1622//1622 1647//1647 1621//1621
f 1621//1621 1647//1647 1622//1622
f 1647//1647 1621//1621 1646//1646
f 1648//1648 1647//1647 1623//1623
f 1622//1622 1623//1623 1647//1647
f 1647//1647 1623//1623 1622//1622
f 1623//1623 1647//1647 1648//1648
f 1649//1649 1648//1648 1624//1624
f 1623//1623 1624//1624 1648//1648
f 1648//1648 1624//1624 1623//1623
f 1624//1624 1648//1648 1649//1649
f 1650//1650 1649//1649 1625//1625
f 1624//1624 1625//1625 1649//1649
f 1649//1649 1625//1625 1624//1624
f 1625//1625 1649//1649 1650//1650
f 1651//1651 1650//1650 1626//1626
f 1625//1625 1626//1626 1650//1650
f 1650//1650 1626//1626 1625//1625
f 1626//1626 1650//1650 1651//1651
f 1583//1583 1628//1628 1582//1582
f 1579//1579 1582//1582 1628//1628
f 1627//1627 1628//1628 1583//1583
f 1629//1629 1579//1579 1628//1628
f 1651//1651 1579//1579 1629//1629
f 1626//1626 1579//1579 1651//1651
f 1651//1651 1579//1579 1626//1626
f 1629//1629 1579//1579 1651//1651
f 1628//1628 1579//1579 1629//1629
f 1583//1583 1628//1628 1627//1627
f 1628//1628 1582//1582 1579//1579
f 1582//1582 1628//1628 1583//1583
f 1630//1630 1604//1604 1629//1629
f 1629//1629 1604//1604 1630//1630
f 1630//1630 1631//1631 1629//1629
f 1632//1632 1629//1629 1631//1631
f 1633//1633 1629//1629 1632//1632
f 1651//1651 1629//1629 1633//1633
f 1634//1634 1651//1651 1633//1633
f 1650//1650 1651//1651 1634//1634
f 1635//1635 1650//1650 1634//1634
f 1649//1649 1650//1650 1635//1635
f 1636//1636 1649//1649 1635//1635
f 1648//1648 1649//1649 1636//1636
f 1637//1637 1648//1648 1636//1636
f 1647//1647 1648//1648 1637//1637
f 1638//1638 1647//1647 1637//1637
f 1646//1646 1647//1647 1638//1638
f 1639//1639 1646//1646 1638//1638
f 1645//1645 1646//1646 1639//1639
f 1640//1640 1645//1645 1639//1639
f 1644//1644 1645//1645 1640//1640
f 1641//1641 1644//1644 1640//1640
f 1643//1643 1644//1644 1641//1641
f 1642//1642 1643//1643 1641//1641
f 1641//1641 1643//1643 1642//1642
f 1641//1641 1644//1644 1643//1643
f 1640//1640 1644//1644 1641//1641
f 1640//1640 1645//1645 1644//1644
f 1639//1639 1645//1645 1640//1640
f 1639//1639 1646//1646 1645//1645
f 1638//1638 1646//1646 1639//1639
f 1638//1638 1647//1647 1646//1646
f 1637//1637 1647//1647 1638//1638
f 1637//1637 1648//1648 1647//1647
f 1636//1636 1648//1648 1637//1637
f 1636//1636 1649//1649 1648//1648
f 1635//1635 1649//1649 1636//1636
f 1635//1635 1650//1650 1649//1649
f 1634//1634 1650//1650 1635//1635
f 1634//1634 1651//1651 1650//1650
f 1633//1633 1651//1651 1634//1634
f 1633//1633 1629//1629 1651//1651
f 1632//1632 1629//1629 1633//1633
f 1631//1631 1629//1629 1632//1632
f 1629//1629 1631//1631 1630//1630
f 8//8 964//964 961//961
f 964//964 8//8 15//15
f 4//4 961//961 963//963
f 961//961 4//4 8//8
f 24//24 964//964 15//15
f 964//964 24//24 965//965
f 4//4 962//962 2//2
f 962//962 4//4 963//963
f 34//34 965//965 24//24
f 965//965 34//34 966//966
f 2//2 974//974 6//6
f 974//974 2//2 962//962
f 967//967 34//34 47//47
f 34//34 967//967 966//966
f 974//974 12//12 6//6
f 12//12 974//974 975//975
f 968//968 47//47 62//62
f 47//47 968//968 967//967
f 975//975 20//20 12//12
f 20//20 975//975 976//976
f 969//969 62//62 79//79
f 62//62 969//969 968//968
f 976//976 30//30 20//20
f 30//30 976//976 977//977
f 970//970 79//79 104//104
f 79//79 970//970 969//969
f 977//977 42//42 30//30
f 42//42 977//977 978//978
f 104//104 971//971 970//970
f 971//971 104//104 132//132
f 978//978 56//56 42//42
f 56//56 978//978 979//979
f 132//132 972//972 971//971
f 972//972 132//132 164//164
f 979//979 72//72 56//56
f 72//72 979//979 980//980
f 972//972 200//200 973//973
f 200//200 972//972 164//164
f 981//981 72//72 980//980
f 72//72 981//981 94//94
f 973//973 183//183 984//984
f 183//183 973//973 200//200
f 982//982 94//94 981//981
f 94//94 982//982 119//119
f 984//984 149//149 983//983
f 149//149 984//984 183//183
f 982//982 149//149 119//119
f 149//149 982//982 983//983