# https://github.com/mikedh/trimesh
v 0.13216800 -0.03029000 -0.02228300
v 0.13216800 -0.03029000 0.01734300
v 0.13216800 -0.02820500 -0.02228300
v 0.13216800 -0.02820500 0.01734300
v 0.13216800 -0.03029000 0.05488500
v 0.13216800 -0.02820500 0.05488500
v 0.00077500 -0.03029000 -0.05982400
v 0.09933800 -0.03029000 -0.04306800
v 0.13216800 -0.03029000 -0.05982400
v 0.09984100 -0.03029000 -0.04286000
v 0.09879900 -0.03029000 -0.04313900
v 0.10027400 -0.03029000 -0.04252800
v 0.10060500 -0.03029000 -0.04209700
v 0.10081300 -0.03029000 -0.04159400
v 0.10088400 -0.03029000 -0.04105400
v 0.10081300 -0.03029000 -0.04051400
v 0.10060500 -0.03029000 -0.04001100
v 0.10027400 -0.03029000 -0.03957900
v 0.09984100 -0.03029000 -0.03924800
v 0.09933800 -0.03029000 -0.03903900
v 0.09879900 -0.03029000 -0.03896800
v 0.09879900 -0.03029000 -0.00455500
v 0.09933800 -0.03029000 -0.00448500
v 0.09984100 -0.03029000 -0.00427600
v 0.10027400 -0.03029000 -0.00394500
v 0.10060500 -0.03029000 -0.00351300
v 0.10081300 -0.03029000 -0.00301000
v 0.10088400 -0.03029000 -0.00247000
v 0.10081300 -0.03029000 -0.00193000
v 0.10060500 -0.03029000 -0.00142700
v 0.10027400 -0.03029000 -0.00099500
v 0.09984100 -0.03029000 -0.00066400
v 0.09933800 -0.03029000 -0.00045500
v 0.09879900 -0.03029000 -0.00038400
v 0.09879900 -0.03029000 0.03402800
v 0.09933800 -0.03029000 0.03409900
v 0.09984100 -0.03029000 0.03430800
v 0.10027400 -0.03029000 0.03463900
v 0.10060500 -0.03029000 0.03507100
v 0.10081300 -0.03029000 0.03557400
v 0.10088400 -0.03029000 0.03611400
v 0.10081300 -0.03029000 0.03665400
v 0.10060500 -0.03029000 0.03715700
v 0.10027400 -0.03029000 0.03758900
v 0.09984100 -0.03029000 0.03792000
v 0.09933800 -0.03029000 0.03812900
v 0.09879900 -0.03029000 0.03820000
v 0.00077500 -0.03029000 0.05488500
v 0.09732400 -0.03029000 -0.04252800
v 0.09775600 -0.03029000 -0.04286000
v 0.09825900 -0.03029000 -0.04306800
v 0.09699200 -0.03029000 -0.04209700
v 0.09678400 -0.03029000 -0.04159400
v 0.09671300 -0.03029000 -0.04105400
v 0.09678400 -0.03029000 -0.04051400
v 0.09699200 -0.03029000 -0.04001100
v 0.09732400 -0.03029000 -0.03957900
v 0.09775600 -0.03029000 -0.03924800
v 0.09825900 -0.03029000 -0.03903900
v 0.09775600 -0.03029000 -0.00427600
v 0.09825900 -0.03029000 -0.00448500
v 0.09732400 -0.03029000 -0.00394500
v 0.09699200 -0.03029000 -0.00351300
v 0.09678400 -0.03029000 -0.00301000
v 0.09671300 -0.03029000 -0.00247000
v 0.09678400 -0.03029000 -0.00193000
v 0.09699200 -0.03029000 -0.00142700
v 0.09732400 -0.03029000 -0.00099500
v 0.09775600 -0.03029000 -0.00066400
v 0.09825900 -0.03029000 -0.00045500
v 0.09825900 -0.03029000 0.03409900
v 0.09775600 -0.03029000 0.03430800
v 0.09732400 -0.03029000 0.03463900
v 0.09699200 -0.03029000 0.03507100
v 0.09678400 -0.03029000 0.03557400
v 0.09671300 -0.03029000 0.03611400
v 0.09678400 -0.03029000 0.03665400
v 0.09699200 -0.03029000 0.03715700
v 0.09732400 -0.03029000 0.03758900
v 0.09775600 -0.03029000 0.03792000
v 0.09825900 -0.03029000 0.03812900
v 0.13216800 -0.02820500 -0.05982400
v 0.13008300 -0.02611900 -0.07025200
v -0.12853300 -0.02611900 -0.07025200
v 0.13008300 -0.02611900 -0.05982400
v -0.12853300 -0.02611900 -0.05982400
v 0.13008300 -0.02820500 -0.05982400
v 0.13008300 -0.02820500 -0.07025200
v 0.13216800 -0.02820500 -0.07025200
v 0.13216800 0.04687700 -0.07025200
v 0.13216800 0.04687700 0.05488500
v -0.13061900 -0.03133300 0.05697000
v -0.13061900 0.04687700 0.05697000
v 0.13216800 -0.03133300 0.05697000
v 0.13216800 0.04687700 0.05697000
v -0.13061900 -0.03160300 0.05693500
v 0.13216800 -0.03160300 0.05693500
v -0.13061900 -0.03185500 0.05683000
v 0.13216800 -0.03185500 0.05683000
v -0.13061900 -0.03207100 0.05666500
v 0.13216800 -0.03207100 0.05666500
v 0.13216800 -0.03223600 0.05644900
v -0.13061900 -0.03223600 0.05644900
v 0.13216800 -0.03234000 0.05619700
v -0.13061900 -0.03234000 0.05619700
v 0.13216800 -0.03237600 0.05592700
v -0.13061900 -0.03237600 0.05592700
v 0.13216800 -0.03234000 0.05565700
v -0.13061900 -0.03234000 0.05565700
v 0.13216800 -0.03223600 0.05540600
v -0.13061900 -0.03223600 0.05540600
v 0.13216800 -0.03207100 0.05519000
v -0.13061900 -0.03207100 0.05519000
v -0.13061900 -0.03185500 0.05502400
v 0.13216800 -0.03185500 0.05502400
v -0.13061900 -0.03160300 0.05492000
v 0.13216800 -0.03160300 0.05492000
v -0.13061900 -0.03133300 0.05488500
v 0.13216800 -0.03133300 0.05488500
v -0.13061900 -0.03029000 0.05488500
v -0.13061900 -0.03029000 0.01734300
v -0.09829200 -0.03029000 -0.00427600
v -0.13061900 -0.03029000 -0.02228300
v -0.09778900 -0.03029000 -0.00448500
v -0.09724900 -0.03029000 -0.00455500
v -0.03259500 -0.03029000 -0.00455500
v -0.09872400 -0.03029000 -0.00394500
v -0.09905500 -0.03029000 -0.00351300
v -0.09926400 -0.03029000 -0.00301000
v -0.09933500 -0.03029000 -0.00247000
v -0.09926400 -0.03029000 -0.00193000
v -0.09905500 -0.03029000 -0.00142700
v -0.09872400 -0.03029000 -0.00099500
v -0.09829200 -0.03029000 -0.00066400
v -0.09778900 -0.03029000 -0.00045500
v -0.09724900 -0.03029000 -0.00038400
v -0.03313500 -0.03029000 -0.00448500
v -0.09670900 -0.03029000 -0.00448500
v -0.03363800 -0.03029000 -0.00427600
v -0.09620600 -0.03029000 -0.00427600
v -0.03407000 -0.03029000 -0.00394500
v -0.09577400 -0.03029000 -0.00394500
v -0.03440100 -0.03029000 -0.00351300
v -0.09544300 -0.03029000 -0.00351300
v -0.03461000 -0.03029000 -0.00301000
v -0.09523400 -0.03029000 -0.00301000
v -0.03468100 -0.03029000 -0.00247000
v -0.09516300 -0.03029000 -0.00247000
v -0.03461000 -0.03029000 -0.00193000
v -0.09523400 -0.03029000 -0.00193000
v -0.03440100 -0.03029000 -0.00142700
v -0.09544300 -0.03029000 -0.00142700
v -0.03407000 -0.03029000 -0.00099500
v -0.09577400 -0.03029000 -0.00099500
v -0.03363800 -0.03029000 -0.00066400
v -0.09620600 -0.03029000 -0.00066400
v -0.03313500 -0.03029000 -0.00045500
v -0.09670900 -0.03029000 -0.00045500
v -0.03259500 -0.03029000 -0.00038400
v -0.09829200 -0.03029000 -0.04286000
v -0.13061900 -0.03029000 -0.05982400
v -0.09778900 -0.03029000 -0.04306800
v -0.09724900 -0.03029000 -0.04313900
v -0.03259500 -0.03029000 -0.04313900
v -0.09872400 -0.03029000 -0.04252800
v -0.09905500 -0.03029000 -0.04209700
v -0.09926400 -0.03029000 -0.04159400
v -0.09933500 -0.03029000 -0.04105400
v -0.09926400 -0.03029000 -0.04051400
v -0.09905500 -0.03029000 -0.04001100
v -0.09872400 -0.03029000 -0.03957900
v -0.09829200 -0.03029000 -0.03924800
v -0.09778900 -0.03029000 -0.03903900
v -0.09724900 -0.03029000 -0.03896800
v -0.03313500 -0.03029000 -0.04306800
v -0.09670900 -0.03029000 -0.04306800
v -0.03363800 -0.03029000 -0.04286000
v -0.09620600 -0.03029000 -0.04286000
v -0.03407000 -0.03029000 -0.04252800
v -0.09577400 -0.03029000 -0.04252800
v -0.03440100 -0.03029000 -0.04209700
v -0.09544300 -0.03029000 -0.04209700
v -0.03461000 -0.03029000 -0.04159400
v -0.09523400 -0.03029000 -0.04159400
v -0.03468100 -0.03029000 -0.04105400
v -0.09516300 -0.03029000 -0.04105400
v -0.03461000 -0.03029000 -0.04051400
v -0.09523400 -0.03029000 -0.04051400
v -0.03440100 -0.03029000 -0.04001100
v -0.09544300 -0.03029000 -0.04001100
v -0.03407000 -0.03029000 -0.03957900
v -0.09577400 -0.03029000 -0.03957900
v -0.03363800 -0.03029000 -0.03924800
v -0.09620600 -0.03029000 -0.03924800
v -0.03313500 -0.03029000 -0.03903900
v -0.09670900 -0.03029000 -0.03903900
v -0.03259500 -0.03029000 -0.03896800
v -0.03205500 -0.03029000 -0.04306800
v -0.03155200 -0.03029000 -0.04286000
v -0.03112000 -0.03029000 -0.04252800
v -0.03078900 -0.03029000 -0.04209700
v -0.03058000 -0.03029000 -0.04159400
v -0.03050900 -0.03029000 -0.04105400
v -0.03058000 -0.03029000 -0.04051400
v -0.03078900 -0.03029000 -0.04001100
v -0.03112000 -0.03029000 -0.03957900
v -0.03155200 -0.03029000 -0.03924800
v -0.03205500 -0.03029000 -0.03903900
v -0.03078900 -0.03029000 -0.00351300
v -0.03112000 -0.03029000 -0.00394500
v -0.03155200 -0.03029000 -0.00427600
v -0.03205500 -0.03029000 -0.00448500
v -0.03058000 -0.03029000 -0.00301000
v -0.03050900 -0.03029000 -0.00247000
v -0.03058000 -0.03029000 -0.00193000
v -0.03078900 -0.03029000 -0.00142700
v -0.03112000 -0.03029000 -0.00099500
v -0.03155200 -0.03029000 -0.00066400
v -0.03205500 -0.03029000 -0.00045500
v -0.03155200 -0.03029000 0.03430800
v -0.03205500 -0.03029000 0.03409900
v -0.03259500 -0.03029000 0.03402800
v -0.03112000 -0.03029000 0.03463900
v -0.03078900 -0.03029000 0.03507100
v -0.03058000 -0.03029000 0.03557400
v -0.03050900 -0.03029000 0.03611400
v -0.03058000 -0.03029000 0.03665400
v -0.03078900 -0.03029000 0.03715700
v -0.03112000 -0.03029000 0.03758900
v -0.03155200 -0.03029000 0.03792000
v -0.03205500 -0.03029000 0.03812900
v -0.03259500 -0.03029000 0.03820000
v -0.09724900 -0.03029000 0.03820000
v -0.09829200 -0.03029000 0.03430800
v -0.09778900 -0.03029000 0.03409900
v -0.09724900 -0.03029000 0.03402800
v -0.09872400 -0.03029000 0.03463900
v -0.09905500 -0.03029000 0.03507100
v -0.09926400 -0.03029000 0.03557400
v -0.09933500 -0.03029000 0.03611400
v -0.09926400 -0.03029000 0.03665400
v -0.09905500 -0.03029000 0.03715700
v -0.09872400 -0.03029000 0.03758900
v -0.09829200 -0.03029000 0.03792000
v -0.09778900 -0.03029000 0.03812900
v -0.03313500 -0.03029000 0.03409900
v -0.09670900 -0.03029000 0.03409900
v -0.03363800 -0.03029000 0.03430800
v -0.09620600 -0.03029000 0.03430800
v -0.03407000 -0.03029000 0.03463900
v -0.09577400 -0.03029000 0.03463900
v -0.03440100 -0.03029000 0.03507100
v -0.09544300 -0.03029000 0.03507100
v -0.03461000 -0.03029000 0.03557400
v -0.09523400 -0.03029000 0.03557400
v -0.03468100 -0.03029000 0.03611400
v -0.09516300 -0.03029000 0.03611400
v -0.03461000 -0.03029000 0.03665400
v -0.09523400 -0.03029000 0.03665400
v -0.03440100 -0.03029000 0.03715700
v -0.09544300 -0.03029000 0.03715700
v -0.03407000 -0.03029000 0.03758900
v -0.09577400 -0.03029000 0.03758900
v -0.03363800 -0.03029000 0.03792000
v -0.09620600 -0.03029000 0.03792000
v -0.03313500 -0.03029000 0.03812900
v -0.09670900 -0.03029000 0.03812900
v -0.12853300 -0.02820500 -0.05982400
v -0.13061900 -0.02820500 -0.05982400
v -0.12853300 -0.02820500 -0.07025200
v -0.13061900 -0.02820500 -0.07025200
v -0.13061900 0.04687700 -0.07025200
v -0.13061900 0.04687700 0.05488500
v -0.13061900 -0.02820500 0.05488500
v -0.13061900 -0.02820500 0.01734300
v -0.13061900 -0.02820500 -0.02228300
v -0.09523400 -0.03446200 0.03557400
v -0.09516300 -0.03446200 0.03611400
v -0.09544300 -0.03446200 0.03507100
v -0.09577400 -0.03446200 0.03463900
v -0.09620600 -0.03446200 0.03430800
v -0.09670900 -0.03446200 0.03409900
v -0.09724900 -0.03446200 0.03402800
v -0.09778900 -0.03446200 0.03409900
v -0.09829200 -0.03446200 0.03430800
v -0.09872400 -0.03446200 0.03463900
v -0.09905500 -0.03446200 0.03507100
v -0.09926400 -0.03446200 0.03557400
v -0.09933500 -0.03446200 0.03611400
v -0.09926400 -0.03446200 0.03665400
v -0.09905500 -0.03446200 0.03715700
v -0.09872400 -0.03446200 0.03758900
v -0.09829200 -0.03446200 0.03792000
v -0.09778900 -0.03446200 0.03812900
v -0.09724900 -0.03446200 0.03820000
v -0.09670900 -0.03446200 0.03812900
v -0.09620600 -0.03446200 0.03792000
v -0.09577400 -0.03446200 0.03758900
v -0.09523400 -0.03446200 0.03665400
v -0.09544300 -0.03446200 0.03715700
v -0.09523400 -0.03446200 -0.00301000
v -0.09516300 -0.03446200 -0.00247000
v -0.09544300 -0.03446200 -0.00351300
v -0.09577400 -0.03446200 -0.00394500
v -0.09620600 -0.03446200 -0.00427600
v -0.09670900 -0.03446200 -0.00448500
v -0.09724900 -0.03446200 -0.00455500
v -0.09778900 -0.03446200 -0.00448500
v -0.09829200 -0.03446200 -0.00427600
v -0.09872400 -0.03446200 -0.00394500
v -0.09905500 -0.03446200 -0.00351300
v -0.09926400 -0.03446200 -0.00301000
v -0.09933500 -0.03446200 -0.00247000
v -0.09926400 -0.03446200 -0.00193000
v -0.09905500 -0.03446200 -0.00142700
v -0.09872400 -0.03446200 -0.00099500
v -0.09829200 -0.03446200 -0.00066400
v -0.09778900 -0.03446200 -0.00045500
v -0.09724900 -0.03446200 -0.00038400
v -0.09670900 -0.03446200 -0.00045500
v -0.09620600 -0.03446200 -0.00066400
v -0.09577400 -0.03446200 -0.00099500
v -0.09523400 -0.03446200 -0.00193000
v -0.09544300 -0.03446200 -0.00142700
v -0.09523400 -0.03446200 -0.04159400
v -0.09516300 -0.03446200 -0.04105400
v -0.09544300 -0.03446200 -0.04209700
v -0.09577400 -0.03446200 -0.04252800
v -0.09620600 -0.03446200 -0.04286000
v -0.09670900 -0.03446200 -0.04306800
v -0.09724900 -0.03446200 -0.04313900
v -0.09778900 -0.03446200 -0.04306800
v -0.09829200 -0.03446200 -0.04286000
v -0.09872400 -0.03446200 -0.04252800
v -0.09905500 -0.03446200 -0.04209700
v -0.09926400 -0.03446200 -0.04159400
v -0.09933500 -0.03446200 -0.04105400
v -0.09926400 -0.03446200 -0.04051400
v -0.09905500 -0.03446200 -0.04001100
v -0.09872400 -0.03446200 -0.03957900
v -0.09829200 -0.03446200 -0.03924800
v -0.09778900 -0.03446200 -0.03903900
v -0.09724900 -0.03446200 -0.03896800
v -0.09670900 -0.03446200 -0.03903900
v -0.09620600 -0.03446200 -0.03924800
v -0.09577400 -0.03446200 -0.03957900
v -0.09523400 -0.03446200 -0.04051400
v -0.09544300 -0.03446200 -0.04001100
v -0.03058000 -0.03446200 0.03557400
v -0.03050900 -0.03446200 0.03611400
v -0.03078900 -0.03446200 0.03507100
v -0.03112000 -0.03446200 0.03463900
v -0.03155200 -0.03446200 0.03430800
v -0.03205500 -0.03446200 0.03409900
v -0.03259500 -0.03446200 0.03402800
v -0.03313500 -0.03446200 0.03409900
v -0.03363800 -0.03446200 0.03430800
v -0.03407000 -0.03446200 0.03463900
v -0.03440100 -0.03446200 0.03507100
v -0.03461000 -0.03446200 0.03557400
v -0.03468100 -0.03446200 0.03611400
v -0.03461000 -0.03446200 0.03665400
v -0.03440100 -0.03446200 0.03715700
v -0.03407000 -0.03446200 0.03758900
v -0.03363800 -0.03446200 0.03792000
v -0.03313500 -0.03446200 0.03812900
v -0.03259500 -0.03446200 0.03820000
v -0.03205500 -0.03446200 0.03812900
v -0.03155200 -0.03446200 0.03792000
v -0.03112000 -0.03446200 0.03758900
v -0.03058000 -0.03446200 0.03665400
v -0.03078900 -0.03446200 0.03715700
v -0.03058000 -0.03446200 -0.04159400
v -0.03050900 -0.03446200 -0.04105400
v -0.03078900 -0.03446200 -0.04209700
v -0.03112000 -0.03446200 -0.04252800
v -0.03155200 -0.03446200 -0.04286000
v -0.03205500 -0.03446200 -0.04306800
v -0.03259500 -0.03446200 -0.04313900
v -0.03313500 -0.03446200 -0.04306800
v -0.03363800 -0.03446200 -0.04286000
v -0.03407000 -0.03446200 -0.04252800
v -0.03440100 -0.03446200 -0.04209700
v -0.03461000 -0.03446200 -0.04159400
v -0.03468100 -0.03446200 -0.04105400
v -0.03461000 -0.03446200 -0.04051400
v -0.03440100 -0.03446200 -0.04001100
v -0.03407000 -0.03446200 -0.03957900
v -0.03363800 -0.03446200 -0.03924800
v -0.03313500 -0.03446200 -0.03903900
v -0.03259500 -0.03446200 -0.03896800
v -0.03205500 -0.03446200 -0.03903900
v -0.03155200 -0.03446200 -0.03924800
v -0.03112000 -0.03446200 -0.03957900
v -0.03058000 -0.03446200 -0.04051400
v -0.03078900 -0.03446200 -0.04001100
v -0.03058000 -0.03446200 -0.00301000
v -0.03050900 -0.03446200 -0.00247000
v -0.03078900 -0.03446200 -0.00351300
v -0.03112000 -0.03446200 -0.00394500
v -0.03155200 -0.03446200 -0.00427600
v -0.03205500 -0.03446200 -0.00448500
v -0.03259500 -0.03446200 -0.00455500
v -0.03313500 -0.03446200 -0.00448500
v -0.03363800 -0.03446200 -0.00427600
v -0.03407000 -0.03446200 -0.00394500
v -0.03440100 -0.03446200 -0.00351300
v -0.03461000 -0.03446200 -0.00301000
v -0.03468100 -0.03446200 -0.00247000
v -0.03461000 -0.03446200 -0.00193000
v -0.03440100 -0.03446200 -0.00142700
v -0.03407000 -0.03446200 -0.00099500
v -0.03363800 -0.03446200 -0.00066400
v -0.03313500 -0.03446200 -0.00045500
v -0.03259500 -0.03446200 -0.00038400
v -0.03205500 -0.03446200 -0.00045500
v -0.03155200 -0.03446200 -0.00066400
v -0.03112000 -0.03446200 -0.00099500
v -0.03058000 -0.03446200 -0.00193000
v -0.03078900 -0.03446200 -0.00142700
v 0.03615900 -0.03029000 -0.04159400
v 0.03615900 -0.03446200 -0.04159400
v 0.03623000 -0.03029000 -0.04105400
v 0.03623000 -0.03446200 -0.04105400
v 0.03595100 -0.03029000 -0.04209700
v 0.03595100 -0.03446200 -0.04209700
v 0.03562000 -0.03029000 -0.04252800
v 0.03562000 -0.03446200 -0.04252800
v 0.03518700 -0.03029000 -0.04286000
v 0.03518700 -0.03446200 -0.04286000
v 0.03468400 -0.03029000 -0.04306800
v 0.03468400 -0.03446200 -0.04306800
v 0.03414500 -0.03029000 -0.04313900
v 0.03414500 -0.03446200 -0.04313900
v 0.03360500 -0.03029000 -0.04306800
v 0.03360500 -0.03446200 -0.04306800
v 0.03310200 -0.03029000 -0.04286000
v 0.03310200 -0.03446200 -0.04286000
v 0.03267000 -0.03029000 -0.04252800
v 0.03267000 -0.03446200 -0.04252800
v 0.03233800 -0.03446200 -0.04209700
v 0.03233800 -0.03029000 -0.04209700
v 0.03213000 -0.03446200 -0.04159400
v 0.03213000 -0.03029000 -0.04159400
v 0.03205900 -0.03446200 -0.04105400
v 0.03205900 -0.03029000 -0.04105400
v 0.03213000 -0.03446200 -0.04051400
v 0.03213000 -0.03029000 -0.04051400
v 0.03233800 -0.03446200 -0.04001100
v 0.03233800 -0.03029000 -0.04001100
v 0.03267000 -0.03446200 -0.03957900
v 0.03267000 -0.03029000 -0.03957900
v 0.03310200 -0.03029000 -0.03924800
v 0.03310200 -0.03446200 -0.03924800
v 0.03360500 -0.03029000 -0.03903900
v 0.03360500 -0.03446200 -0.03903900
v 0.03414500 -0.03029000 -0.03896800
v 0.03414500 -0.03446200 -0.03896800
v 0.03468400 -0.03029000 -0.03903900
v 0.03468400 -0.03446200 -0.03903900
v 0.03518700 -0.03029000 -0.03924800
v 0.03518700 -0.03446200 -0.03924800
v 0.03562000 -0.03029000 -0.03957900
v 0.03562000 -0.03446200 -0.03957900
v 0.03615900 -0.03029000 -0.04051400
v 0.03615900 -0.03446200 -0.04051400
v 0.03595100 -0.03446200 -0.04001100
v 0.03595100 -0.03029000 -0.04001100
v 0.10081300 -0.03446200 0.03557400
v 0.10088400 -0.03446200 0.03611400
v 0.10060500 -0.03446200 0.03507100
v 0.10027400 -0.03446200 0.03463900
v 0.09984100 -0.03446200 0.03430800
v 0.09933800 -0.03446200 0.03409900
v 0.09879900 -0.03446200 0.03402800
v 0.09825900 -0.03446200 0.03409900
v 0.09775600 -0.03446200 0.03430800
v 0.09732400 -0.03446200 0.03463900
v 0.09699200 -0.03446200 0.03507100
v 0.09678400 -0.03446200 0.03557400
v 0.09671300 -0.03446200 0.03611400
v 0.09678400 -0.03446200 0.03665400
v 0.09699200 -0.03446200 0.03715700
v 0.09732400 -0.03446200 0.03758900
v 0.09775600 -0.03446200 0.03792000
v 0.09825900 -0.03446200 0.03812900
v 0.09879900 -0.03446200 0.03820000
v 0.09933800 -0.03446200 0.03812900
v 0.09984100 -0.03446200 0.03792000
v 0.10027400 -0.03446200 0.03758900
v 0.10081300 -0.03446200 0.03665400
v 0.10060500 -0.03446200 0.03715700
v 0.03615900 -0.03029000 -0.00301000
v 0.03615900 -0.03446200 -0.00301000
v 0.03623000 -0.03029000 -0.00247000
v 0.03623000 -0.03446200 -0.00247000
v 0.03595100 -0.03029000 -0.00351300
v 0.03595100 -0.03446200 -0.00351300
v 0.03562000 -0.03029000 -0.00394500
v 0.03562000 -0.03446200 -0.00394500
v 0.03518700 -0.03029000 -0.00427600
v 0.03518700 -0.03446200 -0.00427600
v 0.03468400 -0.03029000 -0.00448500
v 0.03468400 -0.03446200 -0.00448500
v 0.03414500 -0.03029000 -0.00455500
v 0.03414500 -0.03446200 -0.00455500
v 0.03360500 -0.03029000 -0.00448500
v 0.03360500 -0.03446200 -0.00448500
v 0.03310200 -0.03029000 -0.00427600
v 0.03310200 -0.03446200 -0.00427600
v 0.03267000 -0.03029000 -0.00394500
v 0.03267000 -0.03446200 -0.00394500
v 0.03233800 -0.03446200 -0.00351300
v 0.03233800 -0.03029000 -0.00351300
v 0.03213000 -0.03446200 -0.00301000
v 0.03213000 -0.03029000 -0.00301000
v 0.03205900 -0.03446200 -0.00247000
v 0.03205900 -0.03029000 -0.00247000
v 0.03213000 -0.03446200 -0.00193000
v 0.03213000 -0.03029000 -0.00193000
v 0.03233800 -0.03446200 -0.00142700
v 0.03233800 -0.03029000 -0.00142700
v 0.03267000 -0.03446200 -0.00099500
v 0.03267000 -0.03029000 -0.00099500
v 0.03310200 -0.03029000 -0.00066400
v 0.03310200 -0.03446200 -0.00066400
v 0.03360500 -0.03029000 -0.00045500
v 0.03360500 -0.03446200 -0.00045500
v 0.03414500 -0.03029000 -0.00038400
v 0.03414500 -0.03446200 -0.00038400
v 0.03468400 -0.03029000 -0.00045500
v 0.03468400 -0.03446200 -0.00045500
v 0.03518700 -0.03029000 -0.00066400
v 0.03518700 -0.03446200 -0.00066400
v 0.03562000 -0.03029000 -0.00099500
v 0.03562000 -0.03446200 -0.00099500
v 0.03615900 -0.03029000 -0.00193000
v 0.03615900 -0.03446200 -0.00193000
v 0.03595100 -0.03446200 -0.00142700
v 0.03595100 -0.03029000 -0.00142700
v 0.10081300 -0.03446200 -0.04159400
v 0.10088400 -0.03446200 -0.04105400
v 0.10060500 -0.03446200 -0.04209700
v 0.10027400 -0.03446200 -0.04252800
v 0.09984100 -0.03446200 -0.04286000
v 0.09933800 -0.03446200 -0.04306800
v 0.09879900 -0.03446200 -0.04313900
v 0.09825900 -0.03446200 -0.04306800
v 0.09775600 -0.03446200 -0.04286000
v 0.09732400 -0.03446200 -0.04252800
v 0.09699200 -0.03446200 -0.04209700
v 0.09678400 -0.03446200 -0.04159400
v 0.09671300 -0.03446200 -0.04105400
v 0.09678400 -0.03446200 -0.04051400
v 0.09699200 -0.03446200 -0.04001100
v 0.09732400 -0.03446200 -0.03957900
v 0.09775600 -0.03446200 -0.03924800
v 0.09825900 -0.03446200 -0.03903900
v 0.09879900 -0.03446200 -0.03896800
v 0.09933800 -0.03446200 -0.03903900
v 0.09984100 -0.03446200 -0.03924800
v 0.10027400 -0.03446200 -0.03957900
v 0.10081300 -0.03446200 -0.04051400
v 0.10060500 -0.03446200 -0.04001100
v 0.10081300 -0.03446200 -0.00301000
v 0.10088400 -0.03446200 -0.00247000
v 0.10060500 -0.03446200 -0.00351300
v 0.10027400 -0.03446200 -0.00394500
v 0.09984100 -0.03446200 -0.00427600
v 0.09933800 -0.03446200 -0.00448500
v 0.09879900 -0.03446200 -0.00455500
v 0.09825900 -0.03446200 -0.00448500
v 0.09775600 -0.03446200 -0.00427600
v 0.09732400 -0.03446200 -0.00394500
v 0.09699200 -0.03446200 -0.00351300
v 0.09678400 -0.03446200 -0.00301000
v 0.09671300 -0.03446200 -0.00247000
v 0.09678400 -0.03446200 -0.00193000
v 0.09699200 -0.03446200 -0.00142700
v 0.09732400 -0.03446200 -0.00099500
v 0.09775600 -0.03446200 -0.00066400
v 0.09825900 -0.03446200 -0.00045500
v 0.09879900 -0.03446200 -0.00038400
v 0.09933800 -0.03446200 -0.00045500
v 0.09984100 -0.03446200 -0.00066400
v 0.10027400 -0.03446200 -0.00099500
v 0.10081300 -0.03446200 -0.00193000
v 0.10060500 -0.03446200 -0.00142700
v 0.03615900 -0.03029000 0.03557400
v 0.03615900 -0.03446200 0.03557400
v 0.03623000 -0.03029000 0.03611400
v 0.03623000 -0.03446200 0.03611400
v 0.03595100 -0.03029000 0.03507100
v 0.03595100 -0.03446200 0.03507100
v 0.03562000 -0.03029000 0.03463900
v 0.03562000 -0.03446200 0.03463900
v 0.03518700 -0.03029000 0.03430800
v 0.03518700 -0.03446200 0.03430800
v 0.03468400 -0.03029000 0.03409900
v 0.03468400 -0.03446200 0.03409900
v 0.03414500 -0.03029000 0.03402800
v 0.03414500 -0.03446200 0.03402800
v 0.03360500 -0.03029000 0.03409900
v 0.03360500 -0.03446200 0.03409900
v 0.03310200 -0.03029000 0.03430800
v 0.03310200 -0.03446200 0.03430800
v 0.03267000 -0.03029000 0.03463900
v 0.03267000 -0.03446200 0.03463900
v 0.03233800 -0.03446200 0.03507100
v 0.03233800 -0.03029000 0.03507100
v 0.03213000 -0.03446200 0.03557400
v 0.03213000 -0.03029000 0.03557400
v 0.03205900 -0.03446200 0.03611400
v 0.03205900 -0.03029000 0.03611400
v 0.03213000 -0.03446200 0.03665400
v 0.03213000 -0.03029000 0.03665400
v 0.03233800 -0.03446200 0.03715700
v 0.03233800 -0.03029000 0.03715700
v 0.03267000 -0.03446200 0.03758900
v 0.03267000 -0.03029000 0.03758900
v 0.03310200 -0.03029000 0.03792000
v 0.03310200 -0.03446200 0.03792000
v 0.03360500 -0.03029000 0.03812900
v 0.03360500 -0.03446200 0.03812900
v 0.03414500 -0.03029000 0.03820000
v 0.03414500 -0.03446200 0.03820000
v 0.03468400 -0.03029000 0.03812900
v 0.03468400 -0.03446200 0.03812900
v 0.03518700 -0.03029000 0.03792000
v 0.03518700 -0.03446200 0.03792000
v 0.03562000 -0.03029000 0.03758900
v 0.03562000 -0.03446200 0.03758900
v 0.03615900 -0.03029000 0.03665400
v 0.03615900 -0.03446200 0.03665400
v 0.03595100 -0.03446200 0.03715700
v 0.03595100 -0.03029000 0.03715700
vn -0.00000000 0.00000000 0.00000000
vn -0.00000000 0.00000000 0.00000000
vn 0.00000000 0.00000000 0.00000000
vn 0.00000000 0.00000000 0.00000000
vn 0.00000000 0.00000000 -0.00000000
vn -0.00000000 0.00000000 0.00000000
vn 0.00000000 -0.99998578 0.00533255
vn 0.00000000 -0.00000000 -0.00000000
vn -0.00000000 -0.00000000 -0.00000000
vn -0.00000000 0.00000000 0.00000000
vn -0.00016220 0.99999914 0.00129758
vn 0.00000000 -0.00000000 -0.00000000
vn 0.00000000 -0.00000000 -0.00000000
vn 0.00000000 0.00000000 -0.00000000
vn 0.00000000 0.00000000 0.00000000
vn -0.00000000 -0.00000000 -0.00000000
vn -0.00000000 -0.00000000 -0.00000000
vn 0.00000000 -0.00000000 0.00000000
vn -0.00000000 -0.00000000 -0.00000000
vn 0.00000000 0.00000000 0.00000000
vn 0.00128334 0.99998020 0.00616004
vn 0.00000000 -0.00000000 -0.00000000
vn -0.00000000 0.00000000 0.00000000
vn 0.00000000 -0.00000000 -0.00000000
vn -0.00000000 0.00000000 0.00000000
vn -0.00000000 -0.00000000 0.00000000
vn 0.00000000 0.00000000 -0.00000000
vn 0.00000000 -0.00000000 0.00000000
vn -0.00000000 -0.00000000 -0.00000000
vn 0.00000000 0.00000000 0.00000000
vn 0.00000000 -0.00000000 0.00000000
vn -0.00000000 0.00000000 -0.00000000
vn 0.00000000 -0.00000000 0.00000000
vn 0.00000000 0.00000000 0.00000000
vn -0.00000000 -0.00000000 0.00000000
vn -0.00000000 -0.00000000 0.00000000
vn 0.00099995 -0.99994950 -0.00999950
vn -0.00383139 0.99999266 0.00000000
vn 0.00000000 0.00000000 -0.00000000
vn 0.00000000 -0.00000000 -0.00000000
vn 0.00000000 -0.00000000 0.00000000
vn -0.00000000 -0.00000000 -0.00000000
vn -0.00000000 0.00000000 -0.00000000
vn 0.00000000 0.00000000 0.00000000
vn -0.00000000 0.00000000 -0.00000000
vn 0.00000000 -0.00000000 0.00000000
vn 0.00000000 0.00000000 0.00000000
vn 0.00000000 -0.99999639 0.00268568
vn 0.00000000 -0.00000000 0.00000000
vn -0.00000000 -0.00000000 -0.00000000
vn 0.00000000 -0.00000000 0.00000000
vn -0.00079572 0.99999942 0.00072338
vn 0.00000000 -0.00000000 0.00000000
vn -0.00000000 -0.00000000 -0.00000000
vn -0.00000000 0.00000000 0.00000000
vn 0.00000000 0.00000000 -0.00000000
vn -0.00000000 0.00000000 -0.00000000
vn -0.00000000 0.00000000 0.00000000
vn 0.00000000 0.00000000 -0.00000000
vn 0.00000000 0.00000000 0.00000000
vn -0.00000000 0.00000000 -0.00000000
vn 0.00219788 0.99999526 0.00215792
vn -0.00000000 0.00000000 -0.00000000
vn 0.00000000 0.00000000 0.00000000
vn -0.00000000 0.00000000 -0.00000000
vn -0.00000000 0.00000000 0.00000000
vn 0.00000000 -0.00000000 -0.00000000
vn -0.00000000 -0.00000000 0.00000000
vn -0.00000000 -0.00000000 0.00000000
vn 0.00000000 -0.00000000 -0.00000000
vn -0.00000000 0.00000000 -0.00000000
vn 0.00000000 0.00000000 0.00000000
vn -0.00000000 -0.00000000 0.00000000
vn -0.00000000 0.00000000 -0.00000000
vn 0.00000000 0.00000000 0.00000000
vn -0.00000000 -0.00000000 -0.00000000
vn -0.00000000 -0.00000000 0.00000000
vn 0.00000000 -0.00000000 -0.00000000
vn -0.00000000 0.00000000 -0.00000000
vn -0.00000000 0.00000000 0.00000000
vn 0.00000000 0.00000000 -0.00000000
vn 0.00000000 0.00000000 0.00000000
vn -0.00000000 -0.00000000 0.00000000
vn -0.00000000 0.00000000 -0.00000000
vn 0.00000000 0.00000000 0.00000000
vn 0.00000000 -0.00000000 -0.00000000
vn -0.00000000 -0.00000000 -0.00000000
vn 0.00000000 0.00000000 -0.00000000
vn -0.00000000 -0.00000000 0.00000000
vn 0.00000000 0.00000000 0.00000000
vn -0.00000000 0.00000000 0.00000000
vn 0.00000000 -0.00000000 0.00000000
vn 0.00000000 -0.00000000 0.00000000
vn 0.00000000 0.00000000 -0.00000000
vn 0.00000000 -0.00000000 -0.00000000
vn 0.00000000 -0.00000000 0.00000000
vn 0.00000000 0.00000000 -0.00000000
vn 0.00000000 -0.00000000 -0.00000000
vn -0.00000000 0.00000000 0.00000000
vn -0.00325854 0.70710303 -0.70710303
vn -0.01953635 -0.70656470 0.70737872
vn 0.00000000 -0.00000000 -0.00000000
vn -0.00000000 0.00000000 0.00000000
vn 0.00000000 -0.00000000 -0.00000000
vn 0.00000000 0.00000000 0.00000000
vn 0.00000000 0.00000000 -0.00000000
vn -0.00000000 0.00000000 0.00000000
vn -0.00000000 -0.00000000 -0.00000000
vn 0.00000000 0.00000000 0.00000000
vn -0.00000000 0.00000000 0.00000000
vn 0.00000000 -0.00000000 -0.00000000
vn -0.01347521 0.71165951 0.70239530
vn -0.00504452 -0.71295856 -0.70118802
vn -0.00000000 0.00000000 -0.00000000
vn 0.00000000 -0.00000000 0.00000000
vn -0.00000000 0.00000000 0.00000000
vn -0.00000000 -0.00000000 -0.00000000
vn -0.99311243 0.01989216 0.11546428
vn -0.00000000 -0.00000000 -0.00000000
vn 0.93971959 -0.34182602 -0.00905899
vn 0.00046094 0.99999989 0.00000000
vn 0.00000000 0.00000000 0.00000000
vn -0.00396560 0.99999214 0.00000000
vn -0.00000000 -0.00000000 -0.00000000
vn 0.00016067 -0.99999999 0.00000000
vn 0.00005966 -1.00000000 0.00000000
vn -0.00079388 0.99999947 -0.00064954
vn 0.00000000 0.00000000 0.00000000
vn 0.00000000 -0.00000000 -0.00000000
vn -0.00000000 -0.00000000 -0.00000000
vn -0.00000000 -0.00000000 0.00000000
vn -0.00000000 0.00000000 0.00000000
vn 0.00000000 0.00000000 -0.00000000
vn -0.00000000 0.00000000 0.00000000
vn 0.00000000 -0.00000000 -0.00000000
vn 0.00000000 -0.00000000 -0.00000000
vn -0.00274712 -0.99995000 -0.00961490
vn -0.00000000 0.00000000 0.00000000
vn 0.00000000 0.00000000 0.00000000
vn 0.00000000 0.00000000 -0.00000000
vn -0.00000000 0.00000000 -0.00000000
vn -0.00000000 -0.00000000 0.00000000
vn 0.00000000 0.00000000 0.00000000
vn 0.00000000 0.00000000 -0.00000000
vn 0.00000000 0.00000000 -0.00000000
vn 0.00000000 0.00000000 0.00000000
vn -0.00000000 -0.00000000 -0.00000000
vn 0.00000000 0.00000000 0.00000000
vn -0.00000000 -0.00000000 0.00000000
vn 0.00000000 -0.00000000 0.00000000
vn -0.00000000 0.00000000 0.00000000
vn -0.00000000 -0.00000000 -0.00000000
vn 0.00000000 0.00000000 -0.00000000
vn 0.00000000 0.00000000 0.00000000
vn -0.00000000 0.00000000 0.00000000
vn -0.00415596 -0.99992365 -0.01163668
vn 0.00000000 0.00000000 -0.00000000
vn 0.00280992 0.99998026 0.00561984
vn 0.00000000 -0.00000000 -0.00000000
vn -0.00000000 -0.00000000 -0.00000000
vn -0.00037234 0.99982463 0.01872331
vn 0.00000000 0.00000000 0.00000000
vn -0.00000000 0.00000000 0.00000000
vn -0.00003970 -1.00000000 0.00000000
vn -0.00000000 -0.00000000 0.00000000
vn 0.00000000 -0.00000000 0.00000000
vn -0.00000000 0.00000000 -0.00000000
vn -0.00000000 -0.00000000 -0.00000000
vn 0.00000000 -0.00000000 -0.00000000
vn -0.00000000 -0.00000000 0.00000000
vn 0.00000000 0.00000000 -0.00000000
vn -0.00000000 0.00000000 0.00000000
vn 0.00000000 0.00000000 -0.00000000
vn 0.00000000 -0.00000000 0.00000000
vn 0.00000000 0.00000000 0.00000000
vn 0.00000000 0.00000000 -0.00000000
vn -0.00000000 -0.00000000 -0.00000000
vn -0.00000000 -0.00000000 0.00000000
vn -0.00000000 -0.00000000 0.00000000
vn 0.00000000 -0.00000000 -0.00000000
vn 0.00000000 0.00000000 0.00000000
vn 0.00000000 0.00000000 -0.00000000
vn -0.00000000 0.00000000 -0.00000000
vn -0.00000000 0.00000000 0.00000000
vn -0.00000000 -0.00000000 -0.00000000
vn 0.00000000 0.00000000 0.00000000
vn 0.00000000 -0.00000000 -0.00000000
vn 0.00000000 -0.00000000 0.00000000
vn -0.00000000 0.00000000 0.00000000
vn -0.00000000 -0.00000000 -0.00000000
vn 0.00000000 0.00000000 -0.00000000
vn 0.00000000 0.00000000 0.00000000
vn -0.00000000 0.00000000 0.00000000
vn -0.00583781 -0.99993288 -0.01000767
vn 0.00000000 0.00000000 -0.00000000
vn 0.00280989 0.99997138 0.00702474
vn 0.00000000 0.00000000 0.00000000
vn 0.00000000 0.00000000 -0.00000000
vn -0.00000000 0.00000000 0.00000000
vn 0.00000000 -0.00000000 -0.00000000
vn 0.00000000 0.00000000 -0.00000000
vn -0.00000000 -0.00000000 0.00000000
vn -0.00000000 0.00000000 0.00000000
vn 0.00000000 0.00000000 0.00000000
vn -0.00000000 -0.00000000 -0.00000000
vn 0.00000000 -0.00000000 0.00000000
vn -0.00000000 0.00000000 -0.00000000
vn 0.00000000 -0.00000000 0.00000000
vn 0.00346258 0.99999347 -0.00103877
vn -0.00000000 -0.00000000 0.00000000
vn 0.00000000 -0.00000000 -0.00000000
vn -0.00000000 0.00000000 0.00000000
vn 0.00060241 -0.99999982 0.00000000
vn -0.00000000 0.00000000 0.00000000
vn -0.00000000 0.00000000 0.00000000
vn -0.00000000 0.00000000 -0.00000000
vn 0.00000000 0.00000000 0.00000000
vn -0.00000000 -0.00000000 -0.00000000
vn 0.00000000 -0.00000000 0.00000000
vn 0.00337828 0.99997147 -0.00675656
vn -0.00000000 0.00000000 0.00000000
vn -0.00003971 -1.00000000 0.00000000
vn -0.00552473 -0.99997615 0.00414355
vn 0.00000000 0.00000000 -0.00000000
vn -0.00000000 0.00000000 0.00000000
vn -0.00000000 0.00000000 0.00000000
vn 0.00000000 -0.00000000 0.00000000
vn -0.00000000 0.00000000 -0.00000000
vn 0.00000000 -0.00000000 0.00000000
vn -0.00000000 0.00000000 -0.00000000
vn 0.00000000 0.00000000 0.00000000
vn 0.00000000 -0.00000000 0.00000000
vn 0.00000000 -0.00000000 0.00000000
vn 0.00000000 -0.00000000 0.00000000
vn -0.00000000 0.00000000 -0.00000000
vn -0.00000000 0.00000000 0.00000000
vn -0.00000000 0.00000000 -0.00000000
vn 0.00000000 0.00000000 0.00000000
vn -0.00000000 0.00000000 -0.00000000
vn -0.00000000 0.00000000 -0.00000000
vn 0.00000000 0.00000000 -0.00000000
vn -0.00000000 0.00000000 0.00000000
vn 0.00000000 0.00000000 -0.00000000
vn -0.00000000 0.00000000 0.00000000
vn 0.00000000 -0.00000000 -0.00000000
vn -0.00000000 0.00000000 -0.00000000
vn -0.00309393 -0.99995769 0.00866300
vn 0.00000000 0.00000000 0.00000000
vn 0.00000000 0.00000000 -0.00000000
vn -0.00000000 0.00000000 -0.00000000
vn -0.00000000 -0.00000000 0.00000000
vn 0.00000000 0.00000000 0.00000000
vn 0.00000000 0.00000000 -0.00000000
vn -0.00000000 0.00000000 -0.00000000
vn -0.00000000 0.00000000 0.00000000
vn -0.00000000 -0.00000000 -0.00000000
vn 0.00000000 0.00000000 0.00000000
vn 0.00000000 -0.00000000 -0.00000000
vn 0.00000000 -0.00000000 0.00000000
vn -0.00000000 0.00000000 0.00000000
vn -0.00000000 -0.00000000 -0.00000000
vn 0.00000000 0.00000000 -0.00000000
vn 0.00000000 0.00000000 0.00000000
vn -0.00000000 0.00000000 0.00000000
vn -0.00583781 -0.99993288 -0.01000767
vn 0.00000000 0.00000000 -0.00000000
vn 0.00280989 0.99997138 0.00702474
vn -0.00000000 0.00000000 0.00000000
vn -0.00000000 -0.00000000 -0.00000000
vn 0.00000000 -0.00000000 0.00000000
vn 0.00000000 0.00000000 0.00000000
vn -0.00000000 -0.00000000 -0.00000000
vn 0.00000000 0.00000000 0.00000000
vn 0.00000000 0.00000000 0.00000000
vn 0.00000000 0.00000000 0.00000000
vn 0.00000000 0.00000000 0.00000000
vn 0.00000000 0.00000000 -0.00000000
vn 0.00000000 0.00000000 -0.00000000
vn -0.00000000 -0.00000000 0.00000000
vn 0.00000000 0.00000000 -0.00000000
vn -0.00000000 -0.00000000 0.00000000
vn 0.00000000 0.00000000 -0.00000000
vn 0.00000000 0.00000000 0.00000000
vn 0.00000000 -0.00000000 0.00000000
vn -0.00000000 0.00000000 -0.00000000
vn 0.00000000 -0.00000000 0.00000000
vn -0.00000000 -0.00000000 -0.00000000
vn 0.00000000 -0.00000000 0.00000000
vn 0.00000000 0.00000000 0.00000000
vn -0.00000000 0.00000000 0.00000000
vn 0.00000000 0.00000000 -0.00000000
vn -0.00000000 -0.00000000 0.00000000
vn 0.00000000 0.00000000 -0.00000000
vn -0.00000000 -0.00000000 0.00000000
vn -0.00000000 -0.00000000 -0.00000000
vn -0.00000000 0.00000000 -0.00000000
vn 0.00000000 -0.00000000 0.00000000
vn -0.00000000 0.00000000 -0.00000000
vn -0.00000000 -0.00000000 -0.00000000
vn 0.00000000 0.00000000 0.00000000
vn -0.00000000 0.00000000 0.00000000
vn 0.00000000 0.00000000 -0.00000000
vn -0.00000000 0.00000000 0.00000000
vn 0.00000000 0.00000000 -0.00000000
vn -0.00000000 0.00000000 0.00000000
vn 0.00000000 -0.00000000 -0.00000000
vn -0.00000000 0.00000000 0.00000000
vn 0.00000000 0.00000000 0.00000000
vn -0.00000000 0.00000000 -0.00000000
vn 0.00000000 -0.00000000 0.00000000
vn -0.00000000 0.00000000 -0.00000000
vn -0.00000000 0.00000000 0.00000000
vn -0.00000000 0.00000000 0.00000000
vn 0.00000000 -0.00000000 0.00000000
vn 0.00000000 0.00000000 -0.00000000
vn -0.00000000 0.00000000 0.00000000
vn 0.00000000 -0.00000000 -0.00000000
vn -0.00000000 0.00000000 0.00000000
vn -0.00000000 0.00000000 -0.00000000
vn -0.00000000 -0.00000000 -0.00000000
vn 0.00000000 -0.00000000 0.00000000
vn 0.00000000 -0.00000000 -0.00000000
vn 0.00000000 0.00000000 0.00000000
vn 0.00000000 0.00000000 0.00000000
vn 0.00000000 0.00000000 -0.00000000
vn 0.00000000 0.00000000 -0.00000000
vn -0.00000000 0.00000000 0.00000000
vn -0.00000000 0.00000000 0.00000000
vn 0.00000000 0.00000000 -0.00000000
vn -0.00000000 0.00000000 0.00000000
vn 0.00000000 0.00000000 0.00000000
vn -0.00000000 0.00000000 -0.00000000
vn 0.00000000 0.00000000 0.00000000
vn -0.00000000 0.00000000 -0.00000000
vn -0.00000000 -0.00000000 -0.00000000
vn 0.00000000 -0.00000000 0.00000000
vn 0.00000000 0.00000000 0.00000000
vn -0.00000000 0.00000000 0.00000000
vn 0.00000000 -0.00000000 -0.00000000
vn -0.00000000 -0.00000000 0.00000000
vn 0.00000000 -0.00000000 -0.00000000
vn -0.00000000 -0.00000000 0.00000000
vn -0.00000000 -0.00000000 -0.00000000
vn -0.00000000 0.00000000 -0.00000000
vn 0.00000000 0.00000000 0.00000000
vn -0.00000000 0.00000000 -0.00000000
vn -0.00000000 -0.00000000 -0.00000000
vn 0.00000000 0.00000000 0.00000000
vn 0.00000000 0.00000000 -0.00000000
vn -0.00000000 0.00000000 -0.00000000
vn -0.00000000 -0.00000000 0.00000000
vn 0.00000000 -0.00000000 -0.00000000
vn -0.00000000 -0.00000000 0.00000000
vn 0.00000000 0.00000000 -0.00000000
vn 0.00000000 0.00000000 0.00000000
vn 0.00000000 -0.00000000 0.00000000
vn -0.00000000 0.00000000 -0.00000000
vn 0.00000000 -0.00000000 0.00000000
vn -0.00000000 -0.00000000 -0.00000000
vn 0.00000000 -0.00000000 0.00000000
vn -0.00000000 0.00000000 0.00000000
vn -0.00000000 0.00000000 0.00000000
vn 0.00000000 0.00000000 -0.00000000
vn -0.00000000 -0.00000000 0.00000000
vn 0.00000000 0.00000000 -0.00000000
vn -0.00000000 -0.00000000 0.00000000
vn -0.00000000 -0.00000000 -0.00000000
vn -0.00000000 0.00000000 -0.00000000
vn 0.00000000 -0.00000000 0.00000000
vn -0.00000000 0.00000000 -0.00000000
vn -0.00000000 -0.00000000 -0.00000000
vn 0.00000000 0.00000000 0.00000000
vn 0.00000000 0.00000000 -0.00000000
vn -0.00000000 0.00000000 -0.00000000
vn -0.00000000 0.00000000 0.00000000
vn 0.00000000 0.00000000 0.00000000
vn 0.00000000 -0.00000000 -0.00000000
vn -0.00000000 0.00000000 0.00000000
vn 0.00000000 0.00000000 0.00000000
vn -0.00000000 0.00000000 -0.00000000
vn 0.00000000 0.00000000 0.00000000
vn -0.00000000 0.00000000 -0.00000000
vn -0.00000000 -0.00000000 -0.00000000
vn 0.00000000 -0.00000000 0.00000000
vn -0.00000000 0.00000000 0.00000000
vn -0.00000000 0.00000000 0.00000000
vn 0.00000000 -0.00000000 -0.00000000
vn -0.00000000 -0.00000000 0.00000000
vn 0.00000000 -0.00000000 -0.00000000
vn -0.00000000 -0.00000000 0.00000000
vn -0.00000000 -0.00000000 -0.00000000
vn -0.00000000 0.00000000 -0.00000000
vn 0.00000000 0.00000000 0.00000000
vn -0.00000000 0.00000000 -0.00000000
vn -0.00000000 -0.00000000 -0.00000000
vn 0.00000000 0.00000000 0.00000000
vn -0.00000000 0.00000000 0.00000000
vn -0.00000000 0.00000000 -0.00000000
vn -0.00000000 0.00000000 0.00000000
vn 0.00000000 0.00000000 -0.00000000
vn -0.00000000 0.00000000 0.00000000
vn 0.00000000 -0.00000000 -0.00000000
vn -0.00000000 0.00000000 0.00000000
vn 0.00000000 0.00000000 0.00000000
vn -0.00000000 0.00000000 -0.00000000
vn 0.00000000 -0.00000000 0.00000000
vn -0.00000000 0.00000000 -0.00000000
vn -0.00000000 0.00000000 0.00000000
vn -0.00000000 -0.00000000 0.00000000
vn -0.00000000 -0.00000000 0.00000000
vn 0.00000000 0.00000000 -0.00000000
vn -0.00000000 0.00000000 0.00000000
vn 0.00000000 -0.00000000 -0.00000000
vn -0.00000000 0.00000000 0.00000000
vn -0.00000000 0.00000000 -0.00000000
vn -0.00000000 -0.00000000 -0.00000000
vn 0.00000000 -0.00000000 0.00000000
vn -0.00000000 -0.00000000 -0.00000000
vn -0.00000000 -0.00000000 -0.00000000
vn 0.00000000 0.00000000 0.00000000
vn 0.00000000 0.00000000 -0.00000000
vn -0.00000000 0.00000000 0.00000000
vn 0.00000000 0.00000000 0.00000000
vn 0.00000000 0.00000000 -0.00000000
vn 0.00000000 0.00000000 -0.00000000
vn 0.00000000 0.00000000 0.00000000
vn -0.00000000 0.00000000 0.00000000
vn 0.00000000 0.00000000 -0.00000000
vn 0.00000000 0.00000000 -0.00000000
vn -0.00000000 -0.00000000 0.00000000
vn 0.00000000 0.00000000 -0.00000000
vn -0.00000000 -0.00000000 0.00000000
vn -0.00000000 0.00000000 0.00000000
vn 0.00000000 0.00000000 -0.00000000
vn 0.00000000 0.00000000 0.00000000
vn -0.00000000 0.00000000 -0.00000000
vn -0.00000000 0.00000000 -0.00000000
vn 0.00000000 0.00000000 0.00000000
vn 0.00000000 0.00000000 0.00000000
vn -0.00000000 0.00000000 -0.00000000
vn 0.00000000 -0.00000000 -0.00000000
vn -0.00000000 0.00000000 0.00000000
vn -0.00000000 -0.00000000 -0.00000000
vn 0.00000000 0.00000000 0.00000000
vn 0.00000000 0.00000000 0.00000000
vn -0.00000000 0.00000000 -0.00000000
vn 0.00000000 0.00000000 -0.00000000
vn -0.00000000 0.00000000 0.00000000
vn -0.00000000 -0.00000000 0.00000000
vn 0.00000000 0.00000000 -0.00000000
vn 0.00000000 -0.00000000 0.00000000
vn -0.00000000 0.00000000 -0.00000000
vn -0.00000000 0.00000000 0.00000000
vn 0.00000000 -0.00000000 -0.00000000
vn 0.00000000 0.00000000 -0.00000000
vn -0.00000000 -0.00000000 0.00000000
vn 0.00000000 0.00000000 0.00000000
vn -0.00000000 0.00000000 -0.00000000
vn 0.00000000 0.00000000 0.00000000
vn -0.00000000 0.00000000 -0.00000000
vn -0.00000000 0.00000000 -0.00000000
vn 0.00000000 0.00000000 0.00000000
vn 0.00000000 0.00000000 0.00000000
vn -0.00000000 0.00000000 -0.00000000
vn -0.00000000 0.00000000 -0.00000000
vn 0.00000000 0.00000000 0.00000000
vn 0.00000000 -0.00000000 0.00000000
vn -0.00000000 0.00000000 -0.00000000
vn -0.00000000 0.00000000 0.00000000
vn 0.00000000 0.00000000 -0.00000000
vn -0.00000000 -0.00000000 0.00000000
vn 0.00000000 0.00000000 -0.00000000
vn -0.00000000 -0.00000000 0.00000000
vn 0.00000000 0.00000000 -0.00000000
vn 0.00000000 0.00000000 -0.00000000
vn 0.00000000 -0.00000000 0.00000000
vn -0.00000000 0.00000000 -0.00000000
vn 0.00000000 -0.00000000 0.00000000
vn 0.00000000 -0.00000000 0.00000000
vn -0.00000000 -0.00000000 -0.00000000
vn 0.00000000 0.00000000 0.00000000
vn 0.00000000 0.00000000 -0.00000000
vn -0.00000000 0.00000000 0.00000000
vn 0.00000000 -0.00000000 0.00000000
vn 0.00000000 0.00000000 -0.00000000
vn -0.00000000 -0.00000000 0.00000000
vn -0.00000000 -0.00000000 -0.00000000
vn -0.00000000 0.00000000 -0.00000000
vn 0.00000000 -0.00000000 0.00000000
vn -0.00000000 0.00000000 -0.00000000
vn 0.00000000 0.00000000 0.00000000
vn 0.00000000 -0.00000000 0.00000000
vn 0.00000000 0.00000000 -0.00000000
vn -0.00000000 0.00000000 0.00000000
vn 0.00000000 0.00000000 0.00000000
vn 0.00000000 0.00000000 -0.00000000
vn -0.00000000 0.00000000 0.00000000
vn 0.00000000 0.00000000 -0.00000000
vn -0.00000000 0.00000000 -0.00000000
vn 0.00000000 0.00000000 -0.00000000
vn 0.00000000 0.00000000 -0.00000000
vn -0.00000000 0.00000000 0.00000000
vn -0.00000000 0.00000000 0.00000000
vn 0.00000000 0.00000000 -0.00000000
vn 0.00000000 0.00000000 -0.00000000
vn -0.00000000 0.00000000 0.00000000
vn -0.00000000 0.00000000 -0.00000000
vn 0.00000000 0.00000000 0.00000000
vn 0.00000000 0.00000000 0.00000000
vn -0.00000000 0.00000000 -0.00000000
vn 0.00000000 0.00000000 0.00000000
vn -0.00000000 -0.00000000 -0.00000000
vn 0.00000000 -0.00000000 0.00000000
vn -0.00000000 0.00000000 -0.00000000
vn -0.00000000 0.00000000 -0.00000000
vn 0.00000000 0.00000000 0.00000000
vn -0.00000000 0.00000000 0.00000000
vn -0.00000000 0.00000000 -0.00000000
vn 0.00000000 0.00000000 -0.00000000
vn -0.00000000 0.00000000 0.00000000
vn -0.00000000 -0.00000000 0.00000000
vn 0.00000000 0.00000000 -0.00000000
vn 0.00000000 0.00000000 -0.00000000
vn -0.00000000 0.00000000 0.00000000
vn -0.00000000 0.00000000 0.00000000
vn 0.00000000 -0.00000000 -0.00000000
vn 0.00000000 0.00000000 -0.00000000
vn -0.00000000 0.00000000 0.00000000
vn 0.00000000 0.00000000 0.00000000
vn -0.00000000 -0.00000000 -0.00000000
vn 0.00000000 0.00000000 0.00000000
vn -0.00000000 -0.00000000 -0.00000000
vn 0.00000000 0.00000000 -0.00000000
vn 0.00000000 -0.00000000 0.00000000
vn 0.00000000 0.00000000 0.00000000
vn 0.00000000 -0.00000000 0.00000000
vn -0.00000000 0.00000000 -0.00000000
vn 0.00000000 0.00000000 0.00000000
vn -0.00000000 0.00000000 -0.00000000
vn 0.00000000 0.00000000 0.00000000
vn -0.00000000 0.00000000 0.00000000
vn 0.00000000 0.00000000 -0.00000000
vn 0.00000000 0.00000000 0.00000000
vn -0.00000000 -0.00000000 0.00000000
vn 0.00000000 -0.00000000 -0.00000000
vn -0.00000000 -0.00000000 0.00000000
vn 0.00000000 0.00000000 -0.00000000
vn -0.00000000 0.00000000 -0.00000000
vn 0.00000000 0.00000000 0.00000000
vn -0.00000000 0.00000000 -0.00000000
vn 0.00000000 -0.00000000 -0.00000000
vn -0.00000000 -0.00000000 -0.00000000
vn 0.00000000 0.00000000 0.00000000
vn 0.00000000 0.00000000 -0.00000000
vn -0.00000000 -0.00000000 0.00000000
vn 0.00000000 -0.00000000 0.00000000
vn 0.00000000 -0.00000000 -0.00000000
vn -0.00000000 -0.00000000 0.00000000
vn -0.00000000 0.00000000 -0.00000000
vn -0.00000000 0.00000000 -0.00000000
vn 0.00000000 0.00000000 0.00000000
vn -0.00000000 0.00000000 -0.00000000
vn 0.00000000 0.00000000 0.00000000
vn 0.00000000 -0.00000000 0.00000000
vn -0.00000000 0.00000000 0.00000000
vn 0.00000000 0.00000000 -0.00000000
vn 0.00000000 0.00000000 -0.00000000
vn 0.00000000 -0.00000000 -0.00000000
vn -0.00000000 0.00000000 0.00000000
vn 0.00000000 0.00000000 -0.00000000
vn -0.00000000 0.00000000 0.00000000
vn 0.00000000 0.00000000 0.00000000
vn -0.00000000 0.00000000 -0.00000000
vn -0.00000000 -0.00000000 -0.00000000
vn 0.00000000 -0.00000000 0.00000000
vn -0.00000000 0.00000000 -0.00000000
vn -0.00000000 0.00000000 0.00000000
vn 0.00000000 0.00000000 -0.00000000
vn -0.00000000 -0.00000000 0.00000000
vn 0.00000000 0.00000000 -0.00000000
vn 0.00000000 -0.00000000 -0.00000000
vn -0.00000000 0.00000000 0.00000000
vn -0.00000000 -0.00000000 -0.00000000
vn -0.00000000 -0.00000000 -0.00000000
vn 0.00000000 0.00000000 0.00000000
vn 0.00000000 -0.00000000 -0.00000000
vn 0.00000000 0.00000000 0.00000000
vn -0.00000000 0.00000000 -0.00000000
vn 0.00000000 0.00000000 -0.00000000
vn -0.00000000 0.00000000 0.00000000
vn 0.00000000 0.00000000 0.00000000
vn 0.00000000 0.00000000 -0.00000000
vn 0.00000000 0.00000000 -0.00000000
vn -0.00000000 -0.00000000 0.00000000
vn -0.00000000 0.00000000 0.00000000
vn 0.00000000 -0.00000000 -0.00000000
vn 0.00000000 0.00000000 -0.00000000
vn -0.00000000 -0.00000000 0.00000000
vn -0.00000000 0.00000000 0.00000000
vn 0.00000000 0.00000000 -0.00000000
vn -0.00000000 0.00000000 0.00000000
vn 0.00000000 0.00000000 -0.00000000
vn -0.00000000 0.00000000 -0.00000000
vn 0.00000000 -0.00000000 0.00000000
vn 0.00000000 0.00000000 0.00000000
vn -0.00000000 0.00000000 -0.00000000
vn -0.00000000 0.00000000 0.00000000
vn 0.00000000 -0.00000000 0.00000000
vn 0.00000000 -0.00000000 0.00000000
vn -0.00000000 0.00000000 -0.00000000
vn -0.00000000 -0.00000000 -0.00000000
vn 0.00000000 0.00000000 0.00000000
vn 0.00000000 0.00000000 0.00000000
vn -0.00000000 0.00000000 -0.00000000
vn 0.00000000 0.00000000 -0.00000000
vn -0.00000000 0.00000000 0.00000000
vn -0.00000000 0.00000000 0.00000000
vn 0.00000000 0.00000000 -0.00000000
vn 0.00000000 -0.00000000 0.00000000
vn -0.00000000 0.00000000 -0.00000000
vn -0.00000000 0.00000000 0.00000000
vn 0.00000000 0.00000000 -0.00000000
vn 0.00000000 0.00000000 -0.00000000
vn -0.00000000 -0.00000000 0.00000000
vn 0.00000000 0.00000000 0.00000000
vn -0.00000000 -0.00000000 -0.00000000
vn 0.00000000 0.00000000 0.00000000
vn -0.00000000 0.00000000 -0.00000000
vn -0.00000000 0.00000000 -0.00000000
vn 0.00000000 0.00000000 0.00000000
vn 0.00000000 0.00000000 0.00000000
vn -0.00000000 0.00000000 -0.00000000
vn -0.00000000 0.00000000 -0.00000000
vn 0.00000000 0.00000000 0.00000000
vn 0.00000000 -0.00000000 0.00000000
vn -0.00000000 0.00000000 -0.00000000
f 1//1 2//2 3//3
f 4//4 3//3 2//2
f 2//2 5//5 4//4
f 6//6 4//4 5//5
f 7//7 8//8 9//9
f 10//10 9//9 8//8
f 1//1 9//9 10//10
f 11//11 8//8 7//7
f 12//12 1//1 10//10
f 13//13 1//1 12//12
f 14//14 1//1 13//13
f 15//15 1//1 14//14
f 16//16 1//1 15//15
f 17//17 1//1 16//16
f 18//18 1//1 17//17
f 19//19 1//1 18//18
f 20//20 1//1 19//19
f 21//21 1//1 20//20
f 22//22 23//23 1//1
f 24//24 1//1 23//23
f 2//2 1//1 24//24
f 25//25 2//2 24//24
f 26//26 2//2 25//25
f 27//27 2//2 26//26
f 28//28 2//2 27//27
f 29//29 2//2 28//28
f 30//30 2//2 29//29
f 31//31 2//2 30//30
f 32//32 2//2 31//31
f 33//33 2//2 32//32
f 34//34 2//2 33//33
f 35//35 36//36 2//2
f 37//37 2//2 36//36
f 5//5 2//2 37//37
f 38//38 5//5 37//37
f 39//39 5//5 38//38
f 40//40 5//5 39//39
f 41//41 5//5 40//40
f 42//42 5//5 41//41
f 43//43 5//5 42//42
f 44//44 5//5 43//43
f 45//45 5//5 44//44
f 46//46 5//5 45//45
f 47//47 5//5 46//46
f 48//48 49//49 7//7
f 50//50 7//7 49//49
f 51//51 7//7 50//50
f 11//11 7//7 51//51
f 52//52 49//49 48//48
f 53//53 52//52 48//48
f 54//54 53//53 48//48
f 55//55 54//54 48//48
f 56//56 55//55 48//48
f 57//57 56//56 48//48
f 58//58 57//57 48//48
f 59//59 58//58 48//48
f 21//21 59//59 48//48
f 60//60 21//21 48//48
f 1//1 21//21 60//60
f 61//61 1//1 60//60
f 22//22 1//1 61//61
f 62//62 60//60 48//48
f 63//63 62//62 48//48
f 64//64 63//63 48//48
f 65//65 64//64 48//48
f 66//66 65//65 48//48
f 67//67 66//66 48//48
f 68//68 67//67 48//48
f 69//69 68//68 48//48
f 70//70 69//69 48//48
f 34//34 70//70 48//48
f 2//2 34//34 48//48
f 71//71 2//2 48//48
f 35//35 2//2 71//71
f 72//72 71//71 48//48
f 73//73 72//72 48//48
f 74//74 73//73 48//48
f 75//75 74//74 48//48
f 76//76 75//75 48//48
f 77//77 76//76 48//48
f 78//78 77//77 48//48
f 79//79 78//78 48//48
f 80//80 79//79 48//48
f 81//81 80//80 48//48
f 47//47 81//81 48//48
f 5//5 47//47 48//48
f 9//9 1//1 82//82
f 3//3 82//82 1//1
f 83//83 84//84 85//85
f 86//86 85//85 84//84
f 87//87 88//88 85//85
f 83//83 85//85 88//88
f 89//89 88//88 82//82
f 87//87 82//82 88//88
f 89//89 82//82 90//90
f 3//3 90//90 82//82
f 4//4 90//90 3//3
f 6//6 90//90 4//4
f 91//91 90//90 6//6
f 92//92 93//93 94//94
f 95//95 94//94 93//93
f 96//96 92//92 97//97
f 94//94 97//97 92//92
f 98//98 96//96 99//99
f 97//97 99//99 96//96
f 100//100 98//98 101//101
f 99//99 101//101 98//98
f 102//102 103//103 101//101
f 100//100 101//101 103//103
f 104//104 105//105 102//102
f 103//103 102//102 105//105
f 106//106 107//107 104//104
f 105//105 104//104 107//107
f 108//108 109//109 106//106
f 107//107 106//106 109//109
f 110//110 111//111 108//108
f 109//109 108//108 111//111
f 112//112 113//113 110//110
f 111//111 110//110 113//113
f 114//114 113//113 115//115
f 112//112 115//115 113//113
f 116//116 114//114 117//117
f 115//115 117//117 114//114
f 118//118 116//116 119//119
f 117//117 119//119 116//116
f 120//120 118//118 48//48
f 119//119 48//48 118//118
f 5//5 48//48 119//119
f 121//121 122//122 123//123
f 124//124 123//123 122//122
f 125//125 123//123 124//124
f 126//126 123//123 125//125
f 127//127 122//122 121//121
f 128//128 127//127 121//121
f 129//129 128//128 121//121
f 130//130 129//129 121//121
f 131//131 130//130 121//121
f 132//132 131//131 121//121
f 133//133 132//132 121//121
f 134//134 133//133 121//121
f 135//135 134//134 121//121
f 136//136 135//135 121//121
f 126//126 125//125 137//137
f 138//138 137//137 125//125
f 139//139 137//137 138//138
f 140//140 139//139 138//138
f 141//141 139//139 140//140
f 142//142 141//141 140//140
f 143//143 141//141 142//142
f 144//144 143//143 142//142
f 145//145 143//143 144//144
f 146//146 145//145 144//144
f 147//147 145//145 146//146
f 148//148 147//147 146//146
f 149//149 147//147 148//148
f 150//150 149//149 148//148
f 151//151 149//149 150//150
f 152//152 151//151 150//150
f 153//153 151//151 152//152
f 154//154 153//153 152//152
f 155//155 153//153 154//154
f 156//156 155//155 154//154
f 157//157 155//155 156//156
f 158//158 157//157 156//156
f 159//159 157//157 158//158
f 136//136 159//159 158//158
f 123//123 160//160 161//161
f 162//162 161//161 160//160
f 163//163 161//161 162//162
f 164//164 161//161 163//163
f 165//165 160//160 123//123
f 166//166 165//165 123//123
f 167//167 166//166 123//123
f 168//168 167//167 123//123
f 169//169 168//168 123//123
f 170//170 169//169 123//123
f 171//171 170//170 123//123
f 172//172 171//171 123//123
f 173//173 172//172 123//123
f 174//174 173//173 123//123
f 164//164 163//163 175//175
f 176//176 175//175 163//163
f 177//177 175//175 176//176
f 178//178 177//177 176//176
f 179//179 177//177 178//178
f 180//180 179//179 178//178
f 181//181 179//179 180//180
f 182//182 181//181 180//180
f 183//183 181//181 182//182
f 184//184 183//183 182//182
f 185//185 183//183 184//184
f 186//186 185//185 184//184
f 187//187 185//185 186//186
f 188//188 187//187 186//186
f 189//189 187//187 188//188
f 190//190 189//189 188//188
f 191//191 189//189 190//190
f 192//192 191//191 190//190
f 193//193 191//191 192//192
f 194//194 193//193 192//192
f 195//195 193//193 194//194
f 196//196 195//195 194//194
f 197//197 195//195 196//196
f 174//174 197//197 196//196
f 161//161 198//198 7//7
f 199//199 7//7 198//198
f 200//200 7//7 199//199
f 201//201 7//7 200//200
f 202//202 7//7 201//201
f 48//48 7//7 202//202
f 164//164 198//198 161//161
f 203//203 48//48 202//202
f 204//204 48//48 203//203
f 205//205 48//48 204//204
f 206//206 48//48 205//205
f 207//207 48//48 206//206
f 208//208 48//48 207//207
f 197//197 48//48 208//208
f 209//209 48//48 197//197
f 210//210 209//209 197//197
f 211//211 210//210 197//197
f 174//174 211//211 197//197
f 212//212 211//211 174//174
f 123//123 212//212 174//174
f 126//126 212//212 123//123
f 213//213 48//48 209//209
f 214//214 48//48 213//213
f 215//215 48//48 214//214
f 216//216 48//48 215//215
f 217//217 48//48 216//216
f 218//218 48//48 217//217
f 219//219 48//48 218//218
f 159//159 48//48 219//219
f 220//220 48//48 159//159
f 136//136 220//220 159//159
f 221//221 220//220 136//136
f 121//121 221//221 136//136
f 222//222 221//221 121//121
f 223//223 48//48 220//220
f 224//224 48//48 223//223
f 225//225 48//48 224//224
f 226//226 48//48 225//225
f 227//227 48//48 226//226
f 228//228 48//48 227//227
f 229//229 48//48 228//228
f 230//230 48//48 229//229
f 231//231 48//48 230//230
f 232//232 48//48 231//231
f 233//233 48//48 232//232
f 120//120 234//234 121//121
f 235//235 121//121 234//234
f 236//236 121//121 235//235
f 222//222 121//121 236//236
f 237//237 234//234 120//120
f 238//238 237//237 120//120
f 239//239 238//238 120//120
f 240//240 239//239 120//120
f 241//241 240//240 120//120
f 242//242 241//241 120//120
f 243//243 242//242 120//120
f 244//244 243//243 120//120
f 245//245 244//244 120//120
f 233//233 245//245 120//120
f 48//48 233//233 120//120
f 222//222 236//236 246//246
f 247//247 246//246 236//236
f 248//248 246//246 247//247
f 249//249 248//248 247//247
f 250//250 248//248 249//249
f 251//251 250//250 249//249
f 252//252 250//250 251//251
f 253//253 252//252 251//251
f 254//254 252//252 253//253
f 255//255 254//254 253//253
f 256//256 254//254 255//255
f 257//257 256//256 255//255
f 258//258 256//256 257//257
f 259//259 258//258 257//257
f 260//260 258//258 259//259
f 261//261 260//260 259//259
f 262//262 260//260 261//261
f 263//263 262//262 261//261
f 264//264 262//262 263//263
f 265//265 264//264 263//263
f 266//266 264//264 265//265
f 267//267 266//266 265//265
f 232//232 266//266 267//267
f 233//233 232//232 267//267
f 86//86 268//268 85//85
f 7//7 85//85 268//268
f 87//87 85//85 7//7
f 9//9 87//87 7//7
f 82//82 87//87 9//9
f 269//269 161//161 268//268
f 7//7 268//268 161//161
f 270//270 268//268 84//84
f 86//86 84//84 268//268
f 271//271 84//84 272//272
f 90//90 272//272 84//84
f 83//83 90//90 84//84
f 88//88 90//90 83//83
f 89//89 90//90 88//88
f 84//84 271//271 270//270
f 272//272 90//90 273//273
f 91//91 273//273 90//90
f 93//93 273//273 91//91
f 95//95 93//93 91//91
f 107//107 109//109 105//105
f 103//103 105//105 109//109
f 111//111 103//103 109//109
f 100//100 103//103 111//111
f 113//113 100//100 111//111
f 98//98 100//100 113//113
f 114//114 98//98 113//113
f 96//96 98//98 114//114
f 116//116 96//96 114//114
f 92//92 96//96 116//116
f 118//118 92//92 116//116
f 93//93 92//92 118//118
f 120//120 93//93 118//118
f 274//274 93//93 120//120
f 273//273 93//93 274//274
f 120//120 121//121 274//274
f 275//275 274//274 121//121
f 121//121 123//123 275//275
f 276//276 275//275 123//123
f 123//123 161//161 276//276
f 269//269 276//276 161//161
f 270//270 271//271 268//268
f 269//269 268//268 271//271
f 274//274 275//275 273//273
f 276//276 273//273 275//275
f 269//269 273//273 276//276
f 271//271 273//273 269//269
f 272//272 273//273 271//271
f 95//95 6//6 91//91
f 95//95 5//5 6//6
f 94//94 5//5 95//95
f 94//94 119//119 5//5
f 97//97 119//119 94//94
f 97//97 117//117 119//119
f 99//99 117//117 97//97
f 99//99 115//115 117//117
f 101//101 115//115 99//99
f 101//101 112//112 115//115
f 102//102 112//112 101//101
f 102//102 110//110 112//112
f 104//104 110//110 102//102
f 104//104 108//108 110//110
f 108//108 104//104 106//106
f 106//106 104//104 108//108
f 110//110 108//108 104//104
f 102//102 110//110 104//104
f 112//112 110//110 102//102
f 101//101 112//112 102//102
f 115//115 112//112 101//101
f 99//99 115//115 101//101
f 117//117 115//115 99//99
f 97//97 117//117 99//99
f 119//119 117//117 97//97
f 94//94 119//119 97//97
f 5//5 119//119 94//94
f 95//95 5//5 94//94
f 6//6 5//5 95//95
f 91//91 6//6 95//95
f 255//255 277//277 257//257
f 278//278 257//257 277//277
f 253//253 279//279 255//255
f 277//277 255//255 279//279
f 251//251 280//280 253//253
f 279//279 253//253 280//280
f 251//251 249//249 280//280
f 281//281 280//280 249//249
f 249//249 247//247 281//281
f 282//282 281//281 247//247
f 247//247 236//236 282//282
f 283//283 282//282 236//236
f 236//236 235//235 283//283
f 284//284 283//283 235//235
f 235//235 234//234 284//284
f 285//285 284//284 234//234
f 234//234 237//237 285//285
f 286//286 285//285 237//237
f 286//286 237//237 287//287
f 238//238 287//287 237//237
f 287//287 238//238 288//288
f 239//239 288//288 238//238
f 288//288 239//239 289//289
f 240//240 289//289 239//239
f 289//289 240//240 290//290
f 241//241 290//290 240//240
f 290//290 241//241 291//291
f 242//242 291//291 241//241
f 291//291 242//242 292//292
f 243//243 292//292 242//242
f 243//243 244//244 292//292
f 293//293 292//292 244//244
f 244//244 245//245 293//293
f 294//294 293//293 245//245
f 245//245 233//233 294//294
f 295//295 294//294 233//233
f 233//233 267//267 295//295
f 296//296 295//295 267//267
f 267//267 265//265 296//296
f 297//297 296//296 265//265
f 265//265 263//263 297//297
f 298//298 297//297 263//263
f 257//257 278//278 259//259
f 299//299 259//259 278//278
f 289//289 290//290 288//288
f 287//287 288//288 290//290
f 291//291 287//287 290//290
f 286//286 287//287 291//291
f 292//292 286//286 291//291
f 285//285 286//286 292//292
f 293//293 285//285 292//292
f 284//284 285//285 293//293
f 294//294 284//284 293//293
f 283//283 284//284 294//294
f 295//295 283//283 294//294
f 282//282 283//283 295//295
f 296//296 282//282 295//295
f 281//281 282//282 296//296
f 297//297 281//281 296//296
f 280//280 281//281 297//297
f 298//298 280//280 297//297
f 279//279 280//280 298//298
f 300//300 279//279 298//298
f 277//277 279//279 300//300
f 299//299 277//277 300//300
f 278//278 277//277 299//299
f 261//261 300//300 263//263
f 298//298 263//263 300//300
f 259//259 299//299 261//261
f 300//300 261//261 299//299
f 146//146 301//301 148//148
f 302//302 148//148 301//301
f 144//144 303//303 146//146
f 301//301 146//146 303//303
f 142//142 304//304 144//144
f 303//303 144//144 304//304
f 142//142 140//140 304//304
f 305//305 304//304 140//140
f 140//140 138//138 305//305
f 306//306 305//305 138//138
f 138//138 125//125 306//306
f 307//307 306//306 125//125
f 125//125 124//124 307//307
f 308//308 307//307 124//124
f 124//124 122//122 308//308
f 309//309 308//308 122//122
f 122//122 127//127 309//309
f 310//310 309//309 127//127
f 310//310 127//127 311//311
f 128//128 311//311 127//127
f 311//311 128//128 312//312
f 129//129 312//312 128//128
f 312//312 129//129 313//313
f 130//130 313//313 129//129
f 313//313 130//130 314//314
f 131//131 314//314 130//130
f 314//314 131//131 315//315
f 132//132 315//315 131//131
f 315//315 132//132 316//316
f 133//133 316//316 132//132
f 133//133 134//134 316//316
f 317//317 316//316 134//134
f 134//134 135//135 317//317
f 318//318 317//317 135//135
f 135//135 136//136 318//318
f 319//319 318//318 136//136
f 136//136 158//158 319//319
f 320//320 319//319 158//158
f 158//158 156//156 320//320
f 321//321 320//320 156//156
f 156//156 154//154 321//321
f 322//322 321//321 154//154
f 148//148 302//302 150//150
f 323//323 150//150 302//302
f 313//313 314//314 312//312
f 311//311 312//312 314//314
f 315//315 311//311 314//314
f 310//310 311//311 315//315
f 316//316 310//310 315//315
f 309//309 310//310 316//316
f 317//317 309//309 316//316
f 308//308 309//309 317//317
f 318//318 308//308 317//317
f 307//307 308//308 318//318
f 319//319 307//307 318//318
f 306//306 307//307 319//319
f 320//320 306//306 319//319
f 305//305 306//306 320//320
f 321//321 305//305 320//320
f 304//304 305//305 321//321
f 322//322 304//304 321//321
f 303//303 304//304 322//322
f 324//324 303//303 322//322
f 301//301 303//303 324//324
f 323//323 301//301 324//324
f 302//302 301//301 323//323
f 152//152 324//324 154//154
f 322//322 154//154 324//324
f 150//150 323//323 152//152
f 324//324 152//152 323//323
f 184//184 325//325 186//186
f 326//326 186//186 325//325
f 182//182 327//327 184//184
f 325//325 184//184 327//327
f 180//180 328//328 182//182
f 327//327 182//182 328//328
f 180//180 178//178 328//328
f 329//329 328//328 178//178
f 178//178 176//176 329//329
f 330//330 329//329 176//176
f 176//176 163//163 330//330
f 331//331 330//330 163//163
f 163//163 162//162 331//331
f 332//332 331//331 162//162
f 162//162 160//160 332//332
f 333//333 332//332 160//160
f 160//160 165//165 333//333
f 334//334 333//333 165//165
f 334//334 165//165 335//335
f 166//166 335//335 165//165
f 335//335 166//166 336//336
f 167//167 336//336 166//166
f 336//336 167//167 337//337
f 168//168 337//337 167//167
f 337//337 168//168 338//338
f 169//169 338//338 168//168
f 338//338 169//169 339//339
f 170//170 339//339 169//169
f 339//339 170//170 340//340
f 171//171 340//340 170//170
f 171//171 172//172 340//340
f 341//341 340//340 172//172
f 172//172 173//173 341//341
f 342//342 341//341 173//173
f 173//173 174//174 342//342
f 343//343 342//342 174//174
f 174//174 196//196 343//343
f 344//344 343//343 196//196
f 196//196 194//194 344//344
f 345//345 344//344 194//194
f 194//194 192//192 345//345
f 346//346 345//345 192//192
f 186//186 326//326 188//188
f 347//347 188//188 326//326
f 337//337 338//338 336//336
f 335//335 336//336 338//338
f 339//339 335//335 338//338
f 334//334 335//335 339//339
f 340//340 334//334 339//339
f 333//333 334//334 340//340
f 341//341 333//333 340//340
f 332//332 333//333 341//341
f 342//342 332//332 341//341
f 331//331 332//332 342//342
f 343//343 331//331 342//342
f 330//330 331//331 343//343
f 344//344 330//330 343//343
f 329//329 330//330 344//344
f 345//345 329//329 344//344
f 328//328 329//329 345//345
f 346//346 328//328 345//345
f 327//327 328//328 346//346
f 348//348 327//327 346//346
f 325//325 327//327 348//348
f 347//347 325//325 348//348
f 326//326 325//325 347//347
f 190//190 348//348 192//192
f 346//346 192//192 348//348
f 188//188 347//347 190//190
f 348//348 190//190 347//347
f 225//225 349//349 226//226
f 350//350 226//226 349//349
f 224//224 351//351 225//225
f 349//349 225//225 351//351
f 223//223 352//352 224//224
f 351//351 224//224 352//352
f 223//223 220//220 352//352
f 353//353 352//352 220//220
f 220//220 221//221 353//353
f 354//354 353//353 221//221
f 221//221 222//222 354//354
f 355//355 354//354 222//222
f 222//222 246//246 355//355
f 356//356 355//355 246//246
f 246//246 248//248 356//356
f 357//357 356//356 248//248
f 248//248 250//250 357//357
f 358//358 357//357 250//250
f 358//358 250//250 359//359
f 252//252 359//359 250//250
f 359//359 252//252 360//360
f 254//254 360//360 252//252
f 360//360 254//254 361//361
f 256//256 361//361 254//254
f 361//361 256//256 362//362
f 258//258 362//362 256//256
f 362//362 258//258 363//363
f 260//260 363//363 258//258
f 363//363 260//260 364//364
f 262//262 364//364 260//260
f 262//262 264//264 364//364
f 365//365 364//364 264//264
f 264//264 266//266 365//365
f 366//366 365//365 266//266
f 266//266 232//232 366//366
f 367//367 366//366 232//232
f 232//232 231//231 367//367
f 368//368 367//367 231//231
f 231//231 230//230 368//368
f 369//369 368//368 230//230
f 230//230 229//229 369//369
f 370//370 369//369 229//229
f 226//226 350//350 227//227
f 371//371 227//227 350//350
f 361//361 362//362 360//360
f 359//359 360//360 362//362
f 363//363 359//359 362//362
f 358//358 359//359 363//363
f 364//364 358//358 363//363
f 357//357 358//358 364//364
f 365//365 357//357 364//364
f 356//356 357//357 365//365
f 366//366 356//356 365//365
f 355//355 356//356 366//366
f 367//367 355//355 366//366
f 354//354 355//355 367//367
f 368//368 354//354 367//367
f 353//353 354//354 368//368
f 369//369 353//353 368//368
f 352//352 353//353 369//369
f 370//370 352//352 369//369
f 351//351 352//352 370//370
f 372//372 351//351 370//370
f 349//349 351//351 372//372
f 371//371 349//349 372//372
f 350//350 349//349 371//371
f 228//228 372//372 229//229
f 370//370 229//229 372//372
f 227//227 371//371 228//228
f 372//372 228//228 371//371
f 202//202 373//373 203//203
f 374//374 203//203 373//373
f 201//201 375//375 202//202
f 373//373 202//202 375//375
f 200//200 376//376 201//201
f 375//375 201//201 376//376
f 200//200 199//199 376//376
f 377//377 376//376 199//199
f 199//199 198//198 377//377
f 378//378 377//377 198//198
f 198//198 164//164 378//378
f 379//379 378//378 164//164
f 164//164 175//175 379//379
f 380//380 379//379 175//175
f 175//175 177//177 380//380
f 381//381 380//380 177//177
f 177//177 179//179 381//381
f 382//382 381//381 179//179
f 382//382 179//179 383//383
f 181//181 383//383 179//179
f 383//383 181//181 384//384
f 183//183 384//384 181//181
f 384//384 183//183 385//385
f 185//185 385//385 183//183
f 385//385 185//185 386//386
f 187//187 386//386 185//185
f 386//386 187//187 387//387
f 189//189 387//387 187//187
f 387//387 189//189 388//388
f 191//191 388//388 189//189
f 191//191 193//193 388//388
f 389//389 388//388 193//193
f 193//193 195//195 389//389
f 390//390 389//389 195//195
f 195//195 197//197 390//390
f 391//391 390//390 197//197
f 197//197 208//208 391//391
f 392//392 391//391 208//208
f 208//208 207//207 392//392
f 393//393 392//392 207//207
f 207//207 206//206 393//393
f 394//394 393//393 206//206
f 203//203 374//374 204//204
f 395//395 204//204 374//374
f 385//385 386//386 384//384
f 383//383 384//384 386//386
f 387//387 383//383 386//386
f 382//382 383//383 387//387
f 388//388 382//382 387//387
f 381//381 382//382 388//388
f 389//389 381//381 388//388
f 380//380 381//381 389//389
f 390//390 380//380 389//389
f 379//379 380//380 390//390
f 391//391 379//379 390//390
f 378//378 379//379 391//391
f 392//392 378//378 391//391
f 377//377 378//378 392//392
f 393//393 377//377 392//392
f 376//376 377//377 393//393
f 394//394 376//376 393//393
f 375//375 376//376 394//394
f 396//396 375//375 394//394
f 373//373 375//375 396//396
f 395//395 373//373 396//396
f 374//374 373//373 395//395
f 205//205 396//396 206//206
f 394//394 206//206 396//396
f 204//204 395//395 205//205
f 396//396 205//205 395//395
f 213//213 397//397 214//214
f 398//398 214//214 397//397
f 209//209 399//399 213//213
f 397//397 213//213 399//399
f 210//210 400//400 209//209
f 399//399 209//209 400//400
f 210//210 211//211 400//400
f 401//401 400//400 211//211
f 211//211 212//212 401//401
f 402//402 401//401 212//212
f 212//212 126//126 402//402
f 403//403 402//402 126//126
f 126//126 137//137 403//403
f 404//404 403//403 137//137
f 137//137 139//139 404//404
f 405//405 404//404 139//139
f 139//139 141//141 405//405
f 406//406 405//405 141//141
f 406//406 141//141 407//407
f 143//143 407//407 141//141
f 407//407 143//143 408//408
f 145//145 408//408 143//143
f 408//408 145//145 409//409
f 147//147 409//409 145//145
f 409//409 147//147 410//410
f 149//149 410//410 147//147
f 410//410 149//149 411//411
f 151//151 411//411 149//149
f 411//411 151//151 412//412
f 153//153 412//412 151//151
f 153//153 155//155 412//412
f 413//413 412//412 155//155
f 155//155 157//157 413//413
f 414//414 413//413 157//157
f 157//157 159//159 414//414
f 415//415 414//414 159//159
f 159//159 219//219 415//415
f 416//416 415//415 219//219
f 219//219 218//218 416//416
f 417//417 416//416 218//218
f 218//218 217//217 417//417
f 418//418 417//417 217//217
f 214//214 398//398 215//215
f 419//419 215//215 398//398
f 409//409 410//410 408//408
f 407//407 408//408 410//410
f 411//411 407//407 410//410
f 406//406 407//407 411//411
f 412//412 406//406 411//411
f 405//405 406//406 412//412
f 413//413 405//405 412//412
f 404//404 405//405 413//413
f 414//414 404//404 413//413
f 403//403 404//404 414//414
f 415//415 403//403 414//414
f 402//402 403//403 415//415
f 416//416 402//402 415//415
f 401//401 402//402 416//416
f 417//417 401//401 416//416
f 400//400 401//401 417//417
f 418//418 400//400 417//417
f 399//399 400//400 418//418
f 420//420 399//399 418//418
f 397//397 399//399 420//420
f 419//419 397//397 420//420
f 398//398 397//397 419//419
f 216//216 420//420 217//217
f 418//418 217//217 420//420
f 215//215 419//419 216//216
f 420//420 216//216 419//419
f 421//421 422//422 423//423
f 424//424 423//423 422//422
f 425//425 426//426 421//421
f 422//422 421//421 426//426
f 427//427 428//428 425//425
f 426//426 425//425 428//428
f 427//427 429//429 428//428
f 430//430 428//428 429//429
f 429//429 431//431 430//430
f 432//432 430//430 431//431
f 431//431 433//433 432//432
f 434//434 432//432 433//433
f 433//433 435//435 434//434
f 436//436 434//434 435//435
f 435//435 437//437 436//436
f 438//438 436//436 437//437
f 437//437 439//439 438//438
f 440//440 438//438 439//439
f 440//440 439//439 441//441
f 442//442 441//441 439//439
f 441//441 442//442 443//443
f 444//444 443//443 442//442
f 443//443 444//444 445//445
f 446//446 445//445 444//444
f 445//445 446//446 447//447
f 448//448 447//447 446//446
f 447//447 448//448 449//449
f 450//450 449//449 448//448
f 449//449 450//450 451//451
f 452//452 451//451 450//450
f 452//452 453//453 451//451
f 454//454 451//451 453//453
f 453//453 455//455 454//454
f 456//456 454//454 455//455
f 455//455 457//457 456//456
f 458//458 456//456 457//457
f 457//457 459//459 458//458
f 460//460 458//458 459//459
f 459//459 461//461 460//460
f 462//462 460//460 461//461
f 461//461 463//463 462//462
f 464//464 462//462 463//463
f 423//423 424//424 465//465
f 466//466 465//465 424//424
f 445//445 447//447 443//443
f 441//441 443//443 447//447
f 449//449 441//441 447//447
f 440//440 441//441 449//449
f 451//451 440//440 449//449
f 438//438 440//440 451//451
f 454//454 438//438 451//451
f 436//436 438//438 454//454
f 456//456 436//436 454//454
f 434//434 436//436 456//456
f 458//458 434//434 456//456
f 432//432 434//434 458//458
f 460//460 432//432 458//458
f 430//430 432//432 460//460
f 462//462 430//430 460//460
f 428//428 430//430 462//462
f 464//464 428//428 462//462
f 426//426 428//428 464//464
f 467//467 426//426 464//464
f 422//422 426//426 467//467
f 466//466 422//422 467//467
f 424//424 422//422 466//466
f 468//468 467//467 463//463
f 464//464 463//463 467//467
f 465//465 466//466 468//468
f 467//467 468//468 466//466
f 40//40 469//469 41//41
f 470//470 41//41 469//469
f 39//39 471//471 40//40
f 469//469 40//40 471//471
f 38//38 472//472 39//39
f 471//471 39//39 472//472
f 38//38 37//37 472//472
f 473//473 472//472 37//37
f 37//37 36//36 473//473
f 474//474 473//473 36//36
f 36//36 35//35 474//474
f 475//475 474//474 35//35
f 35//35 71//71 475//475
f 476//476 475//475 71//71
f 71//71 72//72 476//476
f 477//477 476//476 72//72
f 72//72 73//73 477//477
f 478//478 477//477 73//73
f 478//478 73//73 479//479
f 74//74 479//479 73//73
f 479//479 74//74 480//480
f 75//75 480//480 74//74
f 480//480 75//75 481//481
f 76//76 481//481 75//75
f 481//481 76//76 482//482
f 77//77 482//482 76//76
f 482//482 77//77 483//483
f 78//78 483//483 77//77
f 483//483 78//78 484//484
f 79//79 484//484 78//78
f 79//79 80//80 484//484
f 485//485 484//484 80//80
f 80//80 81//81 485//485
f 486//486 485//485 81//81
f 81//81 47//47 486//486
f 487//487 486//486 47//47
f 47//47 46//46 487//487
f 488//488 487//487 46//46
f 46//46 45//45 488//488
f 489//489 488//488 45//45
f 45//45 44//44 489//489
f 490//490 489//489 44//44
f 41//41 470//470 42//42
f 491//491 42//42 470//470
f 481//481 482//482 480//480
f 479//479 480//480 482//482
f 483//483 479//479 482//482
f 478//478 479//479 483//483
f 484//484 478//478 483//483
f 477//477 478//478 484//484
f 485//485 477//477 484//484
f 476//476 477//477 485//485
f 486//486 476//476 485//485
f 475//475 476//476 486//486
f 487//487 475//475 486//486
f 474//474 475//475 487//487
f 488//488 474//474 487//487
f 473//473 474//474 488//488
f 489//489 473//473 488//488
f 472//472 473//473 489//489
f 490//490 472//472 489//489
f 471//471 472//472 490//490
f 492//492 471//471 490//490
f 469//469 471//471 492//492
f 491//491 469//469 492//492
f 470//470 469//469 491//491
f 43//43 492//492 44//44
f 490//490 44//44 492//492
f 42//42 491//491 43//43
f 492//492 43//43 491//491
f 493//493 494//494 495//495
f 496//496 495//495 494//494
f 497//497 498//498 493//493
f 494//494 493//493 498//498
f 499//499 500//500 497//497
f 498//498 497//497 500//500
f 499//499 501//501 500//500
f 502//502 500//500 501//501
f 501//501 503//503 502//502
f 504//504 502//502 503//503
f 503//503 505//505 504//504
f 506//506 504//504 505//505
f 505//505 507//507 506//506
f 508//508 506//506 507//507
f 507//507 509//509 508//508
f 510//510 508//508 509//509
f 509//509 511//511 510//510
f 512//512 510//510 511//511
f 512//512 511//511 513//513
f 514//514 513//513 511//511
f 513//513 514//514 515//515
f 516//516 515//515 514//514
f 515//515 516//516 517//517
f 518//518 517//517 516//516
f 517//517 518//518 519//519
f 520//520 519//519 518//518
f 519//519 520//520 521//521
f 522//522 521//521 520//520
f 521//521 522//522 523//523
f 524//524 523//523 522//522
f 524//524 525//525 523//523
f 526//526 523//523 525//525
f 525//525 527//527 526//526
f 528//528 526//526 527//527
f 527//527 529//529 528//528
f 530//530 528//528 529//529
f 529//529 531//531 530//530
f 532//532 530//530 531//531
f 531//531 533//533 532//532
f 534//534 532//532 533//533
f 533//533 535//535 534//534
f 536//536 534//534 535//535
f 495//495 496//496 537//537
f 538//538 537//537 496//496
f 517//517 519//519 515//515
f 513//513 515//515 519//519
f 521//521 513//513 519//519
f 512//512 513//513 521//521
f 523//523 512//512 521//521
f 510//510 512//512 523//523
f 526//526 510//510 523//523
f 508//508 510//510 526//526
f 528//528 508//508 526//526
f 506//506 508//508 528//528
f 530//530 506//506 528//528
f 504//504 506//506 530//530
f 532//532 504//504 530//530
f 502//502 504//504 532//532
f 534//534 502//502 532//532
f 500//500 502//502 534//534
f 536//536 500//500 534//534
f 498//498 500//500 536//536
f 539//539 498//498 536//536
f 494//494 498//498 539//539
f 538//538 494//494 539//539
f 496//496 494//494 538//538
f 540//540 539//539 535//535
f 536//536 535//535 539//539
f 537//537 538//538 540//540
f 539//539 540//540 538//538
f 14//14 541//541 15//15
f 542//542 15//15 541//541
f 13//13 543//543 14//14
f 541//541 14//14 543//543
f 12//12 544//544 13//13
f 543//543 13//13 544//544
f 12//12 10//10 544//544
f 545//545 544//544 10//10
f 10//10 8//8 545//545
f 546//546 545//545 8//8
f 8//8 11//11 546//546
f 547//547 546//546 11//11
f 11//11 51//51 547//547
f 548//548 547//547 51//51
f 51//51 50//50 548//548
f 549//549 548//548 50//50
f 50//50 49//49 549//549
f 550//550 549//549 49//49
f 550//550 49//49 551//551
f 52//52 551//551 49//49
f 551//551 52//52 552//552
f 53//53 552//552 52//52
f 552//552 53//53 553//553
f 54//54 553//553 53//53
f 553//553 54//54 554//554
f 55//55 554//554 54//54
f 554//554 55//55 555//555
f 56//56 555//555 55//55
f 555//555 56//56 556//556
f 57//57 556//556 56//56
f 57//57 58//58 556//556
f 557//557 556//556 58//58
f 58//58 59//59 557//557
f 558//558 557//557 59//59
f 59//59 21//21 558//558
f 559//559 558//558 21//21
f 21//21 20//20 559//559
f 560//560 559//559 20//20
f 20//20 19//19 560//560
f 561//561 560//560 19//19
f 19//19 18//18 561//561
f 562//562 561//561 18//18
f 15//15 542//542 16//16
f 563//563 16//16 542//542
f 553//553 554//554 552//552
f 551//551 552//552 554//554
f 555//555 551//551 554//554
f 550//550 551//551 555//555
f 556//556 550//550 555//555
f 549//549 550//550 556//556
f 557//557 549//549 556//556
f 548//548 549//549 557//557
f 558//558 548//548 557//557
f 547//547 548//548 558//558
f 559//559 547//547 558//558
f 546//546 547//547 559//559
f 560//560 546//546 559//559
f 545//545 546//546 560//560
f 561//561 545//545 560//560
f 544//544 545//545 561//561
f 562//562 544//544 561//561
f 543//543 544//544 562//562
f 564//564 543//543 562//562
f 541//541 543//543 564//564
f 563//563 541//541 564//564
f 542//542 541//541 563//563
f 17//17 564//564 18//18
f 562//562 18//18 564//564
f 16//16 563//563 17//17
f 564//564 17//17 563//563
f 27//27 565//565 28//28
f 566//566 28//28 565//565
f 26//26 567//567 27//27
f 565//565 27//27 567//567
f 25//25 568//568 26//26
f 567//567 26//26 568//568
f 25//25 24//24 568//568
f 569//569 568//568 24//24
f 24//24 23//23 569//569
f 570//570 569//569 23//23
f 23//23 22//22 570//570
f 571//571 570//570 22//22
f 22//22 61//61 571//571
f 572//572 571//571 61//61
f 61//61 60//60 572//572
f 573//573 572//572 60//60
f 60//60 62//62 573//573
f 574//574 573//573 62//62
f 574//574 62//62 575//575
f 63//63 575//575 62//62
f 575//575 63//63 576//576
f 64//64 576//576 63//63
f 576//576 64//64 577//577
f 65//65 577//577 64//64
f 577//577 65//65 578//578
f 66//66 578//578 65//65
f 578//578 66//66 579//579
f 67//67 579//579 66//66
f 579//579 67//67 580//580
f 68//68 580//580 67//67
f 68//68 69//69 580//580
f 581//581 580//580 69//69
f 69//69 70//70 581//581
f 582//582 581//581 70//70
f 70//70 34//34 582//582
f 583//583 582//582 34//34
f 34//34 33//33 583//583
f 584//584 583//583 33//33
f 33//33 32//32 584//584
f 585//585 584//584 32//32
f 32//32 31//31 585//585
f 586//586 585//585 31//31
f 28//28 566//566 29//29
f 587//587 29//29 566//566
f 577//577 578//578 576//576
f 575//575 576//576 578//578
f 579//579 575//575 578//578
f 574//574 575//575 579//579
f 580//580 574//574 579//579
f 573//573 574//574 580//580
f 581//581 573//573 580//580
f 572//572 573//573 581//581
f 582//582 572//572 581//581
f 571//571 572//572 582//582
f 583//583 571//571 582//582
f 570//570 571//571 583//583
f 584//584 570//570 583//583
f 569//569 570//570 584//584
f 585//585 569//569 584//584
f 568//568 569//569 585//585
f 586//586 568//568 585//585
f 567//567 568//568 586//586
f 588//588 567//567 586//586
f 565//565 567//567 588//588
f 587//587 565//565 588//588
f 566//566 565//565 587//587
f 30//30 588//588 31//31
f 586//586 31//31 588//588
f 29//29 587//587 30//30
f 588//588 30//30 587//587
f 589//589 590//590 591//591
f 592//592 591//591 590//590
f 593//593 594//594 589//589
f 590//590 589//589 594//594
f 595//595 596//596 593//593
f 594//594 593//593 596//596
f 595//595 597//597 596//596
f 598//598 596//596 597//597
f 597//597 599//599 598//598
f 600//600 598//598 599//599
f 599//599 601//601 600//600
f 602//602 600//600 601//601
f 601//601 603//603 602//602
f 604//604 602//602 603//603
f 603//603 605//605 604//604
f 606//606 604//604 605//605
f 605//605 607//607 606//606
f 608//608 606//606 607//607
f 608//608 607//607 609//609
f 610//610 609//609 607//607
f 609//609 610//610 611//611
f 612//612 611//611 610//610
f 611//611 612//612 613//613
f 614//614 613//613 612//612
f 613//613 614//614 615//615
f 616//616 615//615 614//614
f 615//615 616//616 617//617
f 618//618 617//617 616//616
f 617//617 618//618 619//619
f 620//620 619//619 618//618
f 620//620 621//621 619//619
f 622//622 619//619 621//621
f 621//621 623//623 622//622
f 624//624 622//622 623//623
f 623//623 625//625 624//624
f 626//626 624//624 625//625
f 625//625 627//627 626//626
f 628//628 626//626 627//627
f 627//627 629//629 628//628
f 630//630 628//628 629//629
f 629//629 631//631 630//630
f 632//632 630//630 631//631
f 591//591 592//592 633//633
f 634//634 633//633 592//592
f 613//613 615//615 611//611
f 609//609 611//611 615//615
f 617//617 609//609 615//615
f 608//608 609//609 617//617
f 619//619 608//608 617//617
f 606//606 608//608 619//619
f 622//622 606//606 619//619
f 604//604 606//606 622//622
f 624//624 604//604 622//622
f 602//602 604//604 624//624
f 626//626 602//602 624//624
f 600//600 602//602 626//626
f 628//628 600//600 626//626
f 598//598 600//600 628//628
f 630//630 598//598 628//628
f 596//596 598//598 630//630
f 632//632 596//596 630//630
f 594//594 596//596 632//632
f 635//635 594//594 632//632
f 590//590 594//594 635//635
f 634//634 590//590 635//635
f 592//592 590//590 634//634
f 636//636 635//635 631//631
f 632//632 631//631 635//635
f 633//633 634//634 636//636
f 635//635 636//636 634//634
f 2//2 3//3 4//4
f 3//3 2//2 1//1
f 5//5 4//4 6//6
f 4//4 5//5 2//2
f 48//48 47//47 5//5
f 48//48 81//81 47//47
f 48//48 80//80 81//81
f 48//48 79//79 80//80
f 48//48 78//78 79//79
f 48//48 77//77 78//78
f 48//48 76//76 77//77
f 48//48 75//75 76//76
f 48//48 74//74 75//75
f 48//48 73//73 74//74
f 48//48 72//72 73//73
f 48//48 71//71 72//72
f 71//71 2//2 35//35
f 48//48 2//2 71//71
f 48//48 34//34 2//2
f 48//48 70//70 34//34
f 48//48 69//69 70//70
f 48//48 68//68 69//69
f 48//48 67//67 68//68
f 48//48 66//66 67//67
f 48//48 65//65 66//66
f 48//48 64//64 65//65
f 48//48 63//63 64//64
f 48//48 62//62 63//63
f 48//48 60//60 62//62
f 61//61 1//1 22//22
f 60//60 1//1 61//61
f 60//60 21//21 1//1
f 48//48 21//21 60//60
f 48//48 59//59 21//21
f 48//48 58//58 59//59
f 48//48 57//57 58//58
f 48//48 56//56 57//57
f 48//48 55//55 56//56
f 48//48 54//54 55//55
f 48//48 53//53 54//54
f 48//48 52//52 53//53
f 48//48 49//49 52//52
f 51//51 7//7 11//11
f 50//50 7//7 51//51
f 49//49 7//7 50//50
f 7//7 49//49 48//48
f 46//46 5//5 47//47
f 45//45 5//5 46//46
f 44//44 5//5 45//45
f 43//43 5//5 44//44
f 42//42 5//5 43//43
f 41//41 5//5 42//42
f 40//40 5//5 41//41
f 39//39 5//5 40//40
f 38//38 5//5 39//39
f 37//37 5//5 38//38
f 37//37 2//2 5//5
f 36//36 2//2 37//37
f 2//2 36//36 35//35
f 33//33 2//2 34//34
f 32//32 2//2 33//33
f 31//31 2//2 32//32
f 30//30 2//2 31//31
f 29//29 2//2 30//30
f 28//28 2//2 29//29
f 27//27 2//2 28//28
f 26//26 2//2 27//27
f 25//25 2//2 26//26
f 24//24 2//2 25//25
f 24//24 1//1 2//2
f 23//23 1//1 24//24
f 1//1 23//23 22//22
f 20//20 1//1 21//21
f 19//19 1//1 20//20
f 18//18 1//1 19//19
f 17//17 1//1 18//18
f 16//16 1//1 17//17
f 15//15 1//1 16//16
f 14//14 1//1 15//15
f 13//13 1//1 14//14
f 12//12 1//1 13//13
f 10//10 1//1 12//12
f 7//7 8//8 11//11
f 10//10 9//9 1//1
f 8//8 9//9 10//10
f 9//9 8//8 7//7
f 1//1 82//82 3//3
f 82//82 1//1 9//9
f 84//84 85//85 86//86
f 85//85 84//84 83//83
f 88//88 85//85 83//83
f 85//85 88//88 87//87
f 88//88 82//82 87//87
f 82//82 88//88 89//89
f 6//6 90//90 91//91
f 4//4 90//90 6//6
f 3//3 90//90 4//4
f 82//82 90//90 3//3
f 90//90 82//82 89//89
f 93//93 94//94 95//95
f 94//94 93//93 92//92
f 92//92 97//97 94//94
f 97//97 92//92 96//96
f 96//96 99//99 97//97
f 99//99 96//96 98//98
f 98//98 101//101 99//99
f 101//101 98//98 100//100
f 103//103 101//101 100//100
f 101//101 103//103 102//102
f 105//105 102//102 103//103
f 102//102 105//105 104//104
f 107//107 104//104 105//105
f 104//104 107//107 106//106
f 109//109 106//106 107//107
f 106//106 109//109 108//108
f 111//111 108//108 109//109
f 108//108 111//111 110//110
f 113//113 110//110 111//111
f 110//110 113//113 112//112
f 113//113 115//115 112//112
f 115//115 113//113 114//114
f 114//114 117//117 115//115
f 117//117 114//114 116//116
f 116//116 119//119 117//117
f 119//119 116//116 118//118
f 119//119 48//48 5//5
f 118//118 48//48 119//119
f 48//48 118//118 120//120
f 267//267 232//232 233//233
f 267//267 266//266 232//232
f 265//265 266//266 267//267
f 265//265 264//264 266//266
f 263//263 264//264 265//265
f 263//263 262//262 264//264
f 261//261 262//262 263//263
f 261//261 260//260 262//262
f 259//259 260//260 261//261
f 259//259 258//258 260//260
f 257//257 258//258 259//259
f 257//257 256//256 258//258
f 255//255 256//256 257//257
f 255//255 254//254 256//256
f 253//253 254//254 255//255
f 253//253 252//252 254//254
f 251//251 252//252 253//253
f 251//251 250//250 252//252
f 249//249 250//250 251//251
f 249//249 248//248 250//250
f 247//247 248//248 249//249
f 247//247 246//246 248//248
f 236//236 246//246 247//247
f 246//246 236//236 222//222
f 120//120 233//233 48//48
f 120//120 245//245 233//233
f 120//120 244//244 245//245
f 120//120 243//243 244//244
f 120//120 242//242 243//243
f 120//120 241//241 242//242
f 120//120 240//240 241//241
f 120//120 239//239 240//240
f 120//120 238//238 239//239
f 120//120 237//237 238//238
f 120//120 234//234 237//237
f 236//236 121//121 222//222
f 235//235 121//121 236//236
f 234//234 121//121 235//235
f 121//121 234//234 120//120
f 232//232 48//48 233//233
f 231//231 48//48 232//232
f 230//230 48//48 231//231
f 229//229 48//48 230//230
f 228//228 48//48 229//229
f 227//227 48//48 228//228
f 226//226 48//48 227//227
f 225//225 48//48 226//226
f 224//224 48//48 225//225
f 223//223 48//48 224//224
f 220//220 48//48 223//223
f 121//121 221//221 222//222
f 136//136 221//221 121//121
f 136//136 220//220 221//221
f 159//159 220//220 136//136
f 159//159 48//48 220//220
f 219//219 48//48 159//159
f 218//218 48//48 219//219
f 217//217 48//48 218//218
f 216//216 48//48 217//217
f 215//215 48//48 216//216
f 214//214 48//48 215//215
f 213//213 48//48 214//214
f 209//209 48//48 213//213
f 123//123 212//212 126//126
f 174//174 212//212 123//123
f 174//174 211//211 212//212
f 197//197 211//211 174//174
f 197//197 210//210 211//211
f 197//197 209//209 210//210
f 197//197 48//48 209//209
f 208//208 48//48 197//197
f 207//207 48//48 208//208
f 206//206 48//48 207//207
f 205//205 48//48 206//206
f 204//204 48//48 205//205
f 203//203 48//48 204//204
f 202//202 48//48 203//203
f 161//161 198//198 164//164
f 202//202 7//7 48//48
f 201//201 7//7 202//202
f 200//200 7//7 201//201
f 199//199 7//7 200//200
f 198//198 7//7 199//199
f 7//7 198//198 161//161
f 196//196 197//197 174//174
f 196//196 195//195 197//197
f 194//194 195//195 196//196
f 194//194 193//193 195//195
f 192//192 193//193 194//194
f 192//192 191//191 193//193
f 190//190 191//191 192//192
f 190//190 189//189 191//191
f 188//188 189//189 190//190
f 188//188 187//187 189//189
f 186//186 187//187 188//188
f 186//186 185//185 187//187
f 184//184 185//185 186//186
f 184//184 183//183 185//185
f 182//182 183//183 184//184
f 182//182 181//181 183//183
f 180//180 181//181 182//182
f 180//180 179//179 181//181
f 178//178 179//179 180//180
f 178//178 177//177 179//179
f 176//176 177//177 178//178
f 176//176 175//175 177//177
f 163//163 175//175 176//176
f 175//175 163//163 164//164
f 123//123 173//173 174//174
f 123//123 172//172 173//173
f 123//123 171//171 172//172
f 123//123 170//170 171//171
f 123//123 169//169 170//170
f 123//123 168//168 169//169
f 123//123 167//167 168//168
f 123//123 166//166 167//167
f 123//123 165//165 166//166
f 123//123 160//160 165//165
f 163//163 161//161 164//164
f 162//162 161//161 163//163
f 160//160 161//161 162//162
f 161//161 160//160 123//123
f 158//158 159//159 136//136
f 158//158 157//157 159//159
f 156//156 157//157 158//158
f 156//156 155//155 157//157
f 154//154 155//155 156//156
f 154//154 153//153 155//155
f 152//152 153//153 154//154
f 152//152 151//151 153//153
f 150//150 151//151 152//152
f 150//150 149//149 151//151
f 148//148 149//149 150//150
f 148//148 147//147 149//149
f 146//146 147//147 148//148
f 146//146 145//145 147//147
f 144//144 145//145 146//146
f 144//144 143//143 145//145
f 142//142 143//143 144//144
f 142//142 141//141 143//143
f 140//140 141//141 142//142
f 140//140 139//139 141//141
f 138//138 139//139 140//140
f 138//138 137//137 139//139
f 125//125 137//137 138//138
f 137//137 125//125 126//126
f 121//121 135//135 136//136
f 121//121 134//134 135//135
f 121//121 133//133 134//134
f 121//121 132//132 133//133
f 121//121 131//131 132//132
f 121//121 130//130 131//131
f 121//121 129//129 130//130
f 121//121 128//128 129//129
f 121//121 127//127 128//128
f 121//121 122//122 127//127
f 125//125 123//123 126//126
f 124//124 123//123 125//125
f 122//122 123//123 124//124
f 123//123 122//122 121//121
f 161//161 268//268 7//7
f 268//268 161//161 269//269
f 9//9 87//87 82//82
f 7//7 87//87 9//9
f 7//7 85//85 87//87
f 268//268 85//85 7//7
f 85//85 268//268 86//86
f 268//268 84//84 86//86
f 84//84 268//268 270//270
f 270//270 271//271 84//84
f 88//88 90//90 89//89
f 83//83 90//90 88//88
f 84//84 90//90 83//83
f 84//84 272//272 90//90
f 272//272 84//84 271//271
f 91//91 93//93 95//95
f 91//91 273//273 93//93
f 90//90 273//273 91//91
f 273//273 90//90 272//272
f 274//274 93//93 273//273
f 120//120 93//93 274//274
f 118//118 93//93 120//120
f 118//118 92//92 93//93
f 116//116 92//92 118//118
f 116//116 96//96 92//92
f 114//114 96//96 116//116
f 114//114 98//98 96//96
f 113//113 98//98 114//114
f 113//113 100//100 98//98
f 111//111 100//100 113//113
f 111//111 103//103 100//100
f 109//109 103//103 111//111
f 109//109 105//105 103//103
f 105//105 109//109 107//107
f 121//121 274//274 275//275
f 274//274 121//121 120//120
f 123//123 275//275 276//276
f 275//275 123//123 121//121
f 161//161 276//276 269//269
f 276//276 161//161 123//123
f 271//271 268//268 269//269
f 268//268 271//271 270//270
f 271//271 273//273 272//272
f 269//269 273//273 271//271
f 276//276 273//273 269//269
f 275//275 273//273 276//276
f 273//273 275//275 274//274
f 277//277 257//257 278//278
f 257//257 277//277 255//255
f 279//279 255//255 277//277
f 255//255 279//279 253//253
f 280//280 253//253 279//279
f 253//253 280//280 251//251
f 249//249 280//280 281//281
f 280//280 249//249 251//251
f 247//247 281//281 282//282
f 281//281 247//247 249//249
f 236//236 282//282 283//283
f 282//282 236//236 247//247
f 235//235 283//283 284//284
f 283//283 235//235 236//236
f 234//234 284//284 285//285
f 284//284 234//234 235//235
f 237//237 285//285 286//286
f 285//285 237//237 234//234
f 237//237 287//287 238//238
f 287//287 237//237 286//286
f 238//238 288//288 239//239
f 288//288 238//238 287//287
f 239//239 289//289 240//240
f 289//289 239//239 288//288
f 240//240 290//290 241//241
f 290//290 240//240 289//289
f 241//241 291//291 242//242
f 291//291 241//241 290//290
f 242//242 292//292 243//243
f 292//292 242//242 291//291
f 244//244 292//292 293//293
f 292//292 244//244 243//243
f 245//245 293//293 294//294
f 293//293 245//245 244//244
f 233//233 294//294 295//295
f 294//294 233//233 245//245
f 267//267 295//295 296//296
f 295//295 267//267 233//233
f 265//265 296//296 297//297
f 296//296 265//265 267//267
f 263//263 297//297 298//298
f 297//297 263//263 265//265
f 278//278 259//259 299//299
f 259//259 278//278 257//257
f 299//299 277//277 278//278
f 300//300 277//277 299//299
f 300//300 279//279 277//277
f 298//298 279//279 300//300
f 298//298 280//280 279//279
f 297//297 280//280 298//298
f 297//297 281//281 280//280
f 296//296 281//281 297//297
f 296//296 282//282 281//281
f 295//295 282//282 296//296
f 295//295 283//283 282//282
f 294//294 283//283 295//295
f 294//294 284//284 283//283
f 293//293 284//284 294//294
f 293//293 285//285 284//284
f 292//292 285//285 293//293
f 292//292 286//286 285//285
f 291//291 286//286 292//292
f 291//291 287//287 286//286
f 290//290 287//287 291//291
f 290//290 288//288 287//287
f 288//288 290//290 289//289
f 300//300 263//263 298//298
f 263//263 300//300 261//261
f 299//299 261//261 300//300
f 261//261 299//299 259//259
f 301//301 148//148 302//302
f 148//148 301//301 146//146
f 303//303 146//146 301//301
f 146//146 303//303 144//144
f 304//304 144//144 303//303
f 144//144 304//304 142//142
f 140//140 304//304 305//305
f 304//304 140//140 142//142
f 138//138 305//305 306//306
f 305//305 138//138 140//140
f 125//125 306//306 307//307
f 306//306 125//125 138//138
f 124//124 307//307 308//308
f 307//307 124//124 125//125
f 122//122 308//308 309//309
f 308//308 122//122 124//124
f 127//127 309//309 310//310
f 309//309 127//127 122//122
f 127//127 311//311 128//128
f 311//311 127//127 310//310
f 128//128 312//312 129//129
f 312//312 128//128 311//311
f 129//129 313//313 130//130
f 313//313 129//129 312//312
f 130//130 314//314 131//131
f 314//314 130//130 313//313
f 131//131 315//315 132//132
f 315//315 131//131 314//314
f 132//132 316//316 133//133
f 316//316 132//132 315//315
f 134//134 316//316 317//317
f 316//316 134//134 133//133
f 135//135 317//317 318//318
f 317//317 135//135 134//134
f 136//136 318//318 319//319
f 318//318 136//136 135//135
f 158//158 319//319 320//320
f 319//319 158//158 136//136
f 156//156 320//320 321//321
f 320//320 156//156 158//158
f 154//154 321//321 322//322
f 321//321 154//154 156//156
f 302//302 150//150 323//323
f 150//150 302//302 148//148
f 323//323 301//301 302//302
f 324//324 301//301 323//323
f 324//324 303//303 301//301
f 322//322 303//303 324//324
f 322//322 304//304 303//303
f 321//321 304//304 322//322
f 321//321 305//305 304//304
f 320//320 305//305 321//321
f 320//320 306//306 305//305
f 319//319 306//306 320//320
f 319//319 307//307 306//306
f 318//318 307//307 319//319
f 318//318 308//308 307//307
f 317//317 308//308 318//318
f 317//317 309//309 308//308
f 316//316 309//309 317//317
f 316//316 310//310 309//309
f 315//315 310//310 316//316
f 315//315 311//311 310//310
f 314//314 311//311 315//315
f 314//314 312//312 311//311
f 312//312 314//314 313//313
f 324//324 154//154 322//322
f 154//154 324//324 152//152
f 323//323 152//152 324//324
f 152//152 323//323 150//150
f 325//325 186//186 326//326
f 186//186 325//325 184//184
f 327//327 184//184 325//325
f 184//184 327//327 182//182
f 328//328 182//182 327//327
f 182//182 328//328 180//180
f 178//178 328//328 329//329
f 328//328 178//178 180//180
f 176//176 329//329 330//330
f 329//329 176//176 178//178
f 163//163 330//330 331//331
f 330//330 163//163 176//176
f 162//162 331//331 332//332
f 331//331 162//162 163//163
f 160//160 332//332 333//333
f 332//332 160//160 162//162
f 165//165 333//333 334//334
f 333//333 165//165 160//160
f 165//165 335//335 166//166
f 335//335 165//165 334//334
f 166//166 336//336 167//167
f 336//336 166//166 335//335
f 167//167 337//337 168//168
f 337//337 167//167 336//336
f 168//168 338//338 169//169
f 338//338 168//168 337//337
f 169//169 339//339 170//170
f 339//339 169//169 338//338
f 170//170 340//340 171//171
f 340//340 170//170 339//339
f 172//172 340//340 341//341
f 340//340 172//172 171//171
f 173//173 341//341 342//342
f 341//341 173//173 172//172
f 174//174 342//342 343//343
f 342//342 174//174 173//173
f 196//196 343//343 344//344
f 343//343 196//196 174//174
f 194//194 344//344 345//345
f 344//344 194//194 196//196
f 192//192 345//345 346//346
f 345//345 192//192 194//194
f 326//326 188//188 347//347
f 188//188 326//326 186//186
f 347//347 325//325 326//326
f 348//348 325//325 347//347
f 348//348 327//327 325//325
f 346//346 327//327 348//348
f 346//346 328//328 327//327
f 345//345 328//328 346//346
f 345//345 329//329 328//328
f 344//344 329//329 345//345
f 344//344 330//330 329//329
f 343//343 330//330 344//344
f 343//343 331//331 330//330
f 342//342 331//331 343//343
f 342//342 332//332 331//331
f 341//341 332//332 342//342
f 341//341 333//333 332//332
f 340//340 333//333 341//341
f 340//340 334//334 333//333
f 339//339 334//334 340//340
f 339//339 335//335 334//334
f 338//338 335//335 339//339
f 338//338 336//336 335//335
f 336//336 338//338 337//337
f 348//348 192//192 346//346
f 192//192 348//348 190//190
f 347//347 190//190 348//348
f 190//190 347//347 188//188
f 349//349 226//226 350//350
f 226//226 349//349 225//225
f 351//351 225//225 349//349
f 225//225 351//351 224//224
f 352//352 224//224 351//351
f 224//224 352//352 223//223
f 220//220 352//352 353//353
f 352//352 220//220 223//223
f 221//221 353//353 354//354
f 353//353 221//221 220//220
f 222//222 354//354 355//355
f 354//354 222//222 221//221
f 246//246 355//355 356//356
f 355//355 246//246 222//222
f 248//248 356//356 357//357
f 356//356 248//248 246//246
f 250//250 357//357 358//358
f 357//357 250//250 248//248
f 250//250 359//359 252//252
f 359//359 250//250 358//358
f 252//252 360//360 254//254
f 360//360 252//252 359//359
f 254//254 361//361 256//256
f 361//361 254//254 360//360
f 256//256 362//362 258//258
f 362//362 256//256 361//361
f 258//258 363//363 260//260
f 363//363 258//258 362//362
f 260//260 364//364 262//262
f 364//364 260//260 363//363
f 264//264 364//364 365//365
f 364//364 264//264 262//262
f 266//266 365//365 366//366
f 365//365 266//266 264//264
f 232//232 366//366 367//367
f 366//366 232//232 266//266
f 231//231 367//367 368//368
f 367//367 231//231 232//232
f 230//230 368//368 369//369
f 368//368 230//230 231//231
f 229//229 369//369 370//370
f 369//369 229//229 230//230
f 350//350 227//227 371//371
f 227//227 350//350 226//226
f 371//371 349//349 350//350
f 372//372 349//349 371//371
f 372//372 351//351 349//349
f 370//370 351//351 372//372
f 370//370 352//352 351//351
f 369//369 352//352 370//370
f 369//369 353//353 352//352
f 368//368 353//353 369//369
f 368//368 354//354 353//353
f 367//367 354//354 368//368
f 367//367 355//355 354//354
f 366//366 355//355 367//367
f 366//366 356//356 355//355
f 365//365 356//356 366//366
f 365//365 357//357 356//356
f 364//364 357//357 365//365
f 364//364 358//358 357//357
f 363//363 358//358 364//364
f 363//363 359//359 358//358
f 362//362 359//359 363//363
f 362//362 360//360 359//359
f 360//360 362//362 361//361
f 372//372 229//229 370//370
f 229//229 372//372 228//228
f 371//371 228//228 372//372
f 228//228 371//371 227//227
f 373//373 203//203 374//374
f 203//203 373//373 202//202
f 375//375 202//202 373//373
f 202//202 375//375 201//201
f 376//376 201//201 375//375
f 201//201 376//376 200//200
f 199//199 376//376 377//377
f 376//376 199//199 200//200
f 198//198 377//377 378//378
f 377//377 198//198 199//199
f 164//164 378//378 379//379
f 378//378 164//164 198//198
f 175//175 379//379 380//380
f 379//379 175//175 164//164
f 177//177 380//380 381//381
f 380//380 177//177 175//175
f 179//179 381//381 382//382
f 381//381 179//179 177//177
f 179//179 383//383 181//181
f 383//383 179//179 382//382
f 181//181 384//384 183//183
f 384//384 181//181 383//383
f 183//183 385//385 185//185
f 385//385 183//183 384//384
f 185//185 386//386 187//187
f 386//386 185//185 385//385
f 187//187 387//387 189//189
f 387//387 187//187 386//386
f 189//189 388//388 191//191
f 388//388 189//189 387//387
f 193//193 388//388 389//389
f 388//388 193//193 191//191
f 195//195 389//389 390//390
f 389//389 195//195 193//193
f 197//197 390//390 391//391
f 390//390 197//197 195//195
f 208//208 391//391 392//392
f 391//391 208//208 197//197
f 207//207 392//392 393//393
f 392//392 207//207 208//208
f 206//206 393//393 394//394
f 393//393 206//206 207//207
f 374//374 204//204 395//395
f 204//204 374//374 203//203
f 395//395 373//373 374//374
f 396//396 373//373 395//395
f 396//396 375//375 373//373
f 394//394 375//375 396//396
f 394//394 376//376 375//375
f 393//393 376//376 394//394
f 393//393 377//377 376//376
f 392//392 377//377 393//393
f 392//392 378//378 377//377
f 391//391 378//378 392//392
f 391//391 379//379 378//378
f 390//390 379//379 391//391
f 390//390 380//380 379//379
f 389//389 380//380 390//390
f 389//389 381//381 380//380
f 388//388 381//381 389//389
f 388//388 382//382 381//381
f 387//387 382//382 388//388
f 387//387 383//383 382//382
f 386//386 383//383 387//387
f 386//386 384//384 383//383
f 384//384 386//386 385//385
f 396//396 206//206 394//394
f 206//206 396//396 205//205
f 395//395 205//205 396//396
f 205//205 395//395 204//204
f 397//397 214//214 398//398
f 214//214 397//397 213//213
f 399//399 213//213 397//397
f 213//213 399//399 209//209
f 400//400 209//209 399//399
f 209//209 400//400 210//210
f 211//211 400//400 401//401
f 400//400 211//211 210//210
f 212//212 401//401 402//402
f 401//401 212//212 211//211
f 126//126 402//402 403//403
f 402//402 126//126 212//212
f 137//137 403//403 404//404
f 403//403 137//137 126//126
f 139//139 404//404 405//405
f 404//404 139//139 137//137
f 141//141 405//405 406//406
f 405//405 141//141 139//139
f 141//141 407//407 143//143
f 407//407 141//141 406//406
f 143//143 408//408 145//145
f 408//408 143//143 407//407
f 145//145 409//409 147//147
f 409//409 145//145 408//408
f 147//147 410//410 149//149
f 410//410 147//147 409//409
f 149//149 411//411 151//151
f 411//411 149//149 410//410
f 151//151 412//412 153//153
f 412//412 151//151 411//411
f 155//155 412//412 413//413
f 412//412 155//155 153//153
f 157//157 413//413 414//414
f 413//413 157//157 155//155
f 159//159 414//414 415//415
f 414//414 159//159 157//157
f 219//219 415//415 416//416
f 415//415 219//219 159//159
f 218//218 416//416 417//417
f 416//416 218//218 219//219
f 217//217 417//417 418//418
f 417//417 217//217 218//218
f 398//398 215//215 419//419
f 215//215 398//398 214//214
f 419//419 397//397 398//398
f 420//420 397//397 419//419
f 420//420 399//399 397//397
f 418//418 399//399 420//420
f 418//418 400//400 399//399
f 417//417 400//400 418//418
f 417//417 401//401 400//400
f 416//416 401//401 417//417
f 416//416 402//402 401//401
f 415//415 402//402 416//416
f 415//415 403//403 402//402
f 414//414 403//403 415//415
f 414//414 404//404 403//403
f 413//413 404//404 414//414
f 413//413 405//405 404//404
f 412//412 405//405 413//413
f 412//412 406//406 405//405
f 411//411 406//406 412//412
f 411//411 407//407 406//406
f 410//410 407//407 411//411
f 410//410 408//408 407//407
f 408//408 410//410 409//409
f 420//420 217//217 418//418
f 217//217 420//420 216//216
f 419//419 216//216 420//420
f 216//216 419//419 215//215
f 422//422 423//423 424//424
f 423//423 422//422 421//421
f 426//426 421//421 422//422
f 421//421 426//426 425//425
f 428//428 425//425 426//426
f 425//425 428//428 427//427
f 429//429 428//428 430//430
f 428//428 429//429 427//427
f 431//431 430//430 432//432
f 430//430 431//431 429//429
f 433//433 432//432 434//434
f 432//432 433//433 431//431
f 435//435 434//434 436//436
f 434//434 435//435 433//433
f 437//437 436//436 438//438
f 436//436 437//437 435//435
f 439//439 438//438 440//440
f 438//438 439//439 437//437
f 439//439 441//441 442//442
f 441//441 439//439 440//440
f 442//442 443//443 444//444
f 443//443 442//442 441//441
f 444//444 445//445 446//446
f 445//445 444//444 443//443
f 446//446 447//447 448//448
f 447//447 446//446 445//445
f 448//448 449//449 450//450
f 449//449 448//448 447//447
f 450//450 451//451 452//452
f 451//451 450//450 449//449
f 453//453 451//451 454//454
f 451//451 453//453 452//452
f 455//455 454//454 456//456
f 454//454 455//455 453//453
f 457//457 456//456 458//458
f 456//456 457//457 455//455
f 459//459 458//458 460//460
f 458//458 459//459 457//457
f 461//461 460//460 462//462
f 460//460 461//461 459//459
f 463//463 462//462 464//464
f 462//462 463//463 461//461
f 424//424 465//465 466//466
f 465//465 424//424 423//423
f 466//466 422//422 424//424
f 467//467 422//422 466//466
f 467//467 426//426 422//422
f 464//464 426//426 467//467
f 464//464 428//428 426//426
f 462//462 428//428 464//464
f 462//462 430//430 428//428
f 460//460 430//430 462//462
f 460//460 432//432 430//430
f 458//458 432//432 460//460
f 458//458 434//434 432//432
f 456//456 434//434 458//458
f 456//456 436//436 434//434
f 454//454 436//436 456//456
f 454//454 438//438 436//436
f 451//451 438//438 454//454
f 451//451 440//440 438//438
f 449//449 440//440 451//451
f 449//449 441//441 440//440
f 447//447 441//441 449//449
f 447//447 443//443 441//441
f 443//443 447//447 445//445
f 467//467 463//463 464//464
f 463//463 467//467 468//468
f 466//466 468//468 467//467
f 468//468 466//466 465//465
f 469//469 41//41 470//470
f 41//41 469//469 40//40
f 471//471 40//40 469//469
f 40//40 471//471 39//39
f 472//472 39//39 471//471
f 39//39 472//472 38//38
f 37//37 472//472 473//473
f 472//472 37//37 38//38
f 36//36 473//473 474//474
f 473//473 36//36 37//37
f 35//35 474//474 475//475
f 474//474 35//35 36//36
f 71//71 475//475 476//476
f 475//475 71//71 35//35
f 72//72 476//476 477//477
f 476//476 72//72 71//71
f 73//73 477//477 478//478
f 477//477 73//73 72//72
f 73//73 479//479 74//74
f 479//479 73//73 478//478
f 74//74 480//480 75//75
f 480//480 74//74 479//479
f 75//75 481//481 76//76
f 481//481 75//75 480//480
f 76//76 482//482 77//77
f 482//482 76//76 481//481
f 77//77 483//483 78//78
f 483//483 77//77 482//482
f 78//78 484//484 79//79
f 484//484 78//78 483//483
f 80//80 484//484 485//485
f 484//484 80//80 79//79
f 81//81 485//485 486//486
f 485//485 81//81 80//80
f 47//47 486//486 487//487
f 486//486 47//47 81//81
f 46//46 487//487 488//488
f 487//487 46//46 47//47
f 45//45 488//488 489//489
f 488//488 45//45 46//46
f 44//44 489//489 490//490
f 489//489 44//44 45//45
f 470//470 42//42 491//491
f 42//42 470//470 41//41
f 491//491 469//469 470//470
f 492//492 469//469 491//491
f 492//492 471//471 469//469
f 490//490 471//471 492//492
f 490//490 472//472 471//471
f 489//489 472//472 490//490
f 489//489 473//473 472//472
f 488//488 473//473 489//489
f 488//488 474//474 473//473
f 487//487 474//474 488//488
f 487//487 475//475 474//474
f 486//486 475//475 487//487
f 486//486 476//476 475//475
f 485//485 476//476 486//486
f 485//485 477//477 476//476
f 484//484 477//477 485//485
f 484//484 478//478 477//477
f 483//483 478//478 484//484
f 483//483 479//479 478//478
f 482//482 479//479 483//483
f 482//482 480//480 479//479
f 480//480 482//482 481//481
f 492//492 44//44 490//490
f 44//44 492//492 43//43
f 491//491 43//43 492//492
f 43//43 491//491 42//42
f 494//494 495//495 496//496
f 495//495 494//494 493//493
f 498//498 493//493 494//494
f 493//493 498//498 497//497
f 500//500 497//497 498//498
f 497//497 500//500 499//499
f 501//501 500//500 502//502
f 500//500 501//501 499//499
f 503//503 502//502 504//504
f 502//502 503//503 501//501
f 505//505 504//504 506//506
f 504//504 505//505 503//503
f 507//507 506//506 508//508
f 506//506 507//507 505//505
f 509//509 508//508 510//510
f 508//508 509//509 507//507
f 511//511 510//510 512//512
f 510//510 511//511 509//509
f 511//511 513//513 514//514
f 513//513 511//511 512//512
f 514//514 515//515 516//516
f 515//515 514//514 513//513
f 516//516 517//517 518//518
f 517//517 516//516 515//515
f 518//518 519//519 520//520
f 519//519 518//518 517//517
f 520//520 521//521 522//522
f 521//521 520//520 519//519
f 522//522 523//523 524//524
f 523//523 522//522 521//521
f 525//525 523//523 526//526
f 523//523 525//525 524//524
f 527//527 526//526 528//528
f 526//526 527//527 525//525
f 529//529 528//528 530//530
f 528//528 529//529 527//527
f 531//531 530//530 532//532
f 530//530 531//531 529//529
f 533//533 532//532 534//534
f 532//532 533//533 531//531
f 535//535 534//534 536//536
f 534//534 535//535 533//533
f 496//496 537//537 538//538
f 537//537 496//496 495//495
f 538//538 494//494 496//496
f 539//539 494//494 538//538
f 539//539 498//498 494//494
f 536//536 498//498 539//539
f 536//536 500//500 498//498
f 534//534 500//500 536//536
f 534//534 502//502 500//500
f 532//532 502//502 534//534
f 532//532 504//504 502//502
f 530//530 504//504 532//532
f 530//530 506//506 504//504
f 528//528 506//506 530//530
f 528//528 508//508 506//506
f 526//526 508//508 528//528
f 526//526 510//510 508//508
f 523//523 510//510 526//526
f 523//523 512//512 510//510
f 521//521 512//512 523//523
f 521//521 513//513 512//512
f 519//519 513//513 521//521
f 519//519 515//515 513//513
f 515//515 519//519 517//517
f 539//539 535//535 536//536
f 535//535 539//539 540//540
f 538//538 540//540 539//539
f 540//540 538//538 537//537
f 541//541 15//15 542//542
f 15//15 541//541 14//14
f 543//543 14//14 541//541
f 14//14 543//543 13//13
f 544//544 13//13 543//543
f 13//13 544//544 12//12
f 10//10 544//544 545//545
f 544//544 10//10 12//12
f 8//8 545//545 546//546
f 545//545 8//8 10//10
f 11//11 546//546 547//547
f 546//546 11//11 8//8
f 51//51 547//547 548//548
f 547//547 51//51 11//11
f 50//50 548//548 549//549
f 548//548 50//50 51//51
f 49//49 549//549 550//550
f 549//549 49//49 50//50
f 49//49 551//551 52//52
f 551//551 49//49 550//550
f 52//52 552//552 53//53
f 552//552 52//52 551//551
f 53//53 553//553 54//54
f 553//553 53//53 552//552
f 54//54 554//554 55//55
f 554//554 54//54 553//553
f 55//55 555//555 56//56
f 555//555 55//55 554//554
f 56//56 556//556 57//57
f 556//556 56//56 555//555
f 58//58 556//556 557//557
f 556//556 58//58 57//57
f 59//59 557//557 558//558
f 557//557 59//59 58//58
f 21//21 558//558 559//559
f 558//558 21//21 59//59
f 20//20 559//559 560//560
f 559//559 20//20 21//21
f 19//19 560//560 561//561
f 560//560 19//19 20//20
f 18//18 561//561 562//562
f 561//561 18//18 19//19
f 542//542 16//16 563//563
f 16//16 542//542 15//15
f 563//563 541//541 542//542
f 564//564 541//541 563//563
f 564//564 543//543 541//541
f 562//562 543//543 564//564
f 562//562 544//544 543//543
f 561//561 544//544 562//562
f 561//561 545//545 544//544
f 560//560 545//545 561//561
f 560//560 546//546 545//545
f 559//559 546//546 560//560
f 559//559 547//547 546//546
f 558//558 547//547 559//559
f 558//558 548//548 547//547
f 557//557 548//548 558//558
f 557//557 549//549 548//548
f 556//556 549//549 557//557
f 556//556 550//550 549//549
f 555//555 550//550 556//556
f 555//555 551//551 550//550
f 554//554 551//551 555//555
f 554//554 552//552 551//551
f 552//552 554//554 553//553
f 564//564 18//18 562//562
f 18//18 564//564 17//17
f 563//563 17//17 564//564
f 17//17 563//563 16//16
f 565//565 28//28 566//566
f 28//28 565//565 27//27
f 567//567 27//27 565//565
f 27//27 567//567 26//26
f 568//568 26//26 567//567
f 26//26 568//568 25//25
f 24//24 568//568 569//569
f 568//568 24//24 25//25
f 23//23 569//569 570//570
f 569//569 23//23 24//24
f 22//22 570//570 571//571
f 570//570 22//22 23//23
f 61//61 571//571 572//572
f 571//571 61//61 22//22
f 60//60 572//572 573//573
f 572//572 60//60 61//61
f 62//62 573//573 574//574
f 573//573 62//62 60//60
f 62//62 575//575 63//63
f 575//575 62//62 574//574
f 63//63 576//576 64//64
f 576//576 63//63 575//575
f 64//64 577//577 65//65
f 577//577 64//64 576//576
f 65//65 578//578 66//66
f 578//578 65//65 577//577
f 66//66 579//579 67//67
f 579//579 66//66 578//578
f 67//67 580//580 68//68
f 580//580 67//67 579//579
f 69//69 580//580 581//581
f 580//580 69//69 68//68
f 70//70 581//581 582//582
f 581//581 70//70 69//69
f 34//34 582//582 583//583
f 582//582 34//34 70//70
f 33//33 583//583 584//584
f 583//583 33//33 34//34
f 32//32 584//584 585//585
f 584//584 32//32 33//33
f 31//31 585//585 586//586
f 585//585 31//31 32//32
f 566//566 29//29 587//587
f 29//29 566//566 28//28
f 587//587 565//565 566//566
f 588//588 565//565 587//587
f 588//588 567//567 565//565
f 586//586 567//567 588//588
f 586//586 568//568 567//567
f 585//585 568//568 586//586
f 585//585 569//569 568//568
f 584//584 569//569 585//585
f 584//584 570//570 569//569
f 583//583 570//570 584//584
f 583//583 571//571 570//570
f 582//582 571//571 583//583
f 582//582 572//572 571//571
f 581//581 572//572 582//582
f 581//581 573//573 572//572
f 580//580 573//573 581//581
f 580//580 574//574 573//573
f 579//579 574//574 580//580
f 579//579 575//575 574//574
f 578//578 575//575 579//579
f 578//578 576//576 575//575
f 576//576 578//578 577//577
f 588//588 31//31 586//586
f 31//31 588//588 30//30
f 587//587 30//30 588//588
f 30//30 587//587 29//29
f 590//590 591//591 592//592
f 591//591 590//590 589//589
f 594//594 589//589 590//590
f 589//589 594//594 593//593
f 596//596 593//593 594//594
f 593//593 596//596 595//595
f 597//597 596//596 598//598
f 596//596 597//597 595//595
f 599//599 598//598 600//600
f 598//598 599//599 597//597
f 601//601 600//600 602//602
f 600//600 601//601 599//599
f 603//603 602//602 604//604
f 602//602 603//603 601//601
f 605//605 604//604 606//606
f 604//604 605//605 603//603
f 607//607 606//606 608//608
f 606//606 607//607 605//605
f 607//607 609//609 610//610
f 609//609 607//607 608//608
f 610//610 611//611 612//612
f 611//611 610//610 609//609
f 612//612 613//613 614//614
f 613//613 612//612 611//611
f 614//614 615//615 616//616
f 615//615 614//614 613//613
f 616//616 617//617 618//618
f 617//617 616//616 615//615
f 618//618 619//619 620//620
f 619//619 618//618 617//617
f 621//621 619//619 622//622
f 619//619 621//621 620//620
f 623//623 622//622 624//624
f 622//622 623//623 621//621
f 625//625 624//624 626//626
f 624//624 625//625 623//623
f 627//627 626//626 628//628
f 626//626 627//627 625//625
f 629//629 628//628 630//630
f 628//628 629//629 627//627
f 631//631 630//630 632//632
f 630//630 631//631 629//629
f 592//592 633//633 634//634
f 633//633 592//592 591//591
f 634//634 590//590 592//592
f 635//635 590//590 634//634
f 635//635 594//594 590//590
f 632//632 594//594 635//635
f 632//632 596//596 594//594
f 630//630 596//596 632//632
f 630//630 598//598 596//596
f 628//628 598//598 630//630
f 628//628 600//600 598//598
f 626//626 600//600 628//628
f 626//626 602//602 600//600
f 624//624 602//602 626//626
f 624//624 604//604 602//602
f 622//622 604//604 624//624
f 622//622 606//606 604//604
f 619//619 606//606 622//622
f 619//619 608//608 606//606
f 617//617 608//608 619//619
f 617//617 609//609 608//608
f 615//615 609//609 617//617
f 615//615 611//611 609//609
f 611//611 615//615 613//613
f 635//635 631//631 632//632
f 631//631 635//635 636//636
f 634//634 636//636 635//635
f 636//636 634//634 633//633