# https://github.com/mikedh/trimesh
v -0.10872800 -0.00135100 -0.05601100
v -0.10872800 -0.00221500 -0.05601100
v -0.10786500 -0.00135100 -0.05601100
v -0.10786500 -0.00221500 -0.05601100
v -0.10895300 -0.00135100 -0.05599600
v -0.10895300 -0.00221500 -0.05599600
v -0.10917500 -0.00135100 -0.05595200
v -0.10917500 -0.00221500 -0.05595200
v -0.11009800 -0.00221500 -0.05533500
v -0.10994900 -0.00221500 -0.05550500
v -0.11009800 -0.00135100 -0.05533500
v -0.10994900 -0.00135100 -0.05550500
v -0.11022300 -0.00221500 -0.05514800
v -0.11022300 -0.00135100 -0.05514800
v -0.11032300 -0.00221500 -0.05494500
v -0.11032300 -0.00135100 -0.05494500
v -0.11039600 -0.00221500 -0.05473100
v -0.11039600 -0.00135100 -0.05473100
v -0.11044000 -0.00221500 -0.05451000
v -0.11044000 -0.00135100 -0.05451000
v -0.11045500 -0.00221500 -0.05428400
v -0.11045500 -0.00135100 -0.05428400
v -0.11045500 -0.00221500 0.07521600
v -0.11045500 -0.00135100 0.07521600
v -0.11043300 -0.00221500 0.07555400
v -0.11043300 -0.00135100 0.07555400
v -0.11036700 -0.00221500 0.07588700
v -0.11036700 -0.00135100 0.07588700
v -0.11025800 -0.00221500 0.07620800
v -0.11025800 -0.00135100 0.07620800
v -0.11010800 -0.00221500 0.07651100
v -0.11010800 -0.00135100 0.07651100
v -0.10992000 -0.00221500 0.07679300
v -0.10992000 -0.00135100 0.07679300
v -0.10969600 -0.00221500 0.07704800
v -0.10969600 -0.00135100 0.07704800
v -0.10944100 -0.00221500 0.07727100
v -0.10944100 -0.00135100 0.07727100
v -0.10916000 -0.00221500 0.07745900
v -0.10916000 -0.00135100 0.07745900
v -0.10885600 -0.00221500 0.07760900
v -0.10885600 -0.00135100 0.07760900
v -0.10853500 -0.00221500 0.07771800
v -0.10853500 -0.00135100 0.07771800
v -0.10820300 -0.00221500 0.07778400
v -0.10820300 -0.00135100 0.07778400
v -0.10786500 -0.00221500 0.07780600
v -0.10786500 -0.00135100 0.07780600
v 0.10969600 -0.00221500 0.07780600
v 0.10969600 -0.00135100 0.07780600
v 0.11003400 -0.00221500 0.07778400
v 0.11003400 -0.00135100 0.07778400
v 0.11036600 -0.00221500 0.07771800
v 0.11036600 -0.00135100 0.07771800
v 0.11068800 -0.00221500 0.07760900
v 0.11068800 -0.00135100 0.07760900
v 0.11099100 -0.00221500 0.07745900
v 0.11099100 -0.00135100 0.07745900
v 0.11127300 -0.00221500 0.07727100
v 0.11127300 -0.00135100 0.07727100
v 0.11152800 -0.00221500 0.07704800
v 0.11152800 -0.00135100 0.07704800
v 0.11175100 -0.00221500 0.07679300
v 0.11175100 -0.00135100 0.07679300
v 0.11193900 -0.00221500 0.07651100
v 0.11193900 -0.00135100 0.07651100
v 0.11208900 -0.00221500 0.07620800
v 0.11208900 -0.00135100 0.07620800
v 0.11219800 -0.00221500 0.07588700
v 0.11219800 -0.00135100 0.07588700
v 0.11226400 -0.00221500 0.07555400
v 0.11226400 -0.00135100 0.07555400
v 0.11228600 -0.00221500 0.07521600
v 0.11228600 -0.00135100 0.07521600
v 0.11228600 -0.00221500 -0.05428400
v 0.11228600 -0.00135100 -0.05428400
v 0.11227200 -0.00221500 -0.05451000
v 0.11227200 -0.00135100 -0.05451000
v 0.11222700 -0.00221500 -0.05473100
v 0.11222700 -0.00135100 -0.05473100
v 0.11215500 -0.00221500 -0.05494500
v 0.11215500 -0.00135100 -0.05494500
v 0.11205500 -0.00221500 -0.05514800
v 0.11205500 -0.00135100 -0.05514800
v 0.11193000 -0.00221500 -0.05533500
v 0.11193000 -0.00135100 -0.05533500
v 0.11178000 -0.00221500 -0.05550500
v 0.11178000 -0.00135100 -0.05550500
v 0.11161100 -0.00135100 -0.05565400
v 0.11161100 -0.00221500 -0.05565400
v 0.11142300 -0.00135100 -0.05578000
v 0.11142300 -0.00221500 -0.05578000
v 0.11122000 -0.00135100 -0.05588000
v 0.11122000 -0.00221500 -0.05588000
v 0.11100600 -0.00135100 -0.05595200
v 0.11100600 -0.00221500 -0.05595200
v 0.11078500 -0.00135100 -0.05599600
v 0.11078500 -0.00221500 -0.05599600
v 0.11055900 -0.00135100 -0.05601100
v 0.11055900 -0.00221500 -0.05601100
v 0.10969600 -0.00135100 -0.05601100
v -0.10938900 -0.00135100 -0.05588000
v -0.10938900 -0.00221500 -0.05588000
v -0.10959100 -0.00135100 -0.05578000
v -0.10977900 -0.00135100 -0.05565400
v -0.10786500 -0.00135100 -0.05428400
v -0.10809000 -0.00135100 -0.05427000
v -0.10831200 -0.00135100 -0.05422600
v -0.10852600 -0.00135100 -0.05415300
v -0.10872800 -0.00135100 -0.05405300
v -0.10891600 -0.00135100 -0.05392800
v -0.10908600 -0.00135100 -0.05377900
v -0.10923500 -0.00135100 -0.05360900
v -0.10936000 -0.00135100 -0.05342100
v -0.10946000 -0.00135100 -0.05321800
v -0.10953300 -0.00135100 -0.05300500
v -0.10957700 -0.00135100 -0.05278300
v -0.10959100 -0.00135100 -0.05255800
v -0.10959100 -0.00135100 0.07521600
v -0.10957700 -0.00135100 0.07544200
v -0.10953300 -0.00135100 0.07566300
v -0.10946000 -0.00135100 0.07587700
v -0.10936000 -0.00135100 0.07608000
v -0.10923500 -0.00135100 0.07626700
v -0.10908600 -0.00135100 0.07643700
v -0.10891600 -0.00135100 0.07658600
v -0.10872800 -0.00135100 0.07671200
v -0.10852600 -0.00135100 0.07681200
v -0.10831200 -0.00135100 0.07688400
v -0.10809000 -0.00135100 0.07692800
v -0.10786500 -0.00135100 0.07694300
v 0.10969600 -0.00135100 0.07694300
v 0.11142300 -0.00135100 -0.05255800
v 0.11140800 -0.00135100 -0.05278300
v 0.11136400 -0.00135100 -0.05300500
v 0.11129100 -0.00135100 -0.05321800
v 0.11119200 -0.00135100 -0.05342100
v 0.11106600 -0.00135100 -0.05360900
v 0.11091700 -0.00135100 -0.05377900
v 0.11074800 -0.00135100 -0.05392800
v 0.11055900 -0.00135100 -0.05405300
v 0.11035700 -0.00135100 -0.05415300
v 0.11014300 -0.00135100 -0.05422600
v 0.10992200 -0.00135100 -0.05427000
v 0.10969600 -0.00135100 -0.05428400
v 0.11142300 -0.00135100 0.07521600
v 0.11140800 -0.00135100 0.07544200
v 0.11136400 -0.00135100 0.07566300
v 0.11129100 -0.00135100 0.07587700
v 0.11119200 -0.00135100 0.07608000
v 0.11106600 -0.00135100 0.07626700
v 0.11091700 -0.00135100 0.07643700
v 0.11074800 -0.00135100 0.07658600
v 0.11055900 -0.00135100 0.07671200
v 0.11035700 -0.00135100 0.07681200
v 0.11014300 -0.00135100 0.07688400
v 0.10992200 -0.00135100 0.07692800
v -0.10977900 -0.00221500 -0.05565400
v 0.10969600 -0.00221500 -0.05428400
v 0.10992200 -0.00221500 -0.05427000
v 0.11014300 -0.00221500 -0.05422600
v 0.11035700 -0.00221500 -0.05415300
v 0.11055900 -0.00221500 -0.05405300
v 0.11074800 -0.00221500 -0.05392800
v 0.11091700 -0.00221500 -0.05377900
v 0.11106600 -0.00221500 -0.05360900
v 0.11119200 -0.00221500 -0.05342100
v 0.11129100 -0.00221500 -0.05321800
v 0.11136400 -0.00221500 -0.05300500
v 0.11140800 -0.00221500 -0.05278300
v 0.11142300 -0.00221500 -0.05255800
v 0.11142300 -0.00221500 0.07521600
v 0.11140800 -0.00221500 0.07544200
v 0.11136400 -0.00221500 0.07566300
v 0.11129100 -0.00221500 0.07587700
v 0.11119200 -0.00221500 0.07608000
v 0.11106600 -0.00221500 0.07626700
v 0.11091700 -0.00221500 0.07643700
v 0.11074800 -0.00221500 0.07658600
v 0.11055900 -0.00221500 0.07671200
v 0.11035700 -0.00221500 0.07681200
v 0.11014300 -0.00221500 0.07688400
v 0.10992200 -0.00221500 0.07692800
v 0.10969600 -0.00221500 0.07694300
v -0.10786500 -0.00221500 0.07694300
v -0.10959100 -0.00221500 -0.05578000
v -0.10786500 -0.00221500 -0.05428400
v -0.10809000 -0.00221500 -0.05427000
v -0.10831200 -0.00221500 -0.05422600
v -0.10852600 -0.00221500 -0.05415300
v -0.10872800 -0.00221500 -0.05405300
v -0.10891600 -0.00221500 -0.05392800
v -0.10908600 -0.00221500 -0.05377900
v -0.10923500 -0.00221500 -0.05360900
v -0.10936000 -0.00221500 -0.05342100
v -0.10946000 -0.00221500 -0.05321800
v -0.10953300 -0.00221500 -0.05300500
v -0.10957700 -0.00221500 -0.05278300
v -0.10959100 -0.00221500 -0.05255800
v -0.10959100 -0.00221500 0.07521600
v -0.10957700 -0.00221500 0.07544200
v -0.10953300 -0.00221500 0.07566300
v -0.10946000 -0.00221500 0.07587700
v -0.10936000 -0.00221500 0.07608000
v -0.10923500 -0.00221500 0.07626700
v -0.10908600 -0.00221500 0.07643700
v -0.10891600 -0.00221500 0.07658600
v -0.10872800 -0.00221500 0.07671200
v -0.10852600 -0.00221500 0.07681200
v -0.10831200 -0.00221500 0.07688400
v -0.10809000 -0.00221500 0.07692800
v 0.02681600 0.00037500 -0.05255800
v -0.02498500 0.00037500 -0.05255800
v 0.00091600 0.00037500 -0.05255800
v 0.02681600 0.00037500 -0.05428400
v -0.02498500 0.00037500 -0.05428400
v -0.10957700 0.00037500 -0.05278300
v -0.10095800 0.00037500 -0.05255800
v -0.10953300 0.00037500 -0.05300500
v -0.10946000 0.00037500 -0.05321800
v -0.10936000 0.00037500 -0.05342100
v -0.10923500 0.00037500 -0.05360900
v -0.10908600 0.00037500 -0.05377900
v -0.10891600 0.00037500 -0.05392800
v -0.10872800 0.00037500 -0.05405300
v -0.10852600 0.00037500 -0.05415300
v -0.10831200 0.00037500 -0.05422600
v -0.10809000 0.00037500 -0.05427000
v -0.10786500 0.00037500 -0.05428400
v -0.10095800 0.00037500 -0.00593800
v -0.10959100 0.00037500 -0.05255800
v -0.10959100 0.00037500 -0.00593800
v 0.10992200 0.00037500 0.07692800
v -0.10786500 0.00037500 0.07694300
v 0.10969600 0.00037500 0.07694300
v -0.10809000 0.00037500 0.07692800
v 0.11014300 0.00037500 0.07688400
v -0.10831200 0.00037500 0.07688400
v 0.11035700 0.00037500 0.07681200
v -0.10852600 0.00037500 0.07681200
v 0.11055900 0.00037500 0.07671200
v -0.10872800 0.00037500 0.07671200
v -0.10891600 0.00037500 0.07658600
v 0.11074800 0.00037500 0.07658600
v -0.10908600 0.00037500 0.07643700
v 0.11091700 0.00037500 0.07643700
v 0.11106600 0.00037500 0.07626700
v -0.10923500 0.00037500 0.07626700
v -0.10936000 0.00037500 0.07608000
v 0.11119200 0.00037500 0.07608000
v 0.11129100 0.00037500 0.07587700
v -0.10946000 0.00037500 0.07587700
v -0.10953300 0.00037500 0.07566300
v 0.11136400 0.00037500 0.07566300
v 0.11140800 0.00037500 0.07544200
v -0.10957700 0.00037500 0.07544200
v 0.11142300 0.00037500 0.07521600
v -0.10959100 0.00037500 0.07521600
v 0.10451600 0.00037500 0.07003600
v 0.11142300 0.00037500 -0.05255800
v 0.10451600 0.00037500 -0.05255800
v 0.11140800 0.00037500 -0.05278300
v 0.11136400 0.00037500 -0.05300500
v 0.11129100 0.00037500 -0.05321800
v 0.11119200 0.00037500 -0.05342100
v 0.11106600 0.00037500 -0.05360900
v 0.11091700 0.00037500 -0.05377900
v 0.11074800 0.00037500 -0.05392800
v 0.11055900 0.00037500 -0.05405300
v 0.11035700 0.00037500 -0.05415300
v 0.11014300 0.00037500 -0.05422600
v 0.10992200 0.00037500 -0.05427000
v 0.10969600 0.00037500 -0.05428400
v -0.10095800 0.00037500 0.07003600
v -0.10095800 0.00037500 0.05449600
v -0.10959100 0.00037500 0.05449600
v -0.10095800 0.00123900 0.07003600
v -0.10095800 0.00123900 0.05449600
v -0.10095800 0.00123900 -0.00593800
v -0.05779100 -0.00048800 -0.00593800
v -0.05779100 0.00123900 -0.00593800
v -0.10959100 -0.00048800 -0.00593800
v -0.10095800 0.00123900 -0.05255800
v -0.02498500 0.00123900 -0.05255800
v 0.10451600 0.00123900 -0.05255800
v 0.02681600 0.00123900 -0.05255800
v 0.10451600 0.00123900 0.07003600
v -0.09232500 -0.00048800 0.05449600
v -0.09232500 0.00123900 0.05449600
v -0.10959100 -0.00048800 0.05449600
v -0.10959100 -0.00005600 0.05449600
v -0.05779100 -0.00048800 0.01132900
v -0.09232500 -0.00048800 0.01132900
v -0.05779100 0.00123900 0.01132900
v 0.00091600 0.00123900 -0.02665800
v 0.00553600 0.00123900 -0.02690600
v 0.01010400 0.00123900 -0.02764700
v 0.01456600 0.00123900 -0.02887300
v 0.01887200 0.00123900 -0.03056900
v 0.02297100 0.00123900 -0.03271700
v 0.02681600 0.00123900 -0.03529100
v -0.09232500 0.00123900 0.01132900
v -0.00370500 0.00123900 -0.02690600
v -0.00827300 0.00123900 -0.02764700
v -0.01273500 0.00123900 -0.02887300
v -0.01704000 0.00123900 -0.03056900
v -0.02113900 0.00123900 -0.03271700
v -0.02498500 0.00123900 -0.03529100
v -0.10809000 -0.00307800 -0.05427000
v -0.10786500 -0.00307800 -0.05428400
v -0.10831200 -0.00307800 -0.05422600
v -0.10852600 -0.00307800 -0.05415300
v -0.10872800 -0.00307800 -0.05405300
v -0.10891600 -0.00307800 -0.05392800
v -0.10908600 -0.00307800 -0.05377900
v -0.10923500 -0.00307800 -0.05360900
v -0.10936000 -0.00307800 -0.05342100
v -0.10946000 -0.00307800 -0.05321800
v -0.10953300 -0.00307800 -0.05300500
v -0.10957700 -0.00307800 -0.05278300
v -0.10959100 -0.00307800 -0.05255800
v -0.10959100 -0.00307800 0.07521600
v -0.10957700 -0.00307800 0.07544200
v -0.10953300 -0.00307800 0.07566300
v -0.10946000 -0.00307800 0.07587700
v -0.10936000 -0.00307800 0.07608000
v -0.10923500 -0.00307800 0.07626700
v -0.10908600 -0.00307800 0.07643700
v -0.10891600 -0.00307800 0.07658600
v -0.10872800 -0.00307800 0.07671200
v -0.10852600 -0.00307800 0.07681200
v -0.10831200 -0.00307800 0.07688400
v -0.10809000 -0.00307800 0.07692800
v -0.10786500 -0.00307800 0.07694300
v 0.10969600 -0.00307800 0.07694300
v 0.10992200 -0.00307800 0.07692800
v 0.11014300 -0.00307800 0.07688400
v 0.11035700 -0.00307800 0.07681200
v 0.11055900 -0.00307800 0.07671200
v 0.11074800 -0.00307800 0.07658600
v 0.11091700 -0.00307800 0.07643700
v 0.11106600 -0.00307800 0.07626700
v 0.11119200 -0.00307800 0.07608000
v 0.11129100 -0.00307800 0.07587700
v 0.11136400 -0.00307800 0.07566300
v 0.11136400 -0.00307800 -0.05300500
v 0.11129100 -0.00307800 -0.05321800
v 0.11119200 -0.00307800 -0.05342100
v 0.11106600 -0.00307800 -0.05360900
v 0.11091700 -0.00307800 -0.05377900
v 0.11074800 -0.00307800 -0.05392800
v 0.11055900 -0.00307800 -0.05405300
v 0.11035700 -0.00307800 -0.05415300
v 0.11014300 -0.00307800 -0.05422600
v 0.10992200 -0.00307800 -0.05427000
v 0.10969600 -0.00307800 -0.05428400
v 0.11140800 -0.00307800 -0.05278300
v 0.11140800 -0.00307800 0.07544200
v 0.00793200 -0.00307800 -0.05141600
v 0.00799400 -0.00307800 -0.05141600
v 0.00796300 -0.00307800 -0.05141300
v 0.00790200 -0.00307800 -0.05142500
v 0.00802400 -0.00307800 -0.05142500
v 0.00787400 -0.00307800 -0.05144000
v 0.00805200 -0.00307800 -0.05144000
v 0.00785000 -0.00307800 -0.05146000
v 0.00807600 -0.00307800 -0.05146000
v 0.00783000 -0.00307800 -0.05148400
v 0.00809600 -0.00307800 -0.05148400
v 0.00781600 -0.00307800 -0.05151200
v 0.00811100 -0.00307800 -0.05151200
v 0.00811100 -0.00307800 -0.05176900
v 0.00795700 -0.00307800 -0.05207000
v 0.00864700 -0.00307800 -0.05176900
v 0.00795700 -0.00307800 -0.05239800
v 0.00781600 -0.00307800 -0.05275900
v 0.00811100 -0.00307800 -0.05239800
v 0.00811100 -0.00307800 -0.05275900
v 0.00782000 -0.00307800 -0.05279700
v 0.00810600 -0.00307800 -0.05279700
v 0.00783500 -0.00307800 -0.05283200
v 0.00809100 -0.00307800 -0.05283200
v 0.00785900 -0.00307800 -0.05286300
v 0.00806700 -0.00307800 -0.05286300
v 0.00788900 -0.00307800 -0.05288600
v 0.00803700 -0.00307800 -0.05288600
v 0.00792500 -0.00307800 -0.05290100
v 0.00800100 -0.00307800 -0.05290100
v 0.00796300 -0.00307800 -0.05290600
v 0.00537400 -0.00307800 -0.05116700
v 0.00598400 -0.00307800 -0.05245700
v 0.00598400 -0.00307800 -0.05116700
v -0.00185000 -0.00307800 -0.05116700
v -0.00161000 -0.00307800 -0.05230300
v -0.00136900 -0.00307800 -0.05116700
v -0.00341400 -0.00307800 -0.05334100
v -0.00279900 -0.00307800 -0.05116700
v -0.00378100 -0.00307800 -0.05116700
v -0.00279900 -0.00307800 -0.05334100
v 0.00395200 -0.00307800 -0.05291600
v 0.00462100 -0.00307800 -0.05116700
v 0.00395200 -0.00307800 -0.05116700
v 0.00462100 -0.00307800 -0.05334100
v 0.00387000 -0.00307800 -0.05305700
v 0.00376200 -0.00307800 -0.05318100
v 0.00363300 -0.00307800 -0.05328200
v 0.00585000 -0.00307800 -0.05334100
v 0.00524100 -0.00307800 -0.05334100
v 0.00660400 -0.00307800 -0.05334100
v 0.00794700 -0.00307800 -0.05334700
v 0.00348800 -0.00307800 -0.05335700
v 0.00296300 -0.00307800 -0.05116700
v 0.00333500 -0.00307800 -0.05276900
v 0.00333500 -0.00307800 -0.05116700
v 0.00296300 -0.00307800 -0.05276900
v 0.00332900 -0.00307800 -0.05281700
v 0.00296900 -0.00307800 -0.05281700
v 0.00331000 -0.00307800 -0.05286200
v 0.00298800 -0.00307800 -0.05286200
v 0.00328000 -0.00307800 -0.05290100
v 0.00301800 -0.00307800 -0.05290100
v 0.00324200 -0.00307800 -0.05293000
v 0.00305600 -0.00307800 -0.05293000
v 0.00319700 -0.00307800 -0.05294900
v 0.00310100 -0.00307800 -0.05294900
v 0.00314900 -0.00307800 -0.05295500
v 0.00146900 -0.00307800 -0.05118000
v 0.00238200 -0.00307800 -0.05116700
v 0.00144200 -0.00307800 -0.05116400
v 0.00149600 -0.00307800 -0.05119700
v 0.00152100 -0.00307800 -0.05121500
v 0.00154600 -0.00307800 -0.05123500
v 0.00156900 -0.00307800 -0.05125600
v 0.00158700 -0.00307800 -0.05127300
v 0.00160300 -0.00307800 -0.05129200
v 0.00161700 -0.00307800 -0.05131100
v 0.00163000 -0.00307800 -0.05133200
v 0.00164200 -0.00307800 -0.05135300
v 0.00165300 -0.00307800 -0.05137500
v 0.00166200 -0.00307800 -0.05139800
v 0.00166900 -0.00307800 -0.05142100
v 0.00167400 -0.00307800 -0.05144500
v 0.00167800 -0.00307800 -0.05146900
v 0.00168000 -0.00307800 -0.05149300
v 0.00168100 -0.00307800 -0.05151800
v 0.00168900 -0.00307800 -0.05180500
v 0.00090300 -0.00307800 -0.05182200
v 0.00089300 -0.00307800 -0.05181100
v 0.00091400 -0.00307800 -0.05183200
v 0.00092500 -0.00307800 -0.05184200
v 0.00093900 -0.00307800 -0.05185300
v 0.00095300 -0.00307800 -0.05186300
v 0.00096800 -0.00307800 -0.05187400
v 0.00098300 -0.00307800 -0.05188400
v 0.00099800 -0.00307800 -0.05189300
v 0.00101300 -0.00307800 -0.05190200
v 0.00102800 -0.00307800 -0.05191100
v 0.00104400 -0.00307800 -0.05191900
v 0.00106000 -0.00307800 -0.05192700
v 0.00107700 -0.00307800 -0.05193400
v 0.00109300 -0.00307800 -0.05194100
v 0.00110900 -0.00307800 -0.05194700
v 0.00114200 -0.00307800 -0.05196000
v 0.00117400 -0.00307800 -0.05197300
v 0.00120500 -0.00307800 -0.05198700
v 0.00123700 -0.00307800 -0.05200200
v 0.00126800 -0.00307800 -0.05201800
v 0.00129900 -0.00307800 -0.05203400
v 0.00132900 -0.00307800 -0.05205100
v 0.00135900 -0.00307800 -0.05206900
v 0.00138800 -0.00307800 -0.05208800
v 0.00141700 -0.00307800 -0.05210700
v 0.00144500 -0.00307800 -0.05212700
v 0.00147300 -0.00307800 -0.05214800
v 0.00150000 -0.00307800 -0.05217000
v 0.00152500 -0.00307800 -0.05219300
v 0.00154900 -0.00307800 -0.05221700
v 0.00157300 -0.00307800 -0.05224200
v 0.00159400 -0.00307800 -0.05226900
v 0.00161500 -0.00307800 -0.05229600
v 0.00163400 -0.00307800 -0.05232500
v 0.00165100 -0.00307800 -0.05235400
v 0.00166700 -0.00307800 -0.05238500
v 0.00168100 -0.00307800 -0.05241600
v 0.00169400 -0.00307800 -0.05244800
v 0.00170500 -0.00307800 -0.05248000
v 0.00171000 -0.00307800 -0.05251200
v 0.00171100 -0.00307800 -0.05254500
v 0.00171100 -0.00307800 -0.05257800
v 0.00171200 -0.00307800 -0.05261100
v 0.00171200 -0.00307800 -0.05264400
v 0.00171200 -0.00307800 -0.05267600
v 0.00171200 -0.00307800 -0.05270900
v 0.00171200 -0.00307800 -0.05274200
v 0.00171200 -0.00307800 -0.05277500
v 0.00171200 -0.00307800 -0.05280800
v 0.00171100 -0.00307800 -0.05284000
v 0.00171100 -0.00307800 -0.05287300
v 0.00171000 -0.00307800 -0.05290600
v 0.00238200 -0.00307800 -0.05291600
v 0.00171000 -0.00307800 -0.05291700
v 0.00170900 -0.00307800 -0.05292800
v 0.00170700 -0.00307800 -0.05293900
v 0.00170500 -0.00307800 -0.05295000
v 0.00170300 -0.00307800 -0.05296100
v 0.00170000 -0.00307800 -0.05297100
v 0.00169700 -0.00307800 -0.05298200
v 0.00169300 -0.00307800 -0.05299200
v 0.00168800 -0.00307800 -0.05300300
v 0.00168400 -0.00307800 -0.05301200
v 0.00167800 -0.00307800 -0.05302200
v 0.00167300 -0.00307800 -0.05303200
v 0.00246400 -0.00307800 -0.05305700
v 0.00165500 -0.00307800 -0.05305800
v 0.00163700 -0.00307800 -0.05308300
v 0.00161900 -0.00307800 -0.05310800
v 0.00159900 -0.00307800 -0.05313300
v 0.00157900 -0.00307800 -0.05315600
v 0.00155800 -0.00307800 -0.05317900
v 0.00257200 -0.00307800 -0.05318100
v 0.00153600 -0.00307800 -0.05320100
v 0.00151300 -0.00307800 -0.05322300
v 0.00149000 -0.00307800 -0.05324400
v 0.00146600 -0.00307800 -0.05326400
v 0.00270100 -0.00307800 -0.05328200
v 0.00144100 -0.00307800 -0.05328300
v 0.00141600 -0.00307800 -0.05330100
v 0.00140000 -0.00307800 -0.05331200
v 0.00138400 -0.00307800 -0.05332200
v 0.00136700 -0.00307800 -0.05333200
v 0.00135100 -0.00307800 -0.05334100
v 0.00133400 -0.00307800 -0.05335000
v 0.00284700 -0.00307800 -0.05335700
v 0.00131600 -0.00307800 -0.05335800
v 0.00129800 -0.00307800 -0.05336600
v 0.00128000 -0.00307800 -0.05337300
v 0.00126200 -0.00307800 -0.05337900
v 0.00124400 -0.00307800 -0.05338500
v 0.00122500 -0.00307800 -0.05339000
v 0.00120700 -0.00307800 -0.05339500
v 0.00300400 -0.00307800 -0.05340300
v 0.00113500 -0.00307800 -0.05340900
v 0.00106200 -0.00307800 -0.05341800
v 0.00316700 -0.00307800 -0.05341900
v 0.00098900 -0.00307800 -0.05342200
v -0.00588600 -0.00307800 -0.05116400
v -0.00472700 -0.00307800 -0.05116700
v -0.00585900 -0.00307800 -0.05118000
v -0.00583200 -0.00307800 -0.05119700
v -0.00580600 -0.00307800 -0.05121500
v -0.00578200 -0.00307800 -0.05123500
v -0.00575800 -0.00307800 -0.05125600
v -0.00574100 -0.00307800 -0.05127300
v -0.00572500 -0.00307800 -0.05129200
v -0.00571000 -0.00307800 -0.05131100
v -0.00569700 -0.00307800 -0.05133200
v -0.00568500 -0.00307800 -0.05135300
v -0.00567500 -0.00307800 -0.05137500
v -0.00566600 -0.00307800 -0.05139800
v -0.00565900 -0.00307800 -0.05142100
v -0.00565300 -0.00307800 -0.05144500
v -0.00565000 -0.00307800 -0.05146900
v -0.00564800 -0.00307800 -0.05149300
v -0.00564700 -0.00307800 -0.05151800
v -0.00563900 -0.00307800 -0.05180500
v -0.00642400 -0.00307800 -0.05182200
v -0.00643500 -0.00307800 -0.05181100
v -0.00641300 -0.00307800 -0.05183200
v -0.00640300 -0.00307800 -0.05184200
v -0.00638800 -0.00307800 -0.05185300
v -0.00637400 -0.00307800 -0.05186300
v -0.00636000 -0.00307800 -0.05187400
v -0.00634500 -0.00307800 -0.05188400
v -0.00633000 -0.00307800 -0.05189300
v -0.00631500 -0.00307800 -0.05190200
v -0.00629900 -0.00307800 -0.05191100
v -0.00628400 -0.00307800 -0.05191900
v -0.00626700 -0.00307800 -0.05192700
v -0.00625100 -0.00307800 -0.05193400
v -0.00623500 -0.00307800 -0.05194100
v -0.00621800 -0.00307800 -0.05194700
v -0.00618600 -0.00307800 -0.05196000
v -0.00615400 -0.00307800 -0.05197300
v -0.00612200 -0.00307800 -0.05198700
v -0.00609100 -0.00307800 -0.05200200
v -0.00606000 -0.00307800 -0.05201800
v -0.00602900 -0.00307800 -0.05203400
v -0.00599900 -0.00307800 -0.05205100
v -0.00596900 -0.00307800 -0.05206900
v -0.00594000 -0.00307800 -0.05208800
v -0.00591100 -0.00307800 -0.05210700
v -0.00588200 -0.00307800 -0.05212700
v -0.00585500 -0.00307800 -0.05214800
v -0.00582800 -0.00307800 -0.05217000
v -0.00580300 -0.00307800 -0.05219300
v -0.00577800 -0.00307800 -0.05221700
v -0.00575500 -0.00307800 -0.05224200
v -0.00573400 -0.00307800 -0.05226900
v -0.00571300 -0.00307800 -0.05229600
v -0.00569400 -0.00307800 -0.05232500
v -0.00567700 -0.00307800 -0.05235400
v -0.00566100 -0.00307800 -0.05238500
v -0.00564700 -0.00307800 -0.05241600
v -0.00563400 -0.00307800 -0.05244800
v -0.00562300 -0.00307800 -0.05248000
v -0.00561700 -0.00307800 -0.05251200
v -0.00561700 -0.00307800 -0.05254500
v -0.00561700 -0.00307800 -0.05257800
v -0.00561600 -0.00307800 -0.05261100
v -0.00561600 -0.00307800 -0.05264400
v -0.00561600 -0.00307800 -0.05267600
v -0.00561600 -0.00307800 -0.05270900
v -0.00561600 -0.00307800 -0.05274200
v -0.00561600 -0.00307800 -0.05277500
v -0.00561600 -0.00307800 -0.05280800
v -0.00561700 -0.00307800 -0.05284000
v -0.00561700 -0.00307800 -0.05287300
v -0.00561700 -0.00307800 -0.05290600
v -0.00561800 -0.00307800 -0.05291700
v -0.00561900 -0.00307800 -0.05292800
v -0.00562100 -0.00307800 -0.05293900
v -0.00562200 -0.00307800 -0.05295000
v -0.00562500 -0.00307800 -0.05296100
v -0.00562800 -0.00307800 -0.05297100
v -0.00563100 -0.00307800 -0.05298200
v -0.00563500 -0.00307800 -0.05299200
v -0.00563900 -0.00307800 -0.05300300
v -0.00564400 -0.00307800 -0.05301200
v -0.00509400 -0.00307800 -0.05334100
v -0.00564900 -0.00307800 -0.05302200
v -0.00565500 -0.00307800 -0.05303200
v -0.00567200 -0.00307800 -0.05305800
v -0.00569000 -0.00307800 -0.05308300
v -0.00570900 -0.00307800 -0.05310800
v -0.00572800 -0.00307800 -0.05313300
v -0.00574900 -0.00307800 -0.05315600
v -0.00577000 -0.00307800 -0.05317900
v -0.00579200 -0.00307800 -0.05320100
v -0.00581400 -0.00307800 -0.05322300
v -0.00583800 -0.00307800 -0.05324400
v -0.00586200 -0.00307800 -0.05326400
v -0.00588600 -0.00307800 -0.05328300
v -0.00591100 -0.00307800 -0.05330100
v -0.00592800 -0.00307800 -0.05331200
v -0.00594400 -0.00307800 -0.05332200
v -0.00596000 -0.00307800 -0.05333200
v -0.00399300 -0.00307800 -0.05334100
v -0.00449200 -0.00307800 -0.05334100
v -0.00223400 -0.00307800 -0.05334100
v -0.00187600 -0.00307800 -0.05334100
v -0.00134400 -0.00307800 -0.05334100
v -0.00098600 -0.00307800 -0.05334100
v -0.00042100 -0.00307800 -0.05334100
v -0.00597700 -0.00307800 -0.05334100
v 0.11142300 -0.00307800 0.07521600
v -0.10301200 -0.00307800 0.07303700
v -0.10301200 -0.00307800 -0.05037800
v 0.00794700 -0.00307800 -0.05104000
v 0.10484400 -0.00307800 -0.05037800
v 0.00779900 -0.00307800 -0.05105500
v 0.00085200 -0.00307800 -0.05107000
v -0.00647600 -0.00307800 -0.05107000
v -0.00648500 -0.00307800 -0.05107000
v -0.00649300 -0.00307800 -0.05107100
v -0.00650100 -0.00307800 -0.05107100
v -0.00650900 -0.00307800 -0.05107200
v -0.00651700 -0.00307800 -0.05107300
v -0.00652500 -0.00307800 -0.05107400
v -0.00653400 -0.00307800 -0.05107600
v -0.00654200 -0.00307800 -0.05107800
v -0.00654900 -0.00307800 -0.05108000
v -0.00655800 -0.00307800 -0.05108200
v -0.00656600 -0.00307800 -0.05108400
v -0.00657300 -0.00307800 -0.05108700
v -0.00660900 -0.00307800 -0.05110000
v -0.00664500 -0.00307800 -0.05111500
v -0.00668000 -0.00307800 -0.05113000
v -0.00671500 -0.00307800 -0.05114600
v -0.00674900 -0.00307800 -0.05116400
v -0.00678300 -0.00307800 -0.05118200
v -0.00681700 -0.00307800 -0.05120100
v -0.00685000 -0.00307800 -0.05122000
v -0.00688200 -0.00307800 -0.05124100
v -0.00691400 -0.00307800 -0.05126200
v -0.00694500 -0.00307800 -0.05128500
v -0.00697600 -0.00307800 -0.05130800
v -0.00698800 -0.00307800 -0.05131800
v -0.00700000 -0.00307800 -0.05132900
v -0.00701100 -0.00307800 -0.05134100
v -0.00702100 -0.00307800 -0.05135300
v -0.00703000 -0.00307800 -0.05136600
v -0.00703800 -0.00307800 -0.05138000
v -0.00704500 -0.00307800 -0.05139400
v -0.00705100 -0.00307800 -0.05140900
v -0.00705600 -0.00307800 -0.05142400
v -0.00706000 -0.00307800 -0.05143900
v -0.00706300 -0.00307800 -0.05145500
v -0.00706600 -0.00307800 -0.05147100
v -0.00706900 -0.00307800 -0.05151300
v -0.00707200 -0.00307800 -0.05155400
v -0.00707400 -0.00307800 -0.05159600
v -0.00707500 -0.00307800 -0.05163800
v -0.00707600 -0.00307800 -0.05168000
v -0.00707700 -0.00307800 -0.05172200
v -0.00707600 -0.00307800 -0.05176400
v -0.00707500 -0.00307800 -0.05180600
v -0.00707400 -0.00307800 -0.05184800
v -0.00707200 -0.00307800 -0.05189000
v -0.00706900 -0.00307800 -0.05193200
v -0.00706600 -0.00307800 -0.05197400
v -0.00706500 -0.00307800 -0.05198000
v -0.00706400 -0.00307800 -0.05198700
v -0.00706300 -0.00307800 -0.05199300
v -0.00706100 -0.00307800 -0.05199900
v -0.00705900 -0.00307800 -0.05200500
v -0.00705700 -0.00307800 -0.05201100
v -0.00705500 -0.00307800 -0.05201700
v -0.00705200 -0.00307800 -0.05202300
v -0.00704900 -0.00307800 -0.05202900
v -0.00704600 -0.00307800 -0.05203500
v -0.00704200 -0.00307800 -0.05204000
v -0.00703900 -0.00307800 -0.05204600
v -0.00699200 -0.00307800 -0.05210700
v -0.00694200 -0.00307800 -0.05216500
v -0.00688800 -0.00307800 -0.05222100
v -0.00683100 -0.00307800 -0.05227300
v -0.00677200 -0.00307800 -0.05232200
v -0.00671000 -0.00307800 -0.05236800
v -0.00664500 -0.00307800 -0.05241000
v -0.00657800 -0.00307800 -0.05244800
v -0.00650900 -0.00307800 -0.05248300
v -0.00643800 -0.00307800 -0.05251300
v -0.00636600 -0.00307800 -0.05254000
v -0.00629200 -0.00307800 -0.05256200
v -0.00628300 -0.00307800 -0.05256500
v -0.00627400 -0.00307800 -0.05256900
v -0.00626600 -0.00307800 -0.05257300
v -0.00625800 -0.00307800 -0.05257900
v -0.00625000 -0.00307800 -0.05258500
v -0.00624400 -0.00307800 -0.05259200
v -0.00712100 -0.00307800 -0.05259900
v -0.00713100 -0.00307800 -0.05264500
v -0.00713800 -0.00307800 -0.05269200
v -0.00714200 -0.00307800 -0.05273900
v -0.00714200 -0.00307800 -0.05278600
v -0.00714000 -0.00307800 -0.05283300
v -0.00713400 -0.00307800 -0.05287900
v -0.00712600 -0.00307800 -0.05292600
v -0.00711400 -0.00307800 -0.05297100
v -0.00710000 -0.00307800 -0.05301600
v -0.00708300 -0.00307800 -0.05306000
v -0.00706300 -0.00307800 -0.05310300
v -0.00704000 -0.00307800 -0.05314400
v -0.00703500 -0.00307800 -0.05315300
v -0.00702900 -0.00307800 -0.05316100
v -0.00702400 -0.00307800 -0.05316900
v -0.00701700 -0.00307800 -0.05317700
v -0.00701100 -0.00307800 -0.05318500
v -0.00700400 -0.00307800 -0.05319300
v -0.00699700 -0.00307800 -0.05320000
v -0.00699000 -0.00307800 -0.05320700
v -0.00698200 -0.00307800 -0.05321400
v -0.00697500 -0.00307800 -0.05322000
v -0.00696700 -0.00307800 -0.05322700
v -0.00695900 -0.00307800 -0.05323200
v -0.00689700 -0.00307800 -0.05327200
v -0.00683300 -0.00307800 -0.05330800
v -0.00676700 -0.00307800 -0.05333900
v -0.00669900 -0.00307800 -0.05336500
v -0.00662900 -0.00307800 -0.05338700
v -0.00655700 -0.00307800 -0.05340300
v -0.00648500 -0.00307800 -0.05341500
v -0.00641200 -0.00307800 -0.05342100
v -0.00633900 -0.00307800 -0.05342200
v 0.10484400 -0.00307800 0.07303700
v 0.00809500 -0.00307800 -0.05105500
v 0.00823800 -0.00307800 -0.05109800
v 0.00836900 -0.00307800 -0.05116900
v 0.00848400 -0.00307800 -0.05126400
v 0.00857700 -0.00307800 -0.05138000
v 0.00864700 -0.00307800 -0.05151200
v 0.00864700 -0.00307800 -0.05207000
v 0.11142300 -0.00307800 -0.05255800
v 0.00864700 -0.00307800 -0.05275900
v 0.00859900 -0.00307800 -0.05291700
v 0.00851700 -0.00307800 -0.05306000
v 0.00840400 -0.00307800 -0.05318000
v 0.00826600 -0.00307800 -0.05327100
v 0.00811100 -0.00307800 -0.05332700
v 0.00333000 -0.00307800 -0.05340300
v 0.00088400 -0.00307800 -0.05107100
v 0.00091600 -0.00307800 -0.05107100
v 0.00094700 -0.00307800 -0.05107200
v 0.00097900 -0.00307800 -0.05107400
v 0.00101100 -0.00307800 -0.05107500
v 0.00104300 -0.00307800 -0.05107700
v 0.00107500 -0.00307800 -0.05108000
v 0.00110600 -0.00307800 -0.05108200
v 0.00113800 -0.00307800 -0.05108500
v 0.00117000 -0.00307800 -0.05108900
v 0.00120200 -0.00307800 -0.05109300
v 0.00123400 -0.00307800 -0.05109700
v 0.00765600 -0.00307800 -0.05109800
v 0.00126500 -0.00307800 -0.05110200
v 0.00129500 -0.00307800 -0.05110800
v 0.00132600 -0.00307800 -0.05111600
v 0.00135500 -0.00307800 -0.05112600
v 0.00138500 -0.00307800 -0.05113700
v 0.00141400 -0.00307800 -0.05115000
v 0.00660400 -0.00307800 -0.05116700
v 0.00752500 -0.00307800 -0.05116900
v 0.00741000 -0.00307800 -0.05126400
v 0.00731600 -0.00307800 -0.05138000
v 0.00724700 -0.00307800 -0.05151200
v 0.00724700 -0.00307800 -0.05275900
v 0.00729400 -0.00307800 -0.05291700
v 0.00737600 -0.00307800 -0.05306000
v 0.00749000 -0.00307800 -0.05318000
v 0.00762800 -0.00307800 -0.05327100
v 0.00778300 -0.00307800 -0.05332700
v 0.00084300 -0.00307800 -0.05107000
v -0.00644400 -0.00307800 -0.05107100
v 0.00083500 -0.00307800 -0.05107100
v -0.00641300 -0.00307800 -0.05107100
v 0.00082700 -0.00307800 -0.05107100
v 0.00081900 -0.00307800 -0.05107200
v -0.00638100 -0.00307800 -0.05107200
v 0.00081000 -0.00307800 -0.05107300
v -0.00634900 -0.00307800 -0.05107400
v 0.00080200 -0.00307800 -0.05107400
v -0.00631700 -0.00307800 -0.05107500
v 0.00079400 -0.00307800 -0.05107600
v -0.00628500 -0.00307800 -0.05107700
v 0.00078600 -0.00307800 -0.05107800
v 0.00077800 -0.00307800 -0.05108000
v -0.00625300 -0.00307800 -0.05108000
v 0.00077000 -0.00307800 -0.05108200
v -0.00622100 -0.00307800 -0.05108200
v 0.00076300 -0.00307800 -0.05108400
v -0.00618900 -0.00307800 -0.05108500
v 0.00075500 -0.00307800 -0.05108700
v -0.00615800 -0.00307800 -0.05108900
v -0.00612600 -0.00307800 -0.05109300
v -0.00609400 -0.00307800 -0.05109700
v 0.00071900 -0.00307800 -0.05110000
v -0.00606300 -0.00307800 -0.05110200
v -0.00603200 -0.00307800 -0.05110800
v 0.00068300 -0.00307800 -0.05111500
v -0.00600200 -0.00307800 -0.05111600
v -0.00597200 -0.00307800 -0.05112600
v 0.00064800 -0.00307800 -0.05113000
v -0.00594300 -0.00307800 -0.05113700
v 0.00061300 -0.00307800 -0.05114600
v -0.00591400 -0.00307800 -0.05115000
v 0.00057800 -0.00307800 -0.05116400
v -0.00042100 -0.00307800 -0.05116700
v 0.00054500 -0.00307800 -0.05118200
v 0.00051100 -0.00307800 -0.05120100
v 0.00047800 -0.00307800 -0.05122000
v 0.00044600 -0.00307800 -0.05124100
v 0.00041400 -0.00307800 -0.05126200
v 0.00038200 -0.00307800 -0.05128500
v 0.00035200 -0.00307800 -0.05130800
v 0.00033900 -0.00307800 -0.05131800
v 0.00032800 -0.00307800 -0.05132900
v 0.00031700 -0.00307800 -0.05134100
v 0.00030700 -0.00307800 -0.05135300
v 0.00029800 -0.00307800 -0.05136600
v 0.00029000 -0.00307800 -0.05138000
v 0.00028300 -0.00307800 -0.05139400
v 0.00027700 -0.00307800 -0.05140900
v 0.00027100 -0.00307800 -0.05142400
v 0.00026700 -0.00307800 -0.05143900
v 0.00026400 -0.00307800 -0.05145500
v 0.00026300 -0.00307800 -0.05147100
v 0.00025900 -0.00307800 -0.05151300
v 0.00025600 -0.00307800 -0.05155400
v 0.00025400 -0.00307800 -0.05159600
v 0.00025200 -0.00307800 -0.05163800
v 0.00025200 -0.00307800 -0.05168000
v 0.00025100 -0.00307800 -0.05172200
v 0.00025200 -0.00307800 -0.05176400
v 0.00025200 -0.00307800 -0.05180600
v 0.00025400 -0.00307800 -0.05184800
v 0.00025600 -0.00307800 -0.05189000
v 0.00025900 -0.00307800 -0.05193200
v 0.00026300 -0.00307800 -0.05197400
v 0.00026300 -0.00307800 -0.05198000
v 0.00026400 -0.00307800 -0.05198700
v 0.00026500 -0.00307800 -0.05199300
v 0.00026700 -0.00307800 -0.05199900
v 0.00026900 -0.00307800 -0.05200500
v 0.00027100 -0.00307800 -0.05201100
v 0.00027300 -0.00307800 -0.05201700
v 0.00027600 -0.00307800 -0.05202300
v 0.00027900 -0.00307800 -0.05202900
v 0.00028200 -0.00307800 -0.05203500
v 0.00028500 -0.00307800 -0.05204000
v 0.00028900 -0.00307800 -0.05204600
v 0.00033600 -0.00307800 -0.05210700
v 0.00096200 -0.00307800 -0.05254000
v 0.00104500 -0.00307800 -0.05256500
v 0.00103600 -0.00307800 -0.05256200
v 0.00105400 -0.00307800 -0.05256900
v 0.00106200 -0.00307800 -0.05257300
v 0.00107000 -0.00307800 -0.05257900
v 0.00107700 -0.00307800 -0.05258500
v 0.00088900 -0.00307800 -0.05251300
v 0.00108400 -0.00307800 -0.05259200
v 0.00020600 -0.00307800 -0.05259900
v 0.00081900 -0.00307800 -0.05248300
v 0.00075000 -0.00307800 -0.05244800
v 0.00068300 -0.00307800 -0.05241000
v 0.00061800 -0.00307800 -0.05236800
v 0.00055600 -0.00307800 -0.05232200
v 0.00049700 -0.00307800 -0.05227300
v 0.00044000 -0.00307800 -0.05222100
v 0.00038600 -0.00307800 -0.05216500
v 0.00019700 -0.00307800 -0.05264500
v 0.00019000 -0.00307800 -0.05269200
v 0.00018600 -0.00307800 -0.05273900
v 0.00018600 -0.00307800 -0.05278600
v 0.00018800 -0.00307800 -0.05283300
v 0.00019400 -0.00307800 -0.05287900
v 0.00020200 -0.00307800 -0.05292600
v 0.00021300 -0.00307800 -0.05297100
v 0.00022800 -0.00307800 -0.05301600
v 0.00024500 -0.00307800 -0.05306000
v 0.00026500 -0.00307800 -0.05310300
v 0.00028800 -0.00307800 -0.05314400
v 0.00029300 -0.00307800 -0.05315300
v 0.00029800 -0.00307800 -0.05316100
v 0.00030400 -0.00307800 -0.05316900
v 0.00031000 -0.00307800 -0.05317700
v 0.00031700 -0.00307800 -0.05318500
v 0.00032300 -0.00307800 -0.05319300
v 0.00033100 -0.00307800 -0.05320000
v 0.00033800 -0.00307800 -0.05320700
v 0.00034500 -0.00307800 -0.05321400
v 0.00035300 -0.00307800 -0.05322000
v 0.00036100 -0.00307800 -0.05322700
v 0.00036900 -0.00307800 -0.05323200
v 0.00043100 -0.00307800 -0.05327200
v 0.00049500 -0.00307800 -0.05330800
v 0.00056100 -0.00307800 -0.05333900
v -0.00599400 -0.00307800 -0.05335000
v -0.00601200 -0.00307800 -0.05335800
v 0.00062900 -0.00307800 -0.05336500
v -0.00603000 -0.00307800 -0.05336600
v -0.00604700 -0.00307800 -0.05337300
v -0.00606600 -0.00307800 -0.05337900
v -0.00608400 -0.00307800 -0.05338500
v 0.00069900 -0.00307800 -0.05338700
v -0.00610300 -0.00307800 -0.05339000
v -0.00612100 -0.00307800 -0.05339500
v 0.00077000 -0.00307800 -0.05340300
v -0.00619300 -0.00307800 -0.05340900
v 0.00084300 -0.00307800 -0.05341500
v -0.00626600 -0.00307800 -0.05341800
v 0.00091600 -0.00307800 -0.05342100
v -0.00653100 -0.00307800 -0.05259900
v -0.00623800 -0.00307800 -0.05259900
v -0.00623200 -0.00307800 -0.05260700
v -0.00622800 -0.00307800 -0.05261500
v -0.00622400 -0.00307800 -0.05262400
v -0.00622000 -0.00307800 -0.05263300
v -0.00621800 -0.00307800 -0.05264300
v -0.00621600 -0.00307800 -0.05265700
v -0.00621400 -0.00307800 -0.05267200
v -0.00621300 -0.00307800 -0.05268600
v -0.00621200 -0.00307800 -0.05270100
v -0.00621100 -0.00307800 -0.05271600
v -0.00621100 -0.00307800 -0.05273000
v -0.00621100 -0.00307800 -0.05274500
v -0.00621200 -0.00307800 -0.05276000
v -0.00621300 -0.00307800 -0.05277400
v -0.00621400 -0.00307800 -0.05278900
v -0.00621600 -0.00307800 -0.05280300
v -0.00653100 -0.00307800 -0.05281800
v -0.00621800 -0.00307800 -0.05281800
v -0.00652000 -0.00307800 -0.05285300
v -0.00622900 -0.00307800 -0.05285300
v -0.00650200 -0.00307800 -0.05288500
v -0.00624700 -0.00307800 -0.05288500
v -0.00627300 -0.00307800 -0.05291200
v -0.00647700 -0.00307800 -0.05291200
v -0.00644600 -0.00307800 -0.05293200
v -0.00630300 -0.00307800 -0.05293200
v -0.00641100 -0.00307800 -0.05294500
v -0.00633800 -0.00307800 -0.05294500
v -0.00637500 -0.00307800 -0.05294900
v 0.00079700 -0.00307800 -0.05259900
v 0.00109100 -0.00307800 -0.05259900
v 0.00109600 -0.00307800 -0.05260700
v 0.00110000 -0.00307800 -0.05261500
v 0.00110400 -0.00307800 -0.05262400
v 0.00110700 -0.00307800 -0.05263300
v 0.00110900 -0.00307800 -0.05264300
v 0.00111200 -0.00307800 -0.05265700
v 0.00111300 -0.00307800 -0.05267200
v 0.00111500 -0.00307800 -0.05268600
v 0.00111600 -0.00307800 -0.05270100
v 0.00111700 -0.00307800 -0.05271600
v 0.00111700 -0.00307800 -0.05273000
v 0.00111700 -0.00307800 -0.05274500
v 0.00111600 -0.00307800 -0.05276000
v 0.00111500 -0.00307800 -0.05277400
v 0.00111300 -0.00307800 -0.05278900
v 0.00111200 -0.00307800 -0.05280300
v 0.00079700 -0.00307800 -0.05281800
v 0.00110900 -0.00307800 -0.05281800
v 0.00080700 -0.00307800 -0.05285300
v 0.00109900 -0.00307800 -0.05285300
v 0.00082600 -0.00307800 -0.05288500
v 0.00108000 -0.00307800 -0.05288500
v 0.00105500 -0.00307800 -0.05291200
v 0.00085100 -0.00307800 -0.05291200
v 0.00088200 -0.00307800 -0.05293200
v 0.00102400 -0.00307800 -0.05293200
v 0.00091600 -0.00307800 -0.05294500
v 0.00099000 -0.00307800 -0.05294500
v 0.00095300 -0.00307800 -0.05294900
v -0.00424300 -0.00307800 -0.05186300
v -0.00223400 -0.00307800 -0.05171500
v -0.00098600 -0.00307800 -0.05171500
v 0.00524100 -0.00307800 -0.05205100
v 0.00097700 -0.00307800 -0.05148100
v 0.00100200 -0.00307800 -0.05148000
v 0.00099000 -0.00307800 -0.05148000
v 0.00101400 -0.00307800 -0.05148100
v 0.00096600 -0.00307800 -0.05148200
v 0.00102700 -0.00307800 -0.05148300
v 0.00095400 -0.00307800 -0.05148400
v 0.00103900 -0.00307800 -0.05148700
v 0.00094200 -0.00307800 -0.05148700
v 0.00093000 -0.00307800 -0.05149100
v 0.00105100 -0.00307800 -0.05149200
v 0.00091900 -0.00307800 -0.05149500
v 0.00106200 -0.00307800 -0.05149800
v 0.00090800 -0.00307800 -0.05150000
v 0.00089700 -0.00307800 -0.05150500
v 0.00107300 -0.00307800 -0.05150600
v 0.00088700 -0.00307800 -0.05151200
v 0.00108200 -0.00307800 -0.05151500
v 0.00087700 -0.00307800 -0.05151800
v 0.00087100 -0.00307800 -0.05152300
v 0.00109000 -0.00307800 -0.05152600
v 0.00086600 -0.00307800 -0.05152700
v 0.00086100 -0.00307800 -0.05153200
v 0.00109700 -0.00307800 -0.05153700
v 0.00085600 -0.00307800 -0.05153700
v 0.00085100 -0.00307800 -0.05154300
v 0.00110200 -0.00307800 -0.05154800
v 0.00084700 -0.00307800 -0.05154800
v 0.00084300 -0.00307800 -0.05155400
v 0.00084000 -0.00307800 -0.05156000
v 0.00110600 -0.00307800 -0.05156100
v 0.00083600 -0.00307800 -0.05156700
v 0.00083400 -0.00307800 -0.05157300
v 0.00110900 -0.00307800 -0.05157400
v 0.00083100 -0.00307800 -0.05158000
v 0.00110900 -0.00307800 -0.05158600
v 0.00082900 -0.00307800 -0.05158600
v 0.00082600 -0.00307800 -0.05159500
v 0.00082400 -0.00307800 -0.05160400
v 0.00082300 -0.00307800 -0.05161400
v 0.00082200 -0.00307800 -0.05162300
v 0.00082100 -0.00307800 -0.05163200
v 0.00082100 -0.00307800 -0.05164100
v 0.00082100 -0.00307800 -0.05165000
v 0.00082200 -0.00307800 -0.05166000
v 0.00082300 -0.00307800 -0.05166900
v 0.00082400 -0.00307800 -0.05167800
v 0.00082600 -0.00307800 -0.05168700
v 0.00082900 -0.00307800 -0.05169600
v 0.00083300 -0.00307800 -0.05171000
v 0.00083800 -0.00307800 -0.05172400
v 0.00084400 -0.00307800 -0.05173700
v 0.00085100 -0.00307800 -0.05175100
v 0.00085800 -0.00307800 -0.05176400
v 0.00086600 -0.00307800 -0.05177600
v 0.00087400 -0.00307800 -0.05178800
v 0.00088400 -0.00307800 -0.05180000
v 0.00110900 -0.00307800 -0.05180500
v -0.00635000 -0.00307800 -0.05148100
v -0.00632600 -0.00307800 -0.05148000
v -0.00633800 -0.00307800 -0.05148000
v -0.00631400 -0.00307800 -0.05148100
v -0.00636200 -0.00307800 -0.05148200
v -0.00630100 -0.00307800 -0.05148300
v -0.00637400 -0.00307800 -0.05148400
v -0.00628800 -0.00307800 -0.05148700
v -0.00638600 -0.00307800 -0.05148700
v -0.00639800 -0.00307800 -0.05149100
v -0.00627700 -0.00307800 -0.05149200
v -0.00640900 -0.00307800 -0.05149500
v -0.00626600 -0.00307800 -0.05149800
v -0.00642000 -0.00307800 -0.05150000
v -0.00643100 -0.00307800 -0.05150500
v -0.00625500 -0.00307800 -0.05150600
v -0.00644100 -0.00307800 -0.05151200
v -0.00624600 -0.00307800 -0.05151500
v -0.00645100 -0.00307800 -0.05151800
v -0.00645700 -0.00307800 -0.05152300
v -0.00623800 -0.00307800 -0.05152600
v -0.00646200 -0.00307800 -0.05152700
v -0.00646700 -0.00307800 -0.05153200
v -0.00623100 -0.00307800 -0.05153700
v -0.00647200 -0.00307800 -0.05153700
v -0.00647700 -0.00307800 -0.05154300
v -0.00622500 -0.00307800 -0.05154800
v -0.00648100 -0.00307800 -0.05154800
v -0.00648500 -0.00307800 -0.05155400
v -0.00648800 -0.00307800 -0.05156000
v -0.00622200 -0.00307800 -0.05156100
v -0.00649200 -0.00307800 -0.05156700
v -0.00649500 -0.00307800 -0.05157300
v -0.00621900 -0.00307800 -0.05157400
v -0.00649700 -0.00307800 -0.05158000
v -0.00649900 -0.00307800 -0.05158600
v -0.00621800 -0.00307800 -0.05158600
v -0.00650200 -0.00307800 -0.05159500
v -0.00650300 -0.00307800 -0.05160400
v -0.00650500 -0.00307800 -0.05161400
v -0.00650600 -0.00307800 -0.05162300
v -0.00650700 -0.00307800 -0.05163200
v -0.00650700 -0.00307800 -0.05164100
v -0.00650700 -0.00307800 -0.05165000
v -0.00650600 -0.00307800 -0.05166000
v -0.00650500 -0.00307800 -0.05166900
v -0.00650300 -0.00307800 -0.05167800
v -0.00650200 -0.00307800 -0.05168700
v -0.00649900 -0.00307800 -0.05169600
v -0.00649500 -0.00307800 -0.05171000
v -0.00648900 -0.00307800 -0.05172400
v -0.00648400 -0.00307800 -0.05173700
v -0.00647700 -0.00307800 -0.05175100
v -0.00647000 -0.00307800 -0.05176400
v -0.00646200 -0.00307800 -0.05177600
v -0.00645300 -0.00307800 -0.05178800
v -0.00644400 -0.00307800 -0.05180000
v -0.00621800 -0.00307800 -0.05180500
v -0.10301200 -0.00135100 -0.05037800
v 0.10484400 -0.00135100 -0.05037800
v 0.10484400 -0.00135100 0.07303700
v -0.10301200 -0.00135100 0.07303700
v 0.06184800 -0.02553200 -0.06637100
v 0.06165300 -0.01781200 -0.06637100
v 0.06478000 -0.01927800 -0.06637100
v 0.05872100 -0.02406600 -0.06637100
v -0.05393700 0.01868500 -0.06637100
v -0.05539200 0.02626900 -0.06637100
v -0.05206800 0.02533400 -0.06637100
v -0.05726100 0.01962000 -0.06637100
v -0.06001600 -0.02553200 -0.06637100
v -0.05982100 -0.01781200 -0.06637100
v -0.05689000 -0.02406600 -0.06637100
v -0.06294800 -0.01927800 -0.06637100
v 0.05576900 0.01868500 -0.06637100
v 0.05722400 0.02626900 -0.06637100
v 0.05909300 0.01962000 -0.06637100
v 0.05389900 0.02533400 -0.06637100
v 0.00248000 0.01268800 -0.06508300
v 0.00393700 0.01208400 -0.06508300
v 0.00248000 0.01268800 -0.06119100
v 0.00393700 0.01208400 -0.06119100
v 0.00091600 0.01289400 -0.06508300
v 0.00091600 0.01289400 -0.06119100
v 0.00469700 0.01150100 -0.06508300
v 0.00469700 0.01150100 -0.06119100
v 0.00891500 0.01268600 -0.06507600
v 0.01078400 0.00603800 -0.06507600
v 0.05306900 0.02510100 -0.06547900
v 0.05493800 0.01845100 -0.06547900
v 0.05317800 0.02513100 -0.06549000
v 0.05504800 0.01848300 -0.06549000
v 0.05328500 0.02516200 -0.06551500
v 0.05515500 0.01851200 -0.06551500
v 0.05338800 0.02519100 -0.06555500
v 0.05525800 0.01854100 -0.06555500
v 0.05348600 0.02521800 -0.06560800
v 0.05535600 0.01856900 -0.06560800
v 0.05357600 0.02524300 -0.06567300
v 0.05544600 0.01859400 -0.06567300
v 0.05365800 0.02526600 -0.06575000
v 0.05552700 0.01861700 -0.06575000
v 0.05559800 0.01863700 -0.06583700
v 0.05372900 0.02528600 -0.06583700
v 0.05565800 0.01865400 -0.06593300
v 0.05378900 0.02530300 -0.06593300
v 0.05570600 0.01866800 -0.06603600
v 0.05383700 0.02531600 -0.06603600
v 0.05574100 0.01867700 -0.06614500
v 0.05387100 0.02532600 -0.06614500
v 0.05576200 0.01868300 -0.06625700
v 0.05389200 0.02533200 -0.06625700
v 0.05897000 0.01958500 -0.06600700
v 0.05881100 0.01954000 -0.06565900
v 0.05861600 0.01948600 -0.06533100
v 0.05838900 0.01942200 -0.06502600
v 0.01078400 0.00603800 -0.06378100
v 0.05813100 0.01934900 -0.06474800
v 0.05784700 0.01926900 -0.06450000
v 0.05753800 0.01918200 -0.06428600
v 0.05720900 0.01909000 -0.06410700
v 0.05686400 0.01899300 -0.06396600
v 0.05650600 0.01889200 -0.06386300
v 0.05613900 0.01878900 -0.06380200
v 0.05576900 0.01868500 -0.06378100
v 0.01078400 0.00603800 -0.06119100
v 0.06164600 -0.01780900 -0.06625800
v 0.06466400 -0.01922400 -0.06600700
v 0.06162600 -0.01780000 -0.06614800
v 0.06159300 -0.01778400 -0.06604100
v 0.06154800 -0.01776300 -0.06593900
v 0.06451400 -0.01915300 -0.06565900
v 0.06149200 -0.01773600 -0.06584500
v 0.06142400 -0.01770500 -0.06576100
v 0.06134700 -0.01766900 -0.06568600
v 0.06126200 -0.01762900 -0.06562300
v 0.06433100 -0.01906800 -0.06533100
v 0.06117100 -0.01758600 -0.06557300
v 0.06107400 -0.01754000 -0.06553700
v 0.06097300 -0.01749300 -0.06551500
v 0.06087100 -0.01744600 -0.06550800
v 0.06411700 -0.01896700 -0.06502600
v 0.06387500 -0.01885400 -0.06474800
v 0.06360700 -0.01872800 -0.06450000
v 0.06331700 -0.01859200 -0.06428600
v 0.06300800 -0.01844700 -0.06410700
v 0.06268300 -0.01829500 -0.06396600
v 0.06234600 -0.01813700 -0.06386300
v 0.06200200 -0.01797600 -0.06380200
v 0.06165300 -0.01781200 -0.06378100
v 0.05871400 -0.02406300 -0.06625800
v 0.05869400 -0.02405300 -0.06614800
v 0.05866100 -0.02403800 -0.06604100
v 0.05861600 -0.02401700 -0.06593900
v 0.05855900 -0.02399000 -0.06584500
v 0.05849200 -0.02395800 -0.06576100
v 0.05841500 -0.02392200 -0.06568600
v 0.05833000 -0.02388300 -0.06562300
v 0.05823800 -0.02384000 -0.06557300
v 0.05814200 -0.02379400 -0.06553700
v 0.05804100 -0.02374700 -0.06551500
v 0.05793900 -0.02369900 -0.06550800
v 0.00785200 -0.00021600 -0.06507600
v -0.00895300 0.00603800 -0.06508700
v -0.00602000 -0.00021600 -0.06508700
v -0.00708300 0.01268600 -0.06508700
v -0.00286600 0.01150100 -0.06508700
v -0.00210600 0.00161700 -0.06508700
v -0.00210600 0.01208400 -0.06508300
v -0.00064800 0.01268800 -0.06508300
v -0.00064800 0.00101300 -0.06508300
v 0.00091600 0.00080700 -0.06508300
v 0.00248000 0.00101300 -0.06508300
v 0.00393700 0.00161700 -0.06508300
v 0.00785200 -0.00021600 -0.06508300
v 0.00891500 0.01268600 -0.06508300
v 0.01078400 0.00603800 -0.06508300
v 0.05651900 0.02607100 -0.06502600
v 0.05626200 0.02599800 -0.06474800
v 0.05597700 0.02591800 -0.06450000
v 0.05566900 0.02583100 -0.06428600
v 0.05534000 0.02573900 -0.06410700
v 0.05499500 0.02564200 -0.06396600
v 0.05463600 0.02554100 -0.06386300
v 0.05427000 0.02543800 -0.06380200
v 0.05389900 0.02533400 -0.06378100
v 0.00891500 0.01268600 -0.06119100
v 0.05710100 0.02623400 -0.06600700
v 0.05694100 0.02618900 -0.06565900
v 0.05674700 0.02613400 -0.06533100
v 0.00785200 -0.00021600 -0.06119100
v 0.05872100 -0.02406600 -0.06378100
v 0.06173200 -0.02547700 -0.06600700
v 0.06158200 -0.02540700 -0.06565900
v 0.06139900 -0.02532100 -0.06533100
v 0.06118500 -0.02522100 -0.06502600
v 0.00393700 0.00161700 -0.06119100
v 0.06094300 -0.02510700 -0.06474800
v 0.06067500 -0.02498200 -0.06450000
v 0.06038500 -0.02484600 -0.06428600
v 0.06007600 -0.02470100 -0.06410700
v 0.05975100 -0.02454900 -0.06396600
v 0.05941500 -0.02439100 -0.06386300
v 0.05907000 -0.02422900 -0.06380200
v 0.00469700 0.00220000 -0.06119100
v 0.00518900 0.00257700 -0.06119100
v 0.00615000 0.00382900 -0.06119100
v 0.00634600 0.00430400 -0.06119100
v 0.00657400 0.00485400 -0.06119100
v 0.00675300 0.00528600 -0.06119100
v 0.00682100 0.00580500 -0.06119100
v 0.00695900 0.00685000 -0.06119100
v 0.00518900 0.01112400 -0.06119100
v 0.00615000 0.00987200 -0.06119100
v 0.00657400 0.00884700 -0.06119100
v 0.00672400 0.00848300 -0.06119100
v 0.00675300 0.00841400 -0.06119100
v 0.00682100 0.00789500 -0.06119100
v -0.05990100 -0.02547700 -0.06600700
v -0.06283300 -0.01922400 -0.06600700
v -0.05975000 -0.02540700 -0.06565900
v -0.06268200 -0.01915300 -0.06565900
v -0.05956800 -0.02532100 -0.06533100
v -0.06249900 -0.01906800 -0.06533100
v -0.05935300 -0.02522100 -0.06502600
v -0.06228500 -0.01896700 -0.06502600
v -0.06204300 -0.01885400 -0.06474800
v -0.05911100 -0.02510700 -0.06474800
v -0.06177600 -0.01872800 -0.06450000
v -0.05884400 -0.02498200 -0.06450000
v -0.06148500 -0.01859200 -0.06428600
v -0.05855400 -0.02484600 -0.06428600
v -0.06117600 -0.01844700 -0.06410700
v -0.05824400 -0.02470100 -0.06410700
v -0.06085100 -0.01829500 -0.06396600
v -0.05791900 -0.02454900 -0.06396600
v -0.06051500 -0.01813700 -0.06386300
v -0.05758300 -0.02439100 -0.06386300
v -0.06017000 -0.01797600 -0.06380200
v -0.05723800 -0.02422900 -0.06380200
v -0.05982100 -0.01781200 -0.06378100
v -0.05689000 -0.02406600 -0.06378100
v -0.05243800 0.02543800 -0.06380200
v -0.05393700 0.01868500 -0.06378100
v -0.05206800 0.02533400 -0.06378100
v -0.05430800 0.01878900 -0.06380200
v -0.05280500 0.02554100 -0.06386300
v -0.05467400 0.01889200 -0.06386300
v -0.05316300 0.02564200 -0.06396600
v -0.05503200 0.01899300 -0.06396600
v -0.05350800 0.02573900 -0.06410700
v -0.05537700 0.01909000 -0.06410700
v -0.05383700 0.02583100 -0.06428600
v -0.05570600 0.01918200 -0.06428600
v -0.05526900 0.02623400 -0.06600700
v -0.05713900 0.01958500 -0.06600700
v -0.05414500 0.02591800 -0.06450000
v -0.05601500 0.01926900 -0.06450000
v -0.05510900 0.02618900 -0.06565900
v -0.05697900 0.01954000 -0.06565900
v -0.05443000 0.02599800 -0.06474800
v -0.05630000 0.01934900 -0.06474800
v -0.05491500 0.02613400 -0.06533100
v -0.05678400 0.01948600 -0.06533100
v -0.05468700 0.02607100 -0.06502600
v -0.05655700 0.01942200 -0.06502600
v -0.00895300 0.00603800 -0.06507600
v -0.00602000 -0.00021600 -0.06507600
v -0.00708300 0.01268600 -0.06507600
v -0.00512800 0.00683700 -0.06508700
v -0.00512800 0.00685000 -0.06119100
v -0.00512800 0.00685000 -0.06508700
v -0.00512800 0.00683700 -0.06119100
v 0.00729300 -0.00307800 -0.05291700
v 0.00860000 -0.00307800 -0.05291700
v 0.00737600 -0.00307800 -0.05306100
v 0.00851800 -0.00307800 -0.05306100
v 0.00845200 -0.00307800 -0.05313100
v 0.00842000 -0.00307800 -0.05316400
v 0.00748900 -0.00307800 -0.05318200
v 0.00838700 -0.00307800 -0.05319400
v 0.00835100 -0.00307800 -0.05322200
v 0.00831300 -0.00307800 -0.05324700
v 0.00827400 -0.00307800 -0.05327000
v 0.00762700 -0.00307800 -0.05327300
v 0.00823300 -0.00307800 -0.05328900
v 0.00819100 -0.00307800 -0.05330700
v 0.00814800 -0.00307800 -0.05332100
v 0.00778200 -0.00307800 -0.05333000
v 0.00810400 -0.00307800 -0.05333200
v 0.00805900 -0.00307800 -0.05334000
v 0.00801400 -0.00307800 -0.05334500
v 0.00796900 -0.00307800 -0.05334700
v 0.00794700 -0.00307800 -0.05334900
v 0.00170600 -0.00307800 -0.05248300
v 0.00170600 -0.00307800 -0.05248500
v 0.00170700 -0.00307800 -0.05248800
v 0.00170800 -0.00307800 -0.05249100
v 0.00170800 -0.00307800 -0.05249300
v 0.00170900 -0.00307800 -0.05249600
v 0.00170900 -0.00307800 -0.05249900
v 0.00170900 -0.00307800 -0.05250100
v 0.00171000 -0.00307800 -0.05250400
v 0.00171000 -0.00307800 -0.05250700
v 0.00171000 -0.00307800 -0.05251000
v -0.00562200 -0.00307800 -0.05248300
v -0.00562100 -0.00307800 -0.05248500
v -0.00562100 -0.00307800 -0.05248800
v -0.00562000 -0.00307800 -0.05249100
v -0.00562000 -0.00307800 -0.05249300
v -0.00561900 -0.00307800 -0.05249600
v -0.00561900 -0.00307800 -0.05249900
v -0.00561800 -0.00307800 -0.05250100
v -0.00561800 -0.00307800 -0.05250400
v -0.00561800 -0.00307800 -0.05250700
v -0.00561700 -0.00307800 -0.05251000
v -0.00635200 -0.00307800 -0.05107300
v -0.00641700 -0.00307800 -0.05108100
v -0.00648100 -0.00307800 -0.05109300
v -0.00654500 -0.00307800 -0.05110900
v -0.00660900 -0.00307800 -0.05112800
v -0.00667000 -0.00307800 -0.05115100
v -0.00673100 -0.00307800 -0.05117800
v -0.00678900 -0.00307800 -0.05120800
v -0.00684600 -0.00307800 -0.05124100
v -0.00690100 -0.00307800 -0.05127800
v -0.00695300 -0.00307800 -0.05131800
v -0.00700300 -0.00307800 -0.05136100
v -0.00705000 -0.00307800 -0.05140700
v 0.01210900 0.00135600 -0.03878100
v -0.01036600 0.00133800 -0.03868300
v 0.01219800 0.00133800 -0.03868300
v -0.01027700 0.00135600 -0.03878100
v 0.01168100 0.00150100 -0.03958000
v -0.00984900 0.00150100 -0.03958000
v 0.01140700 0.00163700 -0.04032500
v -0.00957500 0.00163700 -0.04032500
v 0.01127600 0.00170100 -0.04053400
v -0.00944400 0.00170100 -0.04053400
v 0.01090000 0.00195200 -0.04134700
v -0.00906900 0.00195200 -0.04134700
v 0.01069800 0.00212900 -0.04192000
v -0.00886700 0.00212900 -0.04192000
v 0.01056100 0.00225000 -0.04219100
v -0.00872900 0.00225000 -0.04219100
v 0.01026300 0.00259000 -0.04295300
v -0.00843100 0.00259000 -0.04295300
v -0.00828500 0.00280800 -0.04344400
v 0.01011600 0.00280800 -0.04344400
v 0.01001200 0.00296500 -0.04370600
v -0.00818000 0.00296500 -0.04370600
v 0.00981200 0.00337000 -0.04438300
v -0.00798000 0.00337000 -0.04438300
v 0.00971200 0.00366500 -0.04487600
v -0.00788100 0.00366500 -0.04487600
v 0.00966700 0.00379800 -0.04504700
v -0.00783500 0.00379800 -0.04504700
v 0.00957900 0.00424100 -0.04561900
v -0.00774700 0.00424100 -0.04561900
v -0.00771800 0.00468700 -0.04619500
v 0.00954900 0.00468700 -0.04619500
v 0.00954900 0.00469200 -0.04620000
v -0.00771700 0.00469200 -0.04620000
v 0.00939500 0.00585900 -0.04738300
v -0.00756400 0.00585900 -0.04738300
v 0.00925400 0.00693700 -0.04824100
v 0.00925500 0.00692600 -0.04823200
v 0.00915600 0.00716500 -0.04842200
v -0.00732500 0.00716500 -0.04842200
v -0.00742200 0.00693700 -0.04824100
v -0.00742400 0.00692600 -0.04823200
v -0.00673600 0.00858500 -0.04929800
v 0.00856800 0.00858500 -0.04929800
v 0.00755500 0.01010000 -0.04999700
v 0.00839200 0.00900900 -0.04949300
v -0.00572400 0.01010000 -0.04999700
v -0.00656100 0.00900900 -0.04949300
v 0.00585900 0.01168800 -0.05051100
v 0.00702100 0.01079700 -0.05022300
v -0.00402800 0.01168800 -0.05051100
v -0.00518900 0.01079700 -0.05022300
v -0.00131900 0.01303100 -0.05083100
v -0.00340100 0.01216900 -0.05060500
v -0.00131900 0.01303100 -0.05077300
v -0.00340100 0.01216900 -0.05083100
v -0.00518900 0.01079700 -0.05083100
v -0.00656100 0.00900900 -0.05083100
v -0.00732500 0.00716500 -0.05083100
v -0.00742100 0.00693600 -0.05083100
v -0.00742400 0.00692600 -0.05083100
v -0.00771800 0.00469200 -0.05083100
v -0.00771800 0.00468700 -0.05083100
v -0.00774700 0.00424100 -0.05083100
v -0.00783500 0.00379800 -0.05083100
v -0.00798000 0.00337000 -0.05083100
v -0.00818000 0.00296500 -0.05083100
v -0.00843100 0.00259000 -0.05083100
v -0.00872900 0.00225000 -0.05083100
v -0.00906900 0.00195200 -0.05083100
v -0.00944400 0.00170100 -0.05083100
v -0.00984900 0.00150100 -0.05083100
v -0.01027700 0.00135600 -0.05083100
v -0.01072000 0.00126800 -0.03751000
v -0.01072000 0.00126800 -0.05083100
v -0.01117100 0.00123900 -0.03701800
v -0.01117100 0.00123900 -0.05083100
v 0.01255200 0.00126800 -0.03751000
v 0.01300300 0.00123900 -0.03701800
v 0.01300300 0.00123900 -0.05083100
v 0.01255200 0.00126800 -0.05083100
v 0.01210900 0.00135600 -0.05083100
v 0.01168100 0.00150100 -0.05083100
v 0.01127600 0.00170100 -0.05083100
v 0.01090000 0.00195200 -0.05083100
v 0.01056100 0.00225000 -0.05083100
v 0.01026300 0.00259000 -0.05083100
v 0.01001200 0.00296500 -0.05083100
v 0.00981200 0.00337000 -0.05083100
v 0.00966700 0.00379800 -0.05083100
v 0.00957900 0.00424100 -0.05083100
v 0.00954900 0.00469200 -0.05083100
v 0.00955100 0.00468600 -0.05083100
v 0.00925500 0.00692600 -0.05083100
v 0.00925200 0.00693600 -0.05083100
v 0.00839200 0.00900900 -0.05083100
v 0.00702100 0.01079700 -0.05083100
v 0.00523200 0.01216900 -0.05060500
v 0.00523200 0.01216900 -0.05083100
v 0.00315000 0.01303100 -0.05077300
v 0.00091600 0.01332500 -0.05083100
v -0.00131900 0.01303100 -0.05428400
v -0.00340100 0.01216900 -0.05428400
v -0.00518900 0.01079700 -0.05428400
v -0.00656100 0.00900900 -0.05428400
v -0.00742400 0.00692600 -0.05428400
v -0.00771800 0.00469200 -0.05428400
v -0.00774700 0.00424100 -0.05428400
v -0.00783500 0.00379800 -0.05428400
v -0.00798000 0.00337000 -0.05428400
v -0.00818000 0.00296500 -0.05428400
v -0.00843100 0.00259000 -0.05428400
v -0.00872900 0.00225000 -0.05428400
v -0.00906900 0.00195200 -0.05428400
v -0.00944400 0.00170100 -0.05428400
v -0.00984900 0.00150100 -0.05428400
v -0.01027700 0.00135600 -0.05428400
v -0.01072000 0.00126800 -0.05428400
v -0.01117100 0.00123900 -0.05428400
v -0.02498500 0.00123900 -0.05428400
v 0.02681600 0.00123900 -0.05428400
v 0.01300300 0.00123900 -0.05428400
v 0.01255200 0.00126800 -0.05428400
v 0.01210900 0.00135600 -0.05428400
v 0.01168100 0.00150100 -0.05428400
v 0.01127600 0.00170100 -0.05428400
v 0.01090000 0.00195200 -0.05428400
v 0.01056100 0.00225000 -0.05428400
v 0.01026300 0.00259000 -0.05428400
v 0.01001200 0.00296500 -0.05428400
v 0.00981200 0.00337000 -0.05428400
v 0.00966700 0.00379800 -0.05428400
v 0.00957900 0.00424100 -0.05428400
v 0.00954900 0.00469200 -0.05428400
v 0.00925500 0.00692600 -0.05428400
v 0.00839200 0.00900900 -0.05428400
v 0.00702100 0.01079700 -0.05428400
v 0.00315000 0.01303100 -0.05083100
v 0.00523200 0.01216900 -0.05428400
v 0.00091600 0.01332500 -0.05428400
v 0.00695900 0.00685000 -0.05428400
v 0.00675300 0.00528600 -0.05428400
v 0.00615000 0.00382900 -0.05428400
v 0.00518900 0.00257700 -0.05428400
v 0.00393700 0.00161700 -0.05428400
v 0.00248000 0.00101300 -0.05428400
v 0.00091600 0.00080700 -0.05428400
v -0.00512800 0.00685000 -0.05428400
v -0.00492100 0.00528600 -0.05428400
v -0.00431800 0.00382900 -0.05428400
v -0.00335700 0.00257700 -0.05428400
v -0.00210600 0.00161700 -0.05428400
v -0.00064800 0.00101300 -0.05428400
v 0.00675300 0.00841400 -0.05428400
v 0.00615000 0.00987200 -0.05428400
v 0.00518900 0.01112400 -0.05428400
v 0.00393700 0.01208400 -0.05428400
v 0.00315000 0.01303100 -0.05428400
v 0.00248000 0.01268800 -0.05428400
v 0.00091600 0.01289400 -0.05428400
v -0.00064800 0.01268800 -0.05428400
v -0.00210600 0.01208400 -0.05428400
v -0.00335700 0.01112400 -0.05428400
v -0.00431800 0.00987200 -0.05428400
v -0.00492100 0.00841400 -0.05428400
v 0.00248000 0.00101300 -0.06119100
v 0.00091600 0.00080700 -0.06119100
v -0.00064800 0.00101300 -0.06119100
v -0.00210600 0.00161700 -0.06119100
v -0.05610800 -0.02369900 -0.06550800
v -0.05904000 -0.01744600 -0.06550800
v -0.05621000 -0.02374700 -0.06551500
v -0.05914200 -0.01749300 -0.06551500
v -0.05631000 -0.02379400 -0.06553700
v -0.05924200 -0.01754000 -0.06553700
v -0.05640700 -0.02384000 -0.06557300
v -0.05933900 -0.01758600 -0.06557300
v -0.05649900 -0.02388300 -0.06562300
v -0.05943100 -0.01762900 -0.06562300
v -0.05658300 -0.02392200 -0.06568600
v -0.05951600 -0.01766900 -0.06568600
v -0.05666100 -0.02395800 -0.06576100
v -0.05959200 -0.01770500 -0.06576100
v -0.05966000 -0.01773600 -0.06584500
v -0.05672800 -0.02399000 -0.06584500
v -0.05971700 -0.01776300 -0.06593900
v -0.05678500 -0.02401700 -0.06593900
v -0.05976200 -0.01778400 -0.06604100
v -0.05683000 -0.02403800 -0.06604100
v -0.05979500 -0.01780000 -0.06614800
v -0.05686300 -0.02405300 -0.06614800
v -0.05981500 -0.01780900 -0.06625800
v -0.05688300 -0.02406300 -0.06625800
v -0.00895300 0.00603800 -0.06378100
v -0.00895300 0.00603800 -0.06119100
v -0.05310600 0.01845100 -0.06550800
v -0.05321400 0.01848200 -0.06551500
v -0.05332100 0.01851200 -0.06553700
v -0.05342400 0.01854100 -0.06557300
v -0.05352100 0.01856800 -0.06562300
v -0.05361200 0.01859300 -0.06568600
v -0.05369400 0.01861700 -0.06576100
v -0.05376500 0.01863700 -0.06584500
v -0.05382600 0.01865400 -0.06593900
v -0.05387400 0.01866700 -0.06604100
v -0.05390900 0.01867700 -0.06614800
v -0.05393000 0.01868300 -0.06625800
v -0.05206000 0.02533200 -0.06625800
v -0.05203900 0.02532600 -0.06614800
v -0.05200400 0.02531600 -0.06604100
v -0.05195600 0.02530300 -0.06593900
v -0.05189600 0.02528600 -0.06584500
v -0.05182400 0.02526600 -0.06576100
v -0.05174200 0.02524300 -0.06568600
v -0.05165200 0.02521700 -0.06562300
v -0.05155500 0.02519000 -0.06557300
v -0.05145200 0.02516100 -0.06553700
v -0.05134500 0.02513100 -0.06551500
v -0.05123700 0.02510000 -0.06550800
v -0.00474200 0.00884700 -0.06119100
v -0.00431800 0.00987200 -0.06119100
v -0.00489300 0.00848300 -0.06119100
v -0.00492100 0.00841400 -0.06119100
v -0.00499000 0.00789500 -0.06119100
v -0.00499100 0.00580500 -0.06119100
v -0.00492100 0.00528600 -0.06119100
v -0.00474200 0.00485400 -0.06119100
v -0.00451500 0.00430400 -0.06119100
v -0.00431800 0.00382900 -0.06119100
v -0.00335700 0.00257700 -0.06119100
v -0.00286600 0.00220000 -0.06119100
v -0.00602000 -0.00021600 -0.06119100
v -0.00708300 0.01268600 -0.06119100
v -0.00286600 0.01150100 -0.06119100
v -0.00335700 0.01112400 -0.06119100
v -0.00210600 0.01208400 -0.06119100
v -0.00064800 0.01268800 -0.06119100
vn -0.00000000 0.00000000 0.00000000
vn 0.00000000 0.00000000 0.00000000
vn 0.00000000 0.99981979 0.01898371
vn 0.00000000 -0.99996743 -0.00807069
vn 0.00000000 -0.00000000 0.00000000
vn -0.00002583 0.99999998 -0.00020662
vn 0.00000000 -0.99999972 0.00074315
vn -0.00012372 0.99999996 -0.00024743
vn 0.00300298 -0.99999295 0.00225224
vn 0.00019670 0.99999990 -0.00039339
vn -0.00000000 -0.00000000 -0.00000000
vn 0.00118659 -0.99999930 0.00000000
vn -0.00408158 0.99998698 -0.00306118
vn 0.00000000 -0.99999972 0.00075075
vn 0.00000000 0.00000000 0.00000000
vn -0.00612232 0.99997918 -0.00204077
vn -0.00420164 -0.99999062 -0.00105041
vn 0.00000000 0.00000000 0.00000000
vn -0.00228832 0.99999736 -0.00021453
vn 0.00000000 0.00000000 0.00000000
vn 0.00000000 0.00000000 0.00000000
vn -0.00000000 0.00000000 -0.00000000
vn -0.00000000 0.00000000 0.00000000
vn 0.00000000 -0.00000000 0.00000000
vn 0.00000000 0.00000000 -0.00000000
vn 0.00000000 -0.00000000 0.00000000
vn 0.00000000 0.00000000 0.00000000
vn -0.00000000 -0.00000000 0.00000000
vn -0.00000000 -0.00000000 0.00000000
vn 0.00000000 0.00000000 0.00000000
vn -0.00000000 -0.00000000 0.00000000
vn 0.00000000 -0.00000000 0.00000000
vn 0.00000000 -0.00000000 0.00000000
vn 0.00000000 -0.00000000 -0.00000000
vn 0.00000000 -1.00000000 0.00000000
vn 0.00000000 -0.00000000 0.00000000
vn 0.00155763 -0.99999757 -0.00155763
vn -0.00000000 -0.00000000 0.00000000
vn 0.00098554 -0.99999865 -0.00131406
vn -0.00000000 -0.00000000 0.00000000
vn -0.00018355 -0.99999992 0.00036711
vn 0.00063082 -0.99999963 -0.00058230
vn -0.00009349 -0.99999993 -0.00037397
vn -0.00016622 -0.99999986 0.00049867
vn -0.00011033 0.99999990 0.00044131
vn 0.00000000 -0.99999997 -0.00025720
vn 0.00000000 -0.99912986 -0.04170765
vn 0.00000000 0.99911044 0.04217025
vn 0.00000000 0.99947455 0.03241347
vn 0.00000315 -0.99983464 -0.01818522
vn -0.00019810 0.99999967 -0.00079239
vn 0.00000000 0.99999994 0.00033632
vn -0.00019936 0.99999990 0.00039872
vn 0.00000000 0.00000000 0.00000000
vn 0.00090253 0.99999796 0.00180505
vn -0.00007711 0.99999989 -0.00046268
vn 0.00000000 0.00000000 0.00000000
vn -0.00045126 0.99999949 -0.00090253
vn 0.00000000 0.00000000 0.00000000
vn -0.00000000 0.00000000 -0.00000000
vn -0.00000000 0.00000000 -0.00000000
vn 0.00129486 0.99999832 0.00129486
vn 0.00000000 0.00000000 0.00000000
vn -0.00000000 0.00000000 -0.00000000
vn 0.00000000 0.00000000 0.00000000
vn 0.00000000 0.00000000 0.00000000
vn 0.00000000 -0.00000000 0.00000000
vn 0.00000000 0.00000000 0.00000000
vn 0.00000000 0.00000000 -0.00000000
vn 0.00000000 -0.00000000 0.00000000
vn 0.00000000 0.00000000 0.00000000
vn 0.00000000 -0.00000000 -0.00000000
vn 0.00000000 -0.00000000 0.00000000
vn -0.00000000 -0.00000000 0.00000000
vn -0.00000000 -0.00000000 -0.00000000
vn 0.00000000 0.00000000 0.00000000
vn -0.00181488 -0.99999835 0.00000000
vn 0.00000000 -0.00000000 0.00000000
vn 0.00000000 0.00000000 0.00000000
vn 0.00000000 -0.99999982 0.00060606
vn 0.00000000 -1.00000000 0.00000000
vn 0.00000000 0.00000000 -0.00000000
vn 0.00000000 0.99999972 0.00075188
vn 0.00121433 -0.99999885 -0.00091075
vn 0.00000000 0.00000000 -0.00000000
vn -0.00081699 0.99999933 0.00081699
vn 0.00106100 0.99999719 -0.00212201
vn 0.00068587 -0.99999882 0.00137174
vn 0.00036258 0.99999967 -0.00072516
vn -0.00000000 -0.00000000 0.00000000
vn 0.00000000 -1.00000000 0.00000000
vn 0.00000000 0.00000000 0.00000000
vn 0.00000000 0.99999990 0.00045285
vn 0.00032362 -0.99999995 0.00000000
vn 0.00025697 -0.99999997 0.00000000
vn -0.00021765 -0.99999960 0.00087061
vn 0.00001827 -0.99999996 -0.00029240
vn -0.00005051 -0.99999985 0.00053880
vn -0.00000007 -1.00000000 0.00000156
vn 0.00005050 0.99974100 0.02275811
vn 0.00000000 1.00000000 -0.00003517
vn -0.00064568 0.99999958 -0.00064568
vn 0.00000000 -0.00000000 0.00000000
vn 0.00000000 -0.00000000 0.00000000
vn 0.00099010 0.99999951 0.00000000
vn -0.03106605 -0.00000000 -0.99951733
vn -0.12854561 0.00000000 -0.99170360
vn -0.25920884 0.00000000 -0.96582130
vn -0.38408020 0.00000000 -0.92329973
vn -0.49967777 0.00000000 -0.86621136
vn -0.60774522 0.00000000 -0.79413207
vn -0.70710678 -0.00000000 -0.70710678
vn -0.79413207 0.00000000 -0.60774522
vn -0.86670077 0.00000000 -0.49882841
vn -0.92340084 0.00000000 -0.38383705
vn -0.96563521 -0.00000000 -0.25990120
vn -0.99170360 -0.00000000 -0.12854561
vn -0.99951733 0.00000000 -0.03106605
vn -1.00000000 -0.00000000 -0.00000000
vn -0.00000000 -0.00000000 0.00000000
vn -0.00000000 0.00000000 0.00000000
vn 0.00000000 0.00000000 -0.00000000
vn 0.00000000 -0.00000000 -0.00000000
vn -0.00000000 0.00000000 0.00000000
vn -0.00000000 -0.00000000 0.00000000
vn 0.00000000 -0.00000000 -0.00000000
vn -0.00000000 0.00000000 0.00000000
vn 0.00000000 0.00000000 -0.00000000
vn -0.00000000 -0.00000000 0.00000000
vn 0.00000000 0.00000000 -0.00000000
vn 0.00032375 -0.98878340 0.14935621
vn 0.06622597 -0.00000000 0.99780465
vn 0.99778516 -0.00000000 -0.06651901
vn 0.99141669 0.00000000 -0.13073996
vn 0.96563521 0.00000000 -0.25990120
vn 0.92416130 -0.00000000 -0.38200248
vn 0.86677369 -0.00000000 -0.49870169
vn 0.79301263 -0.00000000 -0.60920519
vn 0.70814035 0.00000000 -0.70607170
vn 0.60793662 -0.00000000 -0.79398556
vn 0.49861913 -0.00000000 -0.86682119
vn 0.38408020 -0.00000000 -0.92329973
vn 0.25962546 -0.00000000 -0.96570939
vn 0.12883742 0.00000000 -0.99166573
vn 0.03092899 0.00000000 -0.99952158
vn 0.99780465 0.00000000 0.06622597
vn 0.99137945 0.00000000 0.13102206
vn 0.96570939 0.00000000 0.25962546
vn 0.92443493 0.00000000 0.38133981
vn 0.86615737 0.00000000 0.49977135
vn 0.79225996 0.00000000 0.61018371
vn 0.70814035 -0.00000000 0.70607170
vn 0.60939333 0.00000000 0.79286807
vn 0.50020975 -0.00000000 0.86590427
vn 0.38214423 -0.00000000 0.92410269
vn 0.25760087 -0.00000000 0.96625141
vn 0.13102206 -0.00000000 0.99137945
vn 0.00000000 -0.99999996 -0.00029228
vn 0.03092899 -0.00000000 -0.99952158
vn 0.12883742 0.00000000 -0.99166573
vn 0.25962546 -0.00000000 -0.96570939
vn 0.38408020 -0.00000000 -0.92329973
vn 0.49861913 -0.00000000 -0.86682119
vn 0.60793662 -0.00000000 -0.79398556
vn 0.70814035 0.00000000 -0.70607170
vn 0.79301263 -0.00000000 -0.60920519
vn 0.86677369 -0.00000000 -0.49870169
vn 0.92416130 -0.00000000 -0.38200248
vn 0.96563521 0.00000000 -0.25990120
vn 0.99141669 0.00000000 -0.13073996
vn 0.99778516 0.00000000 -0.06651901
vn 0.00000000 -0.00000000 -0.00000000
vn 0.00000000 0.00000000 0.00000000
vn -0.00000000 -0.00000000 -0.00000000
vn 0.00000000 0.00000000 -0.00000000
vn 0.00000000 0.00000000 0.00000000
vn -0.00000000 -0.00000000 -0.00000000
vn 0.00000000 0.00000000 0.00000000
vn -0.00000000 -0.00000000 -0.00000000
vn -0.00000000 0.00000000 -0.00000000
vn 0.00000000 -0.00000000 0.00000000
vn 0.00000000 -0.00000000 0.00000000
vn -0.00000000 -0.00000000 0.00000000
vn -0.00004413 0.98764030 0.15673748
vn -0.06651901 0.00000000 0.99778516
vn -0.00049395 0.99999939 -0.00098790
vn -0.03106605 0.00000000 -0.99951733
vn -0.12854561 -0.00000000 -0.99170360
vn -0.25920884 -0.00000000 -0.96582130
vn -0.38408020 -0.00000000 -0.92329973
vn -0.49967777 -0.00000000 -0.86621136
vn -0.60774522 -0.00000000 -0.79413207
vn -0.70710678 0.00000000 -0.70710678
vn -0.79413207 0.00000000 -0.60774522
vn -0.86670077 -0.00000000 -0.49882841
vn -0.92340084 0.00000000 -0.38383705
vn -0.96563521 0.00000000 -0.25990120
vn -0.99170360 0.00000000 -0.12854561
vn -0.99951733 -0.00000000 -0.03106605
vn -0.99978742 0.00000000 0.02061823
vn -0.99166573 0.00000000 0.12883742
vn -0.96570939 -0.00000000 0.25962546
vn -0.92367579 0.00000000 0.38317493
vn -0.86608617 0.00000000 0.49989474
vn -0.79338347 -0.00000000 0.60872216
vn -0.70710678 0.00000000 0.70710678
vn -0.60920519 0.00000000 0.79301263
vn -0.50127053 0.00000000 0.86529062
vn -0.38214423 0.00000000 0.92410269
vn -0.25718402 0.00000000 0.96636245
vn -0.13073996 0.00000000 0.99141669
vn 0.40824829 0.81649658 -0.40824829
vn -0.40824829 0.81649658 -0.40824829
vn 0.00000000 0.00000000 0.00000000
vn 0.26726124 0.53452248 -0.80178373
vn -0.26726124 0.53452248 -0.80178373
vn -0.71553220 0.69239547 -0.09274800
vn -0.30151134 0.90453403 -0.30151134
vn -0.69682268 0.69228830 -0.18755017
vn -0.66567841 0.69304051 -0.27670761
vn -0.62493955 0.69287707 -0.35968308
vn -0.57292881 0.69246361 -0.43845950
vn -0.51004049 0.69261634 -0.51004049
vn -0.43845950 0.69246361 -0.57292881
vn -0.36019384 0.69308877 -0.62441040
vn -0.27701811 0.69267414 -0.66593056
vn -0.18701211 0.69244283 -0.69681375
vn -0.09274800 0.69239547 -0.71553220
vn -0.02218009 0.70018089 -0.71362088
vn -0.30151134 0.30151134 0.90453403
vn -0.71362088 0.70018089 -0.02218009
vn -0.57735027 0.57735027 0.57735027
vn 0.09449045 0.69274806 0.71496272
vn -0.00000000 1.00000000 -0.00000000
vn 0.03012446 0.89055587 0.45387527
vn -0.00000000 1.00000000 0.00000000
vn 0.18571708 0.69298815 0.69661797
vn -0.00000000 1.00000000 0.00000000
vn 0.27578751 0.69222228 0.66691046
vn 0.00000000 1.00000000 -0.00000000
vn 0.36064111 0.69295610 0.62429947
vn 0.00000000 1.00000000 -0.00000000
vn -0.00000000 1.00000000 0.00000000
vn 0.43975547 0.69228072 0.57215603
vn 0.00000000 1.00000000 -0.00000000
vn 0.51057126 0.69293203 0.50907975
vn 0.57107315 0.69312712 0.43982980
vn 0.00000000 1.00000000 -0.00000000
vn -0.00000000 1.00000000 0.00000000
vn 0.62545403 0.69178653 0.36088593
vn 0.66618009 0.69331473 0.27480678
vn -0.00000000 1.00000000 0.00000000
vn 0.00000000 1.00000000 -0.00000000
vn 0.69664679 0.69253584 0.18728951
vn 0.71496272 0.69274806 0.09449045
vn 0.00000000 1.00000000 -0.00000000
vn 0.45387527 0.89055587 0.03012446
vn -0.45435746 0.89081946 0.00000000
vn 0.30151134 0.90453403 0.30151134
vn 0.45390078 0.89053827 -0.03026005
vn 0.57735027 0.57735027 -0.57735027
vn 0.71487070 0.69287286 -0.09427133
vn 0.69682268 0.69228830 -0.18755017
vn 0.66584504 0.69346975 -0.27522734
vn 0.62567835 0.69205224 -0.35998653
vn 0.57181892 0.69286051 -0.43928058
vn 0.51057126 0.69293203 -0.50907975
vn 0.43893472 0.69188535 -0.57326344
vn 0.35930409 0.69335280 -0.62462986
vn 0.27701811 0.69267414 -0.66593056
vn 0.18728951 0.69253584 -0.69664679
vn 0.09297369 0.69227294 -0.71562145
vn 0.02208131 0.70021116 -0.71359425
vn -0.30151134 0.90453403 0.30151134
vn -0.30151134 0.30151134 -0.90453403
vn -0.57735027 0.57735027 -0.57735027
vn -0.57735027 0.57735027 0.57735027
vn -0.57735027 0.57735027 -0.57735027
vn -0.57735027 0.57735027 0.57735027
vn -0.57735027 0.57735027 0.57735027
vn -0.30151134 0.90453403 0.30151134
vn -0.90453403 0.30151134 0.30151134
vn -0.57735027 0.57735027 -0.57735027
vn -0.30151134 0.90453403 -0.30151134
vn 0.57735027 0.57735027 -0.57735027
vn 0.30151134 0.90453403 -0.30151134
vn 0.57735027 0.57735027 0.57735027
vn -0.57735027 0.57735027 -0.57735027
vn -0.30151134 0.90453403 -0.30151134
vn -0.90453403 0.30151134 -0.30151134
vn -0.70710678 0.00000000 -0.70710678
vn -0.57735027 0.57735027 -0.57735027
vn -0.30151134 0.90453403 -0.30151134
vn -0.30151134 0.90453403 -0.30151134
vn 0.00000000 1.00000000 0.00000000
vn 0.00000000 1.00000000 0.00000000
vn 0.00000000 1.00000000 0.00000000
vn 0.00000000 1.00000000 0.00000000
vn 0.00000000 1.00000000 0.00000000
vn 0.00000000 1.00000000 0.00000000
vn 0.00000000 1.00000000 0.00000000
vn -0.57735027 0.57735027 -0.57735027
vn 0.00000000 1.00000000 0.00000000
vn 0.00000000 1.00000000 0.00000000
vn 0.00000000 1.00000000 0.00000000
vn 0.00000000 1.00000000 0.00000000
vn 0.00000000 1.00000000 0.00000000
vn 0.00000000 1.00000000 0.00000000
vn -0.09274800 -0.69239547 -0.71553220
vn -0.02218009 -0.70018089 -0.71362088
vn -0.18701211 -0.69244283 -0.69681375
vn -0.27701811 -0.69267414 -0.66593056
vn -0.36019384 -0.69308877 -0.62441040
vn -0.43845950 -0.69246361 -0.57292881
vn -0.51004049 -0.69261634 -0.51004049
vn -0.57292881 -0.69246361 -0.43845950
vn -0.62493955 -0.69287707 -0.35968308
vn -0.66567841 -0.69304051 -0.27670761
vn -0.69682268 -0.69228830 -0.18755017
vn -0.71553220 -0.69239547 -0.09274800
vn -0.71362088 -0.70018089 -0.02218009
vn -0.71359425 -0.70021116 0.02208131
vn -0.71562145 -0.69227294 0.09297369
vn -0.69664679 -0.69253584 0.18728951
vn -0.66601407 -0.69288570 0.27628730
vn -0.62471735 -0.69261148 0.36057950
vn -0.57218650 -0.69272908 0.43900915
vn -0.51004049 -0.69261634 0.51004049
vn -0.43928058 -0.69286051 0.57181892
vn -0.36153331 -0.69269158 0.62407695
vn -0.27578751 -0.69222228 0.66691046
vn -0.18543958 -0.69289500 0.69678453
vn -0.09427133 -0.69287286 0.71487070
vn -0.03026005 -0.89053827 0.45390078
vn -0.00000000 -1.00000000 -0.00000000
vn 0.00000000 -1.00000000 0.00000000
vn -0.00000000 -1.00000000 -0.00000000
vn -0.00000000 -1.00000000 -0.00000000
vn 0.00000000 -1.00000000 0.00000000
vn 0.00000000 -1.00000000 0.00000000
vn 0.00000000 -1.00000000 0.00000000
vn 0.00000000 -1.00000000 0.00000000
vn -0.00000000 -1.00000000 -0.00000000
vn 0.00000000 -1.00000000 0.00000000
vn 0.00000000 -1.00000000 0.00000000
vn 0.69682268 -0.69228830 -0.18755017
vn 0.66584504 -0.69346975 -0.27522734
vn 0.62567835 -0.69205224 -0.35998653
vn 0.57181892 -0.69286051 -0.43928058
vn 0.51057126 -0.69293203 -0.50907975
vn 0.43893472 -0.69188535 -0.57326344
vn 0.35930409 -0.69335280 -0.62462986
vn 0.27701811 -0.69267414 -0.66593056
vn 0.18728951 -0.69253584 -0.69664679
vn 0.09297369 -0.69227294 -0.71562145
vn 0.02208131 -0.70021116 -0.71359425
vn 0.71487070 -0.69287286 -0.09427133
vn -0.00000000 -1.00000000 -0.00000000
vn 0.00000000 -1.00000000 0.00000000
vn 0.00000000 -1.00000000 0.00000000
vn 0.00000000 -1.00000000 0.00000000
vn 0.00000000 -1.00000000 0.00000000
vn 0.00000000 -1.00000000 0.00000000
vn 0.00000000 -1.00000000 0.00000000
vn 0.00000000 -1.00000000 0.00000000
vn 0.00000000 -1.00000000 0.00000000
vn 0.00000000 -1.00000000 0.00000000
vn 0.00000000 -1.00000000 0.00000000
vn 0.00000000 -1.00000000 0.00000000
vn 0.00000000 -1.00000000 0.00000000
vn 0.00000000 -1.00000000 0.00000000
vn 0.00000000 -1.00000000 0.00000000
vn 0.00000000 -1.00000000 0.00000000
vn 0.00000000 -1.00000000 0.00000000
vn 0.00000000 -1.00000000 0.00000000
vn 0.00000000 -1.00000000 0.00000000
vn 0.00000000 -1.00000000 0.00000000
vn 0.00000000 -1.00000000 0.00000000
vn 0.00000000 -1.00000000 0.00000000
vn 0.00000000 -1.00000000 0.00000000
vn 0.00000000 -1.00000000 0.00000000
vn 0.00000000 -1.00000000 0.00000000
vn 0.00000000 -1.00000000 0.00000000
vn 0.00000000 -1.00000000 0.00000000
vn 0.00000000 -1.00000000 0.00000000
vn 0.00000000 -1.00000000 0.00000000
vn 0.00000000 -1.00000000 0.00000000
vn 0.00000000 -1.00000000 0.00000000
vn 0.00000000 -1.00000000 0.00000000
vn 0.00000000 -1.00000000 0.00000000
vn 0.00000000 -1.00000000 0.00000000
vn 0.00000000 -1.00000000 0.00000000
vn 0.00000000 -1.00000000 0.00000000
vn 0.00000000 -1.00000000 0.00000000
vn 0.00000000 -1.00000000 0.00000000
vn 0.00000000 -1.00000000 0.00000000
vn 0.00000000 -1.00000000 0.00000000
vn 0.00000000 -1.00000000 0.00000000
vn 0.00000000 -1.00000000 0.00000000
vn 0.00000000 -1.00000000 0.00000000
vn 0.00000000 -1.00000000 0.00000000
vn 0.00000000 -1.00000000 0.00000000
vn 0.00000000 -1.00000000 0.00000000
vn 0.00000000 -1.00000000 0.00000000
vn 0.00000000 -1.00000000 0.00000000
vn 0.00000000 -1.00000000 0.00000000
vn 0.00000000 -1.00000000 0.00000000
vn 0.00000000 -1.00000000 0.00000000
vn 0.00000000 -1.00000000 0.00000000
vn 0.00000000 -1.00000000 0.00000000
vn 0.00000000 -1.00000000 0.00000000
vn 0.00000000 -1.00000000 0.00000000
vn 0.00000000 -1.00000000 0.00000000
vn 0.00000000 -1.00000000 0.00000000
vn 0.00000000 -1.00000000 0.00000000
vn 0.00000000 -1.00000000 0.00000000
vn 0.00000000 -1.00000000 0.00000000
vn 0.00000000 -1.00000000 0.00000000
vn 0.00000000 -1.00000000 0.00000000
vn 0.00000000 -1.00000000 0.00000000
vn 0.00000000 -1.00000000 0.00000000
vn 0.00000000 -1.00000000 0.00000000
vn 0.00000000 -1.00000000 0.00000000
vn 0.00000000 -1.00000000 0.00000000
vn 0.00000000 -1.00000000 0.00000000
vn 0.00000000 -1.00000000 0.00000000
vn 0.00000000 -1.00000000 0.00000000
vn 0.00000000 -1.00000000 0.00000000
vn 0.00000000 -1.00000000 0.00000000
vn 0.00000000 -1.00000000 0.00000000
vn 0.00000000 -1.00000000 0.00000000
vn 0.00000000 -1.00000000 0.00000000
vn 0.00000000 -1.00000000 0.00000000
vn 0.00000000 -1.00000000 0.00000000
vn 0.00000000 -1.00000000 0.00000000
vn 0.00000000 -1.00000000 0.00000000
vn 0.00000000 -1.00000000 0.00000000
vn 0.00000000 -1.00000000 0.00000000
vn 0.00000000 -1.00000000 0.00000000
vn 0.00000000 -1.00000000 0.00000000
vn 0.00000000 -1.00000000 0.00000000
vn 0.00000000 -1.00000000 0.00000000
vn 0.00000000 -1.00000000 0.00000000
vn 0.00000000 -1.00000000 0.00000000
vn 0.00000000 -1.00000000 0.00000000
vn 0.00000000 -1.00000000 0.00000000
vn 0.00000000 -1.00000000 0.00000000
vn 0.00000000 -1.00000000 0.00000000
vn 0.00000000 -1.00000000 0.00000000
vn 0.00000000 -1.00000000 0.00000000
vn 0.00000000 -1.00000000 0.00000000
vn 0.00000000 -1.00000000 0.00000000
vn 0.00000000 -1.00000000 0.00000000
vn 0.00000000 -1.00000000 0.00000000
vn 0.00000000 -1.00000000 0.00000000
vn 0.00000000 -1.00000000 0.00000000
vn 0.00000000 -1.00000000 0.00000000
vn 0.00000000 -1.00000000 0.00000000
vn 0.00000000 -1.00000000 0.00000000
vn 0.00000000 -1.00000000 0.00000000
vn 0.00000000 -1.00000000 0.00000000
vn 0.00000000 -1.00000000 0.00000000
vn 0.00000000 -1.00000000 0.00000000
vn 0.00000000 -1.00000000 0.00000000
vn 0.00000000 -1.00000000 0.00000000
vn 0.00000000 -1.00000000 0.00000000
vn 0.00000000 -1.00000000 0.00000000
vn 0.00000000 -1.00000000 0.00000000
vn 0.00000000 -1.00000000 0.00000000
vn 0.00000000 -1.00000000 0.00000000
vn 0.00000000 -1.00000000 0.00000000
vn 0.00000000 -1.00000000 0.00000000
vn 0.00000000 -1.00000000 0.00000000
vn 0.00000000 -1.00000000 0.00000000
vn 0.00000000 -1.00000000 0.00000000
vn 0.00000000 -1.00000000 0.00000000
vn 0.00000000 -1.00000000 0.00000000
vn 0.00000000 -1.00000000 0.00000000
vn 0.00000000 -1.00000000 0.00000000
vn 0.00000000 -1.00000000 0.00000000
vn 0.00000000 -1.00000000 0.00000000
vn 0.00000000 -1.00000000 0.00000000
vn 0.00000000 -1.00000000 0.00000000
vn 0.00000000 -1.00000000 0.00000000
vn 0.00000000 -1.00000000 0.00000000
vn 0.00000000 -1.00000000 0.00000000
vn 0.00000000 -1.00000000 0.00000000
vn 0.00000000 -1.00000000 0.00000000
vn 0.00000000 -1.00000000 0.00000000
vn 0.00000000 -1.00000000 0.00000000
vn 0.00000000 -1.00000000 0.00000000
vn 0.00000000 -1.00000000 0.00000000
vn 0.00000000 -1.00000000 0.00000000
vn 0.00000000 -1.00000000 0.00000000
vn 0.00000000 -1.00000000 0.00000000
vn 0.00000000 -1.00000000 0.00000000
vn 0.00000000 -1.00000000 0.00000000
vn 0.00000000 -1.00000000 0.00000000
vn 0.00000000 -1.00000000 0.00000000
vn 0.00000000 -1.00000000 0.00000000
vn 0.00000000 -1.00000000 0.00000000
vn 0.00000000 -1.00000000 0.00000000
vn 0.00000000 -1.00000000 0.00000000
vn 0.00000000 -1.00000000 0.00000000
vn 0.00000000 -1.00000000 0.00000000
vn 0.00000000 -1.00000000 0.00000000
vn 0.00000000 -1.00000000 0.00000000
vn 0.00000000 -1.00000000 0.00000000
vn 0.00000000 -1.00000000 0.00000000
vn 0.00000000 -1.00000000 0.00000000
vn 0.00000000 -1.00000000 0.00000000
vn 0.00000000 -1.00000000 0.00000000
vn 0.00000000 -1.00000000 0.00000000
vn 0.00000000 -1.00000000 0.00000000
vn 0.00000000 -1.00000000 0.00000000
vn 0.00000000 -1.00000000 0.00000000
vn 0.00000000 -1.00000000 0.00000000
vn 0.00000000 -1.00000000 0.00000000
vn 0.00000000 -1.00000000 0.00000000
vn 0.00000000 -1.00000000 0.00000000
vn 0.00000000 -1.00000000 0.00000000
vn 0.00000000 -1.00000000 0.00000000
vn 0.00000000 -1.00000000 0.00000000
vn 0.00000000 -1.00000000 0.00000000
vn 0.00000000 -1.00000000 0.00000000
vn 0.00000000 -1.00000000 0.00000000
vn 0.00000000 -1.00000000 0.00000000
vn 0.00000000 -1.00000000 0.00000000
vn 0.00000000 -1.00000000 0.00000000
vn 0.00000000 -1.00000000 0.00000000
vn 0.00000000 -1.00000000 0.00000000
vn 0.00000000 -1.00000000 0.00000000
vn 0.00000000 -1.00000000 0.00000000
vn 0.00000000 -1.00000000 0.00000000
vn 0.00000000 -1.00000000 0.00000000
vn 0.00000000 -1.00000000 0.00000000
vn 0.00000000 -1.00000000 0.00000000
vn 0.00000000 -1.00000000 0.00000000
vn 0.00000000 -1.00000000 0.00000000
vn 0.00000000 -1.00000000 0.00000000
vn 0.00000000 -1.00000000 0.00000000
vn 0.00000000 -1.00000000 0.00000000
vn 0.00000000 -1.00000000 0.00000000
vn 0.00000000 -1.00000000 0.00000000
vn 0.00000000 -1.00000000 0.00000000
vn 0.00000000 -1.00000000 0.00000000
vn 0.00000000 -1.00000000 0.00000000
vn 0.00000000 -1.00000000 0.00000000
vn 0.00000000 -1.00000000 0.00000000
vn 0.00000000 -1.00000000 0.00000000
vn 0.00000000 -1.00000000 0.00000000
vn 0.00000000 -1.00000000 0.00000000
vn 0.00000000 -1.00000000 0.00000000
vn 0.00000000 -1.00000000 0.00000000
vn 0.00000000 -1.00000000 0.00000000
vn 0.00000000 -1.00000000 0.00000000
vn 0.00000000 -1.00000000 0.00000000
vn 0.00000000 -1.00000000 0.00000000
vn 0.00000000 -1.00000000 0.00000000
vn 0.00000000 -1.00000000 0.00000000
vn 0.00000000 -1.00000000 0.00000000
vn 0.00000000 -1.00000000 0.00000000
vn 0.00000000 -1.00000000 0.00000000
vn 0.00000000 -1.00000000 0.00000000
vn 0.00000000 -1.00000000 0.00000000
vn 0.00000000 -1.00000000 0.00000000
vn 0.00000000 -1.00000000 0.00000000
vn 0.00000000 -1.00000000 0.00000000
vn 0.00000000 -1.00000000 0.00000000
vn 0.00000000 -1.00000000 0.00000000
vn 0.00000000 -1.00000000 0.00000000
vn 0.00000000 -1.00000000 0.00000000
vn 0.00000000 -1.00000000 0.00000000
vn 0.00000000 -1.00000000 0.00000000
vn 0.00000000 -1.00000000 0.00000000
vn 0.00000000 -1.00000000 0.00000000
vn 0.00000000 -1.00000000 0.00000000
vn 0.00000000 -1.00000000 0.00000000
vn 0.00000000 -1.00000000 0.00000000
vn 0.00000000 -1.00000000 0.00000000
vn 0.00000000 -1.00000000 0.00000000
vn 0.00000000 -1.00000000 0.00000000
vn 0.00000000 -1.00000000 0.00000000
vn 0.00000000 -1.00000000 0.00000000
vn 0.00000000 -1.00000000 0.00000000
vn 0.00000000 -1.00000000 0.00000000
vn 0.00000000 -1.00000000 0.00000000
vn 0.00000000 -1.00000000 0.00000000
vn 0.00000000 -1.00000000 0.00000000
vn 0.00000000 -1.00000000 0.00000000
vn 0.00000000 -1.00000000 0.00000000
vn 0.00000000 -1.00000000 0.00000000
vn 0.00000000 -1.00000000 0.00000000
vn 0.00000000 -1.00000000 0.00000000
vn 0.00000000 -1.00000000 0.00000000
vn 0.00000000 -1.00000000 0.00000000
vn 0.00000000 -1.00000000 0.00000000
vn 0.00000000 -1.00000000 0.00000000
vn 0.00000000 -1.00000000 0.00000000
vn 0.00000000 -1.00000000 0.00000000
vn 0.00000000 -1.00000000 0.00000000
vn 0.00000000 -1.00000000 0.00000000
vn 0.00000000 -1.00000000 0.00000000
vn 0.00000000 -1.00000000 0.00000000
vn 0.00000000 -1.00000000 0.00000000
vn 0.00000000 -1.00000000 0.00000000
vn 0.00000000 -1.00000000 0.00000000
vn 0.00000000 -1.00000000 0.00000000
vn 0.00000000 -1.00000000 0.00000000
vn 0.00000000 -1.00000000 0.00000000
vn 0.00000000 -1.00000000 0.00000000
vn 0.00000000 -1.00000000 0.00000000
vn 0.00000000 -1.00000000 0.00000000
vn 0.00000000 -1.00000000 0.00000000
vn 0.00000000 -1.00000000 0.00000000
vn 0.00000000 -1.00000000 0.00000000
vn 0.00000000 -1.00000000 0.00000000
vn 0.00000000 -1.00000000 0.00000000
vn 0.00000000 -1.00000000 0.00000000
vn 0.00000000 -1.00000000 0.00000000
vn 0.00000000 -1.00000000 0.00000000
vn 0.00000000 -1.00000000 0.00000000
vn 0.00000000 -1.00000000 0.00000000
vn 0.00000000 -1.00000000 0.00000000
vn 0.00000000 -1.00000000 0.00000000
vn 0.00000000 -1.00000000 0.00000000
vn 0.00000000 -1.00000000 0.00000000
vn 0.00000000 -1.00000000 0.00000000
vn 0.00000000 -1.00000000 0.00000000
vn 0.00000000 -1.00000000 0.00000000
vn 0.00000000 -1.00000000 0.00000000
vn 0.00000000 -1.00000000 0.00000000
vn 0.00000000 -1.00000000 0.00000000
vn 0.00000000 -1.00000000 0.00000000
vn 0.00000000 -1.00000000 0.00000000
vn 0.00000000 -1.00000000 0.00000000
vn 0.00000000 -1.00000000 0.00000000
vn 0.00000000 -1.00000000 0.00000000
vn 0.00000000 -1.00000000 0.00000000
vn 0.00000000 -1.00000000 0.00000000
vn 0.00000000 -1.00000000 0.00000000
vn 0.00000000 -1.00000000 0.00000000
vn 0.00000000 -1.00000000 0.00000000
vn 0.00000000 -1.00000000 0.00000000
vn 0.00000000 -1.00000000 0.00000000
vn 0.00000000 -1.00000000 0.00000000
vn 0.00000000 -1.00000000 0.00000000
vn 0.00000000 -1.00000000 0.00000000
vn 0.00000000 -1.00000000 0.00000000
vn 0.00000000 -1.00000000 0.00000000
vn 0.00000000 -1.00000000 0.00000000
vn 0.00000000 -1.00000000 0.00000000
vn 0.00000000 -1.00000000 0.00000000
vn 0.00000000 -1.00000000 0.00000000
vn -0.00000000 -1.00000000 -0.00000000
vn 0.30151134 -0.90453403 -0.30151134
vn 0.30151134 -0.90453403 0.30151134
vn 0.00000000 -1.00000000 0.00000000
vn -0.30151134 -0.90453403 0.30151134
vn 0.00000000 -1.00000000 0.00000000
vn 0.00000000 -1.00000000 0.00000000
vn 0.00000000 -1.00000000 0.00000000
vn 0.00000000 -1.00000000 0.00000000
vn 0.00000000 -1.00000000 0.00000000
vn 0.00000000 -1.00000000 0.00000000
vn 0.00000000 -1.00000000 0.00000000
vn 0.00000000 -1.00000000 0.00000000
vn 0.00000000 -1.00000000 0.00000000
vn 0.00000000 -1.00000000 0.00000000
vn 0.00000000 -1.00000000 0.00000000
vn 0.00000000 -1.00000000 0.00000000
vn 0.00000000 -1.00000000 0.00000000
vn 0.00000000 -1.00000000 0.00000000
vn 0.00000000 -1.00000000 0.00000000
vn 0.00000000 -1.00000000 0.00000000
vn 0.00000000 -1.00000000 0.00000000
vn 0.00000000 -1.00000000 0.00000000
vn 0.00000000 -1.00000000 0.00000000
vn 0.00000000 -1.00000000 0.00000000
vn 0.00000000 -1.00000000 0.00000000
vn 0.00000000 -1.00000000 0.00000000
vn 0.00000000 -1.00000000 0.00000000
vn 0.00000000 -1.00000000 0.00000000
vn 0.00000000 -1.00000000 0.00000000
vn 0.00000000 -1.00000000 0.00000000
vn 0.00000000 -1.00000000 0.00000000
vn 0.00000000 -1.00000000 0.00000000
vn 0.00000000 -1.00000000 0.00000000
vn 0.00000000 -1.00000000 0.00000000
vn 0.00000000 -1.00000000 0.00000000
vn 0.00000000 -1.00000000 0.00000000
vn 0.00000000 -1.00000000 0.00000000
vn 0.00000000 -1.00000000 0.00000000
vn 0.00000000 -1.00000000 0.00000000
vn 0.00000000 -1.00000000 0.00000000
vn 0.00000000 -1.00000000 0.00000000
vn 0.00000000 -1.00000000 0.00000000
vn 0.00000000 -1.00000000 0.00000000
vn 0.00000000 -1.00000000 0.00000000
vn 0.00000000 -1.00000000 0.00000000
vn 0.00000000 -1.00000000 0.00000000
vn 0.00000000 -1.00000000 0.00000000
vn 0.00000000 -1.00000000 0.00000000
vn 0.00000000 -1.00000000 0.00000000
vn 0.00000000 -1.00000000 0.00000000
vn 0.00000000 -1.00000000 0.00000000
vn 0.00000000 -1.00000000 0.00000000
vn 0.00000000 -1.00000000 0.00000000
vn 0.00000000 -1.00000000 0.00000000
vn 0.00000000 -1.00000000 0.00000000
vn 0.00000000 -1.00000000 0.00000000
vn 0.00000000 -1.00000000 0.00000000
vn 0.00000000 -1.00000000 0.00000000
vn 0.00000000 -1.00000000 0.00000000
vn 0.00000000 -1.00000000 0.00000000
vn 0.00000000 -1.00000000 0.00000000
vn 0.00000000 -1.00000000 0.00000000
vn 0.00000000 -1.00000000 0.00000000
vn 0.00000000 -1.00000000 0.00000000
vn 0.00000000 -1.00000000 0.00000000
vn 0.00000000 -1.00000000 0.00000000
vn 0.00000000 -1.00000000 0.00000000
vn 0.00000000 -1.00000000 0.00000000
vn 0.00000000 -1.00000000 0.00000000
vn 0.00000000 -1.00000000 0.00000000
vn 0.00000000 -1.00000000 0.00000000
vn 0.00000000 -1.00000000 0.00000000
vn 0.00000000 -1.00000000 0.00000000
vn 0.00000000 -1.00000000 0.00000000
vn 0.00000000 -1.00000000 0.00000000
vn 0.00000000 -1.00000000 0.00000000
vn 0.00000000 -1.00000000 0.00000000
vn 0.00000000 -1.00000000 0.00000000
vn 0.00000000 -1.00000000 0.00000000
vn 0.00000000 -1.00000000 0.00000000
vn 0.00000000 -1.00000000 0.00000000
vn 0.00000000 -1.00000000 0.00000000
vn 0.00000000 -1.00000000 0.00000000
vn 0.00000000 -1.00000000 0.00000000
vn 0.00000000 -1.00000000 0.00000000
vn 0.00000000 -1.00000000 0.00000000
vn 0.00000000 -1.00000000 0.00000000
vn 0.00000000 -1.00000000 0.00000000
vn 0.00000000 -1.00000000 0.00000000
vn 0.00000000 -1.00000000 0.00000000
vn 0.00000000 -1.00000000 0.00000000
vn 0.00000000 -1.00000000 0.00000000
vn 0.00000000 -1.00000000 0.00000000
vn 0.00000000 -1.00000000 0.00000000
vn 0.00000000 -1.00000000 0.00000000
vn 0.00000000 -1.00000000 0.00000000
vn 0.00000000 -1.00000000 0.00000000
vn 0.00000000 -1.00000000 0.00000000
vn 0.00000000 -1.00000000 0.00000000
vn 0.00000000 -1.00000000 0.00000000
vn 0.00000000 -1.00000000 0.00000000
vn 0.00000000 -1.00000000 0.00000000
vn 0.00000000 -1.00000000 0.00000000
vn 0.00000000 -1.00000000 0.00000000
vn 0.00000000 -1.00000000 0.00000000
vn 0.00000000 -1.00000000 0.00000000
vn 0.00000000 -1.00000000 0.00000000
vn 0.00000000 -1.00000000 0.00000000
vn 0.00000000 -1.00000000 0.00000000
vn 0.00000000 -1.00000000 0.00000000
vn 0.00000000 -1.00000000 0.00000000
vn 0.00000000 -1.00000000 0.00000000
vn 0.00000000 -1.00000000 0.00000000
vn 0.00000000 -1.00000000 0.00000000
vn 0.00000000 -1.00000000 0.00000000
vn 0.00000000 -1.00000000 0.00000000
vn 0.00000000 -1.00000000 0.00000000
vn 0.00000000 -1.00000000 0.00000000
vn 0.00000000 -1.00000000 0.00000000
vn -0.30151134 -0.90453403 -0.30151134
vn 0.00000000 -1.00000000 0.00000000
vn 0.00000000 -1.00000000 0.00000000
vn 0.00000000 -1.00000000 0.00000000
vn 0.00000000 -1.00000000 0.00000000
vn 0.00000000 -1.00000000 0.00000000
vn 0.00000000 -1.00000000 0.00000000
vn 0.00000000 -1.00000000 0.00000000
vn 0.45390078 -0.89053827 -0.03026005
vn 0.00000000 -1.00000000 0.00000000
vn 0.00000000 -1.00000000 0.00000000
vn 0.00000000 -1.00000000 0.00000000
vn 0.00000000 -1.00000000 0.00000000
vn 0.00000000 -1.00000000 0.00000000
vn 0.00000000 -1.00000000 0.00000000
vn 0.00000000 -1.00000000 0.00000000
vn 0.00000000 -1.00000000 0.00000000
vn 0.00000000 -1.00000000 0.00000000
vn 0.00000000 -1.00000000 0.00000000
vn 0.00000000 -1.00000000 0.00000000
vn 0.00000000 -1.00000000 0.00000000
vn 0.00000000 -1.00000000 0.00000000
vn 0.00000000 -1.00000000 0.00000000
vn 0.00000000 -1.00000000 0.00000000
vn 0.00000000 -1.00000000 0.00000000
vn 0.00000000 -1.00000000 0.00000000
vn 0.00000000 -1.00000000 0.00000000
vn 0.00000000 -1.00000000 0.00000000
vn 0.00000000 -1.00000000 0.00000000
vn 0.00000000 -1.00000000 0.00000000
vn 0.00000000 -1.00000000 0.00000000
vn 0.00000000 -1.00000000 0.00000000
vn 0.00000000 -1.00000000 0.00000000
vn 0.00000000 -1.00000000 0.00000000
vn 0.00000000 -1.00000000 0.00000000
vn 0.00000000 -1.00000000 0.00000000
vn 0.00000000 -1.00000000 0.00000000
vn 0.00000000 -1.00000000 0.00000000
vn 0.00000000 -1.00000000 0.00000000
vn 0.00000000 -1.00000000 0.00000000
vn 0.00000000 -1.00000000 0.00000000
vn 0.00000000 -1.00000000 0.00000000
vn 0.00000000 -1.00000000 0.00000000
vn 0.00000000 -1.00000000 0.00000000
vn 0.00000000 -1.00000000 0.00000000
vn 0.00000000 -1.00000000 0.00000000
vn 0.00000000 -1.00000000 0.00000000
vn 0.00000000 -1.00000000 0.00000000
vn 0.00000000 -1.00000000 0.00000000
vn 0.00000000 -1.00000000 0.00000000
vn 0.00000000 -1.00000000 0.00000000
vn 0.00000000 -1.00000000 0.00000000
vn 0.00000000 -1.00000000 0.00000000
vn 0.00000000 -1.00000000 0.00000000
vn 0.00000000 -1.00000000 0.00000000
vn 0.00000000 -1.00000000 0.00000000
vn 0.00000000 -1.00000000 0.00000000
vn 0.00000000 -1.00000000 0.00000000
vn 0.00000000 -1.00000000 0.00000000
vn 0.00000000 -1.00000000 0.00000000
vn 0.00000000 -1.00000000 0.00000000
vn 0.00000000 -1.00000000 0.00000000
vn 0.00000000 -1.00000000 0.00000000
vn 0.00000000 -1.00000000 0.00000000
vn 0.00000000 -1.00000000 0.00000000
vn 0.00000000 -1.00000000 0.00000000
vn 0.00000000 -1.00000000 0.00000000
vn 0.00000000 -1.00000000 0.00000000
vn 0.00000000 -1.00000000 0.00000000
vn 0.00000000 -1.00000000 0.00000000
vn 0.00000000 -1.00000000 0.00000000
vn 0.00000000 -1.00000000 0.00000000
vn 0.00000000 -1.00000000 0.00000000
vn 0.00000000 -1.00000000 0.00000000
vn 0.00000000 -1.00000000 0.00000000
vn 0.00000000 -1.00000000 0.00000000
vn 0.00000000 -1.00000000 0.00000000
vn 0.00000000 -1.00000000 0.00000000
vn 0.00000000 -1.00000000 0.00000000
vn 0.00000000 -1.00000000 0.00000000
vn 0.00000000 -1.00000000 0.00000000
vn 0.00000000 -1.00000000 0.00000000
vn 0.00000000 -1.00000000 0.00000000
vn 0.00000000 -1.00000000 0.00000000
vn 0.00000000 -1.00000000 0.00000000
vn 0.00000000 -1.00000000 0.00000000
vn 0.00000000 -1.00000000 0.00000000
vn 0.00000000 -1.00000000 0.00000000
vn 0.00000000 -1.00000000 0.00000000
vn 0.00000000 -1.00000000 0.00000000
vn 0.00000000 -1.00000000 0.00000000
vn 0.00000000 -1.00000000 0.00000000
vn 0.00000000 -1.00000000 0.00000000
vn 0.00000000 -1.00000000 0.00000000
vn 0.00000000 -1.00000000 0.00000000
vn 0.00000000 -1.00000000 0.00000000
vn 0.00000000 -1.00000000 0.00000000
vn 0.00000000 -1.00000000 0.00000000
vn 0.00000000 -1.00000000 0.00000000
vn 0.00000000 -1.00000000 0.00000000
vn 0.00000000 -1.00000000 0.00000000
vn 0.00000000 -1.00000000 0.00000000
vn 0.00000000 -1.00000000 0.00000000
vn 0.00000000 -1.00000000 0.00000000
vn 0.00000000 -1.00000000 0.00000000
vn 0.00000000 -1.00000000 0.00000000
vn 0.00000000 -1.00000000 0.00000000
vn 0.00000000 -1.00000000 0.00000000
vn 0.00000000 -1.00000000 0.00000000
vn 0.00000000 -1.00000000 0.00000000
vn 0.00000000 -1.00000000 0.00000000
vn 0.00000000 -1.00000000 0.00000000
vn 0.00000000 -1.00000000 0.00000000
vn 0.00000000 -1.00000000 0.00000000
vn 0.00000000 -1.00000000 0.00000000
vn 0.00000000 -1.00000000 0.00000000
vn 0.00000000 -1.00000000 0.00000000
vn 0.00000000 -1.00000000 0.00000000
vn 0.00000000 -1.00000000 0.00000000
vn 0.00000000 -1.00000000 0.00000000
vn 0.00000000 -1.00000000 0.00000000
vn 0.00000000 -1.00000000 0.00000000
vn 0.00000000 -1.00000000 0.00000000
vn 0.00000000 -1.00000000 0.00000000
vn 0.00000000 -1.00000000 0.00000000
vn 0.00000000 -1.00000000 0.00000000
vn 0.00000000 -1.00000000 0.00000000
vn 0.00000000 -1.00000000 0.00000000
vn 0.00000000 -1.00000000 0.00000000
vn 0.00000000 -1.00000000 0.00000000
vn 0.00000000 -1.00000000 0.00000000
vn 0.00000000 -1.00000000 0.00000000
vn 0.00000000 -1.00000000 0.00000000
vn 0.00000000 -1.00000000 0.00000000
vn 0.00000000 -1.00000000 0.00000000
vn 0.00000000 -1.00000000 0.00000000
vn 0.00000000 -1.00000000 0.00000000
vn 0.00000000 -1.00000000 0.00000000
vn 0.00000000 -1.00000000 0.00000000
vn 0.00000000 -1.00000000 0.00000000
vn 0.00000000 -1.00000000 0.00000000
vn 0.00000000 -1.00000000 0.00000000
vn 0.00000000 -1.00000000 0.00000000
vn 0.00000000 -1.00000000 0.00000000
vn 0.00000000 -1.00000000 0.00000000
vn 0.00000000 -1.00000000 0.00000000
vn 0.00000000 -1.00000000 0.00000000
vn 0.00000000 -1.00000000 0.00000000
vn 0.00000000 -1.00000000 0.00000000
vn 0.00000000 -1.00000000 0.00000000
vn 0.00000000 -1.00000000 0.00000000
vn 0.00000000 -1.00000000 0.00000000
vn 0.00000000 -1.00000000 0.00000000
vn 0.00000000 -1.00000000 0.00000000
vn 0.00000000 -1.00000000 0.00000000
vn 0.00000000 -1.00000000 0.00000000
vn 0.00000000 -1.00000000 0.00000000
vn 0.00000000 -1.00000000 0.00000000
vn 0.00000000 -1.00000000 0.00000000
vn 0.00000000 -1.00000000 0.00000000
vn 0.00000000 -1.00000000 0.00000000
vn 0.00000000 -1.00000000 0.00000000
vn 0.00000000 -1.00000000 0.00000000
vn 0.00000000 -1.00000000 0.00000000
vn 0.00000000 -1.00000000 0.00000000
vn 0.00000000 -1.00000000 0.00000000
vn 0.00000000 -1.00000000 0.00000000
vn 0.00000000 -1.00000000 0.00000000
vn 0.00000000 -1.00000000 0.00000000
vn 0.00000000 -1.00000000 0.00000000
vn 0.00000000 -1.00000000 0.00000000
vn 0.00000000 -1.00000000 0.00000000
vn 0.00000000 -1.00000000 0.00000000
vn 0.00000000 -1.00000000 0.00000000
vn 0.00000000 -1.00000000 0.00000000
vn 0.00000000 -1.00000000 0.00000000
vn 0.00000000 -1.00000000 0.00000000
vn 0.00000000 -1.00000000 0.00000000
vn 0.00000000 -1.00000000 0.00000000
vn 0.00000000 -1.00000000 0.00000000
vn 0.00000000 -1.00000000 0.00000000
vn 0.00000000 -1.00000000 0.00000000
vn 0.00000000 -1.00000000 0.00000000
vn 0.00000000 -1.00000000 0.00000000
vn 0.00000000 -1.00000000 0.00000000
vn 0.00000000 -1.00000000 0.00000000
vn 0.00000000 -1.00000000 0.00000000
vn 0.00000000 -1.00000000 0.00000000
vn 0.00000000 -1.00000000 0.00000000
vn 0.00000000 -1.00000000 0.00000000
vn 0.00000000 -1.00000000 0.00000000
vn 0.00000000 -1.00000000 0.00000000
vn 0.00000000 -1.00000000 0.00000000
vn 0.00000000 -1.00000000 0.00000000
vn 0.00000000 -1.00000000 0.00000000
vn 0.00000000 -1.00000000 0.00000000
vn 0.00000000 -1.00000000 0.00000000
vn 0.00000000 -1.00000000 0.00000000
vn 0.00000000 -1.00000000 0.00000000
vn 0.00000000 -1.00000000 0.00000000
vn 0.00000000 -1.00000000 0.00000000
vn 0.00000000 -1.00000000 0.00000000
vn 0.00000000 -1.00000000 0.00000000
vn 0.00000000 -1.00000000 0.00000000
vn 0.00000000 -1.00000000 0.00000000
vn 0.00000000 -1.00000000 0.00000000
vn 0.00000000 -1.00000000 0.00000000
vn 0.00000000 -1.00000000 0.00000000
vn 0.00000000 -1.00000000 0.00000000
vn 0.00000000 -1.00000000 0.00000000
vn 0.00000000 -1.00000000 0.00000000
vn 0.00000000 -1.00000000 0.00000000
vn 0.00000000 -1.00000000 0.00000000
vn 0.00000000 -1.00000000 0.00000000
vn 0.00000000 -1.00000000 0.00000000
vn 0.00000000 -1.00000000 0.00000000
vn 0.00000000 -1.00000000 0.00000000
vn 0.00000000 -1.00000000 0.00000000
vn 0.00000000 -1.00000000 0.00000000
vn 0.00000000 -1.00000000 0.00000000
vn 0.00000000 -1.00000000 0.00000000
vn 0.00000000 -1.00000000 0.00000000
vn 0.00000000 -1.00000000 0.00000000
vn 0.00000000 -1.00000000 0.00000000
vn 0.00000000 -1.00000000 0.00000000
vn 0.00000000 -1.00000000 0.00000000
vn 0.00000000 -1.00000000 0.00000000
vn 0.00000000 -1.00000000 0.00000000
vn 0.00000000 -1.00000000 0.00000000
vn 0.00000000 -1.00000000 0.00000000
vn 0.00000000 -1.00000000 0.00000000
vn 0.00000000 -1.00000000 0.00000000
vn 0.00000000 -1.00000000 0.00000000
vn 0.00000000 -1.00000000 0.00000000
vn 0.00000000 -1.00000000 0.00000000
vn 0.00000000 -1.00000000 0.00000000
vn 0.00000000 -1.00000000 0.00000000
vn 0.00000000 -1.00000000 0.00000000
vn 0.00000000 -1.00000000 0.00000000
vn 0.00000000 -1.00000000 0.00000000
vn 0.00000000 -1.00000000 0.00000000
vn 0.00000000 -1.00000000 0.00000000
vn 0.00000000 -1.00000000 0.00000000
vn 0.00000000 -1.00000000 0.00000000
vn 0.00000000 -1.00000000 0.00000000
vn 0.00000000 -1.00000000 0.00000000
vn 0.00000000 -1.00000000 0.00000000
vn 0.00000000 -1.00000000 0.00000000
vn 0.00000000 -1.00000000 0.00000000
vn 0.00000000 -1.00000000 0.00000000
vn 0.00000000 -1.00000000 0.00000000
vn 0.00000000 -1.00000000 0.00000000
vn 0.00000000 -1.00000000 0.00000000
vn 0.00000000 -1.00000000 0.00000000
vn 0.00000000 -1.00000000 0.00000000
vn 0.00000000 -1.00000000 0.00000000
vn 0.00000000 -1.00000000 0.00000000
vn 0.00000000 -1.00000000 0.00000000
vn 0.00000000 -1.00000000 0.00000000
vn 0.00000000 -1.00000000 0.00000000
vn 0.00000000 -1.00000000 0.00000000
vn 0.00000000 -1.00000000 0.00000000
vn 0.00000000 -1.00000000 0.00000000
vn 0.00000000 -1.00000000 0.00000000
vn 0.00000000 -1.00000000 0.00000000
vn 0.00000000 -1.00000000 0.00000000
vn 0.00000000 -1.00000000 0.00000000
vn 0.00000000 -1.00000000 0.00000000
vn 0.00000000 -1.00000000 0.00000000
vn 0.00000000 -1.00000000 0.00000000
vn 0.00000000 -1.00000000 0.00000000
vn 0.00000000 -1.00000000 0.00000000
vn 0.00000000 -1.00000000 0.00000000
vn 0.00000000 -1.00000000 0.00000000
vn 0.00000000 -1.00000000 0.00000000
vn 0.00000000 -1.00000000 0.00000000
vn 0.00000000 -1.00000000 0.00000000
vn 0.00000000 -1.00000000 0.00000000
vn 0.00000000 -1.00000000 0.00000000
vn 0.00000000 -1.00000000 0.00000000
vn 0.00000000 -1.00000000 0.00000000
vn 0.00000000 -1.00000000 0.00000000
vn 0.00000000 -1.00000000 0.00000000
vn 0.00000000 -1.00000000 0.00000000
vn 0.00000000 -1.00000000 0.00000000
vn 0.00000000 -1.00000000 0.00000000
vn 0.00000000 -1.00000000 0.00000000
vn 0.00000000 -1.00000000 0.00000000
vn 0.00000000 -1.00000000 0.00000000
vn 0.00000000 -1.00000000 0.00000000
vn 0.00000000 -1.00000000 0.00000000
vn 0.00000000 -1.00000000 0.00000000
vn 0.00000000 -1.00000000 0.00000000
vn 0.00000000 -1.00000000 0.00000000
vn 0.00000000 -1.00000000 0.00000000
vn 0.00000000 -1.00000000 0.00000000
vn 0.00000000 -1.00000000 0.00000000
vn 0.00000000 -1.00000000 0.00000000
vn 0.00000000 -1.00000000 0.00000000
vn 0.00000000 -1.00000000 0.00000000
vn 0.00000000 -1.00000000 0.00000000
vn 0.00000000 -1.00000000 0.00000000
vn 0.00000000 -1.00000000 0.00000000
vn 0.00000000 -1.00000000 0.00000000
vn 0.00000000 -1.00000000 0.00000000
vn 0.00000000 -1.00000000 0.00000000
vn 0.00000000 -1.00000000 0.00000000
vn 0.00000000 -1.00000000 0.00000000
vn 0.00000000 -1.00000000 0.00000000
vn 0.00000000 -1.00000000 0.00000000
vn 0.00000000 -1.00000000 0.00000000
vn 0.00000000 -1.00000000 0.00000000
vn 0.00000000 -1.00000000 0.00000000
vn 0.00000000 -1.00000000 0.00000000
vn 0.00000000 -1.00000000 0.00000000
vn 0.00000000 -1.00000000 0.00000000
vn 0.00000000 -1.00000000 0.00000000
vn 0.00000000 -1.00000000 0.00000000
vn 0.00000000 -1.00000000 0.00000000
vn 0.00000000 -1.00000000 0.00000000
vn 0.00000000 -1.00000000 0.00000000
vn 0.00000000 -1.00000000 0.00000000
vn 0.00000000 -1.00000000 0.00000000
vn 0.00000000 -1.00000000 0.00000000
vn 0.00000000 -1.00000000 0.00000000
vn 0.00000000 -1.00000000 0.00000000
vn 0.00000000 -1.00000000 0.00000000
vn 0.00000000 -1.00000000 0.00000000
vn 0.00000000 -1.00000000 0.00000000
vn 0.00000000 -1.00000000 0.00000000
vn 0.00000000 -1.00000000 0.00000000
vn 0.00000000 -1.00000000 0.00000000
vn 0.00000000 -1.00000000 0.00000000
vn 0.00000000 -1.00000000 0.00000000
vn 0.00000000 -1.00000000 0.00000000
vn 0.00000000 -1.00000000 0.00000000
vn 0.00000000 -1.00000000 0.00000000
vn 0.00000000 -1.00000000 0.00000000
vn 0.00000000 -1.00000000 0.00000000
vn 0.00000000 -1.00000000 0.00000000
vn 0.00000000 -1.00000000 0.00000000
vn 0.00000000 -1.00000000 0.00000000
vn 0.00000000 -1.00000000 0.00000000
vn 0.00000000 -1.00000000 0.00000000
vn 0.00000000 -1.00000000 0.00000000
vn 0.00000000 -1.00000000 0.00000000
vn 0.00000000 -1.00000000 0.00000000
vn 0.00000000 -1.00000000 0.00000000
vn 0.00000000 -1.00000000 0.00000000
vn 0.00000000 -1.00000000 0.00000000
vn 0.00000000 -1.00000000 0.00000000
vn 0.00000000 -1.00000000 0.00000000
vn 0.00000000 -1.00000000 0.00000000
vn 0.00000000 -1.00000000 0.00000000
vn 0.00000000 -1.00000000 0.00000000
vn 0.00000000 -1.00000000 0.00000000
vn 0.00000000 -1.00000000 0.00000000
vn 0.00000000 -1.00000000 0.00000000
vn 0.00000000 -1.00000000 0.00000000
vn 0.00000000 -1.00000000 0.00000000
vn 0.00000000 -1.00000000 0.00000000
vn 0.00000000 -1.00000000 0.00000000
vn 0.00000000 -1.00000000 0.00000000
vn 0.00000000 -1.00000000 0.00000000
vn 0.00000000 -1.00000000 0.00000000
vn 0.00000000 -1.00000000 0.00000000
vn 0.00000000 -1.00000000 0.00000000
vn 0.00000000 -1.00000000 0.00000000
vn 0.57735027 -0.57735027 0.57735027
vn -0.57735027 -0.57735027 0.57735027
vn -0.57735027 -0.57735027 -0.57735027
vn 0.57735027 -0.57735027 -0.57735027
vn -0.00000000 0.00000000 -0.00000000
vn -0.00000000 0.00000000 -0.00000000
vn 0.00000000 -0.00000000 0.00000000
vn 0.00000000 -0.00000000 0.00000000
vn 0.37877909 -0.70979576 -0.59389930
vn -0.49768885 0.72366200 -0.47814132
vn 0.69055939 0.40903102 -0.59650762
vn -0.80137631 -0.35764062 -0.47946762
vn -0.37203008 -0.79558507 -0.47816108
vn 0.25941961 0.76229843 -0.59296085
vn 0.74962759 -0.28957782 -0.59514970
vn -0.84920239 0.22217860 -0.47905320
vn -0.00000000 0.00000000 -0.00000000
vn -0.00000000 0.00000000 -0.00000000
vn 0.00000000 -0.00000000 0.00000000
vn 0.00000000 0.00000000 0.00000000
vn 0.00000000 0.00000000 -0.00000000
vn -0.00000000 0.00000000 0.00000000
vn 0.25898689 0.96588084 0.00000000
vn 0.50006406 0.86598842 0.00000000
vn -0.00000000 0.00000000 -0.00000000
vn 0.00000000 1.00000000 0.00000000
vn 0.00000000 -0.00000000 -0.00000000
vn 0.60843955 0.79360022 -0.00000210
vn 0.07124704 0.99745863 -0.00037901
vn -0.39800419 -0.91737952 0.00273476
vn -0.00000000 0.00000000 0.00000000
vn -0.00000000 0.00000000 -0.00000000
vn 0.00000000 -0.00000000 -0.00000000
vn 0.00000000 -0.00000000 0.00000000
vn -0.00000000 -0.00000000 -0.00000000
vn -0.00000000 0.00000000 -0.00000000
vn 0.00000000 -0.00000000 0.00000000
vn -0.00000000 0.00000000 -0.00000000
vn -0.00000000 0.00000000 -0.00000000
vn 0.00000000 -0.00000000 0.00000000
vn -0.00000000 0.00000000 0.00000000
vn -0.00000000 0.00000000 -0.00000000
vn -0.00000000 -0.00000000 -0.00000000
vn 0.00000000 0.00000000 0.00000000
vn 0.00000000 -0.00000000 0.00000000
vn -0.00000000 -0.00000000 -0.00000000
vn 0.00000000 0.00000000 -0.00000000
vn -0.00000000 0.00000000 0.00000000
vn -0.00000000 0.00000000 -0.00000000
vn 0.00000000 0.00000000 0.00000000
vn -0.00000000 -0.00000000 -0.00000000
vn 0.00000000 0.00000000 0.00000000
vn 0.00000000 -0.00000000 0.00000000
vn -0.00000000 0.00000000 -0.00000000
vn -0.00000000 -0.00000000 -0.00000000
vn 0.00000000 -0.00000000 0.00000000
vn -0.00000000 0.00000000 -0.00000000
vn 0.00000000 -0.00000000 0.00000000
vn -0.00000000 0.00000000 0.00000000
vn 0.00000000 -0.00000000 0.00000000
vn 0.00000000 -0.00000000 -0.00000000
vn 0.00000000 -0.00000000 -0.00000000
vn 0.00000000 -0.00000000 0.00000000
vn 0.26157671 -0.96468005 -0.03114516
vn 0.28332595 -0.95772150 0.04995927
vn -0.27308454 0.96110320 -0.04129740
vn -0.27012471 0.96265583 0.01806622
vn -0.00000000 -0.00000000 0.00000000
vn 0.00000000 -0.00000000 0.00000000
vn -0.00000000 0.00000000 -0.00000000
vn -0.00000000 -0.00000000 -0.00000000
vn -0.00000000 -0.00000000 -0.00000000
vn 0.00000000 0.00000000 0.00000000
vn -0.00000000 -0.00000000 0.00000000
vn 0.00000000 0.00000000 0.00000000
vn -0.00000000 0.00000000 -0.00000000
vn 0.00000000 0.00000000 0.00000000
vn 0.00000000 0.00000000 0.00000000
vn 0.00000000 0.00000000 -0.00000000
vn 0.00000000 0.00000000 0.00000000
vn 0.00000000 0.00000000 -0.00000000
vn 0.00000000 0.00000000 0.00000000
vn 0.00000000 0.00000000 -0.00000000
vn 0.00000000 0.00000000 -0.00000000
vn -0.00000000 -0.00000000 0.00000000
vn -0.41361810 -0.91037551 0.01168335
vn 0.00000000 0.00000000 -0.00000000
vn 0.00000000 0.00000000 0.00000000
vn -0.42992568 -0.90264940 -0.01969682
vn -0.00000000 -0.00000000 -0.00000000
vn 0.00000000 0.00000000 0.00000000
vn 0.42757650 0.90393780 -0.00864883
vn -0.00000000 0.00000000 -0.00000000
vn -0.00000000 0.00000000 -0.00000000
vn 0.00000000 -0.00000000 0.00000000
vn 0.00000000 0.00000000 0.00000000
vn -0.00000000 -0.00000000 -0.00000000
vn -0.00000000 -0.00000000 0.00000000
vn -0.00000000 -0.00000000 -0.00000000
vn 0.00000000 0.00000000 -0.00000000
vn -0.00000000 -0.00000000 -0.00000000
vn 0.00000000 -0.00000000 0.00000000
vn -0.00000000 -0.00000000 -0.00000000
vn -0.00000000 -0.00000000 0.00000000
vn 0.36528543 0.93088975 0.00328989
vn -0.99662665 -0.08206894 0.00000000
vn -0.34021371 -0.94034814 -0.00000000
vn -0.48933460 0.87209612 0.00000000
vn 0.27052740 0.96271228 -0.00000000
vn 0.42411374 -0.90560893 -0.00000000
vn 0.00000000 -0.00000000 0.00000000
vn -0.00000000 -0.00000000 0.00000000
vn -0.00000000 -0.00000000 0.00000000
vn 0.00000000 0.00000000 0.00000000
vn 0.00000000 0.00000000 -0.00000000
vn -0.00000000 0.00000000 0.00000000
vn 0.00000000 -0.00000000 0.00000000
vn -0.15222945 -0.98834400 -0.00152994
vn 0.00000000 0.00000000 -0.00000000
vn -0.00000000 0.00000000 -0.00000000
vn -0.00000000 -0.00000000 -0.00000000
vn -0.00000000 0.00000000 0.00000000
vn -0.00000000 0.00000000 0.00000000
vn 0.00000000 -0.00000000 -0.00000000
vn -0.00000000 0.00000000 0.00000000
vn 0.26491400 -0.96392386 -0.02591081
vn -0.26120909 0.95840220 0.11504362
vn -0.00000000 0.00000000 -0.00000000
vn 0.00000000 -0.00000000 0.00000000
vn 0.00000000 -0.00000000 0.00000000
vn 0.00000000 -0.00000000 -0.00000000
vn 0.00000000 -0.00000000 0.00000000
vn -0.00000000 -0.00000000 0.00000000
vn 0.42609312 0.89628211 0.12297572
vn 0.00000000 -0.00000000 0.00000000
vn -0.00000000 0.00000000 -0.00000000
vn 0.00000000 0.00000000 0.00000000
vn 0.00000000 -0.00000000 0.00000000
vn 0.50005112 -0.86599589 -0.00002064
vn -0.00000000 -0.00000000 -0.00000000
vn -0.00000000 -0.00000000 0.00000000
vn 0.00000000 0.00000000 0.00000000
vn 0.00000000 0.00000000 -0.00000000
vn -0.00000000 -0.00000000 0.00000000
vn -0.00000000 -0.00000000 0.00000000
vn -0.00000000 -0.00000000 -0.00000000
vn 0.60845155 -0.79359102 -0.00002524
vn 0.70681471 -0.70739873 0.00000000
vn 0.86632448 -0.49948162 0.00000000
vn 0.92408501 -0.38218699 -0.00000061
vn 0.92380137 -0.38287208 0.00000583
vn 0.96599083 -0.25857632 0.00000000
vn 0.99145937 -0.13041594 -0.00000373
vn 1.00000000 0.00000000 -0.00000000
vn 0.70681471 0.70739873 -0.00000000
vn 0.86610532 0.49986155 0.00000000
vn 0.92434296 0.38156267 0.00011867
vn 0.92320956 0.38429688 0.00008862
vn 0.96533390 0.26101811 -0.00000000
vn 0.99145937 0.13041594 -0.00000373
vn -0.30728887 -0.91100448 0.27503524
vn -0.89694348 0.34685929 0.27419159
vn -0.27579537 -0.89801833 0.34278271
vn -0.86620534 0.36233040 0.34410025
vn -0.24075470 -0.87974903 0.40997417
vn -0.83008641 0.37793303 0.41002826
vn -0.19642770 -0.86088567 0.46935277
vn -0.78772114 0.39934509 0.46906173
vn -0.73962402 0.42061635 0.52539337
vn -0.14939633 -0.83752226 0.52558272
vn -0.68601599 0.44679433 0.57424462
vn -0.09599670 -0.81269211 0.57473139
vn -0.62675523 0.47366948 0.61872054
vn -0.03704114 -0.78513264 0.61821897
vn -0.56573859 0.50271246 0.65362071
vn 0.02496187 -0.75679944 0.65317035
vn -0.50099436 0.53244344 0.68228193
vn 0.08939907 -0.72736556 0.68040220
vn -0.43448430 0.56521801 0.70125031
vn 0.15559380 -0.69237937 0.70455757
vn -0.36246377 0.59377946 0.71836339
vn 0.22522750 -0.66051838 0.71623184
vn -0.33459302 0.62922451 0.70151552
vn 0.27209138 -0.66346997 0.69697481
vn 0.11505818 0.69176186 0.71290051
vn -0.22717554 -0.66562211 0.71087164
vn 0.15572142 0.69648523 0.70047067
vn -0.26214742 -0.64939784 0.71383554
vn 0.04044027 0.70885970 0.70418926
vn -0.33601003 -0.62850965 0.70147906
vn -0.03093369 0.73116650 0.68149737
vn -0.40751125 -0.60792265 0.68144306
vn -0.09945410 0.75113500 0.65261405
vn -0.47536128 -0.58755991 0.65483204
vn -0.16532893 0.76803361 0.61870083
vn -0.54109710 -0.57048680 0.61786629
vn -0.45149860 0.84889064 0.27483393
vn -0.82827266 -0.48933232 0.27298038
vn -0.22685911 0.78608288 0.57498578
vn -0.60290527 -0.55227008 0.57576297
vn -0.41923723 0.84028137 0.34375480
vn -0.79542152 -0.49871528 0.34436562
vn -0.28430512 0.80123441 0.52649219
vn -0.66087437 -0.53707485 0.52420957
vn -0.38136050 0.82885291 0.40934950
vn -0.75683402 -0.50899868 0.41002757
vn -0.33496893 0.81752288 0.46845721
vn -0.71238485 -0.52197080 0.46909946
vn -0.78526431 -0.06513652 -0.61572494
vn 0.11350200 -0.94669778 -0.30146412
vn -0.04221795 0.95259315 -0.30130372
vn -0.00000000 0.00000000 0.00000000
vn -0.69020915 0.04539103 0.72218487
vn 0.00000000 0.00000000 0.00000000
vn -0.69007340 -0.04565889 0.72229770
vn 0.00000000 -1.00000000 0.00000000
vn 0.00000000 -1.00000000 0.00000000
vn 0.00000000 -1.00000000 0.00000000
vn 0.00000000 -1.00000000 0.00000000
vn 0.00000000 -1.00000000 0.00000000
vn 0.00000000 -1.00000000 0.00000000
vn 0.00000000 -1.00000000 0.00000000
vn 0.00000000 -1.00000000 0.00000000
vn 0.00000000 -1.00000000 0.00000000
vn 0.00000000 -1.00000000 0.00000000
vn 0.00000000 -1.00000000 0.00000000
vn 0.00000000 -1.00000000 0.00000000
vn 0.00000000 -1.00000000 0.00000000
vn 0.00000000 -1.00000000 0.00000000
vn 0.00000000 -1.00000000 0.00000000
vn 0.00000000 -1.00000000 0.00000000
vn 0.00000000 -1.00000000 0.00000000
vn 0.00000000 -1.00000000 0.00000000
vn 0.00000000 -1.00000000 0.00000000
vn 0.00000000 -1.00000000 0.00000000
vn 0.00000000 -1.00000000 0.00000000
vn 0.00000000 -1.00000000 0.00000000
vn 0.00000000 -1.00000000 0.00000000
vn 0.00000000 -1.00000000 0.00000000
vn 0.00000000 -1.00000000 0.00000000
vn 0.00000000 -1.00000000 0.00000000
vn 0.00000000 -1.00000000 0.00000000
vn 0.00000000 -1.00000000 0.00000000
vn 0.00000000 -1.00000000 0.00000000
vn 0.00000000 -1.00000000 0.00000000
vn 0.00000000 -1.00000000 0.00000000
vn 0.00000000 -1.00000000 0.00000000
vn 0.00000000 -1.00000000 0.00000000
vn 0.00000000 -1.00000000 0.00000000
vn 0.00000000 -1.00000000 0.00000000
vn 0.00000000 -1.00000000 0.00000000
vn 0.00000000 -1.00000000 0.00000000
vn 0.00000000 -1.00000000 0.00000000
vn 0.00000000 -1.00000000 0.00000000
vn 0.00000000 -1.00000000 0.00000000
vn 0.00000000 -1.00000000 0.00000000
vn 0.00000000 -1.00000000 0.00000000
vn 0.00000000 -1.00000000 0.00000000
vn 0.00000000 -1.00000000 0.00000000
vn 0.00000000 -1.00000000 0.00000000
vn 0.00000000 -1.00000000 0.00000000
vn 0.00000000 -1.00000000 0.00000000
vn 0.00000000 -1.00000000 0.00000000
vn 0.00000000 -1.00000000 0.00000000
vn 0.00000000 -1.00000000 0.00000000
vn 0.00000000 -1.00000000 0.00000000
vn 0.00000000 -1.00000000 0.00000000
vn 0.00000000 -1.00000000 0.00000000
vn 0.00000000 -1.00000000 0.00000000
vn 0.00000000 -1.00000000 0.00000000
vn 0.00000000 -1.00000000 0.00000000
vn 0.10266337 0.98988760 0.09789159
vn -0.11181321 0.99283808 0.04207553
vn 0.11187086 0.99283156 0.04207609
vn -0.10273490 0.98988474 0.09784551
vn 0.16452447 0.98178565 0.09501915
vn -0.16452386 0.98178624 0.09501408
vn 0.24420611 0.96393005 0.10584064
vn -0.24431787 0.96390388 0.10582098
vn 0.23007368 0.96024006 0.15813012
vn -0.22995749 0.96024922 0.15824342
vn 0.29417994 0.94222485 0.16022013
vn -0.29475984 0.94204680 0.16020132
vn 0.37197485 0.91157429 0.17512003
vn -0.37190886 0.91163985 0.17491877
vn 0.36213122 0.90372717 0.22833787
vn -0.36056605 0.90435121 0.22834407
vn 0.42088028 0.87676172 0.23269869
vn -0.42089965 0.87672411 0.23280533
vn -0.49569769 0.83120524 0.25175711
vn 0.49419840 0.83201250 0.25203798
vn 0.48671147 0.81798023 0.30662728
vn -0.48482536 0.81912064 0.30657095
vn 0.54044910 0.77967468 0.31626281
vn -0.54046149 0.77960120 0.31642272
vn 0.61018864 0.71461343 0.34204893
vn -0.61130244 0.71383985 0.34167528
vn 0.59848502 0.69574501 0.39718328
vn -0.59596253 0.69806451 0.39690628
vn 0.64524928 0.64291672 0.41268810
vn -0.64524715 0.64284100 0.41280936
vn -0.70451167 0.56291297 0.43219474
vn 0.70235554 0.54993316 0.45196262
vn 0.70820324 0.51223726 0.48586125
vn -0.64851443 0.59553261 0.47409908
vn 0.68632845 0.53577700 0.49182952
vn -0.68647296 0.53552598 0.49190121
vn 0.68863665 0.52430759 0.50088033
vn 0.58435157 -0.46402156 -0.66574562
vn 0.58637579 0.62442498 0.51600085
vn -0.60053751 0.61855269 0.50670235
vn -0.66060539 0.56469039 0.49469716
vn -0.67278891 0.52133144 0.52494630
vn -0.61321050 0.56143232 0.55566773
vn 0.61335900 0.56174944 0.55518313
vn 0.51443380 0.63555769 0.57569461
vn 0.59246229 0.57712008 0.56206837
vn -0.51472967 0.63595393 0.57499215
vn -0.59497467 0.57659116 0.55995338
vn 0.39450882 0.69278048 0.60367043
vn 0.48487900 0.65487882 0.57967757
vn -0.39500977 0.69292683 0.60317467
vn -0.48396483 0.65471484 0.58062597
vn -0.25868961 0.96596050 0.00000000
vn -0.34714617 0.71018847 0.61247193
vn -0.17862871 0.77451314 0.60681232
vn -0.49991746 0.86607305 -0.00001747
vn -0.70709313 0.70712043 -0.00001920
vn -0.86604072 0.49997347 0.00006922
vn -0.92286078 0.38513301 0.00073591
vn -0.94145721 0.33713249 0.00010715
vn -0.97780970 0.20949506 -0.00009580
vn -0.99785924 0.06539832 0.00003518
vn -0.99947304 0.03245989 0.00000193
vn -0.99149540 0.13014177 0.00000000
vn -0.96603046 0.25842823 -0.00003695
vn -0.92389859 0.38263743 -0.00003627
vn -0.86568945 0.50058144 0.00000237
vn -0.79319659 0.60896566 0.00000235
vn -0.70710678 0.70710678 0.00000003
vn -0.60896444 0.79319752 0.00000000
vn -0.50058275 0.86568869 -0.00000038
vn -0.38265943 0.92388947 0.00000000
vn -0.25840521 0.96603662 0.00000014
vn -0.03374189 0.99885883 0.03380119
vn -0.12978588 0.99154204 0.00000000
vn -0.00758872 0.99994101 0.00777099
vn -0.03210106 0.99948463 0.00000000
vn 0.03374174 0.99885888 0.03379979
vn 0.00758872 0.99994101 0.00777099
vn 0.03210106 0.99948463 0.00000000
vn 0.12978588 0.99154204 0.00000015
vn 0.25840521 0.96603662 0.00000000
vn 0.38265944 0.92388947 -0.00000041
vn 0.50005010 0.86599648 0.00000000
vn 0.60905562 0.79312751 0.00000040
vn 0.70762290 0.70659029 0.00000000
vn 0.79319752 0.60896444 0.00000000
vn 0.86568870 0.50058273 0.00000111
vn 0.92388947 0.38265943 0.00000000
vn 0.96603662 0.25840521 0.00000010
vn 0.99162142 0.12917793 -0.00010776
vn 0.97451114 0.22433909 0.00010957
vn 0.98157223 0.19109150 -0.00002668
vn 0.97577675 0.21850804 -0.01067545
vn 0.94479731 0.32684956 -0.02296527
vn 0.86593873 0.50015009 -0.00004085
vn 0.70714424 0.70706932 0.00005311
vn 0.34726664 0.71036692 0.61219663
vn 0.49981631 0.86613143 0.00000000
vn 0.17847590 0.77432358 0.60709912
vn 0.00009962 0.79664062 0.60445323
vn -0.18994266 0.70925579 -0.67887997
vn -0.36708618 0.63592511 -0.67885713
vn -0.51919536 0.51919536 -0.67887581
vn -0.63581977 0.36718734 -0.67890108
vn -0.70921251 0.18997033 -0.67891744
vn -0.71107412 0.06955189 -0.69966858
vn -0.68580219 0.08978720 -0.72222822
vn -0.66830504 0.17876497 -0.72208827
vn -0.63897932 0.26465445 -0.72226273
vn -0.59882157 0.34626738 -0.72215762
vn -0.54880643 0.42133717 -0.72200172
vn -0.48909811 0.48909811 -0.72219532
vn -0.42133717 0.54880643 -0.72200172
vn -0.34626738 0.59882157 -0.72215762
vn -0.26465445 0.63897932 -0.72226273
vn -0.17876497 0.66830504 -0.72208827
vn -0.08976502 0.68578950 -0.72224304
vn -0.02246219 0.69937285 -0.71440399
vn -0.57735027 0.57735027 -0.57735027
vn 0.57735027 0.57735027 -0.57735027
vn 0.02246219 0.69937285 -0.71440399
vn 0.08976502 0.68578950 -0.72224304
vn 0.17876497 0.66830504 -0.72208827
vn 0.26465445 0.63897932 -0.72226273
vn 0.34597400 0.59916450 -0.72201378
vn 0.42120022 0.54849747 -0.72231634
vn 0.48958121 0.48886678 -0.72202459
vn 0.54880643 0.42133717 -0.72200172
vn 0.59882157 0.34626738 -0.72215762
vn 0.63897932 0.26465445 -0.72226273
vn 0.66830504 0.17876497 -0.72208827
vn 0.68595712 0.09055729 -0.72198491
vn 0.71073453 0.07033269 -0.69993553
vn 0.70924425 0.19005283 -0.67886119
vn 0.63587664 0.36702597 -0.67893508
vn 0.51925855 0.51921593 -0.67881174
vn 0.25871756 0.96595301 0.00000000
vn 0.36698746 0.63595239 -0.67888494
vn 0.00002125 0.73423954 -0.67889049
vn 0.67509516 0.00000000 -0.73773066
vn 0.65216761 -0.17467032 -0.73767722
vn 0.58464730 -0.33747068 -0.73776763
vn 0.47724907 -0.47748929 -0.73772441
vn 0.33758834 -0.58476146 -0.73762331
vn 0.17484162 -0.65206455 -0.73772775
vn -0.00000000 -0.67511254 -0.73771475
vn -0.67495497 0.00000153 -0.73785893
vn -0.65221628 -0.17489698 -0.73758049
vn -0.58465090 -0.33749216 -0.73775495
vn -0.47737784 -0.47743366 -0.73767710
vn -0.33758887 -0.58466596 -0.73769876
vn -0.17477080 -0.65211673 -0.73769840
vn 0.65222222 0.17459675 -0.73764636
vn 0.58466290 0.33738986 -0.73779223
vn 0.47724168 0.47749049 -0.73772841
vn 0.33759124 0.58475410 -0.73762782
vn 0.18996176 0.70924497 -0.67888593
vn 0.17484162 0.65206455 -0.73772775
vn -0.00000000 0.67511254 -0.73771475
vn -0.17477080 0.65211673 -0.73769840
vn -0.33758625 0.58467160 -0.73769549
vn -0.47738459 0.47743298 -0.73767317
vn -0.58466457 0.33740588 -0.73778358
vn -0.65226886 0.17482679 -0.73755063
vn 0.25898689 -0.96588084 0.00000000
vn -0.00000000 -1.00000000 0.00000000
vn -0.25886970 -0.96591225 0.00000000
vn -0.20457141 -0.94615571 0.25087828
vn 0.32507141 -0.63563611 -0.70021090
vn -0.28055710 0.65658681 -0.70012961
vn 0.39029015 -0.62015374 -0.68050197
vn -0.23064929 0.71262847 -0.66254175
vn 0.46874348 -0.57881398 -0.66727350
vn -0.14554518 0.72784992 -0.67011275
vn 0.54766661 -0.54521258 -0.63466884
vn -0.06816437 0.76230681 -0.64361630
vn 0.62092579 -0.50713265 -0.59771869
vn 0.00648202 0.80169895 -0.59769287
vn 0.68783566 -0.47202926 -0.55142586
vn 0.07614356 0.83345149 -0.54732145
vn 0.74752330 -0.44472290 -0.49338672
vn 0.13991060 0.85961909 -0.49140619
vn 0.18725930 0.88836032 -0.41922535
vn 0.80353509 -0.42247937 -0.41933584
vn 0.23560827 0.90833596 -0.34556408
vn 0.84929723 -0.40088589 -0.34348903
vn 0.27276916 0.92485851 -0.26501644
vn 0.88555814 -0.38194286 -0.26439824
vn 0.29882614 0.93695988 -0.18113286
vn 0.91198652 -0.36831927 -0.18061421
vn 0.31297463 0.94572010 -0.08752360
vn 0.92679044 -0.36439057 -0.09098894
vn -0.99662546 -0.08208344 -0.00000165
vn -0.21181479 -0.01501288 0.97719451
vn -0.16935247 -0.69474422 -0.69903520
vn -0.10882420 -0.70258310 -0.70323132
vn -0.02418915 -0.74421439 -0.66750268
vn 0.05916528 -0.76718935 -0.63868613
vn 0.13925582 -0.79031310 -0.59666827
vn 0.20890372 -0.81175819 -0.54535115
vn 0.27535742 -0.82420206 -0.49484266
vn 0.33265023 -0.84304787 -0.42262762
vn 0.38102243 -0.85832939 -0.34364597
vn 0.42046049 -0.86869794 -0.26187186
vn 0.44758015 -0.87594677 -0.17997019
vn 0.46473427 -0.88083994 -0.09023887
vn 0.85574561 0.50893584 -0.09318672
vn 0.83870678 0.51458465 -0.17825146
vn 0.81163273 0.52030850 -0.26557744
vn 0.77287861 0.53344009 -0.34365728
vn 0.72216790 0.54772681 -0.42245576
vn 0.66519660 0.56195345 -0.49165212
vn 0.60394499 0.58340413 -0.54303781
vn 0.52977857 0.59988159 -0.59956379
vn 0.45017999 0.62471747 -0.63801729
vn 0.36615350 0.64623663 -0.66955943
vn 0.28913680 0.68668818 -0.66697770
vn 0.21733747 0.67976860 -0.70048488
vn -0.65339343 0.27070506 0.70696237
vn -0.58466042 0.33742925 0.73777618
vn -0.65325437 0.26763346 0.70825917
vn -0.65340133 0.17333600 0.73689981
vn -0.70087212 0.09285240 0.70721758
vn -0.70123074 -0.09390568 -0.70672284
vn -0.65216818 -0.17577232 0.73741492
vn -0.65360542 -0.27026870 0.70693336
vn -0.65317505 -0.27030301 0.70731792
vn -0.58460474 -0.33771436 0.73768985
vn -0.47745227 -0.47739616 0.73765320
vn -0.43055658 -0.56098990 -0.70704410
vn 0.28151972 -0.63962033 0.71528489
vn 0.17039092 0.67923931 0.71386336
vn -0.34029625 0.91600246 0.21245696
vn -0.47746868 0.47739392 0.73764402
vn -0.49995899 0.86604908 0.00000000
vn -0.25886970 0.96591225 0.00000000
f 1//1 2//2 3//3
f 4//4 3//3 2//2
f 2//2 3//3 4//4
f 3//3 2//2 1//1
f 5//5 6//6 1//1
f 2//2 1//1 6//6
f 6//6 1//1 2//2
f 1//1 6//6 5//5
f 7//7 8//8 5//5
f 6//6 5//5 8//8
f 8//8 5//5 6//6
f 5//5 8//8 7//7
f 9//9 10//10 11//11
f 12//12 11//11 10//10
f 10//10 11//11 12//12
f 11//11 10//10 9//9
f 13//13 9//9 14//14
f 11//11 14//14 9//9
f 9//9 14//14 11//11
f 14//14 9//9 13//13
f 15//15 13//13 16//16
f 14//14 16//16 13//13
f 13//13 16//16 14//14
f 16//16 13//13 15//15
f 17//17 15//15 18//18
f 16//16 18//18 15//15
f 15//15 18//18 16//16
f 18//18 15//15 17//17
f 19//19 17//17 20//20
f 18//18 20//20 17//17
f 17//17 20//20 18//18
f 20//20 17//17 19//19
f 21//21 19//19 22//22
f 20//20 22//22 19//19
f 19//19 22//22 20//20
f 22//22 19//19 21//21
f 21//21 22//22 23//23
f 24//24 23//23 22//22
f 22//22 23//23 24//24
f 23//23 22//22 21//21
f 23//23 24//24 25//25
f 26//26 25//25 24//24
f 24//24 25//25 26//26
f 25//25 24//24 23//23
f 27//27 25//25 28//28
f 26//26 28//28 25//25
f 25//25 28//28 26//26
f 28//28 25//25 27//27
f 29//29 27//27 30//30
f 28//28 30//30 27//27
f 27//27 30//30 28//28
f 30//30 27//27 29//29
f 31//31 29//29 32//32
f 30//30 32//32 29//29
f 29//29 32//32 30//30
f 32//32 29//29 31//31
f 33//33 31//31 34//34
f 32//32 34//34 31//31
f 31//31 34//34 32//32
f 34//34 31//31 33//33
f 35//35 33//33 36//36
f 34//34 36//36 33//33
f 33//33 36//36 34//34
f 36//36 33//33 35//35
f 35//35 36//36 37//37
f 38//38 37//37 36//36
f 36//36 37//37 38//38
f 37//37 36//36 35//35
f 37//37 38//38 39//39
f 40//40 39//39 38//38
f 38//38 39//39 40//40
f 39//39 38//38 37//37
f 39//39 40//40 41//41
f 42//42 41//41 40//40
f 40//40 41//41 42//42
f 41//41 40//40 39//39
f 41//41 42//42 43//43
f 44//44 43//43 42//42
f 42//42 43//43 44//44
f 43//43 42//42 41//41
f 43//43 44//44 45//45
f 46//46 45//45 44//44
f 44//44 45//45 46//46
f 45//45 44//44 43//43
f 45//45 46//46 47//47
f 48//48 47//47 46//46
f 46//46 47//47 48//48
f 47//47 46//46 45//45
f 47//47 48//48 49//49
f 50//50 49//49 48//48
f 48//48 49//49 50//50
f 49//49 48//48 47//47
f 49//49 50//50 51//51
f 52//52 51//51 50//50
f 50//50 51//51 52//52
f 51//51 50//50 49//49
f 51//51 52//52 53//53
f 54//54 53//53 52//52
f 52//52 53//53 54//54
f 53//53 52//52 51//51
f 53//53 54//54 55//55
f 56//56 55//55 54//54
f 54//54 55//55 56//56
f 55//55 54//54 53//53
f 55//55 56//56 57//57
f 58//58 57//57 56//56
f 56//56 57//57 58//58
f 57//57 56//56 55//55
f 57//57 58//58 59//59
f 60//60 59//59 58//58
f 58//58 59//59 60//60
f 59//59 58//58 57//57
f 59//59 60//60 61//61
f 62//62 61//61 60//60
f 60//60 61//61 62//62
f 61//61 60//60 59//59
f 63//63 61//61 64//64
f 62//62 64//64 61//61
f 61//61 64//64 62//62
f 64//64 61//61 63//63
f 65//65 63//63 66//66
f 64//64 66//66 63//63
f 63//63 66//66 64//64
f 66//66 63//63 65//65
f 67//67 65//65 68//68
f 66//66 68//68 65//65
f 65//65 68//68 66//66
f 68//68 65//65 67//67
f 69//69 67//67 70//70
f 68//68 70//70 67//67
f 67//67 70//70 68//68
f 70//70 67//67 69//69
f 71//71 69//69 72//72
f 70//70 72//72 69//69
f 69//69 72//72 70//70
f 72//72 69//69 71//71
f 73//73 71//71 74//74
f 72//72 74//74 71//71
f 71//71 74//74 72//72
f 74//74 71//71 73//73
f 75//75 73//73 76//76
f 74//74 76//76 73//73
f 73//73 76//76 74//74
f 76//76 73//73 75//75
f 77//77 75//75 78//78
f 76//76 78//78 75//75
f 75//75 78//78 76//76
f 78//78 75//75 77//77
f 79//79 77//77 80//80
f 78//78 80//80 77//77
f 77//77 80//80 78//78
f 80//80 77//77 79//79
f 81//81 79//79 82//82
f 80//80 82//82 79//79
f 79//79 82//82 80//80
f 82//82 79//79 81//81
f 83//83 81//81 84//84
f 82//82 84//84 81//81
f 81//81 84//84 82//82
f 84//84 81//81 83//83
f 85//85 83//83 86//86
f 84//84 86//86 83//83
f 83//83 86//86 84//84
f 86//86 83//83 85//85
f 87//87 85//85 88//88
f 86//86 88//88 85//85
f 85//85 88//88 86//86
f 88//88 85//85 87//87
f 89//89 90//90 88//88
f 87//87 88//88 90//90
f 90//90 88//88 87//87
f 88//88 90//90 89//89
f 91//91 92//92 89//89
f 90//90 89//89 92//92
f 92//92 89//89 90//90
f 89//89 92//92 91//91
f 93//93 94//94 91//91
f 92//92 91//91 94//94
f 94//94 91//91 92//92
f 91//91 94//94 93//93
f 95//95 96//96 93//93
f 94//94 93//93 96//96
f 96//96 93//93 94//94
f 93//93 96//96 95//95
f 97//97 98//98 95//95
f 96//96 95//95 98//98
f 98//98 95//95 96//96
f 95//95 98//98 97//97
f 99//99 100//100 97//97
f 98//98 97//97 100//100
f 100//100 97//97 98//98
f 97//97 100//100 99//99
f 3//3 4//4 101//101
f 100//100 101//101 4//4
f 99//99 101//101 100//100
f 100//100 101//101 99//99
f 4//4 101//101 100//100
f 101//101 4//4 3//3
f 102//102 103//103 7//7
f 8//8 7//7 103//103
f 103//103 7//7 8//8
f 7//7 103//103 102//102
f 1//1 3//3 5//5
f 101//101 5//5 3//3
f 99//99 5//5 101//101
f 97//97 5//5 99//99
f 7//7 5//5 97//97
f 95//95 7//7 97//97
f 102//102 7//7 95//95
f 93//93 102//102 95//95
f 104//104 102//102 93//93
f 91//91 104//104 93//93
f 105//105 104//104 91//91
f 89//89 105//105 91//91
f 12//12 105//105 89//89
f 88//88 12//12 89//89
f 11//11 12//12 88//88
f 86//86 11//11 88//88
f 14//14 11//11 86//86
f 84//84 14//14 86//86
f 16//16 14//14 84//84
f 82//82 16//16 84//84
f 18//18 16//16 82//82
f 80//80 18//18 82//82
f 20//20 18//18 80//80
f 78//78 20//20 80//80
f 22//22 20//20 78//78
f 76//76 22//22 78//78
f 106//106 22//22 76//76
f 107//107 22//22 106//106
f 108//108 22//22 107//107
f 109//109 22//22 108//108
f 110//110 22//22 109//109
f 111//111 22//22 110//110
f 112//112 22//22 111//111
f 113//113 22//22 112//112
f 114//114 22//22 113//113
f 115//115 22//22 114//114
f 116//116 22//22 115//115
f 117//117 22//22 116//116
f 118//118 22//22 117//117
f 24//24 22//22 118//118
f 119//119 24//24 118//118
f 26//26 24//24 119//119
f 120//120 26//26 119//119
f 121//121 26//26 120//120
f 28//28 26//26 121//121
f 122//122 28//28 121//121
f 123//123 28//28 122//122
f 30//30 28//28 123//123
f 124//124 30//30 123//123
f 32//32 30//30 124//124
f 125//125 32//32 124//124
f 126//126 32//32 125//125
f 34//34 32//32 126//126
f 127//127 34//34 126//126
f 128//128 34//34 127//127
f 36//36 34//34 128//128
f 129//129 36//36 128//128
f 130//130 36//36 129//129
f 131//131 36//36 130//130
f 132//132 36//36 131//131
f 62//62 36//36 132//132
f 60//60 36//36 62//62
f 38//38 36//36 60//60
f 58//58 38//38 60//60
f 40//40 38//38 58//58
f 56//56 40//40 58//58
f 42//42 40//40 56//56
f 54//54 42//42 56//56
f 44//44 42//42 54//54
f 52//52 44//44 54//54
f 46//46 44//44 52//52
f 50//50 46//46 52//52
f 48//48 46//46 50//50
f 74//74 133//133 76//76
f 134//134 76//76 133//133
f 135//135 76//76 134//134
f 136//136 76//76 135//135
f 137//137 76//76 136//136
f 138//138 76//76 137//137
f 139//139 76//76 138//138
f 140//140 76//76 139//139
f 141//141 76//76 140//140
f 142//142 76//76 141//141
f 143//143 76//76 142//142
f 144//144 76//76 143//143
f 145//145 76//76 144//144
f 106//106 76//76 145//145
f 146//146 133//133 74//74
f 147//147 146//146 74//74
f 72//72 147//147 74//74
f 148//148 147//147 72//72
f 70//70 148//148 72//72
f 149//149 148//148 70//70
f 150//150 149//149 70//70
f 68//68 150//150 70//70
f 151//151 150//150 68//68
f 66//66 151//151 68//68
f 152//152 151//151 66//66
f 153//153 152//152 66//66
f 64//64 153//153 66//66
f 154//154 153//153 64//64
f 155//155 154//154 64//64
f 62//62 155//155 64//64
f 156//156 155//155 62//62
f 157//157 156//156 62//62
f 132//132 157//157 62//62
f 62//62 157//157 132//132
f 62//62 156//156 157//157
f 62//62 155//155 156//156
f 64//64 155//155 62//62
f 64//64 154//154 155//155
f 64//64 153//153 154//154
f 66//66 153//153 64//64
f 66//66 152//152 153//153
f 66//66 151//151 152//152
f 68//68 151//151 66//66
f 68//68 150//150 151//151
f 70//70 150//150 68//68
f 70//70 149//149 150//150
f 70//70 148//148 149//149
f 72//72 148//148 70//70
f 72//72 147//147 148//148
f 74//74 147//147 72//72
f 74//74 146//146 147//147
f 74//74 133//133 146//146
f 145//145 76//76 106//106
f 144//144 76//76 145//145
f 143//143 76//76 144//144
f 142//142 76//76 143//143
f 141//141 76//76 142//142
f 140//140 76//76 141//141
f 139//139 76//76 140//140
f 138//138 76//76 139//139
f 137//137 76//76 138//138
f 136//136 76//76 137//137
f 135//135 76//76 136//136
f 134//134 76//76 135//135
f 133//133 76//76 134//134
f 76//76 133//133 74//74
f 50//50 46//46 48//48
f 52//52 46//46 50//50
f 52//52 44//44 46//46
f 54//54 44//44 52//52
f 54//54 42//42 44//44
f 56//56 42//42 54//54
f 56//56 40//40 42//42
f 58//58 40//40 56//56
f 58//58 38//38 40//40
f 60//60 38//38 58//58
f 60//60 36//36 38//38
f 62//62 36//36 60//60
f 132//132 36//36 62//62
f 131//131 36//36 132//132
f 130//130 36//36 131//131
f 129//129 36//36 130//130
f 128//128 36//36 129//129
f 128//128 34//34 36//36
f 127//127 34//34 128//128
f 126//126 34//34 127//127
f 126//126 32//32 34//34
f 125//125 32//32 126//126
f 124//124 32//32 125//125
f 124//124 30//30 32//32
f 123//123 30//30 124//124
f 123//123 28//28 30//30
f 122//122 28//28 123//123
f 121//121 28//28 122//122
f 121//121 26//26 28//28
f 120//120 26//26 121//121
f 119//119 26//26 120//120
f 119//119 24//24 26//26
f 118//118 24//24 119//119
f 118//118 22//22 24//24
f 117//117 22//22 118//118
f 116//116 22//22 117//117
f 115//115 22//22 116//116
f 114//114 22//22 115//115
f 113//113 22//22 114//114
f 112//112 22//22 113//113
f 111//111 22//22 112//112
f 110//110 22//22 111//111
f 109//109 22//22 110//110
f 108//108 22//22 109//109
f 107//107 22//22 108//108
f 106//106 22//22 107//107
f 76//76 22//22 106//106
f 78//78 22//22 76//76
f 78//78 20//20 22//22
f 80//80 20//20 78//78
f 80//80 18//18 20//20
f 82//82 18//18 80//80
f 82//82 16//16 18//18
f 84//84 16//16 82//82
f 84//84 14//14 16//16
f 86//86 14//14 84//84
f 86//86 11//11 14//14
f 88//88 11//11 86//86
f 88//88 12//12 11//11
f 89//89 12//12 88//88
f 89//89 105//105 12//12
f 91//91 105//105 89//89
f 91//91 104//104 105//105
f 93//93 104//104 91//91
f 93//93 102//102 104//104
f 95//95 102//102 93//93
f 95//95 7//7 102//102
f 97//97 7//7 95//95
f 97//97 5//5 7//7
f 99//99 5//5 97//97
f 101//101 5//5 99//99
f 3//3 5//5 101//101
f 5//5 3//3 1//1
f 12//12 10//10 105//105
f 158//158 105//105 10//10
f 10//10 105//105 158//158
f 105//105 10//10 12//12
f 159//159 160//160 75//75
f 161//161 75//75 160//160
f 162//162 75//75 161//161
f 163//163 75//75 162//162
f 164//164 75//75 163//163
f 165//165 75//75 164//164
f 166//166 75//75 165//165
f 167//167 75//75 166//166
f 168//168 75//75 167//167
f 169//169 75//75 168//168
f 170//170 75//75 169//169
f 171//171 75//75 170//170
f 73//73 75//75 171//171
f 172//172 73//73 171//171
f 71//71 73//73 172//172
f 173//173 71//71 172//172
f 174//174 71//71 173//173
f 69//69 71//71 174//174
f 175//175 69//69 174//174
f 176//176 69//69 175//175
f 67//67 69//69 176//176
f 177//177 67//67 176//176
f 65//65 67//67 177//177
f 178//178 65//65 177//177
f 179//179 65//65 178//178
f 63//63 65//65 179//179
f 180//180 63//63 179//179
f 181//181 63//63 180//180
f 61//61 63//63 181//181
f 182//182 61//61 181//181
f 183//183 61//61 182//182
f 184//184 61//61 183//183
f 185//185 61//61 184//184
f 35//35 61//61 185//185
f 37//37 61//61 35//35
f 59//59 61//61 37//37
f 57//57 59//59 37//37
f 39//39 57//57 37//37
f 55//55 57//57 39//39
f 41//41 55//55 39//39
f 53//53 55//55 41//41
f 43//43 53//53 41//41
f 51//51 53//53 43//43
f 45//45 51//51 43//43
f 49//49 51//51 45//45
f 47//47 49//49 45//45
f 100//100 4//4 98//98
f 6//6 98//98 4//4
f 8//8 98//98 6//6
f 96//96 98//98 8//8
f 103//103 96//96 8//8
f 94//94 96//96 103//103
f 186//186 94//94 103//103
f 92//92 94//94 186//186
f 158//158 92//92 186//186
f 90//90 92//92 158//158
f 10//10 90//90 158//158
f 87//87 90//90 10//10
f 9//9 87//87 10//10
f 85//85 87//87 9//9
f 13//13 85//85 9//9
f 83//83 85//85 13//13
f 15//15 83//83 13//13
f 81//81 83//83 15//15
f 17//17 81//81 15//15
f 79//79 81//81 17//17
f 19//19 79//79 17//17
f 77//77 79//79 19//19
f 21//21 77//77 19//19
f 75//75 77//77 21//21
f 187//187 75//75 21//21
f 188//188 187//187 21//21
f 189//189 188//188 21//21
f 190//190 189//189 21//21
f 191//191 190//190 21//21
f 192//192 191//191 21//21
f 193//193 192//192 21//21
f 194//194 193//193 21//21
f 195//195 194//194 21//21
f 196//196 195//195 21//21
f 197//197 196//196 21//21
f 198//198 197//197 21//21
f 199//199 198//198 21//21
f 23//23 199//199 21//21
f 159//159 75//75 187//187
f 200//200 199//199 23//23
f 201//201 200//200 23//23
f 25//25 201//201 23//23
f 202//202 201//201 25//25
f 27//27 202//202 25//25
f 203//203 202//202 27//27
f 204//204 203//203 27//27
f 29//29 204//204 27//27
f 205//205 204//204 29//29
f 31//31 205//205 29//29
f 206//206 205//205 31//31
f 207//207 206//206 31//31
f 33//33 207//207 31//31
f 208//208 207//207 33//33
f 209//209 208//208 33//33
f 35//35 209//209 33//33
f 210//210 209//209 35//35
f 211//211 210//210 35//35
f 185//185 211//211 35//35
f 4//4 2//2 6//6
f 6//6 2//2 4//4
f 35//35 211//211 185//185
f 35//35 210//210 211//211
f 35//35 209//209 210//210
f 33//33 209//209 35//35
f 33//33 208//208 209//209
f 33//33 207//207 208//208
f 31//31 207//207 33//33
f 31//31 206//206 207//207
f 31//31 205//205 206//206
f 29//29 205//205 31//31
f 29//29 204//204 205//205
f 27//27 204//204 29//29
f 27//27 203//203 204//204
f 27//27 202//202 203//203
f 25//25 202//202 27//27
f 25//25 201//201 202//202
f 23//23 201//201 25//25
f 23//23 200//200 201//201
f 23//23 199//199 200//200
f 187//187 75//75 159//159
f 21//21 199//199 23//23
f 21//21 198//198 199//199
f 21//21 197//197 198//198
f 21//21 196//196 197//197
f 21//21 195//195 196//196
f 21//21 194//194 195//195
f 21//21 193//193 194//194
f 21//21 192//192 193//193
f 21//21 191//191 192//192
f 21//21 190//190 191//191
f 21//21 189//189 190//190
f 21//21 188//188 189//189
f 21//21 187//187 188//188
f 21//21 75//75 187//187
f 21//21 77//77 75//75
f 19//19 77//77 21//21
f 19//19 79//79 77//77
f 17//17 79//79 19//19
f 17//17 81//81 79//79
f 15//15 81//81 17//17
f 15//15 83//83 81//81
f 13//13 83//83 15//15
f 13//13 85//85 83//83
f 9//9 85//85 13//13
f 9//9 87//87 85//85
f 10//10 87//87 9//9
f 10//10 90//90 87//87
f 158//158 90//90 10//10
f 158//158 92//92 90//90
f 186//186 92//92 158//158
f 186//186 94//94 92//92
f 103//103 94//94 186//186
f 103//103 96//96 94//94
f 8//8 96//96 103//103
f 8//8 98//98 96//96
f 6//6 98//98 8//8
f 4//4 98//98 6//6
f 98//98 4//4 100//100
f 45//45 49//49 47//47
f 45//45 51//51 49//49
f 43//43 51//51 45//45
f 43//43 53//53 51//51
f 41//41 53//53 43//43
f 41//41 55//55 53//53
f 39//39 55//55 41//41
f 39//39 57//57 55//55
f 37//37 57//57 39//39
f 37//37 59//59 57//57
f 37//37 61//61 59//59
f 35//35 61//61 37//37
f 185//185 61//61 35//35
f 184//184 61//61 185//185
f 183//183 61//61 184//184
f 182//182 61//61 183//183
f 181//181 61//61 182//182
f 181//181 63//63 61//61
f 180//180 63//63 181//181
f 179//179 63//63 180//180
f 179//179 65//65 63//63
f 178//178 65//65 179//179
f 177//177 65//65 178//178
f 177//177 67//67 65//65
f 176//176 67//67 177//177
f 176//176 69//69 67//67
f 175//175 69//69 176//176
f 174//174 69//69 175//175
f 174//174 71//71 69//69
f 173//173 71//71 174//174
f 172//172 71//71 173//173
f 172//172 73//73 71//71
f 171//171 73//73 172//172
f 171//171 75//75 73//73
f 170//170 75//75 171//171
f 169//169 75//75 170//170
f 168//168 75//75 169//169
f 167//167 75//75 168//168
f 166//166 75//75 167//167
f 165//165 75//75 166//166
f 164//164 75//75 165//165
f 163//163 75//75 164//164
f 162//162 75//75 163//163
f 161//161 75//75 162//162
f 160//160 75//75 161//161
f 75//75 160//160 159//159
f 104//104 186//186 102//102
f 103//103 102//102 186//186
f 186//186 102//102 103//103
f 102//102 186//186 104//104
f 105//105 158//158 104//104
f 186//186 104//104 158//158
f 158//158 104//104 186//186
f 104//104 158//158 105//105
f 212//212 213//213 214//214
f 215//215 213//213 212//212
f 213//213 215//215 216//216
f 213//213 217//217 218//218
f 213//213 219//219 217//217
f 213//213 220//220 219//219
f 213//213 221//221 220//220
f 213//213 222//222 221//221
f 213//213 223//223 222//222
f 213//213 224//224 223//223
f 213//213 225//225 224//224
f 213//213 226//226 225//225
f 213//213 227//227 226//226
f 213//213 228//228 227//227
f 216//216 228//228 213//213
f 228//228 216//216 229//229
f 230//230 231//231 232//232
f 218//218 231//231 230//230
f 231//231 218//218 217//217
f 233//233 234//234 235//235
f 233//233 236//236 234//234
f 237//237 236//236 233//233
f 237//237 238//238 236//236
f 239//239 238//238 237//237
f 239//239 240//240 238//238
f 241//241 240//240 239//239
f 241//241 242//242 240//240
f 241//241 243//243 242//242
f 244//244 243//243 241//241
f 244//244 245//245 243//243
f 246//246 245//245 244//244
f 247//247 245//245 246//246
f 247//247 248//248 245//245
f 247//247 249//249 248//248
f 250//250 249//249 247//247
f 251//251 249//249 250//250
f 251//251 252//252 249//249
f 251//251 253//253 252//252
f 254//254 253//253 251//251
f 255//255 253//253 254//254
f 255//255 256//256 253//253
f 257//257 256//256 255//255
f 257//257 258//258 256//256
f 257//257 259//259 258//258
f 260//260 259//259 257//257
f 260//260 261//261 259//259
f 260//260 212//212 261//261
f 262//262 212//212 260//260
f 263//263 212//212 262//262
f 264//264 212//212 263//263
f 265//265 212//212 264//264
f 266//266 212//212 265//265
f 267//267 212//212 266//266
f 268//268 212//212 267//267
f 269//269 212//212 268//268
f 270//270 212//212 269//269
f 271//271 212//212 270//270
f 272//272 212//212 271//271
f 272//272 215//215 212//212
f 215//215 272//272 273//273
f 274//274 258//258 259//259
f 275//275 258//258 274//274
f 258//258 275//275 276//276
f 275//275 277//277 278//278
f 277//277 275//275 274//274
f 279//279 280//280 281//281
f 230//230 280//280 279//279
f 232//232 280//280 230//230
f 280//280 232//232 282//282
f 218//218 279//279 283//283
f 279//279 218//218 230//230
f 218//218 284//284 213//213
f 284//284 218//218 283//283
f 212//212 285//285 261//261
f 285//285 212//212 286//286
f 259//259 285//285 287//287
f 285//285 259//259 261//261
f 277//277 259//259 287//287
f 259//259 277//277 274//274
f 288//288 275//275 289//289
f 290//290 275//275 288//288
f 291//291 275//275 290//290
f 275//275 291//291 276//276
f 289//289 275//275 278//278
f 292//292 280//280 293//293
f 293//293 290//290 288//288
f 293//293 282//282 290//290
f 282//282 293//293 280//280
f 280//280 294//294 281//281
f 294//294 280//280 292//292
f 287//287 278//278 277//277
f 287//287 289//289 278//278
f 287//287 294//294 289//289
f 287//287 281//281 294//294
f 281//281 295//295 279//279
f 287//287 295//295 281//281
f 287//287 296//296 295//295
f 287//287 297//297 296//296
f 287//287 298//298 297//297
f 287//287 299//299 298//298
f 287//287 300//300 299//299
f 287//287 301//301 300//300
f 285//285 301//301 287//287
f 301//301 285//285 286//286
f 289//289 294//294 302//302
f 303//303 279//279 295//295
f 304//304 279//279 303//303
f 305//305 279//279 304//304
f 306//306 279//279 305//305
f 307//307 279//279 306//306
f 308//308 279//279 307//307
f 284//284 279//279 308//308
f 279//279 284//284 283//283
f 293//293 289//289 302//302
f 289//289 293//293 288//288
f 293//293 294//294 292//292
f 294//294 293//293 302//302
f 107//107 229//229 106//106
f 229//229 107//107 228//228
f 108//108 228//228 107//107
f 228//228 108//108 227//227
f 109//109 227//227 108//108
f 227//227 109//109 226//226
f 110//110 226//226 109//109
f 226//226 110//110 225//225
f 111//111 225//225 110//110
f 225//225 111//111 224//224
f 112//112 224//224 111//111
f 224//224 112//112 223//223
f 112//112 222//222 223//223
f 222//222 112//112 113//113
f 113//113 221//221 222//222
f 221//221 113//113 114//114
f 114//114 220//220 221//221
f 220//220 114//114 115//115
f 115//115 219//219 220//220
f 219//219 115//115 116//116
f 116//116 217//217 219//219
f 217//217 116//116 117//117
f 117//117 231//231 217//217
f 231//231 117//117 118//118
f 231//231 282//282 232//232
f 282//282 119//119 290//290
f 282//282 118//118 119//119
f 118//118 282//282 231//231
f 291//291 258//258 276//276
f 290//290 258//258 291//291
f 258//258 290//290 119//119
f 119//119 120//120 258//258
f 256//256 258//258 120//120
f 130//130 131//131 236//236
f 234//234 236//236 131//131
f 234//234 131//131 235//235
f 132//132 235//235 131//131
f 235//235 157//157 233//233
f 157//157 235//235 132//132
f 233//233 156//156 237//237
f 156//156 233//233 157//157
f 239//239 154//154 241//241
f 154//154 239//239 155//155
f 150//150 251//251 250//250
f 251//251 150//150 149//149
f 135//135 264//264 263//263
f 264//264 135//135 136//136
f 136//136 265//265 264//264
f 265//265 136//136 137//137
f 137//137 266//266 265//265
f 266//266 137//137 138//138
f 138//138 267//267 266//266
f 267//267 138//138 139//139
f 140//140 267//267 139//139
f 267//267 140//140 268//268
f 141//141 268//268 140//140
f 268//268 141//141 269//269
f 142//142 269//269 141//141
f 269//269 142//142 270//270
f 143//143 270//270 142//142
f 270//270 143//143 271//271
f 144//144 271//271 143//143
f 271//271 144//144 272//272
f 145//145 272//272 144//144
f 272//272 145//145 273//273
f 145//145 215//215 273//273
f 145//145 216//216 215//215
f 145//145 229//229 216//216
f 229//229 145//145 106//106
f 134//134 263//263 262//262
f 263//263 134//134 135//135
f 187//187 107//107 106//106
f 107//107 187//187 188//188
f 188//188 108//108 107//107
f 108//108 188//188 189//189
f 189//189 109//109 108//108
f 109//109 189//189 190//190
f 190//190 110//110 109//109
f 110//110 190//190 191//191
f 191//191 111//111 110//110
f 111//111 191//191 192//192
f 193//193 111//111 192//192
f 111//111 193//193 112//112
f 193//193 113//113 112//112
f 113//113 193//193 194//194
f 194//194 114//114 113//113
f 114//114 194//194 195//195
f 195//195 115//115 114//114
f 115//115 195//195 196//196
f 196//196 116//116 115//115
f 116//116 196//196 197//197
f 197//197 117//117 116//116
f 117//117 197//197 198//198
f 198//198 118//118 117//117
f 118//118 198//198 199//199
f 118//118 200//200 119//119
f 200//200 118//118 199//199
f 200//200 201//201 119//119
f 120//120 119//119 201//201
f 201//201 202//202 120//120
f 121//121 120//120 202//202
f 256//256 120//120 121//121
f 253//253 256//256 121//121
f 202//202 203//203 121//121
f 122//122 121//121 203//203
f 253//253 121//121 122//122
f 252//252 253//253 122//122
f 203//203 204//204 122//122
f 123//123 122//122 204//204
f 252//252 122//122 123//123
f 249//249 252//252 123//123
f 204//204 205//205 123//123
f 124//124 123//123 205//205
f 249//249 123//123 124//124
f 248//248 249//249 124//124
f 205//205 206//206 124//124
f 125//125 124//124 206//206
f 248//248 124//124 125//125
f 245//245 248//248 125//125
f 245//245 126//126 243//243
f 125//125 206//206 245//245
f 207//207 245//245 206//206
f 126//126 245//245 207//207
f 243//243 127//127 242//242
f 126//126 207//207 243//243
f 208//208 243//243 207//207
f 127//127 243//243 208//208
f 242//242 128//128 240//240
f 127//127 208//208 242//242
f 209//209 242//242 208//208
f 128//128 242//242 209//209
f 240//240 129//129 238//238
f 128//128 209//209 240//240
f 210//210 240//240 209//209
f 129//129 240//240 210//210
f 238//238 130//130 236//236
f 129//129 210//210 238//238
f 211//211 238//238 210//210
f 130//130 238//238 211//211
f 130//130 211//211 131//131
f 185//185 131//131 211//211
f 131//131 185//185 132//132
f 184//184 132//132 185//185
f 132//132 184//184 157//157
f 183//183 157//157 184//184
f 237//237 155//155 239//239
f 155//155 237//237 156//156
f 157//157 183//183 156//156
f 182//182 156//156 183//183
f 241//241 153//153 244//244
f 153//153 241//241 154//154
f 155//155 181//181 154//154
f 180//180 154//154 181//181
f 244//244 152//152 246//246
f 152//152 244//244 153//153
f 152//152 247//247 246//246
f 247//247 152//152 151//151
f 151//151 250//250 247//247
f 250//250 151//151 150//150
f 149//149 254//254 251//251
f 254//254 149//149 148//148
f 176//176 175//175 150//150
f 149//149 150//150 175//175
f 169//169 136//136 135//135
f 136//136 169//169 168//168
f 168//168 137//137 136//136
f 137//137 168//168 167//167
f 167//167 138//138 137//137
f 138//138 167//167 166//166
f 166//166 139//139 138//138
f 139//139 166//166 165//165
f 164//164 139//139 165//165
f 139//139 164//164 140//140
f 163//163 140//140 164//164
f 140//140 163//163 141//141
f 162//162 141//141 163//163
f 141//141 162//162 142//142
f 162//162 143//143 142//142
f 143//143 162//162 161//161
f 161//161 144//144 143//143
f 144//144 161//161 160//160
f 159//159 144//144 160//160
f 144//144 159//159 145//145
f 187//187 145//145 159//159
f 145//145 187//187 106//106
f 170//170 135//135 134//134
f 135//135 170//170 169//169
f 133//133 262//262 260//260
f 262//262 133//133 134//134
f 147//147 257//257 255//255
f 257//257 147//147 146//146
f 148//148 255//255 254//254
f 255//255 148//148 147//147
f 309//309 187//187 310//310
f 187//187 309//309 188//188
f 311//311 188//188 309//309
f 188//188 311//311 189//189
f 312//312 189//189 311//311
f 189//189 312//312 190//190
f 313//313 190//190 312//312
f 190//190 313//313 191//191
f 314//314 191//191 313//313
f 191//191 314//314 192//192
f 315//315 192//192 314//314
f 192//192 315//315 193//193
f 315//315 194//194 193//193
f 194//194 315//315 316//316
f 316//316 195//195 194//194
f 195//195 316//316 317//317
f 317//317 196//196 195//195
f 196//196 317//317 318//318
f 318//318 197//197 196//196
f 197//197 318//318 319//319
f 319//319 198//198 197//197
f 198//198 319//319 320//320
f 320//320 199//199 198//198
f 199//199 320//320 321//321
f 321//321 200//200 199//199
f 200//200 321//321 322//322
f 200//200 323//323 201//201
f 323//323 200//200 322//322
f 323//323 202//202 201//201
f 202//202 323//323 324//324
f 324//324 203//203 202//202
f 203//203 324//324 325//325
f 325//325 204//204 203//203
f 204//204 325//325 326//326
f 326//326 205//205 204//204
f 205//205 326//326 327//327
f 327//327 206//206 205//205
f 206//206 327//327 328//328
f 207//207 328//328 329//329
f 328//328 207//207 206//206
f 208//208 329//329 330//330
f 329//329 208//208 207//207
f 209//209 330//330 331//331
f 330//330 209//209 208//208
f 210//210 331//331 332//332
f 331//331 210//210 209//209
f 211//211 332//332 333//333
f 332//332 211//211 210//210
f 185//185 333//333 334//334
f 333//333 185//185 211//211
f 334//334 335//335 185//185
f 184//184 185//185 335//335
f 184//184 335//335 183//183
f 336//336 183//183 335//335
f 183//183 336//336 182//182
f 337//337 182//182 336//336
f 156//156 182//182 155//155
f 337//337 155//155 182//182
f 338//338 155//155 337//337
f 181//181 155//155 338//338
f 181//181 338//338 180//180
f 339//339 180//180 338//338
f 154//154 180//180 153//153
f 339//339 153//153 180//180
f 340//340 153//153 339//339
f 179//179 153//153 340//340
f 153//153 179//179 152//152
f 340//340 152//152 179//179
f 341//341 152//152 340//340
f 178//178 152//152 341//341
f 341//341 342//342 178//178
f 177//177 178//178 342//342
f 152//152 178//178 177//177
f 151//151 152//152 177//177
f 342//342 343//343 177//177
f 176//176 177//177 343//343
f 151//151 177//177 176//176
f 150//150 151//151 176//176
f 343//343 344//344 176//176
f 175//175 176//176 344//344
f 344//344 345//345 175//175
f 174//174 175//175 345//345
f 149//149 175//175 174//174
f 148//148 149//149 174//174
f 346//346 168//168 169//169
f 168//168 346//346 347//347
f 347//347 167//167 168//168
f 167//167 347//347 348//348
f 348//348 166//166 167//167
f 166//166 348//348 349//349
f 349//349 165//165 166//166
f 165//165 349//349 350//350
f 351//351 165//165 350//350
f 165//165 351//351 164//164
f 352//352 164//164 351//351
f 164//164 352//352 163//163
f 353//353 163//163 352//352
f 163//163 353//353 162//162
f 354//354 162//162 353//353
f 162//162 354//354 161//161
f 355//355 161//161 354//354
f 161//161 355//355 160//160
f 356//356 160//160 355//355
f 160//160 356//356 159//159
f 356//356 187//187 159//159
f 187//187 356//356 310//310
f 357//357 169//169 170//170
f 169//169 357//357 346//346
f 171//171 134//134 133//133
f 134//134 171//171 170//170
f 146//146 133//133 257//257
f 260//260 257//257 133//133
f 173//173 172//172 147//147
f 146//146 147//147 172//172
f 345//345 358//358 174//174
f 173//173 174//174 358//358
f 148//148 174//174 173//173
f 147//147 148//148 173//173
f 359//359 360//360 361//361
f 362//362 360//360 359//359
f 362//362 363//363 360//360
f 364//364 363//363 362//362
f 364//364 365//365 363//363
f 366//366 365//365 364//364
f 366//366 367//367 365//365
f 368//368 367//367 366//366
f 368//368 369//369 367//367
f 370//370 369//369 368//368
f 370//370 371//371 369//369
f 370//370 372//372 371//371
f 372//372 373//373 374//374
f 370//370 373//373 372//372
f 370//370 375//375 373//373
f 376//376 375//375 370//370
f 376//376 377//377 375//375
f 376//376 378//378 377//377
f 379//379 378//378 376//376
f 379//379 380//380 378//378
f 381//381 380//380 379//379
f 381//381 382//382 380//380
f 383//383 382//382 381//381
f 383//383 384//384 382//382
f 385//385 384//384 383//383
f 385//385 386//386 384//384
f 387//387 386//386 385//385
f 387//387 388//388 386//386
f 388//388 387//387 389//389
f 390//390 391//391 392//392
f 393//393 394//394 395//395
f 396//396 397//397 398//398
f 397//397 396//396 399//399
f 400//400 401//401 402//402
f 400//400 403//403 401//401
f 404//404 403//403 400//400
f 405//405 403//403 404//404
f 406//406 403//403 405//405
f 403//403 407//407 408//408
f 403//403 409//409 407//407
f 403//403 410//410 409//409
f 403//403 411//411 410//410
f 411//411 403//403 406//406
f 412//412 413//413 414//414
f 415//415 413//413 412//412
f 415//415 416//416 413//413
f 417//417 416//416 415//415
f 417//417 418//418 416//416
f 419//419 418//418 417//417
f 419//419 420//420 418//418
f 421//421 420//420 419//419
f 421//421 422//422 420//420
f 423//423 422//422 421//421
f 423//423 424//424 422//422
f 425//425 424//424 423//423
f 424//424 425//425 426//426
f 427//427 428//428 429//429
f 430//430 428//428 427//427
f 431//431 428//428 430//430
f 432//432 428//428 431//431
f 433//433 428//428 432//432
f 434//434 428//428 433//433
f 435//435 428//428 434//434
f 436//436 428//428 435//435
f 437//437 428//428 436//436
f 438//438 428//428 437//437
f 439//439 428//428 438//438
f 440//440 428//428 439//439
f 441//441 428//428 440//440
f 442//442 428//428 441//441
f 443//443 428//428 442//442
f 444//444 428//428 443//443
f 445//445 428//428 444//444
f 446//446 428//428 445//445
f 447//447 446//446 448//448
f 449//449 446//446 447//447
f 450//450 446//446 449//449
f 451//451 446//446 450//450
f 452//452 446//446 451//451
f 453//453 446//446 452//452
f 454//454 446//446 453//453
f 455//455 446//446 454//454
f 456//456 446//446 455//455
f 457//457 446//446 456//456
f 458//458 446//446 457//457
f 459//459 446//446 458//458
f 460//460 446//446 459//459
f 461//461 446//446 460//460
f 462//462 446//446 461//461
f 463//463 446//446 462//462
f 464//464 446//446 463//463
f 465//465 446//446 464//464
f 466//466 446//446 465//465
f 467//467 446//446 466//466
f 468//468 446//446 467//467
f 469//469 446//446 468//468
f 470//470 446//446 469//469
f 471//471 446//446 470//470
f 471//471 428//428 446//446
f 472//472 428//428 471//471
f 473//473 428//428 472//472
f 474//474 428//428 473//473
f 475//475 428//428 474//474
f 476//476 428//428 475//475
f 477//477 428//428 476//476
f 478//478 428//428 477//477
f 479//479 428//428 478//478
f 480//480 428//428 479//479
f 481//481 428//428 480//480
f 482//482 428//428 481//481
f 483//483 428//428 482//482
f 484//484 428//428 483//483
f 485//485 428//428 484//484
f 486//486 428//428 485//485
f 487//487 428//428 486//486
f 488//488 428//428 487//487
f 489//489 428//428 488//488
f 490//490 428//428 489//489
f 491//491 428//428 490//490
f 492//492 428//428 491//491
f 493//493 428//428 492//492
f 494//494 428//428 493//493
f 495//495 428//428 494//494
f 496//496 428//428 495//495
f 497//497 428//428 496//496
f 498//498 428//428 497//497
f 499//499 428//428 498//498
f 499//499 500//500 428//428
f 501//501 500//500 499//499
f 502//502 500//500 501//501
f 503//503 500//500 502//502
f 504//504 500//500 503//503
f 505//505 500//500 504//504
f 506//506 500//500 505//505
f 507//507 500//500 506//506
f 508//508 500//500 507//507
f 509//509 500//500 508//508
f 510//510 500//500 509//509
f 511//511 500//500 510//510
f 512//512 500//500 511//511
f 512//512 513//513 500//500
f 514//514 513//513 512//512
f 515//515 513//513 514//514
f 516//516 513//513 515//515
f 517//517 513//513 516//516
f 518//518 513//513 517//517
f 519//519 513//513 518//518
f 519//519 520//520 513//513
f 521//521 520//520 519//519
f 522//522 520//520 521//521
f 523//523 520//520 522//522
f 524//524 520//520 523//523
f 524//524 525//525 520//520
f 526//526 525//525 524//524
f 527//527 525//525 526//526
f 528//528 525//525 527//527
f 529//529 525//525 528//528
f 530//530 525//525 529//529
f 531//531 525//525 530//530
f 532//532 525//525 531//531
f 532//532 533//533 525//525
f 534//534 533//533 532//532
f 535//535 533//533 534//534
f 536//536 533//533 535//535
f 537//537 533//533 536//536
f 538//538 533//533 537//537
f 539//539 533//533 538//538
f 540//540 533//533 539//539
f 540//540 541//541 533//533
f 542//542 541//541 540//540
f 543//543 541//541 542//542
f 543//543 544//544 541//541
f 545//545 544//544 543//543
f 545//545 348//348 544//544
f 316//316 348//348 545//545
f 316//316 349//349 348//348
f 315//315 349//349 316//316
f 315//315 350//350 349//349
f 314//314 350//350 315//315
f 314//314 351//351 350//350
f 313//313 351//351 314//314
f 313//313 352//352 351//351
f 312//312 352//352 313//313
f 312//312 353//353 352//352
f 311//311 353//353 312//312
f 311//311 354//354 353//353
f 309//309 354//354 311//311
f 309//309 355//355 354//354
f 310//310 355//355 309//309
f 355//355 310//310 356//356
f 546//546 547//547 398//398
f 548//548 547//547 546//546
f 549//549 547//547 548//548
f 550//550 547//547 549//549
f 551//551 547//547 550//550
f 552//552 547//547 551//551
f 553//553 547//547 552//552
f 554//554 547//547 553//553
f 555//555 547//547 554//554
f 556//556 547//547 555//555
f 557//557 547//547 556//556
f 558//558 547//547 557//557
f 559//559 547//547 558//558
f 560//560 547//547 559//559
f 561//561 547//547 560//560
f 562//562 547//547 561//561
f 563//563 547//547 562//562
f 564//564 547//547 563//563
f 565//565 547//547 564//564
f 566//566 565//565 567//567
f 568//568 565//565 566//566
f 569//569 565//565 568//568
f 570//570 565//565 569//569
f 571//571 565//565 570//570
f 572//572 565//565 571//571
f 573//573 565//565 572//572
f 574//574 565//565 573//573
f 575//575 565//565 574//574
f 576//576 565//565 575//575
f 577//577 565//565 576//576
f 578//578 565//565 577//577
f 579//579 565//565 578//578
f 580//580 565//565 579//579
f 581//581 565//565 580//580
f 582//582 565//565 581//581
f 583//583 565//565 582//582
f 584//584 565//565 583//583
f 585//585 565//565 584//584
f 586//586 565//565 585//585
f 587//587 565//565 586//586
f 588//588 565//565 587//587
f 589//589 565//565 588//588
f 589//589 547//547 565//565
f 590//590 547//547 589//589
f 591//591 547//547 590//590
f 592//592 547//547 591//591
f 593//593 547//547 592//592
f 594//594 547//547 593//593
f 595//595 547//547 594//594
f 596//596 547//547 595//595
f 597//597 547//547 596//596
f 598//598 547//547 597//597
f 599//599 547//547 598//598
f 600//600 547//547 599//599
f 601//601 547//547 600//600
f 602//602 547//547 601//601
f 603//603 547//547 602//602
f 604//604 547//547 603//603
f 605//605 547//547 604//604
f 606//606 547//547 605//605
f 607//607 547//547 606//606
f 608//608 547//547 607//607
f 609//609 547//547 608//608
f 610//610 547//547 609//609
f 611//611 547//547 610//610
f 612//612 547//547 611//611
f 613//613 547//547 612//612
f 614//614 547//547 613//613
f 615//615 547//547 614//614
f 616//616 547//547 615//615
f 617//617 547//547 616//616
f 618//618 547//547 617//617
f 619//619 547//547 618//618
f 620//620 547//547 619//619
f 621//621 547//547 620//620
f 622//622 547//547 621//621
f 623//623 547//547 622//622
f 624//624 547//547 623//623
f 625//625 547//547 624//624
f 626//626 547//547 625//625
f 627//627 547//547 626//626
f 628//628 547//547 627//627
f 628//628 629//629 547//547
f 630//630 629//629 628//628
f 631//631 629//629 630//630
f 632//632 629//629 631//631
f 633//633 629//629 632//632
f 634//634 629//629 633//633
f 635//635 629//629 634//634
f 636//636 629//629 635//635
f 637//637 629//629 636//636
f 638//638 629//629 637//637
f 639//639 629//629 638//638
f 640//640 629//629 639//639
f 641//641 629//629 640//640
f 642//642 629//629 641//641
f 643//643 629//629 642//642
f 644//644 629//629 643//643
f 645//645 629//629 644//644
f 646//646 629//629 645//645
f 629//629 647//647 648//648
f 629//629 396//396 647//647
f 629//629 399//399 396//396
f 629//629 649//649 399//399
f 629//629 650//650 649//649
f 629//629 651//651 650//650
f 629//629 652//652 651//651
f 629//629 653//653 652//652
f 629//629 654//654 653//653
f 654//654 629//629 646//646
f 333//333 335//335 334//334
f 333//333 336//336 335//335
f 332//332 336//336 333//333
f 332//332 337//337 336//336
f 331//331 337//337 332//332
f 331//331 338//338 337//337
f 330//330 338//338 331//331
f 330//330 339//339 338//338
f 329//329 339//339 330//330
f 329//329 340//340 339//339
f 328//328 340//340 329//329
f 328//328 341//341 340//340
f 327//327 341//341 328//328
f 327//327 342//342 341//341
f 326//326 342//342 327//327
f 326//326 343//343 342//342
f 325//325 343//343 326//326
f 325//325 344//344 343//343
f 324//324 344//344 325//325
f 324//324 345//345 344//344
f 323//323 345//345 324//324
f 323//323 358//358 345//345
f 322//322 358//358 323//323
f 322//322 655//655 358//358
f 322//322 656//656 655//655
f 322//322 657//657 656//656
f 657//657 658//658 659//659
f 657//657 660//660 658//658
f 657//657 661//661 660//660
f 657//657 662//662 661//661
f 657//657 663//663 662//662
f 657//657 664//664 663//663
f 657//657 665//665 664//664
f 657//657 666//666 665//665
f 657//657 667//667 666//666
f 657//657 668//668 667//667
f 657//657 669//669 668//668
f 657//657 670//670 669//669
f 657//657 671//671 670//670
f 657//657 672//672 671//671
f 657//657 673//673 672//672
f 657//657 674//674 673//673
f 657//657 675//675 674//674
f 657//657 676//676 675//675
f 657//657 677//677 676//676
f 657//657 678//678 677//677
f 657//657 679//679 678//678
f 657//657 680//680 679//679
f 657//657 681//681 680//680
f 657//657 682//682 681//681
f 657//657 683//683 682//682
f 657//657 684//684 683//683
f 657//657 685//685 684//684
f 657//657 686//686 685//685
f 657//657 687//687 686//686
f 657//657 688//688 687//687
f 657//657 689//689 688//688
f 657//657 690//690 689//689
f 657//657 691//691 690//690
f 657//657 692//692 691//691
f 657//657 693//693 692//692
f 657//657 694//694 693//693
f 657//657 695//695 694//694
f 657//657 696//696 695//695
f 657//657 697//697 696//696
f 657//657 698//698 697//697
f 657//657 699//699 698//698
f 657//657 700//700 699//699
f 657//657 701//701 700//700
f 657//657 702//702 701//701
f 657//657 703//703 702//702
f 657//657 704//704 703//703
f 657//657 705//705 704//704
f 657//657 706//706 705//705
f 657//657 707//707 706//706
f 657//657 708//708 707//707
f 657//657 709//709 708//708
f 657//657 710//710 709//709
f 657//657 711//711 710//710
f 657//657 712//712 711//711
f 657//657 713//713 712//712
f 657//657 714//714 713//713
f 657//657 715//715 714//714
f 657//657 716//716 715//715
f 657//657 717//717 716//716
f 657//657 718//718 717//717
f 657//657 719//719 718//718
f 657//657 720//720 719//719
f 657//657 721//721 720//720
f 657//657 722//722 721//721
f 657//657 723//723 722//722
f 657//657 724//724 723//723
f 657//657 725//725 724//724
f 657//657 726//726 725//725
f 657//657 727//727 726//726
f 657//657 728//728 727//727
f 657//657 729//729 728//728
f 657//657 730//730 729//729
f 657//657 731//731 730//730
f 657//657 732//732 731//731
f 657//657 733//733 732//732
f 321//321 657//657 322//322
f 321//321 733//733 657//657
f 321//321 734//734 733//733
f 321//321 735//735 734//734
f 321//321 736//736 735//735
f 321//321 737//737 736//736
f 321//321 738//738 737//737
f 321//321 739//739 738//738
f 321//321 740//740 739//739
f 321//321 741//741 740//740
f 321//321 742//742 741//741
f 321//321 743//743 742//742
f 321//321 744//744 743//743
f 320//320 744//744 321//321
f 320//320 745//745 744//744
f 320//320 746//746 745//745
f 320//320 747//747 746//746
f 320//320 748//748 747//747
f 320//320 749//749 748//748
f 319//319 749//749 320//320
f 319//319 750//750 749//749
f 319//319 751//751 750//750
f 319//319 752//752 751//751
f 319//319 753//753 752//752
f 319//319 754//754 753//753
f 319//319 755//755 754//754
f 319//319 756//756 755//755
f 319//319 757//757 756//756
f 319//319 758//758 757//757
f 319//319 759//759 758//758
f 319//319 760//760 759//759
f 319//319 761//761 760//760
f 319//319 762//762 761//761
f 318//318 762//762 319//319
f 318//318 763//763 762//762
f 318//318 764//764 763//763
f 318//318 765//765 764//764
f 318//318 766//766 765//765
f 318//318 767//767 766//766
f 318//318 768//768 767//767
f 318//318 769//769 768//768
f 318//318 770//770 769//769
f 318//318 771//771 770//770
f 318//318 772//772 771//771
f 318//318 773//773 772//772
f 317//317 773//773 318//318
f 317//317 774//774 773//773
f 774//774 316//316 545//545
f 316//316 774//774 317//317
f 775//775 655//655 656//656
f 659//659 655//655 775//775
f 776//776 659//659 658//658
f 777//777 659//659 776//776
f 778//778 659//659 777//777
f 779//779 659//659 778//778
f 780//780 659//659 779//779
f 781//781 659//659 780//780
f 374//374 659//659 781//781
f 373//373 659//659 374//374
f 782//782 659//659 373//373
f 659//659 783//783 655//655
f 782//782 783//783 659//659
f 784//784 783//783 782//782
f 784//784 357//357 783//783
f 785//785 357//357 784//784
f 785//785 346//346 357//357
f 786//786 346//346 785//785
f 787//787 346//346 786//786
f 787//787 347//347 346//346
f 788//788 347//347 787//787
f 789//789 347//347 788//788
f 410//410 347//347 789//789
f 411//411 347//347 410//410
f 790//790 347//347 411//411
f 544//544 347//347 790//790
f 347//347 544//544 348//348
f 791//791 660//660 661//661
f 792//792 660//660 791//791
f 793//793 660//660 792//792
f 794//794 660//660 793//793
f 795//795 660//660 794//794
f 796//796 660//660 795//795
f 797//797 660//660 796//796
f 798//798 660//660 797//797
f 799//799 660//660 798//798
f 800//800 660//660 799//799
f 801//801 660//660 800//800
f 802//802 660//660 801//801
f 802//802 803//803 660//660
f 804//804 803//803 802//802
f 805//805 803//803 804//804
f 806//806 803//803 805//805
f 807//807 803//803 806//806
f 808//808 803//803 807//807
f 809//809 803//803 808//808
f 429//429 803//803 809//809
f 428//428 803//803 429//429
f 412//412 803//803 428//428
f 414//414 803//803 412//412
f 402//402 803//803 414//414
f 401//401 803//803 402//402
f 390//390 803//803 401//401
f 392//392 803//803 390//390
f 810//810 803//803 392//392
f 810//810 811//811 803//803
f 810//810 812//812 811//811
f 810//810 813//813 812//812
f 810//810 814//814 813//813
f 810//810 815//815 814//814
f 810//810 816//816 815//815
f 409//409 816//816 810//810
f 409//409 817//817 816//816
f 409//409 818//818 817//817
f 409//409 819//819 818//818
f 409//409 820//820 819//819
f 820//820 409//409 410//410
f 662//662 821//821 661//661
f 822//822 821//821 662//662
f 822//822 823//823 821//821
f 824//824 823//823 822//822
f 824//824 825//825 823//823
f 824//824 826//826 825//825
f 827//827 826//826 824//824
f 827//827 828//828 826//826
f 829//829 828//828 827//827
f 829//829 830//830 828//828
f 831//831 830//830 829//829
f 831//831 832//832 830//830
f 833//833 832//832 831//831
f 833//833 834//834 832//832
f 833//833 835//835 834//834
f 836//836 835//835 833//833
f 836//836 837//837 835//835
f 838//838 837//837 836//836
f 838//838 839//839 837//837
f 840//840 839//839 838//838
f 840//840 841//841 839//839
f 842//842 841//841 840//840
f 843//843 841//841 842//842
f 844//844 841//841 843//843
f 844//844 845//845 841//841
f 846//846 845//845 844//844
f 847//847 845//845 846//846
f 847//847 848//848 845//845
f 849//849 848//848 847//847
f 850//850 848//848 849//849
f 850//850 851//851 848//848
f 852//852 851//851 850//850
f 852//852 853//853 851//851
f 854//854 853//853 852//852
f 854//854 855//855 853//853
f 546//546 855//855 854//854
f 398//398 855//855 546//546
f 397//397 855//855 398//398
f 393//393 855//855 397//397
f 395//395 855//855 393//393
f 856//856 855//855 395//395
f 856//856 857//857 855//855
f 856//856 858//858 857//857
f 856//856 859//859 858//858
f 856//856 860//860 859//859
f 856//856 861//861 860//860
f 856//856 862//862 861//861
f 856//856 863//863 862//862
f 856//856 864//864 863//863
f 856//856 865//865 864//864
f 856//856 866//866 865//865
f 856//856 867//867 866//866
f 856//856 868//868 867//867
f 856//856 869//869 868//868
f 856//856 870//870 869//869
f 856//856 871//871 870//870
f 856//856 872//872 871//871
f 856//856 873//873 872//872
f 856//856 874//874 873//873
f 856//856 875//875 874//874
f 856//856 876//876 875//875
f 856//856 877//877 876//876
f 856//856 878//878 877//877
f 856//856 879//879 878//878
f 856//856 880//880 879//879
f 856//856 881//881 880//880
f 856//856 882//882 881//881
f 856//856 883//883 882//882
f 856//856 884//884 883//883
f 856//856 885//885 884//884
f 856//856 886//886 885//885
f 856//856 887//887 886//886
f 856//856 888//888 887//887
f 856//856 889//889 888//888
f 856//856 890//890 889//889
f 856//856 891//891 890//890
f 856//856 892//892 891//891
f 856//856 893//893 892//892
f 856//856 894//894 893//893
f 856//856 895//895 894//894
f 856//856 896//896 895//895
f 856//856 897//897 896//896
f 856//856 898//898 897//897
f 856//856 899//899 898//898
f 856//856 900//900 899//899
f 901//901 902//902 903//903
f 901//901 904//904 902//902
f 901//901 905//905 904//904
f 901//901 906//906 905//905
f 901//901 907//907 906//906
f 908//908 907//907 901//901
f 908//908 909//909 907//907
f 908//908 910//910 909//909
f 911//911 910//910 908//908
f 912//912 910//910 911//911
f 913//913 910//910 912//912
f 914//914 910//910 913//913
f 915//915 910//910 914//914
f 916//916 910//910 915//915
f 917//917 910//910 916//916
f 918//918 910//910 917//917
f 900//900 910//910 918//918
f 856//856 910//910 900//900
f 856//856 919//919 910//910
f 856//856 920//920 919//919
f 856//856 921//921 920//920
f 856//856 922//922 921//921
f 856//856 923//923 922//922
f 856//856 924//924 923//923
f 856//856 925//925 924//924
f 856//856 926//926 925//925
f 856//856 927//927 926//926
f 653//653 927//927 856//856
f 653//653 928//928 927//927
f 653//653 929//929 928//928
f 653//653 930//930 929//929
f 653//653 931//931 930//930
f 653//653 932//932 931//931
f 653//653 933//933 932//932
f 653//653 934//934 933//933
f 653//653 935//935 934//934
f 653//653 936//936 935//935
f 653//653 937//937 936//936
f 653//653 938//938 937//937
f 653//653 939//939 938//938
f 653//653 940//940 939//939
f 653//653 941//941 940//940
f 653//653 942//942 941//941
f 653//653 943//943 942//942
f 653//653 944//944 943//943
f 653//653 945//945 944//944
f 946//946 653//653 654//654
f 947//947 653//653 946//946
f 947//947 945//945 653//653
f 947//947 948//948 945//945
f 949//949 948//948 947//947
f 950//950 948//948 949//949
f 951//951 948//948 950//950
f 952//952 948//948 951//951
f 952//952 953//953 948//948
f 954//954 953//953 952//952
f 955//955 953//953 954//954
f 955//955 956//956 953//953
f 957//957 956//956 955//955
f 957//957 958//958 956//956
f 959//959 958//958 957//957
f 959//959 960//960 958//958
f 774//774 960//960 959//959
f 960//960 774//774 545//545
f 961//961 740//740 741//741
f 961//961 962//962 740//740
f 961//961 963//963 962//962
f 961//961 964//964 963//963
f 961//961 965//965 964//964
f 961//961 966//966 965//965
f 961//961 967//967 966//966
f 961//961 968//968 967//967
f 961//961 969//969 968//968
f 961//961 970//970 969//969
f 961//961 971//971 970//970
f 961//961 972//972 971//971
f 961//961 973//973 972//972
f 961//961 974//974 973//973
f 961//961 975//975 974//974
f 961//961 976//976 975//975
f 961//961 977//977 976//976
f 961//961 978//978 977//977
f 979//979 978//978 961//961
f 979//979 980//980 978//978
f 981//981 980//980 979//979
f 981//981 982//982 980//980
f 983//983 982//982 981//981
f 983//983 984//984 982//982
f 983//983 985//985 984//984
f 986//986 985//985 983//983
f 987//987 985//985 986//986
f 987//987 988//988 985//985
f 989//989 988//988 987//987
f 989//989 990//990 988//988
f 990//990 989//989 991//991
f 992//992 909//909 910//910
f 992//992 993//993 909//909
f 992//992 994//994 993//993
f 992//992 995//995 994//994
f 992//992 996//996 995//995
f 992//992 997//997 996//996
f 992//992 998//998 997//997
f 992//992 999//999 998//998
f 992//992 1000//1000 999//999
f 992//992 1001//1001 1000//1000
f 992//992 1002//1002 1001//1001
f 992//992 1003//1003 1002//1002
f 992//992 1004//1004 1003//1003
f 992//992 1005//1005 1004//1004
f 992//992 1006//1006 1005//1005
f 992//992 1007//1007 1006//1006
f 992//992 1008//1008 1007//1007
f 992//992 1009//1009 1008//1008
f 1010//1010 1009//1009 992//992
f 1010//1010 1011//1011 1009//1009
f 1012//1012 1011//1011 1010//1010
f 1012//1012 1013//1013 1011//1011
f 1014//1014 1013//1013 1012//1012
f 1014//1014 1015//1015 1013//1013
f 1014//1014 1016//1016 1015//1015
f 1017//1017 1016//1016 1014//1014
f 1018//1018 1016//1016 1017//1017
f 1018//1018 1019//1019 1016//1016
f 1020//1020 1019//1019 1018//1018
f 1020//1020 1021//1021 1019//1019
f 1021//1021 1020//1020 1022//1022
f 1023//1023 648//648 647//647
f 1024//1024 649//649 650//650
f 1025//1025 651//651 652//652
f 1026//1026 408//408 407//407
f 1027//1027 1028//1028 1029//1029
f 1027//1027 1030//1030 1028//1028
f 1031//1031 1030//1030 1027//1027
f 1031//1031 1032//1032 1030//1030
f 1033//1033 1032//1032 1031//1031
f 1033//1033 1034//1034 1032//1032
f 1035//1035 1034//1034 1033//1033
f 1036//1036 1034//1034 1035//1035
f 1036//1036 1037//1037 1034//1034
f 1038//1038 1037//1037 1036//1036
f 1038//1038 1039//1039 1037//1037
f 1040//1040 1039//1039 1038//1038
f 1041//1041 1039//1039 1040//1040
f 1041//1041 1042//1042 1039//1039
f 1043//1043 1042//1042 1041//1041
f 1043//1043 1044//1044 1042//1042
f 1045//1045 1044//1044 1043//1043
f 1046//1046 1044//1044 1045//1045
f 1046//1046 1047//1047 1044//1044
f 1048//1048 1047//1047 1046//1046
f 1049//1049 1047//1047 1048//1048
f 1049//1049 1050//1050 1047//1047
f 1051//1051 1050//1050 1049//1049
f 1052//1052 1050//1050 1051//1051
f 1052//1052 1053//1053 1050//1050
f 1054//1054 1053//1053 1052//1052
f 1055//1055 1053//1053 1054//1054
f 1056//1056 1053//1053 1055//1055
f 1056//1056 1057//1057 1053//1053
f 1058//1058 1057//1057 1056//1056
f 1059//1059 1057//1057 1058//1058
f 1059//1059 1060//1060 1057//1057
f 1061//1061 1060//1060 1059//1059
f 1061//1061 1062//1062 1060//1060
f 1063//1063 1062//1062 1061//1061
f 1064//1064 1062//1062 1063//1063
f 1065//1065 1062//1062 1064//1064
f 1066//1066 1062//1062 1065//1065
f 1067//1067 1062//1062 1066//1066
f 1068//1068 1062//1062 1067//1067
f 1069//1069 1062//1062 1068//1068
f 1070//1070 1062//1062 1069//1069
f 1071//1071 1062//1062 1070//1070
f 1072//1072 1062//1062 1071//1071
f 1073//1073 1062//1062 1072//1072
f 1074//1074 1062//1062 1073//1073
f 1075//1075 1062//1062 1074//1074
f 1076//1076 1062//1062 1075//1075
f 1077//1077 1062//1062 1076//1076
f 1078//1078 1062//1062 1077//1077
f 1079//1079 1062//1062 1078//1078
f 1080//1080 1062//1062 1079//1079
f 1081//1081 1062//1062 1080//1080
f 1082//1082 1062//1062 1081//1081
f 1083//1083 1062//1062 1082//1082
f 1083//1083 1084//1084 1062//1062
f 1084//1084 448//448 446//446
f 448//448 1084//1084 1083//1083
f 1085//1085 1086//1086 1087//1087
f 1085//1085 1088//1088 1086//1086
f 1089//1089 1088//1088 1085//1085
f 1089//1089 1090//1090 1088//1088
f 1091//1091 1090//1090 1089//1089
f 1091//1091 1092//1092 1090//1090
f 1093//1093 1092//1092 1091//1091
f 1094//1094 1092//1092 1093//1093
f 1094//1094 1095//1095 1092//1092
f 1096//1096 1095//1095 1094//1094
f 1096//1096 1097//1097 1095//1095
f 1098//1098 1097//1097 1096//1096
f 1099//1099 1097//1097 1098//1098
f 1099//1099 1100//1100 1097//1097
f 1101//1101 1100//1100 1099//1099
f 1101//1101 1102//1102 1100//1100
f 1103//1103 1102//1102 1101//1101
f 1104//1104 1102//1102 1103//1103
f 1104//1104 1105//1105 1102//1102
f 1106//1106 1105//1105 1104//1104
f 1107//1107 1105//1105 1106//1106
f 1107//1107 1108//1108 1105//1105
f 1109//1109 1108//1108 1107//1107
f 1110//1110 1108//1108 1109//1109
f 1110//1110 1111//1111 1108//1108
f 1112//1112 1111//1111 1110//1110
f 1113//1113 1111//1111 1112//1112
f 1114//1114 1111//1111 1113//1113
f 1114//1114 1115//1115 1111//1111
f 1116//1116 1115//1115 1114//1114
f 1117//1117 1115//1115 1116//1116
f 1117//1117 1118//1118 1115//1115
f 1119//1119 1118//1118 1117//1117
f 1120//1120 1118//1118 1119//1119
f 1120//1120 1121//1121 1118//1118
f 1122//1122 1121//1121 1120//1120
f 1123//1123 1121//1121 1122//1122
f 1124//1124 1121//1121 1123//1123
f 1125//1125 1121//1121 1124//1124
f 1126//1126 1121//1121 1125//1125
f 1127//1127 1121//1121 1126//1126
f 1128//1128 1121//1121 1127//1127
f 1129//1129 1121//1121 1128//1128
f 1130//1130 1121//1121 1129//1129
f 1131//1131 1121//1121 1130//1130
f 1132//1132 1121//1121 1131//1131
f 1133//1133 1121//1121 1132//1132
f 1134//1134 1121//1121 1133//1133
f 1135//1135 1121//1121 1134//1134
f 1136//1136 1121//1121 1135//1135
f 1137//1137 1121//1121 1136//1136
f 1138//1138 1121//1121 1137//1137
f 1139//1139 1121//1121 1138//1138
f 1140//1140 1121//1121 1139//1139
f 1141//1141 1121//1121 1140//1140
f 1141//1141 1142//1142 1121//1121
f 1142//1142 567//567 565//565
f 567//567 1142//1142 1141//1141
f 783//783 170//170 171//171
f 170//170 783//783 357//357
f 172//172 171//171 146//146
f 133//133 146//146 171//171
f 655//655 172//172 358//358
f 173//173 358//358 172//172
f 655//655 783//783 172//172
f 171//171 172//172 783//783
f 1143//1143 659//659 1144//1144
f 659//659 1143//1143 657//657
f 659//659 1145//1145 1144//1144
f 1145//1145 659//659 775//775
f 656//656 1143//1143 1146//1146
f 1143//1143 656//656 657//657
f 656//656 1145//1145 775//775
f 1145//1145 656//656 1146//1146
f 1143//1143 1145//1145 1146//1146
f 1145//1145 1143//1143 1144//1144
f 1147//1147 1148//1148 1149//1149
f 1148//1148 1147//1147 1150//1150
f 1151//1151 1152//1152 1153//1153
f 1152//1152 1151//1151 1154//1154
f 1155//1155 1156//1156 1157//1157
f 1156//1156 1155//1155 1158//1158
f 1159//1159 1160//1160 1161//1161
f 1160//1160 1159//1159 1162//1162
f 1163//1163 1164//1164 1165//1165
f 1166//1166 1165//1165 1164//1164
f 1167//1167 1163//1163 1168//1168
f 1165//1165 1168//1168 1163//1163
f 1164//1164 1169//1169 1166//1166
f 1170//1170 1166//1166 1169//1169
f 1171//1171 1172//1172 1173//1173
f 1174//1174 1173//1173 1172//1172
f 1173//1173 1174//1174 1175//1175
f 1176//1176 1175//1175 1174//1174
f 1175//1175 1176//1176 1177//1177
f 1178//1178 1177//1177 1176//1176
f 1177//1177 1178//1178 1179//1179
f 1180//1180 1179//1179 1178//1178
f 1179//1179 1180//1180 1181//1181
f 1182//1182 1181//1181 1180//1180
f 1181//1181 1182//1182 1183//1183
f 1184//1184 1183//1183 1182//1182
f 1183//1183 1184//1184 1185//1185
f 1186//1186 1185//1185 1184//1184
f 1186//1186 1187//1187 1185//1185
f 1188//1188 1185//1185 1187//1187
f 1187//1187 1189//1189 1188//1188
f 1190//1190 1188//1188 1189//1189
f 1189//1189 1191//1191 1190//1190
f 1192//1192 1190//1190 1191//1191
f 1191//1191 1193//1193 1192//1192
f 1194//1194 1192//1192 1193//1193
f 1193//1193 1195//1195 1194//1194
f 1196//1196 1194//1194 1195//1195
f 1195//1195 1159//1159 1196//1196
f 1162//1162 1196//1196 1159//1159
f 1161//1161 1159//1159 1197//1197
f 1195//1195 1197//1197 1159//1159
f 1193//1193 1197//1197 1195//1195
f 1191//1191 1197//1197 1193//1193
f 1189//1189 1197//1197 1191//1191
f 1198//1198 1197//1197 1189//1189
f 1187//1187 1198//1198 1189//1189
f 1186//1186 1198//1198 1187//1187
f 1184//1184 1198//1198 1186//1186
f 1182//1182 1198//1198 1184//1184
f 1199//1199 1198//1198 1182//1182
f 1180//1180 1199//1199 1182//1182
f 1178//1178 1199//1199 1180//1180
f 1176//1176 1199//1199 1178//1178
f 1174//1174 1199//1199 1176//1176
f 1172//1172 1199//1199 1174//1174
f 1200//1200 1199//1199 1172//1172
f 1201//1201 1200//1200 1172//1172
f 1202//1202 1200//1200 1201//1201
f 1203//1203 1202//1202 1201//1201
f 1204//1204 1203//1203 1201//1201
f 1205//1205 1204//1204 1201//1201
f 1206//1206 1205//1205 1201//1201
f 1207//1207 1206//1206 1201//1201
f 1208//1208 1207//1207 1201//1201
f 1209//1209 1208//1208 1201//1201
f 1210//1210 1209//1209 1201//1201
f 1148//1148 1149//1149 1211//1211
f 1212//1212 1211//1211 1149//1149
f 1213//1213 1211//1211 1212//1212
f 1214//1214 1213//1213 1212//1212
f 1215//1215 1214//1214 1212//1212
f 1216//1216 1215//1215 1212//1212
f 1217//1217 1215//1215 1216//1216
f 1218//1218 1217//1217 1216//1216
f 1219//1219 1218//1218 1216//1216
f 1220//1220 1219//1219 1216//1216
f 1221//1221 1220//1220 1216//1216
f 1222//1222 1220//1220 1221//1221
f 1223//1223 1222//1222 1221//1221
f 1224//1224 1223//1223 1221//1221
f 1225//1225 1224//1224 1221//1221
f 1172//1172 1225//1225 1221//1221
f 1226//1226 1172//1172 1221//1221
f 1201//1201 1172//1172 1226//1226
f 1227//1227 1201//1201 1226//1226
f 1228//1228 1201//1201 1227//1227
f 1229//1229 1201//1201 1228//1228
f 1230//1230 1201//1201 1229//1229
f 1231//1231 1201//1201 1230//1230
f 1232//1232 1201//1201 1231//1231
f 1233//1233 1201//1201 1232//1232
f 1234//1234 1201//1201 1233//1233
f 1210//1210 1201//1201 1234//1234
f 1150//1150 1148//1148 1235//1235
f 1211//1211 1235//1235 1148//1148
f 1235//1235 1211//1211 1236//1236
f 1213//1213 1236//1236 1211//1211
f 1236//1236 1213//1213 1237//1237
f 1214//1214 1237//1237 1213//1213
f 1237//1237 1214//1214 1238//1238
f 1215//1215 1238//1238 1214//1214
f 1238//1238 1215//1215 1239//1239
f 1217//1217 1239//1239 1215//1215
f 1239//1239 1217//1217 1240//1240
f 1218//1218 1240//1240 1217//1217
f 1241//1241 1240//1240 1219//1219
f 1218//1218 1219//1219 1240//1240
f 1242//1242 1241//1241 1220//1220
f 1219//1219 1220//1220 1241//1241
f 1243//1243 1242//1242 1222//1222
f 1220//1220 1222//1222 1242//1242
f 1244//1244 1243//1243 1223//1223
f 1222//1222 1223//1223 1243//1243
f 1245//1245 1244//1244 1224//1224
f 1223//1223 1224//1224 1244//1244
f 1246//1246 1245//1245 1225//1225
f 1224//1224 1225//1225 1245//1245
f 1247//1247 1246//1246 1172//1172
f 1225//1225 1172//1172 1246//1246
f 1248//1248 1249//1249 1250//1250
f 1251//1251 1250//1250 1249//1249
f 1252//1252 1251//1251 1249//1249
f 1253//1253 1251//1251 1252//1252
f 1254//1254 1253//1253 1252//1252
f 1255//1255 1254//1254 1252//1252
f 1167//1167 1254//1254 1255//1255
f 1256//1256 1167//1167 1255//1255
f 1163//1163 1167//1167 1256//1256
f 1257//1257 1163//1163 1256//1256
f 1164//1164 1163//1163 1257//1257
f 1258//1258 1164//1164 1257//1257
f 1169//1169 1164//1164 1258//1258
f 1259//1259 1169//1169 1258//1258
f 1260//1260 1169//1169 1259//1259
f 1261//1261 1260//1260 1259//1259
f 1169//1169 1260//1260 1170//1170
f 1171//1171 1170//1170 1260//1260
f 1262//1262 1170//1170 1171//1171
f 1263//1263 1170//1170 1262//1262
f 1264//1264 1170//1170 1263//1263
f 1265//1265 1170//1170 1264//1264
f 1266//1266 1170//1170 1265//1265
f 1267//1267 1170//1170 1266//1266
f 1268//1268 1170//1170 1267//1267
f 1269//1269 1170//1170 1268//1268
f 1270//1270 1170//1170 1269//1269
f 1271//1271 1170//1170 1270//1270
f 1160//1160 1272//1272 1162//1162
f 1196//1196 1162//1162 1272//1272
f 1194//1194 1196//1196 1272//1272
f 1192//1192 1194//1194 1272//1272
f 1190//1190 1192//1192 1272//1272
f 1273//1273 1190//1190 1272//1272
f 1188//1188 1190//1190 1273//1273
f 1185//1185 1188//1188 1273//1273
f 1183//1183 1185//1185 1273//1273
f 1181//1181 1183//1183 1273//1273
f 1274//1274 1181//1181 1273//1273
f 1179//1179 1181//1181 1274//1274
f 1177//1177 1179//1179 1274//1274
f 1175//1175 1177//1177 1274//1274
f 1173//1173 1175//1175 1274//1274
f 1171//1171 1173//1173 1274//1274
f 1262//1262 1171//1171 1274//1274
f 1271//1271 1270//1270 1210//1210
f 1209//1209 1210//1210 1270//1270
f 1275//1275 1210//1210 1276//1276
f 1234//1234 1276//1276 1210//1210
f 1147//1147 1150//1150 1277//1277
f 1235//1235 1277//1277 1150//1150
f 1236//1236 1277//1277 1235//1235
f 1237//1237 1277//1277 1236//1236
f 1238//1238 1277//1277 1237//1237
f 1278//1278 1277//1277 1238//1238
f 1239//1239 1278//1278 1238//1238
f 1240//1240 1278//1278 1239//1239
f 1241//1241 1278//1278 1240//1240
f 1242//1242 1278//1278 1241//1241
f 1279//1279 1278//1278 1242//1242
f 1243//1243 1279//1279 1242//1242
f 1244//1244 1279//1279 1243//1243
f 1245//1245 1279//1279 1244//1244
f 1246//1246 1279//1279 1245//1245
f 1247//1247 1279//1279 1246//1246
f 1280//1280 1279//1279 1247//1247
f 1258//1258 1281//1281 1259//1259
f 1247//1247 1259//1259 1281//1281
f 1280//1280 1247//1247 1281//1281
f 1282//1282 1280//1280 1281//1281
f 1283//1283 1282//1282 1281//1281
f 1284//1284 1283//1283 1281//1281
f 1285//1285 1284//1284 1281//1281
f 1286//1286 1285//1285 1281//1281
f 1287//1287 1286//1286 1281//1281
f 1288//1288 1287//1287 1281//1281
f 1276//1276 1288//1288 1281//1281
f 1275//1275 1276//1276 1281//1281
f 1281//1281 1289//1289 1275//1275
f 1290//1290 1275//1275 1289//1289
f 1291//1291 1275//1275 1290//1290
f 1292//1292 1275//1275 1291//1291
f 1293//1293 1275//1275 1292//1292
f 1294//1294 1275//1275 1293//1293
f 1295//1295 1275//1275 1294//1294
f 1296//1296 1275//1275 1295//1295
f 1170//1170 1271//1271 1297//1297
f 1298//1298 1297//1297 1271//1271
f 1299//1299 1298//1298 1271//1271
f 1300//1300 1299//1299 1271//1271
f 1301//1301 1300//1300 1271//1271
f 1302//1302 1301//1301 1271//1271
f 1296//1296 1302//1302 1271//1271
f 1275//1275 1296//1296 1271//1271
f 1210//1210 1275//1275 1271//1271
f 1150//1150 1147//1147 1148//1148
f 1149//1149 1148//1148 1147//1147
f 1158//1158 1303//1303 1304//1304
f 1303//1303 1158//1158 1155//1155
f 1304//1304 1305//1305 1306//1306
f 1305//1305 1304//1304 1303//1303
f 1306//1306 1307//1307 1308//1308
f 1307//1307 1306//1306 1305//1305
f 1308//1308 1309//1309 1310//1310
f 1309//1309 1308//1308 1307//1307
f 1311//1311 1309//1309 1312//1312
f 1309//1309 1311//1311 1310//1310
f 1313//1313 1312//1312 1314//1314
f 1312//1312 1313//1313 1311//1311
f 1315//1315 1314//1314 1316//1316
f 1314//1314 1315//1315 1313//1313
f 1317//1317 1316//1316 1318//1318
f 1316//1316 1317//1317 1315//1315
f 1319//1319 1318//1318 1320//1320
f 1318//1318 1319//1319 1317//1317
f 1321//1321 1320//1320 1322//1322
f 1320//1320 1321//1321 1319//1319
f 1323//1323 1322//1322 1324//1324
f 1322//1322 1323//1323 1321//1321
f 1325//1325 1324//1324 1326//1326
f 1324//1324 1325//1325 1323//1323
f 1327//1327 1328//1328 1329//1329
f 1328//1328 1327//1327 1330//1330
f 1331//1331 1330//1330 1327//1327
f 1330//1330 1331//1331 1332//1332
f 1333//1333 1332//1332 1331//1331
f 1332//1332 1333//1333 1334//1334
f 1335//1335 1334//1334 1333//1333
f 1334//1334 1335//1335 1336//1336
f 1337//1337 1336//1336 1335//1335
f 1336//1336 1337//1337 1338//1338
f 1154//1154 1339//1339 1152//1152
f 1339//1339 1154//1154 1340//1340
f 1341//1341 1338//1338 1337//1337
f 1338//1338 1341//1341 1342//1342
f 1340//1340 1343//1343 1339//1339
f 1343//1343 1340//1340 1344//1344
f 1345//1345 1342//1342 1341//1341
f 1342//1342 1345//1345 1346//1346
f 1344//1344 1347//1347 1343//1343
f 1347//1347 1344//1344 1348//1348
f 1349//1349 1346//1346 1345//1345
f 1346//1346 1349//1349 1350//1350
f 1348//1348 1349//1349 1347//1347
f 1349//1349 1348//1348 1350//1350
f 1249//1249 1351//1351 1248//1248
f 1351//1351 1249//1249 1352//1352
f 1248//1248 1353//1353 1250//1250
f 1353//1353 1248//1248 1351//1351
f 1354//1354 1355//1355 1356//1356
f 1355//1355 1354//1354 1357//1357
f 1357//1357 1354//1354 1355//1355
f 1356//1356 1355//1355 1354//1354
f 1247//1247 1261//1261 1172//1172
f 1261//1261 1247//1247 1259//1259
f 1172//1172 1260//1260 1171//1171
f 1260//1260 1172//1172 1261//1261
f 1259//1259 1247//1247 1261//1261
f 1172//1172 1261//1261 1247//1247
f 1261//1261 1172//1172 1260//1260
f 1171//1171 1260//1260 1172//1172
f 1162//1162 1159//1159 1160//1160
f 1161//1161 1160//1160 1159//1159
f 1269//1269 1209//1209 1208//1208
f 1209//1209 1269//1269 1270//1270
f 1268//1268 1208//1208 1207//1207
f 1208//1208 1268//1268 1269//1269
f 1267//1267 1207//1207 1206//1206
f 1207//1207 1267//1267 1268//1268
f 1266//1266 1206//1206 1205//1205
f 1206//1206 1266//1266 1267//1267
f 1265//1265 1205//1205 1204//1204
f 1205//1205 1265//1265 1266//1266
f 1264//1264 1204//1204 1203//1203
f 1204//1204 1264//1264 1265//1265
f 1263//1263 1203//1203 1202//1202
f 1203//1203 1263//1263 1264//1264
f 1262//1262 1202//1202 1200//1200
f 1202//1202 1262//1262 1263//1263
f 1262//1262 1199//1199 1274//1274
f 1199//1199 1262//1262 1200//1200
f 1274//1274 1198//1198 1273//1273
f 1198//1198 1274//1274 1199//1199
f 1273//1273 1197//1197 1272//1272
f 1197//1197 1273//1273 1198//1198
f 1272//1272 1161//1161 1160//1160
f 1161//1161 1272//1272 1197//1197
f 1270//1270 1269//1269 1209//1209
f 1208//1208 1209//1209 1269//1269
f 1269//1269 1268//1268 1208//1208
f 1207//1207 1208//1208 1268//1268
f 1268//1268 1267//1267 1207//1207
f 1206//1206 1207//1207 1267//1267
f 1267//1267 1266//1266 1206//1206
f 1205//1205 1206//1206 1266//1266
f 1266//1266 1265//1265 1205//1205
f 1204//1204 1205//1205 1265//1265
f 1265//1265 1264//1264 1204//1204
f 1203//1203 1204//1204 1264//1264
f 1264//1264 1263//1263 1203//1203
f 1202//1202 1203//1203 1263//1263
f 1263//1263 1262//1262 1202//1202
f 1200//1200 1202//1202 1262//1262
f 1200//1200 1262//1262 1199//1199
f 1274//1274 1199//1199 1262//1262
f 1199//1199 1274//1274 1198//1198
f 1273//1273 1198//1198 1274//1274
f 1198//1198 1273//1273 1197//1197
f 1272//1272 1197//1197 1273//1273
f 1197//1197 1272//1272 1161//1161
f 1160//1160 1161//1161 1272//1272
f 1234//1234 1288//1288 1233//1233
f 1288//1288 1234//1234 1276//1276
f 1233//1233 1287//1287 1232//1232
f 1287//1287 1233//1233 1288//1288
f 1232//1232 1286//1286 1231//1231
f 1286//1286 1232//1232 1287//1287
f 1231//1231 1285//1285 1230//1230
f 1285//1285 1231//1231 1286//1286
f 1230//1230 1284//1284 1229//1229
f 1284//1284 1230//1230 1285//1285
f 1229//1229 1283//1283 1228//1228
f 1283//1283 1229//1229 1284//1284
f 1228//1228 1282//1282 1227//1227
f 1282//1282 1228//1228 1283//1283
f 1227//1227 1280//1280 1226//1226
f 1280//1280 1227//1227 1282//1282
f 1280//1280 1221//1221 1226//1226
f 1221//1221 1280//1280 1279//1279
f 1279//1279 1216//1216 1221//1221
f 1216//1216 1279//1279 1278//1278
f 1278//1278 1212//1212 1216//1216
f 1212//1212 1278//1278 1277//1277
f 1277//1277 1149//1149 1212//1212
f 1149//1149 1277//1277 1147//1147
f 1276//1276 1234//1234 1288//1288
f 1233//1233 1288//1288 1234//1234
f 1288//1288 1233//1233 1287//1287
f 1232//1232 1287//1287 1233//1233
f 1287//1287 1232//1232 1286//1286
f 1231//1231 1286//1286 1232//1232
f 1286//1286 1231//1231 1285//1285
f 1230//1230 1285//1285 1231//1231
f 1285//1285 1230//1230 1284//1284
f 1229//1229 1284//1284 1230//1230
f 1284//1284 1229//1229 1283//1283
f 1228//1228 1283//1283 1229//1229
f 1283//1283 1228//1228 1282//1282
f 1227//1227 1282//1282 1228//1228
f 1282//1282 1227//1227 1280//1280
f 1226//1226 1280//1280 1227//1227
f 1279//1279 1280//1280 1221//1221
f 1226//1226 1221//1221 1280//1280
f 1278//1278 1279//1279 1216//1216
f 1221//1221 1216//1216 1279//1279
f 1277//1277 1278//1278 1212//1212
f 1216//1216 1212//1212 1278//1278
f 1147//1147 1277//1277 1149//1149
f 1212//1212 1149//1149 1277//1277
f 120//120 258//258 256//256
f 258//258 120//120 119//119
f 131//131 236//236 234//234
f 236//236 131//131 130//130
f 131//131 235//235 132//132
f 235//235 131//131 234//234
f 201//201 119//119 120//120
f 119//119 201//201 200//200
f 121//121 256//256 253//253
f 121//121 120//120 256//256
f 202//202 120//120 121//121
f 120//120 202//202 201//201
f 122//122 253//253 252//252
f 122//122 121//121 253//253
f 203//203 121//121 122//122
f 121//121 203//203 202//202
f 123//123 252//252 249//249
f 123//123 122//122 252//252
f 204//204 122//122 123//123
f 122//122 204//204 203//203
f 124//124 249//249 248//248
f 124//124 123//123 249//249
f 205//205 123//123 124//124
f 123//123 205//205 204//204
f 125//125 248//248 245//245
f 125//125 124//124 248//248
f 206//206 124//124 125//125
f 124//124 206//206 205//205
f 207//207 245//245 126//126
f 206//206 245//245 207//207
f 245//245 206//206 125//125
f 243//243 126//126 245//245
f 208//208 243//243 127//127
f 207//207 243//243 208//208
f 243//243 207//207 126//126
f 242//242 127//127 243//243
f 209//209 242//242 128//128
f 208//208 242//242 209//209
f 242//242 208//208 127//127
f 240//240 128//128 242//242
f 210//210 240//240 129//129
f 209//209 240//240 210//210
f 240//240 209//209 128//128
f 238//238 129//129 240//240
f 211//211 238//238 130//130
f 210//210 238//238 211//211
f 238//238 210//210 129//129
f 236//236 130//130 238//238
f 211//211 131//131 185//185
f 131//131 211//211 130//130
f 185//185 132//132 184//184
f 132//132 185//185 131//131
f 184//184 157//157 183//183
f 157//157 184//184 132//132
f 183//183 156//156 182//182
f 156//156 183//183 157//157
f 181//181 154//154 180//180
f 154//154 181//181 155//155
f 175//175 150//150 149//149
f 150//150 175//175 176//176
f 335//335 185//185 184//184
f 185//185 335//335 334//334
f 335//335 183//183 336//336
f 183//183 335//335 184//184
f 336//336 182//182 337//337
f 182//182 336//336 183//183
f 338//338 155//155 181//181
f 337//337 155//155 338//338
f 182//182 155//155 337//337
f 155//155 182//182 156//156
f 338//338 180//180 339//339
f 180//180 338//338 181//181
f 340//340 153//153 179//179
f 339//339 153//153 340//340
f 180//180 153//153 339//339
f 153//153 180//180 154//154
f 341//341 152//152 178//178
f 340//340 152//152 341//341
f 179//179 152//152 340//340
f 152//152 179//179 153//153
f 177//177 152//152 151//151
f 177//177 178//178 152//152
f 342//342 178//178 177//177
f 178//178 342//342 341//341
f 176//176 151//151 150//150
f 176//176 177//177 151//151
f 343//343 177//177 176//176
f 177//177 343//343 342//342
f 344//344 176//176 175//175
f 176//176 344//344 343//343
f 174//174 149//149 148//148
f 174//174 175//175 149//149
f 345//345 175//175 174//174
f 175//175 345//345 344//344
f 133//133 257//257 260//260
f 257//257 133//133 146//146
f 172//172 147//147 146//146
f 147//147 172//172 173//173
f 173//173 148//148 147//147
f 173//173 174//174 148//148
f 358//358 174//174 173//173
f 174//174 358//358 345//345
f 171//171 146//146 133//133
f 146//146 171//171 172//172
f 172//172 358//358 173//173
f 358//358 172//172 655//655
f 783//783 172//172 171//171
f 172//172 783//783 655//655
f 660//660 776//776 658//658
f 803//803 776//776 660//660
f 803//803 777//777 776//776
f 811//811 777//777 803//803
f 811//811 778//778 777//777
f 812//812 778//778 811//811
f 812//812 779//779 778//778
f 813//813 779//779 812//812
f 813//813 780//780 779//779
f 813//813 361//361 780//780
f 813//813 359//359 361//361
f 813//813 362//362 359//359
f 813//813 364//364 362//362
f 813//813 366//366 364//364
f 813//813 368//368 366//366
f 814//814 368//368 813//813
f 814//814 370//370 368//368
f 815//815 370//370 814//814
f 815//815 376//376 370//370
f 815//815 379//379 376//376
f 815//815 381//381 379//379
f 815//815 383//383 381//381
f 815//815 385//385 383//383
f 815//815 387//387 385//385
f 387//387 1358//1358 389//389
f 1358//1358 387//387 815//815
f 360//360 780//780 361//361
f 363//363 780//780 360//360
f 365//365 780//780 363//363
f 367//367 780//780 365//365
f 369//369 780//780 367//367
f 371//371 780//780 369//369
f 371//371 781//781 780//780
f 372//372 781//781 371//371
f 781//781 372//372 374//374
f 375//375 782//782 373//373
f 377//377 782//782 375//375
f 378//378 782//782 377//377
f 378//378 784//784 782//782
f 380//380 784//784 378//378
f 382//382 784//784 380//380
f 384//384 784//784 382//382
f 386//386 784//784 384//384
f 388//388 784//784 386//386
f 388//388 1359//1359 784//784
f 389//389 1359//1359 388//388
f 1358//1358 1359//1359 389//389
f 1360//1360 1359//1359 1358//1358
f 1360//1360 1361//1361 1359//1359
f 1360//1360 1362//1362 1361//1361
f 1360//1360 1363//1363 1362//1362
f 1364//1364 1363//1363 1360//1360
f 1364//1364 1365//1365 1363//1363
f 1364//1364 1366//1366 1365//1365
f 1364//1364 1367//1367 1366//1366
f 1364//1364 1368//1368 1367//1367
f 1369//1369 1368//1368 1364//1364
f 1369//1369 1370//1370 1368//1368
f 1369//1369 1371//1371 1370//1370
f 1369//1369 1372//1372 1371//1371
f 1373//1373 1372//1372 1369//1369
f 1373//1373 1374//1374 1372//1372
f 1373//1373 1375//1375 1374//1374
f 1373//1373 1376//1376 1375//1375
f 1373//1373 1377//1377 1376//1376
f 1377//1377 1373//1373 1378//1378
f 401//401 1026//1026 390//390
f 403//403 1026//1026 401//401
f 1026//1026 403//403 408//408
f 1026//1026 391//391 390//390
f 391//391 1026//1026 407//407
f 391//391 810//810 392//392
f 407//407 810//810 391//391
f 810//810 407//407 409//409
f 428//428 415//415 412//412
f 428//428 417//417 415//415
f 500//500 417//417 428//428
f 500//500 419//419 417//417
f 500//500 421//421 419//419
f 500//500 423//423 421//421
f 500//500 425//425 423//423
f 500//500 426//426 425//425
f 426//426 500//500 513//513
f 413//413 402//402 414//414
f 416//416 402//402 413//413
f 416//416 400//400 402//402
f 418//418 400//400 416//416
f 420//420 400//400 418//418
f 422//422 400//400 420//420
f 424//424 400//400 422//422
f 426//426 400//400 424//424
f 513//513 400//400 426//426
f 513//513 404//404 400//400
f 520//520 404//404 513//513
f 520//520 405//405 404//404
f 525//525 405//405 520//520
f 525//525 406//406 405//405
f 533//533 406//406 525//525
f 533//533 411//411 406//406
f 541//541 411//411 533//533
f 541//541 790//790 411//411
f 790//790 541//541 544//544
f 919//919 992//992 910//910
f 920//920 992//992 919//919
f 921//921 992//992 920//920
f 922//922 992//992 921//921
f 922//922 1010//1010 992//992
f 923//923 1010//1010 922//922
f 923//923 1012//1012 1010//1010
f 924//924 1012//1012 923//923
f 924//924 1014//1014 1012//1012
f 924//924 1017//1017 1014//1014
f 925//925 1017//1017 924//924
f 925//925 1018//1018 1017//1017
f 925//925 1020//1020 1018//1018
f 925//925 1022//1022 1020//1020
f 1022//1022 505//505 504//504
f 1022//1022 506//506 505//505
f 926//926 1022//1022 925//925
f 926//926 506//506 1022//1022
f 926//926 507//507 506//506
f 926//926 508//508 507//507
f 926//926 509//509 508//508
f 926//926 510//510 509//509
f 927//927 510//510 926//926
f 927//927 511//511 510//510
f 927//927 512//512 511//511
f 927//927 514//514 512//512
f 928//928 514//514 927//927
f 928//928 515//515 514//514
f 929//929 515//515 928//928
f 929//929 516//516 515//515
f 929//929 517//517 516//516
f 930//930 517//517 929//929
f 931//931 517//517 930//930
f 931//931 518//518 517//517
f 932//932 518//518 931//931
f 933//933 518//518 932//932
f 934//934 518//518 933//933
f 934//934 519//519 518//518
f 935//935 519//519 934//934
f 936//936 519//519 935//935
f 937//937 519//519 936//936
f 937//937 521//521 519//519
f 938//938 521//521 937//937
f 939//939 521//521 938//938
f 940//940 521//521 939//939
f 940//940 522//522 521//521
f 941//941 522//522 940//940
f 942//942 522//522 941//941
f 942//942 523//523 522//522
f 942//942 524//524 523//523
f 943//943 524//524 942//942
f 943//943 526//526 524//524
f 943//943 527//527 526//526
f 944//944 527//527 943//943
f 944//944 528//528 527//527
f 944//944 529//529 528//528
f 944//944 530//530 529//529
f 945//945 530//530 944//944
f 945//945 531//531 530//530
f 945//945 532//532 531//531
f 945//945 534//534 532//532
f 948//948 534//534 945//945
f 948//948 535//535 534//534
f 948//948 536//536 535//535
f 948//948 537//537 536//536
f 948//948 538//538 537//537
f 953//953 538//538 948//948
f 953//953 539//539 538//538
f 953//953 540//540 539//539
f 956//956 540//540 953//953
f 956//956 542//542 540//540
f 958//958 542//542 956//956
f 958//958 543//543 542//542
f 960//960 543//543 958//958
f 543//543 960//960 545//545
f 875//875 1027//1027 1029//1029
f 875//875 1031//1031 1027//1027
f 875//875 1033//1033 1031//1031
f 875//875 1035//1035 1033//1033
f 875//875 1036//1036 1035//1035
f 875//875 1038//1038 1036//1036
f 875//875 1040//1040 1038//1038
f 875//875 1041//1041 1040//1040
f 875//875 1043//1043 1041//1041
f 876//876 1043//1043 875//875
f 876//876 1045//1045 1043//1043
f 876//876 1046//1046 1045//1045
f 876//876 1048//1048 1046//1046
f 876//876 1049//1049 1048//1048
f 876//876 1051//1051 1049//1049
f 876//876 1052//1052 1051//1051
f 876//876 1054//1054 1052//1052
f 876//876 1055//1055 1054//1054
f 877//877 1055//1055 876//876
f 877//877 1056//1056 1055//1055
f 877//877 1058//1058 1056//1056
f 877//877 1059//1059 1058//1058
f 877//877 1061//1061 1059//1059
f 877//877 1063//1063 1061//1061
f 877//877 1064//1064 1063//1063
f 878//878 1064//1064 877//877
f 878//878 1065//1065 1064//1064
f 878//878 1066//1066 1065//1065
f 878//878 1067//1067 1066//1066
f 878//878 1068//1068 1067//1067
f 879//879 1068//1068 878//878
f 879//879 1069//1069 1068//1068
f 879//879 1070//1070 1069//1069
f 879//879 1071//1071 1070//1070
f 879//879 1072//1072 1071//1071
f 879//879 1073//1073 1072//1072
f 880//880 1073//1073 879//879
f 880//880 1074//1074 1073//1073
f 880//880 1075//1075 1074//1074
f 880//880 1076//1076 1075//1075
f 881//881 1076//1076 880//880
f 881//881 1077//1077 1076//1076
f 881//881 1078//1078 1077//1077
f 881//881 1079//1079 1078//1078
f 881//881 1080//1080 1079//1079
f 882//882 1080//1080 881//881
f 882//882 1081//1081 1080//1080
f 882//882 1082//1082 1081//1081
f 882//882 1083//1083 1082//1082
f 883//883 1083//1083 882//882
f 883//883 448//448 1083//1083
f 883//883 447//447 448//448
f 883//883 449//449 447//447
f 883//883 450//450 449//449
f 884//884 450//450 883//883
f 884//884 451//451 450//450
f 884//884 452//452 451//451
f 884//884 453//453 452//452
f 884//884 454//454 453//453
f 885//885 454//454 884//884
f 885//885 455//455 454//454
f 885//885 456//456 455//455
f 885//885 457//457 456//456
f 885//885 458//458 457//457
f 885//885 459//459 458//458
f 886//886 459//459 885//885
f 886//886 460//460 459//459
f 886//886 461//461 460//460
f 886//886 462//462 461//461
f 886//886 463//463 462//462
f 886//886 464//464 463//463
f 887//887 464//464 886//886
f 888//888 464//464 887//887
f 889//889 464//464 888//888
f 889//889 465//465 464//464
f 890//890 465//465 889//889
f 891//891 465//465 890//890
f 891//891 466//466 465//465
f 892//892 466//466 891//891
f 893//893 466//466 892//892
f 894//894 466//466 893//893
f 894//894 467//467 466//466
f 895//895 467//467 894//894
f 896//896 467//467 895//895
f 896//896 468//468 467//467
f 897//897 468//468 896//896
f 898//898 468//468 897//897
f 899//899 468//468 898//898
f 899//899 469//469 468//468
f 899//899 470//470 469//469
f 899//899 471//471 470//470
f 900//900 471//471 899//899
f 900//900 472//472 471//471
f 900//900 473//473 472//472
f 900//900 474//474 473//473
f 918//918 474//474 900//900
f 918//918 475//475 474//474
f 918//918 476//476 475//475
f 918//918 477//477 476//476
f 917//917 477//477 918//918
f 917//917 478//478 477//477
f 917//917 479//479 478//478
f 916//916 479//479 917//917
f 916//916 480//480 479//479
f 915//915 480//480 916//916
f 915//915 481//481 480//480
f 915//915 482//482 481//481
f 914//914 482//482 915//915
f 914//914 483//483 482//482
f 913//913 483//483 914//914
f 913//913 484//484 483//483
f 913//913 485//485 484//484
f 912//912 485//485 913//913
f 912//912 486//486 485//485
f 912//912 1379//1379 486//486
f 911//911 1379//1379 912//912
f 911//911 1380//1380 1379//1379
f 911//911 1381//1381 1380//1380
f 911//911 1382//1382 1381//1381
f 911//911 1383//1383 1382//1382
f 911//911 1384//1384 1383//1383
f 911//911 1385//1385 1384//1384
f 911//911 1386//1386 1385//1385
f 911//911 1387//1387 1386//1386
f 911//911 1388//1388 1387//1387
f 911//911 1389//1389 1388//1388
f 911//911 487//487 1389//1389
f 908//908 487//487 911//911
f 901//901 487//487 908//908
f 901//901 488//488 487//487
f 903//903 488//488 901//901
f 902//902 488//488 903//903
f 904//904 488//488 902//902
f 905//905 488//488 904//904
f 905//905 489//489 488//488
f 906//906 489//489 905//905
f 907//907 489//489 906//906
f 909//909 489//489 907//907
f 993//993 489//489 909//909
f 994//994 489//489 993//993
f 994//994 490//490 489//489
f 995//995 490//490 994//994
f 996//996 490//490 995//995
f 997//997 490//490 996//996
f 998//998 490//490 997//997
f 998//998 491//491 490//490
f 999//999 491//491 998//998
f 1000//1000 491//491 999//999
f 1000//1000 492//492 491//491
f 1001//1001 492//492 1000//1000
f 1002//1002 492//492 1001//1001
f 1002//1002 493//493 492//492
f 1003//1003 493//493 1002//1002
f 1004//1004 493//493 1003//1003
f 1004//1004 494//494 493//493
f 1005//1005 494//494 1004//1004
f 1006//1006 494//494 1005//1005
f 1007//1007 494//494 1006//1006
f 1007//1007 495//495 494//494
f 1008//1008 495//495 1007//1007
f 1009//1009 495//495 1008//1008
f 1009//1009 496//496 495//495
f 1011//1011 496//496 1009//1009
f 1011//1011 497//497 496//496
f 1013//1013 497//497 1011//1011
f 1013//1013 498//498 497//497
f 1015//1015 498//498 1013//1013
f 1015//1015 499//499 498//498
f 1016//1016 499//499 1015//1015
f 1016//1016 501//501 499//499
f 1016//1016 502//502 501//501
f 1019//1019 502//502 1016//1016
f 1019//1019 503//503 502//502
f 1021//1021 503//503 1019//1019
f 1022//1022 503//503 1021//1021
f 503//503 1022//1022 504//504
f 821//821 791//791 661//661
f 823//823 791//791 821//821
f 823//823 792//792 791//791
f 825//825 792//792 823//823
f 826//826 792//792 825//825
f 826//826 793//793 792//792
f 828//828 793//793 826//826
f 828//828 794//794 793//793
f 830//830 794//794 828//828
f 830//830 795//795 794//794
f 832//832 795//795 830//830
f 832//832 796//796 795//795
f 834//834 796//796 832//832
f 835//835 796//796 834//834
f 835//835 797//797 796//796
f 837//837 797//797 835//835
f 837//837 798//798 797//797
f 839//839 798//798 837//837
f 839//839 799//799 798//798
f 841//841 799//799 839//839
f 841//841 800//800 799//799
f 841//841 801//801 800//800
f 841//841 802//802 801//801
f 845//845 802//802 841//841
f 845//845 804//804 802//802
f 845//845 805//805 804//804
f 848//848 805//805 845//845
f 848//848 806//806 805//805
f 848//848 807//807 806//806
f 851//851 807//807 848//848
f 851//851 808//808 807//807
f 853//853 808//808 851//851
f 853//853 809//809 808//808
f 855//855 809//809 853//853
f 855//855 429//429 809//809
f 855//855 427//427 429//429
f 857//857 427//427 855//855
f 857//857 430//430 427//427
f 858//858 430//430 857//857
f 858//858 431//431 430//430
f 859//859 431//431 858//858
f 859//859 432//432 431//431
f 860//860 432//432 859//859
f 860//860 433//433 432//432
f 861//861 433//433 860//860
f 861//861 434//434 433//433
f 862//862 434//434 861//861
f 862//862 435//435 434//434
f 863//863 435//435 862//862
f 863//863 436//436 435//435
f 864//864 436//436 863//863
f 865//865 436//436 864//864
f 865//865 437//437 436//436
f 866//866 437//437 865//865
f 866//866 438//438 437//437
f 867//867 438//438 866//866
f 868//868 438//438 867//867
f 868//868 439//439 438//438
f 869//869 439//439 868//868
f 870//870 439//439 869//869
f 870//870 440//440 439//439
f 871//871 440//440 870//870
f 871//871 441//441 440//440
f 872//872 441//441 871//871
f 873//873 441//441 872//872
f 873//873 442//442 441//441
f 874//874 442//442 873//873
f 874//874 443//443 442//442
f 875//875 443//443 874//874
f 1029//1029 443//443 875//875
f 1028//1028 443//443 1029//1029
f 1030//1030 443//443 1028//1028
f 1032//1032 443//443 1030//1030
f 1034//1034 443//443 1032//1032
f 1037//1037 443//443 1034//1034
f 1037//1037 444//444 443//443
f 1039//1039 444//444 1037//1037
f 1042//1042 444//444 1039//1039
f 1044//1044 444//444 1042//1042
f 1044//1044 445//445 444//444
f 1047//1047 445//445 1044//1044
f 1050//1050 445//445 1047//1047
f 1053//1053 445//445 1050//1050
f 1057//1057 445//445 1053//1053
f 1060//1060 445//445 1057//1057
f 1062//1062 445//445 1060//1060
f 1084//1084 445//445 1062//1062
f 445//445 1084//1084 446//446
f 742//742 961//961 741//741
f 743//743 961//961 742//742
f 744//744 961//961 743//743
f 745//745 961//961 744//744
f 745//745 979//979 961//961
f 746//746 979//979 745//745
f 746//746 981//981 979//979
f 747//747 981//981 746//746
f 747//747 983//983 981//981
f 747//747 986//986 983//983
f 748//748 986//986 747//747
f 748//748 987//987 986//986
f 748//748 989//989 987//987
f 748//748 991//991 989//989
f 991//991 623//623 622//622
f 991//991 624//624 623//623
f 749//749 991//991 748//748
f 749//749 624//624 991//991
f 749//749 625//625 624//624
f 749//749 626//626 625//625
f 749//749 627//627 626//626
f 749//749 628//628 627//627
f 750//750 628//628 749//749
f 750//750 630//630 628//628
f 750//750 631//631 630//630
f 750//750 632//632 631//631
f 751//751 632//632 750//750
f 751//751 633//633 632//632
f 752//752 633//633 751//751
f 752//752 634//634 633//633
f 752//752 635//635 634//634
f 753//753 635//635 752//752
f 754//754 635//635 753//753
f 754//754 636//636 635//635
f 755//755 636//636 754//754
f 756//756 636//636 755//755
f 757//757 636//636 756//756
f 757//757 637//637 636//636
f 758//758 637//637 757//757
f 759//759 637//637 758//758
f 760//760 637//637 759//759
f 760//760 638//638 637//637
f 761//761 638//638 760//760
f 762//762 638//638 761//761
f 763//763 638//638 762//762
f 763//763 639//639 638//638
f 764//764 639//639 763//763
f 765//765 639//639 764//764
f 765//765 640//640 639//639
f 765//765 641//641 640//640
f 766//766 641//641 765//765
f 766//766 642//642 641//641
f 766//766 643//643 642//642
f 767//767 643//643 766//766
f 767//767 644//644 643//643
f 767//767 645//645 644//644
f 767//767 646//646 645//645
f 768//768 646//646 767//767
f 768//768 654//654 646//646
f 768//768 946//946 654//654
f 768//768 947//947 946//946
f 769//769 947//947 768//768
f 769//769 949//949 947//947
f 769//769 950//950 949//949
f 769//769 951//951 950//950
f 769//769 952//952 951//951
f 770//770 952//952 769//769
f 770//770 954//954 952//952
f 770//770 955//955 954//954
f 771//771 955//955 770//770
f 771//771 957//957 955//955
f 772//772 957//957 771//771
f 772//772 959//959 957//957
f 773//773 959//959 772//772
f 959//959 773//773 774//774
f 698//698 1085//1085 1087//1087
f 698//698 1089//1089 1085//1085
f 698//698 1091//1091 1089//1089
f 698//698 1093//1093 1091//1091
f 698//698 1094//1094 1093//1093
f 698//698 1096//1096 1094//1094
f 698//698 1098//1098 1096//1096
f 698//698 1099//1099 1098//1098
f 698//698 1101//1101 1099//1099
f 699//699 1101//1101 698//698
f 699//699 1103//1103 1101//1101
f 699//699 1104//1104 1103//1103
f 699//699 1106//1106 1104//1104
f 699//699 1107//1107 1106//1106
f 699//699 1109//1109 1107//1107
f 699//699 1110//1110 1109//1109
f 699//699 1112//1112 1110//1110
f 699//699 1113//1113 1112//1112
f 700//700 1113//1113 699//699
f 700//700 1114//1114 1113//1113
f 700//700 1116//1116 1114//1114
f 700//700 1117//1117 1116//1116
f 700//700 1119//1119 1117//1117
f 700//700 1120//1120 1119//1119
f 700//700 1122//1122 1120//1120
f 701//701 1122//1122 700//700
f 701//701 1123//1123 1122//1122
f 701//701 1124//1124 1123//1123
f 701//701 1125//1125 1124//1124
f 701//701 1126//1126 1125//1125
f 702//702 1126//1126 701//701
f 702//702 1127//1127 1126//1126
f 702//702 1128//1128 1127//1127
f 702//702 1129//1129 1128//1128
f 702//702 1130//1130 1129//1129
f 702//702 1131//1131 1130//1130
f 703//703 1131//1131 702//702
f 703//703 1132//1132 1131//1131
f 703//703 1133//1133 1132//1132
f 703//703 1134//1134 1133//1133
f 704//704 1134//1134 703//703
f 704//704 1135//1135 1134//1134
f 704//704 1136//1136 1135//1135
f 704//704 1137//1137 1136//1136
f 704//704 1138//1138 1137//1137
f 705//705 1138//1138 704//704
f 705//705 1139//1139 1138//1138
f 705//705 1140//1140 1139//1139
f 705//705 1141//1141 1140//1140
f 706//706 1141//1141 705//705
f 706//706 567//567 1141//1141
f 706//706 566//566 567//567
f 706//706 568//568 566//566
f 706//706 569//569 568//568
f 707//707 569//569 706//706
f 707//707 570//570 569//569
f 707//707 571//571 570//570
f 707//707 572//572 571//571
f 707//707 573//573 572//572
f 708//708 573//573 707//707
f 708//708 574//574 573//573
f 708//708 575//575 574//574
f 708//708 576//576 575//575
f 708//708 577//577 576//576
f 708//708 578//578 577//577
f 709//709 578//578 708//708
f 709//709 579//579 578//578
f 709//709 580//580 579//579
f 709//709 581//581 580//580
f 709//709 582//582 581//581
f 709//709 583//583 582//582
f 710//710 583//583 709//709
f 711//711 583//583 710//710
f 712//712 583//583 711//711
f 712//712 584//584 583//583
f 713//713 584//584 712//712
f 714//714 584//584 713//713
f 714//714 585//585 584//584
f 715//715 585//585 714//714
f 716//716 585//585 715//715
f 717//717 585//585 716//716
f 717//717 586//586 585//585
f 718//718 586//586 717//717
f 719//719 586//586 718//718
f 719//719 587//587 586//586
f 720//720 587//587 719//719
f 721//721 587//587 720//720
f 722//722 587//587 721//721
f 722//722 588//588 587//587
f 722//722 589//589 588//588
f 722//722 590//590 589//589
f 723//723 590//590 722//722
f 723//723 591//591 590//590
f 723//723 592//592 591//591
f 723//723 593//593 592//592
f 724//724 593//593 723//723
f 724//724 594//594 593//593
f 724//724 595//595 594//594
f 724//724 596//596 595//595
f 725//725 596//596 724//724
f 725//725 597//597 596//596
f 725//725 598//598 597//597
f 726//726 598//598 725//725
f 726//726 599//599 598//598
f 727//727 599//599 726//726
f 727//727 600//600 599//599
f 727//727 601//601 600//600
f 728//728 601//601 727//727
f 728//728 602//602 601//601
f 729//729 602//602 728//728
f 729//729 603//603 602//602
f 729//729 604//604 603//603
f 730//730 604//604 729//729
f 730//730 605//605 604//604
f 730//730 1390//1390 605//605
f 731//731 1390//1390 730//730
f 731//731 1391//1391 1390//1390
f 731//731 1392//1392 1391//1391
f 731//731 1393//1393 1392//1392
f 731//731 1394//1394 1393//1393
f 731//731 1395//1395 1394//1394
f 731//731 1396//1396 1395//1395
f 731//731 1397//1397 1396//1396
f 731//731 1398//1398 1397//1397
f 731//731 1399//1399 1398//1398
f 731//731 1400//1400 1399//1399
f 731//731 606//606 1400//1400
f 732//732 606//606 731//731
f 733//733 606//606 732//732
f 733//733 607//607 606//606
f 734//734 607//607 733//733
f 735//735 607//607 734//734
f 736//736 607//607 735//735
f 737//737 607//607 736//736
f 737//737 608//608 607//607
f 738//738 608//608 737//737
f 739//739 608//608 738//738
f 740//740 608//608 739//739
f 962//962 608//608 740//740
f 963//963 608//608 962//962
f 963//963 609//609 608//608
f 964//964 609//609 963//963
f 965//965 609//609 964//964
f 966//966 609//609 965//965
f 967//967 609//609 966//966
f 967//967 610//610 609//609
f 968//968 610//610 967//967
f 969//969 610//610 968//968
f 969//969 611//611 610//610
f 970//970 611//611 969//969
f 971//971 611//611 970//970
f 971//971 612//612 611//611
f 972//972 612//612 971//971
f 973//973 612//612 972//972
f 973//973 613//613 612//612
f 974//974 613//613 973//973
f 975//975 613//613 974//974
f 976//976 613//613 975//975
f 976//976 614//614 613//613
f 977//977 614//614 976//976
f 978//978 614//614 977//977
f 978//978 615//615 614//614
f 980//980 615//615 978//978
f 980//980 616//616 615//615
f 982//982 616//616 980//980
f 982//982 617//617 616//616
f 984//984 617//617 982//982
f 984//984 618//618 617//617
f 985//985 618//618 984//984
f 985//985 619//619 618//618
f 985//985 620//620 619//619
f 988//988 620//620 985//985
f 988//988 621//621 620//620
f 990//990 621//621 988//988
f 991//991 621//621 990//990
f 621//621 991//991 622//622
f 1401//1401 831//831 829//829
f 1401//1401 833//833 831//831
f 1401//1401 836//836 833//833
f 1402//1402 836//836 1401//1401
f 1402//1402 838//838 836//836
f 1402//1402 840//840 838//838
f 1402//1402 842//842 840//840
f 1402//1402 843//843 842//842
f 1403//1403 843//843 1402//1402
f 1403//1403 844//844 843//843
f 1403//1403 846//846 844//844
f 1403//1403 847//847 846//846
f 1404//1404 847//847 1403//1403
f 1404//1404 849//849 847//847
f 1404//1404 850//850 849//849
f 1405//1405 850//850 1404//1404
f 1405//1405 852//852 850//850
f 1405//1405 854//854 852//852
f 1406//1406 854//854 1405//1405
f 1406//1406 546//546 854//854
f 1407//1407 546//546 1406//1406
f 1407//1407 548//548 546//546
f 1407//1407 549//549 548//548
f 1408//1408 549//549 1407//1407
f 1408//1408 550//550 549//549
f 1408//1408 551//551 550//550
f 1409//1409 551//551 1408//1408
f 1409//1409 552//552 551//551
f 1409//1409 553//553 552//552
f 1410//1410 553//553 1409//1409
f 1410//1410 554//554 553//553
f 1410//1410 555//555 554//554
f 1411//1411 555//555 1410//1410
f 1411//1411 556//556 555//555
f 1411//1411 557//557 556//556
f 1412//1412 557//557 1411//1411
f 1412//1412 558//558 557//557
f 1412//1412 559//559 558//558
f 1413//1413 559//559 1412//1412
f 694//694 559//559 1413//1413
f 694//694 560//560 559//559
f 695//695 560//560 694//694
f 696//696 560//560 695//695
f 696//696 561//561 560//560
f 697//697 561//561 696//696
f 697//697 562//562 561//561
f 698//698 562//562 697//697
f 1087//1087 562//562 698//698
f 1086//1086 562//562 1087//1087
f 1088//1088 562//562 1086//1086
f 1090//1090 562//562 1088//1088
f 1092//1092 562//562 1090//1090
f 1095//1095 562//562 1092//1092
f 1095//1095 563//563 562//562
f 1097//1097 563//563 1095//1095
f 1100//1100 563//563 1097//1097
f 1102//1102 563//563 1100//1100
f 1102//1102 564//564 563//563
f 1105//1105 564//564 1102//1102
f 1108//1108 564//564 1105//1105
f 1111//1111 564//564 1108//1108
f 1115//1115 564//564 1111//1111
f 1118//1118 564//564 1115//1115
f 1121//1121 564//564 1118//1118
f 1142//1142 564//564 1121//1121
f 564//564 1142//1142 565//565
f 629//629 1023//1023 547//547
f 1023//1023 629//629 648//648
f 1023//1023 398//398 547//547
f 647//647 398//398 1023//1023
f 398//398 647//647 396//396
f 397//397 1024//1024 393//393
f 399//399 1024//1024 397//397
f 1024//1024 399//399 649//649
f 1024//1024 394//394 393//393
f 394//394 1024//1024 650//650
f 395//395 1025//1025 856//856
f 394//394 1025//1025 395//395
f 650//650 1025//1025 394//394
f 1025//1025 650//650 651//651
f 652//652 856//856 1025//1025
f 856//856 652//652 653//653
f 1414//1414 1415//1415 1416//1416
f 1414//1414 1417//1417 1415//1415
f 1418//1418 1417//1417 1414//1414
f 1418//1418 1419//1419 1417//1417
f 1420//1420 1419//1419 1418//1418
f 1419//1419 1420//1420 1421//1421
f 1422//1422 1421//1421 1420//1420
f 1422//1422 1423//1423 1421//1421
f 1424//1424 1423//1423 1422//1422
f 1424//1424 1425//1425 1423//1423
f 1426//1426 1425//1425 1424//1424
f 1425//1425 1426//1426 1427//1427
f 1428//1428 1427//1427 1426//1426
f 1428//1428 1429//1429 1427//1427
f 1430//1430 1429//1429 1428//1428
f 1430//1430 1431//1431 1429//1429
f 1430//1430 1432//1432 1431//1431
f 1432//1432 1430//1430 1433//1433
f 1434//1434 1432//1432 1433//1433
f 1434//1434 1435//1435 1432//1432
f 1436//1436 1435//1435 1434//1434
f 1436//1436 1437//1437 1435//1435
f 1438//1438 1437//1437 1436//1436
f 1437//1437 1438//1438 1439//1439
f 1440//1440 1439//1439 1438//1438
f 1440//1440 1441//1441 1439//1439
f 1442//1442 1441//1441 1440//1440
f 1442//1442 1443//1443 1441//1441
f 1442//1442 1444//1444 1443//1443
f 1444//1444 1442//1442 1445//1445
f 1446//1446 1444//1444 1445//1445
f 1446//1446 1447//1447 1444//1444
f 1448//1448 1447//1447 1446//1446
f 1447//1447 1448//1448 1449//1449
f 1450//1450 1448//1448 1451//1451
f 1452//1452 1448//1448 1450//1450
f 1453//1453 1448//1448 1452//1452
f 1454//1454 1448//1448 1453//1453
f 1455//1455 1448//1448 1454//1454
f 1448//1448 1455//1455 1449//1449
f 1456//1456 1452//1452 1457//1457
f 1452//1452 1456//1456 1453//1453
f 1458//1458 1457//1457 1459//1459
f 1460//1460 1457//1457 1458//1458
f 1461//1461 1457//1457 1460//1460
f 1457//1457 1461//1461 1456//1456
f 1462//1462 1458//1458 1463//1463
f 1464//1464 1458//1458 1462//1462
f 1465//1465 1458//1458 1464//1464
f 1458//1458 1465//1465 1460//1460
f 1466//1466 1467//1467 1468//1468
f 1467//1467 1466//1466 1469//1469
f 1469//1469 1464//1464 1467//1467
f 1469//1469 1465//1465 1464//1464
f 1465//1465 1469//1469 1470//1470
f 1470//1470 1460//1460 1465//1465
f 1471//1471 1460//1460 1470//1470
f 1460//1460 1471//1471 1461//1461
f 1471//1471 1456//1456 1461//1461
f 1472//1472 1456//1456 1471//1471
f 1456//1456 1472//1472 1453//1453
f 1472//1472 1454//1454 1453//1453
f 1454//1454 1472//1472 1473//1473
f 1474//1474 1454//1454 1473//1473
f 1454//1454 1474//1474 1455//1455
f 1474//1474 1449//1449 1455//1455
f 1475//1475 1449//1449 1474//1474
f 1449//1449 1475//1475 1447//1447
f 1475//1475 1444//1444 1447//1447
f 1444//1444 1475//1475 1476//1476
f 1477//1477 1444//1444 1476//1476
f 1444//1444 1477//1477 1443//1443
f 1478//1478 1443//1443 1477//1477
f 1443//1443 1478//1478 1441//1441
f 1478//1478 1439//1439 1441//1441
f 1479//1479 1439//1439 1478//1478
f 1439//1439 1479//1479 1437//1437
f 1480//1480 1437//1437 1479//1479
f 1437//1437 1480//1480 1435//1435
f 1480//1480 1432//1432 1435//1435
f 1481//1481 1432//1432 1480//1480
f 1432//1432 1481//1481 1431//1431
f 1482//1482 1431//1431 1481//1481
f 1431//1431 1482//1482 1429//1429
f 1482//1482 1427//1427 1429//1429
f 1482//1482 1425//1425 1427//1427
f 1425//1425 1482//1482 1483//1483
f 1483//1483 1423//1423 1425//1425
f 1423//1423 1483//1483 1484//1484
f 1484//1484 1421//1421 1423//1423
f 1484//1484 1419//1419 1421//1421
f 1419//1419 1484//1484 1485//1485
f 1485//1485 1417//1417 1419//1419
f 1417//1417 1485//1485 1486//1486
f 1486//1486 1415//1415 1417//1417
f 1486//1486 1487//1487 1415//1415
f 1487//1487 1486//1486 1488//1488
f 1488//1488 1489//1489 1487//1487
f 1489//1489 1488//1488 1490//1490
f 1491//1491 1489//1489 1492//1492
f 1491//1491 1487//1487 1489//1489
f 1416//1416 1487//1487 1491//1491
f 1487//1487 1416//1416 1415//1415
f 1493//1493 1491//1491 1492//1492
f 1491//1491 1493//1493 1494//1494
f 1494//1494 1416//1416 1491//1491
f 1494//1494 1414//1414 1416//1416
f 1414//1414 1494//1494 1495//1495
f 1495//1495 1418//1418 1414//1414
f 1418//1418 1495//1495 1496//1496
f 1496//1496 1420//1420 1418//1418
f 1496//1496 1422//1422 1420//1420
f 1422//1422 1496//1496 1497//1497
f 1497//1497 1424//1424 1422//1422
f 1424//1424 1497//1497 1498//1498
f 1498//1498 1426//1426 1424//1424
f 1498//1498 1428//1428 1426//1426
f 1428//1428 1498//1498 1499//1499
f 1428//1428 1500//1500 1430//1430
f 1500//1500 1428//1428 1499//1499
f 1433//1433 1501//1501 1434//1434
f 1430//1430 1501//1501 1433//1433
f 1501//1501 1430//1430 1500//1500
f 1434//1434 1502//1502 1436//1436
f 1502//1502 1434//1434 1501//1501
f 1438//1438 1503//1503 1440//1440
f 1436//1436 1503//1503 1438//1438
f 1503//1503 1436//1436 1502//1502
f 1440//1440 1504//1504 1442//1442
f 1504//1504 1440//1440 1503//1503
f 1445//1445 1505//1505 1446//1446
f 1505//1505 1445//1445 1506//1506
f 1442//1442 1506//1506 1445//1445
f 1506//1506 1442//1442 1504//1504
f 1448//1448 1507//1507 1451//1451
f 1448//1448 1505//1505 1507//1507
f 1505//1505 1448//1448 1446//1446
f 1450//1450 1507//1507 1508//1508
f 1507//1507 1450//1450 1451//1451
f 1457//1457 1509//1509 1459//1459
f 1452//1452 1509//1509 1457//1457
f 1450//1450 1509//1509 1452//1452
f 1509//1509 1450//1450 1508//1508
f 1458//1458 1510//1510 1463//1463
f 1459//1459 1510//1510 1458//1458
f 1510//1510 1459//1459 1509//1509
f 1510//1510 1462//1462 1463//1463
f 1510//1510 1511//1511 1462//1462
f 1511//1511 1510//1510 1512//1512
f 1513//1513 1462//1462 1511//1511
f 1514//1514 1462//1462 1513//1513
f 1468//1468 1462//1462 1514//1514
f 1467//1467 1462//1462 1468//1468
f 1462//1462 1467//1467 1464//1464
f 1468//1468 1514//1514 1466//1466
f 1515//1515 1469//1469 1466//1466
f 1469//1469 1515//1515 1516//1516
f 1516//1516 1470//1470 1469//1469
f 1470//1470 1516//1516 1517//1517
f 1518//1518 1470//1470 1517//1517
f 1470//1470 1518//1518 1471//1471
f 1518//1518 1472//1472 1471//1471
f 1518//1518 1473//1473 1472//1472
f 1519//1519 1473//1473 1518//1518
f 1473//1473 1519//1519 1474//1474
f 1520//1520 1474//1474 1519//1519
f 1474//1474 1520//1520 1475//1475
f 1520//1520 1476//1476 1475//1475
f 1521//1521 1476//1476 1520//1520
f 1476//1476 1521//1521 1477//1477
f 1522//1522 1477//1477 1521//1521
f 1477//1477 1522//1522 1478//1478
f 1523//1523 1478//1478 1522//1522
f 1478//1478 1523//1523 1479//1479
f 1524//1524 1479//1479 1523//1523
f 1479//1479 1524//1524 1480//1480
f 1525//1525 1480//1480 1524//1524
f 1480//1480 1525//1525 1481//1481
f 1526//1526 1481//1481 1525//1525
f 1481//1481 1526//1526 1482//1482
f 1526//1526 1483//1483 1482//1482
f 1483//1483 1526//1526 1527//1527
f 1527//1527 1484//1484 1483//1483
f 1484//1484 1527//1527 1528//1528
f 1528//1528 1485//1485 1484//1484
f 1485//1485 1528//1528 1529//1529
f 1529//1529 1486//1486 1485//1485
f 1486//1486 1529//1529 1530//1530
f 1530//1530 1488//1488 1486//1486
f 1488//1488 1530//1530 1531//1531
f 1531//1531 1490//1490 1488//1488
f 1490//1490 1531//1531 1532//1532
f 216//216 284//284 1533//1533
f 284//284 216//216 213//213
f 212//212 1534//1534 286//286
f 1534//1534 212//212 215//215
f 296//296 303//303 295//295
f 297//297 303//303 296//296
f 297//297 304//304 303//303
f 298//298 304//304 297//297
f 298//298 305//305 304//304
f 299//299 305//305 298//298
f 299//299 306//306 305//305
f 299//299 307//307 306//306
f 300//300 307//307 299//299
f 301//301 307//307 300//300
f 301//301 308//308 307//307
f 301//301 1492//1492 308//308
f 301//301 1493//1493 1492//1492
f 286//286 1493//1493 301//301
f 286//286 1535//1535 1493//1493
f 1535//1535 286//286 1534//1534
f 1489//1489 308//308 1492//1492
f 1490//1490 308//308 1489//1489
f 1490//1490 284//284 308//308
f 1532//1532 284//284 1490//1490
f 284//284 1532//1532 1533//1533
f 1535//1535 1494//1494 1493//1493
f 1494//1494 1535//1535 1536//1536
f 1536//1536 1495//1495 1494//1494
f 1495//1495 1536//1536 1537//1537
f 1537//1537 1496//1496 1495//1495
f 1496//1496 1537//1537 1538//1538
f 1538//1538 1497//1497 1496//1496
f 1497//1497 1538//1538 1539//1539
f 1539//1539 1498//1498 1497//1497
f 1498//1498 1539//1539 1540//1540
f 1540//1540 1499//1499 1498//1498
f 1499//1499 1540//1540 1541//1541
f 1499//1499 1542//1542 1500//1500
f 1542//1542 1499//1499 1541//1541
f 1500//1500 1543//1543 1501//1501
f 1543//1543 1500//1500 1542//1542
f 1501//1501 1544//1544 1502//1502
f 1544//1544 1501//1501 1543//1543
f 1502//1502 1545//1545 1503//1503
f 1545//1545 1502//1502 1544//1544
f 1503//1503 1546//1546 1504//1504
f 1546//1546 1503//1503 1545//1545
f 1506//1506 1547//1547 1505//1505
f 1504//1504 1547//1547 1506//1506
f 1547//1547 1504//1504 1546//1546
f 1505//1505 1548//1548 1507//1507
f 1548//1548 1505//1505 1547//1547
f 1508//1508 1549//1549 1509//1509
f 1507//1507 1549//1549 1508//1508
f 1549//1549 1507//1507 1548//1548
f 1509//1509 1550//1550 1510//1510
f 1550//1550 1509//1509 1549//1549
f 1512//1512 1513//1513 1511//1511
f 1513//1513 1512//1512 1551//1551
f 1550//1550 1512//1512 1510//1510
f 1512//1512 1550//1550 1552//1552
f 1513//1513 1551//1551 1514//1514
f 1553//1553 1466//1466 1514//1514
f 1466//1466 1553//1553 1515//1515
f 215//215 1535//1535 1534//1534
f 1546//1546 1548//1548 1547//1547
f 1546//1546 1549//1549 1548//1548
f 1545//1545 1549//1549 1546//1546
f 1545//1545 1550//1550 1549//1549
f 1544//1544 1550//1550 1545//1545
f 1544//1544 1554//1554 1550//1550
f 1543//1543 1554//1554 1544//1544
f 1542//1542 1554//1554 1543//1543
f 1542//1542 1555//1555 1554//1554
f 1541//1541 1555//1555 1542//1542
f 1540//1540 1555//1555 1541//1541
f 1540//1540 1556//1556 1555//1555
f 1539//1539 1556//1556 1540//1540
f 1538//1538 1556//1556 1539//1539
f 1538//1538 1557//1557 1556//1556
f 1537//1537 1557//1557 1538//1538
f 1536//1536 1557//1557 1537//1537
f 1536//1536 1558//1558 1557//1557
f 1535//1535 1558//1558 1536//1536
f 215//215 1558//1558 1535//1535
f 215//215 1559//1559 1558//1558
f 215//215 1560//1560 1559//1559
f 1561//1561 1518//1518 1517//1517
f 1562//1562 1518//1518 1561//1561
f 1563//1563 1518//1518 1562//1562
f 1563//1563 1519//1519 1518//1518
f 1564//1564 1519//1519 1563//1563
f 1564//1564 1520//1520 1519//1519
f 1565//1565 1520//1520 1564//1564
f 1565//1565 1521//1521 1520//1520
f 1565//1565 1522//1522 1521//1521
f 1566//1566 1522//1522 1565//1565
f 1566//1566 1523//1523 1522//1522
f 1566//1566 1524//1524 1523//1523
f 1566//1566 1525//1525 1524//1524
f 1566//1566 1526//1526 1525//1525
f 1566//1566 1527//1527 1526//1526
f 1560//1560 1527//1527 1566//1566
f 1560//1560 1528//1528 1527//1527
f 1560//1560 1529//1529 1528//1528
f 1560//1560 1530//1530 1529//1529
f 1560//1560 1531//1531 1530//1530
f 1560//1560 1532//1532 1531//1531
f 216//216 1560//1560 215//215
f 216//216 1532//1532 1560//1560
f 1532//1532 216//216 1533//1533
f 1567//1567 1550//1550 1554//1554
f 1568//1568 1550//1550 1567//1567
f 1568//1568 1552//1552 1550//1550
f 1569//1569 1552//1552 1568//1568
f 1570//1570 1552//1552 1569//1569
f 1570//1570 1571//1571 1552//1552
f 1572//1572 1571//1571 1570//1570
f 1573//1573 1571//1571 1572//1572
f 1573//1573 1553//1553 1571//1571
f 1574//1574 1553//1553 1573//1573
f 1574//1574 1515//1515 1553//1553
f 1575//1575 1515//1515 1574//1574
f 1576//1576 1515//1515 1575//1575
f 1576//1576 1516//1516 1515//1515
f 1577//1577 1516//1516 1576//1576
f 1578//1578 1516//1516 1577//1577
f 1578//1578 1517//1517 1516//1516
f 1517//1517 1578//1578 1561//1561
f 1552//1552 1551//1551 1512//1512
f 1551//1551 1552//1552 1571//1571
f 1571//1571 1514//1514 1551//1551
f 1514//1514 1571//1571 1553//1553
f 1557//1557 1291//1291 1556//1556
f 1291//1291 1557//1557 1290//1290
f 1555//1555 1293//1293 1294//1294
f 1555//1555 1292//1292 1293//1293
f 1556//1556 1292//1292 1555//1555
f 1292//1292 1556//1556 1291//1291
f 1281//1281 1557//1557 1558//1558
f 1289//1289 1557//1557 1281//1281
f 1557//1557 1289//1289 1290//1290
f 1554//1554 1295//1295 1296//1296
f 1555//1555 1295//1295 1554//1554
f 1295//1295 1555//1555 1294//1294
f 1579//1579 1558//1558 1559//1559
f 1558//1558 1579//1579 1281//1281
f 1567//1567 1302//1302 1301//1301
f 1554//1554 1302//1302 1567//1567
f 1302//1302 1554//1554 1296//1296
f 1580//1580 1559//1559 1560//1560
f 1559//1559 1580//1580 1579//1579
f 1568//1568 1299//1299 1298//1298
f 1568//1568 1300//1300 1299//1299
f 1567//1567 1300//1300 1568//1568
f 1300//1300 1567//1567 1301//1301
f 1581//1581 1560//1560 1566//1566
f 1560//1560 1581//1581 1580//1580
f 1568//1568 1297//1297 1569//1569
f 1297//1297 1568//1568 1298//1298
f 1582//1582 1566//1566 1565//1565
f 1566//1566 1582//1582 1581//1581
f 1583//1583 1351//1351 1352//1352
f 1351//1351 1583//1583 1584//1584
f 1585//1585 1584//1584 1583//1583
f 1584//1584 1585//1585 1586//1586
f 1587//1587 1586//1586 1585//1585
f 1586//1586 1587//1587 1588//1588
f 1589//1589 1588//1588 1587//1587
f 1588//1588 1589//1589 1590//1590
f 1591//1591 1590//1590 1589//1589
f 1590//1590 1591//1591 1592//1592
f 1593//1593 1592//1592 1591//1591
f 1592//1592 1593//1593 1594//1594
f 1595//1595 1594//1594 1593//1593
f 1594//1594 1595//1595 1596//1596
f 1595//1595 1597//1597 1596//1596
f 1597//1597 1595//1595 1598//1598
f 1598//1598 1599//1599 1597//1597
f 1599//1599 1598//1598 1600//1600
f 1600//1600 1601//1601 1599//1599
f 1601//1601 1600//1600 1602//1602
f 1602//1602 1603//1603 1601//1601
f 1603//1603 1602//1602 1604//1604
f 1604//1604 1605//1605 1603//1603
f 1605//1605 1604//1604 1606//1606
f 1606//1606 1156//1156 1605//1605
f 1156//1156 1606//1606 1157//1157
f 1607//1607 1325//1325 1608//1608
f 1607//1607 1323//1323 1325//1325
f 1607//1607 1321//1321 1323//1323
f 1607//1607 1319//1319 1321//1321
f 1607//1607 1317//1317 1319//1319
f 1607//1607 1315//1315 1317//1317
f 1607//1607 1313//1313 1315//1315
f 1607//1607 1311//1311 1313//1313
f 1607//1607 1310//1310 1311//1311
f 1351//1351 1310//1310 1607//1607
f 1351//1351 1308//1308 1310//1310
f 1584//1584 1308//1308 1351//1351
f 1586//1586 1308//1308 1584//1584
f 1588//1588 1308//1308 1586//1586
f 1590//1590 1308//1308 1588//1588
f 1592//1592 1308//1308 1590//1590
f 1592//1592 1306//1306 1308//1308
f 1594//1594 1306//1306 1592//1592
f 1596//1596 1306//1306 1594//1594
f 1597//1597 1306//1306 1596//1596
f 1599//1599 1306//1306 1597//1597
f 1599//1599 1304//1304 1306//1306
f 1601//1601 1304//1304 1599//1599
f 1603//1603 1304//1304 1601//1601
f 1605//1605 1304//1304 1603//1603
f 1156//1156 1304//1304 1605//1605
f 1304//1304 1156//1156 1158//1158
f 1328//1328 1607//1607 1608//1608
f 1330//1330 1607//1607 1328//1328
f 1332//1332 1607//1607 1330//1330
f 1334//1334 1607//1607 1332//1332
f 1336//1336 1607//1607 1334//1334
f 1338//1338 1607//1607 1336//1336
f 1342//1342 1607//1607 1338//1338
f 1346//1346 1607//1607 1342//1342
f 1350//1350 1607//1607 1346//1346
f 1350//1350 1351//1351 1607//1607
f 1348//1348 1351//1351 1350//1350
f 1348//1348 1609//1609 1351//1351
f 1348//1348 1610//1610 1609//1609
f 1348//1348 1611//1611 1610//1610
f 1348//1348 1612//1612 1611//1611
f 1348//1348 1613//1613 1612//1612
f 1344//1344 1613//1613 1348//1348
f 1344//1344 1614//1614 1613//1613
f 1344//1344 1615//1615 1614//1614
f 1344//1344 1616//1616 1615//1615
f 1344//1344 1617//1617 1616//1616
f 1340//1340 1617//1617 1344//1344
f 1340//1340 1618//1618 1617//1617
f 1340//1340 1619//1619 1618//1618
f 1340//1340 1620//1620 1619//1619
f 1154//1154 1620//1620 1340//1340
f 1620//1620 1154//1154 1151//1151
f 1621//1621 1151//1151 1153//1153
f 1151//1151 1621//1621 1620//1620
f 1622//1622 1620//1620 1621//1621
f 1620//1620 1622//1622 1619//1619
f 1623//1623 1619//1619 1622//1622
f 1619//1619 1623//1623 1618//1618
f 1624//1624 1618//1618 1623//1623
f 1618//1618 1624//1624 1617//1617
f 1625//1625 1617//1617 1624//1624
f 1617//1617 1625//1625 1616//1616
f 1626//1626 1616//1616 1625//1625
f 1616//1616 1626//1626 1615//1615
f 1614//1614 1626//1626 1627//1627
f 1626//1626 1614//1614 1615//1615
f 1613//1613 1627//1627 1628//1628
f 1627//1627 1613//1613 1614//1614
f 1612//1612 1628//1628 1629//1629
f 1628//1628 1612//1612 1613//1613
f 1611//1611 1629//1629 1630//1630
f 1629//1629 1611//1611 1612//1612
f 1610//1610 1630//1630 1631//1631
f 1630//1630 1610//1610 1611//1611
f 1609//1609 1631//1631 1632//1632
f 1631//1631 1609//1609 1610//1610
f 1351//1351 1632//1632 1353//1353
f 1632//1632 1351//1351 1609//1609
f 1569//1569 1170//1170 1570//1570
f 1170//1170 1569//1569 1297//1297
f 1570//1570 1170//1170 1166//1166
f 1633//1633 1577//1577 1634//1634
f 1635//1635 1577//1577 1633//1633
f 1636//1636 1577//1577 1635//1635
f 1577//1577 1636//1636 1578//1578
f 1637//1637 1578//1578 1636//1636
f 1355//1355 1578//1578 1637//1637
f 1578//1578 1355//1355 1561//1561
f 1357//1357 1561//1561 1355//1355
f 1638//1638 1561//1561 1357//1357
f 1639//1639 1561//1561 1638//1638
f 1561//1561 1639//1639 1562//1562
f 1640//1640 1562//1562 1639//1639
f 1641//1641 1562//1562 1640//1640
f 1642//1642 1562//1562 1641//1641
f 1562//1562 1642//1642 1563//1563
f 1643//1643 1563//1563 1642//1642
f 1563//1563 1643//1643 1564//1564
f 1643//1643 1565//1565 1564//1564
f 1644//1644 1565//1565 1643//1643
f 1565//1565 1644//1644 1582//1582
f 1307//1307 1352//1352 1309//1309
f 1307//1307 1583//1583 1352//1352
f 1307//1307 1585//1585 1583//1583
f 1307//1307 1587//1587 1585//1585
f 1307//1307 1589//1589 1587//1587
f 1307//1307 1591//1591 1589//1589
f 1305//1305 1591//1591 1307//1307
f 1305//1305 1593//1593 1591//1591
f 1305//1305 1595//1595 1593//1593
f 1305//1305 1598//1598 1595//1595
f 1305//1305 1600//1600 1598//1598
f 1303//1303 1600//1600 1305//1305
f 1303//1303 1602//1602 1600//1600
f 1303//1303 1604//1604 1602//1602
f 1303//1303 1606//1606 1604//1604
f 1303//1303 1157//1157 1606//1606
f 1157//1157 1303//1303 1155//1155
f 1326//1326 1582//1582 1645//1645
f 1324//1324 1582//1582 1326//1326
f 1322//1322 1582//1582 1324//1324
f 1320//1320 1582//1582 1322//1322
f 1318//1318 1582//1582 1320//1320
f 1316//1316 1582//1582 1318//1318
f 1314//1314 1582//1582 1316//1316
f 1312//1312 1582//1582 1314//1314
f 1309//1309 1582//1582 1312//1312
f 1352//1352 1582//1582 1309//1309
f 1249//1249 1582//1582 1352//1352
f 1582//1582 1249//1249 1252//1252
f 1608//1608 1326//1326 1645//1645
f 1326//1326 1608//1608 1325//1325
f 1329//1329 1608//1608 1646//1646
f 1608//1608 1329//1329 1328//1328
f 1647//1647 1329//1329 1646//1646
f 1647//1647 1327//1327 1329//1329
f 1647//1647 1331//1331 1327//1327
f 1647//1647 1333//1333 1331//1331
f 1647//1647 1335//1335 1333//1333
f 1647//1647 1337//1337 1335//1335
f 1647//1647 1341//1341 1337//1337
f 1647//1647 1345//1345 1341//1341
f 1647//1647 1349//1349 1345//1345
f 1647//1647 1353//1353 1349//1349
f 1647//1647 1250//1250 1353//1353
f 1250//1250 1647//1647 1251//1251
f 1353//1353 1347//1347 1349//1349
f 1632//1632 1347//1347 1353//1353
f 1631//1631 1347//1347 1632//1632
f 1630//1630 1347//1347 1631//1631
f 1629//1629 1347//1347 1630//1630
f 1628//1628 1347//1347 1629//1629
f 1628//1628 1343//1343 1347//1347
f 1627//1627 1343//1343 1628//1628
f 1626//1626 1343//1343 1627//1627
f 1625//1625 1343//1343 1626//1626
f 1624//1624 1343//1343 1625//1625
f 1624//1624 1339//1339 1343//1343
f 1623//1623 1339//1339 1624//1624
f 1622//1622 1339//1339 1623//1623
f 1621//1621 1339//1339 1622//1622
f 1153//1153 1339//1339 1621//1621
f 1339//1339 1153//1153 1152//1152
f 1166//1166 1572//1572 1570//1570
f 1572//1572 1166//1166 1165//1165
f 1634//1634 1576//1576 1648//1648
f 1576//1576 1634//1634 1577//1577
f 1634//1634 1635//1635 1633//1633
f 1355//1355 1645//1645 1357//1357
f 1646//1646 1648//1648 1647//1647
f 1646//1646 1634//1634 1648//1648
f 1646//1646 1635//1635 1634//1634
f 1646//1646 1636//1636 1635//1635
f 1646//1646 1637//1637 1636//1636
f 1646//1646 1355//1355 1637//1637
f 1646//1646 1645//1645 1355//1355
f 1645//1645 1646//1646 1608//1608
f 1643//1643 1582//1582 1644//1644
f 1639//1639 1641//1641 1640//1640
f 1357//1357 1639//1639 1638//1638
f 1643//1643 1645//1645 1582//1582
f 1642//1642 1645//1645 1643//1643
f 1641//1641 1645//1645 1642//1642
f 1639//1639 1645//1645 1641//1641
f 1645//1645 1639//1639 1357//1357
f 1165//1165 1573//1573 1572//1572
f 1573//1573 1165//1165 1168//1168
f 1575//1575 1647//1647 1576//1576
f 1647//1647 1575//1575 1649//1649
f 1576//1576 1647//1647 1648//1648
f 1168//1168 1574//1574 1573//1573
f 1574//1574 1168//1168 1650//1650
f 1650//1650 1575//1575 1574//1574
f 1575//1575 1650//1650 1649//1649
f 1164//1164 1165//1165 1166//1166
f 1165//1165 1164//1164 1163//1163
f 1163//1163 1168//1168 1165//1165
f 1168//1168 1163//1163 1167//1167
f 1169//1169 1166//1166 1170//1170
f 1166//1166 1169//1169 1164//1164
f 1172//1172 1173//1173 1174//1174
f 1173//1173 1172//1172 1171//1171
f 1174//1174 1175//1175 1176//1176
f 1175//1175 1174//1174 1173//1173
f 1176//1176 1177//1177 1178//1178
f 1177//1177 1176//1176 1175//1175
f 1178//1178 1179//1179 1180//1180
f 1179//1179 1178//1178 1177//1177
f 1180//1180 1181//1181 1182//1182
f 1181//1181 1180//1180 1179//1179
f 1182//1182 1183//1183 1184//1184
f 1183//1183 1182//1182 1181//1181
f 1184//1184 1185//1185 1186//1186
f 1185//1185 1184//1184 1183//1183
f 1187//1187 1185//1185 1188//1188
f 1185//1185 1187//1187 1186//1186
f 1189//1189 1188//1188 1190//1190
f 1188//1188 1189//1189 1187//1187
f 1191//1191 1190//1190 1192//1192
f 1190//1190 1191//1191 1189//1189
f 1193//1193 1192//1192 1194//1194
f 1192//1192 1193//1193 1191//1191
f 1195//1195 1194//1194 1196//1196
f 1194//1194 1195//1195 1193//1193
f 1159//1159 1196//1196 1162//1162
f 1196//1196 1159//1159 1195//1195
f 1201//1201 1209//1209 1210//1210
f 1201//1201 1208//1208 1209//1209
f 1201//1201 1207//1207 1208//1208
f 1201//1201 1206//1206 1207//1207
f 1201//1201 1205//1205 1206//1206
f 1201//1201 1204//1204 1205//1205
f 1201//1201 1203//1203 1204//1204
f 1201//1201 1202//1202 1203//1203
f 1201//1201 1200//1200 1202//1202
f 1172//1172 1200//1200 1201//1201
f 1172//1172 1199//1199 1200//1200
f 1174//1174 1199//1199 1172//1172
f 1176//1176 1199//1199 1174//1174
f 1178//1178 1199//1199 1176//1176
f 1180//1180 1199//1199 1178//1178
f 1182//1182 1199//1199 1180//1180
f 1182//1182 1198//1198 1199//1199
f 1184//1184 1198//1198 1182//1182
f 1186//1186 1198//1198 1184//1184
f 1187//1187 1198//1198 1186//1186
f 1189//1189 1198//1198 1187//1187
f 1189//1189 1197//1197 1198//1198
f 1191//1191 1197//1197 1189//1189
f 1193//1193 1197//1197 1191//1191
f 1195//1195 1197//1197 1193//1193
f 1159//1159 1197//1197 1195//1195
f 1197//1197 1159//1159 1161//1161
f 1234//1234 1201//1201 1210//1210
f 1233//1233 1201//1201 1234//1234
f 1232//1232 1201//1201 1233//1233
f 1231//1231 1201//1201 1232//1232
f 1230//1230 1201//1201 1231//1231
f 1229//1229 1201//1201 1230//1230
f 1228//1228 1201//1201 1229//1229
f 1227//1227 1201//1201 1228//1228
f 1226//1226 1201//1201 1227//1227
f 1226//1226 1172//1172 1201//1201
f 1221//1221 1172//1172 1226//1226
f 1221//1221 1225//1225 1172//1172
f 1221//1221 1224//1224 1225//1225
f 1221//1221 1223//1223 1224//1224
f 1221//1221 1222//1222 1223//1223
f 1221//1221 1220//1220 1222//1222
f 1216//1216 1220//1220 1221//1221
f 1216//1216 1219//1219 1220//1220
f 1216//1216 1218//1218 1219//1219
f 1216//1216 1217//1217 1218//1218
f 1216//1216 1215//1215 1217//1217
f 1212//1212 1215//1215 1216//1216
f 1212//1212 1214//1214 1215//1215
f 1212//1212 1213//1213 1214//1214
f 1212//1212 1211//1211 1213//1213
f 1149//1149 1211//1211 1212//1212
f 1211//1211 1149//1149 1148//1148
f 1148//1148 1235//1235 1211//1211
f 1235//1235 1148//1148 1150//1150
f 1211//1211 1236//1236 1213//1213
f 1236//1236 1211//1211 1235//1235
f 1213//1213 1237//1237 1214//1214
f 1237//1237 1213//1213 1236//1236
f 1214//1214 1238//1238 1215//1215
f 1238//1238 1214//1214 1237//1237
f 1215//1215 1239//1239 1217//1217
f 1239//1239 1215//1215 1238//1238
f 1217//1217 1240//1240 1218//1218
f 1240//1240 1217//1217 1239//1239
f 1240//1240 1219//1219 1218//1218
f 1219//1219 1240//1240 1241//1241
f 1241//1241 1220//1220 1219//1219
f 1220//1220 1241//1241 1242//1242
f 1242//1242 1222//1222 1220//1220
f 1222//1222 1242//1242 1243//1243
f 1243//1243 1223//1223 1222//1222
f 1223//1223 1243//1243 1244//1244
f 1244//1244 1224//1224 1223//1223
f 1224//1224 1244//1244 1245//1245
f 1245//1245 1225//1225 1224//1224
f 1225//1225 1245//1245 1246//1246
f 1246//1246 1172//1172 1225//1225
f 1172//1172 1246//1246 1247//1247
f 1259//1259 1260//1260 1261//1261
f 1259//1259 1169//1169 1260//1260
f 1258//1258 1169//1169 1259//1259
f 1258//1258 1164//1164 1169//1169
f 1257//1257 1164//1164 1258//1258
f 1257//1257 1163//1163 1164//1164
f 1256//1256 1163//1163 1257//1257
f 1256//1256 1167//1167 1163//1163
f 1255//1255 1167//1167 1256//1256
f 1255//1255 1254//1254 1167//1167
f 1252//1252 1254//1254 1255//1255
f 1252//1252 1253//1253 1254//1254
f 1252//1252 1251//1251 1253//1253
f 1249//1249 1251//1251 1252//1252
f 1249//1249 1250//1250 1251//1251
f 1250//1250 1249//1249 1248//1248
f 1274//1274 1171//1171 1262//1262
f 1274//1274 1173//1173 1171//1171
f 1274//1274 1175//1175 1173//1173
f 1274//1274 1177//1177 1175//1175
f 1274//1274 1179//1179 1177//1177
f 1274//1274 1181//1181 1179//1179
f 1273//1273 1181//1181 1274//1274
f 1273//1273 1183//1183 1181//1181
f 1273//1273 1185//1185 1183//1183
f 1273//1273 1188//1188 1185//1185
f 1273//1273 1190//1190 1188//1188
f 1272//1272 1190//1190 1273//1273
f 1272//1272 1192//1192 1190//1190
f 1272//1272 1194//1194 1192//1192
f 1272//1272 1196//1196 1194//1194
f 1272//1272 1162//1162 1196//1196
f 1162//1162 1272//1272 1160//1160
f 1270//1270 1170//1170 1271//1271
f 1269//1269 1170//1170 1270//1270
f 1268//1268 1170//1170 1269//1269
f 1267//1267 1170//1170 1268//1268
f 1266//1266 1170//1170 1267//1267
f 1265//1265 1170//1170 1266//1266
f 1264//1264 1170//1170 1265//1265
f 1263//1263 1170//1170 1264//1264
f 1262//1262 1170//1170 1263//1263
f 1171//1171 1170//1170 1262//1262
f 1260//1260 1170//1170 1171//1171
f 1170//1170 1260//1260 1169//1169
f 1270//1270 1210//1210 1209//1209
f 1210//1210 1270//1270 1271//1271
f 1210//1210 1276//1276 1234//1234
f 1276//1276 1210//1210 1275//1275
f 1281//1281 1276//1276 1275//1275
f 1281//1281 1288//1288 1276//1276
f 1281//1281 1287//1287 1288//1288
f 1281//1281 1286//1286 1287//1287
f 1281//1281 1285//1285 1286//1286
f 1281//1281 1284//1284 1285//1285
f 1281//1281 1283//1283 1284//1284
f 1281//1281 1282//1282 1283//1283
f 1281//1281 1280//1280 1282//1282
f 1281//1281 1247//1247 1280//1280
f 1281//1281 1259//1259 1247//1247
f 1259//1259 1281//1281 1258//1258
f 1247//1247 1279//1279 1280//1280
f 1246//1246 1279//1279 1247//1247
f 1245//1245 1279//1279 1246//1246
f 1244//1244 1279//1279 1245//1245
f 1243//1243 1279//1279 1244//1244
f 1242//1242 1279//1279 1243//1243
f 1242//1242 1278//1278 1279//1279
f 1241//1241 1278//1278 1242//1242
f 1240//1240 1278//1278 1241//1241
f 1239//1239 1278//1278 1240//1240
f 1238//1238 1278//1278 1239//1239
f 1238//1238 1277//1277 1278//1278
f 1237//1237 1277//1277 1238//1238
f 1236//1236 1277//1277 1237//1237
f 1235//1235 1277//1277 1236//1236
f 1150//1150 1277//1277 1235//1235
f 1277//1277 1150//1150 1147//1147
f 1271//1271 1275//1275 1210//1210
f 1271//1271 1296//1296 1275//1275
f 1271//1271 1302//1302 1296//1296
f 1271//1271 1301//1301 1302//1302
f 1271//1271 1300//1300 1301//1301
f 1271//1271 1299//1299 1300//1300
f 1271//1271 1298//1298 1299//1299
f 1271//1271 1297//1297 1298//1298
f 1297//1297 1271//1271 1170//1170
f 1295//1295 1275//1275 1296//1296
f 1294//1294 1275//1275 1295//1295
f 1293//1293 1275//1275 1294//1294
f 1292//1292 1275//1275 1293//1293
f 1291//1291 1275//1275 1292//1292
f 1290//1290 1275//1275 1291//1291
f 1289//1289 1275//1275 1290//1290
f 1275//1275 1289//1289 1281//1281
f 1254//1254 1167//1167 1650//1650
f 1168//1168 1650//1650 1167//1167
f 1167//1167 1650//1650 1168//1168
f 1650//1650 1167//1167 1254//1254
f 1253//1253 1254//1254 1649//1649
f 1650//1650 1649//1649 1254//1254
f 1254//1254 1649//1649 1650//1650
f 1649//1649 1254//1254 1253//1253
f 1251//1251 1253//1253 1647//1647
f 1649//1649 1647//1647 1253//1253
f 1253//1253 1647//1647 1649//1649
f 1647//1647 1253//1253 1251//1251
f 1252//1252 1582//1582 1255//1255
f 1581//1581 1255//1255 1582//1582
f 1582//1582 1255//1255 1581//1581
f 1255//1255 1582//1582 1252//1252
f 1256//1256 1255//1255 1580//1580
f 1581//1581 1580//1580 1255//1255
f 1255//1255 1580//1580 1581//1581
f 1580//1580 1255//1255 1256//1256
f 1257//1257 1256//1256 1579//1579
f 1580//1580 1579//1579 1256//1256
f 1256//1256 1579//1579 1580//1580
f 1579//1579 1256//1256 1257//1257
f 1257//1257 1579//1579 1258//1258
f 1281//1281 1258//1258 1579//1579
f 1579//1579 1258//1258 1281//1281
f 1258//1258 1579//1579 1257//1257