# https://github.com/mikedh/trimesh
v -0.10350900 -0.00789600 -0.01705000
v 0.10432300 -0.00789600 0.09167200
v 0.10432300 -0.00789600 -0.01705000
v -0.10350900 -0.00789600 0.09167200
v -0.00448200 -0.00917600 -0.03049600
v -0.00448200 -0.00917600 -0.02915500
v -0.00447500 -0.00917600 -0.03051900
v -0.00465900 -0.00917600 -0.02895900
v -0.00451800 -0.00917600 -0.02893600
v -0.00465100 -0.00917600 -0.02903500
v -0.00459000 -0.00917600 -0.02903000
v -0.00454600 -0.00917600 -0.02903600
v -0.00451100 -0.00917600 -0.02905500
v -0.00440000 -0.00917600 -0.02892100
v -0.00448900 -0.00917600 -0.02909300
v -0.00444900 -0.00917600 -0.03053000
v -0.00422100 -0.00917600 -0.03053000
v -0.00431400 -0.00917600 -0.02891300
v -0.00427100 -0.00917600 -0.02891000
v -0.00422700 -0.00917600 -0.03031800
v -0.00423800 -0.00917600 -0.02892100
v -0.00422400 -0.00917600 -0.03036900
v -0.00421400 -0.00917600 -0.03039800
v -0.00418400 -0.00917600 -0.03041100
v -0.00385300 -0.00917600 -0.03053200
v -0.00412700 -0.00917600 -0.03041400
v -0.00399100 -0.00917600 -0.03041400
v -0.00381100 -0.00917600 -0.03040800
v -0.00359700 -0.00917600 -0.03053400
v -0.00369400 -0.00917600 -0.03037400
v -0.00360900 -0.00917600 -0.03028600
v -0.00352700 -0.00917600 -0.03012000
v -0.00355500 -0.00917600 -0.03052300
v -0.00352900 -0.00917600 -0.03048800
v -0.00350500 -0.00917600 -0.03039000
v -0.00345800 -0.00917600 -0.03013500
v -0.00348200 -0.00917600 -0.03028100
v -0.00346500 -0.00917600 -0.03018600
v -0.00422700 -0.00917600 -0.02895400
v -0.00422700 -0.00907100 -0.03031800
v -0.00422700 -0.00907100 -0.02895400
v -0.00423800 -0.00907100 -0.02892100
v -0.00427100 -0.00907100 -0.02891000
v -0.00431400 -0.00907100 -0.02891300
v -0.00440000 -0.00907100 -0.02892100
v -0.00451800 -0.00907100 -0.02893600
v -0.00465900 -0.00907100 -0.02895900
v -0.00465100 -0.00907100 -0.02903500
v -0.00459000 -0.00907100 -0.02903000
v -0.00454600 -0.00907100 -0.02903600
v -0.00451100 -0.00907100 -0.02905500
v -0.00448900 -0.00907100 -0.02909300
v -0.00448200 -0.00907100 -0.02915500
v -0.00448200 -0.00907100 -0.03049600
v -0.00447500 -0.00907100 -0.03051900
v -0.00444900 -0.00907100 -0.03053000
v -0.00422100 -0.00907100 -0.03053000
v -0.00385300 -0.00907100 -0.03053200
v -0.00359700 -0.00907100 -0.03053400
v -0.00355500 -0.00907100 -0.03052300
v -0.00352900 -0.00907100 -0.03048800
v -0.00350500 -0.00907100 -0.03039000
v -0.00348200 -0.00907100 -0.03028100
v -0.00346500 -0.00907100 -0.03018600
v -0.00345800 -0.00907100 -0.03013500
v -0.00352700 -0.00907100 -0.03012000
v -0.00360900 -0.00907100 -0.03028600
v -0.00369400 -0.00907100 -0.03037400
v -0.00381100 -0.00907100 -0.03040800
v -0.00399100 -0.00907100 -0.03041400
v -0.00412700 -0.00907100 -0.03041400
v -0.00418400 -0.00907100 -0.03041100
v -0.00421400 -0.00907100 -0.03039800
v -0.00422400 -0.00907100 -0.03036900
v -0.00323300 -0.00917600 -0.03015200
v -0.00323300 -0.00917600 -0.02915500
v -0.00322400 -0.00917600 -0.03025200
v -0.00341000 -0.00917600 -0.02895900
v -0.00326900 -0.00917600 -0.02893600
v -0.00340200 -0.00917600 -0.02903500
v -0.00334100 -0.00917600 -0.02903000
v -0.00329700 -0.00917600 -0.02903600
v -0.00326200 -0.00917600 -0.02905500
v -0.00315100 -0.00917600 -0.02892100
v -0.00324000 -0.00917600 -0.02909300
v -0.00319800 -0.00917600 -0.03033800
v -0.00315700 -0.00917600 -0.03040900
v -0.00310300 -0.00917600 -0.03046700
v -0.00306600 -0.00917600 -0.02891300
v -0.00303800 -0.00917600 -0.03051100
v -0.00302200 -0.00917600 -0.02891000
v -0.00296300 -0.00917600 -0.03054300
v -0.00297800 -0.00917600 -0.03002900
v -0.00298900 -0.00917600 -0.02892100
v -0.00297200 -0.00917600 -0.03012400
v -0.00295200 -0.00917600 -0.03020300
v -0.00279100 -0.00917600 -0.03056700
v -0.00291900 -0.00917600 -0.03026700
v -0.00287500 -0.00917600 -0.03031700
v -0.00276000 -0.00917600 -0.03037900
v -0.00264600 -0.00917600 -0.03055600
v -0.00261700 -0.00917600 -0.03039700
v -0.00250400 -0.00917600 -0.03052000
v -0.00251900 -0.00917600 -0.03038900
v -0.00242300 -0.00917600 -0.03036600
v -0.00223300 -0.00917600 -0.03040100
v -0.00223300 -0.00917600 -0.03028700
v -0.00222300 -0.00917600 -0.03051400
v -0.00223300 -0.00917600 -0.02897800
v -0.00222500 -0.00917600 -0.02895300
v -0.00220000 -0.00917600 -0.02894000
v -0.00221400 -0.00917600 -0.03054000
v -0.00219000 -0.00917600 -0.03054800
v -0.00215000 -0.00917600 -0.02893300
v -0.00215900 -0.00917600 -0.03054700
v -0.00211200 -0.00917600 -0.03054500
v -0.00209400 -0.00917600 -0.02892800
v -0.00206100 -0.00917600 -0.03053900
v -0.00204400 -0.00917600 -0.02892500
v -0.00201000 -0.00917600 -0.03053200
v -0.00201000 -0.00917600 -0.02892300
v -0.00198600 -0.00917600 -0.03051900
v -0.00198600 -0.00917600 -0.02893200
v -0.00197800 -0.00917600 -0.03049300
v -0.00197800 -0.00917600 -0.02895800
v -0.00297800 -0.00917600 -0.02895400
v -0.00297800 -0.00907100 -0.03002900
v -0.00297800 -0.00907100 -0.02895400
v -0.00298900 -0.00907100 -0.02892100
v -0.00302200 -0.00907100 -0.02891000
v -0.00306600 -0.00907100 -0.02891300
v -0.00315100 -0.00907100 -0.02892100
v -0.00326900 -0.00907100 -0.02893600
v -0.00341000 -0.00907100 -0.02895900
v -0.00340200 -0.00907100 -0.02903500
v -0.00334100 -0.00907100 -0.02903000
v -0.00329700 -0.00907100 -0.02903600
v -0.00326200 -0.00907100 -0.02905500
v -0.00324000 -0.00907100 -0.02909300
v -0.00323300 -0.00907100 -0.02915500
v -0.00323300 -0.00907100 -0.03015200
v -0.00322400 -0.00907100 -0.03025200
v -0.00319800 -0.00907100 -0.03033800
v -0.00315700 -0.00907100 -0.03040900
v -0.00310300 -0.00907100 -0.03046700
v -0.00303800 -0.00907100 -0.03051100
v -0.00296300 -0.00907100 -0.03054300
v -0.00279100 -0.00907100 -0.03056700
v -0.00264600 -0.00907100 -0.03055600
v -0.00250400 -0.00907100 -0.03052000
v -0.00223300 -0.00907100 -0.03040100
v -0.00222300 -0.00907100 -0.03051400
v -0.00221400 -0.00907100 -0.03054000
v -0.00219000 -0.00907100 -0.03054800
v -0.00215900 -0.00907100 -0.03054700
v -0.00211200 -0.00907100 -0.03054500
v -0.00206100 -0.00907100 -0.03053900
v -0.00201000 -0.00907100 -0.03053200
v -0.00198600 -0.00907100 -0.03051900
v -0.00197800 -0.00907100 -0.03049300
v -0.00197800 -0.00907100 -0.02895800
v -0.00198600 -0.00907100 -0.02893200
v -0.00201000 -0.00907100 -0.02892300
v -0.00204400 -0.00907100 -0.02892500
v -0.00209400 -0.00907100 -0.02892800
v -0.00215000 -0.00907100 -0.02893300
v -0.00220000 -0.00907100 -0.02894000
v -0.00222500 -0.00907100 -0.02895300
v -0.00223300 -0.00907100 -0.02897800
v -0.00223300 -0.00907100 -0.03028700
v -0.00242300 -0.00907100 -0.03036600
v -0.00251900 -0.00907100 -0.03038900
v -0.00261700 -0.00907100 -0.03039700
v -0.00276000 -0.00907100 -0.03037900
v -0.00287500 -0.00907100 -0.03031700
v -0.00291900 -0.00907100 -0.03026700
v -0.00295200 -0.00907100 -0.03020300
v -0.00297200 -0.00907100 -0.03012400
v -0.00168900 -0.00917600 -0.03053300
v -0.00168800 -0.00917600 -0.03051900
v -0.00167000 -0.00917600 -0.03054800
v -0.00142000 -0.00917600 -0.02906200
v -0.00159400 -0.00917600 -0.03054600
v -0.00153300 -0.00917600 -0.03054100
v -0.00150800 -0.00917600 -0.03052300
v -0.00135000 -0.00917600 -0.02925900
v -0.00138800 -0.00917600 -0.02889400
v -0.00133000 -0.00917600 -0.02888800
v -0.00087000 -0.00917600 -0.03052800
v -0.00127900 -0.00917600 -0.02888400
v -0.00124500 -0.00917600 -0.02888200
v -0.00122100 -0.00917600 -0.02889000
v -0.00120600 -0.00917600 -0.02891400
v -0.00071500 -0.00917600 -0.03020800
v -0.00084000 -0.00917600 -0.03054800
v -0.00077700 -0.00917600 -0.03054700
v -0.00072200 -0.00917600 -0.03054300
v -0.00069700 -0.00917600 -0.03052500
v -0.00021100 -0.00917600 -0.02905500
v -0.00018500 -0.00917600 -0.02927600
v -0.00020000 -0.00917600 -0.02890100
v -0.00014900 -0.00917600 -0.02889400
v -0.00004000 -0.00917600 -0.03052800
v -0.00009300 -0.00917600 -0.02888800
v -0.00004300 -0.00917600 -0.02888400
v -0.00001000 -0.00917600 -0.02888200
v -0.00003000 -0.00917600 -0.03054300
v -0.00001000 -0.00917600 -0.03054800
v 0.00002500 -0.00917600 -0.03054700
v 0.00001700 -0.00917600 -0.02889000
v 0.00002900 -0.00917600 -0.02891400
v 0.00007800 -0.00917600 -0.03054500
v 0.00021500 -0.00917600 -0.03048600
v 0.00013700 -0.00917600 -0.03053900
v 0.00019100 -0.00917600 -0.03053200
v 0.00021000 -0.00917600 -0.03052200
v 0.00021700 -0.00917600 -0.03050100
v 0.00021700 -0.00917600 -0.03049500
v -0.00022600 -0.00917600 -0.02893000
v -0.00022500 -0.00917600 -0.02894100
v -0.00146700 -0.00917600 -0.02892700
v -0.00146000 -0.00917600 -0.02891000
v -0.00146400 -0.00917600 -0.02894100
v -0.00143900 -0.00917600 -0.02890100
v -0.00004000 -0.00907100 -0.03052800
v -0.00018500 -0.00907100 -0.02927600
v -0.00003000 -0.00907100 -0.03054300
v -0.00001000 -0.00907100 -0.03054800
v 0.00002500 -0.00907100 -0.03054700
v 0.00007800 -0.00907100 -0.03054500
v 0.00013700 -0.00907100 -0.03053900
v 0.00019100 -0.00907100 -0.03053200
v 0.00021000 -0.00907100 -0.03052200
v 0.00021700 -0.00907100 -0.03050100
v 0.00021700 -0.00907100 -0.03049500
v 0.00021500 -0.00907100 -0.03048600
v 0.00002900 -0.00907100 -0.02891400
v 0.00001700 -0.00907100 -0.02889000
v -0.00001000 -0.00907100 -0.02888200
v -0.00004300 -0.00907100 -0.02888400
v -0.00009300 -0.00907100 -0.02888800
v -0.00014900 -0.00907100 -0.02889400
v -0.00020000 -0.00907100 -0.02890100
v -0.00022600 -0.00907100 -0.02893000
v -0.00022500 -0.00907100 -0.02894100
v -0.00021100 -0.00907100 -0.02905500
v -0.00071500 -0.00907100 -0.03020800
v -0.00120600 -0.00907100 -0.02891400
v -0.00122100 -0.00907100 -0.02889000
v -0.00124500 -0.00907100 -0.02888200
v -0.00127900 -0.00907100 -0.02888400
v -0.00133000 -0.00907100 -0.02888800
v -0.00138800 -0.00907100 -0.02889400
v -0.00143900 -0.00907100 -0.02890100
v -0.00146000 -0.00907100 -0.02891000
v -0.00146700 -0.00907100 -0.02892700
v -0.00146400 -0.00907100 -0.02894100
v -0.00142000 -0.00907100 -0.02906200
v -0.00168800 -0.00907100 -0.03051900
v -0.00168900 -0.00907100 -0.03053300
v -0.00167000 -0.00907100 -0.03054800
v -0.00159400 -0.00907100 -0.03054600
v -0.00153300 -0.00907100 -0.03054100
v -0.00150800 -0.00907100 -0.03052300
v -0.00135000 -0.00907100 -0.02925900
v -0.00087000 -0.00907100 -0.03052800
v -0.00084000 -0.00907100 -0.03054800
v -0.00077700 -0.00907100 -0.03054700
v -0.00072200 -0.00907100 -0.03054300
v -0.00069700 -0.00907100 -0.03052500
v 0.00056800 -0.00917600 -0.03051400
v 0.00056800 -0.00917600 -0.02915500
v 0.00057600 -0.00917600 -0.03054000
v 0.00039100 -0.00917600 -0.02895900
v 0.00053200 -0.00917600 -0.02893600
v 0.00039900 -0.00917600 -0.02903500
v 0.00046000 -0.00917600 -0.02903000
v 0.00050400 -0.00917600 -0.02903600
v 0.00053900 -0.00917600 -0.02905500
v 0.00065000 -0.00917600 -0.02892100
v 0.00056100 -0.00917600 -0.02909300
v 0.00060100 -0.00917600 -0.03054800
v 0.00063500 -0.00917600 -0.03054700
v 0.00068400 -0.00917600 -0.03054500
v 0.00073600 -0.00917600 -0.02891300
v 0.00073900 -0.00917600 -0.03053900
v 0.00077900 -0.00917600 -0.02891000
v 0.00079000 -0.00917600 -0.03053200
v 0.00081300 -0.00917600 -0.02892100
v 0.00081500 -0.00917600 -0.03051900
v 0.00082300 -0.00917600 -0.02895400
v 0.00082300 -0.00917600 -0.03049300
v 0.00039900 -0.00907100 -0.02903500
v 0.00039100 -0.00907100 -0.02895900
v 0.00046000 -0.00907100 -0.02903000
v 0.00050400 -0.00907100 -0.02903600
v 0.00053900 -0.00907100 -0.02905500
v 0.00056100 -0.00907100 -0.02909300
v 0.00056800 -0.00907100 -0.02915500
v 0.00056800 -0.00907100 -0.03051400
v 0.00057600 -0.00907100 -0.03054000
v 0.00060100 -0.00907100 -0.03054800
v 0.00063500 -0.00907100 -0.03054700
v 0.00068400 -0.00907100 -0.03054500
v 0.00073900 -0.00907100 -0.03053900
v 0.00079000 -0.00907100 -0.03053200
v 0.00081500 -0.00907100 -0.03051900
v 0.00082300 -0.00907100 -0.03049300
v 0.00082300 -0.00907100 -0.02895400
v 0.00081300 -0.00907100 -0.02892100
v 0.00077900 -0.00907100 -0.02891000
v 0.00073600 -0.00907100 -0.02891300
v 0.00065000 -0.00907100 -0.02892100
v 0.00053200 -0.00907100 -0.02893600
v 0.00113700 -0.00917600 -0.02893000
v 0.00116200 -0.00917600 -0.02890500
v 0.00114300 -0.00917600 -0.02894500
v 0.00125600 -0.00917600 -0.02909900
v 0.00121800 -0.00917600 -0.02889800
v 0.00128800 -0.00917600 -0.02889200
v 0.00122100 -0.00917600 -0.03052900
v 0.00124300 -0.00917600 -0.03055000
v 0.00132100 -0.00917600 -0.03054700
v 0.00135200 -0.00917600 -0.02888800
v 0.00138900 -0.00917600 -0.03054000
v 0.00137600 -0.00917600 -0.02925900
v 0.00141100 -0.00917600 -0.03052200
v 0.00139200 -0.00917600 -0.02888600
v 0.00233200 -0.00917600 -0.03052800
v 0.00141500 -0.00917600 -0.02889500
v 0.00143400 -0.00917600 -0.02891800
v 0.00238200 -0.00917600 -0.03017600
v 0.00234500 -0.00917600 -0.03054300
v 0.00236400 -0.00917600 -0.03054800
v 0.00242700 -0.00917600 -0.03054700
v 0.00234800 -0.00917600 -0.02894500
v 0.00237000 -0.00917600 -0.02892700
v 0.00243600 -0.00917600 -0.02891900
v 0.00248200 -0.00917600 -0.03054300
v 0.00251500 -0.00917600 -0.02891500
v 0.00250400 -0.00917600 -0.03027400
v 0.00250400 -0.00917600 -0.03052500
v 0.00253700 -0.00917600 -0.02893600
v 0.00135200 -0.00907100 -0.02888800
v 0.00139200 -0.00907100 -0.02888600
v 0.00128800 -0.00907100 -0.02889200
v 0.00121800 -0.00907100 -0.02889800
v 0.00116200 -0.00907100 -0.02890500
v 0.00113700 -0.00907100 -0.02893000
v 0.00114300 -0.00907100 -0.02894500
v 0.00125600 -0.00907100 -0.02909900
v 0.00122100 -0.00907100 -0.03052900
v 0.00124300 -0.00907100 -0.03055000
v 0.00132100 -0.00907100 -0.03054700
v 0.00138900 -0.00907100 -0.03054000
v 0.00141100 -0.00907100 -0.03052200
v 0.00137600 -0.00907100 -0.02925900
v 0.00233200 -0.00907100 -0.03052800
v 0.00234500 -0.00907100 -0.03054300
v 0.00236400 -0.00907100 -0.03054800
v 0.00242700 -0.00907100 -0.03054700
v 0.00248200 -0.00907100 -0.03054300
v 0.00250400 -0.00907100 -0.03052500
v 0.00250400 -0.00907100 -0.03027400
v 0.00253700 -0.00907100 -0.02893600
v 0.00251500 -0.00907100 -0.02891500
v 0.00243600 -0.00907100 -0.02891900
v 0.00237000 -0.00907100 -0.02892700
v 0.00234800 -0.00907100 -0.02894500
v 0.00238200 -0.00907100 -0.03017600
v 0.00143400 -0.00907100 -0.02891800
v 0.00141500 -0.00907100 -0.02889500
v 0.00293700 -0.00917600 -0.03049600
v 0.00293700 -0.00917600 -0.02917700
v 0.00294400 -0.00917600 -0.03051900
v 0.00276000 -0.00917600 -0.02899100
v 0.00284300 -0.00917600 -0.02897700
v 0.00276800 -0.00917600 -0.02906600
v 0.00282700 -0.00917600 -0.02906200
v 0.00290500 -0.00917600 -0.02908500
v 0.00295800 -0.00917600 -0.02896000
v 0.00292900 -0.00917600 -0.02911900
v 0.00297000 -0.00917600 -0.03053000
v 0.00307300 -0.00917600 -0.02894700
v 0.00319700 -0.00917600 -0.03053000
v 0.00319200 -0.00917600 -0.03031800
v 0.00316000 -0.00917600 -0.02894100
v 0.00319400 -0.00917600 -0.03036900
v 0.00320500 -0.00917600 -0.03039800
v 0.00340300 -0.00917600 -0.03053100
v 0.00323500 -0.00917600 -0.03041100
v 0.00329200 -0.00917600 -0.03041400
v 0.00346900 -0.00917600 -0.03041400
v 0.00358600 -0.00917600 -0.03053200
v 0.00364800 -0.00917600 -0.03040900
v 0.00374200 -0.00917600 -0.03053400
v 0.00376400 -0.00917600 -0.03037700
v 0.00386300 -0.00917600 -0.03053400
v 0.00384900 -0.00917600 -0.03029200
v 0.00393000 -0.00917600 -0.03012700
v 0.00390500 -0.00917600 -0.03052300
v 0.00393000 -0.00917600 -0.03048800
v 0.00395500 -0.00917600 -0.03039200
v 0.00399900 -0.00917600 -0.03014200
v 0.00397700 -0.00917600 -0.03028400
v 0.00399300 -0.00917600 -0.03019100
v 0.00319200 -0.00917600 -0.02977000
v 0.00319200 -0.00917600 -0.02966200
v 0.00375400 -0.00917600 -0.02978900
v 0.00339800 -0.00917600 -0.02965200
v 0.00356200 -0.00917600 -0.02964300
v 0.00367300 -0.00917600 -0.02963800
v 0.00372600 -0.00917600 -0.02963600
v 0.00375400 -0.00917600 -0.02964600
v 0.00376200 -0.00917600 -0.02973000
v 0.00376400 -0.00917600 -0.02967700
v 0.00366000 -0.00917600 -0.02894100
v 0.00321600 -0.00917600 -0.02905500
v 0.00319900 -0.00917600 -0.02906200
v 0.00319300 -0.00917600 -0.02907800
v 0.00319200 -0.00917600 -0.02910600
v 0.00325100 -0.00917600 -0.02905400
v 0.00349200 -0.00917600 -0.02905400
v 0.00364000 -0.00917600 -0.02905900
v 0.00373400 -0.00917600 -0.02908800
v 0.00375700 -0.00917600 -0.02894100
v 0.00379500 -0.00917600 -0.02916600
v 0.00387000 -0.00917600 -0.02893900
v 0.00384300 -0.00917600 -0.02931700
v 0.00391100 -0.00917600 -0.02931000
v 0.00389400 -0.00917600 -0.02895900
v 0.00389800 -0.00917600 -0.02901000
v 0.00390100 -0.00917600 -0.02907900
v 0.00390500 -0.00917600 -0.02915400
v 0.00390800 -0.00917600 -0.02922500
v 0.00391000 -0.00917600 -0.02928200
v 0.00319200 -0.00907100 -0.03031800
v 0.00319200 -0.00907100 -0.02977000
v 0.00375400 -0.00907100 -0.02978900
v 0.00376200 -0.00907100 -0.02973000
v 0.00376400 -0.00907100 -0.02967700
v 0.00375400 -0.00907100 -0.02964600
v 0.00372600 -0.00907100 -0.02963600
v 0.00367300 -0.00907100 -0.02963800
v 0.00356200 -0.00907100 -0.02964300
v 0.00339800 -0.00907100 -0.02965200
v 0.00319200 -0.00907100 -0.02966200
v 0.00319200 -0.00907100 -0.02910600
v 0.00319300 -0.00907100 -0.02907800
v 0.00319900 -0.00907100 -0.02906200
v 0.00321600 -0.00907100 -0.02905500
v 0.00325100 -0.00907100 -0.02905400
v 0.00349200 -0.00907100 -0.02905400
v 0.00364000 -0.00907100 -0.02905900
v 0.00373400 -0.00907100 -0.02908800
v 0.00379500 -0.00907100 -0.02916600
v 0.00384300 -0.00907100 -0.02931700
v 0.00391100 -0.00907100 -0.02931000
v 0.00391000 -0.00907100 -0.02928200
v 0.00390800 -0.00907100 -0.02922500
v 0.00390500 -0.00907100 -0.02915400
v 0.00390100 -0.00907100 -0.02907900
v 0.00389800 -0.00907100 -0.02901000
v 0.00389400 -0.00907100 -0.02895900
v 0.00387000 -0.00907100 -0.02893900
v 0.00375700 -0.00907100 -0.02894100
v 0.00366000 -0.00907100 -0.02894100
v 0.00316000 -0.00907100 -0.02894100
v 0.00307300 -0.00907100 -0.02894700
v 0.00295800 -0.00907100 -0.02896000
v 0.00284300 -0.00907100 -0.02897700
v 0.00276000 -0.00907100 -0.02899100
v 0.00276800 -0.00907100 -0.02906600
v 0.00282700 -0.00907100 -0.02906200
v 0.00290500 -0.00907100 -0.02908500
v 0.00292900 -0.00907100 -0.02911900
v 0.00293700 -0.00907100 -0.02917700
v 0.00293700 -0.00907100 -0.03049600
v 0.00294400 -0.00907100 -0.03051900
v 0.00297000 -0.00907100 -0.03053000
v 0.00319700 -0.00907100 -0.03053000
v 0.00340300 -0.00907100 -0.03053100
v 0.00358600 -0.00907100 -0.03053200
v 0.00374200 -0.00907100 -0.03053400
v 0.00386300 -0.00907100 -0.03053400
v 0.00390500 -0.00907100 -0.03052300
v 0.00393000 -0.00907100 -0.03048800
v 0.00395500 -0.00907100 -0.03039200
v 0.00397700 -0.00907100 -0.03028400
v 0.00399300 -0.00907100 -0.03019100
v 0.00399900 -0.00907100 -0.03014200
v 0.00393000 -0.00907100 -0.03012700
v 0.00384900 -0.00907100 -0.03029200
v 0.00376400 -0.00907100 -0.03037700
v 0.00364800 -0.00907100 -0.03040900
v 0.00346900 -0.00907100 -0.03041400
v 0.00329200 -0.00907100 -0.03041400
v 0.00323500 -0.00907100 -0.03041100
v 0.00320500 -0.00907100 -0.03039800
v 0.00319400 -0.00907100 -0.03036900
v 0.00415400 -0.00917600 -0.03014100
v 0.00422200 -0.00917600 -0.03013400
v 0.00415500 -0.00917600 -0.03019500
v 0.00415900 -0.00917600 -0.03030000
v 0.00416300 -0.00917600 -0.03041300
v 0.00416900 -0.00917600 -0.03049700
v 0.00417800 -0.00917600 -0.03051600
v 0.00419800 -0.00917600 -0.03052800
v 0.00426600 -0.00917600 -0.03027600
v 0.00438000 -0.00917600 -0.03055900
v 0.00435100 -0.00917600 -0.03037600
v 0.00446900 -0.00917600 -0.03043400
v 0.00456300 -0.00917600 -0.03057000
v 0.00461200 -0.00917600 -0.03045200
v 0.00471800 -0.00917600 -0.03056100
v 0.00474500 -0.00917600 -0.03043600
v 0.00487000 -0.00917600 -0.03052800
v 0.00486000 -0.00917600 -0.03038600
v 0.00494000 -0.00917600 -0.03029600
v 0.00500600 -0.00917600 -0.03046900
v 0.00496300 -0.00917600 -0.03023500
v 0.00497000 -0.00917600 -0.03016300
v 0.00413500 -0.00917600 -0.02937500
v 0.00414800 -0.00917600 -0.02925100
v 0.00414500 -0.00917600 -0.02947700
v 0.00417500 -0.00917600 -0.02956200
v 0.00418700 -0.00917600 -0.02915000
v 0.00422200 -0.00917600 -0.02963300
v 0.00424800 -0.00917600 -0.02906800
v 0.00428100 -0.00917600 -0.02969200
v 0.00432600 -0.00917600 -0.02900400
v 0.00442800 -0.00917600 -0.02978300
v 0.00437900 -0.00917600 -0.02930500
v 0.00438700 -0.00917600 -0.02936600
v 0.00441000 -0.00917600 -0.02941800
v 0.00449500 -0.00917600 -0.02950000
v 0.00459300 -0.00917600 -0.02985400
v 0.00461600 -0.00917600 -0.02956300
v 0.00473400 -0.00917600 -0.02991000
v 0.00475900 -0.00917600 -0.02961800
v 0.00485400 -0.00917600 -0.02997200
v 0.00492400 -0.00917600 -0.02968600
v 0.00493900 -0.00917600 -0.03005300
v 0.00507100 -0.00917600 -0.02977400
v 0.00496200 -0.00917600 -0.03010300
v 0.00511700 -0.00917600 -0.03037700
v 0.00513000 -0.00917600 -0.02983200
v 0.00519000 -0.00917600 -0.03025000
v 0.00517700 -0.00917600 -0.02990100
v 0.00520700 -0.00917600 -0.02998300
v 0.00521700 -0.00917600 -0.03008300
v 0.00441800 -0.00917600 -0.02895700
v 0.00440600 -0.00917600 -0.02917700
v 0.00447800 -0.00917600 -0.02908900
v 0.00452100 -0.00917600 -0.02892600
v 0.00458200 -0.00917600 -0.02903900
v 0.00474400 -0.00917600 -0.02890300
v 0.00470600 -0.00917600 -0.02902400
v 0.00482800 -0.00917600 -0.02904100
v 0.00490900 -0.00917600 -0.02891500
v 0.00493100 -0.00917600 -0.02909300
v 0.00507600 -0.00917600 -0.02894500
v 0.00500700 -0.00917600 -0.02918400
v 0.00505100 -0.00917600 -0.02931300
v 0.00512100 -0.00917600 -0.02930600
v 0.00509600 -0.00917600 -0.02895700
v 0.00510500 -0.00917600 -0.02897600
v 0.00511000 -0.00917600 -0.02905600
v 0.00511600 -0.00917600 -0.02916000
v 0.00512000 -0.00917600 -0.02925500
v 0.00512100 -0.00907100 -0.02930600
v 0.00505100 -0.00907100 -0.02931300
v 0.00512000 -0.00907100 -0.02925500
v 0.00511600 -0.00907100 -0.02916000
v 0.00511000 -0.00907100 -0.02905600
v 0.00510500 -0.00907100 -0.02897600
v 0.00509600 -0.00907100 -0.02895700
v 0.00507600 -0.00907100 -0.02894500
v 0.00490900 -0.00907100 -0.02891500
v 0.00474400 -0.00907100 -0.02890300
v 0.00452100 -0.00907100 -0.02892600
v 0.00441800 -0.00907100 -0.02895700
v 0.00432600 -0.00907100 -0.02900400
v 0.00424800 -0.00907100 -0.02906800
v 0.00418700 -0.00907100 -0.02915000
v 0.00414800 -0.00907100 -0.02925100
v 0.00413500 -0.00907100 -0.02937500
v 0.00414500 -0.00907100 -0.02947700
v 0.00417500 -0.00907100 -0.02956200
v 0.00422200 -0.00907100 -0.02963300
v 0.00428100 -0.00907100 -0.02969200
v 0.00442800 -0.00907100 -0.02978300
v 0.00459300 -0.00907100 -0.02985400
v 0.00473400 -0.00907100 -0.02991000
v 0.00485400 -0.00907100 -0.02997200
v 0.00493900 -0.00907100 -0.03005300
v 0.00496200 -0.00907100 -0.03010300
v 0.00497000 -0.00907100 -0.03016300
v 0.00496300 -0.00907100 -0.03023500
v 0.00494000 -0.00907100 -0.03029600
v 0.00486000 -0.00907100 -0.03038600
v 0.00474500 -0.00907100 -0.03043600
v 0.00461200 -0.00907100 -0.03045200
v 0.00446900 -0.00907100 -0.03043400
v 0.00435100 -0.00907100 -0.03037600
v 0.00426600 -0.00907100 -0.03027600
v 0.00422200 -0.00907100 -0.03013400
v 0.00415400 -0.00907100 -0.03014100
v 0.00415500 -0.00907100 -0.03019500
v 0.00415900 -0.00907100 -0.03030000
v 0.00416300 -0.00907100 -0.03041300
v 0.00416900 -0.00907100 -0.03049700
v 0.00417800 -0.00907100 -0.03051600
v 0.00419800 -0.00907100 -0.03052800
v 0.00438000 -0.00907100 -0.03055900
v 0.00456300 -0.00907100 -0.03057000
v 0.00471800 -0.00907100 -0.03056100
v 0.00487000 -0.00907100 -0.03052800
v 0.00500600 -0.00907100 -0.03046900
v 0.00511700 -0.00907100 -0.03037700
v 0.00519000 -0.00907100 -0.03025000
v 0.00521700 -0.00907100 -0.03008300
v 0.00520700 -0.00907100 -0.02998300
v 0.00517700 -0.00907100 -0.02990100
v 0.00513000 -0.00907100 -0.02983200
v 0.00507100 -0.00907100 -0.02977400
v 0.00492400 -0.00907100 -0.02968600
v 0.00475900 -0.00907100 -0.02961800
v 0.00461600 -0.00907100 -0.02956300
v 0.00449500 -0.00907100 -0.02950000
v 0.00441000 -0.00907100 -0.02941800
v 0.00438700 -0.00907100 -0.02936600
v 0.00437900 -0.00907100 -0.02930500
v 0.00440600 -0.00907100 -0.02917700
v 0.00447800 -0.00907100 -0.02908900
v 0.00458200 -0.00907100 -0.02903900
v 0.00470600 -0.00907100 -0.02902400
v 0.00482800 -0.00907100 -0.02904100
v 0.00493100 -0.00907100 -0.02909300
v 0.00500700 -0.00907100 -0.02918400
v -0.10326600 -0.00941600 0.09315700
v -0.10326600 -0.00941600 0.09324400
v -0.10281600 -0.00941600 0.09315700
v -0.10281600 -0.00941600 0.09324400
v -0.10336700 -0.00941600 0.09265400
v -0.10336700 -0.00941600 0.09371900
v -0.10326600 -0.00941600 0.09265400
v -0.10326600 -0.00941600 0.09363000
v -0.10273800 -0.00941600 0.09371900
v -0.10273800 -0.00941600 0.09363000
v -0.10273800 -0.00933800 0.09363000
v -0.10273800 -0.00933800 0.09371900
v -0.10336700 -0.00933800 0.09371900
v -0.10336700 -0.00933800 0.09265400
v -0.10326600 -0.00933800 0.09265400
v -0.10326600 -0.00933800 0.09315700
v -0.10281600 -0.00933800 0.09315700
v -0.10281600 -0.00933800 0.09324400
v -0.10326600 -0.00933800 0.09324400
v -0.10326600 -0.00933800 0.09363000
v -0.10205200 -0.00941600 0.09265400
v -0.10205200 -0.00941600 0.09276800
v -0.10196100 -0.00941600 0.09265400
v -0.10205200 -0.00941600 0.09309100
v -0.10205200 -0.00941600 0.09342600
v -0.10196100 -0.00941600 0.09342600
v -0.10247100 -0.00941600 0.09294700
v -0.10245900 -0.00941600 0.09284000
v -0.10249700 -0.00941600 0.09270800
v -0.10241500 -0.00941600 0.09265500
v -0.10242200 -0.00941600 0.09276800
v -0.10236500 -0.00941600 0.09272800
v -0.10230100 -0.00941600 0.09263700
v -0.10229200 -0.00941600 0.09271500
v -0.10223000 -0.00941600 0.09264500
v -0.10219100 -0.00941600 0.09273800
v -0.10216500 -0.00941600 0.09267000
v -0.10210800 -0.00941600 0.09280800
v -0.10210600 -0.00941600 0.09271100
v -0.10207800 -0.00941600 0.09285800
v -0.10206200 -0.00941600 0.09291600
v -0.10256200 -0.00941600 0.09292300
v -0.10256200 -0.00941600 0.09342600
v -0.10254600 -0.00941600 0.09279800
v -0.10247100 -0.00941600 0.09342600
v -0.10196100 -0.00933800 0.09265400
v -0.10196100 -0.00933800 0.09342600
v -0.10205200 -0.00933800 0.09342600
v -0.10205200 -0.00933800 0.09309100
v -0.10206200 -0.00933800 0.09291600
v -0.10207800 -0.00933800 0.09285800
v -0.10210800 -0.00933800 0.09280800
v -0.10219100 -0.00933800 0.09273800
v -0.10229200 -0.00933800 0.09271500
v -0.10236500 -0.00933800 0.09272800
v -0.10242200 -0.00933800 0.09276800
v -0.10245900 -0.00933800 0.09284000
v -0.10247100 -0.00933800 0.09294700
v -0.10247100 -0.00933800 0.09342600
v -0.10256200 -0.00933800 0.09342600
v -0.10256200 -0.00933800 0.09292300
v -0.10254600 -0.00933800 0.09279800
v -0.10249700 -0.00933800 0.09270800
v -0.10241500 -0.00933800 0.09265500
v -0.10230100 -0.00933800 0.09263700
v -0.10223000 -0.00933800 0.09264500
v -0.10216500 -0.00933800 0.09267000
v -0.10210600 -0.00933800 0.09271100
v -0.10205200 -0.00933800 0.09276800
v -0.10205200 -0.00933800 0.09265400
v -0.10172300 -0.00941600 0.09265400
v -0.10172300 -0.00941600 0.09371900
v -0.10163200 -0.00941600 0.09265400
v -0.10163200 -0.00941600 0.09371900
v -0.10163200 -0.00933800 0.09265400
v -0.10163200 -0.00933800 0.09371900
v -0.10172300 -0.00933800 0.09371900
v -0.10172300 -0.00933800 0.09265400
v -0.10139200 -0.00941600 0.09265400
v -0.10139200 -0.00941600 0.09371900
v -0.10130100 -0.00941600 0.09265400
v -0.10130100 -0.00941600 0.09371900
v -0.10130100 -0.00933800 0.09265400
v -0.10130100 -0.00933800 0.09371900
v -0.10139200 -0.00933800 0.09371900
v -0.10139200 -0.00933800 0.09265400
v -0.10033500 -0.00941600 0.09265400
v -0.10033500 -0.00941600 0.09317200
v -0.10023700 -0.00941600 0.09265400
v -0.10033500 -0.00941600 0.09326000
v -0.10033500 -0.00941600 0.09371900
v -0.10023700 -0.00941600 0.09371900
v -0.10095300 -0.00941600 0.09317200
v -0.10095300 -0.00941600 0.09326000
v -0.10105200 -0.00941600 0.09265400
v -0.10105200 -0.00941600 0.09371900
v -0.10095300 -0.00941600 0.09265400
v -0.10095300 -0.00941600 0.09371900
v -0.10023700 -0.00933800 0.09265400
v -0.10023700 -0.00933800 0.09371900
v -0.10033500 -0.00933800 0.09371900
v -0.10033500 -0.00933800 0.09326000
v -0.10095300 -0.00933800 0.09326000
v -0.10095300 -0.00933800 0.09371900
v -0.10105200 -0.00933800 0.09371900
v -0.10105200 -0.00933800 0.09265400
v -0.10095300 -0.00933800 0.09265400
v -0.10095300 -0.00933800 0.09317200
v -0.10033500 -0.00933800 0.09317200
v -0.10033500 -0.00933800 0.09265400
v -0.09997600 -0.00941600 0.09371900
v -0.09987500 -0.00941600 0.09274400
v -0.09997600 -0.00941600 0.09265400
v -0.09956700 -0.00941600 0.09265400
v -0.09962400 -0.00941600 0.09274400
v -0.09946700 -0.00941600 0.09275900
v -0.09946600 -0.00941600 0.09266300
v -0.09940400 -0.00941600 0.09278400
v -0.09937700 -0.00941600 0.09269000
v -0.09934300 -0.00941600 0.09282800
v -0.09930000 -0.00941600 0.09273400
v -0.09929000 -0.00941600 0.09289300
v -0.09923500 -0.00941600 0.09279600
v -0.09925200 -0.00941600 0.09297500
v -0.09923000 -0.00941600 0.09307800
v -0.09918300 -0.00941600 0.09287400
v -0.09922200 -0.00941600 0.09320000
v -0.09956700 -0.00941600 0.09371900
v -0.09987500 -0.00941600 0.09363000
v -0.09962400 -0.00941600 0.09363000
v -0.09944800 -0.00941600 0.09360300
v -0.09942600 -0.00941600 0.09370100
v -0.09937900 -0.00941600 0.09356900
v -0.09931100 -0.00941600 0.09364700
v -0.09932300 -0.00941600 0.09352300
v -0.09927900 -0.00941600 0.09346200
v -0.09922300 -0.00941600 0.09356200
v -0.09924700 -0.00941600 0.09338800
v -0.09916300 -0.00941600 0.09345400
v -0.09914600 -0.00941600 0.09296600
v -0.09912800 -0.00941600 0.09332800
v -0.09912400 -0.00941600 0.09307200
v -0.09911700 -0.00941600 0.09319300
v -0.09956700 -0.00933800 0.09265400
v -0.09997600 -0.00933800 0.09265400
v -0.09946600 -0.00933800 0.09266300
v -0.09937700 -0.00933800 0.09269000
v -0.09930000 -0.00933800 0.09273400
v -0.09923500 -0.00933800 0.09279600
v -0.09918300 -0.00933800 0.09287400
v -0.09914600 -0.00933800 0.09296600
v -0.09912400 -0.00933800 0.09307200
v -0.09911700 -0.00933800 0.09319300
v -0.09912800 -0.00933800 0.09332800
v -0.09916300 -0.00933800 0.09345400
v -0.09922300 -0.00933800 0.09356200
v -0.09931100 -0.00933800 0.09364700
v -0.09942600 -0.00933800 0.09370100
v -0.09956700 -0.00933800 0.09371900
v -0.09997600 -0.00933800 0.09371900
v -0.09987500 -0.00933800 0.09363000
v -0.09962400 -0.00933800 0.09363000
v -0.09944800 -0.00933800 0.09360300
v -0.09937900 -0.00933800 0.09356900
v -0.09932300 -0.00933800 0.09352300
v -0.09927900 -0.00933800 0.09346200
v -0.09924700 -0.00933800 0.09338800
v -0.09922200 -0.00933800 0.09320000
v -0.09987500 -0.00933800 0.09274400
v -0.09962400 -0.00933800 0.09274400
v -0.09946700 -0.00933800 0.09275900
v -0.09940400 -0.00933800 0.09278400
v -0.09934300 -0.00933800 0.09282800
v -0.09929000 -0.00933800 0.09289300
v -0.09925200 -0.00933800 0.09297500
v -0.09923000 -0.00933800 0.09307800
v -0.09817900 -0.00941600 0.09265400
v -0.09817900 -0.00941600 0.09354400
v -0.09808900 -0.00941600 0.09265400
v -0.09815000 -0.00941600 0.09371900
v -0.09808900 -0.00941600 0.09371900
v -0.09844900 -0.00941600 0.09337300
v -0.09844900 -0.00941600 0.09345300
v -0.09830700 -0.00941600 0.09344400
v -0.09826000 -0.00941600 0.09358200
v -0.09819500 -0.00941600 0.09365000
v -0.09808900 -0.00933800 0.09265400
v -0.09808900 -0.00933800 0.09371900
v -0.09815000 -0.00933800 0.09371900
v -0.09819500 -0.00933800 0.09365000
v -0.09826000 -0.00933800 0.09358200
v -0.09844900 -0.00933800 0.09345300
v -0.09844900 -0.00933800 0.09337300
v -0.09830700 -0.00933800 0.09344400
v -0.09817900 -0.00933800 0.09354400
v -0.09817900 -0.00933800 0.09265400
v -0.09762100 -0.00941600 0.09317200
v -0.09761000 -0.00941600 0.09298000
v -0.09763200 -0.00941600 0.09276600
v -0.09758400 -0.00941600 0.09270900
v -0.09757300 -0.00941600 0.09283900
v -0.09752600 -0.00941600 0.09266900
v -0.09754000 -0.00941600 0.09278600
v -0.09749600 -0.00941600 0.09274600
v -0.09745800 -0.00941600 0.09264400
v -0.09744000 -0.00941600 0.09272000
v -0.09737900 -0.00941600 0.09263600
v -0.09737400 -0.00941600 0.09271200
v -0.09730000 -0.00941600 0.09264400
v -0.09731800 -0.00941600 0.09271900
v -0.09727000 -0.00941600 0.09274100
v -0.09723200 -0.00941600 0.09267000
v -0.09719500 -0.00941600 0.09282800
v -0.09717400 -0.00941600 0.09271200
v -0.09715000 -0.00941600 0.09297400
v -0.09712600 -0.00941600 0.09277100
v -0.09713500 -0.00941600 0.09317700
v -0.09771600 -0.00941600 0.09315800
v -0.09769600 -0.00941600 0.09341500
v -0.09769500 -0.00941600 0.09292900
v -0.09767000 -0.00941600 0.09351200
v -0.09766800 -0.00941600 0.09284000
v -0.09763300 -0.00941600 0.09358800
v -0.09760800 -0.00941600 0.09338800
v -0.09758500 -0.00941600 0.09364600
v -0.09756500 -0.00941600 0.09353300
v -0.09752700 -0.00941600 0.09368700
v -0.09753000 -0.00941600 0.09358300
v -0.09748700 -0.00941600 0.09361800
v -0.09745800 -0.00941600 0.09371100
v -0.09743600 -0.00941600 0.09363900
v -0.09737900 -0.00941600 0.09371900
v -0.09737700 -0.00941600 0.09364600
v -0.09730000 -0.00941600 0.09371100
v -0.09732100 -0.00941600 0.09363900
v -0.09727100 -0.00941600 0.09361700
v -0.09723200 -0.00941600 0.09368500
v -0.09723000 -0.00941600 0.09358000
v -0.09717400 -0.00941600 0.09364300
v -0.09719600 -0.00941600 0.09352900
v -0.09715100 -0.00941600 0.09338200
v -0.09712600 -0.00941600 0.09358400
v -0.09709000 -0.00941600 0.09284700
v -0.09709000 -0.00941600 0.09350700
v -0.09706300 -0.00941600 0.09294100
v -0.09706300 -0.00941600 0.09341400
v -0.09704200 -0.00941600 0.09317700
v -0.09704200 -0.00933800 0.09317700
v -0.09706300 -0.00933800 0.09341400
v -0.09709000 -0.00933800 0.09350700
v -0.09712600 -0.00933800 0.09358400
v -0.09717400 -0.00933800 0.09364300
v -0.09723200 -0.00933800 0.09368500
v -0.09730000 -0.00933800 0.09371100
v -0.09737900 -0.00933800 0.09371900
v -0.09745800 -0.00933800 0.09371100
v -0.09752700 -0.00933800 0.09368700
v -0.09758500 -0.00933800 0.09364600
v -0.09763300 -0.00933800 0.09358800
v -0.09767000 -0.00933800 0.09351200
v -0.09769600 -0.00933800 0.09341500
v -0.09771600 -0.00933800 0.09315800
v -0.09769500 -0.00933800 0.09292900
v -0.09766800 -0.00933800 0.09284000
v -0.09763200 -0.00933800 0.09276600
v -0.09758400 -0.00933800 0.09270900
v -0.09752600 -0.00933800 0.09266900
v -0.09745800 -0.00933800 0.09264400
v -0.09737900 -0.00933800 0.09263600
v -0.09730000 -0.00933800 0.09264400
v -0.09723200 -0.00933800 0.09267000
v -0.09717400 -0.00933800 0.09271200
v -0.09712600 -0.00933800 0.09277100
v -0.09709000 -0.00933800 0.09284700
v -0.09706300 -0.00933800 0.09294100
v -0.09762100 -0.00933800 0.09317200
v -0.09760800 -0.00933800 0.09338800
v -0.09756500 -0.00933800 0.09353300
v -0.09753000 -0.00933800 0.09358300
v -0.09748700 -0.00933800 0.09361800
v -0.09743600 -0.00933800 0.09363900
v -0.09737700 -0.00933800 0.09364600
v -0.09732100 -0.00933800 0.09363900
v -0.09727100 -0.00933800 0.09361700
v -0.09723000 -0.00933800 0.09358000
v -0.09719600 -0.00933800 0.09352900
v -0.09715100 -0.00933800 0.09338200
v -0.09713500 -0.00933800 0.09317700
v -0.09761000 -0.00933800 0.09298000
v -0.09757300 -0.00933800 0.09283900
v -0.09754000 -0.00933800 0.09278600
v -0.09749600 -0.00933800 0.09274600
v -0.09744000 -0.00933800 0.09272000
v -0.09737400 -0.00933800 0.09271200
v -0.09731800 -0.00933800 0.09271900
v -0.09727000 -0.00933800 0.09274100
v -0.09719500 -0.00933800 0.09282800
v -0.09715000 -0.00933800 0.09297400
v -0.09689300 -0.00941600 0.09296200
v -0.09688200 -0.00941600 0.09304900
v -0.09688200 -0.00941600 0.09287200
v -0.09684900 -0.00941600 0.09312300
v -0.09684700 -0.00941600 0.09279000
v -0.09678900 -0.00941600 0.09318200
v -0.09680000 -0.00941600 0.09295300
v -0.09679300 -0.00941600 0.09301900
v -0.09677000 -0.00941600 0.09307600
v -0.09669900 -0.00941600 0.09322800
v -0.09673300 -0.00941600 0.09312100
v -0.09668400 -0.00941600 0.09315500
v -0.09679300 -0.00941600 0.09272100
v -0.09678300 -0.00941600 0.09285400
v -0.09672600 -0.00941600 0.09267400
v -0.09673200 -0.00941600 0.09277700
v -0.09665300 -0.00941600 0.09272800
v -0.09664500 -0.00941600 0.09264500
v -0.09655100 -0.00941600 0.09271200
v -0.09655100 -0.00941600 0.09263600
v -0.09644900 -0.00941600 0.09272800
v -0.09642200 -0.00941600 0.09265700
v -0.09637000 -0.00941600 0.09277700
v -0.09631000 -0.00941600 0.09271900
v -0.09631900 -0.00941600 0.09285300
v -0.09630200 -0.00941600 0.09295300
v -0.09626500 -0.00941600 0.09276500
v -0.09675900 -0.00941600 0.09344500
v -0.09674400 -0.00941600 0.09337000
v -0.09676500 -0.00941600 0.09326700
v -0.09669900 -0.00941600 0.09331100
v -0.09663200 -0.00941600 0.09327300
v -0.09662300 -0.00941600 0.09317700
v -0.09655100 -0.00941600 0.09326000
v -0.09655100 -0.00941600 0.09318400
v -0.09647900 -0.00941600 0.09317700
v -0.09647000 -0.00941600 0.09327300
v -0.09641800 -0.00941600 0.09315500
v -0.09640300 -0.00941600 0.09331100
v -0.09640200 -0.00941600 0.09322800
v -0.09636900 -0.00941600 0.09312100
v -0.09631700 -0.00941600 0.09318600
v -0.09633300 -0.00941600 0.09307600
v -0.09631000 -0.00941600 0.09301900
v -0.09625600 -0.00941600 0.09312800
v -0.09623300 -0.00941600 0.09282100
v -0.09622000 -0.00941600 0.09305300
v -0.09620800 -0.00941600 0.09296200
v -0.09635800 -0.00941600 0.09337100
v -0.09633600 -0.00941600 0.09326700
v -0.09634300 -0.00941600 0.09344500
v -0.09685100 -0.00941600 0.09344500
v -0.09684100 -0.00941600 0.09352100
v -0.09684100 -0.00941600 0.09337600
v -0.09681300 -0.00941600 0.09331600
v -0.09681100 -0.00941600 0.09358700
v -0.09676500 -0.00941600 0.09364100
v -0.09670500 -0.00941600 0.09368400
v -0.09673200 -0.00941600 0.09354800
v -0.09666000 -0.00941600 0.09361900
v -0.09663300 -0.00941600 0.09371000
v -0.09655100 -0.00941600 0.09364500
v -0.09655100 -0.00941600 0.09371900
v -0.09644300 -0.00941600 0.09361900
v -0.09646800 -0.00941600 0.09371000
v -0.09639500 -0.00941600 0.09368300
v -0.09637000 -0.00941600 0.09354900
v -0.09633500 -0.00941600 0.09364100
v -0.09628800 -0.00941600 0.09331600
v -0.09628900 -0.00941600 0.09358600
v -0.09626000 -0.00941600 0.09352100
v -0.09626000 -0.00941600 0.09337600
v -0.09625000 -0.00941600 0.09344500
v -0.09678900 -0.00933800 0.09318200
v -0.09669900 -0.00933800 0.09322800
v -0.09684900 -0.00933800 0.09312300
v -0.09688200 -0.00933800 0.09304900
v -0.09689300 -0.00933800 0.09296200
v -0.09688200 -0.00933800 0.09287200
v -0.09684700 -0.00933800 0.09279000
v -0.09679300 -0.00933800 0.09272100
v -0.09672600 -0.00933800 0.09267400
v -0.09664500 -0.00933800 0.09264500
v -0.09655100 -0.00933800 0.09263600
v -0.09642200 -0.00933800 0.09265700
v -0.09631000 -0.00933800 0.09271900
v -0.09626500 -0.00933800 0.09276500
v -0.09623300 -0.00933800 0.09282100
v -0.09620800 -0.00933800 0.09296200
v -0.09622000 -0.00933800 0.09305300
v -0.09625600 -0.00933800 0.09312800
v -0.09631700 -0.00933800 0.09318600
v -0.09640200 -0.00933800 0.09322800
v -0.09633600 -0.00933800 0.09326700
v -0.09628800 -0.00933800 0.09331600
v -0.09626000 -0.00933800 0.09337600
v -0.09625000 -0.00933800 0.09344500
v -0.09626000 -0.00933800 0.09352100
v -0.09628900 -0.00933800 0.09358600
v -0.09633500 -0.00933800 0.09364100
v -0.09639500 -0.00933800 0.09368300
v -0.09646800 -0.00933800 0.09371000
v -0.09655100 -0.00933800 0.09371900
v -0.09663300 -0.00933800 0.09371000
v -0.09670500 -0.00933800 0.09368400
v -0.09676500 -0.00933800 0.09364100
v -0.09681100 -0.00933800 0.09358700
v -0.09684100 -0.00933800 0.09352100
v -0.09685100 -0.00933800 0.09344500
v -0.09684100 -0.00933800 0.09337600
v -0.09681300 -0.00933800 0.09331600
v -0.09676500 -0.00933800 0.09326700
v -0.09675900 -0.00933800 0.09344500
v -0.09673200 -0.00933800 0.09354800
v -0.09666000 -0.00933800 0.09361900
v -0.09655100 -0.00933800 0.09364500
v -0.09644300 -0.00933800 0.09361900
v -0.09637000 -0.00933800 0.09354900
v -0.09634300 -0.00933800 0.09344500
v -0.09640300 -0.00933800 0.09331100
v -0.09635800 -0.00933800 0.09337100
v -0.09674400 -0.00933800 0.09337000
v -0.09669900 -0.00933800 0.09331100
v -0.09663200 -0.00933800 0.09327300
v -0.09668400 -0.00933800 0.09315500
v -0.09662300 -0.00933800 0.09317700
v -0.09655100 -0.00933800 0.09326000
v -0.09655100 -0.00933800 0.09318400
v -0.09647000 -0.00933800 0.09327300
v -0.09647900 -0.00933800 0.09317700
v -0.09641800 -0.00933800 0.09315500
v -0.09636900 -0.00933800 0.09312100
v -0.09633300 -0.00933800 0.09307600
v -0.09631000 -0.00933800 0.09301900
v -0.09630200 -0.00933800 0.09295300
v -0.09680000 -0.00933800 0.09295300
v -0.09678300 -0.00933800 0.09285400
v -0.09673200 -0.00933800 0.09277700
v -0.09665300 -0.00933800 0.09272800
v -0.09655100 -0.00933800 0.09271200
v -0.09644900 -0.00933800 0.09272800
v -0.09637000 -0.00933800 0.09277700
v -0.09631900 -0.00933800 0.09285300
v -0.09679300 -0.00933800 0.09301900
v -0.09677000 -0.00933800 0.09307600
v -0.09673300 -0.00933800 0.09312100
v -0.09596400 -0.00941600 0.09317200
v -0.09595400 -0.00941600 0.09298000
v -0.09597500 -0.00941600 0.09276600
v -0.09592800 -0.00941600 0.09270900
v -0.09591600 -0.00941600 0.09283900
v -0.09587000 -0.00941600 0.09266900
v -0.09588300 -0.00941600 0.09278600
v -0.09583900 -0.00941600 0.09274600
v -0.09580100 -0.00941600 0.09264400
v -0.09578400 -0.00941600 0.09272000
v -0.09572200 -0.00941600 0.09263600
v -0.09571800 -0.00941600 0.09271200
v -0.09564400 -0.00941600 0.09264400
v -0.09566200 -0.00941600 0.09271900
v -0.09561400 -0.00941600 0.09274100
v -0.09557500 -0.00941600 0.09267000
v -0.09553900 -0.00941600 0.09282800
v -0.09551700 -0.00941600 0.09271200
v -0.09549400 -0.00941600 0.09297400
v -0.09547000 -0.00941600 0.09277100
v -0.09547900 -0.00941600 0.09317700
v -0.09606000 -0.00941600 0.09315800
v -0.09604000 -0.00941600 0.09341500
v -0.09603800 -0.00941600 0.09292900
v -0.09601400 -0.00941600 0.09351200
v -0.09601200 -0.00941600 0.09284000
v -0.09597700 -0.00941600 0.09358800
v -0.09595200 -0.00941600 0.09338800
v -0.09592900 -0.00941600 0.09364600
v -0.09590800 -0.00941600 0.09353300
v -0.09587100 -0.00941600 0.09368700
v -0.09587400 -0.00941600 0.09358300
v -0.09583100 -0.00941600 0.09361800
v -0.09580200 -0.00941600 0.09371100
v -0.09578000 -0.00941600 0.09363900
v -0.09572200 -0.00941600 0.09371900
v -0.09572100 -0.00941600 0.09364600
v -0.09564400 -0.00941600 0.09371100
v -0.09566400 -0.00941600 0.09363900
v -0.09561500 -0.00941600 0.09361700
v -0.09557500 -0.00941600 0.09368500
v -0.09557400 -0.00941600 0.09358000
v -0.09551700 -0.00941600 0.09364300
v -0.09554000 -0.00941600 0.09352900
v -0.09549400 -0.00941600 0.09338200
v -0.09547000 -0.00941600 0.09358400
v -0.09543300 -0.00941600 0.09284700
v -0.09543300 -0.00941600 0.09350700
v -0.09540700 -0.00941600 0.09294100
v -0.09540700 -0.00941600 0.09341400
v -0.09538600 -0.00941600 0.09317700
v -0.09538600 -0.00933800 0.09317700
v -0.09540700 -0.00933800 0.09341400
v -0.09543300 -0.00933800 0.09350700
v -0.09547000 -0.00933800 0.09358400
v -0.09551700 -0.00933800 0.09364300
v -0.09557500 -0.00933800 0.09368500
v -0.09564400 -0.00933800 0.09371100
v -0.09572200 -0.00933800 0.09371900
v -0.09580200 -0.00933800 0.09371100
v -0.09587100 -0.00933800 0.09368700
v -0.09592900 -0.00933800 0.09364600
v -0.09597700 -0.00933800 0.09358800
v -0.09601400 -0.00933800 0.09351200
v -0.09604000 -0.00933800 0.09341500
v -0.09606000 -0.00933800 0.09315800
v -0.09603800 -0.00933800 0.09292900
v -0.09601200 -0.00933800 0.09284000
v -0.09597500 -0.00933800 0.09276600
v -0.09592800 -0.00933800 0.09270900
v -0.09587000 -0.00933800 0.09266900
v -0.09580100 -0.00933800 0.09264400
v -0.09572200 -0.00933800 0.09263600
v -0.09564400 -0.00933800 0.09264400
v -0.09557500 -0.00933800 0.09267000
v -0.09551700 -0.00933800 0.09271200
v -0.09547000 -0.00933800 0.09277100
v -0.09543300 -0.00933800 0.09284700
v -0.09540700 -0.00933800 0.09294100
v -0.09596400 -0.00933800 0.09317200
v -0.09595200 -0.00933800 0.09338800
v -0.09590800 -0.00933800 0.09353300
v -0.09587400 -0.00933800 0.09358300
v -0.09583100 -0.00933800 0.09361800
v -0.09578000 -0.00933800 0.09363900
v -0.09572100 -0.00933800 0.09364600
v -0.09566400 -0.00933800 0.09363900
v -0.09561500 -0.00933800 0.09361700
v -0.09557400 -0.00933800 0.09358000
v -0.09554000 -0.00933800 0.09352900
v -0.09549400 -0.00933800 0.09338200
v -0.09547900 -0.00933800 0.09317700
v -0.09595400 -0.00933800 0.09298000
v -0.09591600 -0.00933800 0.09283900
v -0.09588300 -0.00933800 0.09278600
v -0.09583900 -0.00933800 0.09274600
v -0.09578400 -0.00933800 0.09272000
v -0.09571800 -0.00933800 0.09271200
v -0.09566200 -0.00933800 0.09271900
v -0.09561400 -0.00933800 0.09274100
v -0.09553900 -0.00933800 0.09282800
v -0.09549400 -0.00933800 0.09297400
v -0.09518500 -0.00941600 0.09235900
v -0.09518500 -0.00941600 0.09342600
v -0.09509400 -0.00941600 0.09235900
v -0.09509600 -0.00941600 0.09302800
v -0.09509400 -0.00941600 0.09277100
v -0.09507700 -0.00941600 0.09289600
v -0.09503500 -0.00941600 0.09271200
v -0.09502200 -0.00941600 0.09279700
v -0.09496800 -0.00941600 0.09267100
v -0.09493400 -0.00941600 0.09273300
v -0.09489400 -0.00941600 0.09264500
v -0.09482000 -0.00941600 0.09271200
v -0.09481200 -0.00941600 0.09263700
v -0.09471100 -0.00941600 0.09273500
v -0.09473400 -0.00941600 0.09264400
v -0.09466500 -0.00941600 0.09266500
v -0.09462700 -0.00941600 0.09280500
v -0.09460500 -0.00941600 0.09270000
v -0.09457400 -0.00941600 0.09291000
v -0.09455400 -0.00941600 0.09274900
v -0.09455600 -0.00941600 0.09303800
v -0.09509400 -0.00941600 0.09330000
v -0.09507600 -0.00941600 0.09317200
v -0.09503200 -0.00941600 0.09336300
v -0.09501900 -0.00941600 0.09327900
v -0.09496200 -0.00941600 0.09340700
v -0.09493100 -0.00941600 0.09334500
v -0.09488700 -0.00941600 0.09343400
v -0.09481400 -0.00941600 0.09336700
v -0.09480400 -0.00941600 0.09344300
v -0.09474100 -0.00941600 0.09335700
v -0.09466700 -0.00941600 0.09341900
v -0.09467900 -0.00941600 0.09332700
v -0.09462800 -0.00941600 0.09328000
v -0.09456100 -0.00941600 0.09334200
v -0.09458900 -0.00941600 0.09321400
v -0.09456400 -0.00941600 0.09313200
v -0.09448800 -0.00941600 0.09321600
v -0.09448500 -0.00941600 0.09288000
v -0.09446200 -0.00941600 0.09304700
v -0.09509400 -0.00941600 0.09342600
v -0.09503500 -0.00933800 0.09271200
v -0.09509400 -0.00933800 0.09277100
v -0.09496800 -0.00933800 0.09267100
v -0.09489400 -0.00933800 0.09264500
v -0.09481200 -0.00933800 0.09263700
v -0.09473400 -0.00933800 0.09264400
v -0.09466500 -0.00933800 0.09266500
v -0.09460500 -0.00933800 0.09270000
v -0.09455400 -0.00933800 0.09274900
v -0.09448500 -0.00933800 0.09288000
v -0.09446200 -0.00933800 0.09304700
v -0.09448800 -0.00933800 0.09321600
v -0.09456100 -0.00933800 0.09334200
v -0.09466700 -0.00933800 0.09341900
v -0.09480400 -0.00933800 0.09344300
v -0.09488700 -0.00933800 0.09343400
v -0.09496200 -0.00933800 0.09340700
v -0.09503200 -0.00933800 0.09336300
v -0.09509400 -0.00933800 0.09330000
v -0.09509400 -0.00933800 0.09342600
v -0.09518500 -0.00933800 0.09342600
v -0.09518500 -0.00933800 0.09235900
v -0.09509400 -0.00933800 0.09235900
v -0.09509600 -0.00933800 0.09302800
v -0.09507600 -0.00933800 0.09317200
v -0.09501900 -0.00933800 0.09327900
v -0.09493100 -0.00933800 0.09334500
v -0.09481400 -0.00933800 0.09336700
v -0.09474100 -0.00933800 0.09335700
v -0.09467900 -0.00933800 0.09332700
v -0.09462800 -0.00933800 0.09328000
v -0.09458900 -0.00933800 0.09321400
v -0.09456400 -0.00933800 0.09313200
v -0.09455600 -0.00933800 0.09303800
v -0.09507700 -0.00933800 0.09289600
v -0.09502200 -0.00933800 0.09279700
v -0.09493400 -0.00933800 0.09273300
v -0.09482000 -0.00933800 0.09271200
v -0.09471100 -0.00933800 0.09273500
v -0.09462700 -0.00933800 0.09280500
v -0.09457400 -0.00933800 0.09291000
v 0.01120500 0.00056600 0.03436000
v 0.01120500 0.00056600 0.03739700
v 0.01118900 0.00056600 0.03430800
v 0.01160600 0.00056600 0.03784200
v 0.01128700 0.00056600 0.03789500
v 0.01158700 0.00056600 0.03767100
v 0.01145000 0.00056600 0.03768000
v 0.01134900 0.00056600 0.03766800
v 0.01127200 0.00056600 0.03762400
v 0.01102000 0.00056600 0.03792900
v 0.01122200 0.00056600 0.03753900
v 0.01113000 0.00056600 0.03428200
v 0.01061400 0.00056600 0.03428200
v 0.01082600 0.00056600 0.03794800
v 0.01072600 0.00056600 0.03795400
v 0.01062700 0.00056600 0.03476400
v 0.01065100 0.00056600 0.03792900
v 0.01062200 0.00056600 0.03464700
v 0.01059700 0.00056600 0.03458200
v 0.01053000 0.00056600 0.03455200
v 0.00977900 0.00056600 0.03427900
v 0.01040000 0.00056600 0.03454600
v 0.01009200 0.00056600 0.03454600
v 0.00968600 0.00056600 0.03455900
v 0.00919900 0.00056600 0.03427200
v 0.00942000 0.00056600 0.03463600
v 0.00922700 0.00056600 0.03483500
v 0.00904100 0.00056600 0.03521100
v 0.00910500 0.00056600 0.03429900
v 0.00904700 0.00056600 0.03437800
v 0.00899100 0.00056600 0.03459900
v 0.00888500 0.00056600 0.03517800
v 0.00894000 0.00056600 0.03484800
v 0.00890100 0.00056600 0.03506200
v 0.01062700 0.00056600 0.03785400
v 0.01062700 0.00032800 0.03476400
v 0.01062700 0.00032800 0.03785400
v 0.01065100 0.00032800 0.03792900
v 0.01072600 0.00032800 0.03795400
v 0.01082600 0.00032800 0.03794800
v 0.01102000 0.00032800 0.03792900
v 0.01128700 0.00032800 0.03789500
v 0.01160600 0.00032800 0.03784200
v 0.01158700 0.00032800 0.03767100
v 0.01145000 0.00032800 0.03768000
v 0.01134900 0.00032800 0.03766800
v 0.01127200 0.00032800 0.03762400
v 0.01122200 0.00032800 0.03753900
v 0.01120500 0.00032800 0.03739700
v 0.01120500 0.00032800 0.03436000
v 0.01118900 0.00032800 0.03430800
v 0.01113000 0.00032800 0.03428200
v 0.01061400 0.00032800 0.03428200
v 0.00977900 0.00032800 0.03427900
v 0.00919900 0.00032800 0.03427200
v 0.00910500 0.00032800 0.03429900
v 0.00904700 0.00032800 0.03437800
v 0.00899100 0.00032800 0.03459900
v 0.00894000 0.00032800 0.03484800
v 0.00890100 0.00032800 0.03506200
v 0.00888500 0.00032800 0.03517800
v 0.00904100 0.00032800 0.03521100
v 0.00922700 0.00032800 0.03483500
v 0.00942000 0.00032800 0.03463600
v 0.00968600 0.00032800 0.03455900
v 0.01009200 0.00032800 0.03454600
v 0.01040000 0.00032800 0.03454600
v 0.01053000 0.00032800 0.03455200
v 0.01059700 0.00032800 0.03458200
v 0.01062200 0.00032800 0.03464700
v 0.00837500 0.00056600 0.03514000
v 0.00837500 0.00056600 0.03739700
v 0.00835600 0.00056600 0.03491400
v 0.00877700 0.00056600 0.03784200
v 0.00845800 0.00056600 0.03789500
v 0.00875800 0.00056600 0.03767100
v 0.00862100 0.00056600 0.03768000
v 0.00852000 0.00056600 0.03766800
v 0.00844200 0.00056600 0.03762400
v 0.00819000 0.00056600 0.03792900
v 0.00839300 0.00056600 0.03753900
v 0.00829600 0.00056600 0.03471900
v 0.00820300 0.00056600 0.03455600
v 0.00808200 0.00056600 0.03442500
v 0.00799600 0.00056600 0.03794800
v 0.00793400 0.00056600 0.03432500
v 0.00789700 0.00056600 0.03795400
v 0.00776300 0.00056600 0.03425400
v 0.00779700 0.00056600 0.03541700
v 0.00782200 0.00056600 0.03792900
v 0.00778400 0.00056600 0.03520200
v 0.00773800 0.00056600 0.03502300
v 0.00737400 0.00056600 0.03419800
v 0.00766300 0.00056600 0.03487900
v 0.00756400 0.00056600 0.03476500
v 0.00730300 0.00056600 0.03462600
v 0.00704700 0.00056600 0.03422500
v 0.00697900 0.00056600 0.03458400
v 0.00672300 0.00056600 0.03430500
v 0.00675700 0.00056600 0.03460100
v 0.00653900 0.00056600 0.03465500
v 0.00610900 0.00056600 0.03457400
v 0.00610900 0.00056600 0.03483200
v 0.00608700 0.00056600 0.03431900
v 0.00610900 0.00056600 0.03779900
v 0.00609000 0.00056600 0.03785600
v 0.00603400 0.00056600 0.03788600
v 0.00606700 0.00056600 0.03426100
v 0.00601200 0.00056600 0.03424200
v 0.00592100 0.00056600 0.03790100
v 0.00594100 0.00056600 0.03424300
v 0.00583700 0.00056600 0.03424900
v 0.00579500 0.00056600 0.03791200
v 0.00571800 0.00056600 0.03426200
v 0.00568100 0.00056600 0.03792000
v 0.00560500 0.00056600 0.03427900
v 0.00560500 0.00056600 0.03792300
v 0.00554900 0.00056600 0.03430700
v 0.00554900 0.00056600 0.03790400
v 0.00553000 0.00056600 0.03436600
v 0.00553000 0.00056600 0.03784500
v 0.00779700 0.00056600 0.03785400
v 0.00779700 0.00032800 0.03541700
v 0.00779700 0.00032800 0.03785400
v 0.00782200 0.00032800 0.03792900
v 0.00789700 0.00032800 0.03795400
v 0.00799600 0.00032800 0.03794800
v 0.00819000 0.00032800 0.03792900
v 0.00845800 0.00032800 0.03789500
v 0.00877700 0.00032800 0.03784200
v 0.00875800 0.00032800 0.03767100
v 0.00862100 0.00032800 0.03768000
v 0.00852000 0.00032800 0.03766800
v 0.00844200 0.00032800 0.03762400
v 0.00839300 0.00032800 0.03753900
v 0.00837500 0.00032800 0.03739700
v 0.00837500 0.00032800 0.03514000
v 0.00835600 0.00032800 0.03491400
v 0.00829600 0.00032800 0.03471900
v 0.00820300 0.00032800 0.03455600
v 0.00808200 0.00032800 0.03442500
v 0.00793400 0.00032800 0.03432500
v 0.00776300 0.00032800 0.03425400
v 0.00737400 0.00032800 0.03419800
v 0.00704700 0.00032800 0.03422500
v 0.00672300 0.00032800 0.03430500
v 0.00610900 0.00032800 0.03457400
v 0.00608700 0.00032800 0.03431900
v 0.00606700 0.00032800 0.03426100
v 0.00601200 0.00032800 0.03424200
v 0.00594100 0.00032800 0.03424300
v 0.00583700 0.00032800 0.03424900
v 0.00571800 0.00032800 0.03426200
v 0.00560500 0.00032800 0.03427900
v 0.00554900 0.00032800 0.03430700
v 0.00553000 0.00032800 0.03436600
v 0.00553000 0.00032800 0.03784500
v 0.00554900 0.00032800 0.03790400
v 0.00560500 0.00032800 0.03792300
v 0.00568100 0.00032800 0.03792000
v 0.00579500 0.00032800 0.03791200
v 0.00592100 0.00032800 0.03790100
v 0.00603400 0.00032800 0.03788600
v 0.00609000 0.00032800 0.03785600
v 0.00610900 0.00032800 0.03779900
v 0.00610900 0.00032800 0.03483200
v 0.00653900 0.00032800 0.03465500
v 0.00675700 0.00032800 0.03460100
v 0.00697900 0.00032800 0.03458400
v 0.00730300 0.00032800 0.03462600
v 0.00756400 0.00032800 0.03476500
v 0.00766300 0.00032800 0.03487900
v 0.00773800 0.00032800 0.03502300
v 0.00778400 0.00032800 0.03520200
v 0.00487700 0.00056600 0.03427500
v 0.00487400 0.00056600 0.03430700
v 0.00483400 0.00056600 0.03424200
v 0.00426800 0.00056600 0.03760900
v 0.00466100 0.00056600 0.03424600
v 0.00452300 0.00056600 0.03425700
v 0.00446700 0.00056600 0.03429800
v 0.00411000 0.00056600 0.03716100
v 0.00419500 0.00056600 0.03799000
v 0.00406400 0.00056600 0.03800400
v 0.00302100 0.00056600 0.03428800
v 0.00394800 0.00056600 0.03801300
v 0.00387000 0.00056600 0.03801600
v 0.00381700 0.00056600 0.03799700
v 0.00378300 0.00056600 0.03794500
v 0.00267000 0.00056600 0.03501200
v 0.00295300 0.00056600 0.03424200
v 0.00281100 0.00056600 0.03424500
v 0.00268500 0.00056600 0.03425400
v 0.00262900 0.00056600 0.03429400
v 0.00152900 0.00056600 0.03762400
v 0.00147000 0.00056600 0.03712400
v 0.00150400 0.00056600 0.03797300
v 0.00138900 0.00056600 0.03799000
v 0.00114000 0.00056600 0.03428800
v 0.00126100 0.00056600 0.03800400
v 0.00114800 0.00056600 0.03801300
v 0.00107100 0.00056600 0.03801600
v 0.00111800 0.00056600 0.03425200
v 0.00107100 0.00056600 0.03424200
v 0.00099200 0.00056600 0.03424300
v 0.00101100 0.00056600 0.03799800
v 0.00098500 0.00056600 0.03794500
v 0.00087300 0.00056600 0.03424900
v 0.00056200 0.00056600 0.03438100
v 0.00073900 0.00056600 0.03426200
v 0.00061800 0.00056600 0.03427900
v 0.00057300 0.00056600 0.03430100
v 0.00055800 0.00056600 0.03434700
v 0.00055800 0.00056600 0.03436100
v 0.00156300 0.00056600 0.03790700
v 0.00156000 0.00056600 0.03788300
v 0.00437400 0.00056600 0.03791400
v 0.00435800 0.00056600 0.03795300
v 0.00436700 0.00056600 0.03788300
v 0.00431100 0.00056600 0.03797300
v 0.00114000 0.00032800 0.03428800
v 0.00147000 0.00032800 0.03712400
v 0.00111800 0.00032800 0.03425200
v 0.00107100 0.00032800 0.03424200
v 0.00099200 0.00032800 0.03424300
v 0.00087300 0.00032800 0.03424900
v 0.00073900 0.00032800 0.03426200
v 0.00061800 0.00032800 0.03427900
v 0.00057300 0.00032800 0.03430100
v 0.00055800 0.00032800 0.03434700
v 0.00055800 0.00032800 0.03436100
v 0.00056200 0.00032800 0.03438100
v 0.00098500 0.00032800 0.03794500
v 0.00101100 0.00032800 0.03799800
v 0.00107100 0.00032800 0.03801600
v 0.00114800 0.00032800 0.03801300
v 0.00126100 0.00032800 0.03800400
v 0.00138900 0.00032800 0.03799000
v 0.00150400 0.00032800 0.03797300
v 0.00156300 0.00032800 0.03790700
v 0.00156000 0.00032800 0.03788300
v 0.00152900 0.00032800 0.03762400
v 0.00267000 0.00032800 0.03501200
v 0.00378300 0.00032800 0.03794500
v 0.00381700 0.00032800 0.03799700
v 0.00387000 0.00032800 0.03801600
v 0.00394800 0.00032800 0.03801300
v 0.00406400 0.00032800 0.03800400
v 0.00419500 0.00032800 0.03799000
v 0.00431100 0.00032800 0.03797300
v 0.00435800 0.00032800 0.03795300
v 0.00437400 0.00032800 0.03791400
v 0.00436700 0.00032800 0.03788300
v 0.00426800 0.00032800 0.03760900
v 0.00487400 0.00032800 0.03430700
v 0.00487700 0.00032800 0.03427500
v 0.00483400 0.00032800 0.03424200
v 0.00466100 0.00032800 0.03424600
v 0.00452300 0.00032800 0.03425700
v 0.00446700 0.00032800 0.03429800
v 0.00411000 0.00032800 0.03716100
v 0.00302100 0.00032800 0.03428800
v 0.00295300 0.00032800 0.03424200
v 0.00281100 0.00032800 0.03424500
v 0.00268500 0.00032800 0.03425400
v 0.00262900 0.00032800 0.03429400
v -0.00023800 0.00056600 0.03431900
v -0.00023800 0.00056600 0.03739700
v -0.00025600 0.00056600 0.03426100
v 0.00016400 0.00056600 0.03784200
v -0.00015500 0.00056600 0.03789500
v 0.00014500 0.00056600 0.03767100
v 0.00000800 0.00056600 0.03768000
v -0.00009300 0.00056600 0.03766800
v -0.00017000 0.00056600 0.03762400
v -0.00042300 0.00056600 0.03792900
v -0.00022000 0.00056600 0.03753900
v -0.00031200 0.00056600 0.03424200
v -0.00038800 0.00056600 0.03424300
v -0.00050000 0.00056600 0.03424900
v -0.00061700 0.00056600 0.03794800
v -0.00062500 0.00056600 0.03426200
v -0.00071600 0.00056600 0.03795400
v -0.00074100 0.00056600 0.03427900
v -0.00079100 0.00056600 0.03792900
v -0.00079700 0.00056600 0.03430700
v -0.00081600 0.00056600 0.03785400
v -0.00081600 0.00056600 0.03436600
v 0.00014500 0.00032800 0.03767100
v 0.00016400 0.00032800 0.03784200
v 0.00000800 0.00032800 0.03768000
v -0.00009300 0.00032800 0.03766800
v -0.00017000 0.00032800 0.03762400
v -0.00022000 0.00032800 0.03753900
v -0.00023800 0.00032800 0.03739700
v -0.00023800 0.00032800 0.03431900
v -0.00025600 0.00032800 0.03426100
v -0.00031200 0.00032800 0.03424200
v -0.00038800 0.00032800 0.03424300
v -0.00050000 0.00032800 0.03424900
v -0.00062500 0.00032800 0.03426200
v -0.00074100 0.00032800 0.03427900
v -0.00079700 0.00032800 0.03430700
v -0.00081600 0.00032800 0.03436600
v -0.00081600 0.00032800 0.03785400
v -0.00079100 0.00032800 0.03792900
v -0.00071600 0.00032800 0.03795400
v -0.00061700 0.00032800 0.03794800
v -0.00042300 0.00032800 0.03792900
v -0.00015500 0.00032800 0.03789500
v -0.00152800 0.00056600 0.03790700
v -0.00158400 0.00056600 0.03796300
v -0.00154000 0.00056600 0.03787300
v -0.00179500 0.00056600 0.03752500
v -0.00171100 0.00056600 0.03798000
v -0.00186800 0.00056600 0.03799400
v -0.00171700 0.00056600 0.03428500
v -0.00176700 0.00056600 0.03423800
v -0.00194300 0.00056600 0.03424500
v -0.00201300 0.00056600 0.03800400
v -0.00209700 0.00056600 0.03426000
v -0.00206900 0.00056600 0.03716100
v -0.00214700 0.00056600 0.03430100
v -0.00210300 0.00056600 0.03800700
v -0.00423300 0.00056600 0.03428800
v -0.00215600 0.00056600 0.03798700
v -0.00220000 0.00056600 0.03793500
v -0.00434800 0.00056600 0.03508400
v -0.00426400 0.00056600 0.03425200
v -0.00430700 0.00056600 0.03424200
v -0.00444900 0.00056600 0.03424500
v -0.00427000 0.00056600 0.03787300
v -0.00432000 0.00056600 0.03791400
v -0.00446900 0.00056600 0.03793200
v -0.00457500 0.00056600 0.03425400
v -0.00465000 0.00056600 0.03794200
v -0.00462500 0.00056600 0.03486300
v -0.00462500 0.00056600 0.03429400
v -0.00469900 0.00056600 0.03789500
v -0.00201300 0.00032800 0.03800400
v -0.00210300 0.00032800 0.03800700
v -0.00186800 0.00032800 0.03799400
v -0.00171100 0.00032800 0.03798000
v -0.00158400 0.00032800 0.03796300
v -0.00152800 0.00032800 0.03790700
v -0.00154000 0.00032800 0.03787300
v -0.00179500 0.00032800 0.03752500
v -0.00171700 0.00032800 0.03428500
v -0.00176700 0.00032800 0.03423800
v -0.00194300 0.00032800 0.03424500
v -0.00209700 0.00032800 0.03426000
v -0.00214700 0.00032800 0.03430100
v -0.00206900 0.00032800 0.03716100
v -0.00423300 0.00032800 0.03428800
v -0.00426400 0.00032800 0.03425200
v -0.00430700 0.00032800 0.03424200
v -0.00444900 0.00032800 0.03424500
v -0.00457500 0.00032800 0.03425400
v -0.00462500 0.00032800 0.03429400
v -0.00462500 0.00032800 0.03486300
v -0.00469900 0.00032800 0.03789500
v -0.00465000 0.00032800 0.03794200
v -0.00446900 0.00032800 0.03793200
v -0.00432000 0.00032800 0.03791400
v -0.00427000 0.00032800 0.03787300
v -0.00434800 0.00032800 0.03508400
v -0.00220000 0.00032800 0.03793500
v -0.00215600 0.00032800 0.03798700
v -0.00560400 0.00056600 0.03436000
v -0.00560400 0.00056600 0.03734700
v -0.00562000 0.00056600 0.03430800
v -0.00520300 0.00056600 0.03777000
v -0.00539300 0.00056600 0.03780200
v -0.00522200 0.00056600 0.03760000
v -0.00535600 0.00056600 0.03760900
v -0.00553300 0.00056600 0.03755800
v -0.00565200 0.00056600 0.03783900
v -0.00558600 0.00056600 0.03747900
v -0.00567900 0.00056600 0.03428200
v -0.00591400 0.00056600 0.03787000
v -0.00619500 0.00056600 0.03428200
v -0.00618200 0.00056600 0.03476400
v -0.00611100 0.00056600 0.03788300
v -0.00618700 0.00056600 0.03464700
v -0.00621200 0.00056600 0.03458200
v -0.00666000 0.00056600 0.03428000
v -0.00627900 0.00056600 0.03455200
v -0.00640900 0.00056600 0.03454600
v -0.00681100 0.00056600 0.03454600
v -0.00707600 0.00056600 0.03427700
v -0.00721500 0.00056600 0.03455700
v -0.00742900 0.00056600 0.03427400
v -0.00747900 0.00056600 0.03462900
v -0.00770300 0.00056600 0.03427200
v -0.00767000 0.00056600 0.03482100
v -0.00785500 0.00056600 0.03519600
v -0.00779700 0.00056600 0.03429900
v -0.00785500 0.00056600 0.03437800
v -0.00791100 0.00056600 0.03459600
v -0.00801100 0.00056600 0.03516200
v -0.00796100 0.00056600 0.03484000
v -0.00799700 0.00056600 0.03505000
v -0.00618200 0.00056600 0.03600400
v -0.00618200 0.00056600 0.03625000
v -0.00745700 0.00056600 0.03596100
v -0.00665000 0.00056600 0.03627300
v -0.00702000 0.00056600 0.03629200
v -0.00727400 0.00056600 0.03630500
v -0.00739200 0.00056600 0.03630900
v -0.00745700 0.00056600 0.03628600
v -0.00747300 0.00056600 0.03609500
v -0.00747900 0.00056600 0.03621600
v -0.00724300 0.00056600 0.03788300
v -0.00623700 0.00056600 0.03762400
v -0.00619800 0.00056600 0.03760900
v -0.00618400 0.00056600 0.03757300
v -0.00618200 0.00056600 0.03750900
v -0.00631600 0.00056600 0.03762700
v -0.00686300 0.00056600 0.03762700
v -0.00719800 0.00056600 0.03761700
v -0.00741100 0.00056600 0.03755000
v -0.00746400 0.00056600 0.03788400
v -0.00754900 0.00056600 0.03737300
v -0.00771800 0.00056600 0.03788900
v -0.00765600 0.00056600 0.03703000
v -0.00781200 0.00056600 0.03704600
v -0.00777500 0.00056600 0.03784200
v -0.00778200 0.00056600 0.03772700
v -0.00779000 0.00056600 0.03757100
v -0.00779800 0.00056600 0.03740000
v -0.00780500 0.00056600 0.03723900
v -0.00781000 0.00056600 0.03711100
v -0.00618200 0.00032800 0.03476400
v -0.00618200 0.00032800 0.03600400
v -0.00745700 0.00032800 0.03596100
v -0.00747300 0.00032800 0.03609500
v -0.00747900 0.00032800 0.03621600
v -0.00745700 0.00032800 0.03628600
v -0.00739200 0.00032800 0.03630900
v -0.00727400 0.00032800 0.03630500
v -0.00702000 0.00032800 0.03629200
v -0.00665000 0.00032800 0.03627300
v -0.00618200 0.00032800 0.03625000
v -0.00618200 0.00032800 0.03750900
v -0.00618400 0.00032800 0.03757300
v -0.00619800 0.00032800 0.03760900
v -0.00623700 0.00032800 0.03762400
v -0.00631600 0.00032800 0.03762700
v -0.00686300 0.00032800 0.03762700
v -0.00719800 0.00032800 0.03761700
v -0.00741100 0.00032800 0.03755000
v -0.00754900 0.00032800 0.03737300
v -0.00765600 0.00032800 0.03703000
v -0.00781200 0.00032800 0.03704600
v -0.00781000 0.00032800 0.03711100
v -0.00780500 0.00032800 0.03723900
v -0.00779800 0.00032800 0.03740000
v -0.00779000 0.00032800 0.03757100
v -0.00778200 0.00032800 0.03772700
v -0.00777500 0.00032800 0.03784200
v -0.00771800 0.00032800 0.03788900
v -0.00746400 0.00032800 0.03788400
v -0.00724300 0.00032800 0.03788300
v -0.00611100 0.00032800 0.03788300
v -0.00591400 0.00032800 0.03787000
v -0.00565200 0.00032800 0.03783900
v -0.00539300 0.00032800 0.03780200
v -0.00520300 0.00032800 0.03777000
v -0.00522200 0.00032800 0.03760000
v -0.00535600 0.00032800 0.03760900
v -0.00553300 0.00032800 0.03755800
v -0.00558600 0.00032800 0.03747900
v -0.00560400 0.00032800 0.03734700
v -0.00560400 0.00032800 0.03436000
v -0.00562000 0.00032800 0.03430800
v -0.00567900 0.00032800 0.03428200
v -0.00619500 0.00032800 0.03428200
v -0.00666000 0.00032800 0.03428000
v -0.00707600 0.00032800 0.03427700
v -0.00742900 0.00032800 0.03427400
v -0.00770300 0.00032800 0.03427200
v -0.00779700 0.00032800 0.03429900
v -0.00785500 0.00032800 0.03437800
v -0.00791100 0.00032800 0.03459600
v -0.00796100 0.00032800 0.03484000
v -0.00799700 0.00032800 0.03505000
v -0.00801100 0.00032800 0.03516200
v -0.00785500 0.00032800 0.03519600
v -0.00767000 0.00032800 0.03482100
v -0.00747900 0.00032800 0.03462900
v -0.00721500 0.00032800 0.03455700
v -0.00681100 0.00032800 0.03454600
v -0.00640900 0.00032800 0.03454600
v -0.00627900 0.00032800 0.03455200
v -0.00621200 0.00032800 0.03458200
v -0.00618700 0.00032800 0.03464700
v -0.00836200 0.00056600 0.03516500
v -0.00851800 0.00056600 0.03518100
v -0.00836500 0.00056600 0.03504100
v -0.00837300 0.00056600 0.03480400
v -0.00838400 0.00056600 0.03454800
v -0.00839600 0.00056600 0.03435600
v -0.00841600 0.00056600 0.03431400
v -0.00846100 0.00056600 0.03428800
v -0.00861600 0.00056600 0.03485700
v -0.00887300 0.00056600 0.03421700
v -0.00880800 0.00056600 0.03463200
v -0.00907600 0.00056600 0.03450100
v -0.00928900 0.00056600 0.03419200
v -0.00940100 0.00056600 0.03445900
v -0.00964200 0.00056600 0.03421300
v -0.00970200 0.00056600 0.03449500
v -0.00998500 0.00056600 0.03428700
v -0.00996200 0.00056600 0.03461000
v -0.01014400 0.00056600 0.03481400
v -0.01029300 0.00056600 0.03442200
v -0.01019500 0.00056600 0.03495100
v -0.01021200 0.00056600 0.03511500
v -0.00831800 0.00056600 0.03690000
v -0.00834900 0.00056600 0.03718000
v -0.00834100 0.00056600 0.03666800
v -0.00841000 0.00056600 0.03647600
v -0.00843800 0.00056600 0.03741000
v -0.00851600 0.00056600 0.03631600
v -0.00857700 0.00056600 0.03759500
v -0.00865000 0.00056600 0.03618200
v -0.00875200 0.00056600 0.03774000
v -0.00898400 0.00056600 0.03597500
v -0.00887200 0.00056600 0.03705800
v -0.00889000 0.00056600 0.03692000
v -0.00894400 0.00056600 0.03680200
v -0.00913500 0.00056600 0.03661500
v -0.00935700 0.00056600 0.03581500
v -0.00941000 0.00056600 0.03647400
v -0.00967600 0.00056600 0.03568700
v -0.00973300 0.00056600 0.03635000
v -0.00994900 0.00056600 0.03554600
v -0.01010700 0.00056600 0.03619600
v -0.01014100 0.00056600 0.03536400
v -0.01044100 0.00056600 0.03599500
v -0.01019400 0.00056600 0.03525000
v -0.01054300 0.00056600 0.03462900
v -0.01057500 0.00056600 0.03586400
v -0.01071100 0.00056600 0.03491600
v -0.01068000 0.00056600 0.03570900
v -0.01074900 0.00056600 0.03552200
v -0.01077200 0.00056600 0.03529500
v -0.00896000 0.00056600 0.03784600
v -0.00893300 0.00056600 0.03734700
v -0.00909600 0.00056600 0.03754700
v -0.00919400 0.00056600 0.03791700
v -0.00933200 0.00056600 0.03766000
v -0.00969900 0.00056600 0.03797000
v -0.00961200 0.00056600 0.03769600
v -0.00989000 0.00056600 0.03765700
v -0.01007200 0.00056600 0.03794300
v -0.01012200 0.00056600 0.03753700
v -0.01045200 0.00056600 0.03787300
v -0.01029500 0.00056600 0.03733400
v -0.01039600 0.00056600 0.03704000
v -0.01055400 0.00056600 0.03705500
v -0.01049700 0.00056600 0.03784700
v -0.01051700 0.00056600 0.03780500
v -0.01052900 0.00056600 0.03762300
v -0.01054200 0.00056600 0.03738600
v -0.01055100 0.00056600 0.03717000
v -0.01055400 0.00032800 0.03705500
v -0.01039600 0.00032800 0.03704000
v -0.01055100 0.00032800 0.03717000
v -0.01054200 0.00032800 0.03738600
v -0.01052900 0.00032800 0.03762300
v -0.01051700 0.00032800 0.03780500
v -0.01049700 0.00032800 0.03784700
v -0.01045200 0.00032800 0.03787300
v -0.01007200 0.00032800 0.03794300
v -0.00969900 0.00032800 0.03797000
v -0.00919400 0.00032800 0.03791700
v -0.00896000 0.00032800 0.03784600
v -0.00875200 0.00032800 0.03774000
v -0.00857700 0.00032800 0.03759500
v -0.00843800 0.00032800 0.03741000
v -0.00834900 0.00032800 0.03718000
v -0.00831800 0.00032800 0.03690000
v -0.00834100 0.00032800 0.03666800
v -0.00841000 0.00032800 0.03647600
v -0.00851600 0.00032800 0.03631600
v -0.00865000 0.00032800 0.03618200
v -0.00898400 0.00032800 0.03597500
v -0.00935700 0.00032800 0.03581500
v -0.00967600 0.00032800 0.03568700
v -0.00994900 0.00032800 0.03554600
v -0.01014100 0.00032800 0.03536400
v -0.01019400 0.00032800 0.03525000
v -0.01021200 0.00032800 0.03511500
v -0.01019500 0.00032800 0.03495100
v -0.01014400 0.00032800 0.03481400
v -0.00996200 0.00032800 0.03461000
v -0.00970200 0.00032800 0.03449500
v -0.00940100 0.00032800 0.03445900
v -0.00907600 0.00032800 0.03450100
v -0.00880800 0.00032800 0.03463200
v -0.00861600 0.00032800 0.03485700
v -0.00851800 0.00032800 0.03518100
v -0.00836200 0.00032800 0.03516500
v -0.00836500 0.00032800 0.03504100
v -0.00837300 0.00032800 0.03480400
v -0.00838400 0.00032800 0.03454800
v -0.00839600 0.00032800 0.03435600
v -0.00841600 0.00032800 0.03431400
v -0.00846100 0.00032800 0.03428800
v -0.00887300 0.00032800 0.03421700
v -0.00928900 0.00032800 0.03419200
v -0.00964200 0.00032800 0.03421300
v -0.00998500 0.00032800 0.03428700
v -0.01029300 0.00032800 0.03442200
v -0.01054300 0.00032800 0.03462900
v -0.01071100 0.00032800 0.03491600
v -0.01077200 0.00032800 0.03529500
v -0.01074900 0.00032800 0.03552200
v -0.01068000 0.00032800 0.03570900
v -0.01057500 0.00032800 0.03586400
v -0.01044100 0.00032800 0.03599500
v -0.01010700 0.00032800 0.03619600
v -0.00973300 0.00032800 0.03635000
v -0.00941000 0.00032800 0.03647400
v -0.00913500 0.00032800 0.03661500
v -0.00894400 0.00032800 0.03680200
v -0.00889000 0.00032800 0.03692000
v -0.00887200 0.00032800 0.03705800
v -0.00893300 0.00032800 0.03734700
v -0.00909600 0.00032800 0.03754700
v -0.00933200 0.00032800 0.03766000
v -0.00961200 0.00032800 0.03769600
v -0.00989000 0.00032800 0.03765700
v -0.01012200 0.00032800 0.03753700
v -0.01029500 0.00032800 0.03733400
v -0.11202500 -0.00907100 -0.04345000
v -0.11202500 -0.00907100 -0.04545100
v -0.11202500 -0.00789600 -0.04345000
v -0.11202500 -0.00789600 -0.04545100
v 0.10432300 -0.00789600 -0.04545100
v 0.11283900 -0.00789600 -0.04545100
v 0.10432300 -0.00789600 -0.04345000
v 0.11283900 -0.00789600 -0.04345000
v 0.00040700 -0.00789600 -0.04545100
v 0.00040700 -0.00789600 -0.04345000
v -0.10350900 -0.00789600 -0.04545100
v -0.10350900 -0.00789600 -0.04345000
v -0.11186100 -0.00907100 -0.04545100
v 0.11283900 -0.00907100 -0.04545100
v 0.11283900 -0.00907100 -0.04345000
v -0.11186100 -0.00907100 -0.04345000
v 0.00057300 -0.00907100 -0.03796500
v -0.00167200 -0.00907100 -0.03773100
v 0.00280600 -0.00907100 -0.03765100
v -0.00377400 -0.00907100 -0.03696400
v 0.00487600 -0.00907100 -0.03681000
v 0.00055000 -0.00907100 -0.03684900
v 0.00247300 -0.00907100 -0.03657800
v 0.00664100 -0.00907100 -0.03549900
v 0.00425600 -0.00907100 -0.03585400
v 0.00577600 -0.00907100 -0.03472500
v 0.00798200 -0.00907100 -0.03380900
v 0.00693000 -0.00907100 -0.03326900
v 0.00880600 -0.00907100 -0.03185300
v 0.00764000 -0.00907100 -0.03158500
v 0.00905800 -0.00907100 -0.02976500
v 0.00785700 -0.00907100 -0.02978700
v 0.00756600 -0.00907100 -0.02799800
v 0.00872000 -0.00907100 -0.02768800
v 0.00678800 -0.00907100 -0.02634000
v 0.00781600 -0.00907100 -0.02576400
v 0.00557400 -0.00907100 -0.02492600
v 0.00640700 -0.00907100 -0.02412200
v 0.00400800 -0.00907100 -0.02385300
v 0.00458900 -0.00907100 -0.02287500
v 0.00219700 -0.00907100 -0.02319300
v 0.00026400 -0.00907100 -0.02299100
v -0.00559300 -0.00907100 -0.03571800
v -0.00138300 -0.00907100 -0.03664700
v -0.00319400 -0.00907100 -0.03598700
v -0.00476000 -0.00907100 -0.03491300
v -0.00700200 -0.00907100 -0.03407600
v -0.00597400 -0.00907100 -0.03349900
v -0.00790600 -0.00907100 -0.03215100
v -0.00675300 -0.00907100 -0.03184200
v -0.00824400 -0.00907100 -0.03007400
v -0.00704300 -0.00907100 -0.03005300
v -0.00799200 -0.00907100 -0.02798700
v -0.00682700 -0.00907100 -0.02825500
v -0.00611700 -0.00907100 -0.02657000
v -0.00716800 -0.00907100 -0.02603100
v -0.00496200 -0.00907100 -0.02511400
v -0.00582800 -0.00907100 -0.02434000
v -0.00344200 -0.00907100 -0.02398600
v -0.00406200 -0.00907100 -0.02303000
v -0.00165900 -0.00907100 -0.02326200
v -0.00199200 -0.00907100 -0.02218900
v 0.00248500 -0.00907100 -0.02210900
v 0.00024100 -0.00907100 -0.02187500
v 0.06623200 -0.00907100 -0.02715500
v 0.06712300 -0.00907100 -0.02748600
v 0.06771800 -0.00907100 -0.02741300
v 0.06561600 -0.00907100 -0.02759400
v 0.06657000 -0.00907100 -0.02769900
v 0.06609400 -0.00907100 -0.02803900
v 0.06514400 -0.00907100 -0.02816600
v 0.06572900 -0.00907100 -0.02848100
v 0.06484700 -0.00907100 -0.02883300
v 0.06550000 -0.00907100 -0.02899600
v 0.06474600 -0.00907100 -0.02954800
v 0.06542200 -0.00907100 -0.02954800
v 0.06550000 -0.00907100 -0.03010100
v 0.06484700 -0.00907100 -0.03026400
v 0.06572900 -0.00907100 -0.03061600
v 0.06514400 -0.00907100 -0.03093000
v 0.06609400 -0.00907100 -0.03105800
v 0.06657000 -0.00907100 -0.03139700
v 0.06561600 -0.00907100 -0.03150300
v 0.06712300 -0.00907100 -0.03161100
v 0.06771800 -0.00907100 -0.03168300
v 0.06623200 -0.00907100 -0.03194200
v 0.06694800 -0.00907100 -0.02687800
v 0.06848700 -0.00907100 -0.02687800
v 0.06771800 -0.00907100 -0.02678400
v 0.06920400 -0.00907100 -0.02715500
v 0.06831200 -0.00907100 -0.02748600
v 0.06981900 -0.00907100 -0.02759400
v 0.06886500 -0.00907100 -0.02769900
v 0.06934100 -0.00907100 -0.02803900
v 0.07029200 -0.00907100 -0.02816600
v 0.06970600 -0.00907100 -0.02848100
v 0.07058800 -0.00907100 -0.02883300
v 0.06993500 -0.00907100 -0.02899600
v 0.07001300 -0.00907100 -0.02954800
v 0.07069000 -0.00907100 -0.02954800
v 0.06993500 -0.00907100 -0.03010100
v 0.07058800 -0.00907100 -0.03026400
v 0.06970600 -0.00907100 -0.03061600
v 0.07029200 -0.00907100 -0.03093000
v 0.06934100 -0.00907100 -0.03105800
v 0.06886500 -0.00907100 -0.03139700
v 0.06981900 -0.00907100 -0.03150300
v 0.06831200 -0.00907100 -0.03161100
v 0.06920400 -0.00907100 -0.03194200
v 0.06694800 -0.00907100 -0.03221800
v 0.06848700 -0.00907100 -0.03221800
v 0.06771800 -0.00907100 -0.03231200
v 0.09746500 -0.00907100 -0.02687800
v 0.09900300 -0.00907100 -0.02687800
v 0.09823400 -0.00907100 -0.02678400
v 0.09674800 -0.00907100 -0.02715500
v 0.09972000 -0.00907100 -0.02715500
v 0.09823400 -0.00907100 -0.02741300
v 0.09764000 -0.00907100 -0.02748600
v 0.09613300 -0.00907100 -0.02759400
v 0.09708600 -0.00907100 -0.02769900
v 0.09661100 -0.00907100 -0.02803900
v 0.09566000 -0.00907100 -0.02816600
v 0.09624600 -0.00907100 -0.02848100
v 0.09536300 -0.00907100 -0.02883300
v 0.09601700 -0.00907100 -0.02899600
v 0.09526200 -0.00907100 -0.02954800
v 0.09593800 -0.00907100 -0.02954800
v 0.09601700 -0.00907100 -0.03010100
v 0.09536300 -0.00907100 -0.03026400
v 0.09624600 -0.00907100 -0.03061600
v 0.09566000 -0.00907100 -0.03093000
v 0.09661100 -0.00907100 -0.03105800
v 0.09708600 -0.00907100 -0.03139700
v 0.09613300 -0.00907100 -0.03150300
v 0.09764000 -0.00907100 -0.03161100
v 0.09823400 -0.00907100 -0.03168300
v 0.09674800 -0.00907100 -0.03194200
v 0.09882800 -0.00907100 -0.02748600
v 0.10033600 -0.00907100 -0.02759400
v 0.09938200 -0.00907100 -0.02769900
v 0.09985700 -0.00907100 -0.02803900
v 0.10080800 -0.00907100 -0.02816600
v 0.10022200 -0.00907100 -0.02848100
v 0.10110500 -0.00907100 -0.02883300
v 0.10045200 -0.00907100 -0.02899600
v 0.10053000 -0.00907100 -0.02954800
v 0.10120600 -0.00907100 -0.02954800
v 0.10045200 -0.00907100 -0.03010100
v 0.10110500 -0.00907100 -0.03026400
v 0.10022200 -0.00907100 -0.03061600
v 0.10080800 -0.00907100 -0.03093000
v 0.09985700 -0.00907100 -0.03105800
v 0.09938200 -0.00907100 -0.03139700
v 0.10033600 -0.00907100 -0.03150300
v 0.09882800 -0.00907100 -0.03161100
v 0.09972000 -0.00907100 -0.03194200
v 0.09746500 -0.00907100 -0.03221800
v 0.09900300 -0.00907100 -0.03221800
v 0.09823400 -0.00907100 -0.03231200
v 0.08220700 -0.00907100 -0.02687800
v 0.08374500 -0.00907100 -0.02687800
v 0.08297600 -0.00907100 -0.02678400
v 0.08149000 -0.00907100 -0.02715500
v 0.08446200 -0.00907100 -0.02715500
v 0.08297600 -0.00907100 -0.02741300
v 0.08238200 -0.00907100 -0.02748600
v 0.08087400 -0.00907100 -0.02759400
v 0.08182800 -0.00907100 -0.02769900
v 0.08135300 -0.00907100 -0.02803900
v 0.08040200 -0.00907100 -0.02816600
v 0.08098800 -0.00907100 -0.02848100
v 0.08010500 -0.00907100 -0.02883300
v 0.08075800 -0.00907100 -0.02899600
v 0.08000400 -0.00907100 -0.02954800
v 0.08068000 -0.00907100 -0.02954800
v 0.08075800 -0.00907100 -0.03010100
v 0.08010500 -0.00907100 -0.03026400
v 0.08098800 -0.00907100 -0.03061600
v 0.08040200 -0.00907100 -0.03093000
v 0.08135300 -0.00907100 -0.03105800
v 0.08182800 -0.00907100 -0.03139700
v 0.08087400 -0.00907100 -0.03150300
v 0.08238200 -0.00907100 -0.03161100
v 0.08297600 -0.00907100 -0.03168300
v 0.08149000 -0.00907100 -0.03194200
v 0.08357000 -0.00907100 -0.02748600
v 0.08507700 -0.00907100 -0.02759400
v 0.08412400 -0.00907100 -0.02769900
v 0.08459900 -0.00907100 -0.02803900
v 0.08555000 -0.00907100 -0.02816600
v 0.08496400 -0.00907100 -0.02848100
v 0.08584700 -0.00907100 -0.02883300
v 0.08519300 -0.00907100 -0.02899600
v 0.08527100 -0.00907100 -0.02954800
v 0.08594800 -0.00907100 -0.02954800
v 0.08519300 -0.00907100 -0.03010100
v 0.08584700 -0.00907100 -0.03026400
v 0.08496400 -0.00907100 -0.03061600
v 0.08555000 -0.00907100 -0.03093000
v 0.08459900 -0.00907100 -0.03105800
v 0.08412400 -0.00907100 -0.03139700
v 0.08507700 -0.00907100 -0.03150300
v 0.08357000 -0.00907100 -0.03161100
v 0.08446200 -0.00907100 -0.03194200
v 0.08220700 -0.00907100 -0.03221800
v 0.08374500 -0.00907100 -0.03221800
v 0.08297600 -0.00907100 -0.03231200
v -0.08276700 -0.00907100 -0.02687800
v -0.08122900 -0.00907100 -0.02687800
v -0.08199800 -0.00907100 -0.02678400
v -0.08348400 -0.00907100 -0.02715500
v -0.08051200 -0.00907100 -0.02715500
v -0.08199800 -0.00907100 -0.02741300
v -0.08259200 -0.00907100 -0.02748600
v -0.08410000 -0.00907100 -0.02759400
v -0.08314600 -0.00907100 -0.02769900
v -0.08362100 -0.00907100 -0.02803900
v -0.08457200 -0.00907100 -0.02816600
v -0.08398600 -0.00907100 -0.02848100
v -0.08486900 -0.00907100 -0.02883300
v -0.08421600 -0.00907100 -0.02899600
v -0.08429400 -0.00907100 -0.02954800
v -0.08497000 -0.00907100 -0.02954800
v -0.08421600 -0.00907100 -0.03010100
v -0.08486900 -0.00907100 -0.03026400
v -0.08398600 -0.00907100 -0.03061600
v -0.08457200 -0.00907100 -0.03093000
v -0.08362100 -0.00907100 -0.03105800
v -0.08314600 -0.00907100 -0.03139700
v -0.08410000 -0.00907100 -0.03150300
v -0.08259200 -0.00907100 -0.03161100
v -0.08199800 -0.00907100 -0.03168300
v -0.08051200 -0.00907100 -0.03194200
v -0.08348400 -0.00907100 -0.03194200
v -0.08122900 -0.00907100 -0.03221800
v -0.08276700 -0.00907100 -0.03221800
v -0.08199800 -0.00907100 -0.03231200
v -0.08140400 -0.00907100 -0.02748600
v -0.07989700 -0.00907100 -0.02759400
v -0.08085000 -0.00907100 -0.02769900
v -0.08037500 -0.00907100 -0.02803900
v -0.07942400 -0.00907100 -0.02816600
v -0.08001000 -0.00907100 -0.02848100
v -0.07912700 -0.00907100 -0.02883300
v -0.07978100 -0.00907100 -0.02899600
v -0.07902600 -0.00907100 -0.02954800
v -0.07970200 -0.00907100 -0.02954800
v -0.07978100 -0.00907100 -0.03010100
v -0.07912700 -0.00907100 -0.03026400
v -0.08001000 -0.00907100 -0.03061600
v -0.07942400 -0.00907100 -0.03093000
v -0.08037500 -0.00907100 -0.03105800
v -0.08085000 -0.00907100 -0.03139700
v -0.07989700 -0.00907100 -0.03150300
v -0.08140400 -0.00907100 -0.03161100
v -0.06750900 -0.00907100 -0.02687800
v -0.06597100 -0.00907100 -0.02687800
v -0.06674000 -0.00907100 -0.02678400
v -0.06822600 -0.00907100 -0.02715500
v -0.06525400 -0.00907100 -0.02715500
v -0.06674000 -0.00907100 -0.02741300
v -0.06733400 -0.00907100 -0.02748600
v -0.06884100 -0.00907100 -0.02759400
v -0.06788800 -0.00907100 -0.02769900
v -0.06836300 -0.00907100 -0.02803900
v -0.06931400 -0.00907100 -0.02816600
v -0.06872800 -0.00907100 -0.02848100
v -0.06961100 -0.00907100 -0.02883300
v -0.06895700 -0.00907100 -0.02899600
v -0.06971200 -0.00907100 -0.02954800
v -0.06903600 -0.00907100 -0.02954800
v -0.06895700 -0.00907100 -0.03010100
v -0.06961100 -0.00907100 -0.03026400
v -0.06872800 -0.00907100 -0.03061600
v -0.06931400 -0.00907100 -0.03093000
v -0.06836300 -0.00907100 -0.03105800
v -0.06788800 -0.00907100 -0.03139700
v -0.06884100 -0.00907100 -0.03150300
v -0.06733400 -0.00907100 -0.03161100
v -0.06674000 -0.00907100 -0.03168300
v -0.06525400 -0.00907100 -0.03194200
v -0.06822600 -0.00907100 -0.03194200
v -0.06597100 -0.00907100 -0.03221800
v -0.06750900 -0.00907100 -0.03221800
v -0.06674000 -0.00907100 -0.03231200
v -0.06614600 -0.00907100 -0.02748600
v -0.06463800 -0.00907100 -0.02759400
v -0.06559200 -0.00907100 -0.02769900
v -0.06511600 -0.00907100 -0.02803900
v -0.06416600 -0.00907100 -0.02816600
v -0.06475200 -0.00907100 -0.02848100
v -0.06386900 -0.00907100 -0.02883300
v -0.06452200 -0.00907100 -0.02899600
v -0.06376800 -0.00907100 -0.02954800
v -0.06444400 -0.00907100 -0.02954800
v -0.06452200 -0.00907100 -0.03010100
v -0.06386900 -0.00907100 -0.03026400
v -0.06475200 -0.00907100 -0.03061600
v -0.06416600 -0.00907100 -0.03093000
v -0.06511600 -0.00907100 -0.03105800
v -0.06559200 -0.00907100 -0.03139700
v -0.06463800 -0.00907100 -0.03150300
v -0.06614600 -0.00907100 -0.03161100
v -0.09874200 -0.00907100 -0.02715500
v -0.09785100 -0.00907100 -0.02748600
v -0.09725600 -0.00907100 -0.02741300
v -0.09935800 -0.00907100 -0.02759400
v -0.09840400 -0.00907100 -0.02769900
v -0.09888000 -0.00907100 -0.02803900
v -0.09983000 -0.00907100 -0.02816600
v -0.09924400 -0.00907100 -0.02848100
v -0.10012700 -0.00907100 -0.02883300
v -0.09947400 -0.00907100 -0.02899600
v -0.09955200 -0.00907100 -0.02954800
v -0.10022800 -0.00907100 -0.02954800
v -0.09947400 -0.00907100 -0.03010100
v -0.10012700 -0.00907100 -0.03026400
v -0.09924400 -0.00907100 -0.03061600
v -0.09983000 -0.00907100 -0.03093000
v -0.09888000 -0.00907100 -0.03105800
v -0.09840400 -0.00907100 -0.03139700
v -0.09935800 -0.00907100 -0.03150300
v -0.09785100 -0.00907100 -0.03161100
v -0.09725600 -0.00907100 -0.03168300
v -0.09874200 -0.00907100 -0.03194200
v -0.09802600 -0.00907100 -0.02687800
v -0.09648700 -0.00907100 -0.02687800
v -0.09725600 -0.00907100 -0.02678400
v -0.09577000 -0.00907100 -0.02715500
v -0.09666200 -0.00907100 -0.02748600
v -0.09515500 -0.00907100 -0.02759400
v -0.09610800 -0.00907100 -0.02769900
v -0.09563300 -0.00907100 -0.02803900
v -0.09468200 -0.00907100 -0.02816600
v -0.09526800 -0.00907100 -0.02848100
v -0.09438600 -0.00907100 -0.02883300
v -0.09503900 -0.00907100 -0.02899600
v -0.09496100 -0.00907100 -0.02954800
v -0.09428400 -0.00907100 -0.02954800
v -0.09503900 -0.00907100 -0.03010100
v -0.09438600 -0.00907100 -0.03026400
v -0.09526800 -0.00907100 -0.03061600
v -0.09468200 -0.00907100 -0.03093000
v -0.09563300 -0.00907100 -0.03105800
v -0.09610800 -0.00907100 -0.03139700
v -0.09515500 -0.00907100 -0.03150300
v -0.09666200 -0.00907100 -0.03161100
v -0.09577000 -0.00907100 -0.03194200
v -0.09648700 -0.00907100 -0.03221800
v -0.09802600 -0.00907100 -0.03221800
v -0.09725600 -0.00907100 -0.03231200
v 0.00074600 0.00032800 0.02409500
v -0.00277800 0.00032800 0.02444300
v 0.00424700 0.00032800 0.02460700
v -0.00608500 0.00032800 0.02562800
v 0.00748700 0.00032800 0.02594400
v -0.00895000 0.00032800 0.02756900
v 0.01024300 0.00032800 0.02801500
v -0.01117700 0.00032800 0.03013300
v 0.01233000 0.00032800 0.03067900
v -0.01261400 0.00032800 0.03314500
v 0.01360400 0.00032800 0.03375500
v -0.01316500 0.00032800 0.03640100
v 0.01397900 0.00032800 0.03703200
v -0.01279000 0.00032800 0.03967800
v 0.01342800 0.00032800 0.04028800
v -0.01151600 0.00032800 0.04275400
v 0.01199000 0.00032800 0.04330100
v -0.00943000 0.00032800 0.04541800
v 0.00976400 0.00032800 0.04586500
v -0.00667300 0.00032800 0.04749000
v 0.00689900 0.00032800 0.04780500
v -0.00343400 0.00032800 0.04882700
v 0.00359200 0.00032800 0.04899000
v 0.00006700 0.00032800 0.04933800
v 0.04156900 0.00032800 -0.00781000
v -0.04075500 0.00032800 -0.00781000
v 0.04156900 0.00032800 -0.00385000
v -0.04075500 0.00032800 -0.00385000
v 0.11283900 -0.00933800 0.09959200
v 0.11283900 -0.00789600 0.09959200
v 0.11283900 -0.00933800 -0.04345000
v 0.11283900 -0.00789600 -0.01705000
v -0.11186100 -0.00933800 0.09959200
v -0.11186100 -0.00907100 0.09959200
v -0.10350900 -0.00789600 0.09959200
v 0.10432300 -0.00789600 0.09959200
v -0.11202500 -0.00907100 0.09959200
v -0.11202500 -0.00789600 0.09959200
v -0.11202500 -0.00789600 0.09167200
v -0.11202500 -0.00789600 -0.01705000
v -0.08052900 -0.00933800 -0.02444800
v -0.06674000 -0.00933800 -0.02426800
v -0.08199800 -0.00933800 -0.02426800
v -0.06820900 -0.00933800 -0.02444800
v -0.07915900 -0.00933800 -0.02497600
v -0.06957900 -0.00933800 -0.02497600
v -0.07798300 -0.00933800 -0.02581500
v -0.07075400 -0.00933800 -0.02581500
v -0.07165700 -0.00933800 -0.02690800
v -0.07708100 -0.00933800 -0.02690800
v -0.07651400 -0.00933800 -0.02818200
v -0.07222400 -0.00933800 -0.02818200
v -0.07241700 -0.00933800 -0.02954800
v -0.07632100 -0.00933800 -0.02954800
v -0.07222400 -0.00933800 -0.03091500
v -0.07651400 -0.00933800 -0.03091500
v -0.07165700 -0.00933800 -0.03218800
v -0.07708100 -0.00933800 -0.03218800
v -0.07798300 -0.00933800 -0.03328200
v -0.07075400 -0.00933800 -0.03328200
v -0.07915900 -0.00933800 -0.03412100
v -0.06957900 -0.00933800 -0.03412100
v -0.08052900 -0.00933800 -0.03464800
v -0.06820900 -0.00933800 -0.03464800
v -0.08199800 -0.00933800 -0.03482800
v -0.06674000 -0.00933800 -0.03482800
v 0.08444500 -0.00933800 -0.02444800
v 0.09823400 -0.00933800 -0.02426800
v 0.08297600 -0.00933800 -0.02426800
v 0.09676500 -0.00933800 -0.02444800
v 0.08581500 -0.00933800 -0.02497600
v 0.09539500 -0.00933800 -0.02497600
v 0.08699000 -0.00933800 -0.02581500
v 0.09421900 -0.00933800 -0.02581500
v 0.08789300 -0.00933800 -0.02690800
v 0.09331700 -0.00933800 -0.02690800
v 0.08846000 -0.00933800 -0.02818200
v 0.09275000 -0.00933800 -0.02818200
v 0.08865300 -0.00933800 -0.02954800
v 0.09255700 -0.00933800 -0.02954800
v 0.08846000 -0.00933800 -0.03091500
v 0.09275000 -0.00933800 -0.03091500
v 0.08789300 -0.00933800 -0.03218800
v 0.09331700 -0.00933800 -0.03218800
v 0.08699000 -0.00933800 -0.03328200
v 0.09421900 -0.00933800 -0.03328200
v 0.08581500 -0.00933800 -0.03412100
v 0.09539500 -0.00933800 -0.03412100
v 0.09676500 -0.00933800 -0.03464800
v 0.08444500 -0.00933800 -0.03464800
v 0.08297600 -0.00933800 -0.03482800
v 0.09823400 -0.00933800 -0.03482800
v 0.00640700 -0.00933800 -0.02412200
v 0.06771800 -0.00933800 -0.02426800
v 0.06624800 -0.00933800 -0.02444800
v 0.06487900 -0.00933800 -0.02497600
v 0.00781600 -0.00933800 -0.02576400
v 0.06370300 -0.00933800 -0.02581500
v 0.06280100 -0.00933800 -0.02690800
v 0.00872000 -0.00933800 -0.02768800
v 0.06223300 -0.00933800 -0.02818200
v 0.06204000 -0.00933800 -0.02954800
v 0.00905800 -0.00933800 -0.02976500
v 0.06223300 -0.00933800 -0.03091500
v 0.00880600 -0.00933800 -0.03185300
v 0.06280100 -0.00933800 -0.03218800
v 0.06370300 -0.00933800 -0.03328200
v 0.00798200 -0.00933800 -0.03380900
v 0.06487900 -0.00933800 -0.03412100
v 0.06624800 -0.00933800 -0.03464800
v 0.06771800 -0.00933800 -0.03482800
v 0.00664100 -0.00933800 -0.03549900
v -0.09578700 -0.00933800 -0.02444800
v -0.09725600 -0.00933800 -0.02426800
v -0.08346800 -0.00933800 -0.02444800
v -0.09441800 -0.00933800 -0.02497600
v -0.08483700 -0.00933800 -0.02497600
v -0.08601300 -0.00933800 -0.02581500
v -0.09324200 -0.00933800 -0.02581500
v -0.08691500 -0.00933800 -0.02690800
v -0.09234000 -0.00933800 -0.02690800
v -0.09177200 -0.00933800 -0.02818200
v -0.08748200 -0.00933800 -0.02818200
v -0.09157900 -0.00933800 -0.02954800
v -0.08767600 -0.00933800 -0.02954800
v -0.08748200 -0.00933800 -0.03091500
v -0.09177200 -0.00933800 -0.03091500
v -0.08691500 -0.00933800 -0.03218800
v -0.09234000 -0.00933800 -0.03218800
v -0.09324200 -0.00933800 -0.03328200
v -0.08601300 -0.00933800 -0.03328200
v -0.09441800 -0.00933800 -0.03412100
v -0.08483700 -0.00933800 -0.03412100
v -0.09578700 -0.00933800 -0.03464800
v -0.08346800 -0.00933800 -0.03464800
v -0.09725600 -0.00933800 -0.03482800
v 0.10432300 -0.00933800 0.09167200
v -0.10350900 -0.00933800 0.09167200
v -0.10350900 -0.00933800 -0.01705000
v -0.00199200 -0.00933800 -0.02218900
v 0.00024100 -0.00933800 -0.02187500
v -0.00406200 -0.00933800 -0.02303000
v -0.09872600 -0.00933800 -0.02444800
v -0.10009500 -0.00933800 -0.02497600
v -0.10127100 -0.00933800 -0.02581500
v -0.10217300 -0.00933800 -0.02690800
v -0.10274000 -0.00933800 -0.02818200
v -0.10293400 -0.00933800 -0.02954800
v -0.00559300 -0.00933800 -0.03571800
v -0.00377400 -0.00933800 -0.03696400
v -0.00167200 -0.00933800 -0.03773100
v 0.00057300 -0.00933800 -0.03796500
v -0.11186100 -0.00933800 -0.04345000
v -0.09872600 -0.00933800 -0.03464800
v -0.10009500 -0.00933800 -0.03412100
v -0.10127100 -0.00933800 -0.03328200
v -0.10217300 -0.00933800 -0.03218800
v -0.10274000 -0.00933800 -0.03091500
v 0.10432300 -0.00933800 -0.01705000
v 0.00248500 -0.00933800 -0.02210900
v 0.00458900 -0.00933800 -0.02287500
v 0.09970300 -0.00933800 -0.02444800
v 0.10107300 -0.00933800 -0.02497600
v 0.10224900 -0.00933800 -0.02581500
v 0.10315100 -0.00933800 -0.02690800
v 0.10371800 -0.00933800 -0.02818200
v 0.10391200 -0.00933800 -0.02954800
v 0.00487600 -0.00933800 -0.03681000
v 0.00280600 -0.00933800 -0.03765100
v 0.10371800 -0.00933800 -0.03091500
v 0.10315100 -0.00933800 -0.03218800
v 0.10224900 -0.00933800 -0.03328200
v 0.10107300 -0.00933800 -0.03412100
v 0.09970300 -0.00933800 -0.03464800
v -0.00582800 -0.00933800 -0.02434000
v -0.06527000 -0.00933800 -0.02444800
v -0.06390100 -0.00933800 -0.02497600
v -0.06272500 -0.00933800 -0.02581500
v -0.00716800 -0.00933800 -0.02603100
v -0.06182300 -0.00933800 -0.02690800
v -0.00799200 -0.00933800 -0.02798700
v -0.06125600 -0.00933800 -0.02818200
v -0.06106200 -0.00933800 -0.02954800
v -0.00824400 -0.00933800 -0.03007400
v -0.06125600 -0.00933800 -0.03091500
v -0.00790600 -0.00933800 -0.03215100
v -0.06182300 -0.00933800 -0.03218800
v -0.06272500 -0.00933800 -0.03328200
v -0.00700200 -0.00933800 -0.03407600
v -0.06390100 -0.00933800 -0.03412100
v -0.06527000 -0.00933800 -0.03464800
v 0.08150700 -0.00933800 -0.02444800
v 0.06918700 -0.00933800 -0.02444800
v 0.07055600 -0.00933800 -0.02497600
v 0.08013700 -0.00933800 -0.02497600
v 0.07173200 -0.00933800 -0.02581500
v 0.07896100 -0.00933800 -0.02581500
v 0.07263400 -0.00933800 -0.02690800
v 0.07805900 -0.00933800 -0.02690800
v 0.07320200 -0.00933800 -0.02818200
v 0.07749200 -0.00933800 -0.02818200
v 0.07339500 -0.00933800 -0.02954800
v 0.07729800 -0.00933800 -0.02954800
v 0.07320200 -0.00933800 -0.03091500
v 0.07749200 -0.00933800 -0.03091500
v 0.07263400 -0.00933800 -0.03218800
v 0.07805900 -0.00933800 -0.03218800
v 0.07173200 -0.00933800 -0.03328200
v 0.07896100 -0.00933800 -0.03328200
v 0.08013700 -0.00933800 -0.03412100
v 0.07055600 -0.00933800 -0.03412100
v 0.08150700 -0.00933800 -0.03464800
v 0.06918700 -0.00933800 -0.03464800
v -0.06820900 -0.00907100 -0.03464800
v -0.06674000 -0.00907100 -0.03482800
v -0.06957900 -0.00907100 -0.03412100
v -0.06527000 -0.00907100 -0.03464800
v -0.07075400 -0.00907100 -0.03328200
v -0.06390100 -0.00907100 -0.03412100
v -0.07165700 -0.00907100 -0.03218800
v -0.06272500 -0.00907100 -0.03328200
v -0.07222400 -0.00907100 -0.03091500
v -0.06182300 -0.00907100 -0.03218800
v -0.07241700 -0.00907100 -0.02954800
v -0.06125600 -0.00907100 -0.03091500
v -0.07222400 -0.00907100 -0.02818200
v -0.06106200 -0.00907100 -0.02954800
v -0.07165700 -0.00907100 -0.02690800
v -0.06125600 -0.00907100 -0.02818200
v -0.07075400 -0.00907100 -0.02581500
v -0.06182300 -0.00907100 -0.02690800
v -0.06957900 -0.00907100 -0.02497600
v -0.06272500 -0.00907100 -0.02581500
v -0.06820900 -0.00907100 -0.02444800
v -0.06390100 -0.00907100 -0.02497600
v -0.06674000 -0.00907100 -0.02426800
v -0.06527000 -0.00907100 -0.02444800
v -0.08767600 -0.00907100 -0.02954800
v -0.08748200 -0.00907100 -0.03091500
v -0.08748200 -0.00907100 -0.02818200
v -0.08691500 -0.00907100 -0.03218800
v -0.08691500 -0.00907100 -0.02690800
v -0.08601300 -0.00907100 -0.03328200
v -0.08601300 -0.00907100 -0.02581500
v -0.08483700 -0.00907100 -0.03412100
v -0.08483700 -0.00907100 -0.02497600
v -0.08346800 -0.00907100 -0.03464800
v -0.08346800 -0.00907100 -0.02444800
v -0.08199800 -0.00907100 -0.03482800
v -0.08199800 -0.00907100 -0.02426800
v -0.08052900 -0.00907100 -0.03464800
v -0.08052900 -0.00907100 -0.02444800
v -0.07915900 -0.00907100 -0.03412100
v -0.07915900 -0.00907100 -0.02497600
v -0.07798300 -0.00907100 -0.03328200
v -0.07798300 -0.00907100 -0.02581500
v -0.07708100 -0.00907100 -0.03218800
v -0.07708100 -0.00907100 -0.02690800
v -0.07651400 -0.00907100 -0.03091500
v -0.07651400 -0.00907100 -0.02818200
v -0.07632100 -0.00907100 -0.02954800
v -0.10293400 -0.00907100 -0.02954800
v -0.10274000 -0.00907100 -0.03091500
v -0.10274000 -0.00907100 -0.02818200
v -0.10217300 -0.00907100 -0.03218800
v -0.10217300 -0.00907100 -0.02690800
v -0.10127100 -0.00907100 -0.03328200
v -0.10127100 -0.00907100 -0.02581500
v -0.10009500 -0.00907100 -0.03412100
v -0.10009500 -0.00907100 -0.02497600
v -0.09872600 -0.00907100 -0.03464800
v -0.09872600 -0.00907100 -0.02444800
v -0.09725600 -0.00907100 -0.03482800
v -0.09725600 -0.00907100 -0.02426800
v -0.09578700 -0.00907100 -0.03464800
v -0.09578700 -0.00907100 -0.02444800
v -0.09441800 -0.00907100 -0.03412100
v -0.09441800 -0.00907100 -0.02497600
v -0.09324200 -0.00907100 -0.03328200
v -0.09324200 -0.00907100 -0.02581500
v -0.09234000 -0.00907100 -0.03218800
v -0.09234000 -0.00907100 -0.02690800
v -0.09177200 -0.00907100 -0.03091500
v -0.09177200 -0.00907100 -0.02818200
v -0.09157900 -0.00907100 -0.02954800
v 0.06771800 -0.00907100 -0.03482800
v 0.06918700 -0.00907100 -0.03464800
v 0.06624800 -0.00907100 -0.03464800
v 0.07055600 -0.00907100 -0.03412100
v 0.06487900 -0.00907100 -0.03412100
v 0.07173200 -0.00907100 -0.03328200
v 0.06370300 -0.00907100 -0.03328200
v 0.07263400 -0.00907100 -0.03218800
v 0.06280100 -0.00907100 -0.03218800
v 0.07320200 -0.00907100 -0.03091500
v 0.06223300 -0.00907100 -0.03091500
v 0.07339500 -0.00907100 -0.02954800
v 0.06204000 -0.00907100 -0.02954800
v 0.07320200 -0.00907100 -0.02818200
v 0.06223300 -0.00907100 -0.02818200
v 0.07263400 -0.00907100 -0.02690800
v 0.06280100 -0.00907100 -0.02690800
v 0.07173200 -0.00907100 -0.02581500
v 0.06370300 -0.00907100 -0.02581500
v 0.07055600 -0.00907100 -0.02497600
v 0.06487900 -0.00907100 -0.02497600
v 0.06918700 -0.00907100 -0.02444800
v 0.06624800 -0.00907100 -0.02444800
v 0.06771800 -0.00907100 -0.02426800
v 0.08013700 -0.00907100 -0.03412100
v 0.08150700 -0.00907100 -0.03464800
v 0.07896100 -0.00907100 -0.03328200
v 0.08297600 -0.00907100 -0.03482800
v 0.07805900 -0.00907100 -0.03218800
v 0.08444500 -0.00907100 -0.03464800
v 0.07749200 -0.00907100 -0.03091500
v 0.08581500 -0.00907100 -0.03412100
v 0.07729800 -0.00907100 -0.02954800
v 0.08699000 -0.00907100 -0.03328200
v 0.07749200 -0.00907100 -0.02818200
v 0.08789300 -0.00907100 -0.03218800
v 0.07805900 -0.00907100 -0.02690800
v 0.08846000 -0.00907100 -0.03091500
v 0.07896100 -0.00907100 -0.02581500
v 0.08865300 -0.00907100 -0.02954800
v 0.08013700 -0.00907100 -0.02497600
v 0.08846000 -0.00907100 -0.02818200
v 0.08150700 -0.00907100 -0.02444800
v 0.08789300 -0.00907100 -0.02690800
v 0.08297600 -0.00907100 -0.02426800
v 0.08699000 -0.00907100 -0.02581500
v 0.08444500 -0.00907100 -0.02444800
v 0.08581500 -0.00907100 -0.02497600
v 0.09539500 -0.00907100 -0.03412100
v 0.09676500 -0.00907100 -0.03464800
v 0.09421900 -0.00907100 -0.03328200
v 0.09823400 -0.00907100 -0.03482800
v 0.09331700 -0.00907100 -0.03218800
v 0.09970300 -0.00907100 -0.03464800
v 0.09275000 -0.00907100 -0.03091500
v 0.10107300 -0.00907100 -0.03412100
v 0.09255700 -0.00907100 -0.02954800
v 0.10224900 -0.00907100 -0.03328200
v 0.09275000 -0.00907100 -0.02818200
v 0.10315100 -0.00907100 -0.03218800
v 0.09331700 -0.00907100 -0.02690800
v 0.10371800 -0.00907100 -0.03091500
v 0.09421900 -0.00907100 -0.02581500
v 0.10391200 -0.00907100 -0.02954800
v 0.09539500 -0.00907100 -0.02497600
v 0.10371800 -0.00907100 -0.02818200
v 0.09676500 -0.00907100 -0.02444800
v 0.10315100 -0.00907100 -0.02690800
v 0.09823400 -0.00907100 -0.02426800
v 0.10224900 -0.00907100 -0.02581500
v 0.09970300 -0.00907100 -0.02444800
v 0.10107300 -0.00907100 -0.02497600
v 0.08297600 -0.00907100 -0.02489700
v 0.08168100 -0.00907100 -0.02505600
v 0.08047500 -0.00907100 -0.02552000
v 0.07944000 -0.00907100 -0.02626000
v 0.07864500 -0.00907100 -0.02722300
v 0.07814500 -0.00907100 -0.02834500
v 0.07797500 -0.00907100 -0.02954800
v 0.07814500 -0.00907100 -0.03075200
v 0.07864500 -0.00907100 -0.03187400
v 0.07944000 -0.00907100 -0.03283700
v 0.08047500 -0.00907100 -0.03357600
v 0.08168100 -0.00907100 -0.03404100
v 0.08297600 -0.00907100 -0.03419900
v 0.08427000 -0.00907100 -0.02505600
v 0.08547600 -0.00907100 -0.02552000
v 0.08651200 -0.00907100 -0.02626000
v 0.08730700 -0.00907100 -0.02722300
v 0.08780700 -0.00907100 -0.02834500
v 0.08797700 -0.00907100 -0.02954800
v 0.08780700 -0.00907100 -0.03075200
v 0.08730700 -0.00907100 -0.03187400
v 0.08651200 -0.00907100 -0.03283700
v 0.08547600 -0.00907100 -0.03357600
v 0.08427000 -0.00907100 -0.03404100
v 0.09823400 -0.00907100 -0.02489700
v 0.09694000 -0.00907100 -0.02505600
v 0.09573300 -0.00907100 -0.02552000
v 0.09469800 -0.00907100 -0.02626000
v 0.09390300 -0.00907100 -0.02722300
v 0.09340400 -0.00907100 -0.02834500
v 0.09323300 -0.00907100 -0.02954800
v 0.09340400 -0.00907100 -0.03075200
v 0.09390300 -0.00907100 -0.03187400
v 0.09469800 -0.00907100 -0.03283700
v 0.09573300 -0.00907100 -0.03357600
v 0.09694000 -0.00907100 -0.03404100
v 0.09823400 -0.00907100 -0.03419900
v 0.09952900 -0.00907100 -0.02505600
v 0.10073500 -0.00907100 -0.02552000
v 0.10177000 -0.00907100 -0.02626000
v 0.10256500 -0.00907100 -0.02722300
v 0.10306500 -0.00907100 -0.02834500
v 0.10323500 -0.00907100 -0.02954800
v 0.10306500 -0.00907100 -0.03075200
v 0.10256500 -0.00907100 -0.03187400
v 0.10177000 -0.00907100 -0.03283700
v 0.10073500 -0.00907100 -0.03357600
v 0.09952900 -0.00907100 -0.03404100
v 0.06771800 -0.00907100 -0.02489700
v 0.06642300 -0.00907100 -0.02505600
v 0.06521700 -0.00907100 -0.02552000
v 0.06418100 -0.00907100 -0.02626000
v 0.06338700 -0.00907100 -0.02722300
v 0.06288700 -0.00907100 -0.02834500
v 0.06271600 -0.00907100 -0.02954800
v 0.06288700 -0.00907100 -0.03075200
v 0.06338700 -0.00907100 -0.03187400
v 0.06418100 -0.00907100 -0.03283700
v 0.06521700 -0.00907100 -0.03357600
v 0.06642300 -0.00907100 -0.03404100
v 0.06771800 -0.00907100 -0.03419900
v 0.06901200 -0.00907100 -0.02505600
v 0.07021800 -0.00907100 -0.02552000
v 0.07125400 -0.00907100 -0.02626000
v 0.07204900 -0.00907100 -0.02722300
v 0.07254800 -0.00907100 -0.02834500
v 0.07271900 -0.00907100 -0.02954800
v 0.07254800 -0.00907100 -0.03075200
v 0.07204900 -0.00907100 -0.03187400
v 0.07125400 -0.00907100 -0.03283700
v 0.07021800 -0.00907100 -0.03357600
v 0.06901200 -0.00907100 -0.03404100
v -0.09725600 -0.00907100 -0.02489700
v -0.09855100 -0.00907100 -0.02505600
v -0.09975700 -0.00907100 -0.02552000
v -0.10079300 -0.00907100 -0.02626000
v -0.10158700 -0.00907100 -0.02722300
v -0.10208700 -0.00907100 -0.02834500
v -0.10225800 -0.00907100 -0.02954800
v -0.10208700 -0.00907100 -0.03075200
v -0.10158700 -0.00907100 -0.03187400
v -0.10079300 -0.00907100 -0.03283700
v -0.09975700 -0.00907100 -0.03357600
v -0.09855100 -0.00907100 -0.03404100
v -0.09725600 -0.00907100 -0.03419900
v -0.09596200 -0.00907100 -0.02505600
v -0.09475600 -0.00907100 -0.02552000
v -0.09372000 -0.00907100 -0.02626000
v -0.09292500 -0.00907100 -0.02722300
v -0.09242600 -0.00907100 -0.02834500
v -0.09225500 -0.00907100 -0.02954800
v -0.09242600 -0.00907100 -0.03075200
v -0.09292500 -0.00907100 -0.03187400
v -0.09372000 -0.00907100 -0.03283700
v -0.09475600 -0.00907100 -0.03357600
v -0.09596200 -0.00907100 -0.03404100
v -0.08199800 -0.00907100 -0.02489700
v -0.08329200 -0.00907100 -0.02505600
v -0.08449900 -0.00907100 -0.02552000
v -0.08553400 -0.00907100 -0.02626000
v -0.08632900 -0.00907100 -0.02722300
v -0.08682900 -0.00907100 -0.02834500
v -0.08699900 -0.00907100 -0.02954800
v -0.08682900 -0.00907100 -0.03075200
v -0.08632900 -0.00907100 -0.03187400
v -0.08553400 -0.00907100 -0.03283700
v -0.08449900 -0.00907100 -0.03357600
v -0.08329200 -0.00907100 -0.03404100
v -0.08199800 -0.00907100 -0.03419900
v -0.08070400 -0.00907100 -0.02505600
v -0.07949800 -0.00907100 -0.02552000
v -0.07846200 -0.00907100 -0.02626000
v -0.07766700 -0.00907100 -0.02722300
v -0.07716700 -0.00907100 -0.02834500
v -0.07699700 -0.00907100 -0.02954800
v -0.07716700 -0.00907100 -0.03075200
v -0.07766700 -0.00907100 -0.03187400
v -0.07846200 -0.00907100 -0.03283700
v -0.07949800 -0.00907100 -0.03357600
v -0.08070400 -0.00907100 -0.03404100
v -0.06674000 -0.00907100 -0.02489700
v -0.06803400 -0.00907100 -0.02505600
v -0.06924000 -0.00907100 -0.02552000
v -0.07027600 -0.00907100 -0.02626000
v -0.07107100 -0.00907100 -0.02722300
v -0.07157100 -0.00907100 -0.02834500
v -0.07174100 -0.00907100 -0.02954800
v -0.07157100 -0.00907100 -0.03075200
v -0.07107100 -0.00907100 -0.03187400
v -0.07027600 -0.00907100 -0.03283700
v -0.06924000 -0.00907100 -0.03357600
v -0.06803400 -0.00907100 -0.03404100
v -0.06674000 -0.00907100 -0.03419900
v -0.06544500 -0.00907100 -0.02505600
v -0.06423900 -0.00907100 -0.02552000
v -0.06320300 -0.00907100 -0.02626000
v -0.06240900 -0.00907100 -0.02722300
v -0.06190900 -0.00907100 -0.02834500
v -0.06173900 -0.00907100 -0.02954800
v -0.06190900 -0.00907100 -0.03075200
v -0.06240900 -0.00907100 -0.03187400
v -0.06320300 -0.00907100 -0.03283700
v -0.06423900 -0.00907100 -0.03357600
v -0.06544500 -0.00907100 -0.03404100
v 0.00689900 0.00091500 0.04780500
v 0.00976400 0.00091500 0.04586500
v 0.01199000 0.00091500 0.04330100
v 0.00359200 0.00091500 0.04899000
v 0.01342800 0.00091500 0.04028800
v 0.00006700 0.00091500 0.04933800
v 0.01397900 0.00091500 0.03703200
v -0.00343400 0.00091500 0.04882700
v 0.01360400 0.00091500 0.03375500
v -0.00667300 0.00091500 0.04749000
v 0.01233000 0.00091500 0.03067900
v -0.00943000 0.00091500 0.04541800
v 0.01024300 0.00091500 0.02801500
v -0.01151600 0.00091500 0.04275400
v 0.00748700 0.00091500 0.02594400
v -0.01279000 0.00091500 0.03967800
v 0.00424700 0.00091500 0.02460700
v -0.01316500 0.00091500 0.03640100
v 0.00074600 0.00091500 0.02409500
v -0.01261400 0.00091500 0.03314500
v -0.00277800 0.00091500 0.02444300
v -0.01117700 0.00091500 0.03013300
v -0.00608500 0.00091500 0.02562800
v -0.00895000 0.00091500 0.02756900
v -0.00376000 0.00091500 0.04985600
v -0.00376000 0.00032800 0.04985600
v 0.00003900 0.00091500 0.05041200
v 0.00003900 0.00032800 0.05041200
v 0.00386300 0.00091500 0.05003400
v 0.00386300 0.00032800 0.05003400
v 0.00745100 0.00091500 0.04874800
v 0.00745100 0.00032800 0.04874800
v 0.01055900 0.00091500 0.04664300
v 0.01055900 0.00032800 0.04664300
v 0.01297600 0.00032800 0.04386100
v 0.01297600 0.00091500 0.04386100
v 0.01453600 0.00032800 0.04059200
v 0.01453600 0.00091500 0.04059200
v 0.01513300 0.00032800 0.03705900
v 0.01513300 0.00091500 0.03705900
v 0.01472600 0.00032800 0.03350300
v 0.01472600 0.00091500 0.03350300
v 0.00077500 0.00032800 0.02302200
v 0.00077500 0.00091500 0.02302200
v 0.00457400 0.00032800 0.02357700
v 0.00457400 0.00091500 0.02357700
v -0.00304900 0.00032800 0.02340000
v -0.00304900 0.00091500 0.02340000
v -0.00663700 0.00032800 0.02468500
v -0.00663700 0.00091500 0.02468500
v -0.00974500 0.00032800 0.02679100
v -0.00974500 0.00091500 0.02679100
v -0.01216200 0.00032800 0.02957300
v -0.01216200 0.00091500 0.02957300
v -0.01372100 0.00032800 0.03284100
v -0.01372100 0.00091500 0.03284100
v -0.01431800 0.00032800 0.03637400
v -0.01431800 0.00091500 0.03637400
v -0.01391200 0.00032800 0.03993100
v -0.01391200 0.00091500 0.03993100
v -0.01253000 0.00032800 0.04326800
v -0.01253000 0.00091500 0.04326800
v -0.01026600 0.00032800 0.04615800
v -0.01026600 0.00091500 0.04615800
v -0.00727500 0.00091500 0.04840600
v -0.00727500 0.00032800 0.04840600
v 0.01334400 0.00032800 0.03016600
v 0.01334400 0.00091500 0.03016600
v 0.00808900 0.00032800 0.02502800
v 0.00808900 0.00091500 0.02502800
v 0.01108000 0.00091500 0.02727500
v 0.01108000 0.00032800 0.02727500
v -0.09084500 0.00026100 -0.02375300
v 0.08885000 0.00032800 -0.02114100
v -0.08803700 0.00032800 -0.02114100
v 0.00040700 0.00026100 -0.02375300
v 0.09165900 0.00026100 -0.02375300
v -0.09084500 0.00026100 0.07989500
v -0.08803700 0.00032800 0.07728300
v 0.08885000 0.00032800 0.07728300
v 0.09165900 0.00026100 0.07728300
v 0.09165900 0.00026100 0.07989500
v -0.09361700 0.00006000 -0.02633000
v 0.00040700 0.00006000 -0.02633000
v 0.09443100 0.00006000 -0.02633000
v -0.09361700 0.00006000 0.08247300
v 0.09443100 0.00006000 0.08247300
v 0.09443100 0.00006000 0.07728300
v 0.09712800 -0.00027100 -0.02883900
v -0.09631400 -0.00027100 -0.02883900
v 0.00040700 -0.00027100 -0.02883900
v -0.09631400 -0.00027100 0.08498100
v 0.09712800 -0.00027100 0.08498100
v 0.09712800 -0.00027100 0.07728300
v -0.09890200 -0.00072800 -0.03124500
v 0.00040700 -0.00072800 -0.03124500
v 0.09971600 -0.00072800 -0.03124500
v -0.09890200 -0.00072800 0.08738800
v 0.09971600 -0.00072800 0.08738800
v 0.09971600 -0.00072800 0.07728300
v -0.10134500 -0.00130500 -0.03351800
v 0.00040700 -0.00130500 -0.03351800
v 0.10215900 -0.00130500 -0.03351800
v -0.10134500 -0.00130500 0.08966000
v 0.10215900 -0.00130500 0.08966000
v 0.10215900 -0.00130500 0.07728300
v 0.10442500 -0.00199500 -0.03562500
v -0.10361100 -0.00199500 -0.03562500
v 0.00040700 -0.00199500 -0.03562500
v -0.10361100 -0.00199500 0.09176800
v 0.10442500 -0.00199500 0.09176800
v 0.10442500 -0.00199500 0.07728300
v -0.10567100 -0.00278800 -0.03754100
v 0.00040700 -0.00278800 -0.03754100
v 0.10648500 -0.00278800 -0.03754100
v -0.10567100 -0.00278800 0.09368300
v 0.10648500 -0.00278800 0.09368300
v 0.10648500 -0.00278800 0.07728300
v -0.10749700 -0.00367400 -0.03923900
v 0.00040700 -0.00367400 -0.03923900
v 0.10831100 -0.00367400 -0.03923900
v -0.10749700 -0.00367400 0.09538100
v 0.10831100 -0.00367400 0.09538100
v 0.10831100 -0.00367400 0.07728300
v 0.10987700 -0.00464100 -0.04069600
v 0.00040700 -0.00464100 -0.04069600
v -0.10906400 -0.00464100 -0.04069600
v -0.10906400 -0.00464100 0.09683800
v 0.10987700 -0.00464100 0.07728300
v 0.10987700 -0.00464100 0.09683800
v 0.11116500 -0.00567700 -0.04189400
v 0.00040700 -0.00567700 -0.04189400
v -0.11035200 -0.00567700 -0.04189400
v -0.11035200 -0.00567700 0.09803600
v 0.11116500 -0.00567700 0.07728300
v 0.11116500 -0.00567700 0.09803600
v 0.11215700 -0.00676600 -0.04281600
v 0.00040700 -0.00676600 -0.04281600
v -0.11134300 -0.00676600 -0.04281600
v -0.11134300 -0.00676600 0.09895800
v 0.11215700 -0.00676600 0.07728300
v 0.11215700 -0.00676600 0.09895800
v 0.06771800 -0.00907100 -0.03357000
v 0.06883700 -0.00907100 -0.03343300
v 0.06988000 -0.00907100 -0.03303200
v 0.07077600 -0.00907100 -0.03239200
v 0.07146300 -0.00907100 -0.03155900
v 0.07189500 -0.00907100 -0.03058900
v 0.07204200 -0.00907100 -0.02954800
v 0.07189500 -0.00907100 -0.02850700
v 0.07146300 -0.00907100 -0.02753700
v 0.07077600 -0.00907100 -0.02670400
v 0.06988000 -0.00907100 -0.02606500
v 0.06883700 -0.00907100 -0.02566300
v 0.06771800 -0.00907100 -0.02552600
v 0.06659800 -0.00907100 -0.03343300
v 0.06555500 -0.00907100 -0.03303200
v 0.06466000 -0.00907100 -0.03239200
v 0.06397200 -0.00907100 -0.03155900
v 0.06354000 -0.00907100 -0.03058900
v 0.06339300 -0.00907100 -0.02954800
v 0.06354000 -0.00907100 -0.02850700
v 0.06397200 -0.00907100 -0.02753700
v 0.06466000 -0.00907100 -0.02670400
v 0.06555500 -0.00907100 -0.02606500
v 0.06659800 -0.00907100 -0.02566300
v 0.09823400 -0.00907100 -0.03357000
v 0.09935300 -0.00907100 -0.03343300
v 0.10039600 -0.00907100 -0.03303200
v 0.10129200 -0.00907100 -0.03239200
v 0.10197900 -0.00907100 -0.03155900
v 0.10241200 -0.00907100 -0.03058900
v 0.10255900 -0.00907100 -0.02954800
v 0.10241200 -0.00907100 -0.02850700
v 0.10197900 -0.00907100 -0.02753700
v 0.10129200 -0.00907100 -0.02670400
v 0.10039600 -0.00907100 -0.02606500
v 0.09935300 -0.00907100 -0.02566300
v 0.09823400 -0.00907100 -0.02552600
v 0.09711500 -0.00907100 -0.03343300
v 0.09607200 -0.00907100 -0.03303200
v 0.09517600 -0.00907100 -0.03239200
v 0.09448900 -0.00907100 -0.03155900
v 0.09405700 -0.00907100 -0.03058900
v 0.09390900 -0.00907100 -0.02954800
v 0.09405700 -0.00907100 -0.02850700
v 0.09448900 -0.00907100 -0.02753700
v 0.09517600 -0.00907100 -0.02670400
v 0.09607200 -0.00907100 -0.02606500
v 0.09711500 -0.00907100 -0.02566300
v 0.09823400 -0.00907100 -0.03294100
v 0.09917900 -0.00907100 -0.03282600
v 0.10005800 -0.00907100 -0.03248700
v 0.10081400 -0.00907100 -0.03194800
v 0.10139400 -0.00907100 -0.03124500
v 0.10175800 -0.00907100 -0.03042700
v 0.10188300 -0.00907100 -0.02954800
v 0.10175800 -0.00907100 -0.02867000
v 0.10139400 -0.00907100 -0.02785200
v 0.10081400 -0.00907100 -0.02714900
v 0.10005800 -0.00907100 -0.02661000
v 0.09917900 -0.00907100 -0.02627100
v 0.09823400 -0.00907100 -0.02615500
v 0.09729000 -0.00907100 -0.03282600
v 0.09641000 -0.00907100 -0.03248700
v 0.09565400 -0.00907100 -0.03194800
v 0.09507400 -0.00907100 -0.03124500
v 0.09471000 -0.00907100 -0.03042700
v 0.09458600 -0.00907100 -0.02954800
v 0.09471000 -0.00907100 -0.02867000
v 0.09507400 -0.00907100 -0.02785200
v 0.09565400 -0.00907100 -0.02714900
v 0.09641000 -0.00907100 -0.02661000
v 0.09729000 -0.00907100 -0.02627100
v 0.08297600 -0.00907100 -0.03357000
v 0.08409500 -0.00907100 -0.03343300
v 0.08513800 -0.00907100 -0.03303200
v 0.08603400 -0.00907100 -0.03239200
v 0.08672100 -0.00907100 -0.03155900
v 0.08715300 -0.00907100 -0.03058900
v 0.08730100 -0.00907100 -0.02954800
v 0.08715300 -0.00907100 -0.02850700
v 0.08672100 -0.00907100 -0.02753700
v 0.08603400 -0.00907100 -0.02670400
v 0.08513800 -0.00907100 -0.02606500
v 0.08409500 -0.00907100 -0.02566300
v 0.08297600 -0.00907100 -0.02552600
v 0.08185700 -0.00907100 -0.03343300
v 0.08081400 -0.00907100 -0.03303200
v 0.07991800 -0.00907100 -0.03239200
v 0.07923000 -0.00907100 -0.03155900
v 0.07879800 -0.00907100 -0.03058900
v 0.07865100 -0.00907100 -0.02954800
v 0.07879800 -0.00907100 -0.02850700
v 0.07923000 -0.00907100 -0.02753700
v 0.07991800 -0.00907100 -0.02670400
v 0.08081400 -0.00907100 -0.02606500
v 0.08185700 -0.00907100 -0.02566300
v 0.08297600 -0.00907100 -0.03294100
v 0.08392000 -0.00907100 -0.03282600
v 0.08480000 -0.00907100 -0.03248700
v 0.08555600 -0.00907100 -0.03194800
v 0.08613600 -0.00907100 -0.03124500
v 0.08650000 -0.00907100 -0.03042700
v 0.08662400 -0.00907100 -0.02954800
v 0.08650000 -0.00907100 -0.02867000
v 0.08613600 -0.00907100 -0.02785200
v 0.08555600 -0.00907100 -0.02714900
v 0.08480000 -0.00907100 -0.02661000
v 0.08392000 -0.00907100 -0.02627100
v 0.08297600 -0.00907100 -0.02615500
v 0.08203100 -0.00907100 -0.03282600
v 0.08115200 -0.00907100 -0.03248700
v 0.08039600 -0.00907100 -0.03194800
v 0.07981600 -0.00907100 -0.03124500
v 0.07945200 -0.00907100 -0.03042700
v 0.07932700 -0.00907100 -0.02954800
v 0.07945200 -0.00907100 -0.02867000
v 0.07981600 -0.00907100 -0.02785200
v 0.08039600 -0.00907100 -0.02714900
v 0.08115200 -0.00907100 -0.02661000
v 0.08203100 -0.00907100 -0.02627100
v -0.08199800 -0.00907100 -0.03294100
v -0.08105400 -0.00907100 -0.03282600
v -0.07983600 -0.00907100 -0.03303200
v -0.07894000 -0.00907100 -0.03239200
v -0.08017400 -0.00907100 -0.03248700
v -0.07941800 -0.00907100 -0.03194800
v -0.07825300 -0.00907100 -0.03155900
v -0.07883800 -0.00907100 -0.03124500
v -0.07782100 -0.00907100 -0.03058900
v -0.07847400 -0.00907100 -0.03042700
v -0.07767300 -0.00907100 -0.02954800
v -0.07835000 -0.00907100 -0.02954800
v -0.07782100 -0.00907100 -0.02850700
v -0.07847400 -0.00907100 -0.02867000
v -0.07883800 -0.00907100 -0.02785200
v -0.07825300 -0.00907100 -0.02753700
v -0.07941800 -0.00907100 -0.02714900
v -0.07894000 -0.00907100 -0.02670400
v -0.08017400 -0.00907100 -0.02661000
v -0.07983600 -0.00907100 -0.02606500
v -0.08105400 -0.00907100 -0.02627100
v -0.08199800 -0.00907100 -0.02615500
v -0.08199800 -0.00907100 -0.03357000
v -0.08311700 -0.00907100 -0.03343300
v -0.08087900 -0.00907100 -0.03343300
v -0.08416000 -0.00907100 -0.03303200
v -0.08294200 -0.00907100 -0.03282600
v -0.08505600 -0.00907100 -0.03239200
v -0.08382200 -0.00907100 -0.03248700
v -0.08457800 -0.00907100 -0.03194800
v -0.08574300 -0.00907100 -0.03155900
v -0.08515800 -0.00907100 -0.03124500
v -0.08617500 -0.00907100 -0.03058900
v -0.08552200 -0.00907100 -0.03042700
v -0.08632300 -0.00907100 -0.02954800
v -0.08564700 -0.00907100 -0.02954800
v -0.08617500 -0.00907100 -0.02850700
v -0.08552200 -0.00907100 -0.02867000
v -0.08515800 -0.00907100 -0.02785200
v -0.08574300 -0.00907100 -0.02753700
v -0.08457800 -0.00907100 -0.02714900
v -0.08505600 -0.00907100 -0.02670400
v -0.08382200 -0.00907100 -0.02661000
v -0.08416000 -0.00907100 -0.02606500
v -0.08294200 -0.00907100 -0.02627100
v -0.08087900 -0.00907100 -0.02566300
v -0.08311700 -0.00907100 -0.02566300
v -0.08199800 -0.00907100 -0.02552600
v 0.06771800 -0.00907100 -0.03294100
v 0.06866200 -0.00907100 -0.03282600
v 0.06954200 -0.00907100 -0.03248700
v 0.07029700 -0.00907100 -0.03194800
v 0.07087700 -0.00907100 -0.03124500
v 0.07124200 -0.00907100 -0.03042700
v 0.07136600 -0.00907100 -0.02954800
v 0.07124200 -0.00907100 -0.02867000
v 0.07087700 -0.00907100 -0.02785200
v 0.07029700 -0.00907100 -0.02714900
v 0.06954200 -0.00907100 -0.02661000
v 0.06866200 -0.00907100 -0.02627100
v 0.06771800 -0.00907100 -0.02615500
v 0.06677300 -0.00907100 -0.03282600
v 0.06589300 -0.00907100 -0.03248700
v 0.06513800 -0.00907100 -0.03194800
v 0.06455800 -0.00907100 -0.03124500
v 0.06419300 -0.00907100 -0.03042700
v 0.06406900 -0.00907100 -0.02954800
v 0.06419300 -0.00907100 -0.02867000
v 0.06455800 -0.00907100 -0.02785200
v 0.06513800 -0.00907100 -0.02714900
v 0.06589300 -0.00907100 -0.02661000
v 0.06677300 -0.00907100 -0.02627100
v -0.06491600 -0.00907100 -0.03248700
v -0.06416000 -0.00907100 -0.03194800
v -0.06358000 -0.00907100 -0.03124500
v -0.06321600 -0.00907100 -0.03042700
v -0.06309100 -0.00907100 -0.02954800
v -0.06321600 -0.00907100 -0.02867000
v -0.06358000 -0.00907100 -0.02785200
v -0.06416000 -0.00907100 -0.02714900
v -0.06491600 -0.00907100 -0.02661000
v -0.06674000 -0.00907100 -0.03294100
v -0.06768400 -0.00907100 -0.03282600
v -0.06579600 -0.00907100 -0.03282600
v -0.06856400 -0.00907100 -0.03248700
v -0.06932000 -0.00907100 -0.03194800
v -0.06989900 -0.00907100 -0.03124500
v -0.07026400 -0.00907100 -0.03042700
v -0.07038800 -0.00907100 -0.02954800
v -0.07026400 -0.00907100 -0.02867000
v -0.06989900 -0.00907100 -0.02785200
v -0.06932000 -0.00907100 -0.02714900
v -0.06856400 -0.00907100 -0.02661000
v -0.06579600 -0.00907100 -0.02627100
v -0.06768400 -0.00907100 -0.02627100
v -0.06674000 -0.00907100 -0.02615500
v -0.09725600 -0.00907100 -0.03357000
v -0.09613700 -0.00907100 -0.03343300
v -0.09509400 -0.00907100 -0.03303200
v -0.09419800 -0.00907100 -0.03239200
v -0.09351100 -0.00907100 -0.03155900
v -0.09307900 -0.00907100 -0.03058900
v -0.09293200 -0.00907100 -0.02954800
v -0.09307900 -0.00907100 -0.02850700
v -0.09351100 -0.00907100 -0.02753700
v -0.09419800 -0.00907100 -0.02670400
v -0.09509400 -0.00907100 -0.02606500
v -0.09613700 -0.00907100 -0.02566300
v -0.09725600 -0.00907100 -0.02552600
v -0.09837600 -0.00907100 -0.03343300
v -0.09941900 -0.00907100 -0.03303200
v -0.10031400 -0.00907100 -0.03239200
v -0.10100200 -0.00907100 -0.03155900
v -0.10143400 -0.00907100 -0.03058900
v -0.10158100 -0.00907100 -0.02954800
v -0.10143400 -0.00907100 -0.02850700
v -0.10100200 -0.00907100 -0.02753700
v -0.10031400 -0.00907100 -0.02670400
v -0.09941900 -0.00907100 -0.02606500
v -0.09837600 -0.00907100 -0.02566300
v -0.09725600 -0.00907100 -0.03294100
v -0.09631200 -0.00907100 -0.03282600
v -0.09543200 -0.00907100 -0.03248700
v -0.09467700 -0.00907100 -0.03194800
v -0.09409700 -0.00907100 -0.03124500
v -0.09373200 -0.00907100 -0.03042700
v -0.09360800 -0.00907100 -0.02954800
v -0.09373200 -0.00907100 -0.02867000
v -0.09409700 -0.00907100 -0.02785200
v -0.09467700 -0.00907100 -0.02714900
v -0.09543200 -0.00907100 -0.02661000
v -0.09631200 -0.00907100 -0.02627100
v -0.09725600 -0.00907100 -0.02615500
v -0.09820100 -0.00907100 -0.03282600
v -0.09908100 -0.00907100 -0.03248700
v -0.09983600 -0.00907100 -0.03194800
v -0.10041600 -0.00907100 -0.03124500
v -0.10078000 -0.00907100 -0.03042700
v -0.10090500 -0.00907100 -0.02954800
v -0.10078000 -0.00907100 -0.02867000
v -0.10041600 -0.00907100 -0.02785200
v -0.09983600 -0.00907100 -0.02714900
v -0.09908100 -0.00907100 -0.02661000
v -0.09820100 -0.00907100 -0.02627100
v -0.06674000 -0.00907100 -0.03357000
v -0.06562000 -0.00907100 -0.03343300
v -0.06457700 -0.00907100 -0.03303200
v -0.06368200 -0.00907100 -0.03239200
v -0.06299400 -0.00907100 -0.03155900
v -0.06256200 -0.00907100 -0.03058900
v -0.06241500 -0.00907100 -0.02954800
v -0.06256200 -0.00907100 -0.02850700
v -0.06299400 -0.00907100 -0.02753700
v -0.06368200 -0.00907100 -0.02670400
v -0.06457700 -0.00907100 -0.02606500
v -0.06562000 -0.00907100 -0.02566300
v -0.06674000 -0.00907100 -0.02552600
v -0.06785900 -0.00907100 -0.03343300
v -0.06890200 -0.00907100 -0.03303200
v -0.06979800 -0.00907100 -0.03239200
v -0.07048500 -0.00907100 -0.03155900
v -0.07091700 -0.00907100 -0.03058900
v -0.07106500 -0.00907100 -0.02954800
v -0.07091700 -0.00907100 -0.02850700
v -0.07048500 -0.00907100 -0.02753700
v -0.06979800 -0.00907100 -0.02670400
v -0.06890200 -0.00907100 -0.02606500
v -0.06785900 -0.00907100 -0.02566300
v 0.04156900 0.00010000 -0.00774200
v -0.04075500 0.00010000 -0.00774200
v 0.00040700 0.00010000 -0.00774200
v -0.08230800 0.02538900 -0.03288700
v -0.08230800 0.02538900 -0.04562400
v -0.08230800 0.02644500 -0.03925600
v -0.08230800 0.02235600 -0.03925600
v -0.08230800 0.02229400 -0.02695300
v -0.08230800 0.02143900 -0.03372800
v -0.08230800 0.01875300 -0.02857700
v -0.08230800 0.01737000 -0.02185800
v -0.08230800 0.01447900 -0.02415400
v -0.08230800 0.01095400 -0.01794800
v -0.08230800 0.00890900 -0.02076000
v -0.08230800 0.00348200 -0.01549000
v -0.08230800 0.00242300 -0.01862600
v -0.08230800 -0.00453700 -0.01789900
v -0.08230800 -0.00453700 -0.01465100
v -0.08230800 0.02229400 -0.05155800
v -0.08230800 0.02143900 -0.04478300
v -0.08230800 0.01875300 -0.04993400
v -0.08230800 0.01737000 -0.05665300
v -0.08230800 0.01447900 -0.05435700
v -0.08230800 0.01095400 -0.06056300
v -0.08230800 0.00890900 -0.05775100
v -0.08230800 0.00348200 -0.06302100
v -0.08230800 0.00242300 -0.05988500
v -0.08230800 -0.00453700 -0.06386000
v -0.08230800 -0.00480300 -0.06064000
v -0.08230800 -0.03179700 -0.06386000
v -0.08230800 -0.03179700 -0.06064000
v 0.08273000 -0.00453700 -0.01789900
v 0.08273000 -0.00453700 -0.01465100
v 0.00021100 -0.00453700 -0.01789900
v 0.08273000 0.02229400 -0.05155800
v 0.08273000 0.02235600 -0.03925600
v 0.08273000 0.02538900 -0.04562400
v 0.08273000 0.02143900 -0.04478300
v 0.08273000 0.01875300 -0.04993400
v 0.08273000 0.01737000 -0.05665300
v 0.08273000 0.01447900 -0.05435700
v 0.08273000 0.01095400 -0.06056300
v 0.08273000 0.00890900 -0.05775100
v 0.08273000 0.00348200 -0.06302100
v 0.08273000 0.00242300 -0.05988500
v 0.08273000 -0.00453700 -0.06386000
v 0.08273000 -0.00480300 -0.06064000
v 0.08273000 -0.03179700 -0.06386000
v 0.08273000 -0.03179700 -0.06064000
v 0.08273000 0.02538900 -0.03288700
v 0.08273000 0.02644500 -0.03925600
v 0.08273000 0.02229400 -0.02695300
v 0.08273000 0.02143900 -0.03372800
v 0.08273000 0.01875300 -0.02857700
v 0.08273000 0.01737000 -0.02185800
v 0.08273000 0.01447900 -0.02415400
v 0.08273000 0.01095400 -0.01794800
v 0.08273000 0.00890900 -0.02076000
v 0.08273000 0.00348200 -0.01549000
v 0.08273000 0.00242300 -0.01862600
v 0.00021100 0.00242300 -0.01862600
v 0.00021100 0.00890900 -0.02076000
v 0.00021100 0.01447900 -0.02415400
v 0.00021100 0.01875300 -0.02857700
v 0.00021100 0.02143900 -0.03372800
v 0.00021100 0.02235600 -0.03925600
v 0.00021100 0.02143900 -0.04478300
v 0.00021100 0.01875300 -0.04993400
v 0.00021100 0.01447900 -0.05435700
v 0.00021100 0.00890900 -0.05775100
v 0.00021100 0.00242300 -0.05988500
v 0.00021100 -0.00480300 -0.06064000
v 0.00021100 -0.03179700 -0.06064000
v 0.10982700 -0.00913800 -0.04489500
v 0.10982700 -0.00913800 -0.04371700
v 0.11009300 -0.00913800 -0.04489500
v 0.10970800 -0.00913800 -0.04370100
v 0.10970800 -0.00913800 -0.04357600
v 0.10981100 -0.00913800 -0.04370100
v 0.11021300 -0.00913800 -0.04357600
v 0.11009300 -0.00913800 -0.04371700
v 0.11010900 -0.00913800 -0.04370100
v 0.11021300 -0.00913800 -0.04370100
v 0.10970800 -0.00907100 -0.04357600
v 0.11021300 -0.00907100 -0.04357600
v 0.10970800 -0.00907100 -0.04370100
v 0.10981100 -0.00907100 -0.04370100
v 0.10982700 -0.00907100 -0.04371700
v 0.10982700 -0.00907100 -0.04489500
v 0.11009300 -0.00907100 -0.04489500
v 0.11009300 -0.00907100 -0.04371700
v 0.11010900 -0.00907100 -0.04370100
v 0.11021300 -0.00907100 -0.04370100
v 0.11028700 -0.00913800 -0.04489500
v 0.11028700 -0.00913800 -0.04357600
v 0.11055300 -0.00913800 -0.04489500
v 0.11055300 -0.00913800 -0.04357600
v 0.11055300 -0.00907100 -0.04489500
v 0.11028700 -0.00907100 -0.04489500
v 0.11055300 -0.00907100 -0.04357600
v 0.11028700 -0.00907100 -0.04357600
v 0.11073800 -0.00913800 -0.04489500
v 0.11073800 -0.00913800 -0.04371700
v 0.11100400 -0.00913800 -0.04489500
v 0.11061900 -0.00913800 -0.04370100
v 0.11061900 -0.00913800 -0.04357600
v 0.11072200 -0.00913800 -0.04370100
v 0.11112300 -0.00913800 -0.04357600
v 0.11100400 -0.00913800 -0.04371700
v 0.11102000 -0.00913800 -0.04370100
v 0.11112300 -0.00913800 -0.04370100
v 0.11061900 -0.00907100 -0.04357600
v 0.11112300 -0.00907100 -0.04357600
v 0.11061900 -0.00907100 -0.04370100
v 0.11072200 -0.00907100 -0.04370100
v 0.11073800 -0.00907100 -0.04371700
v 0.11073800 -0.00907100 -0.04489500
v 0.11100400 -0.00907100 -0.04489500
v 0.11100400 -0.00907100 -0.04371700
v 0.11102000 -0.00907100 -0.04370100
v 0.11112300 -0.00907100 -0.04370100
v 0.11152700 -0.00913800 -0.04489500
v 0.11152700 -0.00913800 -0.04478300
v 0.11179100 -0.00913800 -0.04489500
v 0.11152800 -0.00913800 -0.04476800
v 0.11152800 -0.00913800 -0.04457600
v 0.11152800 -0.00913800 -0.04440100
v 0.11152800 -0.00913800 -0.04371600
v 0.11161300 -0.00913800 -0.04357600
v 0.11169100 -0.00913800 -0.04358700
v 0.11174600 -0.00913800 -0.04361900
v 0.11178000 -0.00913800 -0.04367300
v 0.11179100 -0.00913800 -0.04374800
v 0.11119900 -0.00913800 -0.04489500
v 0.11119900 -0.00913800 -0.04375200
v 0.11146400 -0.00913800 -0.04489500
v 0.11120900 -0.00913800 -0.04367500
v 0.11124200 -0.00913800 -0.04362000
v 0.11129600 -0.00913800 -0.04358700
v 0.11137200 -0.00913800 -0.04357600
v 0.11146400 -0.00913800 -0.04371600
v 0.11148000 -0.00913800 -0.04370000
v 0.11146400 -0.00913800 -0.04457600
v 0.11146400 -0.00913800 -0.04440100
v 0.11151200 -0.00913800 -0.04370000
v 0.11148000 -0.00913800 -0.04456100
v 0.11148000 -0.00913800 -0.04441700
v 0.11151200 -0.00913800 -0.04456100
v 0.11151200 -0.00913800 -0.04441700
v 0.11151200 -0.00913800 -0.04478300
v 0.11152700 -0.00907100 -0.04478300
v 0.11151200 -0.00907100 -0.04478300
v 0.11152700 -0.00907100 -0.04489500
v 0.11179100 -0.00907100 -0.04489500
v 0.11179100 -0.00907100 -0.04374800
v 0.11178000 -0.00907100 -0.04367300
v 0.11174600 -0.00907100 -0.04361900
v 0.11169100 -0.00907100 -0.04358700
v 0.11161300 -0.00907100 -0.04357600
v 0.11137200 -0.00907100 -0.04357600
v 0.11129600 -0.00907100 -0.04358700
v 0.11124200 -0.00907100 -0.04362000
v 0.11120900 -0.00907100 -0.04367500
v 0.11119900 -0.00907100 -0.04375200
v 0.11119900 -0.00907100 -0.04489500
v 0.11146400 -0.00907100 -0.04489500
v 0.11146400 -0.00907100 -0.04457600
v 0.11148000 -0.00907100 -0.04456100
v 0.11151200 -0.00907100 -0.04456100
v 0.11152800 -0.00907100 -0.04457600
v 0.11152800 -0.00907100 -0.04476800
v 0.11146400 -0.00907100 -0.04371600
v 0.11148000 -0.00907100 -0.04370000
v 0.11151200 -0.00907100 -0.04370000
v 0.11152800 -0.00907100 -0.04371600
v 0.11152800 -0.00907100 -0.04440100
v 0.11146400 -0.00907100 -0.04440100
v 0.11148000 -0.00907100 -0.04441700
v 0.11151200 -0.00907100 -0.04441700
v 0.11213800 -0.00913800 -0.04362400
v 0.11187300 -0.00913800 -0.04357600
v 0.11213800 -0.00913800 -0.04357600
v 0.11220300 -0.00913800 -0.04489500
v 0.11220300 -0.00913800 -0.04371700
v 0.11246600 -0.00913800 -0.04489500
v 0.11220500 -0.00913800 -0.04359000
v 0.11227400 -0.00913800 -0.04357600
v 0.11228700 -0.00913800 -0.04357600
v 0.11236500 -0.00913800 -0.04358700
v 0.11242100 -0.00913800 -0.04361900
v 0.11245400 -0.00913800 -0.04367300
v 0.11246600 -0.00913800 -0.04374800
v 0.11187300 -0.00913800 -0.04489500
v 0.11213900 -0.00913800 -0.04489500
v 0.11213900 -0.00913800 -0.04371700
v 0.11216800 -0.00913800 -0.04363100
v 0.11215500 -0.00913800 -0.04370100
v 0.11218700 -0.00913800 -0.04370100
v 0.11218200 -0.00913800 -0.04360700
v 0.11187300 -0.00907100 -0.04357600
v 0.11213800 -0.00907100 -0.04357600
v 0.11187300 -0.00907100 -0.04489500
v 0.11213900 -0.00907100 -0.04489500
v 0.11213900 -0.00907100 -0.04371700
v 0.11215500 -0.00907100 -0.04370100
v 0.11218700 -0.00907100 -0.04370100
v 0.11220300 -0.00907100 -0.04371700
v 0.11220300 -0.00907100 -0.04489500
v 0.11246600 -0.00907100 -0.04489500
v 0.11246600 -0.00907100 -0.04374800
v 0.11245400 -0.00907100 -0.04367300
v 0.11242100 -0.00907100 -0.04361900
v 0.11236500 -0.00907100 -0.04358700
v 0.11228700 -0.00907100 -0.04357600
v 0.11227400 -0.00907100 -0.04357600
v 0.11220500 -0.00907100 -0.04359000
v 0.11218200 -0.00907100 -0.04360700
v 0.11216800 -0.00907100 -0.04363100
v 0.11213800 -0.00907100 -0.04362400
v 0.10985900 -0.00939300 -0.04526500
v 0.10987300 -0.00939300 -0.04517400
v 0.10988300 -0.00939300 -0.04528100
v 0.10988000 -0.00939300 -0.04520400
v 0.10990100 -0.00939300 -0.04522900
v 0.10991000 -0.00939300 -0.04529200
v 0.10993200 -0.00939300 -0.04524600
v 0.10993800 -0.00939300 -0.04529900
v 0.10996900 -0.00939300 -0.04525200
v 0.10996800 -0.00939300 -0.04530200
v 0.11001400 -0.00939300 -0.04529600
v 0.10999000 -0.00939300 -0.04525000
v 0.11001200 -0.00939300 -0.04524500
v 0.11006200 -0.00939300 -0.04522300
v 0.11006200 -0.00939300 -0.04528000
v 0.10981200 -0.00939300 -0.04518000
v 0.10981500 -0.00939300 -0.04515400
v 0.10981500 -0.00939300 -0.04520300
v 0.10982400 -0.00939300 -0.04513000
v 0.10982400 -0.00939300 -0.04522500
v 0.10983800 -0.00939300 -0.04510800
v 0.10983800 -0.00939300 -0.04524600
v 0.10985900 -0.00939300 -0.04508900
v 0.10988300 -0.00939300 -0.04507300
v 0.10988100 -0.00939300 -0.04514700
v 0.10990300 -0.00939300 -0.04512300
v 0.10991100 -0.00939300 -0.04506200
v 0.10993500 -0.00939300 -0.04510700
v 0.10994200 -0.00939300 -0.04505500
v 0.10997200 -0.00939300 -0.04510100
v 0.10997600 -0.00939300 -0.04505300
v 0.11001500 -0.00939300 -0.04510700
v 0.11001800 -0.00939300 -0.04505700
v 0.11006200 -0.00939300 -0.04512500
v 0.11006200 -0.00939300 -0.04507000
v 0.11001200 -0.00933800 -0.04524500
v 0.11006200 -0.00933800 -0.04522300
v 0.10999000 -0.00933800 -0.04525000
v 0.10996900 -0.00933800 -0.04525200
v 0.10993200 -0.00933800 -0.04524600
v 0.10990100 -0.00933800 -0.04522900
v 0.10988000 -0.00933800 -0.04520400
v 0.10987300 -0.00933800 -0.04517400
v 0.10988100 -0.00933800 -0.04514700
v 0.10990300 -0.00933800 -0.04512300
v 0.10993500 -0.00933800 -0.04510700
v 0.10997200 -0.00933800 -0.04510100
v 0.11001500 -0.00933800 -0.04510700
v 0.11006200 -0.00933800 -0.04512500
v 0.11006200 -0.00933800 -0.04507000
v 0.11001800 -0.00933800 -0.04505700
v 0.10997600 -0.00933800 -0.04505300
v 0.10994200 -0.00933800 -0.04505500
v 0.10991100 -0.00933800 -0.04506200
v 0.10988300 -0.00933800 -0.04507300
v 0.10985900 -0.00933800 -0.04508900
v 0.10983800 -0.00933800 -0.04510800
v 0.10982400 -0.00933800 -0.04513000
v 0.10981500 -0.00933800 -0.04515400
v 0.10981200 -0.00933800 -0.04518000
v 0.10981500 -0.00933800 -0.04520300
v 0.10982400 -0.00933800 -0.04522500
v 0.10983800 -0.00933800 -0.04524600
v 0.10985900 -0.00933800 -0.04526500
v 0.10988300 -0.00933800 -0.04528100
v 0.10991000 -0.00933800 -0.04529200
v 0.10993800 -0.00933800 -0.04529900
v 0.10996800 -0.00933800 -0.04530200
v 0.11001400 -0.00933800 -0.04529600
v 0.11006200 -0.00933800 -0.04528000
v 0.11015600 -0.00939300 -0.04526400
v 0.11016800 -0.00939300 -0.04517800
v 0.11018100 -0.00939300 -0.04528100
v 0.11017000 -0.00939300 -0.04519300
v 0.11017600 -0.00939300 -0.04520600
v 0.11019800 -0.00939300 -0.04523000
v 0.11020900 -0.00939300 -0.04529200
v 0.11023100 -0.00939300 -0.04524700
v 0.11023900 -0.00939300 -0.04529900
v 0.11026900 -0.00939300 -0.04525300
v 0.11027100 -0.00939300 -0.04530200
v 0.11030600 -0.00939300 -0.04524700
v 0.11030100 -0.00939300 -0.04529900
v 0.11032900 -0.00939300 -0.04529200
v 0.11033800 -0.00939300 -0.04523000
v 0.11035600 -0.00939300 -0.04528000
v 0.11036000 -0.00939300 -0.04520500
v 0.11038100 -0.00939300 -0.04526400
v 0.11036700 -0.00939300 -0.04517600
v 0.11038000 -0.00939300 -0.04509000
v 0.11040100 -0.00939300 -0.04510900
v 0.11040100 -0.00939300 -0.04524400
v 0.11041600 -0.00939300 -0.04513000
v 0.11041600 -0.00939300 -0.04522300
v 0.11042500 -0.00939300 -0.04515200
v 0.11042500 -0.00939300 -0.04520000
v 0.11042800 -0.00939300 -0.04517600
v 0.11010600 -0.00939300 -0.04517600
v 0.11010900 -0.00939300 -0.04515300
v 0.11010900 -0.00939300 -0.04520100
v 0.11011900 -0.00939300 -0.04513100
v 0.11011900 -0.00939300 -0.04522400
v 0.11013400 -0.00939300 -0.04511000
v 0.11013400 -0.00939300 -0.04524500
v 0.11015500 -0.00939300 -0.04509000
v 0.11018000 -0.00939300 -0.04507400
v 0.11017000 -0.00939300 -0.04516300
v 0.11017600 -0.00939300 -0.04514900
v 0.11019800 -0.00939300 -0.04512400
v 0.11020700 -0.00939300 -0.04506200
v 0.11023000 -0.00939300 -0.04510800
v 0.11023600 -0.00939300 -0.04505500
v 0.11026900 -0.00939300 -0.04510200
v 0.11026700 -0.00939300 -0.04505300
v 0.11029800 -0.00939300 -0.04505500
v 0.11030600 -0.00939300 -0.04510800
v 0.11032700 -0.00939300 -0.04506200
v 0.11033800 -0.00939300 -0.04512400
v 0.11035400 -0.00939300 -0.04507400
v 0.11036000 -0.00939300 -0.04514800
v 0.11010900 -0.00933800 -0.04520100
v 0.11010600 -0.00933800 -0.04517600
v 0.11011900 -0.00933800 -0.04522400
v 0.11013400 -0.00933800 -0.04524500
v 0.11015600 -0.00933800 -0.04526400
v 0.11018100 -0.00933800 -0.04528100
v 0.11020900 -0.00933800 -0.04529200
v 0.11023900 -0.00933800 -0.04529900
v 0.11027100 -0.00933800 -0.04530200
v 0.11030100 -0.00933800 -0.04529900
v 0.11032900 -0.00933800 -0.04529200
v 0.11035600 -0.00933800 -0.04528000
v 0.11038100 -0.00933800 -0.04526400
v 0.11040100 -0.00933800 -0.04524400
v 0.11041600 -0.00933800 -0.04522300
v 0.11042500 -0.00933800 -0.04520000
v 0.11042800 -0.00933800 -0.04517600
v 0.11042500 -0.00933800 -0.04515200
v 0.11041600 -0.00933800 -0.04513000
v 0.11040100 -0.00933800 -0.04510900
v 0.11038000 -0.00933800 -0.04509000
v 0.11035400 -0.00933800 -0.04507400
v 0.11032700 -0.00933800 -0.04506200
v 0.11029800 -0.00933800 -0.04505500
v 0.11026700 -0.00933800 -0.04505300
v 0.11023600 -0.00933800 -0.04505500
v 0.11020700 -0.00933800 -0.04506200
v 0.11018000 -0.00933800 -0.04507400
v 0.11015500 -0.00933800 -0.04509000
v 0.11013400 -0.00933800 -0.04511000
v 0.11011900 -0.00933800 -0.04513100
v 0.11010900 -0.00933800 -0.04515300
v 0.11016800 -0.00933800 -0.04517800
v 0.11017000 -0.00933800 -0.04516300
v 0.11017600 -0.00933800 -0.04514900
v 0.11019800 -0.00933800 -0.04512400
v 0.11023000 -0.00933800 -0.04510800
v 0.11026900 -0.00933800 -0.04510200
v 0.11030600 -0.00933800 -0.04510800
v 0.11033800 -0.00933800 -0.04512400
v 0.11036000 -0.00933800 -0.04514800
v 0.11036700 -0.00933800 -0.04517600
v 0.11017000 -0.00933800 -0.04519300
v 0.11017600 -0.00933800 -0.04520600
v 0.11019800 -0.00933800 -0.04523000
v 0.11023100 -0.00933800 -0.04524700
v 0.11026900 -0.00933800 -0.04525300
v 0.11030600 -0.00933800 -0.04524700
v 0.11033800 -0.00933800 -0.04523000
v 0.11036000 -0.00933800 -0.04520500
v 0.11050500 -0.00939300 -0.04529500
v 0.11050500 -0.00939300 -0.04492400
v 0.11056800 -0.00939300 -0.04529500
v 0.11056800 -0.00939300 -0.04492400
v 0.11050500 -0.00933800 -0.04529500
v 0.11050500 -0.00933800 -0.04492400
v 0.11056800 -0.00933800 -0.04529500
v 0.11056800 -0.00933800 -0.04492400
v 0.11066800 -0.00939300 -0.04529500
v 0.11066800 -0.00939300 -0.04492400
v 0.11073100 -0.00939300 -0.04529500
v 0.11073100 -0.00939300 -0.04492400
v 0.11066800 -0.00933800 -0.04529500
v 0.11066800 -0.00933800 -0.04492400
v 0.11073100 -0.00933800 -0.04529500
v 0.11073100 -0.00933800 -0.04492400
v 0.11086600 -0.00939300 -0.04518700
v 0.11087300 -0.00939300 -0.04514700
v 0.11112200 -0.00939300 -0.04518700
v 0.11105600 -0.00939300 -0.04514700
v 0.11107700 -0.00939300 -0.04509000
v 0.11109700 -0.00939300 -0.04511000
v 0.11111100 -0.00939300 -0.04513300
v 0.11112000 -0.00939300 -0.04515900
v 0.11085400 -0.00939300 -0.04509000
v 0.11087800 -0.00939300 -0.04507400
v 0.11088900 -0.00939300 -0.04512600
v 0.11090500 -0.00939300 -0.04506200
v 0.11091000 -0.00939300 -0.04511100
v 0.11093400 -0.00939300 -0.04505500
v 0.11093600 -0.00939300 -0.04510200
v 0.11096600 -0.00939300 -0.04505300
v 0.11096600 -0.00939300 -0.04509900
v 0.11099400 -0.00939300 -0.04510200
v 0.11099700 -0.00939300 -0.04505500
v 0.11101800 -0.00939300 -0.04511100
v 0.11102600 -0.00939300 -0.04506200
v 0.11103900 -0.00939300 -0.04512600
v 0.11105300 -0.00939300 -0.04507400
v 0.11080900 -0.00939300 -0.04517600
v 0.11081200 -0.00939300 -0.04515200
v 0.11081200 -0.00939300 -0.04520200
v 0.11082000 -0.00939300 -0.04522500
v 0.11082000 -0.00939300 -0.04513000
v 0.11083400 -0.00939300 -0.04524700
v 0.11083400 -0.00939300 -0.04510900
v 0.11085400 -0.00939300 -0.04526600
v 0.11087800 -0.00939300 -0.04528100
v 0.11088000 -0.00939300 -0.04521800
v 0.11090400 -0.00939300 -0.04529300
v 0.11089100 -0.00939300 -0.04523000
v 0.11090400 -0.00939300 -0.04524000
v 0.11093500 -0.00939300 -0.04525200
v 0.11093400 -0.00939300 -0.04529900
v 0.11096600 -0.00939300 -0.04530200
v 0.11096900 -0.00939300 -0.04525700
v 0.11100700 -0.00939300 -0.04529800
v 0.11099500 -0.00939300 -0.04525400
v 0.11101800 -0.00939300 -0.04524800
v 0.11104400 -0.00939300 -0.04528800
v 0.11104000 -0.00939300 -0.04523700
v 0.11105900 -0.00939300 -0.04522100
v 0.11107700 -0.00939300 -0.04527200
v 0.11110500 -0.00939300 -0.04524900
v 0.11112200 -0.00933800 -0.04518700
v 0.11112000 -0.00933800 -0.04515900
v 0.11111100 -0.00933800 -0.04513300
v 0.11109700 -0.00933800 -0.04511000
v 0.11107700 -0.00933800 -0.04509000
v 0.11105300 -0.00933800 -0.04507400
v 0.11102600 -0.00933800 -0.04506200
v 0.11099700 -0.00933800 -0.04505500
v 0.11096600 -0.00933800 -0.04505300
v 0.11093400 -0.00933800 -0.04505500
v 0.11090500 -0.00933800 -0.04506200
v 0.11087800 -0.00933800 -0.04507400
v 0.11085400 -0.00933800 -0.04509000
v 0.11083400 -0.00933800 -0.04510900
v 0.11082000 -0.00933800 -0.04513000
v 0.11081200 -0.00933800 -0.04515200
v 0.11080900 -0.00933800 -0.04517600
v 0.11081200 -0.00933800 -0.04520200
v 0.11082000 -0.00933800 -0.04522500
v 0.11083400 -0.00933800 -0.04524700
v 0.11085400 -0.00933800 -0.04526600
v 0.11087800 -0.00933800 -0.04528100
v 0.11090400 -0.00933800 -0.04529300
v 0.11093400 -0.00933800 -0.04529900
v 0.11096600 -0.00933800 -0.04530200
v 0.11100700 -0.00933800 -0.04529800
v 0.11104400 -0.00933800 -0.04528800
v 0.11107700 -0.00933800 -0.04527200
v 0.11110500 -0.00933800 -0.04524900
v 0.11105900 -0.00933800 -0.04522100
v 0.11104000 -0.00933800 -0.04523700
v 0.11101800 -0.00933800 -0.04524800
v 0.11099500 -0.00933800 -0.04525400
v 0.11096900 -0.00933800 -0.04525700
v 0.11093500 -0.00933800 -0.04525200
v 0.11090400 -0.00933800 -0.04524000
v 0.11089100 -0.00933800 -0.04523000
v 0.11088000 -0.00933800 -0.04521800
v 0.11086600 -0.00933800 -0.04518700
v 0.11087300 -0.00933800 -0.04514700
v 0.11088900 -0.00933800 -0.04512600
v 0.11091000 -0.00933800 -0.04511100
v 0.11093600 -0.00933800 -0.04510200
v 0.11096600 -0.00933800 -0.04509900
v 0.11099400 -0.00933800 -0.04510200
v 0.11101800 -0.00933800 -0.04511100
v 0.11103900 -0.00933800 -0.04512600
v 0.11105600 -0.00933800 -0.04514700
v 0.11121700 -0.00939300 -0.04526500
v 0.11123200 -0.00939300 -0.04517400
v 0.11124200 -0.00939300 -0.04528100
v 0.11123900 -0.00939300 -0.04520400
v 0.11125900 -0.00939300 -0.04522900
v 0.11126800 -0.00939300 -0.04529200
v 0.11129000 -0.00939300 -0.04524600
v 0.11129600 -0.00939300 -0.04529900
v 0.11132700 -0.00939300 -0.04525200
v 0.11132600 -0.00939300 -0.04530200
v 0.11137200 -0.00939300 -0.04529600
v 0.11134800 -0.00939300 -0.04525000
v 0.11137100 -0.00939300 -0.04524500
v 0.11142000 -0.00939300 -0.04522300
v 0.11142000 -0.00939300 -0.04528000
v 0.11117000 -0.00939300 -0.04518000
v 0.11117300 -0.00939300 -0.04515400
v 0.11117300 -0.00939300 -0.04520300
v 0.11118200 -0.00939300 -0.04513000
v 0.11118200 -0.00939300 -0.04522500
v 0.11119700 -0.00939300 -0.04510800
v 0.11119700 -0.00939300 -0.04524600
v 0.11121700 -0.00939300 -0.04508900
v 0.11124200 -0.00939300 -0.04507300
v 0.11123900 -0.00939300 -0.04514700
v 0.11126100 -0.00939300 -0.04512300
v 0.11127000 -0.00939300 -0.04506200
v 0.11129300 -0.00939300 -0.04510700
v 0.11130000 -0.00939300 -0.04505500
v 0.11133000 -0.00939300 -0.04510100
v 0.11133400 -0.00939300 -0.04505300
v 0.11137400 -0.00939300 -0.04510700
v 0.11137600 -0.00939300 -0.04505700
v 0.11142000 -0.00939300 -0.04512500
v 0.11142000 -0.00939300 -0.04507000
v 0.11137100 -0.00933800 -0.04524500
v 0.11142000 -0.00933800 -0.04522300
v 0.11134800 -0.00933800 -0.04525000
v 0.11132700 -0.00933800 -0.04525200
v 0.11129000 -0.00933800 -0.04524600
v 0.11125900 -0.00933800 -0.04522900
v 0.11123900 -0.00933800 -0.04520400
v 0.11123200 -0.00933800 -0.04517400
v 0.11123900 -0.00933800 -0.04514700
v 0.11126100 -0.00933800 -0.04512300
v 0.11129300 -0.00933800 -0.04510700
v 0.11133000 -0.00933800 -0.04510100
v 0.11137400 -0.00933800 -0.04510700
v 0.11142000 -0.00933800 -0.04512500
v 0.11142000 -0.00933800 -0.04507000
v 0.11137600 -0.00933800 -0.04505700
v 0.11133400 -0.00933800 -0.04505300
v 0.11130000 -0.00933800 -0.04505500
v 0.11127000 -0.00933800 -0.04506200
v 0.11124200 -0.00933800 -0.04507300
v 0.11121700 -0.00933800 -0.04508900
v 0.11119700 -0.00933800 -0.04510800
v 0.11118200 -0.00933800 -0.04513000
v 0.11117300 -0.00933800 -0.04515400
v 0.11117000 -0.00933800 -0.04518000
v 0.11117300 -0.00933800 -0.04520300
v 0.11118200 -0.00933800 -0.04522500
v 0.11119700 -0.00933800 -0.04524600
v 0.11121700 -0.00933800 -0.04526500
v 0.11124200 -0.00933800 -0.04528100
v 0.11126800 -0.00933800 -0.04529200
v 0.11129600 -0.00933800 -0.04529900
v 0.11132600 -0.00933800 -0.04530200
v 0.11137200 -0.00933800 -0.04529600
v 0.11142000 -0.00933800 -0.04528000
v 0.11156500 -0.00939300 -0.04510500
v 0.11156500 -0.00939300 -0.04506000
v 0.11162800 -0.00939300 -0.04510500
v 0.11162800 -0.00939300 -0.04506000
v 0.11150200 -0.00939300 -0.04529500
v 0.11150200 -0.00939300 -0.04510500
v 0.11156500 -0.00939300 -0.04529500
v 0.11150200 -0.00939300 -0.04505900
v 0.11150200 -0.00939300 -0.04499100
v 0.11156500 -0.00939300 -0.04499100
v 0.11145200 -0.00939300 -0.04510500
v 0.11145200 -0.00939300 -0.04505900
v 0.11150200 -0.00933800 -0.04505900
v 0.11150200 -0.00933800 -0.04499100
v 0.11145200 -0.00933800 -0.04505900
v 0.11145200 -0.00933800 -0.04510500
v 0.11150200 -0.00933800 -0.04510500
v 0.11150200 -0.00933800 -0.04529500
v 0.11156500 -0.00933800 -0.04529500
v 0.11156500 -0.00933800 -0.04510500
v 0.11162800 -0.00933800 -0.04510500
v 0.11162800 -0.00933800 -0.04506000
v 0.11156500 -0.00933800 -0.04506000
v 0.11156500 -0.00933800 -0.04499100
v 0.11167200 -0.00939300 -0.04498200
v 0.11167500 -0.00939300 -0.04496800
v 0.11167500 -0.00939300 -0.04499700
v 0.11168600 -0.00939300 -0.04500900
v 0.11168600 -0.00939300 -0.04495500
v 0.11170200 -0.00939300 -0.04501700
v 0.11170200 -0.00939300 -0.04494700
v 0.11172100 -0.00939300 -0.04502000
v 0.11172100 -0.00939300 -0.04494400
v 0.11173900 -0.00939300 -0.04501700
v 0.11173900 -0.00939300 -0.04494700
v 0.11175500 -0.00939300 -0.04500900
v 0.11175500 -0.00939300 -0.04495500
v 0.11176600 -0.00939300 -0.04499700
v 0.11176600 -0.00939300 -0.04496800
v 0.11176900 -0.00939300 -0.04498200
v 0.11167500 -0.00933800 -0.04499700
v 0.11167200 -0.00933800 -0.04498200
v 0.11168600 -0.00933800 -0.04500900
v 0.11170200 -0.00933800 -0.04501700
v 0.11172100 -0.00933800 -0.04502000
v 0.11173900 -0.00933800 -0.04501700
v 0.11175500 -0.00933800 -0.04500900
v 0.11176600 -0.00933800 -0.04499700
v 0.11176900 -0.00933800 -0.04498200
v 0.11176600 -0.00933800 -0.04496800
v 0.11175500 -0.00933800 -0.04495500
v 0.11173900 -0.00933800 -0.04494700
v 0.11172100 -0.00933800 -0.04494400
v 0.11170200 -0.00933800 -0.04494700
v 0.11168600 -0.00933800 -0.04495500
v 0.11167500 -0.00933800 -0.04496800
v 0.11169000 -0.00939300 -0.04529500
v 0.11169000 -0.00939300 -0.04506000
v 0.11175200 -0.00939300 -0.04529500
v 0.11175200 -0.00939300 -0.04506000
v 0.11169000 -0.00933800 -0.04529500
v 0.11169000 -0.00933800 -0.04506000
v 0.11175200 -0.00933800 -0.04529500
v 0.11175200 -0.00933800 -0.04506000
v 0.11187900 -0.00939300 -0.04526400
v 0.11189200 -0.00939300 -0.04517800
v 0.11190500 -0.00939300 -0.04528100
v 0.11189400 -0.00939300 -0.04519300
v 0.11189900 -0.00939300 -0.04520600
v 0.11192200 -0.00939300 -0.04523000
v 0.11193200 -0.00939300 -0.04529200
v 0.11195500 -0.00939300 -0.04524700
v 0.11196200 -0.00939300 -0.04529900
v 0.11199200 -0.00939300 -0.04525300
v 0.11199500 -0.00939300 -0.04530200
v 0.11202900 -0.00939300 -0.04524700
v 0.11202500 -0.00939300 -0.04529900
v 0.11205300 -0.00939300 -0.04529200
v 0.11206100 -0.00939300 -0.04523000
v 0.11208000 -0.00939300 -0.04528000
v 0.11208300 -0.00939300 -0.04520500
v 0.11210400 -0.00939300 -0.04526400
v 0.11209000 -0.00939300 -0.04517600
v 0.11210300 -0.00939300 -0.04509000
v 0.11212400 -0.00939300 -0.04510900
v 0.11212500 -0.00939300 -0.04524400
v 0.11214000 -0.00939300 -0.04513000
v 0.11214000 -0.00939300 -0.04522300
v 0.11214900 -0.00939300 -0.04515200
v 0.11214900 -0.00939300 -0.04520000
v 0.11215200 -0.00939300 -0.04517600
v 0.11183000 -0.00939300 -0.04517600
v 0.11183300 -0.00939300 -0.04515300
v 0.11183300 -0.00939300 -0.04520100
v 0.11184200 -0.00939300 -0.04513100
v 0.11184200 -0.00939300 -0.04522400
v 0.11185700 -0.00939300 -0.04511000
v 0.11185800 -0.00939300 -0.04524500
v 0.11187900 -0.00939300 -0.04509000
v 0.11190400 -0.00939300 -0.04507400
v 0.11189400 -0.00939300 -0.04516300
v 0.11189900 -0.00939300 -0.04514900
v 0.11192200 -0.00939300 -0.04512400
v 0.11193100 -0.00939300 -0.04506200
v 0.11195400 -0.00939300 -0.04510800
v 0.11196000 -0.00939300 -0.04505500
v 0.11199200 -0.00939300 -0.04510200
v 0.11199000 -0.00939300 -0.04505300
v 0.11202200 -0.00939300 -0.04505500
v 0.11203000 -0.00939300 -0.04510800
v 0.11205100 -0.00939300 -0.04506200
v 0.11206100 -0.00939300 -0.04512400
v 0.11207800 -0.00939300 -0.04507400
v 0.11208300 -0.00939300 -0.04514800
v 0.11183300 -0.00933800 -0.04520100
v 0.11183000 -0.00933800 -0.04517600
v 0.11184200 -0.00933800 -0.04522400
v 0.11185800 -0.00933800 -0.04524500
v 0.11187900 -0.00933800 -0.04526400
v 0.11190500 -0.00933800 -0.04528100
v 0.11193200 -0.00933800 -0.04529200
v 0.11196200 -0.00933800 -0.04529900
v 0.11199500 -0.00933800 -0.04530200
v 0.11202500 -0.00933800 -0.04529900
v 0.11205300 -0.00933800 -0.04529200
v 0.11208000 -0.00933800 -0.04528000
v 0.11210400 -0.00933800 -0.04526400
v 0.11212500 -0.00933800 -0.04524400
v 0.11214000 -0.00933800 -0.04522300
v 0.11214900 -0.00933800 -0.04520000
v 0.11215200 -0.00933800 -0.04517600
v 0.11214900 -0.00933800 -0.04515200
v 0.11214000 -0.00933800 -0.04513000
v 0.11212400 -0.00933800 -0.04510900
v 0.11210300 -0.00933800 -0.04509000
v 0.11207800 -0.00933800 -0.04507400
v 0.11205100 -0.00933800 -0.04506200
v 0.11202200 -0.00933800 -0.04505500
v 0.11199000 -0.00933800 -0.04505300
v 0.11196000 -0.00933800 -0.04505500
v 0.11193100 -0.00933800 -0.04506200
v 0.11190400 -0.00933800 -0.04507400
v 0.11187900 -0.00933800 -0.04509000
v 0.11185700 -0.00933800 -0.04511000
v 0.11184200 -0.00933800 -0.04513100
v 0.11183300 -0.00933800 -0.04515300
v 0.11189200 -0.00933800 -0.04517800
v 0.11189400 -0.00933800 -0.04516300
v 0.11189900 -0.00933800 -0.04514900
v 0.11192200 -0.00933800 -0.04512400
v 0.11195400 -0.00933800 -0.04510800
v 0.11199200 -0.00933800 -0.04510200
v 0.11203000 -0.00933800 -0.04510800
v 0.11206100 -0.00933800 -0.04512400
v 0.11208300 -0.00933800 -0.04514800
v 0.11209000 -0.00933800 -0.04517600
v 0.11189400 -0.00933800 -0.04519300
v 0.11189900 -0.00933800 -0.04520600
v 0.11192200 -0.00933800 -0.04523000
v 0.11195500 -0.00933800 -0.04524700
v 0.11199200 -0.00933800 -0.04525300
v 0.11202900 -0.00933800 -0.04524700
v 0.11206100 -0.00933800 -0.04523000
v 0.11208300 -0.00933800 -0.04520500
v 0.11240400 -0.00939300 -0.04529500
v 0.11240400 -0.00939300 -0.04513900
v 0.11246700 -0.00939300 -0.04529500
v 0.11240600 -0.00939300 -0.04505800
v 0.11243800 -0.00939300 -0.04507400
v 0.11246000 -0.00939300 -0.04509700
v 0.11246700 -0.00939300 -0.04512500
v 0.11220800 -0.00939300 -0.04529500
v 0.11220800 -0.00939300 -0.04506000
v 0.11227000 -0.00939300 -0.04529500
v 0.11227000 -0.00939300 -0.04509900
v 0.11227000 -0.00939300 -0.04516700
v 0.11227600 -0.00939300 -0.04513900
v 0.11229500 -0.00939300 -0.04507800
v 0.11229300 -0.00939300 -0.04511600
v 0.11231800 -0.00939300 -0.04510000
v 0.11231900 -0.00939300 -0.04506400
v 0.11234800 -0.00939300 -0.04509500
v 0.11234300 -0.00939300 -0.04505600
v 0.11236900 -0.00939300 -0.04505300
v 0.11237000 -0.00939300 -0.04509800
v 0.11238800 -0.00939300 -0.04510800
v 0.11240000 -0.00939300 -0.04512200
v 0.11227000 -0.00939300 -0.04506000
v 0.11227000 -0.00933800 -0.04529500
v 0.11220800 -0.00933800 -0.04529500
v 0.11227000 -0.00933800 -0.04516700
v 0.11227600 -0.00933800 -0.04513900
v 0.11229300 -0.00933800 -0.04511600
v 0.11231800 -0.00933800 -0.04510000
v 0.11234800 -0.00933800 -0.04509500
v 0.11237000 -0.00933800 -0.04509800
v 0.11238800 -0.00933800 -0.04510800
v 0.11240000 -0.00933800 -0.04512200
v 0.11240400 -0.00933800 -0.04513900
v 0.11240400 -0.00933800 -0.04529500
v 0.11246700 -0.00933800 -0.04529500
v 0.11246700 -0.00933800 -0.04512500
v 0.11246000 -0.00933800 -0.04509700
v 0.11243800 -0.00933800 -0.04507400
v 0.11240600 -0.00933800 -0.04505800
v 0.11236900 -0.00933800 -0.04505300
v 0.11234300 -0.00933800 -0.04505600
v 0.11231900 -0.00933800 -0.04506400
v 0.11229500 -0.00933800 -0.04507800
v 0.11227000 -0.00933800 -0.04509900
v 0.11227000 -0.00933800 -0.04506000
v 0.11220800 -0.00933800 -0.04506000
vn -0.00000000 -0.00000000 0.00000000
vn -0.00000000 0.00000000 -0.00000000
vn 0.00000000 0.00000000 -0.00000000
vn 0.00000000 0.00000000 0.00000000
vn -0.00000000 0.00000000 -0.00000000
vn -0.00000000 -0.00000000 -0.00000000
vn 0.00000000 -0.00000000 0.00000000
vn 0.00000000 0.00000000 -0.00000000
vn 0.00000000 -0.00000000 0.00000000
vn -0.00000000 0.00000000 0.00000000
vn 0.00000000 0.00000000 -0.00000000
vn 0.00000000 -0.00000000 0.00000000
vn 0.00000000 0.00000000 -0.00000000
vn -0.00000000 0.00000000 0.00000000
vn 0.00000000 -0.00000000 -0.00000000
vn -0.00000000 -0.00000000 0.00000000
vn 0.00000000 0.00000000 0.00000000
vn 0.00000000 -0.00000000 -0.00000000
vn 0.00035545 -0.99999836 0.00177725
vn 0.00000000 1.00000000 0.00000000
vn -0.00000000 0.00000000 -0.00000000
vn -0.00000000 0.00000000 -0.00000000
vn 0.00000000 0.00000000 0.00000000
vn -0.00000000 -0.00000000 -0.00000000
vn -0.00000000 0.00000000 -0.00000000
vn -0.00000000 0.00000000 0.00000000
vn -0.00000000 0.00000000 0.00000000
vn 0.00000000 0.00000000 -0.00000000
vn -0.00000000 0.00000000 0.00000000
vn 0.00000000 0.00000000 -0.00000000
vn -0.00000000 -0.00000000 0.00000000
vn 0.00000000 -0.00000000 -0.00000000
vn 0.00000000 0.00000000 -0.00000000
vn -0.00000000 0.00000000 -0.00000000
vn 0.00000000 0.00000000 -0.00000000
vn -0.00000000 -0.00000000 0.00000000
vn -0.00000000 -0.00000000 0.00000000
vn 0.00000000 0.00000000 -0.00000000
vn -0.00000000 -0.00000000 0.00000000
vn 0.00049068 -0.99999988 0.00003067
vn 0.00000000 -0.00000000 0.00000000
vn 0.00000000 -0.00000000 0.00000000
vn -0.00000000 -0.00000000 -0.00000000
vn -0.00000000 0.00000000 0.00000000
vn 0.00000000 -0.00000000 -0.00000000
vn 0.00000000 -0.00000000 -0.00000000
vn -0.00000000 0.00000000 -0.00000000
vn 0.00000000 0.00000000 -0.00000000
vn 0.00000000 -0.00000000 0.00000000
vn -0.00000000 0.00000000 -0.00000000
vn 0.00000000 -0.00000000 0.00000000
vn 0.00000000 0.00000000 0.00000000
vn 0.00000000 0.00000000 0.00000000
vn 0.00000000 0.00000000 0.00000000
vn -0.00000000 -0.00000000 -0.00000000
vn 0.00000000 0.00000000 -0.00000000
vn -0.00000812 0.99999983 0.00057763
vn 0.00000000 0.00000000 0.00000000
vn 0.00000000 0.00000000 -0.00000000
vn 0.00000000 -0.00000000 0.00000000
vn 0.00000000 0.00000000 -0.00000000
vn -0.00000000 -0.00000000 0.00000000
vn 0.00000000 0.00000000 -0.00000000
vn -0.00000000 -0.00000000 0.00000000
vn 0.00000000 0.00000000 -0.00000000
vn -0.00000000 -0.00000000 0.00000000
vn 0.00000000 -0.00000000 -0.00000000
vn -0.00000000 0.00000000 0.00000000
vn -0.00000000 0.00000000 0.00000000
vn 0.00000000 -0.00000000 -0.00000000
vn 0.00000000 -0.00000000 0.00000000
vn 0.00000000 0.00000000 0.00000000
vn -0.00000000 -0.00000000 -0.00000000
vn 0.00000000 -0.00000000 0.00000000
vn 0.00000000 -0.00000000 0.00000000
vn -0.00000000 -0.00000000 -0.00000000
vn -0.00000000 0.00000000 -0.00000000
vn 0.00000000 0.00000000 -0.00000000
vn 0.00000000 -0.00000000 0.00000000
vn -0.00000000 0.00000000 0.00000000
vn -0.00000000 0.00000000 -0.00000000
vn 0.00000000 0.00000000 0.00000000
vn 0.00000000 0.00000000 0.00000000
vn -0.00000000 -0.00000000 0.00000000
vn -0.00000000 -0.00000000 -0.00000000
vn 0.00000000 0.00000000 0.00000000
vn 0.00000000 0.00000000 0.00000000
vn -0.00000000 0.00000000 -0.00000000
vn 0.00000000 0.00000000 -0.00000000
vn -0.00000000 -0.00000000 -0.00000000
vn 0.00000000 -0.00000000 0.00000000
vn 0.00000000 0.00000000 0.00000000
vn 0.00000000 0.00000000 0.00000000
vn -0.00000000 0.00000000 -0.00000000
vn -0.00000000 0.00000000 -0.00000000
vn 0.00000000 0.00000000 0.00000000
vn -0.00000000 -0.00000000 0.00000000
vn -0.00000000 -0.00000000 -0.00000000
vn 0.00000000 -0.00000000 0.00000000
vn -0.00000000 -0.00000000 0.00000000
vn 0.00000000 0.00000000 0.00000000
vn 0.00000000 0.00000000 0.00000000
vn -0.00000000 0.00000000 0.00000000
vn -0.00000000 0.00000000 0.00000000
vn 0.00000000 -0.00000000 -0.00000000
vn 0.00000000 0.00000000 -0.00000000
vn -0.00000000 0.00000000 0.00000000
vn -0.00000000 -0.00000000 -0.00000000
vn -0.00000000 -0.00000000 0.00000000
vn 0.00000000 0.00000000 0.00000000
vn 0.00000000 0.00000000 -0.00000000
vn 0.00000000 -0.00000000 0.00000000
vn -0.00000000 -0.00000000 0.00000000
vn 0.00000000 -0.00000000 -0.00000000
vn 0.00000000 0.00000000 0.00000000
vn -0.00000000 0.00000000 -0.00000000
vn -0.00000000 -0.00000000 0.00000000
vn 0.00000000 -0.00000000 0.00000000
vn 0.00000000 -0.00000000 -0.00000000
vn -0.00000000 0.00000000 0.00000000
vn 0.00000000 0.00000000 0.00000000
vn 0.00000000 0.00000000 -0.00000000
vn -0.00000000 -0.00000000 -0.00000000
vn -0.00000000 0.00000000 0.00000000
vn 0.00000000 0.00000000 0.00000000
vn -0.00000000 -0.00000000 0.00000000
vn -0.00000000 -0.00000000 -0.00000000
vn 0.00000000 -0.00000000 0.00000000
vn 0.00000000 -0.00000000 0.00000000
vn -0.00000000 0.00000000 -0.00000000
vn -0.00000000 0.00000000 0.00000000
vn 0.00000000 0.00000000 -0.00000000
vn 0.00000000 0.00000000 -0.00000000
vn -0.00000000 -0.00000000 -0.00000000
vn -0.00000000 0.00000000 0.00000000
vn 0.00000000 0.00000000 0.00000000
vn -0.00000000 0.00000000 -0.00000000
vn -0.00000000 -0.00000000 0.00000000
vn 0.00000000 0.00000000 0.00000000
vn 0.00000000 -0.00000000 0.00000000
vn -0.00000000 0.00000000 -0.00000000
vn 0.00000000 0.00000000 0.00000000
vn -0.00000000 0.00000000 0.00000000
vn -0.00000000 -0.00000000 -0.00000000
vn 0.00000000 -0.00000000 0.00000000
vn -0.00000000 -0.00000000 -0.00000000
vn -0.00000000 0.00000000 -0.00000000
vn 0.00000000 -0.00000000 -0.00000000
vn -0.00000000 0.00000000 0.00000000
vn 0.00000000 0.00000000 -0.00000000
vn 0.00000000 0.00000000 0.00000000
vn 0.00000000 0.00000000 0.00000000
vn -0.00000000 -0.00000000 -0.00000000
vn 0.00000000 0.00000000 0.00000000
vn 0.00000000 -0.00000000 0.00000000
vn 0.00000000 -0.00000000 0.00000000
vn 0.00000000 0.00000000 0.00000000
vn 0.00000000 0.00000000 0.00000000
vn -0.00000000 0.00000000 0.00000000
vn 0.00000000 -0.00000000 -0.00000000
vn -0.00000000 -0.00000000 -0.00000000
vn 0.00000000 -0.00000000 0.00000000
vn -0.00000000 -0.00000000 -0.00000000
vn -0.00000000 -0.00000000 0.00000000
vn 0.00000000 -0.00000000 -0.00000000
vn -0.00000000 -0.00000000 0.00000000
vn -0.00000000 0.00000000 0.00000000
vn -0.00000000 -0.00000000 -0.00000000
vn 0.00000000 0.00000000 -0.00000000
vn 0.00000000 -0.00000000 -0.00000000
vn -0.00000000 0.00000000 0.00000000
vn 0.00000000 -0.00000000 -0.00000000
vn 0.00000000 -0.00000000 -0.00000000
vn 0.00000000 -0.00000000 0.00000000
vn -0.00000000 0.00000000 -0.00000000
vn 0.00000000 0.00000000 0.00000000
vn -0.00000000 0.00000000 -0.00000000
vn 0.00000000 -0.00000000 0.00000000
vn 0.00000000 0.00000000 0.00000000
vn 0.00000000 -0.00000000 -0.00000000
vn -0.00000000 0.00000000 0.00000000
vn -0.00000000 0.00000000 0.00000000
vn -0.00000000 -0.00000000 0.00000000
vn -0.00000000 0.00000000 -0.00000000
vn 0.00000000 0.00000000 -0.00000000
vn -0.00000000 -0.00000000 -0.00000000
vn 0.00000000 0.00000000 -0.00000000
vn -0.00000000 -0.00000000 0.00000000
vn 0.00000000 0.00000000 -0.00000000
vn -0.00000000 0.00000000 0.00000000
vn 0.00000000 -0.00000000 0.00000000
vn -0.00000000 -0.00000000 -0.00000000
vn 0.00000000 0.00000000 0.00000000
vn -0.00000000 0.00000000 0.00000000
vn 0.00000000 0.00000000 0.00000000
vn -0.00000000 -0.00000000 0.00000000
vn -0.00000000 -0.00000000 0.00000000
vn 0.00000000 -0.00000000 -0.00000000
vn 0.00000000 0.00000000 -0.00000000
vn -0.00000000 0.00000000 -0.00000000
vn -0.00000000 0.00000000 0.00000000
vn 0.00000000 -0.00000000 -0.00000000
vn -0.00000000 0.00000000 -0.00000000
vn -0.00000000 0.00000000 0.00000000
vn 0.00000000 0.00000000 0.00000000
vn 0.00000000 -0.00000000 0.00000000
vn 0.00000000 -0.00000000 0.00000000
vn -0.00000000 -0.00000000 -0.00000000
vn -0.00000000 0.00000000 0.00000000
vn -0.00000000 0.00000000 -0.00000000
vn 0.00000000 0.00000000 0.00000000
vn -0.00000000 -0.00000000 -0.00000000
vn 0.00000000 -0.00000000 0.00000000
vn 0.00000000 0.00000000 -0.00000000
vn -0.00000000 -0.00000000 0.00000000
vn -0.00000000 0.00000000 -0.00000000
vn 0.00000000 0.00000000 -0.00000000
vn -0.00000000 -0.00000000 -0.00000000
vn 0.00000000 0.00000000 0.00000000
vn -0.00000000 -0.00000000 -0.00000000
vn 0.00000000 0.00000000 0.00000000
vn 0.00000000 0.00000000 0.00000000
vn -0.00000000 0.00000000 -0.00000000
vn 0.00000000 0.00000000 -0.00000000
vn 0.00000000 -0.00000000 0.00000000
vn 0.00000000 0.00000000 0.00000000
vn -0.00000000 0.00000000 -0.00000000
vn 0.00000000 0.00000000 0.00000000
vn 0.00000000 -0.00000000 -0.00000000
vn 0.00000000 0.00000000 0.00000000
vn -0.00000000 -0.00000000 0.00000000
vn 0.00000000 0.00000000 -0.00000000
vn 0.00000000 0.00000000 0.00000000
vn -0.00000000 -0.00000000 0.00000000
vn 0.00000000 0.00000000 0.00000000
vn -0.00000000 0.00000000 -0.00000000
vn -0.00000000 -0.00000000 -0.00000000
vn 0.00000000 0.00000000 0.00000000
vn -0.00000000 0.00000000 -0.00000000
vn -0.00000000 0.00000000 0.00000000
vn 0.00000000 -0.00000000 -0.00000000
vn -0.00000000 0.00000000 0.00000000
vn 0.00000000 -0.00000000 -0.00000000
vn -0.00000000 -0.00000000 0.00000000
vn 0.00000000 0.00000000 0.00000000
vn -0.00000000 -0.00000000 0.00000000
vn 0.00000000 -0.00000000 -0.00000000
vn -0.00000000 -0.00000000 -0.00000000
vn 0.00000000 -0.00000000 0.00000000
vn -0.00000000 0.00000000 -0.00000000
vn 0.00000000 -0.00000000 -0.00000000
vn 0.00000000 0.00000000 -0.00000000
vn -0.00000000 0.00000000 0.00000000
vn -0.00000000 0.00000000 0.00000000
vn -0.00000000 -0.00000000 -0.00000000
vn -0.00000000 0.00000000 -0.00000000
vn 0.00000000 -0.00000000 0.00000000
vn 0.00000000 -0.00000000 -0.00000000
vn -0.00000000 0.00000000 0.00000000
vn -0.00000000 0.00000000 0.00000000
vn 0.00000000 0.00000000 -0.00000000
vn 0.00000000 0.00000000 0.00000000
vn 0.00000000 -0.00000000 0.00000000
vn -0.00000000 -0.00000000 0.00000000
vn 0.00000000 0.00000000 0.00000000
vn -0.00000000 0.00000000 0.00000000
vn -0.00000000 0.00000000 -0.00000000
vn 0.00000000 -0.00000000 -0.00000000
vn 0.00000000 -0.00000000 0.00000000
vn -0.00000000 0.00000000 0.00000000
vn 0.00000000 0.00000000 -0.00000000
vn -0.00000000 -0.00000000 -0.00000000
vn 0.00000000 -0.00000000 0.00000000
vn 0.00000000 0.00000000 0.00000000
vn -0.00000000 -0.00000000 0.00000000
vn -0.00000000 -0.00000000 0.00000000
vn -0.00000000 0.00000000 -0.00000000
vn 0.00000000 0.00000000 0.00000000
vn 0.00000000 0.00000000 -0.00000000
vn -0.00000000 -0.00000000 0.00000000
vn 0.00000000 -0.00000000 -0.00000000
vn -0.00000000 0.00000000 -0.00000000
vn 0.00000000 0.00000000 -0.00000000
vn -0.00000000 0.00000000 0.00000000
vn 0.00000000 0.00000000 -0.00000000
vn -0.00000000 -0.00000000 0.00000000
vn -0.00000000 -0.00000000 0.00000000
vn -0.00000000 0.00000000 0.00000000
vn -0.00000000 0.00000000 -0.00000000
vn 0.00000000 -0.00000000 -0.00000000
vn 0.00000000 0.00000000 0.00000000
vn -0.00000000 -0.00000000 0.00000000
vn 0.00000000 0.00000000 0.00000000
vn -0.00000000 -0.00000000 -0.00000000
vn 0.00000000 0.00000000 0.00000000
vn -0.00000000 -0.00000000 -0.00000000
vn 0.00000000 -0.00000000 0.00000000
vn -0.00000000 0.00000000 0.00000000
vn 0.00000000 0.00000000 0.00000000
vn -0.00000000 0.00000000 0.00000000
vn -0.00000000 -0.00000000 -0.00000000
vn 0.00000000 0.00000000 0.00000000
vn -0.00000000 -0.00000000 0.00000000
vn 0.00000000 -0.00000000 -0.00000000
vn 0.00000000 0.00000000 -0.00000000
vn 0.00000000 -0.00000000 0.00000000
vn -0.00000000 -0.00000000 0.00000000
vn 0.00000000 0.00000000 -0.00000000
vn -0.00000000 0.00000000 0.00000000
vn 0.00000000 0.00000000 0.00000000
vn -0.00000000 0.00000000 -0.00000000
vn -0.00000000 -0.00000000 0.00000000
vn 0.00000000 -0.00000000 -0.00000000
vn 0.00000000 -0.00000000 0.00000000
vn 0.00000000 0.00000000 -0.00000000
vn -0.00000000 0.00000000 0.00000000
vn -0.00000000 0.00000000 -0.00000000
vn -0.00000000 -0.00000000 0.00000000
vn 0.00000000 0.00000000 0.00000000
vn 0.00000000 -0.00000000 -0.00000000
vn 0.00000000 0.00000000 0.00000000
vn -0.00000000 -0.00000000 -0.00000000
vn 0.00000000 -0.00000000 0.00000000
vn -0.00000000 0.00000000 0.00000000
vn -0.00000000 0.00000000 0.00000000
vn -0.00000000 -0.00000000 -0.00000000
vn 0.00000000 -0.00000000 -0.00000000
vn 0.00000000 -0.00000000 0.00000000
vn 0.00000000 0.00000000 0.00000000
vn -0.00000000 0.00000000 -0.00000000
vn 0.00000000 -0.00000000 0.00000000
vn 0.00000000 0.00000000 0.00000000
vn 0.00000000 -0.00000000 0.00000000
vn -0.00000000 -0.00000000 -0.00000000
vn -0.00000000 -0.00000000 0.00000000
vn -0.00000000 0.00000000 0.00000000
vn 0.00000000 -0.00000000 0.00000000
vn 0.00000000 0.00000000 0.00000000
vn -0.00000000 -0.00000000 0.00000000
vn -0.00000000 0.00000000 -0.00000000
vn -0.00000000 -0.00000000 0.00000000
vn 0.00000000 0.00000000 -0.00000000
vn 0.00000000 -0.00000000 0.00000000
vn 0.00000000 -0.00000000 -0.00000000
vn -0.00000000 0.00000000 0.00000000
vn -0.00000000 -0.00000000 0.00000000
vn 0.00000000 -0.00000000 -0.00000000
vn 0.00000000 -0.00000000 -0.00000000
vn -0.00000000 -0.00000000 0.00000000
vn 0.00000000 -0.00000000 0.00000000
vn 0.00000000 0.00000000 -0.00000000
vn -0.00000000 -0.00000000 -0.00000000
vn -0.00000000 -0.00000000 0.00000000
vn 0.00000000 0.00000000 -0.00000000
vn 0.00000000 -0.00000000 -0.00000000
vn -0.00000000 0.00000000 0.00000000
vn 0.00000000 0.00000000 0.00000000
vn -0.00000000 -0.00000000 -0.00000000
vn -0.00000000 0.00000000 -0.00000000
vn 0.00000000 0.00000000 0.00000000
vn 0.00000000 -0.00000000 0.00000000
vn 0.00000000 -0.00000000 -0.00000000
vn -0.00000000 0.00000000 0.00000000
vn 0.00000000 0.00000000 -0.00000000
vn -0.00000000 0.00000000 -0.00000000
vn 0.00000000 0.00000000 0.00000000
vn -0.00000000 -0.00000000 0.00000000
vn -0.00000000 0.00000000 0.00000000
vn 0.00000000 -0.00000000 0.00000000
vn -0.00000000 0.00000000 -0.00000000
vn 0.00000000 0.00000000 0.00000000
vn 0.00000000 -0.00000000 0.00000000
vn 0.00000000 -0.00000000 -0.00000000
vn -0.00000000 0.00000000 -0.00000000
vn 0.00000000 0.00000000 0.00000000
vn -0.00000000 0.00000000 -0.00000000
vn -0.00000000 0.00000000 0.00000000
vn 0.00000000 0.00000000 0.00000000
vn -0.00000000 0.00000000 -0.00000000
vn 0.00000000 0.00000000 0.00000000
vn -0.00000000 -0.00000000 0.00000000
vn -0.00000000 0.00000000 -0.00000000
vn -0.00000000 0.00000000 0.00000000
vn 0.00000000 0.00000000 0.00000000
vn -0.00000000 -0.00000000 -0.00000000
vn -0.00000000 -0.00000000 0.00000000
vn 0.00000000 -0.00000000 0.00000000
vn -0.00000000 -0.00000000 -0.00000000
vn 0.00000000 -0.00000000 0.00000000
vn 0.00000000 -0.00000000 0.00000000
vn 0.00000000 0.00000000 0.00000000
vn -0.00000000 0.00000000 0.00000000
vn -0.00000000 0.00000000 -0.00000000
vn -0.00000000 0.00000000 -0.00000000
vn 0.00000000 -0.00000000 -0.00000000
vn 0.00000000 0.00000000 0.00000000
vn 0.00000000 0.00000000 0.00000000
vn -0.00000000 0.00000000 0.00000000
vn -0.00000000 -0.00000000 0.00000000
vn 0.00000000 -0.00000000 0.00000000
vn -0.00000000 0.00000000 0.00000000
vn 0.00000000 0.00000000 -0.00000000
vn 0.00000000 -0.00000000 -0.00000000
vn -0.00000000 -0.00000000 -0.00000000
vn 0.00000000 0.00000000 0.00000000
vn 0.00000000 -0.00000000 -0.00000000
vn 0.00000000 -0.00000000 0.00000000
vn -0.00000000 -0.00000000 -0.00000000
vn 0.00000000 0.00000000 -0.00000000
vn -0.00000000 0.00000000 0.00000000
vn 0.00000000 0.00000000 0.00000000
vn 0.00000000 -0.00000000 0.00000000
vn 0.00000000 -0.00000000 0.00000000
vn -0.00000000 0.00000000 -0.00000000
vn -0.00000000 0.00000000 0.00000000
vn 0.00000000 -0.00000000 0.00000000
vn 0.00000000 0.00000000 -0.00000000
vn 0.00000000 -0.00000000 0.00000000
vn -0.00000000 -0.00000000 0.00000000
vn 0.00000000 -0.00000000 -0.00000000
vn 0.00000000 0.00000000 -0.00000000
vn 0.00000000 -0.00000000 -0.00000000
vn 0.00000000 0.00000000 -0.00000000
vn -0.00000000 0.00000000 -0.00000000
vn 0.00000000 0.00000000 0.00000000
vn -0.00000000 0.00000000 0.00000000
vn 0.00000000 -0.00000000 0.00000000
vn 0.00000000 -0.00000000 0.00000000
vn 0.00000000 0.00000000 0.00000000
vn 0.00000000 0.00000000 -0.00000000
vn -0.00000000 -0.00000000 -0.00000000
vn 0.00081486 -0.99999966 0.00012223
vn 0.00000000 1.00000000 -0.00001717
vn 0.00000000 0.00000000 0.00000000
vn -0.00112903 0.99999936 -0.00003528
vn 0.00021186 -0.99999998 0.00000883
vn 0.00000000 0.00000000 0.00000000
vn -0.00000000 -0.00000000 -0.00000000
vn -0.00000000 0.00000000 0.00000000
vn -0.00000000 -0.00000000 -0.00000000
vn -0.00000000 0.00000000 -0.00000000
vn 0.00000000 -0.00000000 0.00000000
vn -0.00000000 -0.00000000 -0.00000000
vn 0.00000000 0.00000000 -0.00000000
vn -0.00000000 0.00000000 0.00000000
vn 0.00000000 0.00000000 -0.00000000
vn 0.00000000 -0.00000000 0.00000000
vn -0.00000000 -0.00000000 0.00000000
vn -0.00000000 0.00000000 0.00000000
vn 0.00000000 -0.00000000 -0.00000000
vn -0.00000000 -0.00000000 0.00000000
vn -0.00000000 0.00000000 0.00000000
vn 0.00000000 0.00000000 0.00000000
vn 0.00000000 -0.00000000 0.00000000
vn 0.00000000 -0.00000000 -0.00000000
vn -0.00000000 0.00000000 -0.00000000
vn 0.00000000 0.00000000 -0.00000000
vn -0.00041806 -0.99999991 -0.00001306
vn -0.00084746 0.99999964 -0.00002648
vn 0.00000000 0.00000000 0.00000000
vn -0.00000000 0.00000000 -0.00000000
vn -0.00060827 -0.99999982 0.00000000
vn -0.00000000 -0.00000000 -0.00000000
vn 0.00000000 -0.00000000 0.00000000
vn -0.00000000 -0.00000000 -0.00000000
vn 0.00000000 -0.00000000 0.00000000
vn 0.00000000 0.00000000 0.00000000
vn -0.00000000 0.00000000 0.00000000
vn -0.00000000 -0.00000000 0.00000000
vn -0.00000000 -0.00000000 0.00000000
vn 0.00000000 0.00000000 0.00000000
vn 0.00000000 0.00000000 0.00000000
vn -0.00000000 -0.00000000 0.00000000
vn 0.00000000 0.00000000 0.00000000
vn -0.00000000 0.00000000 -0.00000000
vn 0.00000000 0.00000000 0.00000000
vn 0.00000000 0.00000000 0.00000000
vn -0.00000000 -0.00000000 0.00000000
vn -0.00000000 0.00000000 -0.00000000
vn 0.00000000 -0.00000000 -0.00000000
vn -0.00000000 -0.00000000 0.00000000
vn -0.00000000 0.00000000 -0.00000000
vn 0.00000000 0.00000000 -0.00000000
vn -0.00000000 -0.00000000 -0.00000000
vn 0.00000000 0.00000000 0.00000000
vn 0.00000000 -0.00000000 -0.00000000
vn -0.00000000 0.00000000 0.00000000
vn -0.00000000 0.00000000 0.00000000
vn 0.00000000 -0.00000000 -0.00000000
vn -0.00000000 0.00000000 0.00000000
vn 0.00000000 0.00000000 0.00000000
vn 0.00000000 -0.00000000 -0.00000000
vn 0.00000000 0.00000000 -0.00000000
vn 0.00000000 0.00000000 -0.00000000
vn -0.00000000 0.00000000 0.00000000
vn 0.00000000 -0.00000000 0.00000000
vn 0.00000000 -0.00000000 -0.00000000
vn -0.00000000 -0.00000000 -0.00000000
vn -0.00000000 -0.00000000 -0.00000000
vn 0.00000000 0.00000000 0.00000000
vn 0.00000000 0.00000000 0.00000000
vn 0.00000000 -0.00000000 0.00000000
vn -0.00000000 -0.00000000 -0.00000000
vn 0.00000000 0.00000000 0.00000000
vn 0.00000000 0.00000000 0.00000000
vn -0.00000000 0.00000000 -0.00000000
vn 0.00000000 0.00000000 0.00000000
vn -0.00000000 -0.00000000 -0.00000000
vn 0.00000000 0.00000000 0.00000000
vn 0.00000000 0.00000000 0.00000000
vn -0.00000000 -0.00000000 0.00000000
vn -0.00000000 -0.00000000 0.00000000
vn -0.00000000 0.00000000 0.00000000
vn -0.00000000 -0.00000000 0.00000000
vn -0.00000000 0.00000000 -0.00000000
vn -0.00000000 -0.00000000 -0.00000000
vn 0.00000000 0.00000000 -0.00000000
vn 0.00000000 -0.00000000 -0.00000000
vn -0.00000000 -0.00000000 0.00000000
vn 0.00000000 0.00000000 0.00000000
vn -0.00000000 0.00000000 0.00000000
vn 0.00000000 -0.00000000 -0.00000000
vn 0.00000000 -0.00000000 0.00000000
vn -0.00000000 0.00000000 0.00000000
vn 0.00000000 0.00000000 0.00000000
vn -0.00000000 -0.00000000 -0.00000000
vn 0.00000000 -0.00000000 -0.00000000
vn -0.00000000 0.00000000 0.00000000
vn 0.00000000 0.00000000 -0.00000000
vn 0.00000000 -0.00000000 0.00000000
vn -0.00000000 -0.00000000 0.00000000
vn -0.00000000 -0.00000000 -0.00000000
vn -0.00000000 -0.00000000 -0.00000000
vn 0.00000000 0.00000000 0.00000000
vn 0.00000000 0.00000000 -0.00000000
vn 0.00000000 0.00000000 0.00000000
vn 0.00000000 -0.00000000 0.00000000
vn 0.00000000 0.00000000 0.00000000
vn 0.00000000 0.00000000 0.00000000
vn 0.00000000 -0.00000000 0.00000000
vn -0.00000000 0.00000000 -0.00000000
vn -0.00000000 -0.00000000 -0.00000000
vn -0.00000000 0.00000000 -0.00000000
vn 0.00000000 0.00000000 0.00000000
vn 0.00000000 0.00000000 0.00000000
vn 0.00000000 -0.00000000 0.00000000
vn -0.00000000 0.00000000 -0.00000000
vn -0.00000000 0.00000000 0.00000000
vn 0.00000000 -0.00000000 0.00000000
vn -0.00000000 0.00000000 -0.00000000
vn 0.00000000 -0.00000000 0.00000000
vn 0.00000000 -0.00000000 -0.00000000
vn -0.00000000 0.00000000 -0.00000000
vn 0.00000000 0.00000000 -0.00000000
vn 0.00000000 0.00000000 0.00000000
vn 0.00000000 0.00000000 0.00000000
vn 0.00000000 -0.00000000 0.00000000
vn 0.00000000 -0.00000000 0.00000000
vn 0.00000000 0.00000000 -0.00000000
vn 0.00000000 0.00000000 0.00000000
vn 0.00000000 -0.00000000 -0.00000000
vn 0.00000000 -0.00000000 0.00000000
vn -0.00000000 0.00000000 -0.00000000
vn 0.00000000 0.00000000 0.00000000
vn 0.00000000 0.00000000 -0.00000000
vn -0.00000000 -0.00000000 -0.00000000
vn 0.00000000 -0.00000000 0.00000000
vn 0.00000000 -0.00000000 0.00000000
vn 0.00000000 0.00000000 0.00000000
vn 0.00000000 0.00000000 -0.00000000
vn -0.00000000 0.00000000 0.00000000
vn -0.00000000 -0.00000000 -0.00000000
vn 0.00000000 -0.00000000 0.00000000
vn 0.00000000 -0.00000000 0.00000000
vn -0.00000000 -0.00000000 -0.00000000
vn 0.00000000 -0.00000000 -0.00000000
vn 0.00000000 0.00000000 0.00000000
vn -0.00000000 0.00000000 0.00000000
vn 0.00000000 -0.00000000 0.00000000
vn 0.00000000 0.00000000 0.00000000
vn -0.00000000 -0.00000000 0.00000000
vn -0.00000000 0.00000000 0.00000000
vn 0.00000000 0.00000000 -0.00000000
vn -0.00000000 -0.00000000 0.00000000
vn -0.00000000 0.00000000 0.00000000
vn 0.00000000 -0.00000000 -0.00000000
vn -0.00000000 0.00000000 -0.00000000
vn -0.00000000 -0.00000000 -0.00000000
vn 0.00000000 0.00000000 0.00000000
vn -0.00000000 -0.00000000 0.00000000
vn -0.00000000 -0.00000000 -0.00000000
vn 0.00000000 0.00000000 0.00000000
vn -0.00000000 0.00000000 -0.00000000
vn 0.00000000 0.00000000 0.00000000
vn 0.00000000 -0.00000000 0.00000000
vn 0.00000000 0.00000000 0.00000000
vn -0.00000000 -0.00000000 -0.00000000
vn -0.00000000 0.00000000 0.00000000
vn 0.00000000 -0.00000000 0.00000000
vn 0.00000000 -0.00000000 0.00000000
vn -0.00000000 -0.00000000 0.00000000
vn 0.00000000 -0.00000000 -0.00000000
vn 0.00000000 0.00000000 -0.00000000
vn 0.00000000 0.00000000 0.00000000
vn -0.00000000 0.00000000 -0.00000000
vn -0.00000000 -0.00000000 0.00000000
vn 0.00000000 0.00000000 0.00000000
vn 0.00000000 -0.00000000 -0.00000000
vn 0.00000000 -0.00000000 0.00000000
vn -0.00000000 0.00000000 -0.00000000
vn -0.00000000 0.00000000 -0.00000000
vn 0.00000000 -0.00000000 0.00000000
vn -0.00000000 -0.00000000 -0.00000000
vn 0.00000000 0.00000000 0.00000000
vn -0.00000000 -0.00000000 -0.00000000
vn 0.00000000 -0.00000000 -0.00000000
vn 0.00000000 0.00000000 0.00000000
vn 0.00000000 0.00000000 0.00000000
vn -0.00000000 0.00000000 0.00000000
vn -0.00000000 0.00000000 0.00000000
vn 0.00000000 -0.00000000 -0.00000000
vn 0.00000000 0.00000000 0.00000000
vn 0.00000000 -0.00000000 0.00000000
vn -0.00000000 0.00000000 -0.00000000
vn 0.00000000 0.00000000 0.00000000
vn -0.00000000 -0.00000000 -0.00000000
vn 0.00000000 0.00000000 0.00000000
vn -0.00000000 -0.00000000 0.00000000
vn -0.00000000 -0.00000000 -0.00000000
vn 0.00000000 -0.00000000 0.00000000
vn -0.00000000 -0.00000000 0.00000000
vn -0.00000000 -0.00000000 0.00000000
vn 0.00000000 -0.00000000 0.00000000
vn 0.00000000 -0.00000000 0.00000000
vn 0.00000000 0.00000000 -0.00000000
vn 0.00000000 -0.00000000 -0.00000000
vn -0.00000000 0.00000000 -0.00000000
vn 0.00000000 0.00000000 0.00000000
vn -0.00000000 0.00000000 -0.00000000
vn 0.00000000 0.00000000 0.00000000
vn -0.00000000 -0.00000000 0.00000000
vn 0.00000000 0.00000000 0.00000000
vn -0.00000000 0.00000000 -0.00000000
vn 0.00000000 -0.00000000 -0.00000000
vn -0.00000000 -0.00000000 0.00000000
vn 0.00000000 0.00000000 0.00000000
vn 0.00000000 0.00000000 0.00000000
vn 0.00000000 -0.00000000 -0.00000000
vn 0.00000000 0.00000000 0.00000000
vn 0.00000000 -0.00000000 0.00000000
vn 0.00000000 0.00000000 -0.00000000
vn 0.00000000 0.00000000 -0.00000000
vn -0.00000000 0.00000000 0.00000000
vn 0.00000000 -0.00000000 0.00000000
vn -0.00000000 0.00000000 0.00000000
vn 0.00000000 -0.00000000 -0.00000000
vn 0.00000000 0.00000000 0.00000000
vn -0.00000000 -0.00000000 0.00000000
vn 0.00000000 0.00000000 -0.00000000
vn 0.00000000 0.00000000 0.00000000
vn -0.00000000 0.00000000 0.00000000
vn 0.00000000 -0.00000000 0.00000000
vn -0.00000000 -0.00000000 -0.00000000
vn 0.00000000 -0.00000000 0.00000000
vn -0.00000000 0.00000000 0.00000000
vn 0.00000000 0.00000000 0.00000000
vn -0.00000000 0.00000000 -0.00000000
vn 0.00000000 0.00000000 0.00000000
vn 0.00000000 0.00000000 0.00000000
vn 0.00000000 -0.00000000 -0.00000000
vn -0.00000000 0.00000000 -0.00000000
vn 0.00000000 0.00000000 -0.00000000
vn -0.00000000 -0.00000000 0.00000000
vn 0.00000000 0.00000000 0.00000000
vn -0.00000000 0.00000000 0.00000000
vn -0.00000000 -0.00000000 0.00000000
vn -0.00000000 0.00000000 0.00000000
vn -0.00000000 0.00000000 0.00000000
vn 0.00000000 0.00000000 -0.00000000
vn 0.00000000 0.00000000 -0.00000000
vn -0.00000000 0.00000000 0.00000000
vn 0.00000000 -0.00000000 0.00000000
vn -0.00000000 -0.00000000 0.00000000
vn -0.00000000 0.00000000 -0.00000000
vn 0.00000000 -0.00000000 -0.00000000
vn 0.00000000 -0.00000000 0.00000000
vn -0.00000000 -0.00000000 0.00000000
vn 0.00000000 0.00000000 0.00000000
vn -0.00000000 0.00000000 0.00000000
vn 0.00000000 0.00000000 -0.00000000
vn -0.00000000 -0.00000000 0.00000000
vn 0.00000000 -0.00000000 0.00000000
vn 0.00000000 -0.00000000 -0.00000000
vn -0.00000000 0.00000000 0.00000000
vn -0.00000000 -0.00000000 0.00000000
vn 0.00000000 -0.00000000 0.00000000
vn -0.00000000 0.00000000 0.00000000
vn 0.00000000 -0.00000000 0.00000000
vn -0.00000000 -0.00000000 0.00000000
vn 0.00000000 0.00000000 -0.00000000
vn -0.00000000 -0.00000000 0.00000000
vn 0.00000000 0.00000000 0.00000000
vn -0.00000000 0.00000000 -0.00000000
vn 0.00000000 0.00000000 0.00000000
vn 0.00000000 0.00000000 -0.00000000
vn 0.00000000 0.00000000 0.00000000
vn 0.00000000 0.00000000 0.00000000
vn -0.00000000 -0.00000000 0.00000000
vn -0.00000000 0.00000000 -0.00000000
vn 0.00000000 -0.00000000 -0.00000000
vn -0.00000000 0.00000000 0.00000000
vn 0.00000000 -0.00000000 0.00000000
vn -0.00000000 -0.00000000 -0.00000000
vn 0.00000000 0.00000000 -0.00000000
vn 0.00000000 -0.00000000 0.00000000
vn -0.00000000 0.00000000 0.00000000
vn -0.00000000 -0.00000000 -0.00000000
vn 0.00000000 0.00000000 -0.00000000
vn -0.00000000 0.00000000 0.00000000
vn 0.00000000 -0.00000000 0.00000000
vn -0.00000000 -0.00000000 -0.00000000
vn 0.00000000 0.00000000 -0.00000000
vn 0.00000000 -0.00000000 0.00000000
vn -0.00000000 0.00000000 0.00000000
vn -0.00000000 -0.00000000 -0.00000000
vn 0.00000000 0.00000000 -0.00000000
vn 0.00000000 0.00000000 0.00000000
vn 0.00000000 -0.00000000 0.00000000
vn -0.00000000 0.00000000 -0.00000000
vn 0.00000000 0.00000000 0.00000000
vn -0.00000000 -0.00000000 0.00000000
vn 0.00000000 -0.00000000 -0.00000000
vn 0.00000000 -0.00000000 -0.00000000
vn 0.00000000 0.00000000 -0.00000000
vn -0.00000000 -0.00000000 0.00000000
vn 0.00000000 0.00000000 0.00000000
vn 0.00000000 0.00000000 -0.00000000
vn -0.00000000 -0.00000000 0.00000000
vn 0.00000000 0.00000000 0.00000000
vn -0.00000000 0.00000000 0.00000000
vn 0.00000000 0.00000000 -0.00000000
vn -0.00000000 -0.00000000 -0.00000000
vn -0.00000000 0.00000000 0.00000000
vn 0.00000000 -0.00000000 0.00000000
vn -0.00000000 0.00000000 0.00000000
vn 0.00000000 -0.00000000 -0.00000000
vn 0.00000000 0.00000000 0.00000000
vn -0.00000000 -0.00000000 0.00000000
vn 0.00000000 0.00000000 -0.00000000
vn 0.00000000 0.00000000 -0.00000000
vn 0.00000000 -0.00000000 0.00000000
vn -0.00000000 -0.00000000 0.00000000
vn -0.00000000 0.00000000 0.00000000
vn 0.00000000 0.00000000 -0.00000000
vn -0.00000000 -0.00000000 0.00000000
vn -0.00000000 -0.00000000 -0.00000000
vn -0.00000000 0.00000000 0.00000000
vn 0.00000000 -0.00000000 -0.00000000
vn -0.00000000 0.00000000 0.00000000
vn -0.00000000 -0.00000000 0.00000000
vn 0.00000000 0.00000000 -0.00000000
vn 0.00000000 0.00000000 -0.00000000
vn 0.00000000 -0.00000000 0.00000000
vn 0.00000000 -0.00000000 -0.00000000
vn 0.00000000 0.00000000 0.00000000
vn 0.00000000 0.00000000 0.00000000
vn -0.00000000 -0.00000000 0.00000000
vn 0.00000000 0.00000000 0.00000000
vn 0.00000000 0.00000000 0.00000000
vn 0.00000000 -0.00000000 0.00000000
vn 0.00000000 0.00000000 0.00000000
vn 0.00000000 -0.00000000 0.00000000
vn -0.00000000 0.00000000 0.00000000
vn -0.00000000 0.00000000 -0.00000000
vn 0.00000000 0.00000000 0.00000000
vn -0.00000000 0.00000000 -0.00000000
vn -0.00000000 0.00000000 -0.00000000
vn 0.00000000 -0.00000000 0.00000000
vn 0.00000000 -0.00000000 0.00000000
vn 0.00000000 0.00000000 -0.00000000
vn -0.00000000 -0.00000000 0.00000000
vn 0.00000000 0.00000000 -0.00000000
vn -0.00000000 0.00000000 0.00000000
vn -0.00000000 -0.00000000 0.00000000
vn 0.00000000 0.00000000 -0.00000000
vn 0.00000000 0.00000000 -0.00000000
vn 0.00000000 0.00000000 0.00000000
vn -0.00000000 0.00000000 0.00000000
vn 0.00000000 0.00000000 -0.00000000
vn 0.00000000 -0.00000000 -0.00000000
vn -0.00000000 -0.00000000 0.00000000
vn -0.00000000 0.00000000 0.00000000
vn 0.00000000 -0.00000000 -0.00000000
vn 0.00000000 0.00000000 0.00000000
vn -0.00000000 0.00000000 -0.00000000
vn 0.00000000 0.00000000 -0.00000000
vn 0.00000000 -0.00000000 0.00000000
vn -0.00000000 0.00000000 0.00000000
vn -0.00000000 -0.00000000 -0.00000000
vn -0.00000000 -0.00000000 -0.00000000
vn -0.00000000 -0.00000000 0.00000000
vn 0.00000000 0.00000000 0.00000000
vn -0.00000000 -0.00000000 0.00000000
vn 0.00000000 0.00000000 0.00000000
vn 0.00000000 -0.00000000 0.00000000
vn 0.00000000 -0.00000000 0.00000000
vn -0.00000000 -0.00000000 -0.00000000
vn 0.00000000 0.00000000 -0.00000000
vn 0.00000000 -0.00000000 0.00000000
vn 0.00000000 0.00000000 -0.00000000
vn 0.00000000 0.00000000 0.00000000
vn -0.00000000 -0.00000000 0.00000000
vn 0.00000000 0.00000000 -0.00000000
vn 0.00000000 -0.00000000 0.00000000
vn -0.00000000 -0.00000000 0.00000000
vn -0.00000000 -0.00000000 0.00000000
vn 0.00000000 0.00000000 0.00000000
vn -0.00000000 0.00000000 0.00000000
vn -0.00000000 -0.00000000 0.00000000
vn -0.00000000 0.00000000 0.00000000
vn 0.00000000 -0.00000000 0.00000000
vn -0.00000000 -0.00000000 -0.00000000
vn 0.00000000 -0.00000000 -0.00000000
vn -0.00000000 0.00000000 0.00000000
vn -0.00000000 -0.00000000 0.00000000
vn 0.00000000 -0.00000000 -0.00000000
vn 0.00000000 -0.00000000 0.00000000
vn -0.00000000 0.00000000 0.00000000
vn 0.00000000 -0.00000000 0.00000000
vn -0.00000000 -0.00000000 0.00000000
vn 0.00000000 0.00000000 -0.00000000
vn -0.00000000 0.00000000 0.00000000
vn 0.00000000 0.00000000 0.00000000
vn 0.00000000 0.00000000 -0.00000000
vn 0.00000000 0.00000000 0.00000000
vn -0.00000000 -0.00000000 0.00000000
vn 0.00000000 -0.00000000 0.00000000
vn 0.00000000 0.00000000 0.00000000
vn 0.00000000 0.00000000 0.00000000
vn 0.00000000 -0.00000000 0.00000000
vn -0.00000000 -0.00000000 -0.00000000
vn 0.00000000 0.00000000 0.00000000
vn 0.00000000 0.00000000 0.00000000
vn -0.00000000 0.00000000 -0.00000000
vn 0.00000000 -0.00000000 0.00000000
vn 0.00000000 -0.00000000 0.00000000
vn -0.00000000 0.00000000 0.00000000
vn 0.00000000 0.00000000 -0.00000000
vn 0.00000000 0.00000000 -0.00000000
vn 0.00000000 -0.00000000 0.00000000
vn 0.00000000 0.00000000 0.00000000
vn 0.00000000 0.00000000 0.00000000
vn -0.00000000 0.00000000 0.00000000
vn 0.00000000 -0.00000000 -0.00000000
vn 0.00000000 -0.00000000 -0.00000000
vn -0.00000000 -0.00000000 0.00000000
vn -0.00000000 -0.00000000 -0.00000000
vn 0.00000000 0.00000000 0.00000000
vn -0.00000000 -0.00000000 0.00000000
vn -0.00000000 -0.00000000 0.00000000
vn 0.00000000 -0.00000000 -0.00000000
vn -0.00000000 0.00000000 0.00000000
vn 0.00000000 0.00000000 -0.00000000
vn 0.00000000 -0.00000000 0.00000000
vn -0.00000000 -0.00000000 0.00000000
vn 0.00000000 0.00000000 -0.00000000
vn -0.00000000 -0.00000000 0.00000000
vn -0.00000000 0.00000000 0.00000000
vn 0.00000000 0.00000000 0.00000000
vn 0.00000000 -0.00000000 -0.00000000
vn -0.00000000 0.00000000 0.00000000
vn 0.00000000 -0.00000000 0.00000000
vn -0.00000000 0.00000000 -0.00000000
vn -0.00000000 0.00000000 -0.00000000
vn 0.00000000 0.00000000 0.00000000
vn 0.00000000 -0.00000000 0.00000000
vn 0.00000000 0.00000000 0.00000000
vn -0.00000000 0.00000000 -0.00000000
vn -0.00000000 -0.00000000 -0.00000000
vn 0.00000000 -0.00000000 0.00000000
vn 0.00000000 0.00000000 -0.00000000
vn 0.00000000 0.00000000 0.00000000
vn 0.00000000 0.00000000 -0.00000000
vn -0.00000000 -0.00000000 0.00000000
vn 0.00000000 0.00000000 -0.00000000
vn 0.00000000 0.00000000 0.00000000
vn -0.00000000 0.00000000 0.00000000
vn 0.00000000 -0.00000000 0.00000000
vn -0.00000000 -0.00000000 -0.00000000
vn 0.00000000 0.00000000 0.00000000
vn -0.00000000 0.00000000 -0.00000000
vn 0.00000000 0.00000000 0.00000000
vn 0.00000000 0.00000000 -0.00000000
vn 0.00000000 -0.00000000 0.00000000
vn -0.00000000 -0.00000000 -0.00000000
vn -0.00000000 -0.00000000 0.00000000
vn 0.00000000 -0.00000000 -0.00000000
vn 0.00000000 0.00000000 -0.00000000
vn 0.00000000 -0.00000000 -0.00000000
vn -0.00000000 -0.00000000 0.00000000
vn 0.00000000 0.00000000 -0.00000000
vn -0.00000000 -0.00000000 0.00000000
vn 0.00000000 0.00000000 0.00000000
vn 0.00000000 -0.00000000 0.00000000
vn -0.00000000 -0.00000000 0.00000000
vn 0.00000000 -0.00000000 0.00000000
vn 0.00000000 -0.00000000 0.00000000
vn -0.00000000 0.00000000 -0.00000000
vn 0.00000000 0.00000000 -0.00000000
vn 0.00000000 0.00000000 0.00000000
vn 0.00000000 -0.00000000 -0.00000000
vn -0.00000000 -0.00000000 0.00000000
vn 0.00000000 -0.00000000 -0.00000000
vn -0.00000000 0.00000000 0.00000000
vn -0.00000000 -0.00000000 0.00000000
vn 0.00000000 -0.00000000 -0.00000000
vn 0.00000000 0.00000000 -0.00000000
vn -0.00000000 0.00000000 0.00000000
vn 0.00000000 -0.00000000 0.00000000
vn -0.00000000 -0.00000000 0.00000000
vn 0.00000000 0.00000000 0.00000000
vn 0.00000000 0.00000000 0.00000000
vn -0.00000000 -0.00000000 -0.00000000
vn 0.00000000 -0.00000000 0.00000000
vn 0.00000000 -0.00000000 0.00000000
vn -0.00000000 0.00000000 -0.00000000
vn -0.00000000 -0.00000000 0.00000000
vn 0.00000000 0.00000000 0.00000000
vn -0.00000000 -0.00000000 -0.00000000
vn 0.00000000 0.00000000 0.00000000
vn 0.00000000 0.00000000 0.00000000
vn 0.00000000 0.00000000 0.00000000
vn -0.00000000 0.00000000 -0.00000000
vn -0.00000000 -0.00000000 0.00000000
vn 0.00000000 0.00000000 -0.00000000
vn -0.00000000 -0.00000000 -0.00000000
vn 0.00000000 0.00000000 -0.00000000
vn -0.00000000 0.00000000 0.00000000
vn 0.00000000 0.00000000 -0.00000000
vn 0.00000000 0.00000000 -0.00000000
vn 0.00000000 -0.00000000 0.00000000
vn -0.00000000 -0.00000000 0.00000000
vn -0.00000000 0.00000000 -0.00000000
vn -0.00000000 0.00000000 0.00000000
vn 0.00000000 0.00000000 0.00000000
vn 0.00000000 -0.00000000 -0.00000000
vn 0.00000000 0.00000000 0.00000000
vn -0.00000000 -0.00000000 -0.00000000
vn 0.00000000 0.00000000 -0.00000000
vn 0.00000000 0.00000000 -0.00000000
vn 0.00000000 0.00000000 0.00000000
vn 0.00000000 -0.00000000 0.00000000
vn 0.00000000 0.00000000 0.00000000
vn -0.00000000 0.00000000 -0.00000000
vn 0.00000000 -0.00000000 0.00000000
vn 0.00000000 0.00000000 0.00000000
vn -0.00000000 0.00000000 -0.00000000
vn 0.00000000 0.00000000 0.00000000
vn 0.00000000 -0.00000000 -0.00000000
vn 0.00000000 0.00000000 -0.00000000
vn -0.00000000 -0.00000000 0.00000000
vn -0.00000000 0.00000000 0.00000000
vn 0.00000000 -0.00000000 -0.00000000
vn -0.00000000 0.00000000 -0.00000000
vn 0.00000000 0.00000000 -0.00000000
vn 0.00000000 -0.00000000 0.00000000
vn -0.00000000 -0.00000000 -0.00000000
vn -0.00000000 0.00000000 0.00000000
vn 0.00000000 0.00000000 0.00000000
vn -0.00000000 -0.00000000 -0.00000000
vn -0.00000000 0.00000000 0.00000000
vn 0.00000000 0.00000000 0.00000000
vn 0.00000000 0.00000000 0.00000000
vn 0.00000000 0.00000000 0.00000000
vn -0.00000000 -0.00000000 0.00000000
vn 0.00000000 0.00000000 -0.00000000
vn 0.00000000 0.00000000 0.00000000
vn 0.00000000 -0.00000000 0.00000000
vn -0.00000000 0.00000000 -0.00000000
vn 0.00000000 -0.00000000 0.00000000
vn 0.00000000 0.00000000 0.00000000
vn 0.00000000 0.00000000 0.00000000
vn 0.00000000 -0.00000000 0.00000000
vn -0.00000000 0.00000000 0.00000000
vn -0.00000000 0.00000000 0.00000000
vn -0.00000000 0.00000000 0.00000000
vn 0.00000000 0.00000000 0.00000000
vn -0.00000000 -0.00000000 -0.00000000
vn -0.00000000 0.00000000 0.00000000
vn 0.00000000 0.00000000 0.00000000
vn 0.00000000 0.00000000 -0.00000000
vn -0.00000000 -0.00000000 -0.00000000
vn 0.00000000 -0.00000000 0.00000000
vn -0.00000000 0.00000000 0.00000000
vn -0.00000000 -0.00000000 0.00000000
vn 0.00000000 -0.00000000 -0.00000000
vn 0.00000000 0.00000000 0.00000000
vn 0.00000000 0.00000000 -0.00000000
vn 0.00000000 0.00000000 -0.00000000
vn -0.00000000 -0.00000000 0.00000000
vn -0.00000000 0.00000000 0.00000000
vn 0.00000000 0.00000000 -0.00000000
vn 0.00000000 -0.00000000 -0.00000000
vn 0.00000000 0.00000000 -0.00000000
vn 0.00000000 -0.00000000 0.00000000
vn -0.00000000 0.00000000 -0.00000000
vn 0.00000000 -0.00000000 -0.00000000
vn 0.00000000 0.00000000 0.00000000
vn 0.00000000 0.00000000 0.00000000
vn 0.00000000 -0.00000000 0.00000000
vn -0.00000000 -0.00000000 0.00000000
vn 0.00000000 -0.00000000 -0.00000000
vn -0.00000000 0.00000000 0.00000000
vn 0.00000000 0.00000000 -0.00000000
vn 0.00000000 0.00000000 0.00000000
vn 0.00000000 -0.00000000 0.00000000
vn 0.00000000 0.00000000 0.00000000
vn 0.00000000 0.00000000 0.00000000
vn -0.00000000 0.00000000 -0.00000000
vn 0.00000000 0.00000000 0.00000000
vn 0.00000000 0.00000000 0.00000000
vn 0.00000000 0.00000000 -0.00000000
vn -0.00000000 0.00000000 0.00000000
vn 0.00000000 0.00000000 0.00000000
vn -0.00000000 -0.00000000 0.00000000
vn 0.00000000 0.00000000 -0.00000000
vn 0.00000000 -0.00000000 0.00000000
vn 0.00000000 -0.00000000 0.00000000
vn -0.00000000 -0.00000000 0.00000000
vn 0.00000000 0.00000000 0.00000000
vn 0.00000000 0.00000000 -0.00000000
vn 0.00000000 0.00000000 -0.00000000
vn -0.00000000 -0.00000000 0.00000000
vn 0.00000000 0.00000000 -0.00000000
vn 0.00000000 0.00000000 -0.00000000
vn 0.00000000 0.00000000 0.00000000
vn -0.00000000 0.00000000 -0.00000000
vn 0.00000000 -0.00000000 0.00000000
vn 0.00000000 0.00000000 0.00000000
vn 0.00000000 0.00000000 -0.00000000
vn 0.00000000 0.00000000 -0.00000000
vn 0.00000000 -0.00000000 0.00000000
vn -0.00000000 -0.00000000 0.00000000
vn 0.00000000 0.00000000 -0.00000000
vn 0.00000000 0.00000000 -0.00000000
vn -0.00000000 0.00000000 0.00000000
vn 0.00000000 0.00000000 0.00000000
vn 0.00000000 -0.00000000 0.00000000
vn -0.00000000 0.00000000 -0.00000000
vn -0.00000000 0.00000000 0.00000000
vn 0.00000000 0.00000000 -0.00000000
vn 0.00000000 -0.00000000 -0.00000000
vn -0.00000000 -0.00000000 0.00000000
vn 0.00000000 0.00000000 -0.00000000
vn 0.00000000 0.00000000 0.00000000
vn 0.00000000 0.00000000 -0.00000000
vn 0.00000000 -0.00000000 0.00000000
vn 0.00000000 0.00000000 0.00000000
vn -0.00000000 0.00000000 0.00000000
vn 0.00000000 -0.00000000 0.00000000
vn -0.00000000 -0.00000000 -0.00000000
vn 0.00000000 0.00000000 0.00000000
vn -0.00000000 -0.00000000 0.00000000
vn 0.00000000 -0.00000000 -0.00000000
vn -0.00000000 0.00000000 0.00000000
vn -0.00000000 -0.00000000 0.00000000
vn 0.00000000 0.00000000 -0.00000000
vn -0.00000000 0.00000000 0.00000000
vn 0.00000000 -0.00000000 -0.00000000
vn 0.00000000 -0.00000000 0.00000000
vn 0.00000000 0.00000000 0.00000000
vn -0.00000000 -0.00000000 0.00000000
vn 0.00000000 -0.00000000 0.00000000
vn 0.00000000 -0.00000000 -0.00000000
vn 0.00000000 -0.00000000 0.00000000
vn 0.00000000 0.00000000 0.00000000
vn -0.00000000 -0.00000000 -0.00000000
vn 0.00000000 -0.00000000 -0.00000000
vn -0.00000000 0.00000000 0.00000000
vn 0.00000000 0.00000000 -0.00000000
vn -0.00000000 0.00000000 0.00000000
vn -0.00000000 0.00000000 -0.00000000
vn 0.00000000 0.00000000 0.00000000
vn -0.00000000 -0.00000000 0.00000000
vn 0.00000000 0.00000000 -0.00000000
vn 0.00000000 0.00000000 0.00000000
vn -0.00000000 0.00000000 -0.00000000
vn 0.00000000 -0.00000000 0.00000000
vn 0.00000000 -0.00000000 0.00000000
vn 0.00000000 0.00000000 0.00000000
vn 0.00000000 0.00000000 0.00000000
vn -0.00000000 0.00000000 -0.00000000
vn 0.00000000 0.00000000 0.00000000
vn 0.00000000 -0.00000000 0.00000000
vn 0.00000000 0.00000000 -0.00000000
vn 0.00000000 -0.00000000 -0.00000000
vn 0.00000000 0.00000000 0.00000000
vn -0.00000000 0.00000000 0.00000000
vn 0.00000000 0.00000000 -0.00000000
vn 0.00000000 -0.00000000 0.00000000
vn -0.00000000 -0.00000000 0.00000000
vn 0.00000000 -0.00000000 0.00000000
vn 0.00000000 -0.00000000 -0.00000000
vn -0.00000000 -0.00000000 0.00000000
vn 0.00000000 0.00000000 0.00000000
vn -0.00000000 -0.00000000 -0.00000000
vn 0.00000000 0.00000000 -0.00000000
vn 0.00000000 0.00000000 0.00000000
vn 0.00000000 -0.00000000 0.00000000
vn 0.00000000 0.00000000 0.00000000
vn 0.00000000 -0.00000000 -0.00000000
vn 0.00000000 0.00000000 -0.00000000
vn -0.00000000 -0.00000000 0.00000000
vn -0.00000000 0.00000000 0.00000000
vn -0.00000000 0.00000000 0.00000000
vn 0.00000000 -0.00000000 0.00000000
vn 0.00000000 0.00000000 0.00000000
vn 0.00000000 -0.00000000 -0.00000000
vn 0.00000000 0.00000000 0.00000000
vn 0.00000000 0.00000000 0.00000000
vn -0.00000000 -0.00000000 -0.00000000
vn 0.00000000 -0.00000000 -0.00000000
vn 0.00000000 0.00000000 0.00000000
vn 0.00000000 0.00000000 0.00000000
vn 0.00000000 -0.00000000 -0.00000000
vn -0.00000000 0.00000000 -0.00000000
vn -0.00000000 -0.00000000 0.00000000
vn 0.00000000 -0.00000000 0.00000000
vn -0.00000000 -0.00000000 -0.00000000
vn 0.00000000 0.00000000 0.00000000
vn -0.00000000 -0.00000000 0.00000000
vn 0.00000000 -0.00000000 0.00000000
vn 0.00000000 0.00000000 -0.00000000
vn 0.00000000 0.00000000 0.00000000
vn -0.00000000 -0.00000000 0.00000000
vn 0.00000000 0.00000000 0.00000000
vn 0.00000000 -0.00000000 0.00000000
vn 0.00000000 -0.00000000 0.00000000
vn 0.00000000 0.00000000 0.00000000
vn 0.00000000 0.00000000 -0.00000000
vn 0.00000000 -0.00000000 0.00000000
vn 0.00000000 -0.00000000 0.00000000
vn -0.00000000 0.00000000 -0.00000000
vn -0.00000000 0.00000000 0.00000000
vn 0.00000000 -0.00000000 -0.00000000
vn 0.00000000 0.00000000 -0.00000000
vn -0.00000000 -0.00000000 0.00000000
vn 0.00000000 0.00000000 -0.00000000
vn -0.00000000 -0.00000000 0.00000000
vn 0.00000000 0.00000000 -0.00000000
vn -0.00000000 -0.00000000 -0.00000000
vn 0.00000000 0.00000000 0.00000000
vn 0.00000000 0.00000000 0.00000000
vn 0.00000000 -0.00000000 0.00000000
vn 0.00000000 0.00000000 -0.00000000
vn -0.00000000 -0.00000000 -0.00000000
vn 0.00000000 0.00000000 0.00000000
vn 0.00000000 0.00000000 -0.00000000
vn 0.00000000 -0.00000000 0.00000000
vn -0.00000000 0.00000000 0.00000000
vn -0.00000000 -0.00000000 0.00000000
vn 0.00000000 0.00000000 -0.00000000
vn -0.00000000 -0.00000000 0.00000000
vn -0.00000000 -0.00000000 0.00000000
vn 0.00000000 -0.00000000 0.00000000
vn 0.00000000 -0.00000000 -0.00000000
vn -0.00000000 0.00000000 0.00000000
vn 0.00000000 -0.00000000 0.00000000
vn 0.00000000 -0.00000000 -0.00000000
vn 0.00000000 0.00000000 0.00000000
vn 0.00000000 -0.00000000 -0.00000000
vn -0.00000000 0.00000000 0.00000000
vn 0.00000000 0.00000000 0.00000000
vn -0.00000000 -0.00000000 -0.00000000
vn 0.00000000 0.00000000 0.00000000
vn -0.00000000 -0.00000000 -0.00000000
vn 0.00000000 -0.00000000 0.00000000
vn 0.00000000 0.00000000 0.00000000
vn 0.00000000 -0.00000000 0.00000000
vn 0.00000000 -0.00000000 0.00000000
vn -0.00000000 0.00000000 -0.00000000
vn -0.00000000 -0.00000000 0.00000000
vn 0.00000000 -0.00000000 -0.00000000
vn -0.00000000 -0.00000000 0.00000000
vn 0.00000000 0.00000000 -0.00000000
vn -0.00000000 0.00000000 0.00000000
vn -0.00000000 -0.00000000 0.00000000
vn 0.00000000 0.00000000 0.00000000
vn 0.00000000 0.00000000 -0.00000000
vn 0.00000000 -0.00000000 -0.00000000
vn -0.00000000 0.00000000 0.00000000
vn 0.00000000 0.00000000 -0.00000000
vn 0.00000000 -0.00000000 0.00000000
vn 0.00000000 -0.00000000 0.00000000
vn 0.00000000 0.00000000 0.00000000
vn -0.00000000 -0.00000000 -0.00000000
vn -0.00000000 0.00000000 -0.00000000
vn -0.00000000 0.00000000 0.00000000
vn 0.00000000 0.00000000 -0.00000000
vn -0.00000000 -0.00000000 0.00000000
vn 0.00000000 -0.00000000 0.00000000
vn 0.00000000 0.00000000 0.00000000
vn 0.00000000 -0.00000000 -0.00000000
vn -0.00000000 0.00000000 0.00000000
vn 0.00000000 0.00000000 -0.00000000
vn 0.00000000 0.00000000 -0.00000000
vn 0.00000000 0.00000000 0.00000000
vn -0.00212145 -0.99999775 0.00000000
vn -0.00000000 -0.00000000 0.00000000
vn 0.00000000 0.00000000 -0.00000000
vn 0.00000000 0.00000000 -0.00000000
vn -0.00000000 0.00000000 0.00000000
vn -0.00000000 0.00000000 -0.00000000
vn 0.00000000 0.00000000 0.00000000
vn -0.00000000 0.00000000 0.00000000
vn 0.00000000 -0.00000000 0.00000000
vn 0.00000000 -0.00000000 0.00000000
vn 0.00000000 -0.00000000 0.00000000
vn -0.00000000 0.00000000 -0.00000000
vn -0.00000000 0.00000000 -0.00000000
vn 0.00000000 -0.00000000 -0.00000000
vn 0.00000000 0.00000000 0.00000000
vn -0.00000000 0.00000000 -0.00000000
vn -0.00000000 -0.00000000 -0.00000000
vn 0.00000000 0.00000000 0.00000000
vn -0.00000000 -0.00000000 0.00000000
vn 0.00000000 1.00000000 0.00000000
vn 0.00000000 0.00000000 0.00000000
vn 0.00000000 -0.00000000 0.00000000
vn -0.00000000 -0.00000000 -0.00000000
vn -0.00000000 0.00000000 -0.00000000
vn 0.00000000 0.00000000 0.00000000
vn -0.00000000 0.00000000 0.00000000
vn 0.00000000 0.00000000 -0.00000000
vn 0.00000000 0.00000000 -0.00000000
vn -0.00000000 -0.00000000 0.00000000
vn -0.00000000 -0.00000000 -0.00000000
vn 0.00000000 0.00000000 -0.00000000
vn 0.00000000 0.00000000 0.00000000
vn -0.00000000 0.00000000 0.00000000
vn -0.00000000 -0.00000000 -0.00000000
vn -0.00000000 0.00000000 0.00000000
vn 0.00000000 0.00000000 -0.00000000
vn 0.00000000 -0.00000000 -0.00000000
vn -0.00000000 -0.00000000 0.00000000
vn 0.00000000 1.00000000 0.00000000
vn -0.00000000 -0.00000000 0.00000000
vn -0.00000000 0.00000000 0.00000000
vn 0.00000000 -0.00000000 -0.00000000
vn -0.00000000 0.00000000 0.00000000
vn -0.00000000 -0.00000000 0.00000000
vn 0.00000000 -0.00000000 -0.00000000
vn -0.00000000 0.00000000 0.00000000
vn 0.00000000 0.00000000 0.00000000
vn 0.00000000 -0.00000000 -0.00000000
vn -0.00000000 0.00000000 -0.00000000
vn 0.00000000 0.00000000 0.00000000
vn 0.00000000 -0.00000000 0.00000000
vn -0.00000000 0.00000000 -0.00000000
vn 0.00000000 0.00000000 0.00000000
vn -0.00000000 -0.00000000 -0.00000000
vn -0.00000000 0.00000000 0.00000000
vn -0.00000000 0.00000000 -0.00000000
vn 0.00000000 0.00000000 0.00000000
vn 0.00000000 0.00000000 0.00000000
vn 0.00000000 0.00000000 0.00000000
vn 0.00000000 -0.00000000 0.00000000
vn -0.00000000 0.00000000 0.00000000
vn -0.00000000 0.00000000 -0.00000000
vn 0.00000000 0.00000000 0.00000000
vn -0.00000000 -0.00000000 0.00000000
vn 0.00000000 0.00000000 0.00000000
vn 0.00000000 -0.00000000 -0.00000000
vn 0.00000000 0.00000000 0.00000000
vn 0.00000000 0.00000000 -0.00000000
vn 0.00000000 0.00000000 0.00000000
vn -0.00000000 -0.00000000 0.00000000
vn 0.00000000 -0.00000000 0.00000000
vn 0.00000000 0.00000000 -0.00000000
vn 0.00000000 -0.00000000 0.00000000
vn 0.00000000 0.00000000 -0.00000000
vn 0.00000000 0.00000000 0.00000000
vn -0.00049342 0.99999988 0.00000000
vn -0.00243111 -0.99999704 0.00000000
vn 0.00000000 -0.00000000 -0.00000000
vn 0.00000000 0.00000000 -0.00000000
vn -0.00000000 -0.00000000 -0.00000000
vn -0.00000000 0.00000000 0.00000000
vn 0.00000000 -0.00000000 0.00000000
vn -0.00000000 -0.00000000 0.00000000
vn -0.00000000 -0.00000000 -0.00000000
vn 0.00000000 0.00000000 0.00000000
vn -0.00000000 0.00000000 -0.00000000
vn 0.00000000 -0.00000000 0.00000000
vn 0.00000000 -0.00000000 -0.00000000
vn 0.00000000 0.00000000 0.00000000
vn 0.00000000 0.00000000 0.00000000
vn -0.00000000 0.00000000 -0.00000000
vn -0.00000000 -0.00000000 -0.00000000
vn -0.00000000 0.00000000 0.00000000
vn 0.00000000 -0.00000000 0.00000000
vn 0.00000000 -0.00000000 0.00000000
vn 0.00000000 0.00000000 -0.00000000
vn 0.00284090 0.99999596 -0.00005919
vn -0.00000000 0.00000000 0.00000000
vn -0.00000000 0.00000000 0.00000000
vn 0.00000000 0.00000000 -0.00000000
vn -0.00000000 -0.00000000 -0.00000000
vn 0.00000000 -0.00000000 0.00000000
vn 0.00000000 0.00000000 0.00000000
vn 0.00000000 -0.00000000 0.00000000
vn -0.00000000 0.00000000 -0.00000000
vn -0.00000000 0.00000000 0.00000000
vn 0.00000000 -0.00000000 -0.00000000
vn 0.00000000 0.00000000 -0.00000000
vn -0.00000000 -0.00000000 0.00000000
vn -0.00000000 0.00000000 0.00000000
vn 0.00000000 0.00000000 0.00000000
vn 0.00000000 -0.00000000 -0.00000000
vn 0.00000000 0.00000000 -0.00000000
vn -0.00000897 -0.99999736 0.00229568
vn -0.00000000 -0.00000000 -0.00000000
vn 0.00000000 0.00000000 0.00000000
vn -0.00000000 -0.00000000 -0.00000000
vn 0.00000000 -0.00000000 0.00000000
vn 0.00000000 -0.00000000 -0.00000000
vn -0.00000000 0.00000000 -0.00000000
vn 0.00000000 0.00000000 0.00000000
vn 0.00000000 0.00000000 0.00000000
vn 0.00000000 -0.00000000 0.00000000
vn 0.00000000 0.00000000 0.00000000
vn -0.00000000 0.00000000 0.00000000
vn -0.00000000 -0.00000000 -0.00000000
vn 0.00000000 0.00000000 0.00000000
vn 0.00000000 0.00000000 -0.00000000
vn 0.00000000 0.00000000 -0.00000000
vn 0.00000000 0.00000000 0.00000000
vn -0.00000000 -0.00000000 0.00000000
vn -0.00000000 -0.00000000 0.00000000
vn -0.00000000 0.00000000 0.00000000
vn 0.00000000 0.00000000 -0.00000000
vn 0.00000000 0.00000000 0.00000000
vn 0.00000000 -0.00000000 0.00000000
vn 0.00000000 0.00000000 0.00000000
vn 0.00000000 0.00000000 -0.00000000
vn -0.00000000 0.00000000 0.00000000
vn 0.00000000 -0.00000000 -0.00000000
vn 0.00000000 0.00000000 -0.00000000
vn 0.00000000 0.00000000 0.00000000
vn 0.00000000 -0.00000000 0.00000000
vn 0.00000000 0.00000000 -0.00000000
vn -0.00000000 -0.00000000 0.00000000
vn 0.00000000 0.00000000 0.00000000
vn 0.00000000 -0.00000000 -0.00000000
vn -0.00000000 0.00000000 0.00000000
vn 0.00000000 -0.00000000 -0.00000000
vn -0.00000000 -0.00000000 0.00000000
vn 0.00000000 0.00000000 -0.00000000
vn 0.00000000 0.00000000 -0.00000000
vn 0.00000000 -0.00000000 -0.00000000
vn 0.00000000 0.00000000 0.00000000
vn -0.00000000 0.00000000 0.00000000
vn 0.00000000 -0.00000000 0.00000000
vn 0.00000000 0.00000000 0.00000000
vn 0.00000000 0.00000000 0.00000000
vn 0.00000000 0.00000000 0.00000000
vn 0.00000000 -0.00000000 0.00000000
vn 0.00000000 0.00000000 0.00000000
vn 0.00000000 0.00000000 -0.00000000
vn 0.00000000 -0.00000000 -0.00000000
vn -0.00000000 0.00000000 0.00000000
vn -0.00000000 0.00000000 0.00000000
vn 0.00000000 0.00000000 0.00000000
vn -0.00000000 -0.00000000 -0.00000000
vn 0.00000000 -0.00000000 0.00000000
vn 0.00000000 0.00000000 0.00000000
vn -0.00000000 0.00000000 0.00000000
vn -0.00000000 -0.00000000 -0.00000000
vn 0.00000000 0.00000000 -0.00000000
vn -0.00000000 0.00000000 0.00000000
vn -0.00000000 0.00000000 0.00000000
vn 0.00000000 -0.00000000 0.00000000
vn -0.00000000 -0.00000000 -0.00000000
vn 0.00000000 0.00000000 0.00000000
vn -0.00000000 0.00000000 0.00000000
vn -0.00000000 -0.00000000 -0.00000000
vn 0.00000000 0.00000000 -0.00000000
vn -0.00000000 -0.00000000 0.00000000
vn 0.00000000 -0.00000000 0.00000000
vn 0.00000000 -0.00000000 0.00000000
vn 0.00000000 0.00000000 0.00000000
vn -0.00000000 -0.00000000 0.00000000
vn -0.00000000 -0.00000000 0.00000000
vn 0.00000000 -0.00000000 -0.00000000
vn -0.00000000 -0.00000000 -0.00000000
vn 0.00000000 0.00000000 0.00000000
vn 0.00000000 -0.00000000 0.00000000
vn 0.00000000 -0.00000000 0.00000000
vn -0.00000000 0.00000000 -0.00000000
vn -0.00000000 0.00000000 0.00000000
vn 0.00000000 -0.00000000 -0.00000000
vn -0.00000000 0.00000000 0.00000000
vn -0.00000000 -0.00000000 -0.00000000
vn 0.00000000 -0.00000000 -0.00000000
vn 0.00000000 -0.00000000 0.00000000
vn -0.00000000 0.00000000 0.00000000
vn 0.00000000 0.00000000 0.00000000
vn -0.00000000 -0.00000000 0.00000000
vn 0.00000000 -0.00000000 0.00000000
vn 0.00000000 -0.00000000 0.00000000
vn 0.00000000 -0.00000000 -0.00000000
vn 0.00000000 0.00000000 0.00000000
vn 0.00000000 0.00000000 0.00000000
vn -0.00000000 -0.00000000 -0.00000000
vn 0.00000000 0.00000000 0.00000000
vn 0.00000000 0.00000000 0.00000000
vn 0.00000000 -0.00000000 0.00000000
vn -0.00000000 -0.00000000 -0.00000000
vn 0.00000000 0.00000000 0.00000000
vn 0.00000000 -0.00000000 0.00000000
vn -0.00000000 -0.00000000 0.00000000
vn 0.00000000 0.00000000 0.00000000
vn 0.00000000 -0.00000000 0.00000000
vn 0.00000000 0.00000000 -0.00000000
vn -0.00000000 0.00000000 -0.00000000
vn -0.00000000 0.00000000 0.00000000
vn 0.00000000 0.00000000 -0.00000000
vn 0.00000000 0.00000000 0.00000000
vn -0.00000000 -0.00000000 -0.00000000
vn 0.00000000 0.00000000 0.00000000
vn -0.00000000 0.00000000 -0.00000000
vn 0.00000000 -0.00000000 0.00000000
vn -0.00000000 0.00000000 0.00000000
vn 0.00000000 -0.00000000 0.00000000
vn 0.00000000 0.00000000 0.00000000
vn -0.00000000 0.00000000 -0.00000000
vn 0.00000000 -0.00000000 0.00000000
vn 0.00000000 -0.00000000 0.00000000
vn 0.00000000 0.00000000 0.00000000
vn 0.00000000 -0.00000000 -0.00000000
vn 0.00000000 0.00000000 0.00000000
vn -0.00000000 -0.00000000 0.00000000
vn -0.00000000 -0.00000000 0.00000000
vn -0.00000000 0.00000000 -0.00000000
vn 0.00000000 0.00000000 0.00000000
vn 0.00000000 -0.00000000 0.00000000
vn -0.00000000 -0.00000000 -0.00000000
vn 0.00000000 0.00000000 0.00000000
vn -0.00000000 -0.00000000 -0.00000000
vn 0.00000000 -0.00000000 -0.00000000
vn -0.00000000 0.00000000 -0.00000000
vn 0.00000000 -0.00000000 0.00000000
vn -0.00000000 -0.00000000 0.00000000
vn 0.00000000 0.00000000 0.00000000
vn 0.00000000 0.00000000 -0.00000000
vn -0.00000000 -0.00000000 0.00000000
vn -0.00000000 -0.00000000 0.00000000
vn -0.00000000 -0.00000000 -0.00000000
vn 0.00000000 0.00000000 -0.00000000
vn 0.00000000 0.00000000 0.00000000
vn -0.00000000 0.00000000 -0.00000000
vn 0.00000000 -0.00000000 0.00000000
vn 0.00000000 -0.00000000 0.00000000
vn -0.00000000 0.00000000 -0.00000000
vn 0.00000000 0.00000000 -0.00000000
vn 0.00000000 -0.00000000 0.00000000
vn -0.00000000 -0.00000000 0.00000000
vn 0.00000000 0.00000000 0.00000000
vn 0.00000000 0.00000000 0.00000000
vn 0.00000000 -0.00000000 -0.00000000
vn 0.00000000 0.00000000 0.00000000
vn -0.00000000 0.00000000 0.00000000
vn 0.00000000 -0.00000000 0.00000000
vn 0.00000000 -0.00000000 0.00000000
vn -0.00000000 0.00000000 0.00000000
vn 0.00000000 -0.00000000 0.00000000
vn 0.00000000 -0.00000000 -0.00000000
vn -0.00000000 0.00000000 0.00000000
vn 0.00000000 0.00000000 0.00000000
vn 0.00000000 0.00000000 0.00000000
vn -0.00000000 0.00000000 -0.00000000
vn 0.00000000 -0.00000000 0.00000000
vn 0.00000000 0.00000000 -0.00000000
vn -0.00000000 -0.00000000 0.00000000
vn 0.00000000 0.00000000 -0.00000000
vn 0.00000000 0.00000000 -0.00000000
vn -0.00000000 -0.00000000 0.00000000
vn 0.00000000 0.00000000 0.00000000
vn 0.00000000 0.00000000 -0.00000000
vn 0.00000000 -0.00000000 0.00000000
vn -0.00000000 -0.00000000 0.00000000
vn -0.00000000 0.00000000 0.00000000
vn 0.00000000 0.00000000 0.00000000
vn 0.00000000 0.00000000 0.00000000
vn 0.00000000 0.00000000 0.00000000
vn 0.00000000 0.00000000 0.00000000
vn -0.00000000 -0.00000000 -0.00000000
vn 0.00000000 -0.00000000 0.00000000
vn -0.00000000 0.00000000 -0.00000000
vn -0.00000000 0.00000000 0.00000000
vn 0.00000000 -0.00000000 -0.00000000
vn -0.00000000 -0.00000000 -0.00000000
vn -0.00000000 0.00000000 0.00000000
vn -0.00000000 0.00000000 -0.00000000
vn -0.00000000 -0.00000000 0.00000000
vn 0.00000000 0.00000000 -0.00000000
vn -0.00000000 0.00000000 0.00000000
vn -0.00000000 -0.00000000 0.00000000
vn 0.00000000 0.00000000 -0.00000000
vn -0.00000000 0.00000000 -0.00000000
vn 0.00000000 0.00000000 0.00000000
vn 0.00000000 0.00000000 -0.00000000
vn 0.00000000 0.00000000 -0.00000000
vn -0.00000000 -0.00000000 0.00000000
vn -0.00000000 -0.00000000 -0.00000000
vn -0.00000000 0.00000000 0.00000000
vn 0.00000000 -0.00000000 0.00000000
vn 0.00000000 0.00000000 -0.00000000
vn 0.00000000 0.00000000 0.00000000
vn -0.00000000 -0.00000000 0.00000000
vn 0.00000000 -0.00000000 -0.00000000
vn -0.00000000 0.00000000 -0.00000000
vn 0.00000000 -0.00000000 0.00000000
vn 0.00000000 0.00000000 -0.00000000
vn -0.00000000 -0.00000000 0.00000000
vn 0.00000000 0.00000000 0.00000000
vn -0.00000000 -0.00000000 -0.00000000
vn 0.00000000 0.00000000 0.00000000
vn -0.00000000 -0.00000000 0.00000000
vn 0.00000000 -0.00000000 -0.00000000
vn -0.00000000 -0.00000000 0.00000000
vn -0.00000000 -0.00000000 -0.00000000
vn 0.00000000 -0.00000000 0.00000000
vn -0.00000000 0.00000000 -0.00000000
vn 0.00000000 -0.00000000 -0.00000000
vn -0.00000000 -0.00000000 0.00000000
vn -0.00000000 0.00000000 0.00000000
vn 0.00000000 -0.00000000 0.00000000
vn 0.00000000 0.00000000 0.00000000
vn 0.00000000 0.00000000 0.00000000
vn 0.00000000 -0.00000000 0.00000000
vn -0.00000000 -0.00000000 0.00000000
vn 0.00000000 -0.00000000 -0.00000000
vn 0.00000000 -0.00000000 0.00000000
vn -0.00000000 -0.00000000 0.00000000
vn 0.00000000 0.00000000 -0.00000000
vn 0.00000000 0.00000000 -0.00000000
vn -0.00000000 -0.00000000 -0.00000000
vn 0.00000000 -0.00000000 0.00000000
vn 0.00000000 0.00000000 0.00000000
vn -0.00000000 -0.00000000 0.00000000
vn 0.00000000 0.00000000 -0.00000000
vn 0.00000000 -0.00000000 -0.00000000
vn -0.00000000 -0.00000000 0.00000000
vn 0.00000000 0.00000000 0.00000000
vn -0.00000000 -0.00000000 0.00000000
vn 0.00000000 -0.00000000 0.00000000
vn 0.00000000 0.00000000 0.00000000
vn 0.00000000 0.00000000 -0.00000000
vn 0.00000000 -0.00000000 -0.00000000
vn -0.00000000 -0.00000000 0.00000000
vn 0.00000000 0.00000000 -0.00000000
vn 0.00000000 0.00000000 0.00000000
vn -0.00000000 -0.00000000 0.00000000
vn 0.00000000 0.00000000 -0.00000000
vn -0.00000000 0.00000000 0.00000000
vn -0.00000000 -0.00000000 0.00000000
vn 0.00000000 0.00000000 0.00000000
vn -0.00000000 0.00000000 -0.00000000
vn 0.00000000 -0.00000000 0.00000000
vn 0.00000000 0.00000000 0.00000000
vn 0.00000000 0.00000000 -0.00000000
vn -0.00000000 -0.00000000 -0.00000000
vn -0.00000000 -0.00000000 0.00000000
vn 0.00000000 -0.00000000 -0.00000000
vn 0.00000000 0.00000000 0.00000000
vn 0.00000000 0.00000000 0.00000000
vn -0.00000000 -0.00000000 -0.00000000
vn 0.00000000 -0.00000000 -0.00000000
vn 0.00000000 -0.00000000 0.00000000
vn -0.00000000 0.00000000 0.00000000
vn -0.00000000 0.00000000 -0.00000000
vn -0.00000000 0.00000000 -0.00000000
vn 0.00000000 -0.00000000 0.00000000
vn 0.00000000 0.00000000 -0.00000000
vn -0.00000000 -0.00000000 0.00000000
vn -0.00000000 0.00000000 -0.00000000
vn 0.00000000 0.00000000 0.00000000
vn 0.00000000 0.00000000 0.00000000
vn 0.00000000 -0.00000000 -0.00000000
vn 0.00000000 0.00000000 -0.00000000
vn -0.00000000 -0.00000000 0.00000000
vn -0.00000000 0.00000000 0.00000000
vn 0.00000000 -0.00000000 -0.00000000
vn 0.00000000 0.00000000 -0.00000000
vn -0.00000000 -0.00000000 0.00000000
vn -0.00000000 0.00000000 0.00000000
vn 0.00000000 0.00000000 0.00000000
vn 0.00000000 -0.00000000 0.00000000
vn -0.00000000 0.00000000 0.00000000
vn -0.00000000 0.00000000 0.00000000
vn -0.00000000 -0.00000000 -0.00000000
vn -0.00000000 0.00000000 -0.00000000
vn -0.00000000 0.00000000 0.00000000
vn -0.00000000 0.00000000 -0.00000000
vn 0.00000000 0.00000000 0.00000000
vn 0.00000000 -0.00000000 -0.00000000
vn 0.00000000 0.00000000 0.00000000
vn 0.00000000 0.00000000 -0.00000000
vn 0.00000000 0.00000000 0.00000000
vn 0.00000000 -0.00000000 0.00000000
vn -0.00000000 -0.00000000 -0.00000000
vn 0.00000000 0.00000000 0.00000000
vn 0.00000000 0.00000000 -0.00000000
vn 0.00000000 0.00000000 0.00000000
vn -0.00000000 -0.00000000 0.00000000
vn 0.00000000 0.00000000 -0.00000000
vn 0.00000000 -0.00000000 0.00000000
vn -0.00000000 -0.00000000 -0.00000000
vn -0.00000000 0.00000000 0.00000000
vn -0.00000000 0.00000000 0.00000000
vn 0.00000000 0.00000000 -0.00000000
vn 0.00000000 -0.00000000 0.00000000
vn 0.00000000 -0.00000000 0.00000000
vn -0.00000000 0.00000000 -0.00000000
vn 0.00000000 0.00000000 0.00000000
vn 0.00000000 0.00000000 -0.00000000
vn 0.00000000 -0.00000000 0.00000000
vn -0.00000000 0.00000000 0.00000000
vn -0.00000000 -0.00000000 -0.00000000
vn 0.00000000 0.00000000 0.00000000
vn 0.00000000 0.00000000 0.00000000
vn 0.00000000 -0.00000000 -0.00000000
vn 0.00000000 -0.00000000 -0.00000000
vn -0.00000000 -0.00000000 0.00000000
vn -0.00000000 -0.00000000 0.00000000
vn -0.00000000 -0.00000000 -0.00000000
vn 0.00000000 -0.00000000 0.00000000
vn -0.00000000 0.00000000 0.00000000
vn -0.00000000 0.00000000 0.00000000
vn 0.00000000 -0.00000000 0.00000000
vn 0.00000000 -0.00000000 -0.00000000
vn 0.00000000 0.00000000 0.00000000
vn 0.00000000 0.00000000 -0.00000000
vn 0.00000000 -0.00000000 0.00000000
vn -0.00000000 0.00000000 0.00000000
vn 0.00000000 0.00000000 -0.00000000
vn 0.00000000 0.00000000 0.00000000
vn 0.00000000 -0.00000000 0.00000000
vn -0.00000000 -0.00000000 0.00000000
vn -0.00000000 -0.00000000 -0.00000000
vn -0.00000000 0.00000000 0.00000000
vn 0.00000000 0.00000000 -0.00000000
vn -0.00000000 0.00000000 0.00000000
vn 0.00000000 -0.00000000 -0.00000000
vn -0.00000000 0.00000000 0.00000000
vn -0.00000000 0.00000000 -0.00000000
vn 0.00000000 -0.00000000 -0.00000000
vn 0.00000000 0.00000000 0.00000000
vn 0.00000000 -0.00000000 0.00000000
vn 0.00000000 0.00000000 0.00000000
vn -0.00000000 -0.00000000 -0.00000000
vn 0.00000000 -0.00000000 0.00000000
vn 0.00000000 0.00000000 0.00000000
vn 0.00000000 -0.00000000 0.00000000
vn -0.00000000 0.00000000 -0.00000000
vn 0.00000000 0.00000000 0.00000000
vn 0.00000000 -0.00000000 0.00000000
vn 0.00000000 0.00000000 0.00000000
vn -0.00000000 -0.00000000 -0.00000000
vn -0.00000000 -0.00000000 0.00000000
vn 0.00000000 0.00000000 0.00000000
vn -0.00000000 0.00000000 -0.00000000
vn -0.00000000 0.00000000 -0.00000000
vn 0.00000000 0.00000000 0.00000000
vn 0.00000000 0.00000000 0.00000000
vn 0.00000000 0.00000000 -0.00000000
vn -0.00000000 0.00000000 0.00000000
vn 0.00000000 -0.00000000 0.00000000
vn 0.00000000 0.00000000 -0.00000000
vn -0.00000000 0.00000000 -0.00000000
vn -0.00000000 -0.00000000 -0.00000000
vn -0.00000000 0.00000000 0.00000000
vn 0.00000000 0.00000000 0.00000000
vn -0.00000000 -0.00000000 0.00000000
vn 0.00000000 -0.00000000 -0.00000000
vn 0.00000000 -0.00000000 0.00000000
vn 0.00000000 0.00000000 0.00000000
vn 0.00000000 -0.00000000 -0.00000000
vn 0.00000000 0.00000000 0.00000000
vn 0.00000000 -0.00000000 -0.00000000
vn -0.00000000 -0.00000000 0.00000000
vn -0.00000000 0.00000000 0.00000000
vn -0.00000000 0.00000000 -0.00000000
vn 0.00000000 -0.00000000 -0.00000000
vn -0.00000000 -0.00000000 0.00000000
vn 0.00000000 0.00000000 -0.00000000
vn 0.00000000 0.00000000 -0.00000000
vn 0.00000000 0.00000000 -0.00000000
vn -0.00000000 -0.00000000 0.00000000
vn 0.00000000 0.00000000 -0.00000000
vn 0.00000000 0.00000000 -0.00000000
vn 0.00000000 -0.00000000 0.00000000
vn -0.00000000 0.00000000 -0.00000000
vn -0.00000000 0.00000000 0.00000000
vn 0.00000000 0.00000000 0.00000000
vn 0.00000000 0.00000000 0.00000000
vn -0.00000000 0.00000000 -0.00000000
vn -0.00000000 0.00000000 -0.00000000
vn 0.00000000 0.00000000 0.00000000
vn -0.00000000 -0.00000000 -0.00000000
vn 0.00000000 0.00000000 0.00000000
vn -0.00000000 -0.00000000 -0.00000000
vn 0.00000000 0.00000000 -0.00000000
vn 0.00000000 -0.00000000 0.00000000
vn 0.00000000 0.00000000 0.00000000
vn -0.00000000 0.00000000 -0.00000000
vn 0.00000000 -0.00000000 -0.00000000
vn 0.00000000 -0.00000000 0.00000000
vn -0.00000000 0.00000000 -0.00000000
vn 0.00000000 0.00000000 -0.00000000
vn 0.00000000 -0.00000000 -0.00000000
vn 0.00000000 0.00000000 -0.00000000
vn -0.00000000 0.00000000 0.00000000
vn 0.00000000 0.00000000 -0.00000000
vn -0.00000000 -0.00000000 0.00000000
vn 0.00000000 -0.00000000 -0.00000000
vn -0.00000000 -0.00000000 0.00000000
vn 0.00000000 -0.00000000 -0.00000000
vn 0.00000000 0.00000000 0.00000000
vn 0.00000000 0.00000000 0.00000000
vn 0.00000000 -0.00000000 0.00000000
vn -0.00000000 -0.00000000 -0.00000000
vn 0.00000000 0.00000000 0.00000000
vn 0.00000000 0.00000000 0.00000000
vn 0.00000000 -0.00000000 -0.00000000
vn -0.00000000 0.00000000 0.00000000
vn 0.00000000 -0.00000000 -0.00000000
vn -0.00000000 0.00000000 0.00000000
vn 0.00000000 -0.00000000 -0.00000000
vn -0.00000000 0.00000000 0.00000000
vn 0.00000000 0.00000000 0.00000000
vn 0.00000000 -0.00000000 -0.00000000
vn 0.00000000 -0.00000000 0.00000000
vn 0.00000000 0.00000000 -0.00000000
vn 0.00000000 -0.00000000 -0.00000000
vn -0.00000000 0.00000000 0.00000000
vn 0.00000000 -0.00000000 -0.00000000
vn 0.00000000 -0.00000000 0.00000000
vn 0.00000000 0.00000000 -0.00000000
vn 0.00000000 0.00000000 0.00000000
vn 0.00000000 -0.00000000 -0.00000000
vn -0.00000000 -0.00000000 -0.00000000
vn 0.00000000 0.00000000 0.00000000
vn -0.00000000 -0.00000000 0.00000000
vn -0.00000000 0.00000000 -0.00000000
vn 0.00000000 0.00000000 0.00000000
vn 0.00000000 0.00000000 0.00000000
vn -0.00000000 0.00000000 -0.00000000
vn 0.00000000 0.00000000 0.00000000
vn 0.00000000 0.00000000 -0.00000000
vn 0.00000000 0.00000000 0.00000000
vn -0.00000000 0.00000000 0.00000000
vn 0.00000000 -0.00000000 -0.00000000
vn 0.00000000 0.00000000 0.00000000
vn -0.00000000 0.00000000 -0.00000000
vn -0.00000000 0.00000000 -0.00000000
vn -0.00000000 0.00000000 0.00000000
vn 0.00000000 0.00000000 -0.00000000
vn 0.00000000 0.00000000 -0.00000000
vn -0.00000000 -0.00000000 0.00000000
vn 0.00000000 0.00000000 -0.00000000
vn 0.00000000 0.00000000 0.00000000
vn -0.00000000 -0.00000000 0.00000000
vn 0.00000000 0.00000000 -0.00000000
vn 0.00000000 0.00000000 0.00000000
vn -0.00000000 0.00000000 -0.00000000
vn 0.00000000 0.00000000 0.00000000
vn 0.00000000 -0.00000000 0.00000000
vn 0.00000000 0.00000000 -0.00000000
vn 0.00000000 -0.00000000 -0.00000000
vn -0.00000000 0.00000000 -0.00000000
vn -0.00000000 -0.00000000 -0.00000000
vn 0.00000000 -0.00000000 0.00000000
vn -0.00000000 0.00000000 -0.00000000
vn 0.00000000 -0.00000000 0.00000000
vn -0.00000000 -0.00000000 -0.00000000
vn -0.00000000 0.00000000 -0.00000000
vn 0.00000000 0.00000000 0.00000000
vn -0.00000000 -0.00000000 0.00000000
vn 0.00000000 0.00000000 0.00000000
vn 0.00000000 -0.00000000 0.00000000
vn 0.00000000 0.00000000 0.00000000
vn -0.00000000 -0.00000000 0.00000000
vn -0.00000000 0.00000000 0.00000000
vn 0.00000000 -0.00000000 -0.00000000
vn 0.00000000 0.00000000 0.00000000
vn 0.00000000 -0.00000000 -0.00000000
vn 0.00000000 0.00000000 -0.00000000
vn -0.00000000 0.00000000 0.00000000
vn -0.00000000 0.00000000 0.00000000
vn -0.00000000 0.00000000 0.00000000
vn 0.00000000 0.00000000 -0.00000000
vn 0.00000000 -0.00000000 -0.00000000
vn 0.00000000 0.00000000 -0.00000000
vn 0.00000000 0.00000000 0.00000000
vn 0.00000000 -0.00000000 0.00000000
vn 0.00000000 0.00000000 0.00000000
vn 0.00000000 -0.00000000 0.00000000
vn -0.00000000 -0.00000000 -0.00000000
vn 0.00000000 -0.00000000 -0.00000000
vn -0.00000000 0.00000000 0.00000000
vn -0.00000000 0.00000000 0.00000000
vn -0.00000000 -0.00000000 0.00000000
vn 0.00000000 -0.00000000 0.00000000
vn 0.00000000 0.00000000 0.00000000
vn -0.00000000 -0.00000000 -0.00000000
vn 0.00000000 0.00000000 0.00000000
vn 0.00000000 0.00000000 0.00000000
vn -0.00000000 -0.00000000 0.00000000
vn 0.00000000 0.00000000 -0.00000000
vn 0.00000000 0.00000000 0.00000000
vn -0.00000000 0.00000000 0.00000000
vn 0.00000000 0.00000000 0.00000000
vn 0.00000000 -0.00000000 -0.00000000
vn -0.00000000 0.00000000 0.00000000
vn 0.00000000 0.00000000 0.00000000
vn -0.00000000 0.00000000 0.00000000
vn 0.00000000 -0.00000000 -0.00000000
vn -0.00000000 -0.00000000 0.00000000
vn 0.00000000 -0.00000000 -0.00000000
vn -0.00000000 0.00000000 0.00000000
vn -0.00000000 -0.00000000 0.00000000
vn 0.00000000 0.00000000 -0.00000000
vn 0.00000000 0.00000000 0.00000000
vn 0.00000000 -0.00000000 0.00000000
vn -0.00000000 -0.00000000 0.00000000
vn 0.00000000 0.00000000 -0.00000000
vn -0.00000000 -0.00000000 0.00000000
vn -0.00000000 -0.00000000 0.00000000
vn 0.00000000 0.00000000 0.00000000
vn 0.00000000 0.00000000 -0.00000000
vn -0.00000000 0.00000000 0.00000000
vn -0.00000000 -0.00000000 0.00000000
vn -0.00000000 0.00000000 -0.00000000
vn -0.00000000 -0.00000000 -0.00000000
vn 0.00000000 0.00000000 0.00000000
vn 0.00000000 0.00000000 0.00000000
vn -0.00000000 -0.00000000 -0.00000000
vn 0.00000000 -0.00000000 0.00000000
vn 0.00000000 0.00000000 0.00000000
vn 0.00000000 -0.00000000 0.00000000
vn 0.00000000 -0.00000000 -0.00000000
vn -0.00000000 -0.00000000 0.00000000
vn 0.00000000 -0.00000000 -0.00000000
vn -0.00000000 -0.00000000 0.00000000
vn 0.00000000 0.00000000 -0.00000000
vn -0.00000000 -0.00000000 0.00000000
vn -0.00000000 0.00000000 0.00000000
vn 0.00000000 -0.00000000 -0.00000000
vn 0.00000000 -0.00000000 -0.00000000
vn -0.00000000 0.00000000 -0.00000000
vn 0.00000000 -0.00000000 0.00000000
vn 0.00000000 0.00000000 0.00000000
vn 0.00000000 0.00000000 0.00000000
vn -0.00000000 0.00000000 0.00000000
vn -0.00000000 0.00000000 -0.00000000
vn -0.00000000 0.00000000 0.00000000
vn 0.00000000 -0.00000000 -0.00000000
vn 0.00000000 -0.00000000 -0.00000000
vn 0.00000000 -0.00000000 0.00000000
vn -0.00000000 0.00000000 -0.00000000
vn 0.00000000 0.00000000 0.00000000
vn 0.00000000 -0.00000000 -0.00000000
vn -0.00000000 -0.00000000 0.00000000
vn -0.00000000 -0.00000000 0.00000000
vn 0.00000000 0.00000000 -0.00000000
vn -0.00000000 -0.00000000 0.00000000
vn 0.00000000 0.00000000 -0.00000000
vn 0.00000000 -0.00000000 0.00000000
vn -0.00000000 -0.00000000 -0.00000000
vn 0.00000000 -0.00000000 -0.00000000
vn -0.00000000 0.00000000 -0.00000000
vn 0.00000000 0.00000000 0.00000000
vn 0.00000000 -0.00000000 -0.00000000
vn -0.00000000 0.00000000 -0.00000000
vn 0.00000000 0.00000000 -0.00000000
vn 0.00000000 -0.00000000 -0.00000000
vn -0.00000000 0.00000000 0.00000000
vn 0.00000000 0.00000000 -0.00000000
vn -0.00000000 -0.00000000 0.00000000
vn -0.00000000 0.00000000 0.00000000
vn 0.00000000 0.00000000 -0.00000000
vn 0.00000000 -0.00000000 0.00000000
vn 0.00000000 -0.00000000 0.00000000
vn -0.00000000 0.00000000 0.00000000
vn -0.00000000 0.00000000 -0.00000000
vn 0.00000000 0.00000000 0.00000000
vn -0.00000000 0.00000000 -0.00000000
vn -0.00000000 0.00000000 0.00000000
vn 0.00000000 0.00000000 0.00000000
vn 0.00000000 -0.00000000 -0.00000000
vn -0.00000000 -0.00000000 0.00000000
vn 0.00000000 0.00000000 0.00000000
vn 0.93060592 -0.36601143 0.00287444
vn 0.00000000 0.00000000 -0.00000000
vn 0.00000000 -0.00000000 0.00000000
vn 0.00000000 -0.00000000 0.00000000
vn 0.00000000 -0.00000000 -0.00000000
vn 0.00000000 0.00000000 0.00000000
vn 0.00000000 0.00000000 -0.00000000
vn -0.00000000 -0.00000000 -0.00000000
vn 0.00000000 0.00000000 -0.00000000
vn 0.00000000 -0.00000000 0.00000000
vn 0.00000000 -0.00000000 -0.00000000
vn 0.00000000 0.00000000 -0.00000000
vn 0.00000000 -0.00000000 -0.00000000
vn 0.00000000 0.00000000 0.00000000
vn -0.29446808 -0.04206687 -0.95473501
vn -0.06011580 0.38402330 0.92136431
vn -0.00000000 -0.00000000 -0.00000000
vn 0.00000000 -0.00000000 0.00000000
vn 0.00000000 0.00000000 -0.00000000
vn -0.00000000 -0.00000000 -0.00000000
vn 0.00000000 -0.00000000 0.00000000
vn 0.00000000 0.00000000 0.00000000
vn 0.00000000 0.00000000 0.00000000
vn 0.00000000 -0.00000000 0.00000000
vn 0.00000000 -0.00000000 0.00000000
vn 0.00000000 -0.00000000 0.00000000
vn -0.00000000 0.00000000 0.00000000
vn 0.00000000 0.00000000 0.00000000
vn -0.00000000 0.00000000 0.00000000
vn 0.00000000 -0.00000000 0.00000000
vn -0.00000000 -0.00000000 -0.00000000
vn 0.00000000 -0.00000000 0.00000000
vn 0.00000000 0.00000000 0.00000000
vn 0.00000000 0.00000000 0.00000000
vn 0.00000000 0.00000000 0.00000000
vn -0.00000000 0.00000000 0.00000000
vn 0.00000000 -0.00000000 0.00000000
vn -0.00000000 0.00000000 -0.00000000
vn 0.00000000 -0.00000000 0.00000000
vn 0.00000000 0.00000000 0.00000000
vn 0.00000000 -0.00000000 0.00000000
vn 0.00000000 0.00000000 0.00000000
vn 0.00000000 -0.00000000 0.00000000
vn 0.00000000 -0.00000000 0.00000000
vn 0.00000000 0.00000000 0.00000000
vn 0.00000000 0.00000000 0.00000000
vn -0.00000000 -0.00000000 -0.00000000
vn 0.00000000 0.00000000 0.00000000
vn 0.00000000 -0.00000000 0.00000000
vn 0.00000000 -0.00000000 0.00000000
vn -0.00000000 0.00000000 -0.00000000
vn 0.00000000 -0.00000000 0.00000000
vn 0.00000000 -0.00000000 -0.00000000
vn 0.00000000 0.00000000 0.00000000
vn 0.00000000 0.00000000 0.00000000
vn -0.00000000 0.00000000 0.00000000
vn 0.00000000 0.00000000 0.00000000
vn -0.00000000 -0.00000000 0.00000000
vn 0.00000000 -0.00000000 0.00000000
vn 0.00000000 -0.00000000 0.00000000
vn 0.00000000 -0.00000000 0.00000000
vn 0.00000000 -0.00000000 -0.00000000
vn 0.00000000 0.00000000 0.00000000
vn -0.00000000 0.00000000 -0.00000000
vn 0.00000000 -0.00000000 0.00000000
vn 0.00000000 -0.00000000 0.00000000
vn 0.00000000 0.00000000 0.00000000
vn 0.00000000 0.00000000 0.00000000
vn 0.00000000 -0.00000000 0.00000000
vn 0.00000000 0.00000000 0.00000000
vn 0.00000000 0.00000000 0.00000000
vn 0.00000000 -0.00000000 0.00000000
vn 0.00000000 -0.00000000 0.00000000
vn 0.00000000 0.00000000 0.00000000
vn 0.00000000 -0.00000000 0.00000000
vn 0.00000000 -0.00000000 0.00000000
vn 0.00000000 -0.00000000 0.00000000
vn 0.00000000 0.00000000 0.00000000
vn 0.00000000 0.00000000 0.00000000
vn 0.00000000 -0.00000000 0.00000000
vn 0.00000000 -0.00000000 0.00000000
vn 0.00000000 0.00000000 0.00000000
vn 0.00000000 0.00000000 0.00000000
vn 0.00000000 -0.00000000 0.00000000
vn 0.00000000 0.00000000 0.00000000
vn 0.00000000 -0.00000000 0.00000000
vn 0.00000000 -0.00000000 0.00000000
vn 0.00000000 -0.00000000 0.00000000
vn 0.00000000 -0.00000000 0.00000000
vn 0.00000000 0.00000000 0.00000000
vn 0.00000000 -0.00000000 0.00000000
vn 0.00000000 -0.00000000 0.00000000
vn 0.00000000 -0.00000000 0.00000000
vn 0.00000000 0.00000000 0.00000000
vn 0.00000000 -0.00000000 0.00000000
vn 0.00000000 -0.00000000 0.00000000
vn 0.00000000 0.00000000 0.00000000
vn 0.00000000 0.00000000 0.00000000
vn 0.00000000 0.00000000 0.00000000
vn 0.00000000 0.00000000 0.00000000
vn 0.00000000 -0.00000000 0.00000000
vn 0.00000000 0.00000000 0.00000000
vn 0.00000000 -0.00000000 0.00000000
vn 0.00000000 0.00000000 0.00000000
vn 0.00000000 -0.00000000 0.00000000
vn 0.00000000 -0.00000000 0.00000000
vn 0.00000000 0.00000000 0.00000000
vn 0.00000000 -0.00000000 0.00000000
vn 0.00000000 -0.00000000 0.00000000
vn 0.00000000 -0.00000000 0.00000000
vn 0.00000000 0.00000000 0.00000000
vn 0.00000000 0.00000000 0.00000000
vn 0.00000000 -0.00000000 0.00000000
vn 0.00000000 -0.00000000 0.00000000
vn 0.00000000 0.00000000 0.00000000
vn 0.00000000 -0.00000000 0.00000000
vn 0.00000000 0.00000000 0.00000000
vn 0.00000000 0.00000000 0.00000000
vn 0.00000000 0.00000000 0.00000000
vn 0.00000000 0.00000000 0.00000000
vn 0.00000000 -0.00000000 0.00000000
vn 0.00000000 0.00000000 0.00000000
vn 0.00000000 0.00000000 0.00000000
vn 0.00000000 -0.00000000 0.00000000
vn 0.00000000 -0.00000000 0.00000000
vn 0.00000000 0.00000000 0.00000000
vn 0.00000000 0.00000000 0.00000000
vn 0.00000000 -0.00000000 0.00000000
vn 0.00000000 -0.00000000 0.00000000
vn 0.00000000 -0.00000000 0.00000000
vn 0.00000000 0.00000000 0.00000000
vn 0.00000000 -0.00000000 0.00000000
vn 0.00000000 -0.00000000 0.00000000
vn 0.00000000 0.00000000 0.00000000
vn 0.00000000 0.00000000 0.00000000
vn 0.00000000 -0.00000000 0.00000000
vn 0.00000000 0.00000000 0.00000000
vn 0.00000000 0.00000000 0.00000000
vn 0.00000000 -0.00000000 0.00000000
vn 0.00000000 0.00000000 0.00000000
vn 0.00000000 -0.00000000 0.00000000
vn 0.00000000 0.00000000 0.00000000
vn 0.00000000 -0.00000000 0.00000000
vn 0.00000000 -0.00000000 0.00000000
vn 0.00000000 0.00000000 0.00000000
vn 0.00000000 0.00000000 0.00000000
vn 0.00000000 -0.00000000 0.00000000
vn 0.00000000 -0.00000000 0.00000000
vn 0.00000000 -0.00000000 0.00000000
vn 0.00000000 -0.00000000 0.00000000
vn 0.00000000 0.00000000 0.00000000
vn 0.00000000 0.00000000 0.00000000
vn 0.00000000 -0.00000000 0.00000000
vn 0.00000000 -0.00000000 0.00000000
vn 0.00000000 0.00000000 0.00000000
vn 0.00000000 -0.00000000 0.00000000
vn 0.00000000 -0.00000000 0.00000000
vn 0.00000000 0.00000000 0.00000000
vn 0.00000000 0.00000000 0.00000000
vn 0.00000000 0.00000000 0.00000000
vn 0.00000000 -0.00000000 0.00000000
vn 0.00000000 -0.00000000 0.00000000
vn 0.00000000 -0.00000000 0.00000000
vn 0.00000000 -0.00000000 0.00000000
vn 0.00000000 0.00000000 0.00000000
vn 0.00000000 0.00000000 0.00000000
vn 0.00000000 -0.00000000 0.00000000
vn 0.00000000 0.00000000 0.00000000
vn 0.00000000 0.00000000 0.00000000
vn 0.00000000 0.00000000 0.00000000
vn 0.00000000 0.00000000 0.00000000
vn 0.00000000 -0.00000000 0.00000000
vn 0.00000000 0.00000000 0.00000000
vn 0.00000000 0.00000000 0.00000000
vn 0.00000000 0.00000000 0.00000000
vn 0.00000000 0.00000000 0.00000000
vn 0.00000000 -0.00000000 0.00000000
vn 0.00000000 0.00000000 0.00000000
vn 0.00000000 0.00000000 0.00000000
vn 0.00000000 0.00000000 0.00000000
vn 0.00000000 -0.00000000 0.00000000
vn 0.00000000 0.00000000 0.00000000
vn 0.00000000 0.00000000 0.00000000
vn 0.00000000 -0.00000000 0.00000000
vn 0.00000000 0.00000000 0.00000000
vn 0.00000000 0.00000000 0.00000000
vn 0.00000000 -0.00000000 0.00000000
vn 0.00000000 0.00000000 0.00000000
vn 0.00000000 -0.00000000 0.00000000
vn 0.00000000 -0.00000000 0.00000000
vn 0.00000000 0.00000000 0.00000000
vn 0.00000000 -0.00000000 0.00000000
vn 0.00000000 -0.00000000 0.00000000
vn 0.00000000 0.00000000 0.00000000
vn 0.00000000 0.00000000 0.00000000
vn 0.00000000 0.00000000 0.00000000
vn 0.00000000 -0.00000000 0.00000000
vn 0.00000000 -0.00000000 0.00000000
vn 0.00000000 -0.00000000 0.00000000
vn 0.00000000 -0.00000000 0.00000000
vn 0.00000000 -0.00000000 0.00000000
vn 0.00000000 0.00000000 0.00000000
vn 0.00000000 0.00000000 0.00000000
vn 0.00000000 -0.00000000 0.00000000
vn 0.00000000 0.00000000 0.00000000
vn 0.00000000 -0.00000000 0.00000000
vn 0.00000000 0.00000000 0.00000000
vn 0.00000000 0.00000000 0.00000000
vn 0.00000000 -0.00000000 0.00000000
vn 0.00000000 -0.00000000 0.00000000
vn 0.00000000 0.00000000 0.00000000
vn 0.00000000 -0.00000000 0.00000000
vn 0.00000000 0.00000000 0.00000000
vn 0.00000000 0.00000000 0.00000000
vn 0.00000000 -0.00000000 0.00000000
vn 0.00000000 0.00000000 0.00000000
vn 0.00000000 0.00000000 0.00000000
vn 0.00000000 0.00000000 0.00000000
vn 0.00000000 -0.00000000 0.00000000
vn 0.00000000 -0.00000000 0.00000000
vn 0.00000000 -0.00000000 0.00000000
vn 0.00000000 0.00000000 0.00000000
vn 0.00000000 -0.00000000 0.00000000
vn 0.00000000 0.00000000 0.00000000
vn 0.00000000 -0.00000000 0.00000000
vn 0.00000000 0.00000000 0.00000000
vn 0.00000000 0.00000000 0.00000000
vn 0.00000000 -0.00000000 0.00000000
vn 0.00000000 -0.00000000 0.00000000
vn 0.00000000 0.00000000 0.00000000
vn 0.00000000 0.00000000 0.00000000
vn 0.00000000 -0.00000000 0.00000000
vn 0.00000000 0.00000000 0.00000000
vn 0.00000000 -0.00000000 0.00000000
vn 0.00000000 0.00000000 0.00000000
vn 0.00000000 0.00000000 0.00000000
vn 0.00000000 -0.00000000 0.00000000
vn 0.00000000 0.00000000 0.00000000
vn 0.00000000 -0.00000000 0.00000000
vn 0.00000000 0.00000000 0.00000000
vn 0.00000000 -0.00000000 0.00000000
vn 0.00000000 0.00000000 0.00000000
vn 0.00000000 0.00000000 0.00000000
vn 0.00000000 -0.00000000 0.00000000
vn 0.00000000 0.00000000 0.00000000
vn 0.00000000 0.00000000 0.00000000
vn 0.00000000 0.00000000 0.00000000
vn 0.00000000 0.00000000 0.00000000
vn 0.00000000 -0.00000000 0.00000000
vn 0.00000000 0.00000000 0.00000000
vn 0.00000000 -0.00000000 0.00000000
vn 0.00000000 0.00000000 0.00000000
vn 0.00000000 0.00000000 0.00000000
vn 0.00000000 -0.00000000 0.00000000
vn 0.00000000 0.00000000 0.00000000
vn 0.00000000 -0.00000000 0.00000000
vn 0.00000000 -0.00000000 0.00000000
vn 0.00000000 -0.00000000 0.00000000
vn 0.00000000 0.00000000 0.00000000
vn 0.00000000 -0.00000000 0.00000000
vn 0.00000000 0.00000000 0.00000000
vn 0.00000000 0.00000000 0.00000000
vn 0.00000000 0.00000000 0.00000000
vn 0.00000000 -0.00000000 0.00000000
vn 0.00000000 0.00000000 0.00000000
vn 0.00000000 0.00000000 0.00000000
vn 0.00000000 0.00000000 0.00000000
vn 0.00000000 -0.00000000 0.00000000
vn 0.00000000 -0.00000000 0.00000000
vn 0.00000000 0.00000000 0.00000000
vn 0.00000000 -0.00000000 0.00000000
vn 0.00000000 -0.00000000 0.00000000
vn 0.00000000 -0.00000000 0.00000000
vn 0.00000000 0.00000000 0.00000000
vn 0.00000000 0.00000000 0.00000000
vn 0.00000000 -0.00000000 0.00000000
vn 0.00000000 -0.00000000 0.00000000
vn 0.00000000 0.00000000 0.00000000
vn 0.00000000 0.00000000 0.00000000
vn 0.00000000 -0.00000000 0.00000000
vn 0.00000000 -0.00000000 0.00000000
vn 0.00000000 0.00000000 0.00000000
vn 0.00000000 -0.00000000 0.00000000
vn 0.00000000 0.00000000 0.00000000
vn 0.00000000 -0.00000000 0.00000000
vn 0.00000000 0.00000000 0.00000000
vn 0.00000000 -0.00000000 0.00000000
vn 0.00000000 0.00000000 0.00000000
vn 0.00000000 0.00000000 0.00000000
vn 0.00000000 0.00000000 0.00000000
vn 0.00000000 0.00000000 0.00000000
vn 0.00000000 -0.00000000 0.00000000
vn 0.00000000 -0.00000000 0.00000000
vn 0.00000000 0.00000000 0.00000000
vn 0.00000000 0.00000000 0.00000000
vn 0.00000000 0.00000000 0.00000000
vn 0.00000000 -0.00000000 0.00000000
vn 0.00000000 0.00000000 0.00000000
vn 0.00000000 -0.00000000 0.00000000
vn 0.00000000 0.00000000 0.00000000
vn 0.00000000 -0.00000000 0.00000000
vn 0.00000000 0.00000000 0.00000000
vn 0.00000000 0.00000000 0.00000000
vn 0.00000000 -0.00000000 0.00000000
vn 0.00000000 -0.00000000 0.00000000
vn 0.00000000 0.00000000 0.00000000
vn 0.00000000 0.00000000 0.00000000
vn 0.00000000 -0.00000000 0.00000000
vn 0.00000000 0.00000000 0.00000000
vn 0.00000000 0.00000000 0.00000000
vn 0.00000000 0.00000000 0.00000000
vn 0.00000000 -0.00000000 0.00000000
vn 0.00000000 -0.00000000 0.00000000
vn 0.00000000 0.00000000 0.00000000
vn 0.00000000 0.00000000 0.00000000
vn 0.00000000 0.00000000 0.00000000
vn 0.00000000 -0.00000000 0.00000000
vn 0.00000000 -0.00000000 0.00000000
vn 0.00000000 -0.00000000 0.00000000
vn 0.00000000 0.00000000 0.00000000
vn 0.00000000 -0.00000000 0.00000000
vn 0.00000000 0.00000000 0.00000000
vn 0.00000000 0.00000000 0.00000000
vn 0.00000000 -0.00000000 0.00000000
vn 0.00000000 0.00000000 0.00000000
vn 0.00000000 0.00000000 0.00000000
vn 0.00000000 -0.00000000 0.00000000
vn 0.00000000 -0.00000000 0.00000000
vn 0.00000000 -0.00000000 0.00000000
vn 0.00000000 -0.00000000 0.00000000
vn 0.00000000 -0.00000000 0.00000000
vn 0.00000000 0.00000000 0.00000000
vn 0.00000000 0.00000000 0.00000000
vn 0.00000000 -0.00000000 0.00000000
vn 0.00000000 -0.00000000 0.00000000
vn 0.00000000 -0.00000000 0.00000000
vn 0.00000000 0.00000000 0.00000000
vn 0.00000000 0.00000000 0.00000000
vn 0.00000000 0.00000000 0.00000000
vn 0.00000000 0.00000000 0.00000000
vn 0.00000000 -0.00000000 0.00000000
vn 0.00000000 -0.00000000 0.00000000
vn 0.00000000 0.00000000 0.00000000
vn 0.00000000 0.00000000 0.00000000
vn 0.00000000 -0.00000000 0.00000000
vn 0.00000000 0.00000000 0.00000000
vn 0.00000000 -0.00000000 0.00000000
vn 0.00000000 -0.00000000 0.00000000
vn 0.00000000 -0.00000000 0.00000000
vn 0.00000000 0.00000000 0.00000000
vn 0.00000000 -0.00000000 0.00000000
vn 0.00000000 0.00000000 0.00000000
vn -0.00000000 0.00000000 -0.00000000
vn 0.00000000 -0.00000000 0.00000000
vn 0.00000000 0.00000000 -0.00000000
vn 0.00000000 0.00000000 0.00000000
vn 0.00000000 0.00000000 0.00000000
vn 0.00000000 0.00000000 -0.00000000
vn -0.00000000 -0.00000000 0.00000000
vn -0.00000000 0.00000000 -0.00000000
vn 0.00000000 0.00000000 -0.00000000
vn 0.00000000 0.00000000 0.00000000
vn -0.00000000 -0.00000000 0.00000000
vn 0.00000000 0.00000000 -0.00000000
vn 0.00000000 -0.00000000 0.00000000
vn -0.00000000 0.00000000 -0.00000000
vn -0.00000000 -0.00000000 -0.00000000
vn -0.00000000 -0.00000000 0.00000000
vn -0.00000000 -0.00000000 -0.00000000
vn 0.00000000 -0.00000000 -0.00000000
vn 0.00000000 0.00000000 0.00000000
vn 0.00000000 -0.00000000 -0.00000000
vn 0.00000000 0.00000000 0.00000000
vn -0.00000000 -0.00000000 0.00000000
vn 0.00000000 0.00000000 0.00000000
vn 0.00000000 0.00000000 -0.00000000
vn -0.00000000 0.00000000 0.00000000
vn 0.00000000 0.00000000 0.00000000
vn 0.00000000 -0.00000000 -0.00000000
vn 0.00000000 0.00000000 0.00000000
vn -0.02715174 0.00242426 0.99962838
vn 0.00000000 0.00000000 -0.00000000
vn 0.02633692 -0.00969550 0.99960610
vn 0.00000000 0.00000000 0.00000000
vn -0.06464290 0.07959761 -0.99472887
vn 0.00000000 -0.00000000 0.00000000
vn 0.00000000 0.00000000 -0.00000000
vn 0.00000000 -0.00000000 -0.00000000
vn 0.00000000 0.00000000 0.00000000
vn 0.00000000 -0.00000000 0.00000000
vn -0.99999482 0.00321887 0.00000000
vn -0.00000000 -0.00000000 0.00000000
vn -0.00000000 0.00000000 -0.00000000
vn -0.00000000 0.00000000 0.00000000
vn 0.00000000 0.00000000 0.00000000
vn 0.00000000 0.00000000 -0.00000000
vn -0.00000000 -0.00000000 -0.00000000
vn -0.00000000 -0.00000000 0.00000000
vn -0.00000000 0.00000000 0.00000000
vn -0.00000000 0.00000000 0.00000000
vn 0.00000000 0.00000000 -0.00000000
vn 0.00000000 0.00000000 0.00000000
vn 0.00000000 -0.00000000 0.00000000
vn -0.00000000 0.00000000 0.00000000
vn 0.00000000 0.00000000 -0.00000000
vn -0.00000000 -0.00000000 -0.00000000
vn 0.00000000 0.00000000 0.00000000
vn -0.00000000 -0.00000000 0.00000000
vn 0.00000000 0.00000000 0.00000000
vn 0.00000000 -0.00000000 -0.00000000
vn -0.00000000 0.00000000 0.00000000
vn -0.00000000 0.00000000 -0.00000000
vn 0.00000000 -0.00000000 -0.00000000
vn 0.00000000 -0.00000000 0.00000000
vn -0.00000000 0.00000000 -0.00000000
vn -0.00000000 -0.00000000 -0.00000000
vn -0.00000000 -0.00000000 0.00000000
vn 0.00000000 -0.00000000 0.00000000
vn 0.00000000 -0.00000000 0.00000000
vn 0.00000000 0.00000000 0.00000000
vn -0.00021219 0.99997881 -0.00650715
vn -0.00000000 0.00000000 0.00000000
vn -0.00000000 -0.00000000 -0.00000000
vn -0.00000000 0.00000000 0.00000000
vn 0.00000000 0.00000000 0.00000000
vn 0.00000000 0.00000000 -0.00000000
vn -0.00000000 0.00000000 -0.00000000
vn -0.00000000 0.00000000 0.00000000
vn 0.00000000 0.00000000 0.00000000
vn -0.00000000 0.00000000 0.00000000
vn -0.00000000 -0.00000000 -0.00000000
vn 0.00000000 0.00000000 -0.00000000
vn -0.00000000 -0.00000000 0.00000000
vn 0.00000000 0.00000000 0.00000000
vn 0.00000000 -0.00000000 0.00000000
vn -0.00000000 -0.00000000 -0.00000000
vn -0.00000000 0.00000000 0.00000000
vn -0.00000000 -0.00000000 -0.00000000
vn 0.00000000 0.00000000 -0.00000000
vn 0.00000000 -0.00000000 0.00000000
vn -0.00000000 0.00000000 0.00000000
vn -0.00000000 -0.00000000 0.00000000
vn 0.00000000 0.00000000 -0.00000000
vn -0.00000000 -0.00000000 -0.00000000
vn 0.00321332 -0.99998472 0.00449865
vn 0.00000000 -0.00000000 0.00000000
vn -0.00000000 -0.00000000 0.00000000
vn 0.00000000 0.00000000 -0.00000000
vn 0.00000000 -0.00000000 0.00000000
vn 0.00000000 0.00000000 -0.00000000
vn -0.00000000 -0.00000000 0.00000000
vn -0.00000000 0.00000000 -0.00000000
vn -0.00000000 0.00000000 0.00000000
vn 0.00000000 -0.00000000 -0.00000000
vn 0.00000000 0.00000000 0.00000000
vn 0.00000000 -0.00000000 0.00000000
vn 0.00000000 0.00000000 -0.00000000
vn -0.00000000 -0.00000000 -0.00000000
vn 0.00000000 0.00000000 -0.00000000
vn 0.00000000 -0.00000000 -0.00000000
vn 0.00000000 0.00000000 0.00000000
vn -0.00000000 0.00000000 -0.00000000
vn -0.00000000 -0.00000000 0.00000000
vn -0.00000000 0.00000000 0.00000000
vn -0.00000000 -0.00000000 -0.00000000
vn 0.00000000 -0.00000000 0.00000000
vn -0.00000000 0.00000000 0.00000000
vn -0.00000000 -0.00000000 -0.00000000
vn 0.00000000 0.00000000 -0.00000000
vn 0.00000000 0.00000000 -0.00000000
vn -0.00000000 0.00000000 0.00000000
vn -0.00000000 0.00000000 0.00000000
vn 0.00000000 -0.00000000 0.00000000
vn 0.00000000 0.00000000 0.00000000
vn 0.00000000 0.00000000 0.00000000
vn 0.00000000 -0.00000000 0.00000000
vn 0.00000000 -0.00000000 -0.00000000
vn 0.00000000 0.00000000 0.00000000
vn -0.00000000 -0.00000000 0.00000000
vn -0.00000000 -0.00000000 -0.00000000
vn 0.00000000 -0.00000000 -0.00000000
vn -0.00000000 0.00000000 0.00000000
vn -0.00000000 0.00000000 -0.00000000
vn 0.00000000 -0.00000000 -0.00000000
vn 0.00000000 -0.00000000 0.00000000
vn 0.00000000 0.00000000 -0.00000000
vn -0.00000000 -0.00000000 -0.00000000
vn -0.00000000 -0.00000000 0.00000000
vn 0.00000000 -0.00000000 0.00000000
vn -0.00000000 0.00000000 -0.00000000
vn 0.00000000 0.00000000 -0.00000000
vn -0.00000000 0.00000000 0.00000000
vn -0.00000000 0.00000000 0.00000000
vn -0.00000000 -0.00000000 -0.00000000
vn -0.00000000 0.00000000 0.00000000
vn -0.00000000 0.00000000 0.00000000
vn 0.00000000 0.00000000 -0.00000000
vn -0.00000000 -0.00000000 0.00000000
vn 0.00000000 -0.00000000 0.00000000
vn 0.00000000 -0.00000000 -0.00000000
vn -0.00000000 -0.00000000 0.00000000
vn 0.00000000 -0.00000000 0.00000000
vn -0.00000000 0.00000000 -0.00000000
vn 0.00000000 0.00000000 0.00000000
vn 0.06486566 0.03751559 -0.99718856
vn 0.00000000 0.00000000 0.00000000
vn 0.00000000 0.00000000 -0.00000000
vn -0.00000000 0.00000000 -0.00000000
vn -0.00000000 -0.00000000 -0.00000000
vn 0.00000000 0.00000000 0.00000000
vn -0.06220464 -0.99803125 0.00801251
vn -0.00000000 0.00000000 -0.00000000
vn -0.00000000 -0.00000000 -0.00000000
vn 0.00000000 -0.00000000 0.00000000
vn -0.00000000 0.00000000 -0.00000000
vn -0.00000000 -0.00000000 0.00000000
vn 0.00000000 0.00000000 0.00000000
vn 0.00178890 0.99999680 0.00178890
vn -0.00000000 0.00000000 -0.00000000
vn 0.00000000 -0.00000000 0.00000000
vn -0.00000000 -0.00000000 0.00000000
vn -0.00000000 0.00000000 0.00000000
vn 0.00000000 -0.00000000 -0.00000000
vn -0.00000000 0.00000000 0.00000000
vn 0.00000000 0.00000000 -0.00000000
vn -0.00000000 -0.00000000 -0.00000000
vn 0.00000000 -0.00000000 -0.00000000
vn -0.00000000 0.00000000 -0.00000000
vn -0.00000000 0.00000000 -0.00000000
vn -0.00000000 -0.00000000 0.00000000
vn 0.00000000 0.00000000 -0.00000000
vn 0.00000000 -0.00000000 0.00000000
vn -0.00000000 -0.00000000 0.00000000
vn 0.00000000 0.00000000 0.00000000
vn -0.00000000 -0.00000000 -0.00000000
vn 0.00000000 0.00000000 0.00000000
vn 0.00000000 0.00000000 -0.00000000
vn -0.00000000 0.00000000 -0.00000000
vn -0.00000000 -0.00000000 0.00000000
vn -0.00000000 0.00000000 0.00000000
vn 0.00000000 -0.00000000 0.00000000
vn 0.00000000 0.00000000 -0.00000000
vn -0.00000000 0.00000000 0.00000000
vn 0.00000000 -0.00000000 -0.00000000
vn -0.00000000 -0.00000000 -0.00000000
vn -0.00000000 0.00000000 -0.00000000
vn -0.00000000 0.00000000 0.00000000
vn -0.00000000 0.00000000 0.00000000
vn 0.00000000 0.00000000 -0.00000000
vn 0.00000000 -0.00000000 0.00000000
vn -0.00000000 0.00000000 0.00000000
vn 0.00000000 0.00000000 0.00000000
vn 0.00000000 0.00000000 0.00000000
vn -0.00000000 0.00000000 -0.00000000
vn 0.00000000 -0.00000000 -0.00000000
vn -0.00000000 -0.00000000 0.00000000
vn 0.00000000 0.00000000 0.00000000
vn 0.00000000 -0.00000000 -0.00000000
vn -0.00000000 -0.00000000 -0.00000000
vn -0.00000000 0.00000000 0.00000000
vn -0.00000000 0.00000000 -0.00000000
vn 0.00000000 -0.00000000 0.00000000
vn 0.00000000 -0.00000000 -0.00000000
vn -0.00000000 0.00000000 0.00000000
vn 0.00000000 0.00000000 -0.00000000
vn 0.00000000 0.00000000 0.00000000
vn -0.00000000 0.00000000 -0.00000000
vn -0.00000000 0.00000000 -0.00000000
vn 0.00000000 -0.00000000 -0.00000000
vn 0.00000000 -0.00000000 0.00000000
vn -0.00000000 0.00000000 0.00000000
vn 0.00000000 -0.00000000 0.00000000
vn 0.00000000 0.00000000 -0.00000000
vn -0.00000000 0.00000000 -0.00000000
vn 0.00000000 0.00000000 -0.00000000
vn -0.00000000 0.00000000 0.00000000
vn -0.00000000 0.00000000 0.00000000
vn 0.00000000 0.00000000 -0.00000000
vn 0.00000000 -0.00000000 0.00000000
vn -0.00000000 -0.00000000 0.00000000
vn -0.00000000 0.00000000 -0.00000000
vn 0.00000000 0.00000000 0.00000000
vn -0.00000000 0.00000000 -0.00000000
vn 0.00000000 -0.00000000 -0.00000000
vn -0.00000000 0.00000000 0.00000000
vn -0.00000000 0.00000000 0.00000000
vn 0.00000000 0.00000000 0.00000000
vn 0.00000000 0.00000000 -0.00000000
vn 0.00000000 -0.00000000 0.00000000
vn -0.00000000 -0.00000000 0.00000000
vn -0.00000000 0.00000000 -0.00000000
vn 0.00000000 0.00000000 0.00000000
vn 0.00000000 -0.00000000 0.00000000
vn 0.00000000 -0.00000000 -0.00000000
vn 0.00000000 -0.00000000 0.00000000
vn -0.00000000 -0.00000000 0.00000000
vn -0.00000000 0.00000000 -0.00000000
vn 0.00000000 -0.00000000 -0.00000000
vn 0.00000000 0.00000000 0.00000000
vn 0.00000000 -0.00000000 -0.00000000
vn 0.00000000 0.00000000 -0.00000000
vn -0.00000000 0.00000000 -0.00000000
vn 0.00000000 -0.00000000 0.00000000
vn 0.00000000 0.00000000 0.00000000
vn -0.00000000 0.00000000 0.00000000
vn 0.00000000 0.00000000 0.00000000
vn 0.00000000 0.00000000 -0.00000000
vn -0.00000000 -0.00000000 0.00000000
vn -0.00000000 0.00000000 0.00000000
vn -0.00000000 -0.00000000 -0.00000000
vn 0.00000000 0.00000000 -0.00000000
vn -0.00000000 0.00000000 -0.00000000
vn 0.00000000 -0.00000000 0.00000000
vn -0.00000000 -0.00000000 0.00000000
vn -0.00000000 0.00000000 -0.00000000
vn 0.00000000 0.00000000 0.00000000
vn 0.00000000 -0.00000000 0.00000000
vn 0.00000000 -0.00000000 -0.00000000
vn 0.00000000 0.00000000 0.00000000
vn -0.00000000 -0.00000000 0.00000000
vn -0.00000000 -0.00000000 -0.00000000
vn 0.00000000 -0.00000000 0.00000000
vn -0.00000000 0.00000000 -0.00000000
vn 0.00000000 0.00000000 -0.00000000
vn 0.00000000 0.00000000 -0.00000000
vn -0.00000000 0.00000000 -0.00000000
vn 0.00000000 -0.00000000 0.00000000
vn 0.00000000 -0.00000000 0.00000000
vn -0.00000000 -0.00000000 0.00000000
vn 0.00000000 0.00000000 0.00000000
vn 0.00000000 0.00000000 -0.00000000
vn -0.00000000 0.00000000 0.00000000
vn -0.00000000 -0.00000000 0.00000000
vn -0.00000000 -0.00000000 -0.00000000
vn 0.00000000 -0.00000000 -0.00000000
vn -0.00000000 -0.00000000 -0.00000000
vn 0.00000000 -0.00000000 0.00000000
vn 0.00000000 0.00000000 -0.00000000
vn 0.00000000 -0.00000000 0.00000000
vn 0.00000000 0.00000000 0.00000000
vn -0.00000000 -0.00000000 0.00000000
vn -0.00000000 -0.00000000 -0.00000000
vn 0.00000000 0.00000000 -0.00000000
vn 0.00000000 -0.00000000 0.00000000
vn -0.00000000 0.00000000 0.00000000
vn 0.00000000 -0.00000000 0.00000000
vn 0.00000000 0.00000000 -0.00000000
vn -0.00000000 0.00000000 -0.00000000
vn 0.00000000 0.00000000 0.00000000
vn -0.00000000 0.00000000 0.00000000
vn -0.00000000 0.00000000 -0.00000000
vn 0.00000000 -0.00000000 -0.00000000
vn -0.00000000 0.00000000 -0.00000000
vn 0.00000000 0.00000000 -0.00000000
vn 0.00000000 0.00000000 0.00000000
vn -0.00000000 0.00000000 0.00000000
vn 0.00000000 0.00000000 0.00000000
vn 0.00000000 -0.00000000 -0.00000000
vn 0.00000000 -0.00000000 0.00000000
vn 0.00000000 -0.00000000 -0.00000000
vn -0.00000000 0.00000000 -0.00000000
vn -0.00000000 -0.00000000 -0.00000000
vn 0.00000000 0.00000000 -0.00000000
vn 0.00000000 0.00000000 0.00000000
vn -0.00000000 0.00000000 0.00000000
vn 0.00000000 0.00000000 0.00000000
vn 0.00000000 -0.00000000 -0.00000000
vn -0.00000000 0.00000000 -0.00000000
vn -0.00000000 0.00000000 0.00000000
vn -0.00000000 -0.00000000 0.00000000
vn -0.00000000 0.00000000 -0.00000000
vn 0.00000000 0.00000000 0.00000000
vn 0.00000000 0.00000000 0.00000000
vn 0.00000000 -0.00000000 -0.00000000
vn 0.00000000 0.00000000 -0.00000000
vn -0.00000000 0.00000000 0.00000000
vn 0.00000000 -0.00000000 0.00000000
vn 0.00000000 -0.00000000 -0.00000000
vn -0.00000000 0.00000000 -0.00000000
vn -0.00000000 0.00000000 0.00000000
vn 0.00000000 -0.00000000 0.00000000
vn 0.00000000 0.00000000 0.00000000
vn -0.00000000 0.00000000 -0.00000000
vn -0.00000000 0.00000000 -0.00000000
vn 0.00000000 0.00000000 0.00000000
vn -0.00000000 -0.00000000 -0.00000000
vn 0.00000000 0.00000000 -0.00000000
vn 0.00000000 -0.00000000 0.00000000
vn 0.00000000 0.00000000 -0.00000000
vn 0.00000000 -0.00000000 0.00000000
vn 0.00000000 -0.00000000 0.00000000
vn -0.00000000 0.00000000 -0.00000000
vn -0.00000000 0.00000000 0.00000000
vn -0.00000000 0.00000000 0.00000000
vn 0.00000000 0.00000000 -0.00000000
vn 0.00000000 -0.00000000 -0.00000000
vn -0.00000000 0.00000000 0.00000000
vn 0.00000000 -0.00000000 -0.00000000
vn 0.00000000 0.00000000 -0.00000000
vn -0.00000000 -0.00000000 0.00000000
vn 0.00000000 -0.00000000 0.00000000
vn 0.00000000 -0.00000000 -0.00000000
vn -0.00000000 0.00000000 -0.00000000
vn 0.00000000 -0.00000000 -0.00000000
vn -0.00000000 -0.00000000 -0.00000000
vn -0.00000000 0.00000000 0.00000000
vn 0.00000000 -0.00000000 0.00000000
vn -0.00000000 0.00000000 -0.00000000
vn 0.00000000 0.00000000 0.00000000
vn 0.00000000 0.00000000 0.00000000
vn 0.00000000 -0.00000000 0.00000000
vn 0.00000000 -0.00000000 0.00000000
vn 0.00000000 0.00000000 0.00000000
vn 0.00000000 -0.00000000 0.00000000
vn 0.00000000 0.00000000 0.00000000
vn 0.00000000 -0.00000000 0.00000000
vn 0.00000000 0.00000000 0.00000000
vn 0.00000000 0.00000000 0.00000000
vn 0.00000000 -0.00000000 0.00000000
vn 0.00000000 -0.00000000 0.00000000
vn 0.00000000 -0.00000000 0.00000000
vn 0.00000000 -0.00000000 0.00000000
vn 0.00000000 -0.00000000 0.00000000
vn 0.00000000 0.00000000 0.00000000
vn 0.00000000 0.00000000 0.00000000
vn 0.00000000 -0.00000000 0.00000000
vn 0.00000000 0.00000000 0.00000000
vn 0.00000000 -0.00000000 0.00000000
vn 0.00000000 -0.00000000 0.00000000
vn 0.00000000 0.00000000 0.00000000
vn 0.00000000 -0.00000000 0.00000000
vn 0.00000000 0.00000000 0.00000000
vn 0.00000000 -0.00000000 0.00000000
vn 0.00000000 0.00000000 0.00000000
vn 0.00000000 0.00000000 0.00000000
vn 0.00000000 0.00000000 0.00000000
vn 0.00000000 0.00000000 0.00000000
vn 0.00000000 0.00000000 0.00000000
vn 0.00000000 0.00000000 0.00000000
vn 0.00000000 -0.00000000 0.00000000
vn 0.00000000 -0.00000000 0.00000000
vn 0.00000000 0.00000000 0.00000000
vn 0.00000000 -0.00000000 0.00000000
vn 0.00000000 0.00000000 0.00000000
vn 0.00000000 -0.00000000 0.00000000
vn 0.00000000 -0.00000000 0.00000000
vn 0.00000000 -0.00000000 0.00000000
vn 0.00000000 -0.00000000 0.00000000
vn 0.00000000 0.00000000 0.00000000
vn 0.00000000 0.00000000 0.00000000
vn 0.00000000 0.00000000 0.00000000
vn 0.00000000 -0.00000000 0.00000000
vn 0.00000000 0.00000000 0.00000000
vn 0.00000000 0.00000000 0.00000000
vn 0.00000000 -0.00000000 0.00000000
vn 0.00000000 0.00000000 0.00000000
vn 0.00000000 -0.00000000 0.00000000
vn 0.00000000 0.00000000 0.00000000
vn 0.00000000 0.00000000 0.00000000
vn 0.00000000 0.00000000 0.00000000
vn 0.00000000 -0.00000000 0.00000000
vn 0.00000000 0.00000000 0.00000000
vn 0.00000000 0.00000000 0.00000000
vn 0.00000000 -0.00000000 0.00000000
vn 0.00000000 -0.00000000 0.00000000
vn 0.00000000 0.00000000 0.00000000
vn 0.00000000 -0.00000000 0.00000000
vn 0.00000000 -0.00000000 0.00000000
vn 0.00000000 -0.00000000 0.00000000
vn 0.00000000 -0.00000000 0.00000000
vn 0.00000000 0.00000000 0.00000000
vn 0.00000000 -0.00000000 0.00000000
vn 0.00000000 -0.00000000 0.00000000
vn 0.00000000 0.00000000 0.00000000
vn 0.00000000 0.00000000 0.00000000
vn 0.00000000 -0.00000000 0.00000000
vn 0.00000000 0.00000000 0.00000000
vn 0.00000000 0.00000000 0.00000000
vn 0.00000000 0.00000000 0.00000000
vn 0.00000000 0.00000000 0.00000000
vn 0.00000000 0.00000000 0.00000000
vn 0.00000000 0.00000000 0.00000000
vn 0.00000000 -0.00000000 0.00000000
vn 0.00000000 0.00000000 0.00000000
vn 0.00000000 -0.00000000 0.00000000
vn 0.00000000 0.00000000 0.00000000
vn 0.00000000 0.00000000 0.00000000
vn 0.00000000 -0.00000000 0.00000000
vn 0.00000000 -0.00000000 0.00000000
vn 0.00000000 0.00000000 0.00000000
vn 0.00000000 -0.00000000 0.00000000
vn 0.00000000 0.00000000 0.00000000
vn 0.00000000 0.00000000 0.00000000
vn 0.00000000 -0.00000000 0.00000000
vn 0.00000000 0.00000000 0.00000000
vn 0.00000000 -0.00000000 0.00000000
vn 0.00000000 0.00000000 0.00000000
vn 0.00000000 -0.00000000 0.00000000
vn 0.00000000 0.00000000 0.00000000
vn 0.00000000 0.00000000 0.00000000
vn 0.00000000 0.00000000 0.00000000
vn 0.00000000 -0.00000000 0.00000000
vn 0.00000000 0.00000000 0.00000000
vn 0.00000000 0.00000000 0.00000000
vn 0.00000000 0.00000000 0.00000000
vn 0.00000000 0.00000000 0.00000000
vn 0.00000000 0.00000000 0.00000000
vn 0.00000000 -0.00000000 0.00000000
vn 0.00000000 0.00000000 0.00000000
vn 0.00000000 -0.00000000 0.00000000
vn 0.00000000 -0.00000000 0.00000000
vn 0.00000000 0.00000000 0.00000000
vn 0.00000000 -0.00000000 0.00000000
vn 0.00000000 0.00000000 0.00000000
vn 0.00000000 -0.00000000 0.00000000
vn 0.00000000 -0.00000000 0.00000000
vn 0.00000000 -0.00000000 0.00000000
vn 0.00000000 -0.00000000 0.00000000
vn 0.00000000 -0.00000000 0.00000000
vn 0.00000000 0.00000000 0.00000000
vn 0.00000000 0.00000000 0.00000000
vn 0.00000000 -0.00000000 0.00000000
vn 0.00000000 0.00000000 0.00000000
vn 0.00000000 -0.00000000 0.00000000
vn 0.00000000 0.00000000 0.00000000
vn 0.00000000 -0.00000000 0.00000000
vn 0.00000000 -0.00000000 0.00000000
vn 0.00000000 -0.00000000 0.00000000
vn 0.00000000 -0.00000000 0.00000000
vn 0.00000000 0.00000000 0.00000000
vn 0.00000000 0.00000000 0.00000000
vn 0.00000000 -0.00000000 0.00000000
vn 0.00000000 0.00000000 0.00000000
vn 0.00000000 -0.00000000 0.00000000
vn 0.00000000 0.00000000 0.00000000
vn 0.00000000 0.00000000 0.00000000
vn 0.00000000 -0.00000000 0.00000000
vn 0.00000000 0.00000000 0.00000000
vn 0.00000000 -0.00000000 0.00000000
vn 0.00000000 -0.00000000 0.00000000
vn 0.00000000 -0.00000000 0.00000000
vn 0.00000000 -0.00000000 0.00000000
vn 0.00000000 -0.00000000 0.00000000
vn 0.00000000 0.00000000 0.00000000
vn 0.00000000 0.00000000 0.00000000
vn 0.00000000 -0.00000000 0.00000000
vn 0.00000000 0.00000000 0.00000000
vn 0.00000000 -0.00000000 0.00000000
vn 0.00000000 -0.00000000 0.00000000
vn 0.00000000 0.00000000 0.00000000
vn 0.00000000 0.00000000 0.00000000
vn 0.00000000 0.00000000 0.00000000
vn 0.00000000 -0.00000000 0.00000000
vn 0.00000000 -0.00000000 0.00000000
vn -0.00000000 -0.00000000 -0.00000000
vn 0.00000000 0.00000000 0.00000000
vn -0.00000000 -0.00000000 0.00000000
vn 0.00000000 0.00000000 0.00000000
vn -0.00000000 0.00000000 0.00000000
vn -0.00000000 -0.00000000 -0.00000000
vn 0.00000000 0.00000000 -0.00000000
vn 0.00000000 0.00000000 -0.00000000
vn -0.00000000 -0.00000000 0.00000000
vn -0.00000000 0.00000000 0.00000000
vn -0.00000000 0.00000000 0.00000000
vn 0.00000000 0.00000000 -0.00000000
vn 0.00000000 -0.00000000 -0.00000000
vn -0.00000000 -0.00000000 -0.00000000
vn 0.00000000 -0.00000000 0.00000000
vn -0.00000000 0.00000000 0.00000000
vn -0.00000000 0.00000000 0.00000000
vn 0.00000000 0.00000000 0.00000000
vn -0.00000000 0.00000000 -0.00000000
vn 0.00000000 -0.00000000 -0.00000000
vn 0.00000000 0.00000000 0.00000000
vn -0.00000000 0.00000000 -0.00000000
vn -0.00000000 0.00000000 0.00000000
vn -0.00000000 0.00000000 -0.00000000
vn 0.00000000 -0.00000000 0.00000000
vn -0.00000000 -0.00000000 0.00000000
vn 0.00000000 0.00000000 -0.00000000
vn 0.00000000 0.00000000 0.00000000
vn -0.00000000 -0.00000000 -0.00000000
vn -0.00000000 0.00000000 -0.00000000
vn -0.00000000 0.00000000 0.00000000
vn -0.00000000 0.00000000 -0.00000000
vn 0.00000000 0.00000000 0.00000000
vn 0.00000000 -0.00000000 0.00000000
vn 0.00000000 -0.00000000 -0.00000000
vn 0.00000000 -0.00000000 0.00000000
vn -0.00000000 0.00000000 -0.00000000
vn -0.00000000 0.00000000 -0.00000000
vn -0.00000000 0.00000000 0.00000000
vn -0.00000000 0.00000000 0.00000000
vn 0.00000000 0.00000000 -0.00000000
vn -0.00000000 0.00000000 0.00000000
vn 0.00000000 0.00000000 -0.00000000
vn -0.00000000 -0.00000000 -0.00000000
vn 0.00000000 -0.00000000 0.00000000
vn -0.00000000 0.00000000 -0.00000000
vn 0.00000000 -0.00000000 0.00000000
vn 0.00000000 -0.00000000 0.00000000
vn -0.00000000 -0.00000000 -0.00000000
vn -0.00000000 -0.00000000 -0.00000000
vn 0.00000000 0.00000000 0.00000000
vn 0.00000000 0.00000000 0.00000000
vn -0.00000000 -0.00000000 -0.00000000
vn -0.00000000 0.00000000 -0.00000000
vn 0.00000000 -0.00000000 0.00000000
vn 0.00000000 -0.00000000 -0.00000000
vn -0.00000000 0.00000000 0.00000000
vn -0.00000000 -0.00000000 -0.00000000
vn 0.00000000 0.00000000 0.00000000
vn -0.00000000 -0.00000000 0.00000000
vn 0.00000000 -0.00000000 -0.00000000
vn 0.00000000 0.00000000 0.00000000
vn 0.00000000 0.00000000 -0.00000000
vn 0.00000000 -0.00000000 -0.00000000
vn 0.00000000 -0.00000000 0.00000000
vn 0.00000000 0.00000000 -0.00000000
vn -0.00000000 0.00000000 0.00000000
vn 0.00000000 -0.00000000 -0.00000000
vn -0.00000000 0.00000000 0.00000000
vn 0.00000000 0.00000000 0.00000000
vn -0.00000000 0.00000000 0.00000000
vn -0.00000000 0.00000000 -0.00000000
vn -0.00000000 -0.00000000 0.00000000
vn -0.00000000 0.00000000 -0.00000000
vn 0.00000000 -0.00000000 0.00000000
vn 0.00000000 0.00000000 -0.00000000
vn 0.00000000 0.00000000 0.00000000
vn 0.00000000 0.00000000 -0.00000000
vn 0.00000000 0.00000000 -0.00000000
vn -0.00000000 -0.00000000 0.00000000
vn -0.00000000 0.00000000 0.00000000
vn -0.00000000 -0.00000000 0.00000000
vn 0.00000000 0.00000000 -0.00000000
vn -0.00000000 -0.00000000 0.00000000
vn 0.00000000 -0.00000000 -0.00000000
vn 0.00000000 0.00000000 0.00000000
vn 0.00000000 0.00000000 0.00000000
vn 0.00000000 0.00000000 0.00000000
vn 0.00000000 -0.00000000 0.00000000
vn 0.00000000 -0.00000000 0.00000000
vn -0.00000000 0.00000000 0.00000000
vn 0.00000000 -0.00000000 -0.00000000
vn -0.00000000 -0.00000000 0.00000000
vn 0.00000000 -0.00000000 -0.00000000
vn 0.00000000 0.00000000 -0.00000000
vn -0.00000000 -0.00000000 0.00000000
vn -0.00000000 -0.00000000 -0.00000000
vn 0.00000000 0.00000000 0.00000000
vn 0.00000000 0.00000000 0.00000000
vn -0.00000000 0.00000000 -0.00000000
vn 0.00000000 -0.00000000 0.00000000
vn -0.00000000 -0.00000000 0.00000000
vn 0.00000000 0.00000000 0.00000000
vn 0.00000000 -0.00000000 -0.00000000
vn 0.00000000 0.00000000 0.00000000
vn -0.00000000 0.00000000 0.00000000
vn -0.00000000 0.00000000 -0.00000000
vn 0.00000000 -0.00000000 0.00000000
vn 0.00000000 0.00000000 0.00000000
vn 0.00000000 -0.00000000 -0.00000000
vn 0.00000000 -0.00000000 0.00000000
vn 0.00000000 0.00000000 -0.00000000
vn 0.00000000 0.00000000 -0.00000000
vn 0.00000000 0.00000000 0.00000000
vn -0.00000000 -0.00000000 -0.00000000
vn 0.00000000 0.00000000 0.00000000
vn -0.00000000 -0.00000000 0.00000000
vn 0.00000000 -0.00000000 0.00000000
vn 0.00000000 -0.00000000 0.00000000
vn 0.00000000 0.00000000 -0.00000000
vn -0.00000000 -0.00000000 -0.00000000
vn 0.00000000 0.00000000 0.00000000
vn -0.52549692 -0.85079550 0.00000000
vn 0.52488788 0.85116953 -0.00177327
vn 0.00000000 0.00000000 -0.00000000
vn -0.00000000 0.00000000 -0.00000000
vn 0.00000000 0.00000000 0.00000000
vn 0.61598997 0.78775399 0.00000000
vn 0.00000000 -0.00000000 -0.00000000
vn -0.58389913 -0.80648209 0.09299699
vn 0.00000000 0.00000000 -0.00000000
vn 0.00000000 -0.00000000 0.00000000
vn -0.00000000 0.00000000 0.00000000
vn -0.00000000 -0.00000000 0.00000000
vn -0.00000000 -0.00000000 -0.00000000
vn 0.00000000 -0.00000000 0.00000000
vn 0.00000000 -0.00000000 0.00000000
vn -0.00000000 0.00000000 -0.00000000
vn -0.00000000 0.00000000 -0.00000000
vn 0.00000000 0.00000000 0.00000000
vn -0.00000000 -0.00000000 -0.00000000
vn 0.00000000 0.00000000 0.00000000
vn 0.00000000 0.00000000 0.00000000
vn 0.00000000 0.00000000 0.00000000
vn 0.00000000 -0.00000000 0.00000000
vn 0.00000000 -0.00000000 0.00000000
vn 0.00000000 0.00000000 0.00000000
vn 0.00000000 0.00000000 0.00000000
vn 0.00000000 0.00000000 0.00000000
vn 0.00000000 0.00000000 0.00000000
vn 0.00000000 0.00000000 0.00000000
vn 0.00000000 -0.00000000 0.00000000
vn 0.00000000 -0.00000000 0.00000000
vn 0.00000000 -0.00000000 0.00000000
vn 0.00000000 0.00000000 0.00000000
vn 0.00000000 -0.00000000 0.00000000
vn 0.00000000 -0.00000000 0.00000000
vn 0.00000000 -0.00000000 0.00000000
vn 0.00000000 -0.00000000 0.00000000
vn 0.00000000 0.00000000 0.00000000
vn 0.00000000 0.00000000 0.00000000
vn 0.00000000 -0.00000000 0.00000000
vn 0.00000000 0.00000000 0.00000000
vn 0.00000000 -0.00000000 0.00000000
vn 0.00000000 0.00000000 0.00000000
vn 0.00000000 -0.00000000 0.00000000
vn 0.00000000 -0.00000000 0.00000000
vn 0.00000000 0.00000000 0.00000000
vn 0.00000000 0.00000000 0.00000000
vn 0.00000000 0.00000000 0.00000000
vn 0.00000000 0.00000000 0.00000000
vn 0.00000000 0.00000000 0.00000000
vn 0.00000000 0.00000000 0.00000000
vn 0.00000000 0.00000000 0.00000000
vn 0.00000000 0.00000000 0.00000000
vn 0.00000000 0.00000000 0.00000000
vn 0.00000000 0.00000000 0.00000000
vn 0.00000000 -0.00000000 0.00000000
vn 0.00000000 0.00000000 0.00000000
vn 0.00000000 -0.00000000 0.00000000
vn 0.00000000 -0.00000000 0.00000000
vn 0.00000000 -0.00000000 0.00000000
vn 0.00000000 0.00000000 0.00000000
vn 0.00000000 -0.00000000 0.00000000
vn 0.00000000 0.00000000 0.00000000
vn 0.00000000 0.00000000 0.00000000
vn 0.00000000 0.00000000 0.00000000
vn 0.00000000 -0.00000000 0.00000000
vn 0.00000000 0.00000000 0.00000000
vn 0.00000000 0.00000000 0.00000000
vn 0.00000000 -0.00000000 0.00000000
vn 0.00000000 0.00000000 0.00000000
vn 0.00000000 -0.00000000 0.00000000
vn 0.00000000 0.00000000 0.00000000
vn 0.00000000 -0.00000000 0.00000000
vn 0.00000000 -0.00000000 0.00000000
vn 0.00000000 0.00000000 0.00000000
vn 0.00000000 0.00000000 0.00000000
vn 0.00000000 -0.00000000 0.00000000
vn 0.00000000 0.00000000 0.00000000
vn 0.00000000 0.00000000 0.00000000
vn 0.00000000 -0.00000000 0.00000000
vn 0.00000000 -0.00000000 0.00000000
vn 0.00000000 -0.00000000 0.00000000
vn 0.00000000 0.00000000 0.00000000
vn 0.00000000 -0.00000000 0.00000000
vn 0.00000000 0.00000000 0.00000000
vn 0.00000000 -0.00000000 0.00000000
vn 0.00000000 -0.00000000 0.00000000
vn 0.00000000 -0.00000000 0.00000000
vn 0.00000000 -0.00000000 0.00000000
vn 0.00000000 -0.00000000 0.00000000
vn 0.00000000 -0.00000000 0.00000000
vn 0.00000000 0.00000000 0.00000000
vn 0.00000000 0.00000000 0.00000000
vn 0.00000000 0.00000000 0.00000000
vn 0.00000000 0.00000000 0.00000000
vn 0.00000000 0.00000000 0.00000000
vn 0.00000000 -0.00000000 0.00000000
vn 0.00000000 0.00000000 0.00000000
vn 0.00000000 0.00000000 0.00000000
vn 0.00000000 0.00000000 0.00000000
vn 0.00000000 0.00000000 0.00000000
vn 0.00000000 0.00000000 0.00000000
vn 0.00000000 -0.00000000 0.00000000
vn 0.00000000 0.00000000 0.00000000
vn 0.00000000 0.00000000 0.00000000
vn 0.00000000 -0.00000000 0.00000000
vn 0.00000000 -0.00000000 0.00000000
vn 0.00000000 -0.00000000 0.00000000
vn 0.00000000 -0.00000000 0.00000000
vn 0.00000000 0.00000000 0.00000000
vn 0.00000000 -0.00000000 0.00000000
vn 0.00000000 0.00000000 0.00000000
vn 0.00000000 -0.00000000 0.00000000
vn 0.00000000 0.00000000 0.00000000
vn 0.00000000 -0.00000000 0.00000000
vn 0.00000000 0.00000000 0.00000000
vn 0.00000000 -0.00000000 0.00000000
vn 0.00000000 0.00000000 0.00000000
vn 0.00000000 -0.00000000 0.00000000
vn 0.00000000 0.00000000 0.00000000
vn 0.00000000 -0.00000000 0.00000000
vn 0.00000000 0.00000000 0.00000000
vn 0.00000000 -0.00000000 0.00000000
vn 0.00000000 -0.00000000 0.00000000
vn 0.00000000 0.00000000 0.00000000
vn 0.00000000 -0.00000000 0.00000000
vn 0.00000000 0.00000000 0.00000000
vn 0.00000000 -0.00000000 0.00000000
vn 0.00000000 -0.00000000 0.00000000
vn 0.00000000 0.00000000 0.00000000
vn 0.00000000 0.00000000 0.00000000
vn 0.00000000 0.00000000 0.00000000
vn 0.00000000 -0.00000000 0.00000000
vn 0.00000000 -0.00000000 0.00000000
vn 0.00000000 -0.00000000 0.00000000
vn 0.00000000 0.00000000 0.00000000
vn 0.00000000 0.00000000 0.00000000
vn 0.00000000 0.00000000 0.00000000
vn 0.00000000 0.00000000 0.00000000
vn 0.00000000 0.00000000 0.00000000
vn 0.00000000 -0.00000000 0.00000000
vn 0.00000000 0.00000000 0.00000000
vn 0.00000000 -0.00000000 0.00000000
vn 0.00000000 -0.00000000 0.00000000
vn 0.00000000 -0.00000000 0.00000000
vn 0.00000000 -0.00000000 0.00000000
vn 0.00000000 -0.00000000 0.00000000
vn 0.00000000 0.00000000 0.00000000
vn 0.00000000 0.00000000 0.00000000
vn 0.00000000 -0.00000000 0.00000000
vn 0.00000000 -0.00000000 0.00000000
vn 0.00000000 0.00000000 0.00000000
vn 0.00000000 -0.00000000 0.00000000
vn 0.00000000 0.00000000 0.00000000
vn 0.00000000 0.00000000 0.00000000
vn 0.00000000 -0.00000000 0.00000000
vn 0.00000000 0.00000000 0.00000000
vn 0.00000000 0.00000000 0.00000000
vn 0.00000000 -0.00000000 0.00000000
vn 0.00000000 0.00000000 0.00000000
vn 0.00000000 -0.00000000 0.00000000
vn 0.00000000 0.00000000 0.00000000
vn 0.00000000 0.00000000 0.00000000
vn 0.00000000 -0.00000000 0.00000000
vn 0.00000000 -0.00000000 0.00000000
vn 0.00000000 0.00000000 0.00000000
vn 0.00000000 -0.00000000 0.00000000
vn 0.00000000 -0.00000000 0.00000000
vn 0.00000000 0.00000000 0.00000000
vn 0.00000000 0.00000000 0.00000000
vn 0.00000000 -0.00000000 0.00000000
vn 0.00000000 0.00000000 0.00000000
vn 0.00000000 0.00000000 0.00000000
vn 0.00000000 -0.00000000 0.00000000
vn 0.00000000 -0.00000000 0.00000000
vn 0.00000000 0.00000000 0.00000000
vn 0.00000000 0.00000000 0.00000000
vn 0.00000000 0.00000000 0.00000000
vn 0.00000000 0.00000000 0.00000000
vn 0.00000000 0.00000000 0.00000000
vn 0.00000000 0.00000000 0.00000000
vn 0.00000000 -0.00000000 0.00000000
vn 0.00000000 0.00000000 0.00000000
vn 0.00000000 0.00000000 0.00000000
vn 0.00000000 -0.00000000 0.00000000
vn 0.00000000 -0.00000000 0.00000000
vn 0.00000000 0.00000000 0.00000000
vn 0.00000000 0.00000000 0.00000000
vn 0.00000000 0.00000000 0.00000000
vn 0.00000000 0.00000000 0.00000000
vn 0.00000000 -0.00000000 0.00000000
vn 0.00000000 0.00000000 0.00000000
vn 0.00000000 0.00000000 0.00000000
vn 0.00000000 -0.00000000 0.00000000
vn 0.00000000 -0.00000000 0.00000000
vn 0.00000000 0.00000000 0.00000000
vn 0.00000000 0.00000000 0.00000000
vn 0.00000000 0.00000000 0.00000000
vn 0.00000000 0.00000000 0.00000000
vn 0.00000000 0.00000000 0.00000000
vn 0.00000000 -0.00000000 0.00000000
vn 0.00000000 0.00000000 0.00000000
vn 0.00000000 0.00000000 0.00000000
vn 0.00000000 -0.00000000 0.00000000
vn 0.00000000 0.00000000 0.00000000
vn 0.00000000 -0.00000000 0.00000000
vn 0.00000000 -0.00000000 0.00000000
vn 0.00000000 0.00000000 0.00000000
vn 0.00000000 0.00000000 0.00000000
vn 0.00000000 0.00000000 0.00000000
vn 0.00000000 0.00000000 0.00000000
vn 0.00000000 0.00000000 0.00000000
vn 0.00000000 0.00000000 0.00000000
vn 0.00000000 -0.00000000 0.00000000
vn 0.00000000 -0.00000000 0.00000000
vn 0.00000000 0.00000000 0.00000000
vn 0.00000000 -0.00000000 0.00000000
vn 0.00000000 0.00000000 0.00000000
vn 0.00000000 -0.00000000 0.00000000
vn 0.00000000 0.00000000 0.00000000
vn 0.00000000 0.00000000 0.00000000
vn 0.00000000 0.00000000 0.00000000
vn 0.00000000 -0.00000000 0.00000000
vn 0.00000000 -0.00000000 0.00000000
vn 0.00000000 0.00000000 0.00000000
vn 0.00000000 0.00000000 0.00000000
vn 0.00000000 -0.00000000 0.00000000
vn 0.00000000 -0.00000000 0.00000000
vn 0.00000000 0.00000000 0.00000000
vn 0.00000000 0.00000000 0.00000000
vn 0.00000000 -0.00000000 0.00000000
vn 0.00000000 -0.00000000 0.00000000
vn 0.00000000 0.00000000 0.00000000
vn 0.00000000 0.00000000 0.00000000
vn 0.00000000 -0.00000000 0.00000000
vn 0.00000000 -0.00000000 0.00000000
vn 0.00000000 -0.00000000 0.00000000
vn 0.00000000 0.00000000 0.00000000
vn 0.00000000 0.00000000 0.00000000
vn 0.00000000 -0.00000000 0.00000000
vn 0.00000000 -0.00000000 0.00000000
vn 0.00000000 0.00000000 0.00000000
vn 0.00000000 0.00000000 0.00000000
vn 0.00000000 -0.00000000 0.00000000
vn 0.00000000 0.00000000 0.00000000
vn 0.00000000 -0.00000000 0.00000000
vn 0.00000000 0.00000000 0.00000000
vn 0.00000000 -0.00000000 0.00000000
vn 0.00000000 0.00000000 0.00000000
vn 0.00000000 -0.00000000 0.00000000
vn 0.00000000 -0.00000000 0.00000000
vn 0.00000000 -0.00000000 0.00000000
vn 0.00000000 0.00000000 0.00000000
vn 0.00000000 0.00000000 0.00000000
vn 0.00000000 -0.00000000 0.00000000
vn 0.00000000 0.00000000 0.00000000
vn 0.00000000 0.00000000 0.00000000
vn 0.00000000 0.00000000 0.00000000
vn 0.00000000 0.00000000 0.00000000
vn 0.00000000 0.00000000 0.00000000
vn 0.00000000 -0.00000000 0.00000000
vn 0.00000000 0.00000000 0.00000000
vn 0.00000000 -0.00000000 0.00000000
vn 0.00000000 0.00000000 0.00000000
vn 0.00000000 0.00000000 0.00000000
vn 0.00000000 0.00000000 0.00000000
vn 0.00000000 -0.00000000 0.00000000
vn 0.00000000 0.00000000 0.00000000
vn 0.00000000 -0.00000000 0.00000000
vn 0.00000000 0.00000000 0.00000000
vn 0.00000000 0.00000000 0.00000000
vn 0.00000000 -0.00000000 0.00000000
vn 0.00000000 -0.00000000 0.00000000
vn 0.00000000 0.00000000 0.00000000
vn 0.00000000 0.00000000 0.00000000
vn 0.00000000 0.00000000 0.00000000
vn 0.00000000 -0.00000000 0.00000000
vn 0.00000000 -0.00000000 0.00000000
vn 0.00000000 -0.00000000 0.00000000
vn 0.00000000 0.00000000 0.00000000
vn 0.00000000 0.00000000 0.00000000
vn 0.00000000 0.00000000 0.00000000
vn 0.00000000 -0.00000000 0.00000000
vn 0.00000000 0.00000000 0.00000000
vn 0.00000000 -0.00000000 0.00000000
vn 0.00000000 0.00000000 0.00000000
vn 0.00000000 -0.00000000 0.00000000
vn 0.00000000 -0.00000000 0.00000000
vn 0.00000000 0.00000000 0.00000000
vn 0.00000000 0.00000000 0.00000000
vn 0.00000000 0.00000000 0.00000000
vn 0.00000000 0.00000000 0.00000000
vn 0.00000000 -0.00000000 0.00000000
vn 0.00000000 -0.00000000 0.00000000
vn 0.00000000 0.00000000 0.00000000
vn 0.00000000 0.00000000 0.00000000
vn 0.00000000 0.00000000 0.00000000
vn 0.00000000 -0.00000000 0.00000000
vn 0.00000000 -0.00000000 0.00000000
vn 0.00000000 -0.00000000 0.00000000
vn 0.00000000 -0.00000000 0.00000000
vn 0.00000000 0.00000000 0.00000000
vn 0.00000000 0.00000000 0.00000000
vn 0.00000000 0.00000000 0.00000000
vn 0.00000000 -0.00000000 0.00000000
vn 0.00000000 -0.00000000 0.00000000
vn 0.00000000 -0.00000000 0.00000000
vn 0.00000000 0.00000000 -0.00000000
vn -0.00000000 -0.00000000 -0.00000000
vn 0.00000000 -0.00000000 0.00000000
vn 0.00000000 0.00000000 0.00000000
vn -0.00000000 0.00000000 -0.00000000
vn -0.00000000 -0.00000000 0.00000000
vn -0.00000000 0.00000000 -0.00000000
vn 0.00000000 0.00000000 0.00000000
vn 0.00000000 -0.00000000 -0.00000000
vn 0.00000000 0.00000000 0.00000000
vn 0.00000000 0.00000000 0.00000000
vn 0.00000000 -0.00000000 0.00000000
vn 0.00000000 -0.00000000 -0.00000000
vn -0.00000000 -0.00000000 -0.00000000
vn 0.00000000 0.00000000 -0.00000000
vn -0.00000000 0.00000000 0.00000000
vn 0.00000000 -0.00000000 -0.00000000
vn -0.00000000 0.00000000 0.00000000
vn 0.00000000 0.00000000 -0.00000000
vn 0.00000000 -0.00000000 -0.00000000
vn 0.00000000 -0.00000000 0.00000000
vn 0.00000000 -0.00000000 0.00000000
vn -0.00000000 -0.00000000 0.00000000
vn -0.00000000 0.00000000 -0.00000000
vn 0.00000000 0.00000000 -0.00000000
vn 0.00000000 -0.00000000 0.00000000
vn -0.00000000 -0.00000000 0.00000000
vn -0.00000000 0.00000000 -0.00000000
vn 0.00000000 0.00000000 -0.00000000
vn 0.00000000 -0.00000000 -0.00000000
vn -0.00000000 0.00000000 0.00000000
vn -0.00000000 0.00000000 -0.00000000
vn 0.00000000 0.00000000 -0.00000000
vn 0.00000000 -0.00000000 0.00000000
vn -0.00000000 -0.00000000 0.00000000
vn 0.00000000 0.00000000 -0.00000000
vn -0.00000000 -0.00000000 0.00000000
vn 0.00000000 -0.00000000 0.00000000
vn -0.00000000 0.00000000 -0.00000000
vn -0.00000000 0.00000000 -0.00000000
vn 0.00000000 -0.00000000 -0.00000000
vn 0.00000000 -0.00000000 0.00000000
vn -0.00000000 0.00000000 -0.00000000
vn -0.00000000 0.00000000 -0.00000000
vn 0.00000000 -0.00000000 0.00000000
vn 0.00000000 -0.00000000 0.00000000
vn -0.00000000 -0.00000000 0.00000000
vn -0.00000000 0.00000000 0.00000000
vn 0.00000000 0.00000000 0.00000000
vn -0.00000000 -0.00000000 -0.00000000
vn 0.00000000 0.00000000 -0.00000000
vn -0.00000000 -0.00000000 -0.00000000
vn -0.00000000 0.00000000 0.00000000
vn -0.00000000 0.00000000 0.00000000
vn -0.00000000 -0.00000000 -0.00000000
vn 0.00000000 0.00000000 0.00000000
vn 0.00000000 0.00000000 0.00000000
vn 0.00000000 0.00000000 0.00000000
vn -0.00000000 0.00000000 0.00000000
vn 0.00000000 -0.00000000 -0.00000000
vn 0.00000000 0.00000000 0.00000000
vn 0.00000000 0.00000000 0.00000000
vn 0.00000000 -0.00000000 -0.00000000
vn 0.00000000 -0.00000000 -0.00000000
vn 0.00000000 0.00000000 0.00000000
vn 0.00000000 0.00000000 -0.00000000
vn 0.00000000 -0.00000000 0.00000000
vn 0.00000000 0.00000000 -0.00000000
vn 0.00000000 0.00000000 -0.00000000
vn 0.00000000 -0.00000000 0.00000000
vn 0.00000000 0.00000000 -0.00000000
vn 0.00000000 0.00000000 -0.00000000
vn 0.00000000 -0.00000000 -0.00000000
vn 0.00000000 0.00000000 0.00000000
vn -0.00000000 -0.00000000 0.00000000
vn 0.00000000 0.00000000 -0.00000000
vn 0.00000000 0.00000000 0.00000000
vn -0.00000000 0.00000000 0.00000000
vn -0.00000000 -0.00000000 0.00000000
vn -0.00000000 -0.00000000 0.00000000
vn -0.00000000 0.00000000 0.00000000
vn 0.00000000 0.00000000 -0.00000000
vn 0.00000000 0.00000000 -0.00000000
vn 0.00000000 -0.00000000 0.00000000
vn 0.00000000 0.00000000 0.00000000
vn -0.00000000 -0.00000000 0.00000000
vn 0.00000000 0.00000000 0.00000000
vn 0.00000000 0.00000000 -0.00000000
vn -0.00000000 -0.00000000 -0.00000000
vn -0.00000000 0.00000000 0.00000000
vn 0.00000000 -0.00000000 -0.00000000
vn -0.00000000 -0.00000000 0.00000000
vn -0.00000000 -0.00000000 0.00000000
vn -0.00000000 -0.00000000 0.00000000
vn 0.00000000 0.00000000 0.00000000
vn -0.00000000 0.00000000 -0.00000000
vn 0.00000000 -0.00000000 -0.00000000
vn 0.00000000 0.00000000 0.00000000
vn 0.00000000 -0.00000000 -0.00000000
vn -0.00000000 -0.00000000 0.00000000
vn -0.00000000 0.00000000 -0.00000000
vn 0.00000000 0.00000000 0.00000000
vn -0.00000000 0.00000000 -0.00000000
vn 0.00000000 0.00000000 -0.00000000
vn 0.00000000 0.00000000 0.00000000
vn -0.00000000 -0.00000000 0.00000000
vn 0.00000000 -0.00000000 0.00000000
vn -0.00000000 -0.00000000 -0.00000000
vn -0.00000000 0.00000000 -0.00000000
vn -0.00000000 0.00000000 0.00000000
vn 0.00000000 0.00000000 0.00000000
vn 0.00000000 0.00000000 -0.00000000
vn 0.00000000 -0.00000000 0.00000000
vn -0.00000000 0.00000000 0.00000000
vn -0.00000000 0.00000000 -0.00000000
vn 0.00000000 -0.00000000 0.00000000
vn -0.00000000 -0.00000000 -0.00000000
vn -0.00000000 0.00000000 0.00000000
vn 0.00000000 0.00000000 0.00000000
vn 0.00000000 -0.00000000 -0.00000000
vn -0.00000000 -0.00000000 0.00000000
vn 0.00000000 -0.00000000 -0.00000000
vn -0.00000000 -0.00000000 0.00000000
vn 0.00000000 0.00000000 0.00000000
vn 0.00000000 0.00000000 -0.00000000
vn -0.00000000 0.00000000 0.00000000
vn -0.00000000 -0.00000000 0.00000000
vn 0.00000000 -0.00000000 0.00000000
vn 0.00000000 -0.00000000 -0.00000000
vn -0.00000000 0.00000000 -0.00000000
vn 0.00000000 -0.00000000 0.00000000
vn -0.00000000 0.00000000 -0.00000000
vn -0.00000000 -0.00000000 0.00000000
vn 0.00000000 0.00000000 0.00000000
vn -0.00000000 -0.00000000 0.00000000
vn 0.00000000 -0.00000000 -0.00000000
vn -0.00000000 0.00000000 0.00000000
vn 0.00000000 0.00000000 -0.00000000
vn -0.00000000 -0.00000000 0.00000000
vn 0.00000000 -0.00000000 -0.00000000
vn 0.00000000 0.00000000 -0.00000000
vn -0.00000000 0.00000000 0.00000000
vn -0.00000000 -0.00000000 -0.00000000
vn -0.00000000 0.00000000 -0.00000000
vn -0.00000000 0.00000000 -0.00000000
vn -0.00000000 0.00000000 0.00000000
vn 0.00000000 0.00000000 0.00000000
vn 0.00000000 -0.00000000 -0.00000000
vn 0.00000000 0.00000000 -0.00000000
vn -0.00000000 0.00000000 0.00000000
vn 0.00000000 0.00000000 -0.00000000
vn 0.00000000 0.00000000 0.00000000
vn -0.00000000 -0.00000000 0.00000000
vn -0.00000000 0.00000000 -0.00000000
vn 0.00000000 0.00000000 -0.00000000
vn 0.00000000 -0.00000000 0.00000000
vn -0.00000000 -0.00000000 -0.00000000
vn 0.00000000 -0.00000000 0.00000000
vn -0.00000000 -0.00000000 -0.00000000
vn -0.00000000 0.00000000 -0.00000000
vn 0.00000000 0.00000000 -0.00000000
vn -0.00000000 -0.00000000 0.00000000
vn 0.00000000 0.00000000 -0.00000000
vn 0.00000000 -0.00000000 -0.00000000
vn -0.00000000 0.00000000 -0.00000000
vn -0.00000000 -0.00000000 0.00000000
vn 0.00000000 -0.00000000 0.00000000
vn 0.00000000 -0.00000000 -0.00000000
vn 0.00000000 -0.00000000 0.00000000
vn 0.00000000 0.00000000 -0.00000000
vn -0.00000000 0.00000000 0.00000000
vn -0.00000000 -0.00000000 0.00000000
vn 0.00000000 0.00000000 -0.00000000
vn 0.00000000 0.00000000 0.00000000
vn -0.00000000 -0.00000000 -0.00000000
vn 0.00000000 -0.00000000 -0.00000000
vn 0.00000000 0.00000000 0.00000000
vn -0.00000000 -0.00000000 -0.00000000
vn -0.00000000 0.00000000 0.00000000
vn 0.00000000 0.00000000 -0.00000000
vn 0.00000000 -0.00000000 -0.00000000
vn 0.00000000 0.00000000 0.00000000
vn 0.00000000 0.00000000 0.00000000
vn -0.00000000 -0.00000000 0.00000000
vn 0.00000000 -0.00000000 -0.00000000
vn -0.00000000 0.00000000 0.00000000
vn 0.00000000 0.00000000 0.00000000
vn 0.00000000 -0.00000000 -0.00000000
vn 0.00000000 -0.00000000 0.00000000
vn -0.00000000 0.00000000 -0.00000000
vn -0.00000000 0.00000000 -0.00000000
vn -0.00000000 0.00000000 0.00000000
vn -0.00000000 -0.00000000 0.00000000
vn 0.00000000 0.00000000 -0.00000000
vn -0.00000000 -0.00000000 -0.00000000
vn 0.00000000 0.00000000 0.00000000
vn -0.00000000 -0.00000000 0.00000000
vn -0.00000000 -0.00000000 -0.00000000
vn 0.00000000 0.00000000 0.00000000
vn -0.00000000 -0.00000000 0.00000000
vn 0.00000000 0.00000000 -0.00000000
vn 0.00000000 0.00000000 -0.00000000
vn -0.00000000 -0.00000000 0.00000000
vn 0.00000000 0.00000000 0.00000000
vn 0.00000000 0.00000000 -0.00000000
vn 0.00000000 -0.00000000 0.00000000
vn 0.00000000 -0.00000000 -0.00000000
vn -0.00000000 0.00000000 -0.00000000
vn -0.00000000 -0.00000000 0.00000000
vn 0.00000000 -0.00000000 0.00000000
vn -0.00000000 -0.00000000 0.00000000
vn -0.00000000 -0.00000000 -0.00000000
vn -0.00000000 0.00000000 -0.00000000
vn 0.00000000 0.00000000 0.00000000
vn -0.00000000 -0.00000000 0.00000000
vn 0.00000000 0.00000000 -0.00000000
vn 0.00000000 0.00000000 0.00000000
vn 0.00000000 0.00000000 -0.00000000
vn 0.00000000 -0.00000000 0.00000000
vn 0.00000000 -0.00000000 0.00000000
vn -0.00000000 -0.00000000 -0.00000000
vn -0.00000000 -0.00000000 -0.00000000
vn 0.00000000 -0.00000000 -0.00000000
vn 0.00000000 0.00000000 0.00000000
vn -0.00000000 0.00000000 -0.00000000
vn -0.00000000 -0.00000000 -0.00000000
vn -0.00000000 0.00000000 0.00000000
vn 0.00000000 0.00000000 0.00000000
vn -0.00000000 0.00000000 0.00000000
vn 0.00000000 0.00000000 0.00000000
vn -0.00000000 0.00000000 0.00000000
vn 0.00000000 0.00000000 -0.00000000
vn -0.00000000 -0.00000000 -0.00000000
vn 0.00000000 0.00000000 0.00000000
vn 0.00000000 0.00000000 -0.00000000
vn -0.00000000 -0.00000000 0.00000000
vn 0.00000000 -0.00000000 -0.00000000
vn 0.00000000 0.00000000 -0.00000000
vn 0.00000000 0.00000000 0.00000000
vn 0.00000000 0.00000000 -0.00000000
vn -0.00000000 0.00000000 -0.00000000
vn -0.00000000 0.00000000 0.00000000
vn -0.00000000 0.00000000 0.00000000
vn 0.00000000 0.00000000 -0.00000000
vn -0.00000000 0.00000000 0.00000000
vn -0.00000000 -0.00000000 0.00000000
vn 0.00000000 0.00000000 0.00000000
vn 0.00000000 -0.00000000 0.00000000
vn 0.00000000 -0.00000000 0.00000000
vn 0.00000000 -0.00000000 -0.00000000
vn -0.00000000 0.00000000 -0.00000000
vn 0.00000000 0.00000000 0.00000000
vn 0.00000000 0.00000000 -0.00000000
vn -0.00000000 0.00000000 -0.00000000
vn 0.00000000 0.00000000 0.00000000
vn 0.00000000 0.00000000 0.00000000
vn 0.00000000 -0.00000000 -0.00000000
vn 0.00000000 -0.00000000 0.00000000
vn 0.00000000 -0.00000000 0.00000000
vn -0.00000000 -0.00000000 -0.00000000
vn -0.00000000 0.00000000 0.00000000
vn 0.00000000 0.00000000 0.00000000
vn 0.00000000 -0.00000000 0.00000000
vn 0.00000000 0.00000000 -0.00000000
vn 0.00000000 -0.00000000 -0.00000000
vn -0.00000000 0.00000000 -0.00000000
vn 0.00000000 0.00000000 0.00000000
vn 0.00000000 0.00000000 0.00000000
vn 0.00000000 -0.00000000 0.00000000
vn -0.00000000 -0.00000000 -0.00000000
vn -0.00000000 0.00000000 0.00000000
vn -0.00000000 0.00000000 -0.00000000
vn -0.00000000 -0.00000000 -0.00000000
vn -0.00000000 0.00000000 0.00000000
vn 0.00000000 0.00000000 -0.00000000
vn -0.00000000 0.00000000 0.00000000
vn -0.00000000 -0.00000000 0.00000000
vn 0.00000000 0.00000000 -0.00000000
vn 0.00000000 0.00000000 0.00000000
vn 0.00000000 0.00000000 0.00000000
vn -0.00000000 -0.00000000 0.00000000
vn -0.00000000 -0.00000000 0.00000000
vn -0.00000000 -0.00000000 -0.00000000
vn 0.00000000 0.00000000 0.00000000
vn 0.00000000 -0.00000000 0.00000000
vn -0.00000000 0.00000000 -0.00000000
vn 0.00000000 -0.00000000 -0.00000000
vn -0.00000000 0.00000000 0.00000000
vn -0.00000000 -0.00000000 0.00000000
vn 0.00000000 0.00000000 0.00000000
vn -0.00000000 0.00000000 -0.00000000
vn 0.00000000 0.00000000 0.00000000
vn 0.00000000 -0.00000000 0.00000000
vn -0.00000000 -0.00000000 0.00000000
vn 0.00000000 -0.00000000 0.00000000
vn -0.00000000 0.00000000 -0.00000000
vn 0.00000000 0.00000000 0.00000000
vn -0.00000000 0.00000000 -0.00000000
vn -0.00000000 -0.00000000 0.00000000
vn 0.00000000 0.00000000 0.00000000
vn -0.00000000 -0.00000000 0.00000000
vn 0.00000000 0.00000000 -0.00000000
vn -0.00000000 0.00000000 0.00000000
vn 0.00000000 -0.00000000 0.00000000
vn -0.00000000 0.00000000 -0.00000000
vn 0.00000000 -0.00000000 -0.00000000
vn 0.00000000 0.00000000 -0.00000000
vn -0.00000000 0.00000000 0.00000000
vn -0.00000000 0.00000000 -0.00000000
vn 0.00000000 0.00000000 0.00000000
vn 0.00000000 -0.00000000 -0.00000000
vn 0.00000000 0.00000000 0.00000000
vn -0.00000000 0.00000000 0.00000000
vn 0.00000000 0.00000000 0.00000000
vn 0.00000000 -0.00000000 -0.00000000
vn -0.00000000 -0.00000000 0.00000000
vn 0.00000000 0.00000000 -0.00000000
vn -0.00000000 0.00000000 -0.00000000
vn -0.00000000 -0.00000000 -0.00000000
vn -0.00000000 -0.00000000 -0.00000000
vn 0.00000000 -0.00000000 0.00000000
vn 0.00000000 0.00000000 -0.00000000
vn 0.00000000 0.00000000 0.00000000
vn -0.00000000 -0.00000000 0.00000000
vn 0.00000000 0.00000000 -0.00000000
vn -0.00000000 -0.00000000 -0.00000000
vn 0.00000000 0.00000000 -0.00000000
vn -0.00000000 0.00000000 0.00000000
vn 0.00000000 -0.00000000 0.00000000
vn 0.00000000 0.00000000 -0.00000000
vn 0.00000000 0.00000000 -0.00000000
vn 0.00000000 0.00000000 -0.00000000
vn 0.00000000 0.00000000 0.00000000
vn 0.00000000 -0.00000000 0.00000000
vn 0.00000000 0.00000000 0.00000000
vn -0.00000000 0.00000000 -0.00000000
vn -0.00000000 0.00000000 -0.00000000
vn 0.00000000 -0.00000000 0.00000000
vn 0.00000000 0.00000000 -0.00000000
vn 0.00000000 -0.00000000 0.00000000
vn -0.00000000 0.00000000 0.00000000
vn -0.00000000 0.00000000 0.00000000
vn -0.00000000 0.00000000 0.00000000
vn -0.00000000 -0.00000000 0.00000000
vn -0.00273217 -0.99997477 -0.00655721
vn 0.00000000 0.00000000 0.00000000
vn 0.00000000 0.00000000 0.00000000
vn 0.00000000 -0.00000000 -0.00000000
vn 0.00000000 0.00000000 0.00000000
vn 0.00000000 0.00000000 -0.00000000
vn 0.00000000 0.00000000 -0.00000000
vn -0.00000000 0.00000000 0.00000000
vn 0.00000000 0.00000000 0.00000000
vn 0.00000000 -0.00000000 -0.00000000
vn -0.00000000 0.00000000 0.00000000
vn 0.00000000 0.00000000 -0.00000000
vn 0.00000000 0.00000000 -0.00000000
vn 0.00000000 0.00000000 -0.00000000
vn -0.00000000 0.00000000 -0.00000000
vn 0.00000000 -0.00000000 0.00000000
vn -0.00000000 0.00000000 -0.00000000
vn 0.00000000 -0.00000000 0.00000000
vn -0.00000000 0.00000000 -0.00000000
vn -0.00000000 0.00000000 -0.00000000
vn -0.00000000 -0.00000000 0.00000000
vn 0.00000000 -0.00000000 -0.00000000
vn -0.00000000 -0.00000000 0.00000000
vn 0.00000000 -0.00000000 -0.00000000
vn -0.00000000 -0.00000000 0.00000000
vn 0.00000000 0.00000000 0.00000000
vn 0.00000000 0.00000000 0.00000000
vn 0.00000000 -0.00000000 0.00000000
vn 0.00000000 0.00000000 0.00000000
vn 0.00000000 -0.00000000 0.00000000
vn 0.00000000 0.00000000 -0.00000000
vn -0.00000000 -0.00000000 0.00000000
vn -0.00000000 -0.00000000 0.00000000
vn -0.00000000 0.00000000 -0.00000000
vn 0.00000000 0.00000000 0.00000000
vn -0.00000000 0.00000000 -0.00000000
vn 0.00000000 -0.00000000 -0.00000000
vn -0.00881023 0.99996058 -0.00110128
vn 0.00000000 0.00000000 0.00000000
vn -0.00000000 -0.00000000 0.00000000
vn 0.00000000 0.00000000 0.00000000
vn 0.00000000 -0.00000000 0.00000000
vn 0.00000000 -0.00000000 0.00000000
vn 0.00000000 -0.00000000 -0.00000000
vn -0.00000000 -0.00000000 0.00000000
vn 0.00000000 -0.00000000 0.00000000
vn -0.00000000 0.00000000 0.00000000
vn 0.00000000 0.00000000 -0.00000000
vn -0.00000000 -0.00000000 -0.00000000
vn -0.00000000 -0.00000000 -0.00000000
vn 0.00000000 0.00000000 -0.00000000
vn -0.00000000 0.00000000 0.00000000
vn 0.00000000 -0.00000000 0.00000000
vn 0.00000000 -0.00000000 0.00000000
vn -0.00000000 0.00000000 0.00000000
vn 0.00000000 0.00000000 -0.00000000
vn -0.00000000 -0.00000000 -0.00000000
vn -0.00000000 -0.00000000 -0.00000000
vn 0.00000000 0.00000000 -0.00000000
vn -0.00000000 0.00000000 0.00000000
vn 0.00000000 -0.00000000 0.00000000
vn -0.00000000 0.00000000 0.00000000
vn 0.00000000 0.00000000 0.00000000
vn 0.00000000 -0.00000000 -0.00000000
vn 0.00000000 0.00000000 -0.00000000
vn 0.00000000 -0.00000000 0.00000000
vn -0.00000000 0.00000000 -0.00000000
vn -0.00000000 -0.00000000 0.00000000
vn 0.00000000 0.00000000 0.00000000
vn -0.00000000 0.00000000 0.00000000
vn 0.00000000 -0.00000000 0.00000000
vn -0.00000000 0.00000000 0.00000000
vn 0.00000000 -0.00000000 0.00000000
vn 0.00000000 -0.00000000 -0.00000000
vn 0.00000000 -0.00000000 -0.00000000
vn -0.00000000 0.00000000 0.00000000
vn 0.00000000 -0.00000000 0.00000000
vn 0.00000000 0.00000000 -0.00000000
vn 0.00000000 0.00000000 0.00000000
vn 0.00000000 0.00000000 0.00000000
vn 0.00000000 -0.00000000 0.00000000
vn -0.00000000 -0.00000000 -0.00000000
vn -0.00000000 0.00000000 -0.00000000
vn -0.00000000 -0.00000000 -0.00000000
vn -0.00000000 0.00000000 -0.00000000
vn -0.00000000 0.00000000 0.00000000
vn 0.00000000 -0.00000000 0.00000000
vn -0.00000000 -0.00000000 -0.00000000
vn 0.00000000 -0.00000000 -0.00000000
vn -0.00000000 0.00000000 -0.00000000
vn 0.00000000 -0.00000000 -0.00000000
vn 0.00000000 0.00000000 0.00000000
vn 0.00000000 0.00000000 0.00000000
vn 0.00000000 0.00000000 -0.00000000
vn -0.00000000 -0.00000000 0.00000000
vn 0.00000000 -0.00000000 0.00000000
vn -0.00000000 -0.00000000 -0.00000000
vn -0.00000000 0.00000000 0.00000000
vn -0.00000000 0.00000000 -0.00000000
vn -0.00000000 -0.00000000 0.00000000
vn -0.00000000 -0.00000000 -0.00000000
vn -0.00000000 0.00000000 0.00000000
vn -0.00000000 -0.00000000 -0.00000000
vn -0.00000000 -0.00000000 0.00000000
vn -0.00000000 0.00000000 0.00000000
vn 0.00000000 0.00000000 -0.00000000
vn 0.00000000 -0.00000000 0.00000000
vn 0.00000000 -0.00000000 -0.00000000
vn -0.00000000 0.00000000 -0.00000000
vn 0.00000000 0.00000000 0.00000000
vn -0.00000000 -0.00000000 -0.00000000
vn -0.00000000 0.00000000 -0.00000000
vn 0.00000000 -0.00000000 0.00000000
vn 0.00000000 -0.00000000 0.00000000
vn 0.00000000 -0.00000000 0.00000000
vn 0.00000000 0.00000000 0.00000000
vn -0.00000000 0.00000000 -0.00000000
vn -0.00000000 -0.00000000 -0.00000000
vn -0.00000000 -0.00000000 0.00000000
vn 0.00000000 -0.00000000 -0.00000000
vn -0.00000000 -0.00000000 -0.00000000
vn 0.00000000 0.00000000 -0.00000000
vn -0.00000000 0.00000000 0.00000000
vn -0.00000000 -0.00000000 0.00000000
vn 0.00000000 0.00000000 -0.00000000
vn 0.00000000 -0.00000000 0.00000000
vn -0.00000000 -0.00000000 0.00000000
vn 0.00000000 0.00000000 0.00000000
vn 0.00000000 0.00000000 0.00000000
vn -0.00000000 0.00000000 -0.00000000
vn -0.00000000 -0.00000000 -0.00000000
vn 0.00000000 -0.00000000 -0.00000000
vn 0.00000000 0.00000000 0.00000000
vn 0.00000000 -0.00000000 -0.00000000
vn 0.00000000 0.00000000 -0.00000000
vn 0.00000000 0.00000000 0.00000000
vn -0.00000000 0.00000000 0.00000000
vn 0.00000000 -0.00000000 -0.00000000
vn -0.00000000 0.00000000 -0.00000000
vn -0.00000000 -0.00000000 0.00000000
vn 0.00000000 -0.00000000 -0.00000000
vn 0.00000000 -0.00000000 0.00000000
vn 0.00000000 0.00000000 0.00000000
vn -0.00000000 -0.00000000 -0.00000000
vn 0.00000000 0.00000000 0.00000000
vn -0.00000000 0.00000000 -0.00000000
vn 0.00000000 0.00000000 0.00000000
vn 0.00000000 0.00000000 -0.00000000
vn 0.00000000 -0.00000000 -0.00000000
vn 0.00000000 -0.00000000 -0.00000000
vn -0.00000000 0.00000000 0.00000000
vn 0.00000000 0.00000000 -0.00000000
vn -0.00000000 0.00000000 0.00000000
vn -0.00000000 0.00000000 -0.00000000
vn -0.00000000 0.00000000 -0.00000000
vn 0.00000000 0.00000000 0.00000000
vn -0.00000000 -0.00000000 0.00000000
vn 0.00000000 -0.00000000 0.00000000
vn -0.00000000 -0.00000000 -0.00000000
vn 0.00000000 0.00000000 0.00000000
vn 0.00000000 -0.00000000 0.00000000
vn 0.00000000 -0.00000000 0.00000000
vn -0.00000000 0.00000000 -0.00000000
vn -0.00000000 0.00000000 -0.00000000
vn 0.00000000 -0.00000000 0.00000000
vn 0.00000000 0.00000000 0.00000000
vn -0.00000000 0.00000000 0.00000000
vn 0.00000000 -0.00000000 0.00000000
vn 0.00000000 0.00000000 -0.00000000
vn -0.00000000 -0.00000000 0.00000000
vn -0.00000000 0.00000000 -0.00000000
vn 0.00000000 -0.00000000 -0.00000000
vn 0.00000000 0.00000000 -0.00000000
vn -0.00000000 -0.00000000 0.00000000
vn 0.00000000 -0.00000000 -0.00000000
vn 0.00000000 0.00000000 -0.00000000
vn 0.00000000 0.00000000 0.00000000
vn 0.00000000 0.00000000 -0.00000000
vn -0.00000000 0.00000000 -0.00000000
vn -0.00000000 0.00000000 0.00000000
vn 0.00000000 0.00000000 -0.00000000
vn -0.00000000 0.00000000 -0.00000000
vn -0.00000000 -0.00000000 0.00000000
vn -0.00000000 -0.00000000 0.00000000
vn 0.00000000 0.00000000 0.00000000
vn 0.00000000 0.00000000 0.00000000
vn 0.00000000 -0.00000000 0.00000000
vn 0.00000000 -0.00000000 -0.00000000
vn 0.00000000 -0.00000000 0.00000000
vn 0.00000000 -0.00000000 0.00000000
vn 0.00000000 0.00000000 0.00000000
vn 0.00000000 0.00000000 0.00000000
vn 0.00000000 0.00000000 -0.00000000
vn 0.00000000 0.00000000 0.00000000
vn -0.00000000 0.00000000 0.00000000
vn 0.00000000 -0.00000000 0.00000000
vn 0.00000000 -0.00000000 0.00000000
vn -0.00000000 0.00000000 -0.00000000
vn -0.00000000 0.00000000 0.00000000
vn 0.00000000 0.00000000 0.00000000
vn 0.00000000 -0.00000000 0.00000000
vn 0.00000000 -0.00000000 -0.00000000
vn 0.00000000 0.00000000 -0.00000000
vn -0.00000000 0.00000000 0.00000000
vn -0.00000000 0.00000000 0.00000000
vn 0.00000000 0.00000000 0.00000000
vn 0.00000000 -0.00000000 -0.00000000
vn 0.00000000 -0.00000000 0.00000000
vn -0.00000000 0.00000000 0.00000000
vn -0.00000000 -0.00000000 0.00000000
vn 0.00000000 0.00000000 -0.00000000
vn -0.00000000 0.00000000 0.00000000
vn 0.00000000 0.00000000 -0.00000000
vn -0.00000000 -0.00000000 0.00000000
vn -0.00000000 -0.00000000 0.00000000
vn 0.00000000 0.00000000 -0.00000000
vn 0.00000000 0.00000000 0.00000000
vn 0.00000000 0.00000000 0.00000000
vn -0.00000000 -0.00000000 0.00000000
vn 0.00000000 -0.00000000 0.00000000
vn -0.00000000 -0.00000000 -0.00000000
vn 0.00000000 -0.00000000 0.00000000
vn -0.00000000 -0.00000000 -0.00000000
vn -0.00000000 0.00000000 -0.00000000
vn 0.00000000 -0.00000000 0.00000000
vn 0.00000000 0.00000000 0.00000000
vn -0.00000000 0.00000000 0.00000000
vn 0.00000000 0.00000000 0.00000000
vn 0.00000000 -0.00000000 0.00000000
vn 0.00000000 -0.00000000 -0.00000000
vn -0.00000000 0.00000000 -0.00000000
vn -0.00000000 -0.00000000 0.00000000
vn 0.00000000 0.00000000 0.00000000
vn 0.00000000 0.00000000 -0.00000000
vn 0.00000000 -0.00000000 0.00000000
vn -0.00000000 -0.00000000 0.00000000
vn -0.00000000 -0.00000000 -0.00000000
vn 0.00000000 0.00000000 0.00000000
vn -0.00000000 -0.00000000 0.00000000
vn -0.00000000 0.00000000 0.00000000
vn 0.00000000 -0.00000000 -0.00000000
vn 0.00000000 0.00000000 0.00000000
vn -0.00000000 0.00000000 0.00000000
vn -0.00000000 -0.00000000 0.00000000
vn 0.00000000 0.00000000 -0.00000000
vn 0.00000000 0.00000000 0.00000000
vn 0.00000000 0.00000000 -0.00000000
vn -0.00000000 0.00000000 0.00000000
vn 0.00000000 0.00000000 0.00000000
vn -0.00000000 0.00000000 -0.00000000
vn 0.00000000 0.00000000 0.00000000
vn -0.00000000 0.00000000 -0.00000000
vn 0.00000000 -0.00000000 0.00000000
vn 0.00000000 -0.00000000 -0.00000000
vn 0.00000000 0.00000000 0.00000000
vn -0.00000000 -0.00000000 0.00000000
vn 0.00000000 -0.00000000 0.00000000
vn 0.00000000 0.00000000 0.00000000
vn -0.00000000 0.00000000 0.00000000
vn 0.00000000 0.00000000 0.00000000
vn -0.00000000 -0.00000000 0.00000000
vn 0.00000000 -0.00000000 0.00000000
vn 0.00000000 0.00000000 -0.00000000
vn -0.00000000 0.00000000 -0.00000000
vn 0.00000000 0.00000000 0.00000000
vn -0.00000000 0.00000000 0.00000000
vn -0.00000000 0.00000000 0.00000000
vn -0.00000000 0.00000000 0.00000000
vn 0.00000000 -0.00000000 0.00000000
vn -0.00000000 0.00000000 -0.00000000
vn 0.00000000 -0.00000000 -0.00000000
vn 0.00000000 0.00000000 0.00000000
vn 0.00000000 0.00000000 -0.00000000
vn -0.00000000 0.00000000 0.00000000
vn -0.00000000 -0.00000000 0.00000000
vn 0.00000000 0.00000000 -0.00000000
vn 0.00000000 -0.00000000 -0.00000000
vn 0.00000000 -0.00000000 0.00000000
vn -0.00000000 -0.00000000 -0.00000000
vn -0.00000000 0.00000000 0.00000000
vn 0.00000000 0.00000000 -0.00000000
vn 0.00000000 -0.00000000 -0.00000000
vn 0.00000000 0.00000000 0.00000000
vn 0.00000000 0.00000000 0.00000000
vn -0.00000000 -0.00000000 0.00000000
vn 0.00000000 -0.00000000 -0.00000000
vn -0.00000000 0.00000000 -0.00000000
vn -0.00000000 0.00000000 -0.00000000
vn 0.00000000 -0.00000000 -0.00000000
vn -0.00000000 -0.00000000 0.00000000
vn 0.00000000 0.00000000 0.00000000
vn 0.00000000 0.00000000 0.00000000
vn 0.00000000 -0.00000000 -0.00000000
vn -0.00000000 0.00000000 -0.00000000
vn -0.00000000 0.00000000 -0.00000000
vn -0.00000000 0.00000000 -0.00000000
vn 0.00000000 -0.00000000 0.00000000
vn 0.00000000 0.00000000 0.00000000
vn -0.00000000 0.00000000 0.00000000
vn -0.00000000 0.00000000 -0.00000000
vn -0.00000000 -0.00000000 0.00000000
vn 0.00000000 0.00000000 0.00000000
vn -0.00000000 -0.00000000 -0.00000000
vn 0.00000000 0.00000000 -0.00000000
vn -0.00000000 0.00000000 0.00000000
vn 0.00000000 0.00000000 -0.00000000
vn -0.00000000 -0.00000000 0.00000000
vn 0.00000000 -0.00000000 0.00000000
vn 0.00000000 -0.00000000 -0.00000000
vn -0.00000000 0.00000000 0.00000000
vn -0.00000000 0.00000000 -0.00000000
vn 0.00000000 -0.00000000 0.00000000
vn -0.00000000 0.00000000 0.00000000
vn -0.00000000 0.00000000 -0.00000000
vn -0.00000000 0.00000000 0.00000000
vn 0.00000000 0.00000000 0.00000000
vn 0.00000000 -0.00000000 -0.00000000
vn -0.00000000 -0.00000000 0.00000000
vn 0.00000000 0.00000000 -0.00000000
vn -0.00000000 0.00000000 -0.00000000
vn -0.00000000 0.00000000 -0.00000000
vn -0.00000000 -0.00000000 -0.00000000
vn -0.00000000 0.00000000 -0.00000000
vn -0.00000000 0.00000000 0.00000000
vn -0.00000000 -0.00000000 -0.00000000
vn -0.00000000 0.00000000 0.00000000
vn 0.00000000 0.00000000 -0.00000000
vn 0.00000000 -0.00000000 -0.00000000
vn -0.00000000 0.00000000 0.00000000
vn -0.00000000 0.00000000 0.00000000
vn 0.00000000 -0.00000000 0.00000000
vn 0.00000000 0.00000000 0.00000000
vn 0.00000000 0.00000000 -0.00000000
vn 0.00000000 0.00000000 -0.00000000
vn 0.00000000 0.00000000 0.00000000
vn 0.00000000 -0.00000000 0.00000000
vn 0.00000000 -0.00000000 0.00000000
vn -0.00000000 0.00000000 -0.00000000
vn -0.00000000 0.00000000 -0.00000000
vn 0.00000000 -0.00000000 0.00000000
vn 0.00000000 0.00000000 0.00000000
vn 0.00000000 0.00000000 0.00000000
vn -0.00000000 0.00000000 0.00000000
vn 0.00000000 -0.00000000 0.00000000
vn 0.00000000 0.00000000 0.00000000
vn -0.00000000 -0.00000000 -0.00000000
vn 0.00000000 0.00000000 0.00000000
vn 0.00000000 0.00000000 -0.00000000
vn 0.00000000 0.00000000 0.00000000
vn 0.00000000 0.00000000 0.00000000
vn 0.00000000 0.00000000 0.00000000
vn 0.00000000 -0.00000000 -0.00000000
vn 0.00000000 -0.00000000 0.00000000
vn -0.00000000 0.00000000 0.00000000
vn 0.00000000 0.00000000 -0.00000000
vn 0.00000000 -0.00000000 -0.00000000
vn -0.00000000 0.00000000 0.00000000
vn 0.00000000 0.00000000 -0.00000000
vn 0.00000000 0.00000000 -0.00000000
vn 0.00000000 -0.00000000 0.00000000
vn 0.00000000 0.00000000 0.00000000
vn 0.00000000 -0.00000000 0.00000000
vn -0.00000000 0.00000000 -0.00000000
vn 0.00000000 -0.00000000 0.00000000
vn -0.00000000 0.00000000 -0.00000000
vn -0.00000000 0.00000000 0.00000000
vn -0.00000000 -0.00000000 0.00000000
vn 0.00000000 -0.00000000 -0.00000000
vn -0.00000000 0.00000000 0.00000000
vn 0.00000000 0.00000000 -0.00000000
vn 0.00000000 -0.00000000 -0.00000000
vn 0.00000000 -0.00000000 0.00000000
vn 0.00000000 0.00000000 0.00000000
vn -0.00000000 -0.00000000 0.00000000
vn 0.00000000 0.00000000 0.00000000
vn 0.00000000 -0.00000000 -0.00000000
vn 0.00000000 0.00000000 -0.00000000
vn -0.00000000 0.00000000 -0.00000000
vn -0.00000000 -0.00000000 0.00000000
vn -0.00000000 0.00000000 -0.00000000
vn 0.00000000 -0.00000000 0.00000000
vn -0.00000000 0.00000000 -0.00000000
vn 0.00000000 -0.00000000 -0.00000000
vn 0.00000000 -0.00000000 0.00000000
vn -0.00000000 -0.00000000 0.00000000
vn -0.00000000 -0.00000000 -0.00000000
vn 0.00000000 -0.00000000 0.00000000
vn 0.00000000 0.00000000 -0.00000000
vn 0.00000000 -0.00000000 0.00000000
vn -0.00000000 -0.00000000 0.00000000
vn -0.00000000 0.00000000 -0.00000000
vn 0.00000000 0.00000000 0.00000000
vn -0.00000000 0.00000000 0.00000000
vn 0.00000000 -0.00000000 -0.00000000
vn 0.00000000 0.00000000 -0.00000000
vn -0.00000000 0.00000000 -0.00000000
vn 0.00000000 0.00000000 0.00000000
vn -0.00000000 -0.00000000 -0.00000000
vn 0.00000000 0.00000000 0.00000000
vn -0.00000000 -0.00000000 0.00000000
vn 0.00000000 -0.00000000 -0.00000000
vn 0.00000000 0.00000000 0.00000000
vn 0.00000000 0.00000000 -0.00000000
vn -0.00000000 0.00000000 0.00000000
vn 0.00000000 0.00000000 -0.00000000
vn -0.00000000 -0.00000000 0.00000000
vn -0.00000000 0.00000000 0.00000000
vn -0.00000000 -0.00000000 0.00000000
vn 0.00000000 0.00000000 0.00000000
vn 0.00000000 0.00000000 0.00000000
vn 0.00000000 0.00000000 0.00000000
vn 0.00000000 0.00000000 0.00000000
vn -0.00000000 -0.00000000 -0.00000000
vn 0.00000000 -0.00000000 0.00000000
vn -0.00000000 -0.00000000 0.00000000
vn -0.00000000 -0.00000000 0.00000000
vn -0.00000000 0.00000000 -0.00000000
vn 0.00000000 0.00000000 0.00000000
vn 0.00000000 -0.00000000 -0.00000000
vn -0.00000000 0.00000000 0.00000000
vn -0.00000000 0.00000000 -0.00000000
vn -0.00000000 0.00000000 0.00000000
vn -0.00000000 -0.00000000 0.00000000
vn 0.00000000 -0.00000000 0.00000000
vn 0.00000000 0.00000000 0.00000000
vn 0.00000000 0.00000000 0.00000000
vn -0.00000000 -0.00000000 -0.00000000
vn -0.00000000 -0.00000000 0.00000000
vn 0.00000000 0.00000000 0.00000000
vn -0.00000000 0.00000000 -0.00000000
vn 0.00000000 0.00000000 0.00000000
vn -0.00000000 -0.00000000 0.00000000
vn -0.00000000 0.00000000 0.00000000
vn -0.00000000 -0.00000000 0.00000000
vn 0.00000000 0.00000000 -0.00000000
vn -0.00000000 0.00000000 0.00000000
vn -0.00000000 -0.00000000 0.00000000
vn 0.00000000 0.00000000 0.00000000
vn 0.00000000 -0.00000000 0.00000000
f 1//1 2//2 3//3
f 2//2 1//1 4//4
f 3//3 2//2 1//1
f 4//4 1//1 2//2
f 5//5 6//6 7//7
f 8//8 9//9 10//10
f 11//11 10//10 9//9
f 12//12 11//11 9//9
f 13//13 12//12 9//9
f 14//14 13//13 9//9
f 15//15 13//13 14//14
f 6//6 15//15 14//14
f 7//7 6//6 14//14
f 16//16 7//7 14//14
f 17//17 16//16 14//14
f 18//18 17//17 14//14
f 19//19 17//17 18//18
f 20//20 17//17 19//19
f 21//21 20//20 19//19
f 22//22 17//17 20//20
f 23//23 17//17 22//22
f 24//24 17//17 23//23
f 25//25 17//17 24//24
f 26//26 25//25 24//24
f 27//27 25//25 26//26
f 28//28 25//25 27//27
f 29//29 25//25 28//28
f 30//30 29//29 28//28
f 31//31 29//29 30//30
f 32//32 29//29 31//31
f 33//33 29//29 32//32
f 34//34 33//33 32//32
f 35//35 34//34 32//32
f 36//36 35//35 32//32
f 37//37 35//35 36//36
f 38//38 37//37 36//36
f 20//20 21//21 39//39
f 39//39 21//21 20//20
f 36//36 37//37 38//38
f 36//36 35//35 37//37
f 32//32 35//35 36//36
f 32//32 34//34 35//35
f 32//32 33//33 34//34
f 32//32 29//29 33//33
f 31//31 29//29 32//32
f 30//30 29//29 31//31
f 28//28 29//29 30//30
f 28//28 25//25 29//29
f 27//27 25//25 28//28
f 26//26 25//25 27//27
f 24//24 25//25 26//26
f 24//24 17//17 25//25
f 23//23 17//17 24//24
f 22//22 17//17 23//23
f 20//20 17//17 22//22
f 19//19 20//20 21//21
f 19//19 17//17 20//20
f 18//18 17//17 19//19
f 14//14 17//17 18//18
f 14//14 16//16 17//17
f 14//14 7//7 16//16
f 14//14 6//6 7//7
f 14//14 15//15 6//6
f 14//14 13//13 15//15
f 9//9 13//13 14//14
f 9//9 12//12 13//13
f 9//9 11//11 12//12
f 9//9 10//10 11//11
f 10//10 9//9 8//8
f 7//7 6//6 5//5
f 40//40 20//20 41//41
f 39//39 41//41 20//20
f 20//20 41//41 39//39
f 41//41 20//20 40//40
f 41//41 39//39 42//42
f 21//21 42//42 39//39
f 39//39 42//42 21//21
f 42//42 39//39 41//41
f 43//43 42//42 19//19
f 21//21 19//19 42//42
f 42//42 19//19 21//21
f 19//19 42//42 43//43
f 43//43 19//19 44//44
f 18//18 44//44 19//19
f 19//19 44//44 18//18
f 44//44 19//19 43//43
f 45//45 44//44 14//14
f 18//18 14//14 44//44
f 44//44 14//14 18//18
f 14//14 44//44 45//45
f 46//46 45//45 9//9
f 14//14 9//9 45//45
f 45//45 9//9 14//14
f 9//9 45//45 46//46
f 47//47 46//46 8//8
f 9//9 8//8 46//46
f 46//46 8//8 9//9
f 8//8 46//46 47//47
f 48//48 47//47 10//10
f 8//8 10//10 47//47
f 47//47 10//10 8//8
f 10//10 47//47 48//48
f 49//49 48//48 11//11
f 10//10 11//11 48//48
f 48//48 11//11 10//10
f 11//11 48//48 49//49
f 49//49 11//11 50//50
f 12//12 50//50 11//11
f 11//11 50//50 12//12
f 50//50 11//11 49//49
f 51//51 50//50 13//13
f 12//12 13//13 50//50
f 50//50 13//13 12//12
f 13//13 50//50 51//51
f 52//52 51//51 15//15
f 13//13 15//15 51//51
f 51//51 15//15 13//13
f 15//15 51//51 52//52
f 53//53 52//52 6//6
f 15//15 6//6 52//52
f 52//52 6//6 15//15
f 6//6 52//52 53//53
f 5//5 54//54 6//6
f 53//53 6//6 54//54
f 54//54 6//6 53//53
f 6//6 54//54 5//5
f 7//7 55//55 5//5
f 54//54 5//5 55//55
f 55//55 5//5 54//54
f 5//5 55//55 7//7
f 56//56 55//55 16//16
f 7//7 16//16 55//55
f 55//55 16//16 7//7
f 16//16 55//55 56//56
f 57//57 56//56 17//17
f 16//16 17//17 56//56
f 56//56 17//17 16//16
f 17//17 56//56 57//57
f 58//58 57//57 25//25
f 17//17 25//25 57//57
f 57//57 25//25 17//17
f 25//25 57//57 58//58
f 59//59 58//58 29//29
f 25//25 29//29 58//58
f 58//58 29//29 25//25
f 29//29 58//58 59//59
f 60//60 59//59 33//33
f 29//29 33//33 59//59
f 59//59 33//33 29//29
f 33//33 59//59 60//60
f 33//33 34//34 60//60
f 61//61 60//60 34//34
f 34//34 60//60 61//61
f 60//60 34//34 33//33
f 34//34 35//35 61//61
f 62//62 61//61 35//35
f 35//35 61//61 62//62
f 61//61 35//35 34//34
f 62//62 35//35 63//63
f 37//37 63//63 35//35
f 35//35 63//63 37//37
f 63//63 35//35 62//62
f 63//63 37//37 64//64
f 38//38 64//64 37//37
f 37//37 64//64 38//38
f 64//64 37//37 63//63
f 64//64 38//38 65//65
f 36//36 65//65 38//38
f 38//38 65//65 36//36
f 65//65 38//38 64//64
f 65//65 36//36 66//66
f 32//32 66//66 36//36
f 36//36 66//66 32//32
f 66//66 36//36 65//65
f 31//31 67//67 32//32
f 66//66 32//32 67//67
f 67//67 32//32 66//66
f 32//32 67//67 31//31
f 30//30 68//68 31//31
f 67//67 31//31 68//68
f 68//68 31//31 67//67
f 31//31 68//68 30//30
f 68//68 30//30 69//69
f 28//28 69//69 30//30
f 30//30 69//69 28//28
f 69//69 30//30 68//68
f 70//70 69//69 27//27
f 28//28 27//27 69//69
f 69//69 27//27 28//28
f 27//27 69//69 70//70
f 71//71 70//70 26//26
f 27//27 26//26 70//70
f 70//70 26//26 27//27
f 26//26 70//70 71//71
f 72//72 71//71 24//24
f 26//26 24//24 71//71
f 71//71 24//24 26//26
f 24//24 71//71 72//72
f 73//73 72//72 23//23
f 24//24 23//23 72//72
f 72//72 23//23 24//24
f 23//23 72//72 73//73
f 73//73 23//23 74//74
f 22//22 74//74 23//23
f 23//23 74//74 22//22
f 74//74 23//23 73//73
f 74//74 22//22 40//40
f 20//20 40//40 22//22
f 22//22 40//40 20//20
f 40//40 22//22 74//74
f 47//47 48//48 46//46
f 49//49 46//46 48//48
f 50//50 46//46 49//49
f 51//51 46//46 50//50
f 45//45 46//46 51//51
f 52//52 45//45 51//51
f 53//53 45//45 52//52
f 54//54 45//45 53//53
f 55//55 45//45 54//54
f 56//56 45//45 55//55
f 57//57 45//45 56//56
f 44//44 45//45 57//57
f 43//43 44//44 57//57
f 40//40 43//43 57//57
f 42//42 43//43 40//40
f 41//41 42//42 40//40
f 74//74 40//40 57//57
f 73//73 74//74 57//57
f 72//72 73//73 57//57
f 58//58 72//72 57//57
f 71//71 72//72 58//58
f 70//70 71//71 58//58
f 69//69 70//70 58//58
f 59//59 69//69 58//58
f 68//68 69//69 59//59
f 67//67 68//68 59//59
f 66//66 67//67 59//59
f 60//60 66//66 59//59
f 61//61 66//66 60//60
f 62//62 66//66 61//61
f 65//65 66//66 62//62
f 63//63 65//65 62//62
f 64//64 65//65 63//63
f 63//63 65//65 64//64
f 62//62 65//65 63//63
f 62//62 66//66 65//65
f 61//61 66//66 62//62
f 60//60 66//66 61//61
f 59//59 66//66 60//60
f 59//59 67//67 66//66
f 59//59 68//68 67//67
f 59//59 69//69 68//68
f 58//58 69//69 59//59
f 58//58 70//70 69//69
f 58//58 71//71 70//70
f 58//58 72//72 71//71
f 57//57 72//72 58//58
f 57//57 73//73 72//72
f 57//57 74//74 73//73
f 57//57 40//40 74//74
f 40//40 42//42 41//41
f 40//40 43//43 42//42
f 57//57 43//43 40//40
f 57//57 44//44 43//43
f 57//57 45//45 44//44
f 56//56 45//45 57//57
f 55//55 45//45 56//56
f 54//54 45//45 55//55
f 53//53 45//45 54//54
f 52//52 45//45 53//53
f 51//51 45//45 52//52
f 51//51 46//46 45//45
f 50//50 46//46 51//51
f 49//49 46//46 50//50
f 48//48 46//46 49//49
f 46//46 48//48 47//47
f 75//75 76//76 77//77
f 78//78 79//79 80//80
f 81//81 80//80 79//79
f 82//82 81//81 79//79
f 83//83 82//82 79//79
f 84//84 83//83 79//79
f 85//85 83//83 84//84
f 76//76 85//85 84//84
f 77//77 76//76 84//84
f 86//86 77//77 84//84
f 87//87 86//86 84//84
f 88//88 87//87 84//84
f 89//89 88//88 84//84
f 90//90 88//88 89//89
f 91//91 90//90 89//89
f 92//92 90//90 91//91
f 93//93 92//92 91//91
f 94//94 93//93 91//91
f 95//95 92//92 93//93
f 96//96 92//92 95//95
f 97//97 92//92 96//96
f 98//98 97//97 96//96
f 99//99 97//97 98//98
f 100//100 97//97 99//99
f 101//101 97//97 100//100
f 102//102 101//101 100//100
f 103//103 101//101 102//102
f 104//104 103//103 102//102
f 105//105 103//103 104//104
f 106//106 103//103 105//105
f 107//107 106//106 105//105
f 108//108 106//106 107//107
f 109//109 108//108 107//107
f 110//110 108//108 109//109
f 111//111 108//108 110//110
f 112//112 108//108 111//111
f 113//113 112//112 111//111
f 114//114 113//113 111//111
f 115//115 113//113 114//114
f 116//116 115//115 114//114
f 117//117 116//116 114//114
f 118//118 116//116 117//117
f 119//119 118//118 117//117
f 120//120 118//118 119//119
f 121//121 120//120 119//119
f 122//122 120//120 121//121
f 123//123 122//122 121//121
f 124//124 122//122 123//123
f 125//125 124//124 123//123
f 93//93 94//94 126//126
f 126//126 94//94 93//93
f 123//123 124//124 125//125
f 123//123 122//122 124//124
f 121//121 122//122 123//123
f 121//121 120//120 122//122
f 119//119 120//120 121//121
f 119//119 118//118 120//120
f 117//117 118//118 119//119
f 117//117 116//116 118//118
f 114//114 116//116 117//117
f 114//114 115//115 116//116
f 114//114 113//113 115//115
f 111//111 113//113 114//114
f 111//111 112//112 113//113
f 111//111 108//108 112//112
f 110//110 108//108 111//111
f 109//109 108//108 110//110
f 107//107 108//108 109//109
f 107//107 106//106 108//108
f 105//105 106//106 107//107
f 105//105 103//103 106//106
f 104//104 103//103 105//105
f 102//102 103//103 104//104
f 102//102 101//101 103//103
f 100//100 101//101 102//102
f 100//100 97//97 101//101
f 99//99 97//97 100//100
f 98//98 97//97 99//99
f 96//96 97//97 98//98
f 96//96 92//92 97//97
f 95//95 92//92 96//96
f 93//93 92//92 95//95
f 91//91 93//93 94//94
f 91//91 92//92 93//93
f 91//91 90//90 92//92
f 89//89 90//90 91//91
f 89//89 88//88 90//90
f 84//84 88//88 89//89
f 84//84 87//87 88//88
f 84//84 86//86 87//87
f 84//84 77//77 86//86
f 84//84 76//76 77//77
f 84//84 85//85 76//76
f 84//84 83//83 85//85
f 79//79 83//83 84//84
f 79//79 82//82 83//83
f 79//79 81//81 82//82
f 79//79 80//80 81//81
f 80//80 79//79 78//78
f 77//77 76//76 75//75
f 127//127 93//93 128//128
f 126//126 128//128 93//93
f 93//93 128//128 126//126
f 128//128 93//93 127//127
f 128//128 126//126 129//129
f 94//94 129//129 126//126
f 126//126 129//129 94//94
f 129//129 126//126 128//128
f 130//130 129//129 91//91
f 94//94 91//91 129//129
f 129//129 91//91 94//94
f 91//91 129//129 130//130
f 130//130 91//91 131//131
f 89//89 131//131 91//91
f 91//91 131//131 89//89
f 131//131 91//91 130//130
f 132//132 131//131 84//84
f 89//89 84//84 131//131
f 131//131 84//84 89//89
f 84//84 131//131 132//132
f 133//133 132//132 79//79
f 84//84 79//79 132//132
f 132//132 79//79 84//84
f 79//79 132//132 133//133
f 134//134 133//133 78//78
f 79//79 78//78 133//133
f 133//133 78//78 79//79
f 78//78 133//133 134//134
f 135//135 134//134 80//80
f 78//78 80//80 134//134
f 134//134 80//80 78//78
f 80//80 134//134 135//135
f 136//136 135//135 81//81
f 80//80 81//81 135//135
f 135//135 81//81 80//80
f 81//81 135//135 136//136
f 136//136 81//81 137//137
f 82//82 137//137 81//81
f 81//81 137//137 82//82
f 137//137 81//81 136//136
f 138//138 137//137 83//83
f 82//82 83//83 137//137
f 137//137 83//83 82//82
f 83//83 137//137 138//138
f 139//139 138//138 85//85
f 83//83 85//85 138//138
f 138//138 85//85 83//83
f 85//85 138//138 139//139
f 140//140 139//139 76//76
f 85//85 76//76 139//139
f 139//139 76//76 85//85
f 76//76 139//139 140//140
f 141//141 140//140 75//75
f 76//76 75//75 140//140
f 140//140 75//75 76//76
f 75//75 140//140 141//141
f 142//142 141//141 77//77
f 75//75 77//77 141//141
f 141//141 77//77 75//75
f 77//77 141//141 142//142
f 86//86 143//143 77//77
f 142//142 77//77 143//143
f 143//143 77//77 142//142
f 77//77 143//143 86//86
f 87//87 144//144 86//86
f 143//143 86//86 144//144
f 144//144 86//86 143//143
f 86//86 144//144 87//87
f 88//88 145//145 87//87
f 144//144 87//87 145//145
f 145//145 87//87 144//144
f 87//87 145//145 88//88
f 145//145 88//88 146//146
f 90//90 146//146 88//88
f 88//88 146//146 90//90
f 146//146 88//88 145//145
f 147//147 146//146 92//92
f 90//90 92//92 146//146
f 146//146 92//92 90//90
f 92//92 146//146 147//147
f 148//148 147//147 97//97
f 92//92 97//97 147//147
f 147//147 97//97 92//92
f 97//97 147//147 148//148
f 149//149 148//148 101//101
f 97//97 101//101 148//148
f 148//148 101//101 97//97
f 101//101 148//148 149//149
f 150//150 149//149 103//103
f 101//101 103//103 149//149
f 149//149 103//103 101//101
f 103//103 149//149 150//150
f 151//151 150//150 106//106
f 103//103 106//106 150//150
f 150//150 106//106 103//103
f 106//106 150//150 151//151
f 108//108 152//152 106//106
f 151//151 106//106 152//152
f 152//152 106//106 151//151
f 106//106 152//152 108//108
f 112//112 153//153 108//108
f 152//152 108//108 153//153
f 153//153 108//108 152//152
f 108//108 153//153 112//112
f 154//154 153//153 113//113
f 112//112 113//113 153//153
f 153//153 113//113 112//112
f 113//113 153//153 154//154
f 155//155 154//154 115//115
f 113//113 115//115 154//154
f 154//154 115//115 113//113
f 115//115 154//154 155//155
f 156//156 155//155 116//116
f 115//115 116//116 155//155
f 155//155 116//116 115//115
f 116//116 155//155 156//156
f 157//157 156//156 118//118
f 116//116 118//118 156//156
f 156//156 118//118 116//116
f 118//118 156//156 157//157
f 158//158 157//157 120//120
f 118//118 120//120 157//157
f 157//157 120//120 118//118
f 120//120 157//157 158//158
f 159//159 158//158 122//122
f 120//120 122//122 158//158
f 158//158 122//122 120//120
f 122//122 158//158 159//159
f 159//159 122//122 160//160
f 124//124 160//160 122//122
f 122//122 160//160 124//124
f 160//160 122//122 159//159
f 160//160 124//124 161//161
f 125//125 161//161 124//124
f 124//124 161//161 125//125
f 161//161 124//124 160//160
f 161//161 125//125 162//162
f 123//123 162//162 125//125
f 125//125 162//162 123//123
f 162//162 125//125 161//161
f 163//163 162//162 121//121
f 123//123 121//121 162//162
f 162//162 121//121 123//123
f 121//121 162//162 163//163
f 164//164 163//163 119//119
f 121//121 119//119 163//163
f 163//163 119//119 121//121
f 119//119 163//163 164//164
f 165//165 164//164 117//117
f 119//119 117//117 164//164
f 164//164 117//117 119//119
f 117//117 164//164 165//165
f 166//166 165//165 114//114
f 117//117 114//114 165//165
f 165//165 114//114 117//117
f 114//114 165//165 166//166
f 167//167 166//166 111//111
f 114//114 111//111 166//166
f 166//166 111//111 114//114
f 111//111 166//166 167//167
f 168//168 167//167 110//110
f 111//111 110//110 167//167
f 167//167 110//110 111//111
f 110//110 167//167 168//168
f 169//169 168//168 109//109
f 110//110 109//109 168//168
f 168//168 109//109 110//110
f 109//109 168//168 169//169
f 107//107 170//170 109//109
f 169//169 109//109 170//170
f 170//170 109//109 169//169
f 109//109 170//170 107//107
f 170//170 107//107 171//171
f 105//105 171//171 107//107
f 107//107 171//171 105//105
f 171//171 107//107 170//170
f 172//172 171//171 104//104
f 105//105 104//104 171//171
f 171//171 104//104 105//105
f 104//104 171//171 172//172
f 173//173 172//172 102//102
f 104//104 102//102 172//172
f 172//172 102//102 104//104
f 102//102 172//172 173//173
f 174//174 173//173 100//100
f 102//102 100//100 173//173
f 173//173 100//100 102//102
f 100//100 173//173 174//174
f 174//174 100//100 175//175
f 99//99 175//175 100//100
f 100//100 175//175 99//99
f 175//175 100//100 174//174
f 175//175 99//99 176//176
f 98//98 176//176 99//99
f 99//99 176//176 98//98
f 176//176 99//99 175//175
f 98//98 96//96 176//176
f 177//177 176//176 96//96
f 96//96 176//176 177//177
f 176//176 96//96 98//98
f 177//177 96//96 178//178
f 95//95 178//178 96//96
f 96//96 178//178 95//95
f 178//178 96//96 177//177
f 95//95 93//93 178//178
f 127//127 178//178 93//93
f 93//93 178//178 127//127
f 178//178 93//93 95//95
f 169//169 170//170 168//168
f 151//151 168//168 170//170
f 152//152 168//168 151//151
f 167//167 168//168 152//152
f 153//153 167//167 152//152
f 154//154 167//167 153//153
f 166//166 167//167 154//154
f 155//155 166//166 154//154
f 156//156 166//166 155//155
f 165//165 166//166 156//156
f 157//157 165//165 156//156
f 164//164 165//165 157//157
f 158//158 164//164 157//157
f 163//163 164//164 158//158
f 162//162 163//163 158//158
f 159//159 162//162 158//158
f 161//161 162//162 159//159
f 160//160 161//161 159//159
f 134//134 135//135 133//133
f 136//136 133//133 135//135
f 137//137 133//133 136//136
f 138//138 133//133 137//137
f 132//132 133//133 138//138
f 139//139 132//132 138//138
f 140//140 132//132 139//139
f 141//141 132//132 140//140
f 142//142 132//132 141//141
f 143//143 132//132 142//142
f 144//144 132//132 143//143
f 145//145 132//132 144//144
f 131//131 132//132 145//145
f 146//146 131//131 145//145
f 130//130 131//131 146//146
f 147//147 130//130 146//146
f 127//127 130//130 147//147
f 129//129 130//130 127//127
f 128//128 129//129 127//127
f 178//178 127//127 147//147
f 177//177 178//178 147//147
f 148//148 177//177 147//147
f 176//176 177//177 148//148
f 175//175 176//176 148//148
f 174//174 175//175 148//148
f 149//149 174//174 148//148
f 173//173 174//174 149//149
f 150//150 173//173 149//149
f 172//172 173//173 150//150
f 171//171 172//172 150//150
f 151//151 171//171 150//150
f 170//170 171//171 151//151
f 151//151 171//171 170//170
f 150//150 171//171 151//151
f 150//150 172//172 171//171
f 150//150 173//173 172//172
f 149//149 173//173 150//150
f 149//149 174//174 173//173
f 148//148 174//174 149//149
f 148//148 175//175 174//174
f 148//148 176//176 175//175
f 148//148 177//177 176//176
f 147//147 177//177 148//148
f 147//147 178//178 177//177
f 147//147 127//127 178//178
f 127//127 129//129 128//128
f 127//127 130//130 129//129
f 147//147 130//130 127//127
f 146//146 130//130 147//147
f 146//146 131//131 130//130
f 145//145 131//131 146//146
f 145//145 132//132 131//131
f 144//144 132//132 145//145
f 143//143 132//132 144//144
f 142//142 132//132 143//143
f 141//141 132//132 142//142
f 140//140 132//132 141//141
f 139//139 132//132 140//140
f 138//138 132//132 139//139
f 138//138 133//133 132//132
f 137//137 133//133 138//138
f 136//136 133//133 137//137
f 135//135 133//133 136//136
f 133//133 135//135 134//134
f 159//159 161//161 160//160
f 159//159 162//162 161//161
f 158//158 162//162 159//159
f 158//158 163//163 162//162
f 158//158 164//164 163//163
f 157//157 164//164 158//158
f 157//157 165//165 164//164
f 156//156 165//165 157//157
f 156//156 166//166 165//165
f 155//155 166//166 156//156
f 154//154 166//166 155//155
f 154//154 167//167 166//166
f 153//153 167//167 154//154
f 152//152 167//167 153//153
f 152//152 168//168 167//167
f 151//151 168//168 152//152
f 170//170 168//168 151//151
f 168//168 170//170 169//169
f 179//179 180//180 181//181
f 182//182 181//181 180//180
f 183//183 181//181 182//182
f 184//184 183//183 182//182
f 185//185 184//184 182//182
f 186//186 185//185 182//182
f 187//187 186//186 182//182
f 188//188 186//186 187//187
f 189//189 186//186 188//188
f 190//190 189//189 188//188
f 191//191 189//189 190//190
f 192//192 189//189 191//191
f 193//193 189//189 192//192
f 194//194 189//189 193//193
f 195//195 189//189 194//194
f 196//196 195//195 194//194
f 197//197 196//196 194//194
f 198//198 197//197 194//194
f 199//199 198//198 194//194
f 200//200 198//198 199//199
f 201//201 200//200 199//199
f 202//202 200//200 201//201
f 203//203 200//200 202//202
f 204//204 203//203 202//202
f 205//205 203//203 204//204
f 206//206 203//203 205//205
f 207//207 203//203 206//206
f 208//208 207//207 206//206
f 209//209 208//208 206//206
f 210//210 209//209 206//206
f 211//211 209//209 210//210
f 212//212 209//209 211//211
f 213//213 212//212 211//211
f 214//214 212//212 213//213
f 215//215 214//214 213//213
f 216//216 215//215 213//213
f 217//217 216//216 213//213
f 218//218 217//217 213//213
f 219//219 201//201 220//220
f 199//199 220//220 201//201
f 221//221 222//222 223//223
f 182//182 223//223 222//222
f 224//224 182//182 222//222
f 187//187 182//182 224//224
f 224//224 182//182 187//187
f 222//222 182//182 224//224
f 222//222 223//223 182//182
f 223//223 222//222 221//221
f 201//201 220//220 199//199
f 220//220 201//201 219//219
f 213//213 217//217 218//218
f 213//213 216//216 217//217
f 213//213 215//215 216//216
f 213//213 214//214 215//215
f 213//213 212//212 214//214
f 211//211 212//212 213//213
f 211//211 209//209 212//212
f 210//210 209//209 211//211
f 206//206 209//209 210//210
f 206//206 208//208 209//209
f 206//206 207//207 208//208
f 206//206 203//203 207//207
f 205//205 203//203 206//206
f 204//204 203//203 205//205
f 202//202 203//203 204//204
f 202//202 200//200 203//203
f 201//201 200//200 202//202
f 199//199 200//200 201//201
f 199//199 198//198 200//200
f 194//194 198//198 199//199
f 194//194 197//197 198//198
f 194//194 196//196 197//197
f 194//194 195//195 196//196
f 194//194 189//189 195//195
f 193//193 189//189 194//194
f 192//192 189//189 193//193
f 191//191 189//189 192//192
f 190//190 189//189 191//191
f 188//188 189//189 190//190
f 188//188 186//186 189//189
f 187//187 186//186 188//188
f 182//182 186//186 187//187
f 182//182 185//185 186//186
f 182//182 184//184 185//185
f 182//182 183//183 184//184
f 182//182 181//181 183//183
f 180//180 181//181 182//182
f 181//181 180//180 179//179
f 225//225 226//226 203//203
f 200//200 203//203 226//226
f 226//226 203//203 200//200
f 203//203 226//226 225//225
f 207//207 227//227 203//203
f 225//225 203//203 227//227
f 227//227 203//203 225//225
f 203//203 227//227 207//207
f 228//228 227//227 208//208
f 207//207 208//208 227//227
f 227//227 208//208 207//207
f 208//208 227//227 228//228
f 229//229 228//228 209//209
f 208//208 209//209 228//228
f 228//228 209//209 208//208
f 209//209 228//228 229//229
f 230//230 229//229 212//212
f 209//209 212//212 229//229
f 229//229 212//212 209//209
f 212//212 229//229 230//230
f 231//231 230//230 214//214
f 212//212 214//214 230//230
f 230//230 214//214 212//212
f 214//214 230//230 231//231
f 232//232 231//231 215//215
f 214//214 215//215 231//231
f 231//231 215//215 214//214
f 215//215 231//231 232//232
f 233//233 232//232 216//216
f 215//215 216//216 232//232
f 232//232 216//216 215//215
f 216//216 232//232 233//233
f 216//216 217//217 233//233
f 234//234 233//233 217//217
f 217//217 233//233 234//234
f 233//233 217//217 216//216
f 234//234 217//217 235//235
f 218//218 235//235 217//217
f 217//217 235//235 218//218
f 235//235 217//217 234//234
f 218//218 213//213 235//235
f 236//236 235//235 213//213
f 213//213 235//235 236//236
f 235//235 213//213 218//218
f 236//236 213//213 237//237
f 211//211 237//237 213//213
f 213//213 237//237 211//211
f 237//237 213//213 236//236
f 237//237 211//211 238//238
f 210//210 238//238 211//211
f 211//211 238//238 210//210
f 238//238 211//211 237//237
f 239//239 238//238 206//206
f 210//210 206//206 238//238
f 238//238 206//206 210//210
f 206//206 238//238 239//239
f 240//240 239//239 205//205
f 206//206 205//205 239//239
f 239//239 205//205 206//206
f 205//205 239//239 240//240
f 241//241 240//240 204//204
f 205//205 204//204 240//240
f 240//240 204//204 205//205
f 204//204 240//240 241//241
f 241//241 204//204 242//242
f 202//202 242//242 204//204
f 204//204 242//242 202//202
f 242//242 204//204 241//241
f 243//243 242//242 201//201
f 202//202 201//201 242//242
f 242//242 201//201 202//202
f 201//201 242//242 243//243
f 244//244 243//243 219//219
f 201//201 219//219 243//243
f 243//243 219//219 201//201
f 219//219 243//243 244//244
f 245//245 244//244 220//220
f 219//219 220//220 244//244
f 244//244 220//220 219//219
f 220//220 244//244 245//245
f 246//246 245//245 199//199
f 220//220 199//199 245//245
f 245//245 199//199 220//220
f 199//199 245//245 246//246
f 194//194 247//247 199//199
f 246//246 199//199 247//247
f 247//247 199//199 246//246
f 199//199 247//247 194//194
f 194//194 193//193 247//247
f 248//248 247//247 193//193
f 193//193 247//247 248//248
f 247//247 193//193 194//194
f 248//248 193//193 249//249
f 192//192 249//249 193//193
f 193//193 249//249 192//192
f 249//249 193//193 248//248
f 250//250 249//249 191//191
f 192//192 191//191 249//249
f 249//249 191//191 192//192
f 191//191 249//249 250//250
f 251//251 250//250 190//190
f 191//191 190//190 250//250
f 250//250 190//190 191//191
f 190//190 250//250 251//251
f 252//252 251//251 188//188
f 190//190 188//188 251//251
f 251//251 188//188 190//190
f 188//188 251//251 252//252
f 252//252 188//188 253//253
f 187//187 253//253 188//188
f 188//188 253//253 187//187
f 253//253 188//188 252//252
f 254//254 253//253 224//224
f 187//187 224//224 253//253
f 253//253 224//224 187//187
f 224//224 253//253 254//254
f 255//255 254//254 222//222
f 224//224 222//222 254//254
f 254//254 222//222 224//224
f 222//222 254//254 255//255
f 256//256 255//255 221//221
f 222//222 221//221 255//255
f 255//255 221//221 222//222
f 221//221 255//255 256//256
f 257//257 256//256 223//223
f 221//221 223//223 256//256
f 256//256 223//223 221//221
f 223//223 256//256 257//257
f 258//258 257//257 182//182
f 223//223 182//182 257//257
f 257//257 182//182 223//223
f 182//182 257//257 258//258
f 180//180 259//259 182//182
f 258//258 182//182 259//259
f 259//259 182//182 258//258
f 182//182 259//259 180//180
f 179//179 260//260 180//180
f 259//259 180//180 260//260
f 260//260 180//180 259//259
f 180//180 260//260 179//179
f 261//261 260//260 181//181
f 179//179 181//181 260//260
f 260//260 181//181 179//179
f 181//181 260//260 261//261
f 262//262 261//261 183//183
f 181//181 183//183 261//261
f 261//261 183//183 181//181
f 183//183 261//261 262//262
f 263//263 262//262 184//184
f 183//183 184//184 262//262
f 262//262 184//184 183//183
f 184//184 262//262 263//263
f 264//264 263//263 185//185
f 184//184 185//185 263//263
f 263//263 185//185 184//184
f 185//185 263//263 264//264
f 264//264 185//185 265//265
f 186//186 265//265 185//185
f 185//185 265//265 186//186
f 265//265 185//185 264//264
f 266//266 265//265 189//189
f 186//186 189//189 265//265
f 265//265 189//189 186//186
f 189//189 265//265 266//266
f 266//266 189//189 267//267
f 195//195 267//267 189//189
f 189//189 267//267 195//195
f 267//267 189//189 266//266
f 268//268 267//267 196//196
f 195//195 196//196 267//267
f 267//267 196//196 195//195
f 196//196 267//267 268//268
f 269//269 268//268 197//197
f 196//196 197//197 268//268
f 268//268 197//197 196//196
f 197//197 268//268 269//269
f 270//270 269//269 198//198
f 197//197 198//198 269//269
f 269//269 198//198 197//197
f 198//198 269//269 270//270
f 270//270 198//198 226//226
f 200//200 226//226 198//198
f 198//198 226//226 200//200
f 226//226 198//198 270//270
f 256//256 257//257 255//255
f 258//258 255//255 257//257
f 254//254 255//255 258//258
f 253//253 254//254 258//258
f 244//244 245//245 243//243
f 246//246 243//243 245//245
f 260//260 261//261 259//259
f 258//258 259//259 261//261
f 262//262 258//258 261//261
f 263//263 258//258 262//262
f 264//264 258//258 263//263
f 265//265 258//258 264//264
f 253//253 258//258 265//265
f 252//252 253//253 265//265
f 266//266 252//252 265//265
f 251//251 252//252 266//266
f 250//250 251//251 266//266
f 249//249 250//250 266//266
f 248//248 249//249 266//266
f 247//247 248//248 266//266
f 267//267 247//247 266//266
f 268//268 247//247 267//267
f 269//269 247//247 268//268
f 270//270 247//247 269//269
f 246//246 247//247 270//270
f 226//226 246//246 270//270
f 243//243 246//246 226//226
f 242//242 243//243 226//226
f 225//225 242//242 226//226
f 241//241 242//242 225//225
f 240//240 241//241 225//225
f 239//239 240//240 225//225
f 227//227 239//239 225//225
f 228//228 239//239 227//227
f 238//238 239//239 228//228
f 229//229 238//238 228//228
f 237//237 238//238 229//229
f 230//230 237//237 229//229
f 236//236 237//237 230//230
f 231//231 236//236 230//230
f 232//232 236//236 231//231
f 233//233 236//236 232//232
f 234//234 236//236 233//233
f 235//235 236//236 234//234
f 234//234 236//236 235//235
f 233//233 236//236 234//234
f 232//232 236//236 233//233
f 231//231 236//236 232//232
f 230//230 236//236 231//231
f 230//230 237//237 236//236
f 229//229 237//237 230//230
f 229//229 238//238 237//237
f 228//228 238//238 229//229
f 228//228 239//239 238//238
f 227//227 239//239 228//228
f 225//225 239//239 227//227
f 225//225 240//240 239//239
f 225//225 241//241 240//240
f 225//225 242//242 241//241
f 226//226 242//242 225//225
f 226//226 243//243 242//242
f 226//226 246//246 243//243
f 270//270 246//246 226//226
f 270//270 247//247 246//246
f 269//269 247//247 270//270
f 268//268 247//247 269//269
f 267//267 247//247 268//268
f 266//266 247//247 267//267
f 266//266 248//248 247//247
f 266//266 249//249 248//248
f 266//266 250//250 249//249
f 266//266 251//251 250//250
f 266//266 252//252 251//251
f 265//265 252//252 266//266
f 265//265 253//253 252//252
f 265//265 258//258 253//253
f 264//264 258//258 265//265
f 263//263 258//258 264//264
f 262//262 258//258 263//263
f 261//261 258//258 262//262
f 261//261 259//259 258//258
f 259//259 261//261 260//260
f 245//245 243//243 246//246
f 243//243 245//245 244//244
f 258//258 254//254 253//253
f 258//258 255//255 254//254
f 257//257 255//255 258//258
f 255//255 257//257 256//256
f 271//271 272//272 273//273
f 274//274 275//275 276//276
f 277//277 276//276 275//275
f 278//278 277//277 275//275
f 279//279 278//278 275//275
f 280//280 279//279 275//275
f 281//281 279//279 280//280
f 272//272 281//281 280//280
f 273//273 272//272 280//280
f 282//282 273//273 280//280
f 283//283 282//282 280//280
f 284//284 283//283 280//280
f 285//285 284//284 280//280
f 286//286 284//284 285//285
f 287//287 286//286 285//285
f 288//288 286//286 287//287
f 289//289 288//288 287//287
f 290//290 288//288 289//289
f 291//291 290//290 289//289
f 292//292 290//290 291//291
f 291//291 290//290 292//292
f 289//289 290//290 291//291
f 289//289 288//288 290//290
f 287//287 288//288 289//289
f 287//287 286//286 288//288
f 285//285 286//286 287//287
f 285//285 284//284 286//286
f 280//280 284//284 285//285
f 280//280 283//283 284//284
f 280//280 282//282 283//283
f 280//280 273//273 282//282
f 280//280 272//272 273//273
f 280//280 281//281 272//272
f 280//280 279//279 281//281
f 275//275 279//279 280//280
f 275//275 278//278 279//279
f 275//275 277//277 278//278
f 275//275 276//276 277//277
f 276//276 275//275 274//274
f 273//273 272//272 271//271
f 293//293 294//294 276//276
f 274//274 276//276 294//294
f 294//294 276//276 274//274
f 276//276 294//294 293//293
f 295//295 293//293 277//277
f 276//276 277//277 293//293
f 293//293 277//277 276//276
f 277//277 293//293 295//295
f 295//295 277//277 296//296
f 278//278 296//296 277//277
f 277//277 296//296 278//278
f 296//296 277//277 295//295
f 297//297 296//296 279//279
f 278//278 279//279 296//296
f 296//296 279//279 278//278
f 279//279 296//296 297//297
f 298//298 297//297 281//281
f 279//279 281//281 297//297
f 297//297 281//281 279//279
f 281//281 297//297 298//298
f 299//299 298//298 272//272
f 281//281 272//272 298//298
f 298//298 272//272 281//281
f 272//272 298//298 299//299
f 271//271 300//300 272//272
f 299//299 272//272 300//300
f 300//300 272//272 299//299
f 272//272 300//300 271//271
f 273//273 301//301 271//271
f 300//300 271//271 301//301
f 301//301 271//271 300//300
f 271//271 301//301 273//273
f 302//302 301//301 282//282
f 273//273 282//282 301//301
f 301//301 282//282 273//273
f 282//282 301//301 302//302
f 303//303 302//302 283//283
f 282//282 283//283 302//302
f 302//302 283//283 282//282
f 283//283 302//302 303//303
f 304//304 303//303 284//284
f 283//283 284//284 303//303
f 303//303 284//284 283//283
f 284//284 303//303 304//304
f 305//305 304//304 286//286
f 284//284 286//286 304//304
f 304//304 286//286 284//284
f 286//286 304//304 305//305
f 306//306 305//305 288//288
f 286//286 288//288 305//305
f 305//305 288//288 286//286
f 288//288 305//305 306//306
f 307//307 306//306 290//290
f 288//288 290//290 306//306
f 306//306 290//290 288//288
f 290//290 306//306 307//307
f 307//307 290//290 308//308
f 292//292 308//308 290//290
f 290//290 308//308 292//292
f 308//308 290//290 307//307
f 308//308 292//292 309//309
f 291//291 309//309 292//292
f 292//292 309//309 291//291
f 309//309 292//292 308//308
f 309//309 291//291 310//310
f 289//289 310//310 291//291
f 291//291 310//310 289//289
f 310//310 291//291 309//309
f 311//311 310//310 287//287
f 289//289 287//287 310//310
f 310//310 287//287 289//289
f 287//287 310//310 311//311
f 311//311 287//287 312//312
f 285//285 312//312 287//287
f 287//287 312//312 285//285
f 312//312 287//287 311//311
f 313//313 312//312 280//280
f 285//285 280//280 312//312
f 312//312 280//280 285//285
f 280//280 312//312 313//313
f 314//314 313//313 275//275
f 280//280 275//275 313//313
f 313//313 275//275 280//280
f 275//275 313//313 314//314
f 314//314 275//275 294//294
f 274//274 294//294 275//275
f 275//275 294//294 274//274
f 294//294 275//275 314//314
f 294//294 293//293 314//314
f 295//295 314//314 293//293
f 296//296 314//314 295//295
f 297//297 314//314 296//296
f 313//313 314//314 297//297
f 298//298 313//313 297//297
f 299//299 313//313 298//298
f 300//300 313//313 299//299
f 301//301 313//313 300//300
f 302//302 313//313 301//301
f 303//303 313//313 302//302
f 304//304 313//313 303//303
f 312//312 313//313 304//304
f 305//305 312//312 304//304
f 311//311 312//312 305//305
f 306//306 311//311 305//305
f 310//310 311//311 306//306
f 307//307 310//310 306//306
f 309//309 310//310 307//307
f 308//308 309//309 307//307
f 307//307 309//309 308//308
f 307//307 310//310 309//309
f 306//306 310//310 307//307
f 306//306 311//311 310//310
f 305//305 311//311 306//306
f 305//305 312//312 311//311
f 304//304 312//312 305//305
f 304//304 313//313 312//312
f 303//303 313//313 304//304
f 302//302 313//313 303//303
f 301//301 313//313 302//302
f 300//300 313//313 301//301
f 299//299 313//313 300//300
f 298//298 313//313 299//299
f 297//297 313//313 298//298
f 297//297 314//314 313//313
f 296//296 314//314 297//297
f 295//295 314//314 296//296
f 293//293 314//314 295//295
f 314//314 293//293 294//294
f 315//315 316//316 317//317
f 318//318 317//317 316//316
f 319//319 318//318 316//316
f 320//320 318//318 319//319
f 321//321 318//318 322//322
f 323//323 322//322 318//318
f 320//320 323//323 318//318
f 324//324 323//323 320//320
f 325//325 323//323 324//324
f 326//326 325//325 324//324
f 327//327 325//325 326//326
f 324//324 328//328 326//326
f 329//329 326//326 328//328
f 330//330 329//329 328//328
f 331//331 329//329 330//330
f 332//332 329//329 331//331
f 333//333 329//329 332//332
f 334//334 333//333 332//332
f 335//335 334//334 332//332
f 336//336 337//337 332//332
f 338//338 332//332 337//337
f 335//335 332//332 338//338
f 339//339 335//335 338//338
f 340//340 339//339 338//338
f 341//341 339//339 340//340
f 342//342 339//339 341//341
f 343//343 341//341 340//340
f 340//340 341//341 343//343
f 341//341 339//339 342//342
f 340//340 339//339 341//341
f 338//338 339//339 340//340
f 338//338 335//335 339//339
f 338//338 332//332 335//335
f 337//337 332//332 338//338
f 332//332 337//337 336//336
f 332//332 334//334 335//335
f 332//332 333//333 334//334
f 332//332 329//329 333//333
f 331//331 329//329 332//332
f 330//330 329//329 331//331
f 328//328 329//329 330//330
f 328//328 326//326 329//329
f 326//326 328//328 324//324
f 326//326 325//325 327//327
f 324//324 325//325 326//326
f 324//324 323//323 325//325
f 320//320 323//323 324//324
f 318//318 323//323 320//320
f 318//318 322//322 323//323
f 322//322 318//318 321//321
f 319//319 318//318 320//320
f 316//316 318//318 319//319
f 316//316 317//317 318//318
f 317//317 316//316 315//315
f 344//344 345//345 324//324
f 328//328 324//324 345//345
f 345//345 324//324 328//328
f 324//324 345//345 344//344
f 344//344 324//324 346//346
f 320//320 346//346 324//324
f 324//324 346//346 320//320
f 346//346 324//324 344//344
f 347//347 346//346 319//319
f 320//320 319//319 346//346
f 346//346 319//319 320//320
f 319//319 346//346 347//347
f 348//348 347//347 316//316
f 319//319 316//316 347//347
f 347//347 316//316 319//319
f 316//316 347//347 348//348
f 348//348 316//316 349//349
f 315//315 349//349 316//316
f 316//316 349//349 315//315
f 349//349 316//316 348//348
f 350//350 349//349 317//317
f 315//315 317//317 349//349
f 349//349 317//317 315//315
f 317//317 349//349 350//350
f 318//318 351//351 317//317
f 350//350 317//317 351//351
f 351//351 317//317 350//350
f 317//317 351//351 318//318
f 321//321 352//352 318//318
f 351//351 318//318 352//352
f 352//352 318//318 351//351
f 318//318 352//352 321//321
f 353//353 352//352 322//322
f 321//321 322//322 352//352
f 352//352 322//322 321//321
f 322//322 352//352 353//353
f 354//354 353//353 323//323
f 322//322 323//323 353//353
f 353//353 323//323 322//322
f 323//323 353//353 354//354
f 355//355 354//354 325//325
f 323//323 325//325 354//354
f 354//354 325//325 323//323
f 325//325 354//354 355//355
f 356//356 355//355 327//327
f 325//325 327//327 355//355
f 355//355 327//327 325//325
f 327//327 355//355 356//356
f 327//327 326//326 356//356
f 357//357 356//356 326//326
f 326//326 356//356 357//357
f 356//356 326//326 327//327
f 358//358 357//357 329//329
f 326//326 329//329 357//357
f 357//357 329//329 326//326
f 329//329 357//357 358//358
f 333//333 359//359 329//329
f 358//358 329//329 359//359
f 359//359 329//329 358//358
f 329//329 359//359 333//333
f 360//360 359//359 334//334
f 333//333 334//334 359//359
f 359//359 334//334 333//333
f 334//334 359//359 360//360
f 361//361 360//360 335//335
f 334//334 335//335 360//360
f 360//360 335//335 334//334
f 335//335 360//360 361//361
f 362//362 361//361 339//339
f 335//335 339//339 361//361
f 361//361 339//339 335//335
f 339//339 361//361 362//362
f 363//363 362//362 342//342
f 339//339 342//342 362//362
f 362//362 342//342 339//339
f 342//342 362//362 363//363
f 363//363 342//342 364//364
f 341//341 364//364 342//342
f 342//342 364//364 341//341
f 364//364 342//342 363//363
f 341//341 343//343 364//364
f 365//365 364//364 343//343
f 343//343 364//364 365//365
f 364//364 343//343 341//341
f 365//365 343//343 366//366
f 340//340 366//366 343//343
f 343//343 366//366 340//340
f 366//366 343//343 365//365
f 367//367 366//366 338//338
f 340//340 338//338 366//366
f 366//366 338//338 340//340
f 338//338 366//366 367//367
f 368//368 367//367 337//337
f 338//338 337//337 367//367
f 367//367 337//337 338//338
f 337//337 367//367 368//368
f 369//369 368//368 336//336
f 337//337 336//336 368//368
f 368//368 336//336 337//337
f 336//336 368//368 369//369
f 332//332 370//370 336//336
f 369//369 336//336 370//370
f 370//370 336//336 369//369
f 336//336 370//370 332//332
f 370//370 332//332 371//371
f 331//331 371//371 332//332
f 332//332 371//371 331//331
f 371//371 332//332 370//370
f 371//371 331//331 372//372
f 330//330 372//372 331//331
f 331//331 372//372 330//330
f 372//372 331//331 371//371
f 345//345 372//372 328//328
f 330//330 328//328 372//372
f 372//372 328//328 330//330
f 328//328 372//372 345//345
f 349//349 350//350 348//348
f 351//351 348//348 350//350
f 347//347 348//348 351//351
f 346//346 347//347 351//351
f 344//344 357//357 345//345
f 358//358 345//345 357//357
f 372//372 345//345 358//358
f 371//371 372//372 358//358
f 370//370 371//371 358//358
f 359//359 370//370 358//358
f 360//360 370//370 359//359
f 361//361 370//370 360//360
f 352//352 353//353 351//351
f 354//354 351//351 353//353
f 346//346 351//351 354//354
f 344//344 346//346 354//354
f 355//355 344//344 354//354
f 357//357 344//344 355//355
f 356//356 357//357 355//355
f 369//369 370//370 368//368
f 367//367 368//368 370//370
f 361//361 367//367 370//370
f 362//362 367//367 361//361
f 366//366 367//367 362//362
f 364//364 366//366 362//362
f 365//365 366//366 364//364
f 364//364 362//362 363//363
f 363//363 362//362 364//364
f 364//364 366//366 365//365
f 362//362 366//366 364//364
f 362//362 367//367 366//366
f 361//361 367//367 362//362
f 370//370 367//367 361//361
f 370//370 368//368 367//367
f 368//368 370//370 369//369
f 355//355 357//357 356//356
f 355//355 344//344 357//357
f 354//354 344//344 355//355
f 354//354 346//346 344//344
f 354//354 351//351 346//346
f 353//353 351//351 354//354
f 351//351 353//353 352//352
f 360//360 370//370 361//361
f 359//359 370//370 360//360
f 358//358 370//370 359//359
f 358//358 371//371 370//370
f 358//358 372//372 371//371
f 358//358 345//345 372//372
f 357//357 345//345 358//358
f 345//345 357//357 344//344
f 351//351 347//347 346//346
f 351//351 348//348 347//347
f 350//350 348//348 351//351
f 348//348 350//350 349//349
f 373//373 374//374 375//375
f 376//376 377//377 378//378
f 379//379 378//378 377//377
f 380//380 379//379 377//377
f 381//381 380//380 377//377
f 382//382 380//380 381//381
f 374//374 382//382 381//381
f 375//375 374//374 381//381
f 383//383 375//375 381//381
f 384//384 383//383 381//381
f 385//385 383//383 384//384
f 386//386 385//385 384//384
f 387//387 386//386 384//384
f 388//388 385//385 386//386
f 389//389 385//385 388//388
f 390//390 385//385 389//389
f 391//391 390//390 389//389
f 392//392 390//390 391//391
f 393//393 390//390 392//392
f 394//394 390//390 393//393
f 395//395 394//394 393//393
f 396//396 394//394 395//395
f 397//397 396//396 395//395
f 398//398 396//396 397//397
f 399//399 398//398 397//397
f 400//400 398//398 399//399
f 401//401 398//398 400//400
f 402//402 401//401 400//400
f 403//403 402//402 400//400
f 404//404 403//403 400//400
f 405//405 403//403 404//404
f 406//406 405//405 404//404
f 407//407 408//408 409//409
f 410//410 409//409 408//408
f 411//411 409//409 410//410
f 412//412 409//409 411//411
f 413//413 409//409 412//412
f 414//414 409//409 413//413
f 415//415 409//409 414//414
f 416//416 415//415 414//414
f 417//417 418//418 387//387
f 419//419 387//387 418//418
f 420//420 387//387 419//419
f 421//421 387//387 420//420
f 386//386 387//387 421//421
f 407//407 386//386 421//421
f 408//408 407//407 421//421
f 422//422 418//418 417//417
f 423//423 422//422 417//417
f 424//424 423//423 417//417
f 425//425 424//424 417//417
f 426//426 425//425 417//417
f 427//427 425//425 426//426
f 428//428 427//427 426//426
f 429//429 427//427 428//428
f 430//430 429//429 428//428
f 431//431 430//430 428//428
f 432//432 430//430 431//431
f 433//433 430//430 432//432
f 434//434 430//430 433//433
f 435//435 430//430 434//434
f 436//436 430//430 435//435
f 435//435 430//430 436//436
f 434//434 430//430 435//435
f 433//433 430//430 434//434
f 432//432 430//430 433//433
f 431//431 430//430 432//432
f 428//428 430//430 431//431
f 428//428 429//429 430//430
f 428//428 427//427 429//429
f 426//426 427//427 428//428
f 426//426 425//425 427//427
f 417//417 425//425 426//426
f 417//417 424//424 425//425
f 417//417 423//423 424//424
f 417//417 422//422 423//423
f 417//417 418//418 422//422
f 421//421 407//407 408//408
f 421//421 386//386 407//407
f 421//421 387//387 386//386
f 420//420 387//387 421//421
f 419//419 387//387 420//420
f 418//418 387//387 419//419
f 387//387 418//418 417//417
f 414//414 415//415 416//416
f 414//414 409//409 415//415
f 413//413 409//409 414//414
f 412//412 409//409 413//413
f 411//411 409//409 412//412
f 410//410 409//409 411//411
f 408//408 409//409 410//410
f 409//409 408//408 407//407
f 404//404 405//405 406//406
f 404//404 403//403 405//405
f 400//400 403//403 404//404
f 400//400 402//402 403//403
f 400//400 401//401 402//402
f 400//400 398//398 401//401
f 399//399 398//398 400//400
f 397//397 398//398 399//399
f 397//397 396//396 398//398
f 395//395 396//396 397//397
f 395//395 394//394 396//396
f 393//393 394//394 395//395
f 393//393 390//390 394//394
f 392//392 390//390 393//393
f 391//391 390//390 392//392
f 389//389 390//390 391//391
f 389//389 385//385 390//390
f 388//388 385//385 389//389
f 386//386 385//385 388//388
f 384//384 386//386 387//387
f 384//384 385//385 386//386
f 384//384 383//383 385//385
f 381//381 383//383 384//384
f 381//381 375//375 383//383
f 381//381 374//374 375//375
f 381//381 382//382 374//374
f 381//381 380//380 382//382
f 377//377 380//380 381//381
f 377//377 379//379 380//380
f 377//377 378//378 379//379
f 378//378 377//377 376//376
f 375//375 374//374 373//373
f 437//437 386//386 438//438
f 407//407 438//438 386//386
f 386//386 438//438 407//407
f 438//438 386//386 437//437
f 438//438 407//407 439//439
f 409//409 439//439 407//407
f 407//407 439//439 409//409
f 439//439 407//407 438//438
f 439//439 409//409 440//440
f 415//415 440//440 409//409
f 409//409 440//440 415//415
f 440//440 409//409 439//439
f 415//415 416//416 440//440
f 441//441 440//440 416//416
f 416//416 440//440 441//441
f 440//440 416//416 415//415
f 441//441 416//416 442//442
f 414//414 442//442 416//416
f 416//416 442//442 414//414
f 442//442 416//416 441//441
f 443//443 442//442 413//413
f 414//414 413//413 442//442
f 442//442 413//413 414//414
f 413//413 442//442 443//443
f 444//444 443//443 412//412
f 413//413 412//412 443//443
f 443//443 412//412 413//413
f 412//412 443//443 444//444
f 445//445 444//444 411//411
f 412//412 411//411 444//444
f 444//444 411//411 412//412
f 411//411 444//444 445//445
f 446//446 445//445 410//410
f 411//411 410//410 445//445
f 445//445 410//410 411//411
f 410//410 445//445 446//446
f 446//446 410//410 447//447
f 408//408 447//447 410//410
f 410//410 447//447 408//408
f 447//447 410//410 446//446
f 447//447 408//408 448//448
f 421//421 448//448 408//408
f 408//408 448//448 421//421
f 448//448 408//408 447//447
f 448//448 421//421 449//449
f 420//420 449//449 421//421
f 421//421 449//449 420//420
f 449//449 421//421 448//448
f 449//449 420//420 450//450
f 419//419 450//450 420//420
f 420//420 450//450 419//419
f 450//450 420//420 449//449
f 451//451 450//450 418//418
f 419//419 418//418 450//450
f 450//450 418//418 419//419
f 418//418 450//450 451//451
f 452//452 451//451 422//422
f 418//418 422//422 451//451
f 451//451 422//422 418//418
f 422//422 451//451 452//452
f 453//453 452//452 423//423
f 422//422 423//423 452//452
f 452//452 423//423 422//422
f 423//423 452//452 453//453
f 454//454 453//453 424//424
f 423//423 424//424 453//453
f 453//453 424//424 423//423
f 424//424 453//453 454//454
f 455//455 454//454 425//425
f 424//424 425//425 454//454
f 454//454 425//425 424//424
f 425//425 454//454 455//455
f 427//427 456//456 425//425
f 455//455 425//425 456//456
f 456//456 425//425 455//455
f 425//425 456//456 427//427
f 457//457 456//456 429//429
f 427//427 429//429 456//456
f 456//456 429//429 427//427
f 429//429 456//456 457//457
f 458//458 457//457 430//430
f 429//429 430//430 457//457
f 457//457 430//430 429//429
f 430//430 457//457 458//458
f 458//458 430//430 459//459
f 436//436 459//459 430//430
f 430//430 459//459 436//436
f 459//459 430//430 458//458
f 459//459 436//436 460//460
f 435//435 460//460 436//436
f 436//436 460//460 435//435
f 460//460 436//436 459//459
f 460//460 435//435 461//461
f 434//434 461//461 435//435
f 435//435 461//461 434//434
f 461//461 435//435 460//460
f 461//461 434//434 462//462
f 433//433 462//462 434//434
f 434//434 462//462 433//433
f 462//462 434//434 461//461
f 462//462 433//433 463//463
f 432//432 463//463 433//433
f 433//433 463//463 432//432
f 463//463 433//433 462//462
f 463//463 432//432 464//464
f 431//431 464//464 432//432
f 432//432 464//464 431//431
f 464//464 432//432 463//463
f 465//465 464//464 428//428
f 431//431 428//428 464//464
f 464//464 428//428 431//431
f 428//428 464//464 465//465
f 466//466 465//465 426//426
f 428//428 426//426 465//465
f 465//465 426//426 428//428
f 426//426 465//465 466//466
f 467//467 466//466 417//417
f 426//426 417//417 466//466
f 466//466 417//417 426//426
f 417//417 466//466 467//467
f 468//468 467//467 387//387
f 417//417 387//387 467//467
f 467//467 387//387 417//417
f 387//387 467//467 468//468
f 469//469 468//468 384//384
f 387//387 384//384 468//468
f 468//468 384//384 387//387
f 384//384 468//468 469//469
f 470//470 469//469 381//381
f 384//384 381//381 469//469
f 469//469 381//381 384//384
f 381//381 469//469 470//470
f 471//471 470//470 377//377
f 381//381 377//377 470//470
f 470//470 377//377 381//381
f 377//377 470//470 471//471
f 471//471 377//377 472//472
f 376//376 472//472 377//377
f 377//377 472//472 376//376
f 472//472 377//377 471//471
f 378//378 473//473 376//376
f 472//472 376//376 473//473
f 473//473 376//376 472//472
f 376//376 473//473 378//378
f 474//474 473//473 379//379
f 378//378 379//379 473//473
f 473//473 379//379 378//378
f 379//379 473//473 474//474
f 474//474 379//379 475//475
f 380//380 475//475 379//379
f 379//379 475//475 380//380
f 475//475 379//379 474//474
f 476//476 475//475 382//382
f 380//380 382//382 475//475
f 475//475 382//382 380//380
f 382//382 475//475 476//476
f 477//477 476//476 374//374
f 382//382 374//374 476//476
f 476//476 374//374 382//382
f 374//374 476//476 477//477
f 373//373 478//478 374//374
f 477//477 374//374 478//478
f 478//478 374//374 477//477
f 374//374 478//478 373//373
f 375//375 479//479 373//373
f 478//478 373//373 479//479
f 479//479 373//373 478//478
f 373//373 479//479 375//375
f 480//480 479//479 383//383
f 375//375 383//383 479//479
f 479//479 383//383 375//375
f 383//383 479//479 480//480
f 481//481 480//480 385//385
f 383//383 385//385 480//480
f 480//480 385//385 383//383
f 385//385 480//480 481//481
f 482//482 481//481 390//390
f 385//385 390//390 481//481
f 481//481 390//390 385//385
f 390//390 481//481 482//482
f 483//483 482//482 394//394
f 390//390 394//394 482//482
f 482//482 394//394 390//390
f 394//394 482//482 483//483
f 484//484 483//483 396//396
f 394//394 396//396 483//483
f 483//483 396//396 394//394
f 396//396 483//483 484//484
f 485//485 484//484 398//398
f 396//396 398//398 484//484
f 484//484 398//398 396//396
f 398//398 484//484 485//485
f 486//486 485//485 401//401
f 398//398 401//401 485//485
f 485//485 401//401 398//398
f 401//401 485//485 486//486
f 401//401 402//402 486//486
f 487//487 486//486 402//402
f 402//402 486//486 487//487
f 486//486 402//402 401//401
f 402//402 403//403 487//487
f 488//488 487//487 403//403
f 403//403 487//487 488//488
f 487//487 403//403 402//402
f 488//488 403//403 489//489
f 405//405 489//489 403//403
f 403//403 489//489 405//405
f 489//489 403//403 488//488
f 489//489 405//405 490//490
f 406//406 490//490 405//405
f 405//405 490//490 406//406
f 490//490 405//405 489//489
f 490//490 406//406 491//491
f 404//404 491//491 406//406
f 406//406 491//491 404//404
f 491//491 406//406 490//490
f 492//492 491//491 400//400
f 404//404 400//400 491//491
f 491//491 400//400 404//404
f 400//400 491//491 492//492
f 399//399 493//493 400//400
f 492//492 400//400 493//493
f 493//493 400//400 492//492
f 400//400 493//493 399//399
f 397//397 494//494 399//399
f 493//493 399//399 494//494
f 494//494 399//399 493//493
f 399//399 494//494 397//397
f 494//494 397//397 495//495
f 395//395 495//495 397//397
f 397//397 495//495 395//395
f 495//495 397//397 494//494
f 496//496 495//495 393//393
f 395//395 393//393 495//495
f 495//495 393//393 395//395
f 393//393 495//495 496//496
f 497//497 496//496 392//392
f 393//393 392//392 496//496
f 496//496 392//392 393//393
f 392//392 496//496 497//497
f 498//498 497//497 391//391
f 392//392 391//391 497//497
f 497//497 391//391 392//392
f 391//391 497//497 498//498
f 499//499 498//498 389//389
f 391//391 389//389 498//498
f 498//498 389//389 391//391
f 389//389 498//498 499//499
f 499//499 389//389 500//500
f 388//388 500//500 389//389
f 389//389 500//500 388//388
f 500//500 389//389 499//499
f 500//500 388//388 437//437
f 386//386 437//437 388//388
f 388//388 437//437 386//386
f 437//437 388//388 500//500
f 448//448 449//449 468//468
f 450//450 468//468 449//449
f 451//451 468//468 450//450
f 467//467 468//468 451//451
f 452//452 467//467 451//451
f 453//453 467//467 452//452
f 454//454 467//467 453//453
f 455//455 467//467 454//454
f 466//466 467//467 455//455
f 456//456 466//466 455//455
f 465//465 466//466 456//456
f 457//457 465//465 456//456
f 458//458 465//465 457//457
f 464//464 465//465 458//458
f 463//463 464//464 458//458
f 462//462 463//463 458//458
f 461//461 462//462 458//458
f 460//460 461//461 458//458
f 459//459 460//460 458//458
f 447//447 438//438 446//446
f 439//439 446//446 438//438
f 445//445 446//446 439//439
f 444//444 445//445 439//439
f 443//443 444//444 439//439
f 442//442 443//443 439//439
f 441//441 442//442 439//439
f 440//440 441//441 439//439
f 472//472 473//473 471//471
f 474//474 471//471 473//473
f 475//475 471//471 474//474
f 470//470 471//471 475//475
f 476//476 470//470 475//475
f 477//477 470//470 476//476
f 478//478 470//470 477//477
f 479//479 470//470 478//478
f 480//480 470//470 479//479
f 469//469 470//470 480//480
f 481//481 469//469 480//480
f 437//437 469//469 481//481
f 468//468 469//469 437//437
f 448//448 468//468 437//437
f 447//447 448//448 437//437
f 438//438 447//447 437//437
f 500//500 437//437 481//481
f 499//499 500//500 481//481
f 482//482 499//499 481//481
f 498//498 499//499 482//482
f 497//497 498//498 482//482
f 496//496 497//497 482//482
f 483//483 496//496 482//482
f 495//495 496//496 483//483
f 484//484 495//495 483//483
f 494//494 495//495 484//484
f 485//485 494//494 484//484
f 493//493 494//494 485//485
f 492//492 493//493 485//485
f 486//486 492//492 485//485
f 487//487 492//492 486//486
f 491//491 492//492 487//487
f 488//488 491//491 487//487
f 489//489 491//491 488//488
f 490//490 491//491 489//489
f 489//489 491//491 490//490
f 488//488 491//491 489//489
f 487//487 491//491 488//488
f 487//487 492//492 491//491
f 486//486 492//492 487//487
f 485//485 492//492 486//486
f 485//485 493//493 492//492
f 485//485 494//494 493//493
f 484//484 494//494 485//485
f 484//484 495//495 494//494
f 483//483 495//495 484//484
f 483//483 496//496 495//495
f 482//482 496//496 483//483
f 482//482 497//497 496//496
f 482//482 498//498 497//497
f 482//482 499//499 498//498
f 481//481 499//499 482//482
f 481//481 500//500 499//499
f 481//481 437//437 500//500
f 437//437 447//447 438//438
f 437//437 448//448 447//447
f 437//437 468//468 448//448
f 437//437 469//469 468//468
f 481//481 469//469 437//437
f 480//480 469//469 481//481
f 480//480 470//470 469//469
f 479//479 470//470 480//480
f 478//478 470//470 479//479
f 477//477 470//470 478//478
f 476//476 470//470 477//477
f 475//475 470//470 476//476
f 475//475 471//471 470//470
f 474//474 471//471 475//475
f 473//473 471//471 474//474
f 471//471 473//473 472//472
f 439//439 441//441 440//440
f 439//439 442//442 441//441
f 439//439 443//443 442//442
f 439//439 444//444 443//443
f 439//439 445//445 444//444
f 439//439 446//446 445//445
f 438//438 446//446 439//439
f 446//446 438//438 447//447
f 458//458 460//460 459//459
f 458//458 461//461 460//460
f 458//458 462//462 461//461
f 458//458 463//463 462//462
f 458//458 464//464 463//463
f 458//458 465//465 464//464
f 457//457 465//465 458//458
f 456//456 465//465 457//457
f 456//456 466//466 465//465
f 455//455 466//466 456//456
f 455//455 467//467 466//466
f 454//454 467//467 455//455
f 453//453 467//467 454//454
f 452//452 467//467 453//453
f 451//451 467//467 452//452
f 451//451 468//468 467//467
f 450//450 468//468 451//451
f 449//449 468//468 450//450
f 468//468 449//449 448//448
f 501//501 502//502 503//503
f 504//504 503//503 502//502
f 505//505 504//504 502//502
f 506//506 505//505 502//502
f 507//507 506//506 502//502
f 508//508 507//507 502//502
f 509//509 508//508 502//502
f 510//510 508//508 509//509
f 511//511 510//510 509//509
f 512//512 510//510 511//511
f 513//513 510//510 512//512
f 514//514 513//513 512//512
f 515//515 513//513 514//514
f 516//516 515//515 514//514
f 517//517 515//515 516//516
f 518//518 517//517 516//516
f 519//519 517//517 518//518
f 520//520 517//517 519//519
f 521//521 520//520 519//519
f 522//522 520//520 521//521
f 523//523 524//524 525//525
f 526//526 525//525 524//524
f 527//527 526//526 524//524
f 528//528 526//526 527//527
f 529//529 528//528 527//527
f 530//530 528//528 529//529
f 531//531 530//530 529//529
f 532//532 530//530 531//531
f 533//533 532//532 531//531
f 534//534 532//532 533//533
f 535//535 532//532 534//534
f 536//536 532//532 535//535
f 537//537 532//532 536//536
f 538//538 537//537 536//536
f 539//539 537//537 538//538
f 540//540 539//539 538//538
f 541//541 539//539 540//540
f 542//542 541//541 540//540
f 543//543 541//541 542//542
f 544//544 543//543 542//542
f 545//545 543//543 544//544
f 522//522 545//545 544//544
f 520//520 522//522 544//544
f 546//546 520//520 544//544
f 547//547 546//546 544//544
f 548//548 546//546 547//547
f 549//549 548//548 547//547
f 550//550 548//548 549//549
f 551//551 548//548 550//550
f 531//531 552//552 533//533
f 553//553 533//533 552//552
f 554//554 553//553 552//552
f 555//555 554//554 552//552
f 556//556 554//554 555//555
f 557//557 556//556 555//555
f 558//558 556//556 557//557
f 559//559 558//558 557//557
f 560//560 559//559 557//557
f 561//561 559//559 560//560
f 562//562 561//561 560//560
f 563//563 561//561 562//562
f 564//564 563//563 562//562
f 565//565 564//564 562//562
f 566//566 565//565 562//562
f 567//567 565//565 566//566
f 568//568 565//565 567//567
f 569//569 565//565 568//568
f 570//570 565//565 569//569
f 569//569 565//565 570//570
f 568//568 565//565 569//569
f 567//567 565//565 568//568
f 566//566 565//565 567//567
f 562//562 565//565 566//566
f 562//562 564//564 565//565
f 562//562 563//563 564//564
f 562//562 561//561 563//563
f 560//560 561//561 562//562
f 560//560 559//559 561//561
f 557//557 559//559 560//560
f 557//557 558//558 559//559
f 557//557 556//556 558//558
f 555//555 556//556 557//557
f 555//555 554//554 556//556
f 552//552 554//554 555//555
f 552//552 553//553 554//554
f 552//552 533//533 553//553
f 533//533 552//552 531//531
f 550//550 548//548 551//551
f 549//549 548//548 550//550
f 547//547 548//548 549//549
f 547//547 546//546 548//548
f 544//544 546//546 547//547
f 544//544 520//520 546//546
f 544//544 522//522 520//520
f 544//544 545//545 522//522
f 544//544 543//543 545//545
f 542//542 543//543 544//544
f 542//542 541//541 543//543
f 540//540 541//541 542//542
f 540//540 539//539 541//541
f 538//538 539//539 540//540
f 538//538 537//537 539//539
f 536//536 537//537 538//538
f 536//536 532//532 537//537
f 535//535 532//532 536//536
f 534//534 532//532 535//535
f 533//533 532//532 534//534
f 531//531 532//532 533//533
f 531//531 530//530 532//532
f 529//529 530//530 531//531
f 529//529 528//528 530//530
f 527//527 528//528 529//529
f 527//527 526//526 528//528
f 524//524 526//526 527//527
f 524//524 525//525 526//526
f 525//525 524//524 523//523
f 521//521 520//520 522//522
f 519//519 520//520 521//521
f 519//519 517//517 520//520
f 518//518 517//517 519//519
f 516//516 517//517 518//518
f 516//516 515//515 517//517
f 514//514 515//515 516//516
f 514//514 513//513 515//515
f 512//512 513//513 514//514
f 512//512 510//510 513//513
f 511//511 510//510 512//512
f 509//509 510//510 511//511
f 509//509 508//508 510//510
f 502//502 508//508 509//509
f 502//502 507//507 508//508
f 502//502 506//506 507//507
f 502//502 505//505 506//506
f 502//502 504//504 505//505
f 502//502 503//503 504//504
f 503//503 502//502 501//501
f 571//571 572//572 565//565
f 564//564 565//565 572//572
f 572//572 565//565 564//564
f 565//565 572//572 571//571
f 571//571 565//565 573//573
f 570//570 573//573 565//565
f 565//565 573//573 570//570
f 573//573 565//565 571//571
f 573//573 570//570 574//574
f 569//569 574//574 570//570
f 570//570 574//574 569//569
f 574//574 570//570 573//573
f 574//574 569//569 575//575
f 568//568 575//575 569//569
f 569//569 575//575 568//568
f 575//575 569//569 574//574
f 575//575 568//568 576//576
f 567//567 576//576 568//568
f 568//568 576//576 567//567
f 576//576 568//568 575//575
f 576//576 567//567 577//577
f 566//566 577//577 567//567
f 567//567 577//577 566//566
f 577//577 567//567 576//576
f 578//578 577//577 562//562
f 566//566 562//562 577//577
f 577//577 562//562 566//566
f 562//562 577//577 578//578
f 579//579 578//578 560//560
f 562//562 560//560 578//578
f 578//578 560//560 562//562
f 560//560 578//578 579//579
f 580//580 579//579 557//557
f 560//560 557//557 579//579
f 579//579 557//557 560//560
f 557//557 579//579 580//580
f 581//581 580//580 555//555
f 557//557 555//555 580//580
f 580//580 555//555 557//557
f 555//555 580//580 581//581
f 582//582 581//581 552//552
f 555//555 552//552 581//581
f 581//581 552//552 555//555
f 552//552 581//581 582//582
f 583//583 582//582 531//531
f 552//552 531//531 582//582
f 582//582 531//531 552//552
f 531//531 582//582 583//583
f 583//583 531//531 584//584
f 529//529 584//584 531//531
f 531//531 584//584 529//529
f 584//584 531//531 583//583
f 585//585 584//584 527//527
f 529//529 527//527 584//584
f 584//584 527//527 529//529
f 527//527 584//584 585//585
f 524//524 586//586 527//527
f 585//585 527//527 586//586
f 586//586 527//527 585//585
f 527//527 586//586 524//524
f 587//587 586//586 523//523
f 524//524 523//523 586//586
f 586//586 523//523 524//524
f 523//523 586//586 587//587
f 588//588 587//587 525//525
f 523//523 525//525 587//587
f 587//587 525//525 523//523
f 525//525 587//587 588//588
f 589//589 588//588 526//526
f 525//525 526//526 588//588
f 588//588 526//526 525//525
f 526//526 588//588 589//589
f 528//528 590//590 526//526
f 589//589 526//526 590//590
f 590//590 526//526 589//589
f 526//526 590//590 528//528
f 530//530 591//591 528//528
f 590//590 528//528 591//591
f 591//591 528//528 590//590
f 528//528 591//591 530//530
f 592//592 591//591 532//532
f 530//530 532//532 591//591
f 591//591 532//532 530//530
f 532//532 591//591 592//592
f 593//593 592//592 537//537
f 532//532 537//537 592//592
f 592//592 537//537 532//532
f 537//537 592//592 593//593
f 594//594 593//593 539//539
f 537//537 539//539 593//593
f 593//593 539//539 537//537
f 539//539 593//593 594//594
f 595//595 594//594 541//541
f 539//539 541//541 594//594
f 594//594 541//541 539//539
f 541//541 594//594 595//595
f 595//595 541//541 596//596
f 543//543 596//596 541//541
f 541//541 596//596 543//543
f 596//596 541//541 595//595
f 545//545 597//597 543//543
f 596//596 543//543 597//597
f 597//597 543//543 596//596
f 543//543 597//597 545//545
f 598//598 597//597 522//522
f 545//545 522//522 597//597
f 597//597 522//522 545//545
f 522//522 597//597 598//598
f 599//599 598//598 521//521
f 522//522 521//521 598//598
f 598//598 521//521 522//522
f 521//521 598//598 599//599
f 600//600 599//599 519//519
f 521//521 519//519 599//599
f 599//599 519//519 521//521
f 519//519 599//599 600//600
f 518//518 601//601 519//519
f 600//600 519//519 601//601
f 601//601 519//519 600//600
f 519//519 601//601 518//518
f 602//602 601//601 516//516
f 518//518 516//516 601//601
f 601//601 516//516 518//518
f 516//516 601//601 602//602
f 603//603 602//602 514//514
f 516//516 514//514 602//602
f 602//602 514//514 516//516
f 514//514 602//602 603//603
f 604//604 603//603 512//512
f 514//514 512//512 603//603
f 603//603 512//512 514//514
f 512//512 603//603 604//604
f 605//605 604//604 511//511
f 512//512 511//511 604//604
f 604//604 511//511 512//512
f 511//511 604//604 605//605
f 605//605 511//511 606//606
f 509//509 606//606 511//511
f 511//511 606//606 509//509
f 606//606 511//511 605//605
f 606//606 509//509 607//607
f 502//502 607//607 509//509
f 509//509 607//607 502//502
f 607//607 509//509 606//606
f 608//608 607//607 501//501
f 502//502 501//501 607//607
f 607//607 501//501 502//502
f 501//501 607//607 608//608
f 609//609 608//608 503//503
f 501//501 503//503 608//608
f 608//608 503//503 501//501
f 503//503 608//608 609//609
f 504//504 610//610 503//503
f 609//609 503//503 610//610
f 610//610 503//503 609//609
f 503//503 610//610 504//504
f 611//611 610//610 505//505
f 504//504 505//505 610//610
f 610//610 505//505 504//504
f 505//505 610//610 611//611
f 612//612 611//611 506//506
f 505//505 506//506 611//611
f 611//611 506//506 505//505
f 506//506 611//611 612//612
f 507//507 613//613 506//506
f 612//612 506//506 613//613
f 613//613 506//506 612//612
f 506//506 613//613 507//507
f 614//614 613//613 508//508
f 507//507 508//508 613//613
f 613//613 508//508 507//507
f 508//508 613//613 614//614
f 614//614 508//508 615//615
f 510//510 615//615 508//508
f 508//508 615//615 510//510
f 615//615 508//508 614//614
f 616//616 615//615 513//513
f 510//510 513//513 615//615
f 615//615 513//513 510//510
f 513//513 615//615 616//616
f 617//617 616//616 515//515
f 513//513 515//515 616//616
f 616//616 515//515 513//513
f 515//515 616//616 617//617
f 618//618 617//617 517//517
f 515//515 517//517 617//617
f 617//617 517//517 515//515
f 517//517 617//617 618//618
f 619//619 618//618 520//520
f 517//517 520//520 618//618
f 618//618 520//520 517//517
f 520//520 618//618 619//619
f 620//620 619//619 546//546
f 520//520 546//546 619//619
f 619//619 546//546 520//520
f 546//546 619//619 620//620
f 620//620 546//546 621//621
f 548//548 621//621 546//546
f 546//546 621//621 548//548
f 621//621 546//546 620//620
f 621//621 548//548 622//622
f 551//551 622//622 548//548
f 548//548 622//622 551//551
f 622//622 548//548 621//621
f 622//622 551//551 623//623
f 550//550 623//623 551//551
f 551//551 623//623 550//550
f 623//623 551//551 622//622
f 550//550 549//549 623//623
f 624//624 623//623 549//549
f 549//549 623//623 624//624
f 623//623 549//549 550//550
f 624//624 549//549 625//625
f 547//547 625//625 549//549
f 549//549 625//625 547//547
f 625//625 549//549 624//624
f 626//626 625//625 544//544
f 547//547 544//544 625//625
f 625//625 544//544 547//547
f 544//544 625//625 626//626
f 626//626 544//544 627//627
f 542//542 627//627 544//544
f 544//544 627//627 542//542
f 627//627 544//544 626//626
f 628//628 627//627 540//540
f 542//542 540//540 627//627
f 627//627 540//540 542//542
f 540//540 627//627 628//628
f 629//629 628//628 538//538
f 540//540 538//538 628//628
f 628//628 538//538 540//540
f 538//538 628//628 629//629
f 629//629 538//538 630//630
f 536//536 630//630 538//538
f 538//538 630//630 536//536
f 630//630 538//538 629//629
f 631//631 630//630 535//535
f 536//536 535//535 630//630
f 630//630 535//535 536//536
f 535//535 630//630 631//631
f 631//631 535//535 632//632
f 534//534 632//632 535//535
f 535//535 632//632 534//534
f 632//632 535//535 631//631
f 632//632 534//534 633//633
f 533//533 633//633 534//534
f 534//534 633//633 533//533
f 633//633 534//534 632//632
f 633//633 533//533 634//634
f 553//553 634//634 533//533
f 533//533 634//634 553//553
f 634//634 533//533 633//633
f 634//634 553//553 635//635
f 554//554 635//635 553//553
f 553//553 635//635 554//554
f 635//635 553//553 634//634
f 635//635 554//554 636//636
f 556//556 636//636 554//554
f 554//554 636//636 556//556
f 636//636 554//554 635//635
f 637//637 636//636 558//558
f 556//556 558//558 636//636
f 636//636 558//558 556//556
f 558//558 636//636 637//637
f 638//638 637//637 559//559
f 558//558 559//559 637//637
f 637//637 559//559 558//558
f 559//559 637//637 638//638
f 639//639 638//638 561//561
f 559//559 561//561 638//638
f 638//638 561//561 559//559
f 561//561 638//638 639//639
f 640//640 639//639 563//563
f 561//561 563//563 639//639
f 639//639 563//563 561//561
f 563//563 639//639 640//640
f 564//564 572//572 563//563
f 640//640 563//563 572//572
f 572//572 563//563 640//640
f 563//563 572//572 564//564
f 583//583 633//633 582//582
f 634//634 582//582 633//633
f 635//635 582//582 634//634
f 581//581 582//582 635//635
f 636//636 581//581 635//635
f 580//580 581//581 636//636
f 637//637 580//580 636//636
f 638//638 580//580 637//637
f 579//579 580//580 638//638
f 639//639 579//579 638//638
f 578//578 579//579 639//639
f 640//640 578//578 639//639
f 572//572 578//578 640//640
f 571//571 578//578 572//572
f 577//577 578//578 571//571
f 576//576 577//577 571//571
f 575//575 576//576 571//571
f 574//574 575//575 571//571
f 573//573 574//574 571//571
f 587//587 588//588 586//586
f 589//589 586//586 588//588
f 585//585 586//586 589//589
f 590//590 585//585 589//589
f 584//584 585//585 590//590
f 591//591 584//584 590//590
f 583//583 584//584 591//591
f 592//592 583//583 591//591
f 633//633 583//583 592//592
f 632//632 633//633 592//592
f 631//631 632//632 592//592
f 630//630 631//631 592//592
f 593//593 630//630 592//592
f 629//629 630//630 593//593
f 594//594 629//629 593//593
f 628//628 629//629 594//594
f 595//595 628//628 594//594
f 627//627 628//628 595//595
f 596//596 627//627 595//595
f 626//626 627//627 596//596
f 597//597 626//626 596//596
f 598//598 626//626 597//597
f 619//619 626//626 598//598
f 620//620 626//626 619//619
f 625//625 626//626 620//620
f 621//621 625//625 620//620
f 624//624 625//625 621//621
f 623//623 624//624 621//621
f 622//622 623//623 621//621
f 608//608 609//609 607//607
f 610//610 607//607 609//609
f 611//611 607//607 610//610
f 612//612 607//607 611//611
f 613//613 607//607 612//612
f 614//614 607//607 613//613
f 606//606 607//607 614//614
f 615//615 606//606 614//614
f 605//605 606//606 615//615
f 604//604 605//605 615//615
f 616//616 604//604 615//615
f 603//603 604//604 616//616
f 617//617 603//603 616//616
f 602//602 603//603 617//617
f 618//618 602//602 617//617
f 601//601 602//602 618//618
f 600//600 601//601 618//618
f 619//619 600//600 618//618
f 599//599 600//600 619//619
f 598//598 599//599 619//619
f 619//619 599//599 598//598
f 619//619 600//600 599//599
f 618//618 600//600 619//619
f 618//618 601//601 600//600
f 618//618 602//602 601//601
f 617//617 602//602 618//618
f 617//617 603//603 602//602
f 616//616 603//603 617//617
f 616//616 604//604 603//603
f 615//615 604//604 616//616
f 615//615 605//605 604//604
f 615//615 606//606 605//605
f 614//614 606//606 615//615
f 614//614 607//607 606//606
f 613//613 607//607 614//614
f 612//612 607//607 613//613
f 611//611 607//607 612//612
f 610//610 607//607 611//611
f 609//609 607//607 610//610
f 607//607 609//609 608//608
f 621//621 623//623 622//622
f 621//621 624//624 623//623
f 621//621 625//625 624//624
f 620//620 625//625 621//621
f 620//620 626//626 625//625
f 619//619 626//626 620//620
f 598//598 626//626 619//619
f 597//597 626//626 598//598
f 596//596 626//626 597//597
f 596//596 627//627 626//626
f 595//595 627//627 596//596
f 595//595 628//628 627//627
f 594//594 628//628 595//595
f 594//594 629//629 628//628
f 593//593 629//629 594//594
f 593//593 630//630 629//629
f 592//592 630//630 593//593
f 592//592 631//631 630//630
f 592//592 632//632 631//631
f 592//592 633//633 632//632
f 592//592 583//583 633//633
f 591//591 583//583 592//592
f 591//591 584//584 583//583
f 590//590 584//584 591//591
f 590//590 585//585 584//584
f 589//589 585//585 590//590
f 589//589 586//586 585//585
f 588//588 586//586 589//589
f 586//586 588//588 587//587
f 571//571 574//574 573//573
f 571//571 575//575 574//574
f 571//571 576//576 575//575
f 571//571 577//577 576//576
f 571//571 578//578 577//577
f 572//572 578//578 571//571
f 640//640 578//578 572//572
f 639//639 578//578 640//640
f 639//639 579//579 578//578
f 638//638 579//579 639//639
f 638//638 580//580 579//579
f 637//637 580//580 638//638
f 636//636 580//580 637//637
f 636//636 581//581 580//580
f 635//635 581//581 636//636
f 635//635 582//582 581//581
f 634//634 582//582 635//635
f 633//633 582//582 634//634
f 582//582 633//633 583//583
f 641//641 642//642 643//643
f 644//644 643//643 642//642
f 645//645 646//646 647//647
f 648//648 647//647 646//646
f 649//649 648//648 646//646
f 641//641 647//647 648//648
f 642//642 641//641 648//648
f 650//650 648//648 649//649
f 649//649 648//648 650//650
f 648//648 641//641 642//642
f 648//648 647//647 641//641
f 646//646 648//648 649//649
f 646//646 647//647 648//648
f 647//647 646//646 645//645
f 642//642 643//643 644//644
f 643//643 642//642 641//641
f 651//651 650//650 652//652
f 649//649 652//652 650//650
f 650//650 652//652 649//649
f 652//652 650//650 651//651
f 653//653 652//652 646//646
f 649//649 646//646 652//652
f 652//652 646//646 649//649
f 646//646 652//652 653//653
f 645//645 654//654 646//646
f 653//653 646//646 654//654
f 654//654 646//646 653//653
f 646//646 654//654 645//645
f 655//655 654//654 647//647
f 645//645 647//647 654//654
f 654//654 647//647 645//645
f 647//647 654//654 655//655
f 655//655 647//647 656//656
f 641//641 656//656 647//647
f 647//647 656//656 641//641
f 656//656 647//647 655//655
f 657//657 656//656 643//643
f 641//641 643//643 656//656
f 656//656 643//643 641//641
f 643//643 656//656 657//657
f 657//657 643//643 658//658
f 644//644 658//658 643//643
f 643//643 658//658 644//644
f 658//658 643//643 657//657
f 659//659 658//658 642//642
f 644//644 642//642 658//658
f 658//658 642//642 644//644
f 642//642 658//658 659//659
f 659//659 642//642 660//660
f 648//648 660//660 642//642
f 642//642 660//660 648//648
f 660//660 642//642 659//659
f 651//651 660//660 650//650
f 648//648 650//650 660//660
f 660//660 650//650 648//648
f 650//650 660//660 651//651
f 654//654 660//660 653//653
f 652//652 653//653 660//660
f 651//651 652//652 660//660
f 659//659 656//656 658//658
f 657//657 658//658 656//656
f 654//654 655//655 660//660
f 659//659 660//660 655//655
f 656//656 659//659 655//655
f 655//655 659//659 656//656
f 655//655 660//660 659//659
f 660//660 655//655 654//654
f 656//656 658//658 657//657
f 658//658 656//656 659//659
f 660//660 652//652 651//651
f 660//660 653//653 652//652
f 653//653 660//660 654//654
f 661//661 662//662 663//663
f 664//664 663//663 662//662
f 665//665 663//663 664//664
f 666//666 663//663 665//665
f 667//667 668//668 669//669
f 670//670 669//669 668//668
f 671//671 670//670 668//668
f 672//672 670//670 671//671
f 673//673 670//670 672//672
f 674//674 673//673 672//672
f 675//675 673//673 674//674
f 676//676 675//675 674//674
f 677//677 675//675 676//676
f 678//678 677//677 676//676
f 679//679 677//677 678//678
f 680//680 679//679 678//678
f 662//662 679//679 680//680
f 681//681 662//662 680//680
f 664//664 662//662 681//681
f 682//682 683//683 684//684
f 685//685 684//684 683//683
f 669//669 684//684 685//685
f 667//667 669//669 685//685
f 685//685 669//669 667//667
f 685//685 684//684 669//669
f 683//683 684//684 685//685
f 684//684 683//683 682//682
f 681//681 662//662 664//664
f 680//680 662//662 681//681
f 680//680 679//679 662//662
f 678//678 679//679 680//680
f 678//678 677//677 679//679
f 676//676 677//677 678//678
f 676//676 675//675 677//677
f 674//674 675//675 676//676
f 674//674 673//673 675//675
f 672//672 673//673 674//674
f 672//672 670//670 673//673
f 671//671 670//670 672//672
f 668//668 670//670 671//671
f 668//668 669//669 670//670
f 669//669 668//668 667//667
f 665//665 663//663 666//666
f 664//664 663//663 665//665
f 662//662 663//663 664//664
f 663//663 662//662 661//661
f 686//686 663//663 687//687
f 666//666 687//687 663//663
f 663//663 687//687 666//666
f 687//687 663//663 686//686
f 688//688 687//687 665//665
f 666//666 665//665 687//687
f 687//687 665//665 666//666
f 665//665 687//687 688//688
f 664//664 689//689 665//665
f 688//688 665//665 689//689
f 689//689 665//665 688//688
f 665//665 689//689 664//664
f 681//681 690//690 664//664
f 689//689 664//664 690//690
f 690//690 664//664 689//689
f 664//664 690//690 681//681
f 680//680 691//691 681//681
f 690//690 681//681 691//691
f 691//691 681//681 690//690
f 681//681 691//691 680//680
f 678//678 692//692 680//680
f 691//691 680//680 692//692
f 692//692 680//680 691//691
f 680//680 692//692 678//678
f 693//693 692//692 676//676
f 678//678 676//676 692//692
f 692//692 676//676 678//678
f 676//676 692//692 693//693
f 694//694 693//693 674//674
f 676//676 674//674 693//693
f 693//693 674//674 676//676
f 674//674 693//693 694//694
f 695//695 694//694 672//672
f 674//674 672//672 694//694
f 694//694 672//672 674//674
f 672//672 694//694 695//695
f 696//696 695//695 671//671
f 672//672 671//671 695//695
f 695//695 671//671 672//672
f 671//671 695//695 696//696
f 696//696 671//671 697//697
f 668//668 697//697 671//671
f 671//671 697//697 668//668
f 697//697 671//671 696//696
f 697//697 668//668 698//698
f 667//667 698//698 668//668
f 668//668 698//698 667//667
f 698//698 668//668 697//697
f 698//698 667//667 699//699
f 685//685 699//699 667//667
f 667//667 699//699 685//685
f 699//699 667//667 698//698
f 700//700 699//699 683//683
f 685//685 683//683 699//699
f 699//699 683//683 685//685
f 683//683 699//699 700//700
f 682//682 701//701 683//683
f 700//700 683//683 701//701
f 701//701 683//683 700//700
f 683//683 701//701 682//682
f 684//684 702//702 682//682
f 701//701 682//682 702//702
f 702//702 682//682 701//701
f 682//682 702//702 684//684
f 669//669 703//703 684//684
f 702//702 684//684 703//703
f 703//703 684//684 702//702
f 684//684 703//703 669//669
f 704//704 703//703 670//670
f 669//669 670//670 703//703
f 703//703 670//670 669//669
f 670//670 703//703 704//704
f 705//705 704//704 673//673
f 670//670 673//673 704//704
f 704//704 673//673 670//670
f 673//673 704//704 705//705
f 706//706 705//705 675//675
f 673//673 675//675 705//705
f 705//705 675//675 673//673
f 675//675 705//705 706//706
f 707//707 706//706 677//677
f 675//675 677//677 706//706
f 706//706 677//677 675//675
f 677//677 706//706 707//707
f 708//708 707//707 679//679
f 677//677 679//679 707//707
f 707//707 679//679 677//677
f 679//679 707//707 708//708
f 708//708 679//679 709//709
f 662//662 709//709 679//679
f 679//679 709//709 662//662
f 709//709 679//679 708//708
f 661//661 710//710 662//662
f 709//709 662//662 710//710
f 710//710 662//662 709//709
f 662//662 710//710 661//661
f 686//686 710//710 663//663
f 661//661 663//663 710//710
f 710//710 663//663 661//661
f 663//663 710//710 686//686
f 688//688 689//689 687//687
f 709//709 687//687 689//689
f 710//710 687//687 709//709
f 686//686 687//687 710//710
f 700//700 701//701 699//699
f 702//702 699//699 701//701
f 703//703 699//699 702//702
f 698//698 699//699 703//703
f 697//697 698//698 703//703
f 704//704 697//697 703//703
f 696//696 697//697 704//704
f 695//695 696//696 704//704
f 705//705 695//695 704//704
f 694//694 695//695 705//705
f 706//706 694//694 705//705
f 693//693 694//694 706//706
f 707//707 693//693 706//706
f 692//692 693//693 707//707
f 708//708 692//692 707//707
f 691//691 692//692 708//708
f 709//709 691//691 708//708
f 690//690 691//691 709//709
f 689//689 690//690 709//709
f 709//709 690//690 689//689
f 709//709 691//691 690//690
f 708//708 691//691 709//709
f 708//708 692//692 691//691
f 707//707 692//692 708//708
f 707//707 693//693 692//692
f 706//706 693//693 707//707
f 706//706 694//694 693//693
f 705//705 694//694 706//706
f 705//705 695//695 694//694
f 704//704 695//695 705//705
f 704//704 696//696 695//695
f 704//704 697//697 696//696
f 703//703 697//697 704//704
f 703//703 698//698 697//697
f 703//703 699//699 698//698
f 702//702 699//699 703//703
f 701//701 699//699 702//702
f 699//699 701//701 700//700
f 710//710 687//687 686//686
f 709//709 687//687 710//710
f 689//689 687//687 709//709
f 687//687 689//689 688//688
f 711//711 712//712 713//713
f 714//714 713//713 712//712
f 712//712 713//713 714//714
f 713//713 712//712 711//711
f 715//715 713//713 716//716
f 714//714 716//716 713//713
f 713//713 716//716 714//714
f 716//716 713//713 715//715
f 717//717 716//716 712//712
f 714//714 712//712 716//716
f 716//716 712//712 714//714
f 712//712 716//716 717//717
f 711//711 718//718 712//712
f 717//717 712//712 718//718
f 718//718 712//712 717//717
f 712//712 718//718 711//711
f 715//715 718//718 713//713
f 711//711 713//713 718//718
f 718//718 713//713 711//711
f 713//713 718//718 715//715
f 717//717 718//718 716//716
f 715//715 716//716 718//718
f 718//718 716//716 715//715
f 716//716 718//718 717//717
f 719//719 720//720 721//721
f 722//722 721//721 720//720
f 720//720 721//721 722//722
f 721//721 720//720 719//719
f 723//723 721//721 724//724
f 722//722 724//724 721//721
f 721//721 724//724 722//722
f 724//724 721//721 723//723
f 725//725 724//724 720//720
f 722//722 720//720 724//724
f 724//724 720//720 722//722
f 720//720 724//724 725//725
f 719//719 726//726 720//720
f 725//725 720//720 726//726
f 726//726 720//720 725//725
f 720//720 726//726 719//719
f 723//723 726//726 721//721
f 719//719 721//721 726//726
f 726//726 721//721 719//719
f 721//721 726//726 723//723
f 725//725 726//726 724//724
f 723//723 724//724 726//726
f 726//726 724//724 723//723
f 724//724 726//726 725//725
f 727//727 728//728 729//729
f 730//730 729//729 728//728
f 731//731 729//729 730//730
f 732//732 729//729 731//731
f 733//733 734//734 728//728
f 730//730 728//728 734//734
f 735//735 736//736 737//737
f 738//738 737//737 736//736
f 733//733 737//737 738//738
f 734//734 733//733 738//738
f 738//738 733//733 734//734
f 738//738 737//737 733//733
f 736//736 737//737 738//738
f 737//737 736//736 735//735
f 734//734 728//728 730//730
f 728//728 734//734 733//733
f 731//731 729//729 732//732
f 730//730 729//729 731//731
f 728//728 729//729 730//730
f 729//729 728//728 727//727
f 739//739 729//729 740//740
f 732//732 740//740 729//729
f 729//729 740//740 732//732
f 740//740 729//729 739//739
f 741//741 740//740 731//731
f 732//732 731//731 740//740
f 740//740 731//731 732//732
f 731//731 740//740 741//741
f 730//730 742//742 731//731
f 741//741 731//731 742//742
f 742//742 731//731 741//741
f 731//731 742//742 730//730
f 743//743 742//742 734//734
f 730//730 734//734 742//742
f 742//742 734//734 730//730
f 734//734 742//742 743//743
f 743//743 734//734 744//744
f 738//738 744//744 734//734
f 734//734 744//744 738//738
f 744//744 734//734 743//743
f 745//745 744//744 736//736
f 738//738 736//736 744//744
f 744//744 736//736 738//738
f 736//736 744//744 745//745
f 735//735 746//746 736//736
f 745//745 736//736 746//746
f 746//746 736//736 745//745
f 736//736 746//746 735//735
f 747//747 746//746 737//737
f 735//735 737//737 746//746
f 746//746 737//737 735//735
f 737//737 746//746 747//747
f 747//747 737//737 748//748
f 733//733 748//748 737//737
f 737//737 748//748 733//733
f 748//748 737//737 747//747
f 749//749 748//748 728//728
f 733//733 728//728 748//748
f 748//748 728//728 733//733
f 728//728 748//748 749//749
f 727//727 750//750 728//728
f 749//749 728//728 750//750
f 750//750 728//728 749//749
f 728//728 750//750 727//727
f 739//739 750//750 729//729
f 727//727 729//729 750//750
f 750//750 729//729 727//727
f 729//729 750//750 739//739
f 741//741 742//742 740//740
f 749//749 740//740 742//742
f 750//750 740//740 749//749
f 739//739 740//740 750//750
f 743//743 748//748 742//742
f 749//749 742//742 748//748
f 745//745 746//746 744//744
f 747//747 744//744 746//746
f 743//743 744//744 747//747
f 748//748 743//743 747//747
f 747//747 743//743 748//748
f 747//747 744//744 743//743
f 746//746 744//744 747//747
f 744//744 746//746 745//745
f 748//748 742//742 749//749
f 742//742 748//748 743//743
f 750//750 740//740 739//739
f 749//749 740//740 750//750
f 742//742 740//740 749//749
f 740//740 742//742 741//741
f 751//751 752//752 753//753
f 754//754 753//753 752//752
f 755//755 754//754 752//752
f 756//756 754//754 755//755
f 757//757 754//754 756//756
f 758//758 757//757 756//756
f 759//759 757//757 758//758
f 760//760 759//759 758//758
f 761//761 759//759 760//760
f 762//762 761//761 760//760
f 763//763 761//761 762//762
f 764//764 763//763 762//762
f 765//765 763//763 764//764
f 766//766 763//763 765//765
f 767//767 766//766 765//765
f 768//768 769//769 751//751
f 752//752 751//751 769//769
f 770//770 769//769 768//768
f 771//771 770//770 768//768
f 772//772 771//771 768//768
f 773//773 771//771 772//772
f 774//774 773//773 772//772
f 775//775 773//773 774//774
f 776//776 775//775 774//774
f 777//777 776//776 774//774
f 778//778 776//776 777//777
f 767//767 778//778 777//777
f 779//779 767//767 777//777
f 766//766 767//767 779//779
f 780//780 766//766 779//779
f 781//781 780//780 779//779
f 782//782 780//780 781//781
f 783//783 782//782 781//781
f 781//781 782//782 783//783
f 781//781 780//780 782//782
f 779//779 780//780 781//781
f 779//779 766//766 780//780
f 779//779 767//767 766//766
f 777//777 767//767 779//779
f 777//777 778//778 767//767
f 777//777 776//776 778//778
f 774//774 776//776 777//777
f 774//774 775//775 776//776
f 774//774 773//773 775//775
f 772//772 773//773 774//774
f 772//772 771//771 773//773
f 768//768 771//771 772//772
f 768//768 770//770 771//771
f 768//768 769//769 770//770
f 769//769 751//751 752//752
f 751//751 769//769 768//768
f 765//765 766//766 767//767
f 765//765 763//763 766//766
f 764//764 763//763 765//765
f 762//762 763//763 764//764
f 762//762 761//761 763//763
f 760//760 761//761 762//762
f 760//760 759//759 761//761
f 758//758 759//759 760//760
f 758//758 757//757 759//759
f 756//756 757//757 758//758
f 756//756 754//754 757//757
f 755//755 754//754 756//756
f 752//752 754//754 755//755
f 752//752 753//753 754//754
f 753//753 752//752 751//751
f 784//784 785//785 754//754
f 753//753 754//754 785//785
f 785//785 754//754 753//753
f 754//754 785//785 784//784
f 786//786 784//784 757//757
f 754//754 757//757 784//784
f 784//784 757//757 754//754
f 757//757 784//784 786//786
f 787//787 786//786 759//759
f 757//757 759//759 786//786
f 786//786 759//759 757//757
f 759//759 786//786 787//787
f 788//788 787//787 761//761
f 759//759 761//761 787//787
f 787//787 761//761 759//759
f 761//761 787//787 788//788
f 789//789 788//788 763//763
f 761//761 763//763 788//788
f 788//788 763//763 761//761
f 763//763 788//788 789//789
f 789//789 763//763 790//790
f 766//766 790//790 763//763
f 763//763 790//790 766//766
f 790//790 763//763 789//789
f 790//790 766//766 791//791
f 780//780 791//791 766//766
f 766//766 791//791 780//780
f 791//791 766//766 790//790
f 791//791 780//780 792//792
f 782//782 792//792 780//780
f 780//780 792//792 782//782
f 792//792 780//780 791//791
f 792//792 782//782 793//793
f 783//783 793//793 782//782
f 782//782 793//793 783//783
f 793//793 782//782 792//792
f 793//793 783//783 794//794
f 781//781 794//794 783//783
f 783//783 794//794 781//781
f 794//794 783//783 793//793
f 794//794 781//781 795//795
f 779//779 795//795 781//781
f 781//781 795//795 779//779
f 795//795 781//781 794//794
f 795//795 779//779 796//796
f 777//777 796//796 779//779
f 779//779 796//796 777//777
f 796//796 779//779 795//795
f 797//797 796//796 774//774
f 777//777 774//774 796//796
f 796//796 774//774 777//777
f 774//774 796//796 797//797
f 798//798 797//797 772//772
f 774//774 772//772 797//797
f 797//797 772//772 774//774
f 772//772 797//797 798//798
f 799//799 798//798 768//768
f 772//772 768//768 798//798
f 798//798 768//768 772//772
f 768//768 798//798 799//799
f 800//800 799//799 751//751
f 768//768 751//751 799//799
f 799//799 751//751 768//768
f 751//751 799//799 800//800
f 753//753 785//785 751//751
f 800//800 751//751 785//785
f 785//785 751//751 800//800
f 751//751 785//785 753//753
f 785//785 801//801 800//800
f 799//799 800//800 801//801
f 802//802 799//799 801//801
f 803//803 799//799 802//802
f 798//798 799//799 803//803
f 804//804 798//798 803//803
f 797//797 798//798 804//804
f 805//805 797//797 804//804
f 806//806 797//797 805//805
f 796//796 797//797 806//806
f 807//807 796//796 806//806
f 808//808 796//796 807//807
f 795//795 796//796 808//808
f 790//790 795//795 808//808
f 791//791 795//795 790//790
f 794//794 795//795 791//791
f 792//792 794//794 791//791
f 793//793 794//794 792//792
f 784//784 809//809 785//785
f 801//801 785//785 809//809
f 810//810 809//809 784//784
f 811//811 810//810 784//784
f 786//786 811//811 784//784
f 812//812 811//811 786//786
f 787//787 812//812 786//786
f 813//813 812//812 787//787
f 788//788 813//813 787//787
f 814//814 813//813 788//788
f 789//789 814//814 788//788
f 815//815 814//814 789//789
f 816//816 815//815 789//789
f 790//790 816//816 789//789
f 808//808 816//816 790//790
f 790//790 816//816 808//808
f 789//789 816//816 790//790
f 789//789 815//815 816//816
f 789//789 814//814 815//815
f 788//788 814//814 789//789
f 788//788 813//813 814//814
f 787//787 813//813 788//788
f 787//787 812//812 813//813
f 786//786 812//812 787//787
f 786//786 811//811 812//812
f 784//784 811//811 786//786
f 784//784 810//810 811//811
f 784//784 809//809 810//810
f 809//809 785//785 801//801
f 785//785 809//809 784//784
f 792//792 794//794 793//793
f 791//791 794//794 792//792
f 791//791 795//795 794//794
f 790//790 795//795 791//791
f 808//808 795//795 790//790
f 808//808 796//796 795//795
f 807//807 796//796 808//808
f 806//806 796//796 807//807
f 806//806 797//797 796//796
f 805//805 797//797 806//806
f 804//804 797//797 805//805
f 804//804 798//798 797//797
f 803//803 798//798 804//804
f 803//803 799//799 798//798
f 802//802 799//799 803//803
f 801//801 799//799 802//802
f 801//801 800//800 799//799
f 800//800 801//801 785//785
f 817//817 818//818 819//819
f 820//820 819//819 818//818
f 821//821 819//819 820//820
f 822//822 823//823 824//824
f 825//825 824//824 823//823
f 818//818 824//824 825//825
f 826//826 818//818 825//825
f 820//820 818//818 826//826
f 826//826 818//818 820//820
f 825//825 818//818 826//826
f 825//825 824//824 818//818
f 823//823 824//824 825//825
f 824//824 823//823 822//822
f 820//820 819//819 821//821
f 818//818 819//819 820//820
f 819//819 818//818 817//817
f 827//827 819//819 828//828
f 821//821 828//828 819//819
f 819//819 828//828 821//821
f 828//828 819//819 827//827
f 829//829 828//828 820//820
f 821//821 820//820 828//828
f 828//828 820//820 821//821
f 820//820 828//828 829//829
f 826//826 830//830 820//820
f 829//829 820//820 830//830
f 830//830 820//820 829//829
f 820//820 830//830 826//826
f 825//825 831//831 826//826
f 830//830 826//826 831//831
f 831//831 826//826 830//830
f 826//826 831//831 825//825
f 832//832 831//831 823//823
f 825//825 823//823 831//831
f 831//831 823//823 825//825
f 823//823 831//831 832//832
f 822//822 833//833 823//823
f 832//832 823//823 833//833
f 833//833 823//823 832//832
f 823//823 833//833 822//822
f 834//834 833//833 824//824
f 822//822 824//824 833//833
f 833//833 824//824 822//822
f 824//824 833//833 834//834
f 835//835 834//834 818//818
f 824//824 818//818 834//834
f 834//834 818//818 824//824
f 818//818 834//834 835//835
f 817//817 836//836 818//818
f 835//835 818//818 836//836
f 836//836 818//818 835//835
f 818//818 836//836 817//817
f 827//827 836//836 819//819
f 817//817 819//819 836//836
f 836//836 819//819 817//817
f 819//819 836//836 827//827
f 832//832 833//833 831//831
f 834//834 831//831 833//833
f 835//835 831//831 834//834
f 830//830 831//831 835//835
f 829//829 830//830 835//835
f 836//836 829//829 835//835
f 827//827 829//829 836//836
f 828//828 829//829 827//827
f 827//827 829//829 828//828
f 836//836 829//829 827//827
f 835//835 829//829 836//836
f 835//835 830//830 829//829
f 835//835 831//831 830//830
f 834//834 831//831 835//835
f 833//833 831//831 834//834
f 831//831 833//833 832//832
f 837//837 838//838 839//839
f 840//840 839//839 838//838
f 841//841 840//840 838//838
f 842//842 840//840 841//841
f 843//843 842//842 841//841
f 844//844 842//842 843//843
f 845//845 842//842 844//844
f 846//846 845//845 844//844
f 847//847 845//845 846//846
f 848//848 847//847 846//846
f 849//849 847//847 848//848
f 850//850 849//849 848//848
f 851//851 849//849 850//850
f 852//852 849//849 851//851
f 853//853 852//852 851//851
f 854//854 852//852 853//853
f 855//855 854//854 853//853
f 856//856 854//854 855//855
f 857//857 856//856 855//855
f 858//858 859//859 860//860
f 861//861 860//860 859//859
f 862//862 860//860 861//861
f 863//863 862//862 861//861
f 839//839 862//862 863//863
f 837//837 839//839 863//863
f 864//864 837//837 863//863
f 865//865 864//864 863//863
f 866//866 864//864 865//865
f 867//867 866//866 865//865
f 868//868 866//866 867//867
f 869//869 868//868 867//867
f 870//870 869//869 867//867
f 871//871 869//869 870//870
f 872//872 871//871 870//870
f 873//873 871//871 872//872
f 874//874 873//873 872//872
f 875//875 873//873 874//874
f 876//876 875//875 874//874
f 877//877 876//876 874//874
f 878//878 876//876 877//877
f 879//879 878//878 877//877
f 880//880 878//878 879//879
f 881//881 880//880 879//879
f 882//882 881//881 879//879
f 857//857 881//881 882//882
f 856//856 857//857 882//882
f 883//883 856//856 882//882
f 884//884 883//883 882//882
f 885//885 883//883 884//884
f 886//886 885//885 884//884
f 887//887 885//885 886//886
f 886//886 885//885 887//887
f 884//884 885//885 886//886
f 884//884 883//883 885//885
f 882//882 883//883 884//884
f 882//882 856//856 883//883
f 882//882 857//857 856//856
f 882//882 881//881 857//857
f 879//879 881//881 882//882
f 879//879 880//880 881//881
f 879//879 878//878 880//880
f 877//877 878//878 879//879
f 877//877 876//876 878//878
f 874//874 876//876 877//877
f 874//874 875//875 876//876
f 874//874 873//873 875//875
f 872//872 873//873 874//874
f 872//872 871//871 873//873
f 870//870 871//871 872//872
f 870//870 869//869 871//871
f 867//867 869//869 870//870
f 867//867 868//868 869//869
f 867//867 866//866 868//868
f 865//865 866//866 867//867
f 865//865 864//864 866//866
f 863//863 864//864 865//865
f 863//863 837//837 864//864
f 863//863 839//839 837//837
f 863//863 862//862 839//839
f 861//861 862//862 863//863
f 861//861 860//860 862//862
f 859//859 860//860 861//861
f 860//860 859//859 858//858
f 855//855 856//856 857//857
f 855//855 854//854 856//856
f 853//853 854//854 855//855
f 853//853 852//852 854//854
f 851//851 852//852 853//853
f 851//851 849//849 852//852
f 850//850 849//849 851//851
f 848//848 849//849 850//850
f 848//848 847//847 849//849
f 846//846 847//847 848//848
f 846//846 845//845 847//847
f 844//844 845//845 846//846
f 844//844 842//842 845//845
f 843//843 842//842 844//844
f 841//841 842//842 843//843
f 841//841 840//840 842//842
f 838//838 840//840 841//841
f 838//838 839//839 840//840
f 839//839 838//838 837//837
f 888//888 887//887 889//889
f 886//886 889//889 887//887
f 887//887 889//889 886//886
f 889//889 887//887 888//888
f 889//889 886//886 890//890
f 884//884 890//890 886//886
f 886//886 890//890 884//884
f 890//890 886//886 889//889
f 890//890 884//884 891//891
f 882//882 891//891 884//884
f 884//884 891//891 882//882
f 891//891 884//884 890//890
f 891//891 882//882 892//892
f 879//879 892//892 882//882
f 882//882 892//892 879//879
f 892//892 882//882 891//891
f 893//893 892//892 877//877
f 879//879 877//877 892//892
f 892//892 877//877 879//879
f 877//877 892//892 893//893
f 894//894 893//893 874//874
f 877//877 874//874 893//893
f 893//893 874//874 877//877
f 874//874 893//893 894//894
f 895//895 894//894 872//872
f 874//874 872//872 894//894
f 894//894 872//872 874//874
f 872//872 894//894 895//895
f 896//896 895//895 870//870
f 872//872 870//870 895//895
f 895//895 870//870 872//872
f 870//870 895//895 896//896
f 897//897 896//896 867//867
f 870//870 867//867 896//896
f 896//896 867//867 870//870
f 867//867 896//896 897//897
f 898//898 897//897 865//865
f 867//867 865//865 897//897
f 897//897 865//865 867//867
f 865//865 897//897 898//898
f 863//863 899//899 865//865
f 898//898 865//865 899//899
f 899//899 865//865 898//898
f 865//865 899//899 863//863
f 861//861 900//900 863//863
f 899//899 863//863 900//900
f 900//900 863//863 899//899
f 863//863 900//900 861//861
f 859//859 901//901 861//861
f 900//900 861//861 901//901
f 901//901 861//861 900//900
f 861//861 901//901 859//859
f 858//858 902//902 859//859
f 901//901 859//859 902//902
f 902//902 859//859 901//901
f 859//859 902//902 858//858
f 860//860 903//903 858//858
f 902//902 858//858 903//903
f 903//903 858//858 902//902
f 858//858 903//903 860//860
f 862//862 904//904 860//860
f 903//903 860//860 904//904
f 904//904 860//860 903//903
f 860//860 904//904 862//862
f 839//839 905//905 862//862
f 904//904 862//862 905//905
f 905//905 862//862 904//904
f 862//862 905//905 839//839
f 840//840 906//906 839//839
f 905//905 839//839 906//906
f 906//906 839//839 905//905
f 839//839 906//906 840//840
f 907//907 906//906 842//842
f 840//840 842//842 906//906
f 906//906 842//842 840//840
f 842//842 906//906 907//907
f 908//908 907//907 845//845
f 842//842 845//845 907//907
f 907//907 845//845 842//842
f 845//845 907//907 908//908
f 909//909 908//908 847//847
f 845//845 847//847 908//908
f 908//908 847//847 845//845
f 847//847 908//908 909//909
f 910//910 909//909 849//849
f 847//847 849//849 909//909
f 909//909 849//849 847//847
f 849//849 909//909 910//910
f 911//911 910//910 852//852
f 849//849 852//852 910//910
f 910//910 852//852 849//849
f 852//852 910//910 911//911
f 912//912 911//911 854//854
f 852//852 854//854 911//911
f 911//911 854//854 852//852
f 854//854 911//911 912//912
f 912//912 854//854 913//913
f 856//856 913//913 854//854
f 854//854 913//913 856//856
f 913//913 854//854 912//912
f 913//913 856//856 914//914
f 883//883 914//914 856//856
f 856//856 914//914 883//883
f 914//914 856//856 913//913
f 914//914 883//883 915//915
f 885//885 915//915 883//883
f 883//883 915//915 885//885
f 915//915 883//883 914//914
f 915//915 885//885 888//888
f 887//887 888//888 885//885
f 885//885 888//888 887//887
f 888//888 885//885 915//915
f 902//902 903//903 901//901
f 900//900 901//901 903//903
f 904//904 900//900 903//903
f 899//899 900//900 904//904
f 905//905 899//899 904//904
f 916//916 899//899 905//905
f 917//917 899//899 916//916
f 898//898 899//899 917//917
f 918//918 898//898 917//917
f 897//897 898//898 918//918
f 919//919 897//897 918//918
f 920//920 897//897 919//919
f 896//896 897//897 920//920
f 921//921 896//896 920//920
f 895//895 896//896 921//921
f 922//922 895//895 921//921
f 894//894 895//895 922//922
f 923//923 894//894 922//922
f 924//924 894//894 923//923
f 893//893 894//894 924//924
f 925//925 893//893 924//924
f 892//892 893//893 925//925
f 926//926 892//892 925//925
f 927//927 892//892 926//926
f 891//891 892//892 927//927
f 928//928 891//891 927//927
f 906//906 929//929 905//905
f 916//916 905//905 929//929
f 930//930 929//929 906//906
f 907//907 930//930 906//906
f 931//931 930//930 907//907
f 932//932 931//931 907//907
f 908//908 932//932 907//907
f 933//933 932//932 908//908
f 909//909 933//933 908//908
f 934//934 933//933 909//909
f 910//910 934//934 909//909
f 935//935 934//934 910//910
f 936//936 935//935 910//910
f 911//911 936//936 910//910
f 937//937 936//936 911//911
f 912//912 937//937 911//911
f 938//938 937//937 912//912
f 913//913 938//938 912//912
f 928//928 938//938 913//913
f 891//891 928//928 913//913
f 890//890 891//891 913//913
f 914//914 890//890 913//913
f 889//889 890//890 914//914
f 915//915 889//889 914//914
f 888//888 889//889 915//915
f 915//915 889//889 888//888
f 914//914 889//889 915//915
f 914//914 890//890 889//889
f 913//913 890//890 914//914
f 913//913 891//891 890//890
f 913//913 928//928 891//891
f 913//913 938//938 928//928
f 912//912 938//938 913//913
f 912//912 937//937 938//938
f 911//911 937//937 912//912
f 911//911 936//936 937//937
f 910//910 936//936 911//911
f 910//910 935//935 936//936
f 910//910 934//934 935//935
f 909//909 934//934 910//910
f 909//909 933//933 934//934
f 908//908 933//933 909//909
f 908//908 932//932 933//933
f 907//907 932//932 908//908
f 907//907 931//931 932//932
f 907//907 930//930 931//931
f 906//906 930//930 907//907
f 906//906 929//929 930//930
f 929//929 905//905 916//916
f 905//905 929//929 906//906
f 927//927 891//891 928//928
f 927//927 892//892 891//891
f 926//926 892//892 927//927
f 925//925 892//892 926//926
f 925//925 893//893 892//892
f 924//924 893//893 925//925
f 924//924 894//894 893//893
f 923//923 894//894 924//924
f 922//922 894//894 923//923
f 922//922 895//895 894//894
f 921//921 895//895 922//922
f 921//921 896//896 895//895
f 920//920 896//896 921//921
f 920//920 897//897 896//896
f 919//919 897//897 920//920
f 918//918 897//897 919//919
f 918//918 898//898 897//897
f 917//917 898//898 918//918
f 917//917 899//899 898//898
f 916//916 899//899 917//917
f 905//905 899//899 916//916
f 904//904 899//899 905//905
f 904//904 900//900 899//899
f 903//903 900//900 904//904
f 903//903 901//901 900//900
f 901//901 903//903 902//902
f 939//939 940//940 941//941
f 942//942 941//941 940//940
f 943//943 941//941 942//942
f 944//944 943//943 942//942
f 945//945 943//943 944//944
f 946//946 945//945 944//944
f 947//947 946//946 944//944
f 948//948 947//947 944//944
f 949//949 947//947 948//948
f 950//950 949//949 948//948
f 943//943 945//945 951//951
f 952//952 951//951 945//945
f 953//953 951//951 952//952
f 954//954 953//953 952//952
f 955//955 953//953 954//954
f 956//956 953//953 955//955
f 957//957 956//956 955//955
f 958//958 956//956 957//957
f 959//959 958//958 957//957
f 960//960 958//958 959//959
f 961//961 960//960 959//959
f 962//962 960//960 961//961
f 963//963 962//962 961//961
f 964//964 962//962 963//963
f 965//965 962//962 964//964
f 966//966 967//967 968//968
f 948//948 968//968 967//967
f 969//969 948//948 967//967
f 970//970 948//948 969//969
f 950//950 948//948 970//970
f 971//971 950//950 970//970
f 972//972 971//971 970//970
f 973//973 971//971 972//972
f 974//974 973//973 972//972
f 975//975 974//974 972//972
f 976//976 974//974 975//975
f 977//977 976//976 975//975
f 978//978 976//976 977//977
f 979//979 976//976 978//978
f 980//980 979//979 978//978
f 981//981 979//979 980//980
f 982//982 981//981 980//980
f 983//983 982//982 980//980
f 964//964 982//982 983//983
f 965//965 964//964 983//983
f 984//984 965//965 983//983
f 985//985 984//984 983//983
f 986//986 984//984 985//985
f 977//977 987//987 978//978
f 988//988 978//978 987//987
f 989//989 988//988 987//987
f 990//990 991//991 992//992
f 993//993 992//992 991//991
f 994//994 993//993 991//991
f 968//968 993//993 994//994
f 995//995 968//968 994//994
f 966//966 968//968 995//995
f 996//996 966//966 995//995
f 997//997 966//966 996//996
f 998//998 997//997 996//996
f 999//999 998//998 996//996
f 1000//1000 998//998 999//999
f 1001//1001 1000//1000 999//999
f 1002//1002 1000//1000 1001//1001
f 1003//1003 1002//1002 1001//1001
f 1004//1004 1002//1002 1003//1003
f 1005//1005 1002//1002 1004//1004
f 1006//1006 1005//1005 1004//1004
f 989//989 1005//1005 1006//1006
f 988//988 989//989 1006//1006
f 1007//1007 988//988 1006//1006
f 1008//1008 1007//1007 1006//1006
f 1009//1009 1007//1007 1008//1008
f 1010//1010 1007//1007 1009//1009
f 1011//1011 1010//1010 1009//1009
f 1009//1009 1010//1010 1011//1011
f 1009//1009 1007//1007 1010//1010
f 1008//1008 1007//1007 1009//1009
f 1006//1006 1007//1007 1008//1008
f 1006//1006 988//988 1007//1007
f 1006//1006 989//989 988//988
f 1006//1006 1005//1005 989//989
f 1004//1004 1005//1005 1006//1006
f 1004//1004 1002//1002 1005//1005
f 1003//1003 1002//1002 1004//1004
f 1001//1001 1002//1002 1003//1003
f 1001//1001 1000//1000 1002//1002
f 999//999 1000//1000 1001//1001
f 999//999 998//998 1000//1000
f 996//996 998//998 999//999
f 996//996 997//997 998//998
f 996//996 966//966 997//997
f 995//995 966//966 996//996
f 995//995 968//968 966//966
f 994//994 968//968 995//995
f 994//994 993//993 968//968
f 991//991 993//993 994//994
f 991//991 992//992 993//993
f 992//992 991//991 990//990
f 987//987 988//988 989//989
f 987//987 978//978 988//988
f 978//978 987//987 977//977
f 985//985 984//984 986//986
f 983//983 984//984 985//985
f 983//983 965//965 984//984
f 983//983 964//964 965//965
f 983//983 982//982 964//964
f 980//980 982//982 983//983
f 980//980 981//981 982//982
f 980//980 979//979 981//981
f 978//978 979//979 980//980
f 978//978 976//976 979//979
f 977//977 976//976 978//978
f 975//975 976//976 977//977
f 975//975 974//974 976//976
f 972//972 974//974 975//975
f 972//972 973//973 974//974
f 972//972 971//971 973//973
f 970//970 971//971 972//972
f 970//970 950//950 971//971
f 970//970 948//948 950//950
f 969//969 948//948 970//970
f 967//967 948//948 969//969
f 967//967 968//968 948//948
f 968//968 967//967 966//966
f 964//964 962//962 965//965
f 963//963 962//962 964//964
f 961//961 962//962 963//963
f 961//961 960//960 962//962
f 959//959 960//960 961//961
f 959//959 958//958 960//960
f 957//957 958//958 959//959
f 957//957 956//956 958//958
f 955//955 956//956 957//957
f 955//955 953//953 956//956
f 954//954 953//953 955//955
f 952//952 953//953 954//954
f 952//952 951//951 953//953
f 945//945 951//951 952//952
f 951//951 945//945 943//943
f 948//948 949//949 950//950
f 948//948 947//947 949//949
f 944//944 947//947 948//948
f 944//944 946//946 947//947
f 944//944 945//945 946//946
f 944//944 943//943 945//945
f 942//942 943//943 944//944
f 942//942 941//941 943//943
f 940//940 941//941 942//942
f 941//941 940//940 939//939
f 1012//1012 1013//1013 944//944
f 948//948 944//944 1013//1013
f 1013//1013 944//944 948//948
f 944//944 1013//1013 1012//1012
f 1014//1014 1012//1012 942//942
f 944//944 942//942 1012//1012
f 1012//1012 942//942 944//944
f 942//942 1012//1012 1014//1014
f 940//940 1015//1015 942//942
f 1014//1014 942//942 1015//1015
f 1015//1015 942//942 1014//1014
f 942//942 1015//1015 940//940
f 939//939 1016//1016 940//940
f 1015//1015 940//940 1016//1016
f 1016//1016 940//940 1015//1015
f 940//940 1016//1016 939//939
f 941//941 1017//1017 939//939
f 1016//1016 939//939 1017//1017
f 1017//1017 939//939 1016//1016
f 939//939 1017//1017 941//941
f 943//943 1018//1018 941//941
f 1017//1017 941//941 1018//1018
f 1018//1018 941//941 1017//1017
f 941//941 1018//1018 943//943
f 951//951 1019//1019 943//943
f 1018//1018 943//943 1019//1019
f 1019//1019 943//943 1018//1018
f 943//943 1019//1019 951//951
f 1020//1020 1019//1019 953//953
f 951//951 953//953 1019//1019
f 1019//1019 953//953 951//951
f 953//953 1019//1019 1020//1020
f 1021//1021 1020//1020 956//956
f 953//953 956//956 1020//1020
f 1020//1020 956//956 953//953
f 956//956 1020//1020 1021//1021
f 1022//1022 1021//1021 958//958
f 956//956 958//958 1021//1021
f 1021//1021 958//958 956//956
f 958//958 1021//1021 1022//1022
f 1023//1023 1022//1022 960//960
f 958//958 960//960 1022//1022
f 1022//1022 960//960 958//958
f 960//960 1022//1022 1023//1023
f 1024//1024 1023//1023 962//962
f 960//960 962//962 1023//1023
f 1023//1023 962//962 960//960
f 962//962 1023//1023 1024//1024
f 1024//1024 962//962 1025//1025
f 965//965 1025//1025 962//962
f 962//962 1025//1025 965//965
f 1025//1025 962//962 1024//1024
f 1025//1025 965//965 1026//1026
f 984//984 1026//1026 965//965
f 965//965 1026//1026 984//984
f 1026//1026 965//965 1025//1025
f 1026//1026 984//984 1027//1027
f 986//986 1027//1027 984//984
f 984//984 1027//1027 986//986
f 1027//1027 984//984 1026//1026
f 1027//1027 986//986 1028//1028
f 985//985 1028//1028 986//986
f 986//986 1028//1028 985//985
f 1028//1028 986//986 1027//1027
f 1028//1028 985//985 1029//1029
f 983//983 1029//1029 985//985
f 985//985 1029//1029 983//983
f 1029//1029 985//985 1028//1028
f 1030//1030 1029//1029 980//980
f 983//983 980//980 1029//1029
f 1029//1029 980//980 983//983
f 980//980 1029//1029 1030//1030
f 1031//1031 1030//1030 978//978
f 980//980 978//978 1030//1030
f 1030//1030 978//978 980//980
f 978//978 1030//1030 1031//1031
f 1032//1032 1031//1031 988//988
f 978//978 988//988 1031//1031
f 1031//1031 988//988 978//978
f 988//988 1031//1031 1032//1032
f 1032//1032 988//988 1033//1033
f 1007//1007 1033//1033 988//988
f 988//988 1033//1033 1007//1007
f 1033//1033 988//988 1032//1032
f 1033//1033 1007//1007 1034//1034
f 1010//1010 1034//1034 1007//1007
f 1007//1007 1034//1034 1010//1010
f 1034//1034 1007//1007 1033//1033
f 1034//1034 1010//1010 1035//1035
f 1011//1011 1035//1035 1010//1010
f 1010//1010 1035//1035 1011//1011
f 1035//1035 1010//1010 1034//1034
f 1035//1035 1011//1011 1036//1036
f 1009//1009 1036//1036 1011//1011
f 1011//1011 1036//1036 1009//1009
f 1036//1036 1011//1011 1035//1035
f 1036//1036 1009//1009 1037//1037
f 1008//1008 1037//1037 1009//1009
f 1009//1009 1037//1037 1008//1008
f 1037//1037 1009//1009 1036//1036
f 1037//1037 1008//1008 1038//1038
f 1006//1006 1038//1038 1008//1008
f 1008//1008 1038//1038 1006//1006
f 1038//1038 1008//1008 1037//1037
f 1039//1039 1038//1038 1004//1004
f 1006//1006 1004//1004 1038//1038
f 1038//1038 1004//1004 1006//1006
f 1004//1004 1038//1038 1039//1039
f 1040//1040 1039//1039 1003//1003
f 1004//1004 1003//1003 1039//1039
f 1039//1039 1003//1003 1004//1004
f 1003//1003 1039//1039 1040//1040
f 1041//1041 1040//1040 1001//1001
f 1003//1003 1001//1001 1040//1040
f 1040//1040 1001//1001 1003//1003
f 1001//1001 1040//1040 1041//1041
f 1042//1042 1041//1041 999//999
f 1001//1001 999//999 1041//1041
f 1041//1041 999//999 1001//1001
f 999//999 1041//1041 1042//1042
f 1043//1043 1042//1042 996//996
f 999//999 996//996 1042//1042
f 1042//1042 996//996 999//999
f 996//996 1042//1042 1043//1043
f 1044//1044 1043//1043 995//995
f 996//996 995//995 1043//1043
f 1043//1043 995//995 996//996
f 995//995 1043//1043 1044//1044
f 994//994 1045//1045 995//995
f 1044//1044 995//995 1045//1045
f 1045//1045 995//995 1044//1044
f 995//995 1045//1045 994//994
f 991//991 1046//1046 994//994
f 1045//1045 994//994 1046//1046
f 1046//1046 994//994 1045//1045
f 994//994 1046//1046 991//991
f 990//990 1047//1047 991//991
f 1046//1046 991//991 1047//1047
f 1047//1047 991//991 1046//1046
f 991//991 1047//1047 990//990
f 992//992 1048//1048 990//990
f 1047//1047 990//990 1048//1048
f 1048//1048 990//990 1047//1047
f 990//990 1048//1048 992//992
f 993//993 1049//1049 992//992
f 1048//1048 992//992 1049//1049
f 1049//1049 992//992 1048//1048
f 992//992 1049//1049 993//993
f 968//968 1050//1050 993//993
f 1049//1049 993//993 1050//1050
f 1050//1050 993//993 1049//1049
f 993//993 1050//1050 968//968
f 1013//1013 1050//1050 948//948
f 968//968 948//948 1050//1050
f 1050//1050 948//948 968//968
f 948//948 1050//1050 1013//1013
f 1047//1047 1048//1048 1046//1046
f 1049//1049 1046//1046 1048//1048
f 1045//1045 1046//1046 1049//1049
f 1050//1050 1045//1045 1049//1049
f 1044//1044 1045//1045 1050//1050
f 1051//1051 1044//1044 1050//1050
f 1043//1043 1044//1044 1051//1051
f 1052//1052 1043//1043 1051//1051
f 1053//1053 1043//1043 1052//1052
f 1042//1042 1043//1043 1053//1053
f 1054//1054 1042//1042 1053//1053
f 1041//1041 1042//1042 1054//1054
f 1055//1055 1041//1041 1054//1054
f 1040//1040 1041//1041 1055//1055
f 1039//1039 1040//1040 1055//1055
f 1056//1056 1039//1039 1055//1055
f 1038//1038 1039//1039 1056//1056
f 1057//1057 1038//1038 1056//1056
f 1032//1032 1038//1038 1057//1057
f 1033//1033 1038//1038 1032//1032
f 1037//1037 1038//1038 1033//1033
f 1036//1036 1037//1037 1033//1033
f 1034//1034 1036//1036 1033//1033
f 1035//1035 1036//1036 1034//1034
f 1058//1058 1031//1031 1059//1059
f 1032//1032 1059//1059 1031//1031
f 1057//1057 1059//1059 1032//1032
f 1013//1013 1060//1060 1050//1050
f 1051//1051 1050//1050 1060//1060
f 1061//1061 1060//1060 1013//1013
f 1062//1062 1061//1061 1013//1013
f 1063//1063 1062//1062 1013//1013
f 1064//1064 1062//1062 1063//1063
f 1065//1065 1062//1062 1064//1064
f 1066//1066 1065//1065 1064//1064
f 1067//1067 1065//1065 1066//1066
f 1068//1068 1067//1067 1066//1066
f 1069//1069 1067//1067 1068//1068
f 1058//1058 1067//1067 1069//1069
f 1031//1031 1058//1058 1069//1069
f 1070//1070 1031//1031 1069//1069
f 1030//1030 1031//1031 1070//1070
f 1071//1071 1030//1030 1070//1070
f 1072//1072 1030//1030 1071//1071
f 1029//1029 1030//1030 1072//1072
f 1073//1073 1029//1029 1072//1072
f 1025//1025 1029//1029 1073//1073
f 1026//1026 1029//1029 1025//1025
f 1028//1028 1029//1029 1026//1026
f 1027//1027 1028//1028 1026//1026
f 1018//1018 1019//1019 1074//1074
f 1075//1075 1074//1074 1019//1019
f 1020//1020 1075//1075 1019//1019
f 1076//1076 1075//1075 1020//1020
f 1077//1077 1076//1076 1020//1020
f 1021//1021 1077//1077 1020//1020
f 1078//1078 1077//1077 1021//1021
f 1022//1022 1078//1078 1021//1021
f 1079//1079 1078//1078 1022//1022
f 1023//1023 1079//1079 1022//1022
f 1080//1080 1079//1079 1023//1023
f 1024//1024 1080//1080 1023//1023
f 1081//1081 1080//1080 1024//1024
f 1073//1073 1081//1081 1024//1024
f 1025//1025 1073//1073 1024//1024
f 1016//1016 1017//1017 1015//1015
f 1014//1014 1015//1015 1017//1017
f 1018//1018 1014//1014 1017//1017
f 1012//1012 1014//1014 1018//1018
f 1074//1074 1012//1012 1018//1018
f 1082//1082 1012//1012 1074//1074
f 1083//1083 1012//1012 1082//1082
f 1013//1013 1012//1012 1083//1083
f 1084//1084 1013//1013 1083//1083
f 1063//1063 1013//1013 1084//1084
f 1084//1084 1013//1013 1063//1063
f 1083//1083 1013//1013 1084//1084
f 1083//1083 1012//1012 1013//1013
f 1082//1082 1012//1012 1083//1083
f 1074//1074 1012//1012 1082//1082
f 1018//1018 1012//1012 1074//1074
f 1018//1018 1014//1014 1012//1012
f 1017//1017 1014//1014 1018//1018
f 1017//1017 1015//1015 1014//1014
f 1015//1015 1017//1017 1016//1016
f 1024//1024 1073//1073 1025//1025
f 1024//1024 1081//1081 1073//1073
f 1024//1024 1080//1080 1081//1081
f 1023//1023 1080//1080 1024//1024
f 1023//1023 1079//1079 1080//1080
f 1022//1022 1079//1079 1023//1023
f 1022//1022 1078//1078 1079//1079
f 1021//1021 1078//1078 1022//1022
f 1021//1021 1077//1077 1078//1078
f 1020//1020 1077//1077 1021//1021
f 1020//1020 1076//1076 1077//1077
f 1020//1020 1075//1075 1076//1076
f 1019//1019 1075//1075 1020//1020
f 1019//1019 1074//1074 1075//1075
f 1074//1074 1019//1019 1018//1018
f 1026//1026 1028//1028 1027//1027
f 1026//1026 1029//1029 1028//1028
f 1025//1025 1029//1029 1026//1026
f 1073//1073 1029//1029 1025//1025
f 1072//1072 1029//1029 1073//1073
f 1072//1072 1030//1030 1029//1029
f 1071//1071 1030//1030 1072//1072
f 1070//1070 1030//1030 1071//1071
f 1070//1070 1031//1031 1030//1030
f 1069//1069 1031//1031 1070//1070
f 1069//1069 1058//1058 1031//1031
f 1069//1069 1067//1067 1058//1058
f 1068//1068 1067//1067 1069//1069
f 1066//1066 1067//1067 1068//1068
f 1066//1066 1065//1065 1067//1067
f 1064//1064 1065//1065 1066//1066
f 1064//1064 1062//1062 1065//1065
f 1063//1063 1062//1062 1064//1064
f 1013//1013 1062//1062 1063//1063
f 1013//1013 1061//1061 1062//1062
f 1013//1013 1060//1060 1061//1061
f 1060//1060 1050//1050 1051//1051
f 1050//1050 1060//1060 1013//1013
f 1032//1032 1059//1059 1057//1057
f 1031//1031 1059//1059 1032//1032
f 1059//1059 1031//1031 1058//1058
f 1034//1034 1036//1036 1035//1035
f 1033//1033 1036//1036 1034//1034
f 1033//1033 1037//1037 1036//1036
f 1033//1033 1038//1038 1037//1037
f 1032//1032 1038//1038 1033//1033
f 1057//1057 1038//1038 1032//1032
f 1056//1056 1038//1038 1057//1057
f 1056//1056 1039//1039 1038//1038
f 1055//1055 1039//1039 1056//1056
f 1055//1055 1040//1040 1039//1039
f 1055//1055 1041//1041 1040//1040
f 1054//1054 1041//1041 1055//1055
f 1054//1054 1042//1042 1041//1041
f 1053//1053 1042//1042 1054//1054
f 1053//1053 1043//1043 1042//1042
f 1052//1052 1043//1043 1053//1053
f 1051//1051 1043//1043 1052//1052
f 1051//1051 1044//1044 1043//1043
f 1050//1050 1044//1044 1051//1051
f 1050//1050 1045//1045 1044//1044
f 1049//1049 1045//1045 1050//1050
f 1049//1049 1046//1046 1045//1045
f 1048//1048 1046//1046 1049//1049
f 1046//1046 1048//1048 1047//1047
f 1085//1085 1086//1086 1087//1087
f 1088//1088 1087//1087 1086//1086
f 1089//1089 1088//1088 1086//1086
f 1090//1090 1088//1088 1089//1089
f 1091//1091 1090//1090 1089//1089
f 1092//1092 1090//1090 1091//1091
f 1093//1093 1090//1090 1092//1092
f 1094//1094 1093//1093 1092//1092
f 1095//1095 1093//1093 1094//1094
f 1096//1096 1095//1095 1094//1094
f 1097//1097 1095//1095 1096//1096
f 1098//1098 1097//1097 1096//1096
f 1099//1099 1097//1097 1098//1098
f 1100//1100 1097//1097 1099//1099
f 1101//1101 1100//1100 1099//1099
f 1102//1102 1100//1100 1101//1101
f 1103//1103 1102//1102 1101//1101
f 1104//1104 1102//1102 1103//1103
f 1105//1105 1104//1104 1103//1103
f 1106//1106 1107//1107 1108//1108
f 1109//1109 1108//1108 1107//1107
f 1110//1110 1108//1108 1109//1109
f 1111//1111 1110//1110 1109//1109
f 1087//1087 1110//1110 1111//1111
f 1085//1085 1087//1087 1111//1111
f 1112//1112 1085//1085 1111//1111
f 1113//1113 1112//1112 1111//1111
f 1114//1114 1112//1112 1113//1113
f 1115//1115 1114//1114 1113//1113
f 1116//1116 1114//1114 1115//1115
f 1117//1117 1116//1116 1115//1115
f 1118//1118 1117//1117 1115//1115
f 1119//1119 1117//1117 1118//1118
f 1120//1120 1119//1119 1118//1118
f 1121//1121 1119//1119 1120//1120
f 1122//1122 1121//1121 1120//1120
f 1123//1123 1121//1121 1122//1122
f 1124//1124 1123//1123 1122//1122
f 1125//1125 1124//1124 1122//1122
f 1126//1126 1124//1124 1125//1125
f 1127//1127 1126//1126 1125//1125
f 1128//1128 1126//1126 1127//1127
f 1129//1129 1128//1128 1127//1127
f 1130//1130 1129//1129 1127//1127
f 1105//1105 1129//1129 1130//1130
f 1104//1104 1105//1105 1130//1130
f 1131//1131 1104//1104 1130//1130
f 1132//1132 1131//1131 1130//1130
f 1133//1133 1131//1131 1132//1132
f 1134//1134 1133//1133 1132//1132
f 1135//1135 1133//1133 1134//1134
f 1134//1134 1133//1133 1135//1135
f 1132//1132 1133//1133 1134//1134
f 1132//1132 1131//1131 1133//1133
f 1130//1130 1131//1131 1132//1132
f 1130//1130 1104//1104 1131//1131
f 1130//1130 1105//1105 1104//1104
f 1130//1130 1129//1129 1105//1105
f 1127//1127 1129//1129 1130//1130
f 1127//1127 1128//1128 1129//1129
f 1127//1127 1126//1126 1128//1128
f 1125//1125 1126//1126 1127//1127
f 1125//1125 1124//1124 1126//1126
f 1122//1122 1124//1124 1125//1125
f 1122//1122 1123//1123 1124//1124
f 1122//1122 1121//1121 1123//1123
f 1120//1120 1121//1121 1122//1122
f 1120//1120 1119//1119 1121//1121
f 1118//1118 1119//1119 1120//1120
f 1118//1118 1117//1117 1119//1119
f 1115//1115 1117//1117 1118//1118
f 1115//1115 1116//1116 1117//1117
f 1115//1115 1114//1114 1116//1116
f 1113//1113 1114//1114 1115//1115
f 1113//1113 1112//1112 1114//1114
f 1111//1111 1112//1112 1113//1113
f 1111//1111 1085//1085 1112//1112
f 1111//1111 1087//1087 1085//1085
f 1111//1111 1110//1110 1087//1087
f 1109//1109 1110//1110 1111//1111
f 1109//1109 1108//1108 1110//1110
f 1107//1107 1108//1108 1109//1109
f 1108//1108 1107//1107 1106//1106
f 1103//1103 1104//1104 1105//1105
f 1103//1103 1102//1102 1104//1104
f 1101//1101 1102//1102 1103//1103
f 1101//1101 1100//1100 1102//1102
f 1099//1099 1100//1100 1101//1101
f 1099//1099 1097//1097 1100//1100
f 1098//1098 1097//1097 1099//1099
f 1096//1096 1097//1097 1098//1098
f 1096//1096 1095//1095 1097//1097
f 1094//1094 1095//1095 1096//1096
f 1094//1094 1093//1093 1095//1095
f 1092//1092 1093//1093 1094//1094
f 1092//1092 1090//1090 1093//1093
f 1091//1091 1090//1090 1092//1092
f 1089//1089 1090//1090 1091//1091
f 1089//1089 1088//1088 1090//1090
f 1086//1086 1088//1088 1089//1089
f 1086//1086 1087//1087 1088//1088
f 1087//1087 1086//1086 1085//1085
f 1136//1136 1135//1135 1137//1137
f 1134//1134 1137//1137 1135//1135
f 1135//1135 1137//1137 1134//1134
f 1137//1137 1135//1135 1136//1136
f 1137//1137 1134//1134 1138//1138
f 1132//1132 1138//1138 1134//1134
f 1134//1134 1138//1138 1132//1132
f 1138//1138 1134//1134 1137//1137
f 1138//1138 1132//1132 1139//1139
f 1130//1130 1139//1139 1132//1132
f 1132//1132 1139//1139 1130//1130
f 1139//1139 1132//1132 1138//1138
f 1139//1139 1130//1130 1140//1140
f 1127//1127 1140//1140 1130//1130
f 1130//1130 1140//1140 1127//1127
f 1140//1140 1130//1130 1139//1139
f 1141//1141 1140//1140 1125//1125
f 1127//1127 1125//1125 1140//1140
f 1140//1140 1125//1125 1127//1127
f 1125//1125 1140//1140 1141//1141
f 1142//1142 1141//1141 1122//1122
f 1125//1125 1122//1122 1141//1141
f 1141//1141 1122//1122 1125//1125
f 1122//1122 1141//1141 1142//1142
f 1143//1143 1142//1142 1120//1120
f 1122//1122 1120//1120 1142//1142
f 1142//1142 1120//1120 1122//1122
f 1120//1120 1142//1142 1143//1143
f 1144//1144 1143//1143 1118//1118
f 1120//1120 1118//1118 1143//1143
f 1143//1143 1118//1118 1120//1120
f 1118//1118 1143//1143 1144//1144
f 1145//1145 1144//1144 1115//1115
f 1118//1118 1115//1115 1144//1144
f 1144//1144 1115//1115 1118//1118
f 1115//1115 1144//1144 1145//1145
f 1146//1146 1145//1145 1113//1113
f 1115//1115 1113//1113 1145//1145
f 1145//1145 1113//1113 1115//1115
f 1113//1113 1145//1145 1146//1146
f 1111//1111 1147//1147 1113//1113
f 1146//1146 1113//1113 1147//1147
f 1147//1147 1113//1113 1146//1146
f 1113//1113 1147//1147 1111//1111
f 1109//1109 1148//1148 1111//1111
f 1147//1147 1111//1111 1148//1148
f 1148//1148 1111//1111 1147//1147
f 1111//1111 1148//1148 1109//1109
f 1107//1107 1149//1149 1109//1109
f 1148//1148 1109//1109 1149//1149
f 1149//1149 1109//1109 1148//1148
f 1109//1109 1149//1149 1107//1107
f 1106//1106 1150//1150 1107//1107
f 1149//1149 1107//1107 1150//1150
f 1150//1150 1107//1107 1149//1149
f 1107//1107 1150//1150 1106//1106
f 1108//1108 1151//1151 1106//1106
f 1150//1150 1106//1106 1151//1151
f 1151//1151 1106//1106 1150//1150
f 1106//1106 1151//1151 1108//1108
f 1110//1110 1152//1152 1108//1108
f 1151//1151 1108//1108 1152//1152
f 1152//1152 1108//1108 1151//1151
f 1108//1108 1152//1152 1110//1110
f 1087//1087 1153//1153 1110//1110
f 1152//1152 1110//1110 1153//1153
f 1153//1153 1110//1110 1152//1152
f 1110//1110 1153//1153 1087//1087
f 1088//1088 1154//1154 1087//1087
f 1153//1153 1087//1087 1154//1154
f 1154//1154 1087//1087 1153//1153
f 1087//1087 1154//1154 1088//1088
f 1155//1155 1154//1154 1090//1090
f 1088//1088 1090//1090 1154//1154
f 1154//1154 1090//1090 1088//1088
f 1090//1090 1154//1154 1155//1155
f 1156//1156 1155//1155 1093//1093
f 1090//1090 1093//1093 1155//1155
f 1155//1155 1093//1093 1090//1090
f 1093//1093 1155//1155 1156//1156
f 1157//1157 1156//1156 1095//1095
f 1093//1093 1095//1095 1156//1156
f 1156//1156 1095//1095 1093//1093
f 1095//1095 1156//1156 1157//1157
f 1158//1158 1157//1157 1097//1097
f 1095//1095 1097//1097 1157//1157
f 1157//1157 1097//1097 1095//1095
f 1097//1097 1157//1157 1158//1158
f 1159//1159 1158//1158 1100//1100
f 1097//1097 1100//1100 1158//1158
f 1158//1158 1100//1100 1097//1097
f 1100//1100 1158//1158 1159//1159
f 1160//1160 1159//1159 1102//1102
f 1100//1100 1102//1102 1159//1159
f 1159//1159 1102//1102 1100//1100
f 1102//1102 1159//1159 1160//1160
f 1160//1160 1102//1102 1161//1161
f 1104//1104 1161//1161 1102//1102
f 1102//1102 1161//1161 1104//1104
f 1161//1161 1102//1102 1160//1160
f 1161//1161 1104//1104 1162//1162
f 1131//1131 1162//1162 1104//1104
f 1104//1104 1162//1162 1131//1131
f 1162//1162 1104//1104 1161//1161
f 1162//1162 1131//1131 1163//1163
f 1133//1133 1163//1163 1131//1131
f 1131//1131 1163//1163 1133//1133
f 1163//1163 1131//1131 1162//1162
f 1163//1163 1133//1133 1136//1136
f 1135//1135 1136//1136 1133//1133
f 1133//1133 1136//1136 1135//1135
f 1136//1136 1133//1133 1163//1163
f 1150//1150 1151//1151 1149//1149
f 1148//1148 1149//1149 1151//1151
f 1152//1152 1148//1148 1151//1151
f 1147//1147 1148//1148 1152//1152
f 1153//1153 1147//1147 1152//1152
f 1164//1164 1147//1147 1153//1153
f 1165//1165 1147//1147 1164//1164
f 1146//1146 1147//1147 1165//1165
f 1166//1166 1146//1146 1165//1165
f 1145//1145 1146//1146 1166//1166
f 1167//1167 1145//1145 1166//1166
f 1168//1168 1145//1145 1167//1167
f 1144//1144 1145//1145 1168//1168
f 1169//1169 1144//1144 1168//1168
f 1143//1143 1144//1144 1169//1169
f 1170//1170 1143//1143 1169//1169
f 1142//1142 1143//1143 1170//1170
f 1171//1171 1142//1142 1170//1170
f 1172//1172 1142//1142 1171//1171
f 1141//1141 1142//1142 1172//1172
f 1173//1173 1141//1141 1172//1172
f 1140//1140 1141//1141 1173//1173
f 1174//1174 1140//1140 1173//1173
f 1175//1175 1140//1140 1174//1174
f 1139//1139 1140//1140 1175//1175
f 1176//1176 1139//1139 1175//1175
f 1154//1154 1177//1177 1153//1153
f 1164//1164 1153//1153 1177//1177
f 1178//1178 1177//1177 1154//1154
f 1155//1155 1178//1178 1154//1154
f 1179//1179 1178//1178 1155//1155
f 1180//1180 1179//1179 1155//1155
f 1156//1156 1180//1180 1155//1155
f 1181//1181 1180//1180 1156//1156
f 1157//1157 1181//1181 1156//1156
f 1182//1182 1181//1181 1157//1157
f 1158//1158 1182//1182 1157//1157
f 1183//1183 1182//1182 1158//1158
f 1184//1184 1183//1183 1158//1158
f 1159//1159 1184//1184 1158//1158
f 1185//1185 1184//1184 1159//1159
f 1160//1160 1185//1185 1159//1159
f 1186//1186 1185//1185 1160//1160
f 1161//1161 1186//1186 1160//1160
f 1176//1176 1186//1186 1161//1161
f 1139//1139 1176//1176 1161//1161
f 1138//1138 1139//1139 1161//1161
f 1162//1162 1138//1138 1161//1161
f 1137//1137 1138//1138 1162//1162
f 1163//1163 1137//1137 1162//1162
f 1136//1136 1137//1137 1163//1163
f 1163//1163 1137//1137 1136//1136
f 1162//1162 1137//1137 1163//1163
f 1162//1162 1138//1138 1137//1137
f 1161//1161 1138//1138 1162//1162
f 1161//1161 1139//1139 1138//1138
f 1161//1161 1176//1176 1139//1139
f 1161//1161 1186//1186 1176//1176
f 1160//1160 1186//1186 1161//1161
f 1160//1160 1185//1185 1186//1186
f 1159//1159 1185//1185 1160//1160
f 1159//1159 1184//1184 1185//1185
f 1158//1158 1184//1184 1159//1159
f 1158//1158 1183//1183 1184//1184
f 1158//1158 1182//1182 1183//1183
f 1157//1157 1182//1182 1158//1158
f 1157//1157 1181//1181 1182//1182
f 1156//1156 1181//1181 1157//1157
f 1156//1156 1180//1180 1181//1181
f 1155//1155 1180//1180 1156//1156
f 1155//1155 1179//1179 1180//1180
f 1155//1155 1178//1178 1179//1179
f 1154//1154 1178//1178 1155//1155
f 1154//1154 1177//1177 1178//1178
f 1177//1177 1153//1153 1164//1164
f 1153//1153 1177//1177 1154//1154
f 1175//1175 1139//1139 1176//1176
f 1175//1175 1140//1140 1139//1139
f 1174//1174 1140//1140 1175//1175
f 1173//1173 1140//1140 1174//1174
f 1173//1173 1141//1141 1140//1140
f 1172//1172 1141//1141 1173//1173
f 1172//1172 1142//1142 1141//1141
f 1171//1171 1142//1142 1172//1172
f 1170//1170 1142//1142 1171//1171
f 1170//1170 1143//1143 1142//1142
f 1169//1169 1143//1143 1170//1170
f 1169//1169 1144//1144 1143//1143
f 1168//1168 1144//1144 1169//1169
f 1168//1168 1145//1145 1144//1144
f 1167//1167 1145//1145 1168//1168
f 1166//1166 1145//1145 1167//1167
f 1166//1166 1146//1146 1145//1145
f 1165//1165 1146//1146 1166//1166
f 1165//1165 1147//1147 1146//1146
f 1164//1164 1147//1147 1165//1165
f 1153//1153 1147//1147 1164//1164
f 1152//1152 1147//1147 1153//1153
f 1152//1152 1148//1148 1147//1147
f 1151//1151 1148//1148 1152//1152
f 1151//1151 1149//1149 1148//1148
f 1149//1149 1151//1151 1150//1150
f 1187//1187 1188//1188 1189//1189
f 1190//1190 1189//1189 1188//1188
f 1191//1191 1189//1189 1190//1190
f 1192//1192 1191//1191 1190//1190
f 1193//1193 1191//1191 1192//1192
f 1194//1194 1193//1193 1192//1192
f 1195//1195 1193//1193 1194//1194
f 1196//1196 1195//1195 1194//1194
f 1197//1197 1195//1195 1196//1196
f 1198//1198 1197//1197 1196//1196
f 1199//1199 1197//1197 1198//1198
f 1200//1200 1199//1199 1198//1198
f 1201//1201 1199//1199 1200//1200
f 1202//1202 1201//1201 1200//1200
f 1203//1203 1202//1202 1200//1200
f 1204//1204 1202//1202 1203//1203
f 1205//1205 1204//1204 1203//1203
f 1206//1206 1204//1204 1205//1205
f 1207//1207 1206//1206 1205//1205
f 1190//1190 1208//1208 1209//1209
f 1210//1210 1209//1209 1208//1208
f 1211//1211 1209//1209 1210//1210
f 1212//1212 1211//1211 1210//1210
f 1213//1213 1211//1211 1212//1212
f 1214//1214 1213//1213 1212//1212
f 1215//1215 1213//1213 1214//1214
f 1216//1216 1215//1215 1214//1214
f 1217//1217 1215//1215 1216//1216
f 1218//1218 1217//1217 1216//1216
f 1219//1219 1217//1217 1218//1218
f 1220//1220 1219//1219 1218//1218
f 1221//1221 1220//1220 1218//1218
f 1222//1222 1220//1220 1221//1221
f 1223//1223 1222//1222 1221//1221
f 1207//1207 1223//1223 1221//1221
f 1224//1224 1207//1207 1221//1221
f 1206//1206 1207//1207 1224//1224
f 1225//1225 1206//1206 1224//1224
f 1226//1226 1225//1225 1224//1224
f 1188//1188 1227//1227 1190//1190
f 1208//1208 1190//1190 1227//1227
f 1227//1227 1190//1190 1208//1208
f 1190//1190 1227//1227 1188//1188
f 1224//1224 1225//1225 1226//1226
f 1224//1224 1206//1206 1225//1225
f 1224//1224 1207//1207 1206//1206
f 1221//1221 1207//1207 1224//1224
f 1221//1221 1223//1223 1207//1207
f 1221//1221 1222//1222 1223//1223
f 1221//1221 1220//1220 1222//1222
f 1218//1218 1220//1220 1221//1221
f 1218//1218 1219//1219 1220//1220
f 1218//1218 1217//1217 1219//1219
f 1216//1216 1217//1217 1218//1218
f 1216//1216 1215//1215 1217//1217
f 1214//1214 1215//1215 1216//1216
f 1214//1214 1213//1213 1215//1215
f 1212//1212 1213//1213 1214//1214
f 1212//1212 1211//1211 1213//1213
f 1210//1210 1211//1211 1212//1212
f 1210//1210 1209//1209 1211//1211
f 1208//1208 1209//1209 1210//1210
f 1209//1209 1208//1208 1190//1190
f 1205//1205 1206//1206 1207//1207
f 1205//1205 1204//1204 1206//1206
f 1203//1203 1204//1204 1205//1205
f 1203//1203 1202//1202 1204//1204
f 1200//1200 1202//1202 1203//1203
f 1200//1200 1201//1201 1202//1202
f 1200//1200 1199//1199 1201//1201
f 1198//1198 1199//1199 1200//1200
f 1198//1198 1197//1197 1199//1199
f 1196//1196 1197//1197 1198//1198
f 1196//1196 1195//1195 1197//1197
f 1194//1194 1195//1195 1196//1196
f 1194//1194 1193//1193 1195//1195
f 1192//1192 1193//1193 1194//1194
f 1192//1192 1191//1191 1193//1193
f 1190//1190 1191//1191 1192//1192
f 1190//1190 1189//1189 1191//1191
f 1188//1188 1189//1189 1190//1190
f 1189//1189 1188//1188 1187//1187
f 1228//1228 1229//1229 1193//1193
f 1191//1191 1193//1193 1229//1229
f 1229//1229 1193//1193 1191//1191
f 1193//1193 1229//1229 1228//1228
f 1230//1230 1228//1228 1195//1195
f 1193//1193 1195//1195 1228//1228
f 1228//1228 1195//1195 1193//1193
f 1195//1195 1228//1228 1230//1230
f 1231//1231 1230//1230 1197//1197
f 1195//1195 1197//1197 1230//1230
f 1230//1230 1197//1197 1195//1195
f 1197//1197 1230//1230 1231//1231
f 1232//1232 1231//1231 1199//1199
f 1197//1197 1199//1199 1231//1231
f 1231//1231 1199//1199 1197//1197
f 1199//1199 1231//1231 1232//1232
f 1233//1233 1232//1232 1201//1201
f 1199//1199 1201//1201 1232//1232
f 1232//1232 1201//1201 1199//1199
f 1201//1201 1232//1232 1233//1233
f 1234//1234 1233//1233 1202//1202
f 1201//1201 1202//1202 1233//1233
f 1233//1233 1202//1202 1201//1201
f 1202//1202 1233//1233 1234//1234
f 1235//1235 1234//1234 1204//1204
f 1202//1202 1204//1204 1234//1234
f 1234//1234 1204//1204 1202//1202
f 1204//1204 1234//1234 1235//1235
f 1236//1236 1235//1235 1206//1206
f 1204//1204 1206//1206 1235//1235
f 1235//1235 1206//1206 1204//1204
f 1206//1206 1235//1235 1236//1236
f 1236//1236 1206//1206 1237//1237
f 1225//1225 1237//1237 1206//1206
f 1206//1206 1237//1237 1225//1225
f 1237//1237 1206//1206 1236//1236
f 1237//1237 1225//1225 1238//1238
f 1226//1226 1238//1238 1225//1225
f 1225//1225 1238//1238 1226//1226
f 1238//1238 1225//1225 1237//1237
f 1238//1238 1226//1226 1239//1239
f 1224//1224 1239//1239 1226//1226
f 1226//1226 1239//1239 1224//1224
f 1239//1239 1226//1226 1238//1238
f 1239//1239 1224//1224 1240//1240
f 1221//1221 1240//1240 1224//1224
f 1224//1224 1240//1240 1221//1221
f 1240//1240 1224//1224 1239//1239
f 1241//1241 1240//1240 1218//1218
f 1221//1221 1218//1218 1240//1240
f 1240//1240 1218//1218 1221//1221
f 1218//1218 1240//1240 1241//1241
f 1242//1242 1241//1241 1216//1216
f 1218//1218 1216//1216 1241//1241
f 1241//1241 1216//1216 1218//1218
f 1216//1216 1241//1241 1242//1242
f 1243//1243 1242//1242 1214//1214
f 1216//1216 1214//1214 1242//1242
f 1242//1242 1214//1214 1216//1216
f 1214//1214 1242//1242 1243//1243
f 1244//1244 1243//1243 1212//1212
f 1214//1214 1212//1212 1243//1243
f 1243//1243 1212//1212 1214//1214
f 1212//1212 1243//1243 1244//1244
f 1245//1245 1244//1244 1210//1210
f 1212//1212 1210//1210 1244//1244
f 1244//1244 1210//1210 1212//1212
f 1210//1210 1244//1244 1245//1245
f 1246//1246 1245//1245 1208//1208
f 1210//1210 1208//1208 1245//1245
f 1245//1245 1208//1208 1210//1210
f 1208//1208 1245//1245 1246//1246
f 1246//1246 1208//1208 1247//1247
f 1227//1227 1247//1247 1208//1208
f 1208//1208 1247//1247 1227//1227
f 1247//1247 1208//1208 1246//1246
f 1248//1248 1247//1247 1188//1188
f 1227//1227 1188//1188 1247//1247
f 1247//1247 1188//1188 1227//1227
f 1188//1188 1247//1247 1248//1248
f 1187//1187 1249//1249 1188//1188
f 1248//1248 1188//1188 1249//1249
f 1249//1249 1188//1188 1248//1248
f 1188//1188 1249//1249 1187//1187
f 1250//1250 1249//1249 1189//1189
f 1187//1187 1189//1189 1249//1249
f 1249//1249 1189//1189 1187//1187
f 1189//1189 1249//1249 1250//1250
f 1250//1250 1189//1189 1229//1229
f 1191//1191 1229//1229 1189//1189
f 1189//1189 1229//1229 1191//1191
f 1229//1229 1189//1189 1250//1250
f 1248//1248 1249//1249 1247//1247
f 1251//1251 1247//1247 1249//1249
f 1246//1246 1247//1247 1251//1251
f 1252//1252 1246//1246 1251//1251
f 1245//1245 1246//1246 1252//1252
f 1253//1253 1245//1245 1252//1252
f 1244//1244 1245//1245 1253//1253
f 1254//1254 1244//1244 1253//1253
f 1243//1243 1244//1244 1254//1254
f 1255//1255 1243//1243 1254//1254
f 1242//1242 1243//1243 1255//1255
f 1256//1256 1242//1242 1255//1255
f 1241//1241 1242//1242 1256//1256
f 1257//1257 1241//1241 1256//1256
f 1258//1258 1241//1241 1257//1257
f 1240//1240 1241//1241 1258//1258
f 1259//1259 1240//1240 1258//1258
f 1260//1260 1240//1240 1259//1259
f 1261//1261 1240//1240 1260//1260
f 1239//1239 1240//1240 1261//1261
f 1236//1236 1239//1239 1261//1261
f 1237//1237 1239//1239 1236//1236
f 1238//1238 1239//1239 1237//1237
f 1251//1251 1229//1229 1262//1262
f 1228//1228 1262//1262 1229//1229
f 1263//1263 1262//1262 1228//1228
f 1230//1230 1263//1263 1228//1228
f 1264//1264 1263//1263 1230//1230
f 1231//1231 1264//1264 1230//1230
f 1265//1265 1264//1264 1231//1231
f 1232//1232 1265//1265 1231//1231
f 1266//1266 1265//1265 1232//1232
f 1233//1233 1266//1266 1232//1232
f 1234//1234 1266//1266 1233//1233
f 1267//1267 1266//1266 1234//1234
f 1235//1235 1267//1267 1234//1234
f 1268//1268 1267//1267 1235//1235
f 1236//1236 1268//1268 1235//1235
f 1261//1261 1268//1268 1236//1236
f 1249//1249 1250//1250 1251//1251
f 1229//1229 1251//1251 1250//1250
f 1250//1250 1251//1251 1229//1229
f 1251//1251 1250//1250 1249//1249
f 1236//1236 1268//1268 1261//1261
f 1235//1235 1268//1268 1236//1236
f 1235//1235 1267//1267 1268//1268
f 1234//1234 1267//1267 1235//1235
f 1234//1234 1266//1266 1267//1267
f 1233//1233 1266//1266 1234//1234
f 1232//1232 1266//1266 1233//1233
f 1232//1232 1265//1265 1266//1266
f 1231//1231 1265//1265 1232//1232
f 1231//1231 1264//1264 1265//1265
f 1230//1230 1264//1264 1231//1231
f 1230//1230 1263//1263 1264//1264
f 1228//1228 1263//1263 1230//1230
f 1228//1228 1262//1262 1263//1263
f 1229//1229 1262//1262 1228//1228
f 1262//1262 1229//1229 1251//1251
f 1237//1237 1239//1239 1238//1238
f 1236//1236 1239//1239 1237//1237
f 1261//1261 1239//1239 1236//1236
f 1261//1261 1240//1240 1239//1239
f 1260//1260 1240//1240 1261//1261
f 1259//1259 1240//1240 1260//1260
f 1258//1258 1240//1240 1259//1259
f 1258//1258 1241//1241 1240//1240
f 1257//1257 1241//1241 1258//1258
f 1256//1256 1241//1241 1257//1257
f 1256//1256 1242//1242 1241//1241
f 1255//1255 1242//1242 1256//1256
f 1255//1255 1243//1243 1242//1242
f 1254//1254 1243//1243 1255//1255
f 1254//1254 1244//1244 1243//1243
f 1253//1253 1244//1244 1254//1254
f 1253//1253 1245//1245 1244//1244
f 1252//1252 1245//1245 1253//1253
f 1252//1252 1246//1246 1245//1245
f 1251//1251 1246//1246 1252//1252
f 1251//1251 1247//1247 1246//1246
f 1249//1249 1247//1247 1251//1251
f 1247//1247 1249//1249 1248//1248
f 765//765 816//816 767//767
f 808//808 767//767 816//816
f 816//816 767//767 808//808
f 767//767 816//816 765//765
f 764//764 815//815 765//765
f 816//816 765//765 815//815
f 815//815 765//765 816//816
f 765//765 815//815 764//764
f 767//767 808//808 778//778
f 807//807 778//778 808//808
f 808//808 778//778 807//807
f 778//778 808//808 767//767
f 762//762 814//814 764//764
f 815//815 764//764 814//814
f 814//814 764//764 815//815
f 764//764 814//814 762//762
f 778//778 807//807 776//776
f 806//806 776//776 807//807
f 807//807 776//776 806//806
f 776//776 807//807 778//778
f 760//760 813//813 762//762
f 814//814 762//762 813//813
f 813//813 762//762 814//814
f 762//762 813//813 760//760
f 776//776 806//806 775//775
f 805//805 775//775 806//806
f 806//806 775//775 805//805
f 775//775 806//806 776//776
f 812//812 813//813 758//758
f 760//760 758//758 813//813
f 813//813 758//758 760//760
f 758//758 813//813 812//812
f 805//805 804//804 775//775
f 773//773 775//775 804//804
f 804//804 775//775 773//773
f 775//775 804//804 805//805
f 811//811 812//812 756//756
f 758//758 756//756 812//812
f 812//812 756//756 758//758
f 756//756 812//812 811//811
f 804//804 803//803 773//773
f 771//771 773//773 803//803
f 803//803 773//773 771//771
f 773//773 803//803 804//804
f 810//810 811//811 755//755
f 756//756 755//755 811//811
f 811//811 755//755 756//756
f 755//755 811//811 810//810
f 803//803 802//802 771//771
f 770//770 771//771 802//802
f 802//802 771//771 770//770
f 771//771 802//802 803//803
f 809//809 810//810 752//752
f 755//755 752//752 810//810
f 810//810 752//752 755//755
f 752//752 810//810 809//809
f 802//802 801//801 770//770
f 769//769 770//770 801//801
f 801//801 770//770 769//769
f 770//770 801//801 802//802
f 809//809 752//752 801//801
f 769//769 801//801 752//752
f 752//752 801//801 769//769
f 801//801 752//752 809//809
f 916//916 837//837 917//917
f 864//864 917//917 837//837
f 837//837 917//917 864//864
f 917//917 837//837 916//916
f 929//929 838//838 916//916
f 837//837 916//916 838//838
f 838//838 916//916 837//837
f 916//916 838//838 929//929
f 917//917 864//864 918//918
f 866//866 918//918 864//864
f 864//864 918//918 866//866
f 918//918 864//864 917//917
f 930//930 841//841 929//929
f 838//838 929//929 841//841
f 841//841 929//929 838//838
f 929//929 841//841 930//930
f 918//918 866//866 919//919
f 868//868 919//919 866//866
f 866//866 919//919 868//868
f 919//919 866//866 918//918
f 931//931 843//843 930//930
f 841//841 930//930 843//843
f 843//843 930//930 841//841
f 930//930 843//843 931//931
f 920//920 919//919 869//869
f 868//868 869//869 919//919
f 919//919 869//869 868//868
f 869//869 919//919 920//920
f 931//931 932//932 843//843
f 844//844 843//843 932//932
f 932//932 843//843 844//844
f 843//843 932//932 931//931
f 921//921 920//920 871//871
f 869//869 871//871 920//920
f 920//920 871//871 869//869
f 871//871 920//920 921//921
f 932//932 933//933 844//844
f 846//846 844//844 933//933
f 933//933 844//844 846//846
f 844//844 933//933 932//932
f 922//922 921//921 873//873
f 871//871 873//873 921//921
f 921//921 873//873 871//871
f 873//873 921//921 922//922
f 933//933 934//934 846//846
f 848//848 846//846 934//934
f 934//934 846//846 848//848
f 846//846 934//934 933//933
f 923//923 922//922 875//875
f 873//873 875//875 922//922
f 922//922 875//875 873//873
f 875//875 922//922 923//923
f 934//934 935//935 848//848
f 850//850 848//848 935//935
f 935//935 848//848 850//850
f 848//848 935//935 934//934
f 924//924 923//923 876//876
f 875//875 876//876 923//923
f 923//923 876//876 875//875
f 876//876 923//923 924//924
f 935//935 936//936 850//850
f 851//851 850//850 936//936
f 936//936 850//850 851//851
f 850//850 936//936 935//935
f 925//925 924//924 878//878
f 876//876 878//878 924//924
f 924//924 878//878 876//876
f 878//878 924//924 925//925
f 851//851 936//936 853//853
f 937//937 853//853 936//936
f 936//936 853//853 937//937
f 853//853 936//936 851//851
f 880//880 926//926 878//878
f 925//925 878//878 926//926
f 926//926 878//878 925//925
f 878//878 926//926 880//880
f 853//853 937//937 855//855
f 938//938 855//855 937//937
f 937//937 855//855 938//938
f 855//855 937//937 853//853
f 881//881 927//927 880//880
f 926//926 880//880 927//927
f 927//927 880//880 926//926
f 880//880 927//927 881//881
f 855//855 938//938 857//857
f 928//928 857//857 938//938
f 938//938 857//857 928//928
f 857//857 938//938 855//855
f 857//857 928//928 881//881
f 927//927 881//881 928//928
f 928//928 881//881 927//927
f 881//881 928//928 857//857
f 1061//1061 969//969 1060//1060
f 967//967 1060//1060 969//969
f 969//969 1060//1060 967//967
f 1060//1060 969//969 1061//1061
f 1060//1060 967//967 1051//1051
f 966//966 1051//1051 967//967
f 967//967 1051//1051 966//966
f 1051//1051 967//967 1060//1060
f 1061//1061 1062//1062 969//969
f 970//970 969//969 1062//1062
f 1062//1062 969//969 970//970
f 969//969 1062//1062 1061//1061
f 1051//1051 966//966 1052//1052
f 997//997 1052//1052 966//966
f 966//966 1052//1052 997//997
f 1052//1052 966//966 1051//1051
f 1062//1062 1065//1065 970//970
f 972//972 970//970 1065//1065
f 1065//1065 970//970 972//972
f 970//970 1065//1065 1062//1062
f 1053//1053 1052//1052 998//998
f 997//997 998//998 1052//1052
f 1052//1052 998//998 997//997
f 998//998 1052//1052 1053//1053
f 1065//1065 1067//1067 972//972
f 975//975 972//972 1067//1067
f 1067//1067 972//972 975//975
f 972//972 1067//1067 1065//1065
f 1054//1054 1053//1053 1000//1000
f 998//998 1000//1000 1053//1053
f 1053//1053 1000//1000 998//998
f 1000//1000 1053//1053 1054//1054
f 1067//1067 1058//1058 975//975
f 977//977 975//975 1058//1058
f 1058//1058 975//975 977//977
f 975//975 1058//1058 1067//1067
f 1055//1055 1054//1054 1002//1002
f 1000//1000 1002//1002 1054//1054
f 1054//1054 1002//1002 1000//1000
f 1002//1002 1054//1054 1055//1055
f 977//977 1058//1058 987//987
f 1059//1059 987//987 1058//1058
f 1058//1058 987//987 1059//1059
f 987//987 1058//1058 977//977
f 1056//1056 1055//1055 1005//1005
f 1002//1002 1005//1005 1055//1055
f 1055//1055 1005//1005 1002//1002
f 1005//1005 1055//1055 1056//1056
f 987//987 1059//1059 989//989
f 1057//1057 989//989 1059//1059
f 1059//1059 989//989 1057//1057
f 989//989 1059//1059 987//987
f 989//989 1057//1057 1005//1005
f 1056//1056 1005//1005 1057//1057
f 1057//1057 1005//1005 1056//1056
f 1005//1005 1057//1057 989//989
f 1082//1082 946//946 1083//1083
f 947//947 1083//1083 946//946
f 946//946 1083//1083 947//947
f 1083//1083 946//946 1082//1082
f 1083//1083 947//947 1084//1084
f 949//949 1084//1084 947//947
f 947//947 1084//1084 949//949
f 1084//1084 947//947 1083//1083
f 1074//1074 945//945 1082//1082
f 946//946 1082//1082 945//945
f 945//945 1082//1082 946//946
f 1082//1082 945//945 1074//1074
f 1063//1063 1084//1084 950//950
f 949//949 950//950 1084//1084
f 1084//1084 950//950 949//949
f 950//950 1084//1084 1063//1063
f 1075//1075 952//952 1074//1074
f 945//945 1074//1074 952//952
f 952//952 1074//1074 945//945
f 1074//1074 952//952 1075//1075
f 1064//1064 1063//1063 971//971
f 950//950 971//971 1063//1063
f 1063//1063 971//971 950//950
f 971//971 1063//1063 1064//1064
f 1076//1076 954//954 1075//1075
f 952//952 1075//1075 954//954
f 954//954 1075//1075 952//952
f 1075//1075 954//954 1076//1076
f 1066//1066 1064//1064 973//973
f 971//971 973//973 1064//1064
f 1064//1064 973//973 971//971
f 973//973 1064//1064 1066//1066
f 1076//1076 1077//1077 954//954
f 955//955 954//954 1077//1077
f 1077//1077 954//954 955//955
f 954//954 1077//1077 1076//1076
f 1068//1068 1066//1066 974//974
f 973//973 974//974 1066//1066
f 1066//1066 974//974 973//973
f 974//974 1066//1066 1068//1068
f 1077//1077 1078//1078 955//955
f 957//957 955//955 1078//1078
f 1078//1078 955//955 957//957
f 955//955 1078//1078 1077//1077
f 1069//1069 1068//1068 976//976
f 974//974 976//976 1068//1068
f 1068//1068 976//976 974//974
f 976//976 1068//1068 1069//1069
f 1078//1078 1079//1079 957//957
f 959//959 957//957 1079//1079
f 1079//1079 957//957 959//959
f 957//957 1079//1079 1078//1078
f 1070//1070 1069//1069 979//979
f 976//976 979//979 1069//1069
f 1069//1069 979//979 976//976
f 979//979 1069//1069 1070//1070
f 1079//1079 1080//1080 959//959
f 961//961 959//959 1080//1080
f 1080//1080 959//959 961//961
f 959//959 1080//1080 1079//1079
f 981//981 1071//1071 979//979
f 1070//1070 979//979 1071//1071
f 1071//1071 979//979 1070//1070
f 979//979 1071//1071 981//981
f 961//961 1080//1080 963//963
f 1081//1081 963//963 1080//1080
f 1080//1080 963//963 1081//1081
f 963//963 1080//1080 961//961
f 982//982 1072//1072 981//981
f 1071//1071 981//981 1072//1072
f 1072//1072 981//981 1071//1071
f 981//981 1072//1072 982//982
f 963//963 1081//1081 964//964
f 1073//1073 964//964 1081//1081
f 1081//1081 964//964 1073//1073
f 964//964 1081//1081 963//963
f 964//964 1073//1073 982//982
f 1072//1072 982//982 1073//1073
f 1073//1073 982//982 1072//1072
f 982//982 1073//1073 964//964
f 1164//1164 1085//1085 1165//1165
f 1112//1112 1165//1165 1085//1085
f 1085//1085 1165//1165 1112//1112
f 1165//1165 1085//1085 1164//1164
f 1177//1177 1086//1086 1164//1164
f 1085//1085 1164//1164 1086//1086
f 1086//1086 1164//1164 1085//1085
f 1164//1164 1086//1086 1177//1177
f 1165//1165 1112//1112 1166//1166
f 1114//1114 1166//1166 1112//1112
f 1112//1112 1166//1166 1114//1114
f 1166//1166 1112//1112 1165//1165
f 1178//1178 1089//1089 1177//1177
f 1086//1086 1177//1177 1089//1089
f 1089//1089 1177//1177 1086//1086
f 1177//1177 1089//1089 1178//1178
f 1166//1166 1114//1114 1167//1167
f 1116//1116 1167//1167 1114//1114
f 1114//1114 1167//1167 1116//1116
f 1167//1167 1114//1114 1166//1166
f 1179//1179 1091//1091 1178//1178
f 1089//1089 1178//1178 1091//1091
f 1091//1091 1178//1178 1089//1089
f 1178//1178 1091//1091 1179//1179
f 1168//1168 1167//1167 1117//1117
f 1116//1116 1117//1117 1167//1167
f 1167//1167 1117//1117 1116//1116
f 1117//1117 1167//1167 1168//1168
f 1179//1179 1180//1180 1091//1091
f 1092//1092 1091//1091 1180//1180
f 1180//1180 1091//1091 1092//1092
f 1091//1091 1180//1180 1179//1179
f 1169//1169 1168//1168 1119//1119
f 1117//1117 1119//1119 1168//1168
f 1168//1168 1119//1119 1117//1117
f 1119//1119 1168//1168 1169//1169
f 1180//1180 1181//1181 1092//1092
f 1094//1094 1092//1092 1181//1181
f 1181//1181 1092//1092 1094//1094
f 1092//1092 1181//1181 1180//1180
f 1170//1170 1169//1169 1121//1121
f 1119//1119 1121//1121 1169//1169
f 1169//1169 1121//1121 1119//1119
f 1121//1121 1169//1169 1170//1170
f 1181//1181 1182//1182 1094//1094
f 1096//1096 1094//1094 1182//1182
f 1182//1182 1094//1094 1096//1096
f 1094//1094 1182//1182 1181//1181
f 1171//1171 1170//1170 1123//1123
f 1121//1121 1123//1123 1170//1170
f 1170//1170 1123//1123 1121//1121
f 1123//1123 1170//1170 1171//1171
f 1182//1182 1183//1183 1096//1096
f 1098//1098 1096//1096 1183//1183
f 1183//1183 1096//1096 1098//1098
f 1096//1096 1183//1183 1182//1182
f 1172//1172 1171//1171 1124//1124
f 1123//1123 1124//1124 1171//1171
f 1171//1171 1124//1124 1123//1123
f 1124//1124 1171//1171 1172//1172
f 1183//1183 1184//1184 1098//1098
f 1099//1099 1098//1098 1184//1184
f 1184//1184 1098//1098 1099//1099
f 1098//1098 1184//1184 1183//1183
f 1173//1173 1172//1172 1126//1126
f 1124//1124 1126//1126 1172//1172
f 1172//1172 1126//1126 1124//1124
f 1126//1126 1172//1172 1173//1173
f 1099//1099 1184//1184 1101//1101
f 1185//1185 1101//1101 1184//1184
f 1184//1184 1101//1101 1185//1185
f 1101//1101 1184//1184 1099//1099
f 1128//1128 1174//1174 1126//1126
f 1173//1173 1126//1126 1174//1174
f 1174//1174 1126//1126 1173//1173
f 1126//1126 1174//1174 1128//1128
f 1101//1101 1185//1185 1103//1103
f 1186//1186 1103//1103 1185//1185
f 1185//1185 1103//1103 1186//1186
f 1103//1103 1185//1185 1101//1101
f 1129//1129 1175//1175 1128//1128
f 1174//1174 1128//1128 1175//1175
f 1175//1175 1128//1128 1174//1174
f 1128//1128 1175//1175 1129//1129
f 1103//1103 1186//1186 1105//1105
f 1176//1176 1105//1105 1186//1186
f 1186//1186 1105//1105 1176//1176
f 1105//1105 1186//1186 1103//1103
f 1105//1105 1176//1176 1129//1129
f 1175//1175 1129//1129 1176//1176
f 1176//1176 1129//1129 1175//1175
f 1129//1129 1176//1176 1105//1105
f 1251//1251 1190//1190 1252//1252
f 1209//1209 1252//1252 1190//1190
f 1190//1190 1252//1252 1209//1209
f 1252//1252 1190//1190 1251//1251
f 1252//1252 1209//1209 1253//1253
f 1211//1211 1253//1253 1209//1209
f 1209//1209 1253//1253 1211//1211
f 1253//1253 1209//1209 1252//1252
f 1262//1262 1192//1192 1251//1251
f 1190//1190 1251//1251 1192//1192
f 1192//1192 1251//1251 1190//1190
f 1251//1251 1192//1192 1262//1262
f 1254//1254 1253//1253 1213//1213
f 1211//1211 1213//1213 1253//1253
f 1253//1253 1213//1213 1211//1211
f 1213//1213 1253//1253 1254//1254
f 1263//1263 1194//1194 1262//1262
f 1192//1192 1262//1262 1194//1194
f 1194//1194 1262//1262 1192//1192
f 1262//1262 1194//1194 1263//1263
f 1255//1255 1254//1254 1215//1215
f 1213//1213 1215//1215 1254//1254
f 1254//1254 1215//1215 1213//1213
f 1215//1215 1254//1254 1255//1255
f 1263//1263 1264//1264 1194//1194
f 1196//1196 1194//1194 1264//1264
f 1264//1264 1194//1194 1196//1196
f 1194//1194 1264//1264 1263//1263
f 1256//1256 1255//1255 1217//1217
f 1215//1215 1217//1217 1255//1255
f 1255//1255 1217//1217 1215//1215
f 1217//1217 1255//1255 1256//1256
f 1264//1264 1265//1265 1196//1196
f 1198//1198 1196//1196 1265//1265
f 1265//1265 1196//1196 1198//1198
f 1196//1196 1265//1265 1264//1264
f 1257//1257 1256//1256 1219//1219
f 1217//1217 1219//1219 1256//1256
f 1256//1256 1219//1219 1217//1217
f 1219//1219 1256//1256 1257//1257
f 1265//1265 1266//1266 1198//1198
f 1200//1200 1198//1198 1266//1266
f 1266//1266 1198//1198 1200//1200
f 1198//1198 1266//1266 1265//1265
f 1258//1258 1257//1257 1220//1220
f 1219//1219 1220//1220 1257//1257
f 1257//1257 1220//1220 1219//1219
f 1220//1220 1257//1257 1258//1258
f 1266//1266 1267//1267 1200//1200
f 1203//1203 1200//1200 1267//1267
f 1267//1267 1200//1200 1203//1203
f 1200//1200 1267//1267 1266//1266
f 1222//1222 1259//1259 1220//1220
f 1258//1258 1220//1220 1259//1259
f 1259//1259 1220//1220 1258//1258
f 1220//1220 1259//1259 1222//1222
f 1203//1203 1267//1267 1205//1205
f 1268//1268 1205//1205 1267//1267
f 1267//1267 1205//1205 1268//1268
f 1205//1205 1267//1267 1203//1203
f 1223//1223 1260//1260 1222//1222
f 1259//1259 1222//1222 1260//1260
f 1260//1260 1222//1222 1259//1259
f 1222//1222 1260//1260 1223//1223
f 1205//1205 1268//1268 1207//1207
f 1261//1261 1207//1207 1268//1268
f 1268//1268 1207//1207 1261//1261
f 1207//1207 1268//1268 1205//1205
f 1207//1207 1261//1261 1223//1223
f 1260//1260 1223//1223 1261//1261
f 1261//1261 1223//1223 1260//1260
f 1223//1223 1261//1261 1207//1207
f 1269//1269 1270//1270 1271//1271
f 1272//1272 1273//1273 1274//1274
f 1275//1275 1274//1274 1273//1273
f 1276//1276 1275//1275 1273//1273
f 1277//1277 1276//1276 1273//1273
f 1278//1278 1277//1277 1273//1273
f 1279//1279 1277//1277 1278//1278
f 1270//1270 1279//1279 1278//1278
f 1271//1271 1270//1270 1278//1278
f 1280//1280 1271//1271 1278//1278
f 1281//1281 1280//1280 1278//1278
f 1282//1282 1281//1281 1278//1278
f 1283//1283 1281//1281 1282//1282
f 1284//1284 1281//1281 1283//1283
f 1285//1285 1284//1284 1283//1283
f 1286//1286 1281//1281 1284//1284
f 1287//1287 1281//1281 1286//1286
f 1288//1288 1281//1281 1287//1287
f 1289//1289 1281//1281 1288//1288
f 1290//1290 1289//1289 1288//1288
f 1291//1291 1289//1289 1290//1290
f 1292//1292 1289//1289 1291//1291
f 1293//1293 1289//1289 1292//1292
f 1294//1294 1293//1293 1292//1292
f 1295//1295 1293//1293 1294//1294
f 1296//1296 1293//1293 1295//1295
f 1297//1297 1293//1293 1296//1296
f 1298//1298 1297//1297 1296//1296
f 1299//1299 1298//1298 1296//1296
f 1300//1300 1299//1299 1296//1296
f 1301//1301 1299//1299 1300//1300
f 1302//1302 1301//1301 1300//1300
f 1284//1284 1285//1285 1303//1303
f 1303//1303 1285//1285 1284//1284
f 1300//1300 1301//1301 1302//1302
f 1300//1300 1299//1299 1301//1301
f 1296//1296 1299//1299 1300//1300
f 1296//1296 1298//1298 1299//1299
f 1296//1296 1297//1297 1298//1298
f 1296//1296 1293//1293 1297//1297
f 1295//1295 1293//1293 1296//1296
f 1294//1294 1293//1293 1295//1295
f 1292//1292 1293//1293 1294//1294
f 1292//1292 1289//1289 1293//1293
f 1291//1291 1289//1289 1292//1292
f 1290//1290 1289//1289 1291//1291
f 1288//1288 1289//1289 1290//1290
f 1288//1288 1281//1281 1289//1289
f 1287//1287 1281//1281 1288//1288
f 1286//1286 1281//1281 1287//1287
f 1284//1284 1281//1281 1286//1286
f 1283//1283 1284//1284 1285//1285
f 1283//1283 1281//1281 1284//1284
f 1282//1282 1281//1281 1283//1283
f 1278//1278 1281//1281 1282//1282
f 1278//1278 1280//1280 1281//1281
f 1278//1278 1271//1271 1280//1280
f 1278//1278 1270//1270 1271//1271
f 1278//1278 1279//1279 1270//1270
f 1278//1278 1277//1277 1279//1279
f 1273//1273 1277//1277 1278//1278
f 1273//1273 1276//1276 1277//1277
f 1273//1273 1275//1275 1276//1276
f 1273//1273 1274//1274 1275//1275
f 1274//1274 1273//1273 1272//1272
f 1271//1271 1270//1270 1269//1269
f 1304//1304 1284//1284 1305//1305
f 1303//1303 1305//1305 1284//1284
f 1284//1284 1305//1305 1303//1303
f 1305//1305 1284//1284 1304//1304
f 1305//1305 1303//1303 1306//1306
f 1285//1285 1306//1306 1303//1303
f 1303//1303 1306//1306 1285//1285
f 1306//1306 1303//1303 1305//1305
f 1307//1307 1306//1306 1283//1283
f 1285//1285 1283//1283 1306//1306
f 1306//1306 1283//1283 1285//1285
f 1283//1283 1306//1306 1307//1307
f 1308//1308 1307//1307 1282//1282
f 1283//1283 1282//1282 1307//1307
f 1307//1307 1282//1282 1283//1283
f 1282//1282 1307//1307 1308//1308
f 1309//1309 1308//1308 1278//1278
f 1282//1282 1278//1278 1308//1308
f 1308//1308 1278//1278 1282//1282
f 1278//1278 1308//1308 1309//1309
f 1310//1310 1309//1309 1273//1273
f 1278//1278 1273//1273 1309//1309
f 1309//1309 1273//1273 1278//1278
f 1273//1273 1309//1309 1310//1310
f 1311//1311 1310//1310 1272//1272
f 1273//1273 1272//1272 1310//1310
f 1310//1310 1272//1272 1273//1273
f 1272//1272 1310//1310 1311//1311
f 1274//1274 1312//1312 1272//1272
f 1311//1311 1272//1272 1312//1312
f 1312//1312 1272//1272 1311//1311
f 1272//1272 1312//1312 1274//1274
f 1313//1313 1312//1312 1275//1275
f 1274//1274 1275//1275 1312//1312
f 1312//1312 1275//1275 1274//1274
f 1275//1275 1312//1312 1313//1313
f 1314//1314 1313//1313 1276//1276
f 1275//1275 1276//1276 1313//1313
f 1313//1313 1276//1276 1275//1275
f 1276//1276 1313//1313 1314//1314
f 1315//1315 1314//1314 1277//1277
f 1276//1276 1277//1277 1314//1314
f 1314//1314 1277//1277 1276//1276
f 1277//1277 1314//1314 1315//1315
f 1279//1279 1316//1316 1277//1277
f 1315//1315 1277//1277 1316//1316
f 1316//1316 1277//1277 1315//1315
f 1277//1277 1316//1316 1279//1279
f 1270//1270 1317//1317 1279//1279
f 1316//1316 1279//1279 1317//1317
f 1317//1317 1279//1279 1316//1316
f 1279//1279 1317//1317 1270//1270
f 1269//1269 1318//1318 1270//1270
f 1317//1317 1270//1270 1318//1318
f 1318//1318 1270//1270 1317//1317
f 1270//1270 1318//1318 1269//1269
f 1271//1271 1319//1319 1269//1269
f 1318//1318 1269//1269 1319//1319
f 1319//1319 1269//1269 1318//1318
f 1269//1269 1319//1319 1271//1271
f 1320//1320 1319//1319 1280//1280
f 1271//1271 1280//1280 1319//1319
f 1319//1319 1280//1280 1271//1271
f 1280//1280 1319//1319 1320//1320
f 1321//1321 1320//1320 1281//1281
f 1280//1280 1281//1281 1320//1320
f 1320//1320 1281//1281 1280//1280
f 1281//1281 1320//1320 1321//1321
f 1322//1322 1321//1321 1289//1289
f 1281//1281 1289//1289 1321//1321
f 1321//1321 1289//1289 1281//1281
f 1289//1289 1321//1321 1322//1322
f 1323//1323 1322//1322 1293//1293
f 1289//1289 1293//1293 1322//1322
f 1322//1322 1293//1293 1289//1289
f 1293//1293 1322//1322 1323//1323
f 1324//1324 1323//1323 1297//1297
f 1293//1293 1297//1297 1323//1323
f 1323//1323 1297//1297 1293//1293
f 1297//1297 1323//1323 1324//1324
f 1324//1324 1297//1297 1325//1325
f 1298//1298 1325//1325 1297//1297
f 1297//1297 1325//1325 1298//1298
f 1325//1325 1297//1297 1324//1324
f 1325//1325 1298//1298 1326//1326
f 1299//1299 1326//1326 1298//1298
f 1298//1298 1326//1326 1299//1299
f 1326//1326 1298//1298 1325//1325
f 1326//1326 1299//1299 1327//1327
f 1301//1301 1327//1327 1299//1299
f 1299//1299 1327//1327 1301//1301
f 1327//1327 1299//1299 1326//1326
f 1327//1327 1301//1301 1328//1328
f 1302//1302 1328//1328 1301//1301
f 1301//1301 1328//1328 1302//1302
f 1328//1328 1301//1301 1327//1327
f 1328//1328 1302//1302 1329//1329
f 1300//1300 1329//1329 1302//1302
f 1302//1302 1329//1329 1300//1300
f 1329//1329 1302//1302 1328//1328
f 1330//1330 1329//1329 1296//1296
f 1300//1300 1296//1296 1329//1329
f 1329//1329 1296//1296 1300//1300
f 1296//1296 1329//1329 1330//1330
f 1295//1295 1331//1331 1296//1296
f 1330//1330 1296//1296 1331//1331
f 1331//1331 1296//1296 1330//1330
f 1296//1296 1331//1331 1295//1295
f 1294//1294 1332//1332 1295//1295
f 1331//1331 1295//1295 1332//1332
f 1332//1332 1295//1295 1331//1331
f 1295//1295 1332//1332 1294//1294
f 1333//1333 1332//1332 1292//1292
f 1294//1294 1292//1292 1332//1332
f 1332//1332 1292//1292 1294//1294
f 1292//1292 1332//1332 1333//1333
f 1334//1334 1333//1333 1291//1291
f 1292//1292 1291//1291 1333//1333
f 1333//1333 1291//1291 1292//1292
f 1291//1291 1333//1333 1334//1334
f 1335//1335 1334//1334 1290//1290
f 1291//1291 1290//1290 1334//1334
f 1334//1334 1290//1290 1291//1291
f 1290//1290 1334//1334 1335//1335
f 1336//1336 1335//1335 1288//1288
f 1290//1290 1288//1288 1335//1335
f 1335//1335 1288//1288 1290//1290
f 1288//1288 1335//1335 1336//1336
f 1337//1337 1336//1336 1287//1287
f 1288//1288 1287//1287 1336//1336
f 1336//1336 1287//1287 1288//1288
f 1287//1287 1336//1336 1337//1337
f 1337//1337 1287//1287 1338//1338
f 1286//1286 1338//1338 1287//1287
f 1287//1287 1338//1338 1286//1286
f 1338//1338 1287//1287 1337//1337
f 1338//1338 1286//1286 1304//1304
f 1284//1284 1304//1304 1286//1286
f 1286//1286 1304//1304 1284//1284
f 1304//1304 1286//1286 1338//1338
f 1311//1311 1312//1312 1310//1310
f 1313//1313 1310//1310 1312//1312
f 1314//1314 1310//1310 1313//1313
f 1315//1315 1310//1310 1314//1314
f 1309//1309 1310//1310 1315//1315
f 1316//1316 1309//1309 1315//1315
f 1317//1317 1309//1309 1316//1316
f 1318//1318 1309//1309 1317//1317
f 1319//1319 1309//1309 1318//1318
f 1320//1320 1309//1309 1319//1319
f 1321//1321 1309//1309 1320//1320
f 1308//1308 1309//1309 1321//1321
f 1307//1307 1308//1308 1321//1321
f 1304//1304 1307//1307 1321//1321
f 1306//1306 1307//1307 1304//1304
f 1305//1305 1306//1306 1304//1304
f 1338//1338 1304//1304 1321//1321
f 1337//1337 1338//1338 1321//1321
f 1336//1336 1337//1337 1321//1321
f 1322//1322 1336//1336 1321//1321
f 1335//1335 1336//1336 1322//1322
f 1334//1334 1335//1335 1322//1322
f 1333//1333 1334//1334 1322//1322
f 1323//1323 1333//1333 1322//1322
f 1332//1332 1333//1333 1323//1323
f 1331//1331 1332//1332 1323//1323
f 1330//1330 1331//1331 1323//1323
f 1324//1324 1330//1330 1323//1323
f 1325//1325 1330//1330 1324//1324
f 1326//1326 1330//1330 1325//1325
f 1329//1329 1330//1330 1326//1326
f 1327//1327 1329//1329 1326//1326
f 1328//1328 1329//1329 1327//1327
f 1327//1327 1329//1329 1328//1328
f 1326//1326 1329//1329 1327//1327
f 1326//1326 1330//1330 1329//1329
f 1325//1325 1330//1330 1326//1326
f 1324//1324 1330//1330 1325//1325
f 1323//1323 1330//1330 1324//1324
f 1323//1323 1331//1331 1330//1330
f 1323//1323 1332//1332 1331//1331
f 1323//1323 1333//1333 1332//1332
f 1322//1322 1333//1333 1323//1323
f 1322//1322 1334//1334 1333//1333
f 1322//1322 1335//1335 1334//1334
f 1322//1322 1336//1336 1335//1335
f 1321//1321 1336//1336 1322//1322
f 1321//1321 1337//1337 1336//1336
f 1321//1321 1338//1338 1337//1337
f 1321//1321 1304//1304 1338//1338
f 1304//1304 1306//1306 1305//1305
f 1304//1304 1307//1307 1306//1306
f 1321//1321 1307//1307 1304//1304
f 1321//1321 1308//1308 1307//1307
f 1321//1321 1309//1309 1308//1308
f 1320//1320 1309//1309 1321//1321
f 1319//1319 1309//1309 1320//1320
f 1318//1318 1309//1309 1319//1319
f 1317//1317 1309//1309 1318//1318
f 1316//1316 1309//1309 1317//1317
f 1315//1315 1309//1309 1316//1316
f 1315//1315 1310//1310 1309//1309
f 1314//1314 1310//1310 1315//1315
f 1313//1313 1310//1310 1314//1314
f 1312//1312 1310//1310 1313//1313
f 1310//1310 1312//1312 1311//1311
f 1339//1339 1340//1340 1341//1341
f 1342//1342 1343//1343 1344//1344
f 1345//1345 1344//1344 1343//1343
f 1346//1346 1345//1345 1343//1343
f 1347//1347 1346//1346 1343//1343
f 1348//1348 1347//1347 1343//1343
f 1349//1349 1347//1347 1348//1348
f 1340//1340 1349//1349 1348//1348
f 1341//1341 1340//1340 1348//1348
f 1350//1350 1341//1341 1348//1348
f 1351//1351 1350//1350 1348//1348
f 1352//1352 1351//1351 1348//1348
f 1353//1353 1352//1352 1348//1348
f 1354//1354 1352//1352 1353//1353
f 1355//1355 1354//1354 1353//1353
f 1356//1356 1354//1354 1355//1355
f 1357//1357 1356//1356 1355//1355
f 1358//1358 1357//1357 1355//1355
f 1359//1359 1356//1356 1357//1357
f 1360//1360 1356//1356 1359//1359
f 1361//1361 1356//1356 1360//1360
f 1362//1362 1361//1361 1360//1360
f 1363//1363 1361//1361 1362//1362
f 1364//1364 1361//1361 1363//1363
f 1365//1365 1361//1361 1364//1364
f 1366//1366 1365//1365 1364//1364
f 1367//1367 1365//1365 1366//1366
f 1368//1368 1367//1367 1366//1366
f 1369//1369 1367//1367 1368//1368
f 1370//1370 1367//1367 1369//1369
f 1371//1371 1370//1370 1369//1369
f 1372//1372 1370//1370 1371//1371
f 1373//1373 1372//1372 1371//1371
f 1374//1374 1372//1372 1373//1373
f 1375//1375 1372//1372 1374//1374
f 1376//1376 1372//1372 1375//1375
f 1377//1377 1376//1376 1375//1375
f 1378//1378 1377//1377 1375//1375
f 1379//1379 1377//1377 1378//1378
f 1380//1380 1379//1379 1378//1378
f 1381//1381 1380//1380 1378//1378
f 1382//1382 1380//1380 1381//1381
f 1383//1383 1382//1382 1381//1381
f 1384//1384 1382//1382 1383//1383
f 1385//1385 1384//1384 1383//1383
f 1386//1386 1384//1384 1385//1385
f 1387//1387 1386//1386 1385//1385
f 1388//1388 1386//1386 1387//1387
f 1389//1389 1388//1388 1387//1387
f 1357//1357 1358//1358 1390//1390
f 1390//1390 1358//1358 1357//1357
f 1387//1387 1388//1388 1389//1389
f 1387//1387 1386//1386 1388//1388
f 1385//1385 1386//1386 1387//1387
f 1385//1385 1384//1384 1386//1386
f 1383//1383 1384//1384 1385//1385
f 1383//1383 1382//1382 1384//1384
f 1381//1381 1382//1382 1383//1383
f 1381//1381 1380//1380 1382//1382
f 1378//1378 1380//1380 1381//1381
f 1378//1378 1379//1379 1380//1380
f 1378//1378 1377//1377 1379//1379
f 1375//1375 1377//1377 1378//1378
f 1375//1375 1376//1376 1377//1377
f 1375//1375 1372//1372 1376//1376
f 1374//1374 1372//1372 1375//1375
f 1373//1373 1372//1372 1374//1374
f 1371//1371 1372//1372 1373//1373
f 1371//1371 1370//1370 1372//1372
f 1369//1369 1370//1370 1371//1371
f 1369//1369 1367//1367 1370//1370
f 1368//1368 1367//1367 1369//1369
f 1366//1366 1367//1367 1368//1368
f 1366//1366 1365//1365 1367//1367
f 1364//1364 1365//1365 1366//1366
f 1364//1364 1361//1361 1365//1365
f 1363//1363 1361//1361 1364//1364
f 1362//1362 1361//1361 1363//1363
f 1360//1360 1361//1361 1362//1362
f 1360//1360 1356//1356 1361//1361
f 1359//1359 1356//1356 1360//1360
f 1357//1357 1356//1356 1359//1359
f 1355//1355 1357//1357 1358//1358
f 1355//1355 1356//1356 1357//1357
f 1355//1355 1354//1354 1356//1356
f 1353//1353 1354//1354 1355//1355
f 1353//1353 1352//1352 1354//1354
f 1348//1348 1352//1352 1353//1353
f 1348//1348 1351//1351 1352//1352
f 1348//1348 1350//1350 1351//1351
f 1348//1348 1341//1341 1350//1350
f 1348//1348 1340//1340 1341//1341
f 1348//1348 1349//1349 1340//1340
f 1348//1348 1347//1347 1349//1349
f 1343//1343 1347//1347 1348//1348
f 1343//1343 1346//1346 1347//1347
f 1343//1343 1345//1345 1346//1346
f 1343//1343 1344//1344 1345//1345
f 1344//1344 1343//1343 1342//1342
f 1341//1341 1340//1340 1339//1339
f 1391//1391 1357//1357 1392//1392
f 1390//1390 1392//1392 1357//1357
f 1357//1357 1392//1392 1390//1390
f 1392//1392 1357//1357 1391//1391
f 1392//1392 1390//1390 1393//1393
f 1358//1358 1393//1393 1390//1390
f 1390//1390 1393//1393 1358//1358
f 1393//1393 1390//1390 1392//1392
f 1394//1394 1393//1393 1355//1355
f 1358//1358 1355//1355 1393//1393
f 1393//1393 1355//1355 1358//1358
f 1355//1355 1393//1393 1394//1394
f 1395//1395 1394//1394 1353//1353
f 1355//1355 1353//1353 1394//1394
f 1394//1394 1353//1353 1355//1355
f 1353//1353 1394//1394 1395//1395
f 1396//1396 1395//1395 1348//1348
f 1353//1353 1348//1348 1395//1395
f 1395//1395 1348//1348 1353//1353
f 1348//1348 1395//1395 1396//1396
f 1397//1397 1396//1396 1343//1343
f 1348//1348 1343//1343 1396//1396
f 1396//1396 1343//1343 1348//1348
f 1343//1343 1396//1396 1397//1397
f 1398//1398 1397//1397 1342//1342
f 1343//1343 1342//1342 1397//1397
f 1397//1397 1342//1342 1343//1343
f 1342//1342 1397//1397 1398//1398
f 1344//1344 1399//1399 1342//1342
f 1398//1398 1342//1342 1399//1399
f 1399//1399 1342//1342 1398//1398
f 1342//1342 1399//1399 1344//1344
f 1400//1400 1399//1399 1345//1345
f 1344//1344 1345//1345 1399//1399
f 1399//1399 1345//1345 1344//1344
f 1345//1345 1399//1399 1400//1400
f 1401//1401 1400//1400 1346//1346
f 1345//1345 1346//1346 1400//1400
f 1400//1400 1346//1346 1345//1345
f 1346//1346 1400//1400 1401//1401
f 1402//1402 1401//1401 1347//1347
f 1346//1346 1347//1347 1401//1401
f 1401//1401 1347//1347 1346//1346
f 1347//1347 1401//1401 1402//1402
f 1349//1349 1403//1403 1347//1347
f 1402//1402 1347//1347 1403//1403
f 1403//1403 1347//1347 1402//1402
f 1347//1347 1403//1403 1349//1349
f 1340//1340 1404//1404 1349//1349
f 1403//1403 1349//1349 1404//1404
f 1404//1404 1349//1349 1403//1403
f 1349//1349 1404//1404 1340//1340
f 1339//1339 1405//1405 1340//1340
f 1404//1404 1340//1340 1405//1405
f 1405//1405 1340//1340 1404//1404
f 1340//1340 1405//1405 1339//1339
f 1341//1341 1406//1406 1339//1339
f 1405//1405 1339//1339 1406//1406
f 1406//1406 1339//1339 1405//1405
f 1339//1339 1406//1406 1341//1341
f 1350//1350 1407//1407 1341//1341
f 1406//1406 1341//1341 1407//1407
f 1407//1407 1341//1341 1406//1406
f 1341//1341 1407//1407 1350//1350
f 1351//1351 1408//1408 1350//1350
f 1407//1407 1350//1350 1408//1408
f 1408//1408 1350//1350 1407//1407
f 1350//1350 1408//1408 1351//1351
f 1352//1352 1409//1409 1351//1351
f 1408//1408 1351//1351 1409//1409
f 1409//1409 1351//1351 1408//1408
f 1351//1351 1409//1409 1352//1352
f 1410//1410 1409//1409 1354//1354
f 1352//1352 1354//1354 1409//1409
f 1409//1409 1354//1354 1352//1352
f 1354//1354 1409//1409 1410//1410
f 1411//1411 1410//1410 1356//1356
f 1354//1354 1356//1356 1410//1410
f 1410//1410 1356//1356 1354//1354
f 1356//1356 1410//1410 1411//1411
f 1412//1412 1411//1411 1361//1361
f 1356//1356 1361//1361 1411//1411
f 1411//1411 1361//1361 1356//1356
f 1361//1361 1411//1411 1412//1412
f 1413//1413 1412//1412 1365//1365
f 1361//1361 1365//1365 1412//1412
f 1412//1412 1365//1365 1361//1361
f 1365//1365 1412//1412 1413//1413
f 1414//1414 1413//1413 1367//1367
f 1365//1365 1367//1367 1413//1413
f 1413//1413 1367//1367 1365//1365
f 1367//1367 1413//1413 1414//1414
f 1415//1415 1414//1414 1370//1370
f 1367//1367 1370//1370 1414//1414
f 1414//1414 1370//1370 1367//1367
f 1370//1370 1414//1414 1415//1415
f 1372//1372 1416//1416 1370//1370
f 1415//1415 1370//1370 1416//1416
f 1416//1416 1370//1370 1415//1415
f 1370//1370 1416//1416 1372//1372
f 1376//1376 1417//1417 1372//1372
f 1416//1416 1372//1372 1417//1417
f 1417//1417 1372//1372 1416//1416
f 1372//1372 1417//1417 1376//1376
f 1418//1418 1417//1417 1377//1377
f 1376//1376 1377//1377 1417//1417
f 1417//1417 1377//1377 1376//1376
f 1377//1377 1417//1417 1418//1418
f 1419//1419 1418//1418 1379//1379
f 1377//1377 1379//1379 1418//1418
f 1418//1418 1379//1379 1377//1377
f 1379//1379 1418//1418 1419//1419
f 1420//1420 1419//1419 1380//1380
f 1379//1379 1380//1380 1419//1419
f 1419//1419 1380//1380 1379//1379
f 1380//1380 1419//1419 1420//1420
f 1421//1421 1420//1420 1382//1382
f 1380//1380 1382//1382 1420//1420
f 1420//1420 1382//1382 1380//1380
f 1382//1382 1420//1420 1421//1421
f 1422//1422 1421//1421 1384//1384
f 1382//1382 1384//1384 1421//1421
f 1421//1421 1384//1384 1382//1382
f 1384//1384 1421//1421 1422//1422
f 1423//1423 1422//1422 1386//1386
f 1384//1384 1386//1386 1422//1422
f 1422//1422 1386//1386 1384//1384
f 1386//1386 1422//1422 1423//1423
f 1423//1423 1386//1386 1424//1424
f 1388//1388 1424//1424 1386//1386
f 1386//1386 1424//1424 1388//1388
f 1424//1424 1386//1386 1423//1423
f 1424//1424 1388//1388 1425//1425
f 1389//1389 1425//1425 1388//1388
f 1388//1388 1425//1425 1389//1389
f 1425//1425 1388//1388 1424//1424
f 1425//1425 1389//1389 1426//1426
f 1387//1387 1426//1426 1389//1389
f 1389//1389 1426//1426 1387//1387
f 1426//1426 1389//1389 1425//1425
f 1427//1427 1426//1426 1385//1385
f 1387//1387 1385//1385 1426//1426
f 1426//1426 1385//1385 1387//1387
f 1385//1385 1426//1426 1427//1427
f 1428//1428 1427//1427 1383//1383
f 1385//1385 1383//1383 1427//1427
f 1427//1427 1383//1383 1385//1385
f 1383//1383 1427//1427 1428//1428
f 1429//1429 1428//1428 1381//1381
f 1383//1383 1381//1381 1428//1428
f 1428//1428 1381//1381 1383//1383
f 1381//1381 1428//1428 1429//1429
f 1430//1430 1429//1429 1378//1378
f 1381//1381 1378//1378 1429//1429
f 1429//1429 1378//1378 1381//1381
f 1378//1378 1429//1429 1430//1430
f 1431//1431 1430//1430 1375//1375
f 1378//1378 1375//1375 1430//1430
f 1430//1430 1375//1375 1378//1378
f 1375//1375 1430//1430 1431//1431
f 1432//1432 1431//1431 1374//1374
f 1375//1375 1374//1374 1431//1431
f 1431//1431 1374//1374 1375//1375
f 1374//1374 1431//1431 1432//1432
f 1373//1373 1433//1433 1374//1374
f 1432//1432 1374//1374 1433//1433
f 1433//1433 1374//1374 1432//1432
f 1374//1374 1433//1433 1373//1373
f 1371//1371 1434//1434 1373//1373
f 1433//1433 1373//1373 1434//1434
f 1434//1434 1373//1373 1433//1433
f 1373//1373 1434//1434 1371//1371
f 1435//1435 1434//1434 1369//1369
f 1371//1371 1369//1369 1434//1434
f 1434//1434 1369//1369 1371//1371
f 1369//1369 1434//1434 1435//1435
f 1436//1436 1435//1435 1368//1368
f 1369//1369 1368//1368 1435//1435
f 1435//1435 1368//1368 1369//1369
f 1368//1368 1435//1435 1436//1436
f 1437//1437 1436//1436 1366//1366
f 1368//1368 1366//1366 1436//1436
f 1436//1436 1366//1366 1368//1368
f 1366//1366 1436//1436 1437//1437
f 1438//1438 1437//1437 1364//1364
f 1366//1366 1364//1364 1437//1437
f 1437//1437 1364//1364 1366//1366
f 1364//1364 1437//1437 1438//1438
f 1439//1439 1438//1438 1363//1363
f 1364//1364 1363//1363 1438//1438
f 1438//1438 1363//1363 1364//1364
f 1363//1363 1438//1438 1439//1439
f 1439//1439 1363//1363 1440//1440
f 1362//1362 1440//1440 1363//1363
f 1363//1363 1440//1440 1362//1362
f 1440//1440 1363//1363 1439//1439
f 1440//1440 1362//1362 1441//1441
f 1360//1360 1441//1441 1362//1362
f 1362//1362 1441//1441 1360//1360
f 1441//1441 1362//1362 1440//1440
f 1441//1441 1360//1360 1442//1442
f 1359//1359 1442//1442 1360//1360
f 1360//1360 1442//1442 1359//1359
f 1442//1442 1360//1360 1441//1441
f 1442//1442 1359//1359 1391//1391
f 1357//1357 1391//1391 1359//1359
f 1359//1359 1391//1391 1357//1357
f 1391//1391 1359//1359 1442//1442
f 1433//1433 1434//1434 1432//1432
f 1415//1415 1432//1432 1434//1434
f 1416//1416 1432//1432 1415//1415
f 1431//1431 1432//1432 1416//1416
f 1417//1417 1431//1431 1416//1416
f 1418//1418 1431//1431 1417//1417
f 1430//1430 1431//1431 1418//1418
f 1419//1419 1430//1430 1418//1418
f 1420//1420 1430//1430 1419//1419
f 1429//1429 1430//1430 1420//1420
f 1421//1421 1429//1429 1420//1420
f 1428//1428 1429//1429 1421//1421
f 1422//1422 1428//1428 1421//1421
f 1427//1427 1428//1428 1422//1422
f 1426//1426 1427//1427 1422//1422
f 1423//1423 1426//1426 1422//1422
f 1425//1425 1426//1426 1423//1423
f 1424//1424 1425//1425 1423//1423
f 1398//1398 1399//1399 1397//1397
f 1400//1400 1397//1397 1399//1399
f 1401//1401 1397//1397 1400//1400
f 1402//1402 1397//1397 1401//1401
f 1396//1396 1397//1397 1402//1402
f 1403//1403 1396//1396 1402//1402
f 1404//1404 1396//1396 1403//1403
f 1405//1405 1396//1396 1404//1404
f 1406//1406 1396//1396 1405//1405
f 1407//1407 1396//1396 1406//1406
f 1408//1408 1396//1396 1407//1407
f 1409//1409 1396//1396 1408//1408
f 1395//1395 1396//1396 1409//1409
f 1410//1410 1395//1395 1409//1409
f 1394//1394 1395//1395 1410//1410
f 1411//1411 1394//1394 1410//1410
f 1391//1391 1394//1394 1411//1411
f 1393//1393 1394//1394 1391//1391
f 1392//1392 1393//1393 1391//1391
f 1442//1442 1391//1391 1411//1411
f 1441//1441 1442//1442 1411//1411
f 1412//1412 1441//1441 1411//1411
f 1440//1440 1441//1441 1412//1412
f 1439//1439 1440//1440 1412//1412
f 1438//1438 1439//1439 1412//1412
f 1413//1413 1438//1438 1412//1412
f 1437//1437 1438//1438 1413//1413
f 1414//1414 1437//1437 1413//1413
f 1436//1436 1437//1437 1414//1414
f 1435//1435 1436//1436 1414//1414
f 1415//1415 1435//1435 1414//1414
f 1434//1434 1435//1435 1415//1415
f 1415//1415 1435//1435 1434//1434
f 1414//1414 1435//1435 1415//1415
f 1414//1414 1436//1436 1435//1435
f 1414//1414 1437//1437 1436//1436
f 1413//1413 1437//1437 1414//1414
f 1413//1413 1438//1438 1437//1437
f 1412//1412 1438//1438 1413//1413
f 1412//1412 1439//1439 1438//1438
f 1412//1412 1440//1440 1439//1439
f 1412//1412 1441//1441 1440//1440
f 1411//1411 1441//1441 1412//1412
f 1411//1411 1442//1442 1441//1441
f 1411//1411 1391//1391 1442//1442
f 1391//1391 1393//1393 1392//1392
f 1391//1391 1394//1394 1393//1393
f 1411//1411 1394//1394 1391//1391
f 1410//1410 1394//1394 1411//1411
f 1410//1410 1395//1395 1394//1394
f 1409//1409 1395//1395 1410//1410
f 1409//1409 1396//1396 1395//1395
f 1408//1408 1396//1396 1409//1409
f 1407//1407 1396//1396 1408//1408
f 1406//1406 1396//1396 1407//1407
f 1405//1405 1396//1396 1406//1406
f 1404//1404 1396//1396 1405//1405
f 1403//1403 1396//1396 1404//1404
f 1402//1402 1396//1396 1403//1403
f 1402//1402 1397//1397 1396//1396
f 1401//1401 1397//1397 1402//1402
f 1400//1400 1397//1397 1401//1401
f 1399//1399 1397//1397 1400//1400
f 1397//1397 1399//1399 1398//1398
f 1423//1423 1425//1425 1424//1424
f 1423//1423 1426//1426 1425//1425
f 1422//1422 1426//1426 1423//1423
f 1422//1422 1427//1427 1426//1426
f 1422//1422 1428//1428 1427//1427
f 1421//1421 1428//1428 1422//1422
f 1421//1421 1429//1429 1428//1428
f 1420//1420 1429//1429 1421//1421
f 1420//1420 1430//1430 1429//1429
f 1419//1419 1430//1430 1420//1420
f 1418//1418 1430//1430 1419//1419
f 1418//1418 1431//1431 1430//1430
f 1417//1417 1431//1431 1418//1418
f 1416//1416 1431//1431 1417//1417
f 1416//1416 1432//1432 1431//1431
f 1415//1415 1432//1432 1416//1416
f 1434//1434 1432//1432 1415//1415
f 1432//1432 1434//1434 1433//1433
f 1443//1443 1444//1444 1445//1445
f 1446//1446 1445//1445 1444//1444
f 1447//1447 1445//1445 1446//1446
f 1448//1448 1447//1447 1446//1446
f 1449//1449 1448//1448 1446//1446
f 1450//1450 1449//1449 1446//1446
f 1451//1451 1450//1450 1446//1446
f 1452//1452 1450//1450 1451//1451
f 1453//1453 1450//1450 1452//1452
f 1454//1454 1453//1453 1452//1452
f 1455//1455 1453//1453 1454//1454
f 1456//1456 1453//1453 1455//1455
f 1457//1457 1453//1453 1456//1456
f 1458//1458 1453//1453 1457//1457
f 1459//1459 1453//1453 1458//1458
f 1460//1460 1459//1459 1458//1458
f 1461//1461 1460//1460 1458//1458
f 1462//1462 1461//1461 1458//1458
f 1463//1463 1462//1462 1458//1458
f 1464//1464 1462//1462 1463//1463
f 1465//1465 1464//1464 1463//1463
f 1466//1466 1464//1464 1465//1465
f 1467//1467 1464//1464 1466//1466
f 1468//1468 1467//1467 1466//1466
f 1469//1469 1467//1467 1468//1468
f 1470//1470 1467//1467 1469//1469
f 1471//1471 1467//1467 1470//1470
f 1472//1472 1471//1471 1470//1470
f 1473//1473 1472//1472 1470//1470
f 1474//1474 1473//1473 1470//1470
f 1475//1475 1473//1473 1474//1474
f 1476//1476 1473//1473 1475//1475
f 1477//1477 1476//1476 1475//1475
f 1478//1478 1476//1476 1477//1477
f 1479//1479 1478//1478 1477//1477
f 1480//1480 1479//1479 1477//1477
f 1481//1481 1480//1480 1477//1477
f 1482//1482 1481//1481 1477//1477
f 1483//1483 1465//1465 1484//1484
f 1463//1463 1484//1484 1465//1465
f 1485//1485 1486//1486 1487//1487
f 1446//1446 1487//1487 1486//1486
f 1488//1488 1446//1446 1486//1486
f 1451//1451 1446//1446 1488//1488
f 1488//1488 1446//1446 1451//1451
f 1486//1486 1446//1446 1488//1488
f 1486//1486 1487//1487 1446//1446
f 1487//1487 1486//1486 1485//1485
f 1465//1465 1484//1484 1463//1463
f 1484//1484 1465//1465 1483//1483
f 1477//1477 1481//1481 1482//1482
f 1477//1477 1480//1480 1481//1481
f 1477//1477 1479//1479 1480//1480
f 1477//1477 1478//1478 1479//1479
f 1477//1477 1476//1476 1478//1478
f 1475//1475 1476//1476 1477//1477
f 1475//1475 1473//1473 1476//1476
f 1474//1474 1473//1473 1475//1475
f 1470//1470 1473//1473 1474//1474
f 1470//1470 1472//1472 1473//1473
f 1470//1470 1471//1471 1472//1472
f 1470//1470 1467//1467 1471//1471
f 1469//1469 1467//1467 1470//1470
f 1468//1468 1467//1467 1469//1469
f 1466//1466 1467//1467 1468//1468
f 1466//1466 1464//1464 1467//1467
f 1465//1465 1464//1464 1466//1466
f 1463//1463 1464//1464 1465//1465
f 1463//1463 1462//1462 1464//1464
f 1458//1458 1462//1462 1463//1463
f 1458//1458 1461//1461 1462//1462
f 1458//1458 1460//1460 1461//1461
f 1458//1458 1459//1459 1460//1460
f 1458//1458 1453//1453 1459//1459
f 1457//1457 1453//1453 1458//1458
f 1456//1456 1453//1453 1457//1457
f 1455//1455 1453//1453 1456//1456
f 1454//1454 1453//1453 1455//1455
f 1452//1452 1453//1453 1454//1454
f 1452//1452 1450//1450 1453//1453
f 1451//1451 1450//1450 1452//1452
f 1446//1446 1450//1450 1451//1451
f 1446//1446 1449//1449 1450//1450
f 1446//1446 1448//1448 1449//1449
f 1446//1446 1447//1447 1448//1448
f 1446//1446 1445//1445 1447//1447
f 1444//1444 1445//1445 1446//1446
f 1445//1445 1444//1444 1443//1443
f 1467//1467 1489//1489 1464//1464
f 1490//1490 1464//1464 1489//1489
f 1489//1489 1464//1464 1490//1490
f 1464//1464 1489//1489 1467//1467
f 1471//1471 1491//1491 1467//1467
f 1489//1489 1467//1467 1491//1491
f 1491//1491 1467//1467 1489//1489
f 1467//1467 1491//1491 1471//1471
f 1492//1492 1491//1491 1472//1472
f 1471//1471 1472//1472 1491//1491
f 1491//1491 1472//1472 1471//1471
f 1472//1472 1491//1491 1492//1492
f 1493//1493 1492//1492 1473//1473
f 1472//1472 1473//1473 1492//1492
f 1492//1492 1473//1473 1472//1472
f 1473//1473 1492//1492 1493//1493
f 1494//1494 1493//1493 1476//1476
f 1473//1473 1476//1476 1493//1493
f 1493//1493 1476//1476 1473//1473
f 1476//1476 1493//1493 1494//1494
f 1495//1495 1494//1494 1478//1478
f 1476//1476 1478//1478 1494//1494
f 1494//1494 1478//1478 1476//1476
f 1478//1478 1494//1494 1495//1495
f 1496//1496 1495//1495 1479//1479
f 1478//1478 1479//1479 1495//1495
f 1495//1495 1479//1479 1478//1478
f 1479//1479 1495//1495 1496//1496
f 1497//1497 1496//1496 1480//1480
f 1479//1479 1480//1480 1496//1496
f 1496//1496 1480//1480 1479//1479
f 1480//1480 1496//1496 1497//1497
f 1497//1497 1480//1480 1498//1498
f 1481//1481 1498//1498 1480//1480
f 1480//1480 1498//1498 1481//1481
f 1498//1498 1480//1480 1497//1497
f 1498//1498 1481//1481 1499//1499
f 1482//1482 1499//1499 1481//1481
f 1481//1481 1499//1499 1482//1482
f 1499//1499 1481//1481 1498//1498
f 1499//1499 1482//1482 1500//1500
f 1477//1477 1500//1500 1482//1482
f 1482//1482 1500//1500 1477//1477
f 1500//1500 1482//1482 1499//1499
f 1500//1500 1477//1477 1501//1501
f 1475//1475 1501//1501 1477//1477
f 1477//1477 1501//1501 1475//1475
f 1501//1501 1477//1477 1500//1500
f 1501//1501 1475//1475 1502//1502
f 1474//1474 1502//1502 1475//1475
f 1475//1475 1502//1502 1474//1474
f 1502//1502 1475//1475 1501//1501
f 1503//1503 1502//1502 1470//1470
f 1474//1474 1470//1470 1502//1502
f 1502//1502 1470//1470 1474//1474
f 1470//1470 1502//1502 1503//1503
f 1504//1504 1503//1503 1469//1469
f 1470//1470 1469//1469 1503//1503
f 1503//1503 1469//1469 1470//1470
f 1469//1469 1503//1503 1504//1504
f 1505//1505 1504//1504 1468//1468
f 1469//1469 1468//1468 1504//1504
f 1504//1504 1468//1468 1469//1469
f 1468//1468 1504//1504 1505//1505
f 1506//1506 1505//1505 1466//1466
f 1468//1468 1466//1466 1505//1505
f 1505//1505 1466//1466 1468//1468
f 1466//1466 1505//1505 1506//1506
f 1507//1507 1506//1506 1465//1465
f 1466//1466 1465//1465 1506//1506
f 1506//1506 1465//1465 1466//1466
f 1465//1465 1506//1506 1507//1507
f 1483//1483 1508//1508 1465//1465
f 1507//1507 1465//1465 1508//1508
f 1508//1508 1465//1465 1507//1507
f 1465//1465 1508//1508 1483//1483
f 1484//1484 1509//1509 1483//1483
f 1508//1508 1483//1483 1509//1509
f 1509//1509 1483//1483 1508//1508
f 1483//1483 1509//1509 1484//1484
f 1463//1463 1510//1510 1484//1484
f 1509//1509 1484//1484 1510//1510
f 1510//1510 1484//1484 1509//1509
f 1484//1484 1510//1510 1463//1463
f 1458//1458 1511//1511 1463//1463
f 1510//1510 1463//1463 1511//1511
f 1511//1511 1463//1463 1510//1510
f 1463//1463 1511//1511 1458//1458
f 1511//1511 1458//1458 1512//1512
f 1457//1457 1512//1512 1458//1458
f 1458//1458 1512//1512 1457//1457
f 1512//1512 1458//1458 1511//1511
f 1512//1512 1457//1457 1513//1513
f 1456//1456 1513//1513 1457//1457
f 1457//1457 1513//1513 1456//1456
f 1513//1513 1457//1457 1512//1512
f 1514//1514 1513//1513 1455//1455
f 1456//1456 1455//1455 1513//1513
f 1513//1513 1455//1455 1456//1456
f 1455//1455 1513//1513 1514//1514
f 1515//1515 1514//1514 1454//1454
f 1455//1455 1454//1454 1514//1514
f 1514//1514 1454//1454 1455//1455
f 1454//1454 1514//1514 1515//1515
f 1516//1516 1515//1515 1452//1452
f 1454//1454 1452//1452 1515//1515
f 1515//1515 1452//1452 1454//1454
f 1452//1452 1515//1515 1516//1516
f 1517//1517 1516//1516 1451//1451
f 1452//1452 1451//1451 1516//1516
f 1516//1516 1451//1451 1452//1452
f 1451//1451 1516//1516 1517//1517
f 1518//1518 1517//1517 1488//1488
f 1451//1451 1488//1488 1517//1517
f 1517//1517 1488//1488 1451//1451
f 1488//1488 1517//1517 1518//1518
f 1519//1519 1518//1518 1486//1486
f 1488//1488 1486//1486 1518//1518
f 1518//1518 1486//1486 1488//1488
f 1486//1486 1518//1518 1519//1519
f 1485//1485 1520//1520 1486//1486
f 1519//1519 1486//1486 1520//1520
f 1520//1520 1486//1486 1519//1519
f 1486//1486 1520//1520 1485//1485
f 1487//1487 1521//1521 1485//1485
f 1520//1520 1485//1485 1521//1521
f 1521//1521 1485//1485 1520//1520
f 1485//1485 1521//1521 1487//1487
f 1446//1446 1522//1522 1487//1487
f 1521//1521 1487//1487 1522//1522
f 1522//1522 1487//1487 1521//1521
f 1487//1487 1522//1522 1446//1446
f 1444//1444 1523//1523 1446//1446
f 1522//1522 1446//1446 1523//1523
f 1523//1523 1446//1446 1522//1522
f 1446//1446 1523//1523 1444//1444
f 1443//1443 1524//1524 1444//1444
f 1523//1523 1444//1444 1524//1524
f 1524//1524 1444//1444 1523//1523
f 1444//1444 1524//1524 1443//1443
f 1525//1525 1524//1524 1445//1445
f 1443//1443 1445//1445 1524//1524
f 1524//1524 1445//1445 1443//1443
f 1445//1445 1524//1524 1525//1525
f 1526//1526 1525//1525 1447//1447
f 1445//1445 1447//1447 1525//1525
f 1525//1525 1447//1447 1445//1445
f 1447//1447 1525//1525 1526//1526
f 1527//1527 1526//1526 1448//1448
f 1447//1447 1448//1448 1526//1526
f 1526//1526 1448//1448 1447//1447
f 1448//1448 1526//1526 1527//1527
f 1528//1528 1527//1527 1449//1449
f 1448//1448 1449//1449 1527//1527
f 1527//1527 1449//1449 1448//1448
f 1449//1449 1527//1527 1528//1528
f 1528//1528 1449//1449 1529//1529
f 1450//1450 1529//1529 1449//1449
f 1449//1449 1529//1529 1450//1450
f 1529//1529 1449//1449 1528//1528
f 1453//1453 1530//1530 1450//1450
f 1529//1529 1450//1450 1530//1530
f 1530//1530 1450//1450 1529//1529
f 1450//1450 1530//1530 1453//1453
f 1531//1531 1530//1530 1459//1459
f 1453//1453 1459//1459 1530//1530
f 1530//1530 1459//1459 1453//1453
f 1459//1459 1530//1530 1531//1531
f 1532//1532 1531//1531 1460//1460
f 1459//1459 1460//1460 1531//1531
f 1531//1531 1460//1460 1459//1459
f 1460//1460 1531//1531 1532//1532
f 1533//1533 1532//1532 1461//1461
f 1460//1460 1461//1461 1532//1532
f 1532//1532 1461//1461 1460//1460
f 1461//1461 1532//1532 1533//1533
f 1534//1534 1533//1533 1462//1462
f 1461//1461 1462//1462 1533//1533
f 1533//1533 1462//1462 1461//1461
f 1462//1462 1533//1533 1534//1534
f 1534//1534 1462//1462 1490//1490
f 1464//1464 1490//1490 1462//1462
f 1462//1462 1490//1490 1464//1464
f 1490//1490 1462//1462 1534//1534
f 1520//1520 1521//1521 1519//1519
f 1522//1522 1519//1519 1521//1521
f 1518//1518 1519//1519 1522//1522
f 1517//1517 1518//1518 1522//1522
f 1508//1508 1509//1509 1507//1507
f 1510//1510 1507//1507 1509//1509
f 1524//1524 1525//1525 1523//1523
f 1522//1522 1523//1523 1525//1525
f 1526//1526 1522//1522 1525//1525
f 1527//1527 1522//1522 1526//1526
f 1528//1528 1522//1522 1527//1527
f 1529//1529 1522//1522 1528//1528
f 1517//1517 1522//1522 1529//1529
f 1516//1516 1517//1517 1529//1529
f 1530//1530 1516//1516 1529//1529
f 1515//1515 1516//1516 1530//1530
f 1514//1514 1515//1515 1530//1530
f 1513//1513 1514//1514 1530//1530
f 1512//1512 1513//1513 1530//1530
f 1511//1511 1512//1512 1530//1530
f 1531//1531 1511//1511 1530//1530
f 1532//1532 1511//1511 1531//1531
f 1533//1533 1511//1511 1532//1532
f 1534//1534 1511//1511 1533//1533
f 1510//1510 1511//1511 1534//1534
f 1490//1490 1510//1510 1534//1534
f 1507//1507 1510//1510 1490//1490
f 1506//1506 1507//1507 1490//1490
f 1489//1489 1506//1506 1490//1490
f 1505//1505 1506//1506 1489//1489
f 1504//1504 1505//1505 1489//1489
f 1503//1503 1504//1504 1489//1489
f 1491//1491 1503//1503 1489//1489
f 1492//1492 1503//1503 1491//1491
f 1502//1502 1503//1503 1492//1492
f 1493//1493 1502//1502 1492//1492
f 1501//1501 1502//1502 1493//1493
f 1494//1494 1501//1501 1493//1493
f 1500//1500 1501//1501 1494//1494
f 1495//1495 1500//1500 1494//1494
f 1496//1496 1500//1500 1495//1495
f 1497//1497 1500//1500 1496//1496
f 1498//1498 1500//1500 1497//1497
f 1499//1499 1500//1500 1498//1498
f 1498//1498 1500//1500 1499//1499
f 1497//1497 1500//1500 1498//1498
f 1496//1496 1500//1500 1497//1497
f 1495//1495 1500//1500 1496//1496
f 1494//1494 1500//1500 1495//1495
f 1494//1494 1501//1501 1500//1500
f 1493//1493 1501//1501 1494//1494
f 1493//1493 1502//1502 1501//1501
f 1492//1492 1502//1502 1493//1493
f 1492//1492 1503//1503 1502//1502
f 1491//1491 1503//1503 1492//1492
f 1489//1489 1503//1503 1491//1491
f 1489//1489 1504//1504 1503//1503
f 1489//1489 1505//1505 1504//1504
f 1489//1489 1506//1506 1505//1505
f 1490//1490 1506//1506 1489//1489
f 1490//1490 1507//1507 1506//1506
f 1490//1490 1510//1510 1507//1507
f 1534//1534 1510//1510 1490//1490
f 1534//1534 1511//1511 1510//1510
f 1533//1533 1511//1511 1534//1534
f 1532//1532 1511//1511 1533//1533
f 1531//1531 1511//1511 1532//1532
f 1530//1530 1511//1511 1531//1531
f 1530//1530 1512//1512 1511//1511
f 1530//1530 1513//1513 1512//1512
f 1530//1530 1514//1514 1513//1513
f 1530//1530 1515//1515 1514//1514
f 1530//1530 1516//1516 1515//1515
f 1529//1529 1516//1516 1530//1530
f 1529//1529 1517//1517 1516//1516
f 1529//1529 1522//1522 1517//1517
f 1528//1528 1522//1522 1529//1529
f 1527//1527 1522//1522 1528//1528
f 1526//1526 1522//1522 1527//1527
f 1525//1525 1522//1522 1526//1526
f 1525//1525 1523//1523 1522//1522
f 1523//1523 1525//1525 1524//1524
f 1509//1509 1507//1507 1510//1510
f 1507//1507 1509//1509 1508//1508
f 1522//1522 1518//1518 1517//1517
f 1522//1522 1519//1519 1518//1518
f 1521//1521 1519//1519 1522//1522
f 1519//1519 1521//1521 1520//1520
f 1535//1535 1536//1536 1537//1537
f 1538//1538 1539//1539 1540//1540
f 1541//1541 1540//1540 1539//1539
f 1542//1542 1541//1541 1539//1539
f 1543//1543 1542//1542 1539//1539
f 1544//1544 1543//1543 1539//1539
f 1545//1545 1543//1543 1544//1544
f 1536//1536 1545//1545 1544//1544
f 1537//1537 1536//1536 1544//1544
f 1546//1546 1537//1537 1544//1544
f 1547//1547 1546//1546 1544//1544
f 1548//1548 1547//1547 1544//1544
f 1549//1549 1548//1548 1544//1544
f 1550//1550 1548//1548 1549//1549
f 1551//1551 1550//1550 1549//1549
f 1552//1552 1550//1550 1551//1551
f 1553//1553 1552//1552 1551//1551
f 1554//1554 1552//1552 1553//1553
f 1555//1555 1554//1554 1553//1553
f 1556//1556 1554//1554 1555//1555
f 1555//1555 1554//1554 1556//1556
f 1553//1553 1554//1554 1555//1555
f 1553//1553 1552//1552 1554//1554
f 1551//1551 1552//1552 1553//1553
f 1551//1551 1550//1550 1552//1552
f 1549//1549 1550//1550 1551//1551
f 1549//1549 1548//1548 1550//1550
f 1544//1544 1548//1548 1549//1549
f 1544//1544 1547//1547 1548//1548
f 1544//1544 1546//1546 1547//1547
f 1544//1544 1537//1537 1546//1546
f 1544//1544 1536//1536 1537//1537
f 1544//1544 1545//1545 1536//1536
f 1544//1544 1543//1543 1545//1545
f 1539//1539 1543//1543 1544//1544
f 1539//1539 1542//1542 1543//1543
f 1539//1539 1541//1541 1542//1542
f 1539//1539 1540//1540 1541//1541
f 1540//1540 1539//1539 1538//1538
f 1537//1537 1536//1536 1535//1535
f 1540//1540 1557//1557 1538//1538
f 1558//1558 1538//1538 1557//1557
f 1557//1557 1538//1538 1558//1558
f 1538//1538 1557//1557 1540//1540
f 1559//1559 1557//1557 1541//1541
f 1540//1540 1541//1541 1557//1557
f 1557//1557 1541//1541 1540//1540
f 1541//1541 1557//1557 1559//1559
f 1560//1560 1559//1559 1542//1542
f 1541//1541 1542//1542 1559//1559
f 1559//1559 1542//1542 1541//1541
f 1542//1542 1559//1559 1560//1560
f 1561//1561 1560//1560 1543//1543
f 1542//1542 1543//1543 1560//1560
f 1560//1560 1543//1543 1542//1542
f 1543//1543 1560//1560 1561//1561
f 1545//1545 1562//1562 1543//1543
f 1561//1561 1543//1543 1562//1562
f 1562//1562 1543//1543 1561//1561
f 1543//1543 1562//1562 1545//1545
f 1536//1536 1563//1563 1545//1545
f 1562//1562 1545//1545 1563//1563
f 1563//1563 1545//1545 1562//1562
f 1545//1545 1563//1563 1536//1536
f 1535//1535 1564//1564 1536//1536
f 1563//1563 1536//1536 1564//1564
f 1564//1564 1536//1536 1563//1563
f 1536//1536 1564//1564 1535//1535
f 1537//1537 1565//1565 1535//1535
f 1564//1564 1535//1535 1565//1565
f 1565//1565 1535//1535 1564//1564
f 1535//1535 1565//1565 1537//1537
f 1566//1566 1565//1565 1546//1546
f 1537//1537 1546//1546 1565//1565
f 1565//1565 1546//1546 1537//1537
f 1546//1546 1565//1565 1566//1566
f 1567//1567 1566//1566 1547//1547
f 1546//1546 1547//1547 1566//1566
f 1566//1566 1547//1547 1546//1546
f 1547//1547 1566//1566 1567//1567
f 1568//1568 1567//1567 1548//1548
f 1547//1547 1548//1548 1567//1567
f 1567//1567 1548//1548 1547//1547
f 1548//1548 1567//1567 1568//1568
f 1569//1569 1568//1568 1550//1550
f 1548//1548 1550//1550 1568//1568
f 1568//1568 1550//1550 1548//1548
f 1550//1550 1568//1568 1569//1569
f 1570//1570 1569//1569 1552//1552
f 1550//1550 1552//1552 1569//1569
f 1569//1569 1552//1552 1550//1550
f 1552//1552 1569//1569 1570//1570
f 1571//1571 1570//1570 1554//1554
f 1552//1552 1554//1554 1570//1570
f 1570//1570 1554//1554 1552//1552
f 1554//1554 1570//1570 1571//1571
f 1571//1571 1554//1554 1572//1572
f 1556//1556 1572//1572 1554//1554
f 1554//1554 1572//1572 1556//1556
f 1572//1572 1554//1554 1571//1571
f 1572//1572 1556//1556 1573//1573
f 1555//1555 1573//1573 1556//1556
f 1556//1556 1573//1573 1555//1555
f 1573//1573 1556//1556 1572//1572
f 1573//1573 1555//1555 1574//1574
f 1553//1553 1574//1574 1555//1555
f 1555//1555 1574//1574 1553//1553
f 1574//1574 1555//1555 1573//1573
f 1575//1575 1574//1574 1551//1551
f 1553//1553 1551//1551 1574//1574
f 1574//1574 1551//1551 1553//1553
f 1551//1551 1574//1574 1575//1575
f 1576//1576 1575//1575 1549//1549
f 1551//1551 1549//1549 1575//1575
f 1575//1575 1549//1549 1551//1551
f 1549//1549 1575//1575 1576//1576
f 1577//1577 1576//1576 1544//1544
f 1549//1549 1544//1544 1576//1576
f 1576//1576 1544//1544 1549//1549
f 1544//1544 1576//1576 1577//1577
f 1578//1578 1577//1577 1539//1539
f 1544//1544 1539//1539 1577//1577
f 1577//1577 1539//1539 1544//1544
f 1539//1539 1577//1577 1578//1578
f 1558//1558 1578//1578 1538//1538
f 1539//1539 1538//1538 1578//1578
f 1578//1578 1538//1538 1539//1539
f 1538//1538 1578//1578 1558//1558
f 1558//1558 1557//1557 1578//1578
f 1559//1559 1578//1578 1557//1557
f 1560//1560 1578//1578 1559//1559
f 1561//1561 1578//1578 1560//1560
f 1577//1577 1578//1578 1561//1561
f 1562//1562 1577//1577 1561//1561
f 1563//1563 1577//1577 1562//1562
f 1564//1564 1577//1577 1563//1563
f 1565//1565 1577//1577 1564//1564
f 1566//1566 1577//1577 1565//1565
f 1567//1567 1577//1577 1566//1566
f 1568//1568 1577//1577 1567//1567
f 1576//1576 1577//1577 1568//1568
f 1569//1569 1576//1576 1568//1568
f 1575//1575 1576//1576 1569//1569
f 1570//1570 1575//1575 1569//1569
f 1574//1574 1575//1575 1570//1570
f 1571//1571 1574//1574 1570//1570
f 1573//1573 1574//1574 1571//1571
f 1572//1572 1573//1573 1571//1571
f 1571//1571 1573//1573 1572//1572
f 1571//1571 1574//1574 1573//1573
f 1570//1570 1574//1574 1571//1571
f 1570//1570 1575//1575 1574//1574
f 1569//1569 1575//1575 1570//1570
f 1569//1569 1576//1576 1575//1575
f 1568//1568 1576//1576 1569//1569
f 1568//1568 1577//1577 1576//1576
f 1567//1567 1577//1577 1568//1568
f 1566//1566 1577//1577 1567//1567
f 1565//1565 1577//1577 1566//1566
f 1564//1564 1577//1577 1565//1565
f 1563//1563 1577//1577 1564//1564
f 1562//1562 1577//1577 1563//1563
f 1561//1561 1577//1577 1562//1562
f 1561//1561 1578//1578 1577//1577
f 1560//1560 1578//1578 1561//1561
f 1559//1559 1578//1578 1560//1560
f 1557//1557 1578//1578 1559//1559
f 1578//1578 1557//1557 1558//1558
f 1579//1579 1580//1580 1581//1581
f 1582//1582 1581//1581 1580//1580
f 1583//1583 1582//1582 1580//1580
f 1584//1584 1582//1582 1583//1583
f 1585//1585 1582//1582 1586//1586
f 1587//1587 1586//1586 1582//1582
f 1584//1584 1587//1587 1582//1582
f 1588//1588 1587//1587 1584//1584
f 1589//1589 1587//1587 1588//1588
f 1590//1590 1589//1589 1588//1588
f 1591//1591 1589//1589 1590//1590
f 1588//1588 1592//1592 1590//1590
f 1593//1593 1590//1590 1592//1592
f 1594//1594 1593//1593 1592//1592
f 1595//1595 1593//1593 1594//1594
f 1596//1596 1593//1593 1595//1595
f 1597//1597 1593//1593 1596//1596
f 1598//1598 1597//1597 1596//1596
f 1599//1599 1598//1598 1596//1596
f 1600//1600 1601//1601 1596//1596
f 1602//1602 1596//1596 1601//1601
f 1599//1599 1596//1596 1602//1602
f 1603//1603 1599//1599 1602//1602
f 1604//1604 1603//1603 1602//1602
f 1605//1605 1603//1603 1604//1604
f 1606//1606 1603//1603 1605//1605
f 1607//1607 1605//1605 1604//1604
f 1604//1604 1605//1605 1607//1607
f 1605//1605 1603//1603 1606//1606
f 1604//1604 1603//1603 1605//1605
f 1602//1602 1603//1603 1604//1604
f 1602//1602 1599//1599 1603//1603
f 1602//1602 1596//1596 1599//1599
f 1601//1601 1596//1596 1602//1602
f 1596//1596 1601//1601 1600//1600
f 1596//1596 1598//1598 1599//1599
f 1596//1596 1597//1597 1598//1598
f 1596//1596 1593//1593 1597//1597
f 1595//1595 1593//1593 1596//1596
f 1594//1594 1593//1593 1595//1595
f 1592//1592 1593//1593 1594//1594
f 1592//1592 1590//1590 1593//1593
f 1590//1590 1592//1592 1588//1588
f 1590//1590 1589//1589 1591//1591
f 1588//1588 1589//1589 1590//1590
f 1588//1588 1587//1587 1589//1589
f 1584//1584 1587//1587 1588//1588
f 1582//1582 1587//1587 1584//1584
f 1582//1582 1586//1586 1587//1587
f 1586//1586 1582//1582 1585//1585
f 1583//1583 1582//1582 1584//1584
f 1580//1580 1582//1582 1583//1583
f 1580//1580 1581//1581 1582//1582
f 1581//1581 1580//1580 1579//1579
f 1608//1608 1609//1609 1588//1588
f 1592//1592 1588//1588 1609//1609
f 1609//1609 1588//1588 1592//1592
f 1588//1588 1609//1609 1608//1608
f 1610//1610 1608//1608 1584//1584
f 1588//1588 1584//1584 1608//1608
f 1608//1608 1584//1584 1588//1588
f 1584//1584 1608//1608 1610//1610
f 1611//1611 1610//1610 1583//1583
f 1584//1584 1583//1583 1610//1610
f 1610//1610 1583//1583 1584//1584
f 1583//1583 1610//1610 1611//1611
f 1612//1612 1611//1611 1580//1580
f 1583//1583 1580//1580 1611//1611
f 1611//1611 1580//1580 1583//1583
f 1580//1580 1611//1611 1612//1612
f 1613//1613 1612//1612 1579//1579
f 1580//1580 1579//1579 1612//1612
f 1612//1612 1579//1579 1580//1580
f 1579//1579 1612//1612 1613//1613
f 1581//1581 1614//1614 1579//1579
f 1613//1613 1579//1579 1614//1614
f 1614//1614 1579//1579 1613//1613
f 1579//1579 1614//1614 1581//1581
f 1582//1582 1615//1615 1581//1581
f 1614//1614 1581//1581 1615//1615
f 1615//1615 1581//1581 1614//1614
f 1581//1581 1615//1615 1582//1582
f 1585//1585 1616//1616 1582//1582
f 1615//1615 1582//1582 1616//1616
f 1616//1616 1582//1582 1615//1615
f 1582//1582 1616//1616 1585//1585
f 1617//1617 1616//1616 1586//1586
f 1585//1585 1586//1586 1616//1616
f 1616//1616 1586//1586 1585//1585
f 1586//1586 1616//1616 1617//1617
f 1618//1618 1617//1617 1587//1587
f 1586//1586 1587//1587 1617//1617
f 1617//1617 1587//1587 1586//1586
f 1587//1587 1617//1617 1618//1618
f 1619//1619 1618//1618 1589//1589
f 1587//1587 1589//1589 1618//1618
f 1618//1618 1589//1589 1587//1587
f 1589//1589 1618//1618 1619//1619
f 1620//1620 1619//1619 1591//1591
f 1589//1589 1591//1591 1619//1619
f 1619//1619 1591//1591 1589//1589
f 1591//1591 1619//1619 1620//1620
f 1620//1620 1591//1591 1621//1621
f 1590//1590 1621//1621 1591//1591
f 1591//1591 1621//1621 1590//1590
f 1621//1621 1591//1591 1620//1620
f 1593//1593 1622//1622 1590//1590
f 1621//1621 1590//1590 1622//1622
f 1622//1622 1590//1590 1621//1621
f 1590//1590 1622//1622 1593//1593
f 1597//1597 1623//1623 1593//1593
f 1622//1622 1593//1593 1623//1623
f 1623//1623 1593//1593 1622//1622
f 1593//1593 1623//1623 1597//1597
f 1624//1624 1623//1623 1598//1598
f 1597//1597 1598//1598 1623//1623
f 1623//1623 1598//1598 1597//1597
f 1598//1598 1623//1623 1624//1624
f 1625//1625 1624//1624 1599//1599
f 1598//1598 1599//1599 1624//1624
f 1624//1624 1599//1599 1598//1598
f 1599//1599 1624//1624 1625//1625
f 1626//1626 1625//1625 1603//1603
f 1599//1599 1603//1603 1625//1625
f 1625//1625 1603//1603 1599//1599
f 1603//1603 1625//1625 1626//1626
f 1627//1627 1626//1626 1606//1606
f 1603//1603 1606//1606 1626//1626
f 1626//1626 1606//1606 1603//1603
f 1606//1606 1626//1626 1627//1627
f 1627//1627 1606//1606 1628//1628
f 1605//1605 1628//1628 1606//1606
f 1606//1606 1628//1628 1605//1605
f 1628//1628 1606//1606 1627//1627
f 1628//1628 1605//1605 1629//1629
f 1607//1607 1629//1629 1605//1605
f 1605//1605 1629//1629 1607//1607
f 1629//1629 1605//1605 1628//1628
f 1630//1630 1629//1629 1604//1604
f 1607//1607 1604//1604 1629//1629
f 1629//1629 1604//1604 1607//1607
f 1604//1604 1629//1629 1630//1630
f 1631//1631 1630//1630 1602//1602
f 1604//1604 1602//1602 1630//1630
f 1630//1630 1602//1602 1604//1604
f 1602//1602 1630//1630 1631//1631
f 1632//1632 1631//1631 1601//1601
f 1602//1602 1601//1601 1631//1631
f 1631//1631 1601//1601 1602//1602
f 1601//1601 1631//1631 1632//1632
f 1633//1633 1632//1632 1600//1600
f 1601//1601 1600//1600 1632//1632
f 1632//1632 1600//1600 1601//1601
f 1600//1600 1632//1632 1633//1633
f 1596//1596 1634//1634 1600//1600
f 1633//1633 1600//1600 1634//1634
f 1634//1634 1600//1600 1633//1633
f 1600//1600 1634//1634 1596//1596
f 1634//1634 1596//1596 1635//1635
f 1595//1595 1635//1635 1596//1596
f 1596//1596 1635//1635 1595//1595
f 1635//1635 1596//1596 1634//1634
f 1635//1635 1595//1595 1636//1636
f 1594//1594 1636//1636 1595//1595
f 1595//1595 1636//1636 1594//1594
f 1636//1636 1595//1595 1635//1635
f 1609//1609 1636//1636 1592//1592
f 1594//1594 1592//1592 1636//1636
f 1636//1636 1592//1592 1594//1594
f 1592//1592 1636//1636 1609//1609
f 1613//1613 1614//1614 1612//1612
f 1615//1615 1612//1612 1614//1614
f 1611//1611 1612//1612 1615//1615
f 1610//1610 1611//1611 1615//1615
f 1608//1608 1621//1621 1609//1609
f 1622//1622 1609//1609 1621//1621
f 1636//1636 1609//1609 1622//1622
f 1635//1635 1636//1636 1622//1622
f 1634//1634 1635//1635 1622//1622
f 1623//1623 1634//1634 1622//1622
f 1624//1624 1634//1634 1623//1623
f 1625//1625 1634//1634 1624//1624
f 1616//1616 1617//1617 1615//1615
f 1618//1618 1615//1615 1617//1617
f 1610//1610 1615//1615 1618//1618
f 1608//1608 1610//1610 1618//1618
f 1619//1619 1608//1608 1618//1618
f 1621//1621 1608//1608 1619//1619
f 1620//1620 1621//1621 1619//1619
f 1633//1633 1634//1634 1632//1632
f 1631//1631 1632//1632 1634//1634
f 1625//1625 1631//1631 1634//1634
f 1626//1626 1631//1631 1625//1625
f 1630//1630 1631//1631 1626//1626
f 1628//1628 1630//1630 1626//1626
f 1629//1629 1630//1630 1628//1628
f 1628//1628 1626//1626 1627//1627
f 1627//1627 1626//1626 1628//1628
f 1628//1628 1630//1630 1629//1629
f 1626//1626 1630//1630 1628//1628
f 1626//1626 1631//1631 1630//1630
f 1625//1625 1631//1631 1626//1626
f 1634//1634 1631//1631 1625//1625
f 1634//1634 1632//1632 1631//1631
f 1632//1632 1634//1634 1633//1633
f 1619//1619 1621//1621 1620//1620
f 1619//1619 1608//1608 1621//1621
f 1618//1618 1608//1608 1619//1619
f 1618//1618 1610//1610 1608//1608
f 1618//1618 1615//1615 1610//1610
f 1617//1617 1615//1615 1618//1618
f 1615//1615 1617//1617 1616//1616
f 1624//1624 1634//1634 1625//1625
f 1623//1623 1634//1634 1624//1624
f 1622//1622 1634//1634 1623//1623
f 1622//1622 1635//1635 1634//1634
f 1622//1622 1636//1636 1635//1635
f 1622//1622 1609//1609 1636//1636
f 1621//1621 1609//1609 1622//1622
f 1609//1609 1621//1621 1608//1608
f 1615//1615 1611//1611 1610//1610
f 1615//1615 1612//1612 1611//1611
f 1614//1614 1612//1612 1615//1615
f 1612//1612 1614//1614 1613//1613
f 1637//1637 1638//1638 1639//1639
f 1640//1640 1641//1641 1642//1642
f 1643//1643 1642//1642 1641//1641
f 1644//1644 1643//1643 1641//1641
f 1645//1645 1644//1644 1641//1641
f 1646//1646 1644//1644 1645//1645
f 1638//1638 1646//1646 1645//1645
f 1639//1639 1638//1638 1645//1645
f 1647//1647 1639//1639 1645//1645
f 1648//1648 1647//1647 1645//1645
f 1649//1649 1647//1647 1648//1648
f 1650//1650 1649//1649 1648//1648
f 1651//1651 1650//1650 1648//1648
f 1652//1652 1649//1649 1650//1650
f 1653//1653 1649//1649 1652//1652
f 1654//1654 1649//1649 1653//1653
f 1655//1655 1654//1654 1653//1653
f 1656//1656 1654//1654 1655//1655
f 1657//1657 1654//1654 1656//1656
f 1658//1658 1654//1654 1657//1657
f 1659//1659 1658//1658 1657//1657
f 1660//1660 1658//1658 1659//1659
f 1661//1661 1660//1660 1659//1659
f 1662//1662 1660//1660 1661//1661
f 1663//1663 1662//1662 1661//1661
f 1664//1664 1662//1662 1663//1663
f 1665//1665 1662//1662 1664//1664
f 1666//1666 1665//1665 1664//1664
f 1667//1667 1666//1666 1664//1664
f 1668//1668 1667//1667 1664//1664
f 1669//1669 1667//1667 1668//1668
f 1670//1670 1669//1669 1668//1668
f 1671//1671 1672//1672 1673//1673
f 1674//1674 1673//1673 1672//1672
f 1675//1675 1673//1673 1674//1674
f 1676//1676 1673//1673 1675//1675
f 1677//1677 1673//1673 1676//1676
f 1678//1678 1673//1673 1677//1677
f 1679//1679 1673//1673 1678//1678
f 1680//1680 1679//1679 1678//1678
f 1681//1681 1682//1682 1651//1651
f 1683//1683 1651//1651 1682//1682
f 1684//1684 1651//1651 1683//1683
f 1685//1685 1651//1651 1684//1684
f 1650//1650 1651//1651 1685//1685
f 1671//1671 1650//1650 1685//1685
f 1672//1672 1671//1671 1685//1685
f 1686//1686 1682//1682 1681//1681
f 1687//1687 1686//1686 1681//1681
f 1688//1688 1687//1687 1681//1681
f 1689//1689 1688//1688 1681//1681
f 1690//1690 1689//1689 1681//1681
f 1691//1691 1689//1689 1690//1690
f 1692//1692 1691//1691 1690//1690
f 1693//1693 1691//1691 1692//1692
f 1694//1694 1693//1693 1692//1692
f 1695//1695 1694//1694 1692//1692
f 1696//1696 1694//1694 1695//1695
f 1697//1697 1694//1694 1696//1696
f 1698//1698 1694//1694 1697//1697
f 1699//1699 1694//1694 1698//1698
f 1700//1700 1694//1694 1699//1699
f 1699//1699 1694//1694 1700//1700
f 1698//1698 1694//1694 1699//1699
f 1697//1697 1694//1694 1698//1698
f 1696//1696 1694//1694 1697//1697
f 1695//1695 1694//1694 1696//1696
f 1692//1692 1694//1694 1695//1695
f 1692//1692 1693//1693 1694//1694
f 1692//1692 1691//1691 1693//1693
f 1690//1690 1691//1691 1692//1692
f 1690//1690 1689//1689 1691//1691
f 1681//1681 1689//1689 1690//1690
f 1681//1681 1688//1688 1689//1689
f 1681//1681 1687//1687 1688//1688
f 1681//1681 1686//1686 1687//1687
f 1681//1681 1682//1682 1686//1686
f 1685//1685 1671//1671 1672//1672
f 1685//1685 1650//1650 1671//1671
f 1685//1685 1651//1651 1650//1650
f 1684//1684 1651//1651 1685//1685
f 1683//1683 1651//1651 1684//1684
f 1682//1682 1651//1651 1683//1683
f 1651//1651 1682//1682 1681//1681
f 1678//1678 1679//1679 1680//1680
f 1678//1678 1673//1673 1679//1679
f 1677//1677 1673//1673 1678//1678
f 1676//1676 1673//1673 1677//1677
f 1675//1675 1673//1673 1676//1676
f 1674//1674 1673//1673 1675//1675
f 1672//1672 1673//1673 1674//1674
f 1673//1673 1672//1672 1671//1671
f 1668//1668 1669//1669 1670//1670
f 1668//1668 1667//1667 1669//1669
f 1664//1664 1667//1667 1668//1668
f 1664//1664 1666//1666 1667//1667
f 1664//1664 1665//1665 1666//1666
f 1664//1664 1662//1662 1665//1665
f 1663//1663 1662//1662 1664//1664
f 1661//1661 1662//1662 1663//1663
f 1661//1661 1660//1660 1662//1662
f 1659//1659 1660//1660 1661//1661
f 1659//1659 1658//1658 1660//1660
f 1657//1657 1658//1658 1659//1659
f 1657//1657 1654//1654 1658//1658
f 1656//1656 1654//1654 1657//1657
f 1655//1655 1654//1654 1656//1656
f 1653//1653 1654//1654 1655//1655
f 1653//1653 1649//1649 1654//1654
f 1652//1652 1649//1649 1653//1653
f 1650//1650 1649//1649 1652//1652
f 1648//1648 1650//1650 1651//1651
f 1648//1648 1649//1649 1650//1650
f 1648//1648 1647//1647 1649//1649
f 1645//1645 1647//1647 1648//1648
f 1645//1645 1639//1639 1647//1647
f 1645//1645 1638//1638 1639//1639
f 1645//1645 1646//1646 1638//1638
f 1645//1645 1644//1644 1646//1646
f 1641//1641 1644//1644 1645//1645
f 1641//1641 1643//1643 1644//1644
f 1641//1641 1642//1642 1643//1643
f 1642//1642 1641//1641 1640//1640
f 1639//1639 1638//1638 1637//1637
f 1701//1701 1650//1650 1702//1702
f 1671//1671 1702//1702 1650//1650
f 1650//1650 1702//1702 1671//1671
f 1702//1702 1650//1650 1701//1701
f 1703//1703 1702//1702 1673//1673
f 1671//1671 1673//1673 1702//1702
f 1702//1702 1673//1673 1671//1671
f 1673//1673 1702//1702 1703//1703
f 1703//1703 1673//1673 1704//1704
f 1679//1679 1704//1704 1673//1673
f 1673//1673 1704//1704 1679//1679
f 1704//1704 1673//1673 1703//1703
f 1704//1704 1679//1679 1705//1705
f 1680//1680 1705//1705 1679//1679
f 1679//1679 1705//1705 1680//1680
f 1705//1705 1679//1679 1704//1704
f 1705//1705 1680//1680 1706//1706
f 1678//1678 1706//1706 1680//1680
f 1680//1680 1706//1706 1678//1678
f 1706//1706 1680//1680 1705//1705
f 1707//1707 1706//1706 1677//1677
f 1678//1678 1677//1677 1706//1706
f 1706//1706 1677//1677 1678//1678
f 1677//1677 1706//1706 1707//1707
f 1708//1708 1707//1707 1676//1676
f 1677//1677 1676//1676 1707//1707
f 1707//1707 1676//1676 1677//1677
f 1676//1676 1707//1707 1708//1708
f 1709//1709 1708//1708 1675//1675
f 1676//1676 1675//1675 1708//1708
f 1708//1708 1675//1675 1676//1676
f 1675//1675 1708//1708 1709//1709
f 1710//1710 1709//1709 1674//1674
f 1675//1675 1674//1674 1709//1709
f 1709//1709 1674//1674 1675//1675
f 1674//1674 1709//1709 1710//1710
f 1711//1711 1710//1710 1672//1672
f 1674//1674 1672//1672 1710//1710
f 1710//1710 1672//1672 1674//1674
f 1672//1672 1710//1710 1711//1711
f 1711//1711 1672//1672 1712//1712
f 1685//1685 1712//1712 1672//1672
f 1672//1672 1712//1712 1685//1685
f 1712//1712 1672//1672 1711//1711
f 1712//1712 1685//1685 1713//1713
f 1684//1684 1713//1713 1685//1685
f 1685//1685 1713//1713 1684//1684
f 1713//1713 1685//1685 1712//1712
f 1713//1713 1684//1684 1714//1714
f 1683//1683 1714//1714 1684//1684
f 1684//1684 1714//1714 1683//1683
f 1714//1714 1684//1684 1713//1713
f 1715//1715 1714//1714 1682//1682
f 1683//1683 1682//1682 1714//1714
f 1714//1714 1682//1682 1683//1683
f 1682//1682 1714//1714 1715//1715
f 1716//1716 1715//1715 1686//1686
f 1682//1682 1686//1686 1715//1715
f 1715//1715 1686//1686 1682//1682
f 1686//1686 1715//1715 1716//1716
f 1717//1717 1716//1716 1687//1687
f 1686//1686 1687//1687 1716//1716
f 1716//1716 1687//1687 1686//1686
f 1687//1687 1716//1716 1717//1717
f 1718//1718 1717//1717 1688//1688
f 1687//1687 1688//1688 1717//1717
f 1717//1717 1688//1688 1687//1687
f 1688//1688 1717//1717 1718//1718
f 1719//1719 1718//1718 1689//1689
f 1688//1688 1689//1689 1718//1718
f 1718//1718 1689//1689 1688//1688
f 1689//1689 1718//1718 1719//1719
f 1691//1691 1720//1720 1689//1689
f 1719//1719 1689//1689 1720//1720
f 1720//1720 1689//1689 1719//1719
f 1689//1689 1720//1720 1691//1691
f 1693//1693 1721//1721 1691//1691
f 1720//1720 1691//1691 1721//1721
f 1721//1721 1691//1691 1720//1720
f 1691//1691 1721//1721 1693//1693
f 1722//1722 1721//1721 1694//1694
f 1693//1693 1694//1694 1721//1721
f 1721//1721 1694//1694 1693//1693
f 1694//1694 1721//1721 1722//1722
f 1722//1722 1694//1694 1723//1723
f 1700//1700 1723//1723 1694//1694
f 1694//1694 1723//1723 1700//1700
f 1723//1723 1694//1694 1722//1722
f 1723//1723 1700//1700 1724//1724
f 1699//1699 1724//1724 1700//1700
f 1700//1700 1724//1724 1699//1699
f 1724//1724 1700//1700 1723//1723
f 1724//1724 1699//1699 1725//1725
f 1698//1698 1725//1725 1699//1699
f 1699//1699 1725//1725 1698//1698
f 1725//1725 1699//1699 1724//1724
f 1725//1725 1698//1698 1726//1726
f 1697//1697 1726//1726 1698//1698
f 1698//1698 1726//1726 1697//1697
f 1726//1726 1698//1698 1725//1725
f 1726//1726 1697//1697 1727//1727
f 1696//1696 1727//1727 1697//1697
f 1697//1697 1727//1727 1696//1696
f 1727//1727 1697//1697 1726//1726
f 1727//1727 1696//1696 1728//1728
f 1695//1695 1728//1728 1696//1696
f 1696//1696 1728//1728 1695//1695
f 1728//1728 1696//1696 1727//1727
f 1729//1729 1728//1728 1692//1692
f 1695//1695 1692//1692 1728//1728
f 1728//1728 1692//1692 1695//1695
f 1692//1692 1728//1728 1729//1729
f 1730//1730 1729//1729 1690//1690
f 1692//1692 1690//1690 1729//1729
f 1729//1729 1690//1690 1692//1692
f 1690//1690 1729//1729 1730//1730
f 1731//1731 1730//1730 1681//1681
f 1690//1690 1681//1681 1730//1730
f 1730//1730 1681//1681 1690//1690
f 1681//1681 1730//1730 1731//1731
f 1732//1732 1731//1731 1651//1651
f 1681//1681 1651//1651 1731//1731
f 1731//1731 1651//1651 1681//1681
f 1651//1651 1731//1731 1732//1732
f 1733//1733 1732//1732 1648//1648
f 1651//1651 1648//1648 1732//1732
f 1732//1732 1648//1648 1651//1651
f 1648//1648 1732//1732 1733//1733
f 1734//1734 1733//1733 1645//1645
f 1648//1648 1645//1645 1733//1733
f 1733//1733 1645//1645 1648//1648
f 1645//1645 1733//1733 1734//1734
f 1735//1735 1734//1734 1641//1641
f 1645//1645 1641//1641 1734//1734
f 1734//1734 1641//1641 1645//1645
f 1641//1641 1734//1734 1735//1735
f 1736//1736 1735//1735 1640//1640
f 1641//1641 1640//1640 1735//1735
f 1735//1735 1640//1640 1641//1641
f 1640//1640 1735//1735 1736//1736
f 1642//1642 1737//1737 1640//1640
f 1736//1736 1640//1640 1737//1737
f 1737//1737 1640//1640 1736//1736
f 1640//1640 1737//1737 1642//1642
f 1738//1738 1737//1737 1643//1643
f 1642//1642 1643//1643 1737//1737
f 1737//1737 1643//1643 1642//1642
f 1643//1643 1737//1737 1738//1738
f 1739//1739 1738//1738 1644//1644
f 1643//1643 1644//1644 1738//1738
f 1738//1738 1644//1644 1643//1643
f 1644//1644 1738//1738 1739//1739
f 1646//1646 1740//1740 1644//1644
f 1739//1739 1644//1644 1740//1740
f 1740//1740 1644//1644 1739//1739
f 1644//1644 1740//1740 1646//1646
f 1638//1638 1741//1741 1646//1646
f 1740//1740 1646//1646 1741//1741
f 1741//1741 1646//1646 1740//1740
f 1646//1646 1741//1741 1638//1638
f 1637//1637 1742//1742 1638//1638
f 1741//1741 1638//1638 1742//1742
f 1742//1742 1638//1638 1741//1741
f 1638//1638 1742//1742 1637//1637
f 1639//1639 1743//1743 1637//1637
f 1742//1742 1637//1637 1743//1743
f 1743//1743 1637//1637 1742//1742
f 1637//1637 1743//1743 1639//1639
f 1744//1744 1743//1743 1647//1647
f 1639//1639 1647//1647 1743//1743
f 1743//1743 1647//1647 1639//1639
f 1647//1647 1743//1743 1744//1744
f 1745//1745 1744//1744 1649//1649
f 1647//1647 1649//1649 1744//1744
f 1744//1744 1649//1649 1647//1647
f 1649//1649 1744//1744 1745//1745
f 1746//1746 1745//1745 1654//1654
f 1649//1649 1654//1654 1745//1745
f 1745//1745 1654//1654 1649//1649
f 1654//1654 1745//1745 1746//1746
f 1747//1747 1746//1746 1658//1658
f 1654//1654 1658//1658 1746//1746
f 1746//1746 1658//1658 1654//1654
f 1658//1658 1746//1746 1747//1747
f 1748//1748 1747//1747 1660//1660
f 1658//1658 1660//1660 1747//1747
f 1747//1747 1660//1660 1658//1658
f 1660//1660 1747//1747 1748//1748
f 1749//1749 1748//1748 1662//1662
f 1660//1660 1662//1662 1748//1748
f 1748//1748 1662//1662 1660//1660
f 1662//1662 1748//1748 1749//1749
f 1750//1750 1749//1749 1665//1665
f 1662//1662 1665//1665 1749//1749
f 1749//1749 1665//1665 1662//1662
f 1665//1665 1749//1749 1750//1750
f 1750//1750 1665//1665 1751//1751
f 1666//1666 1751//1751 1665//1665
f 1665//1665 1751//1751 1666//1666
f 1751//1751 1665//1665 1750//1750
f 1751//1751 1666//1666 1752//1752
f 1667//1667 1752//1752 1666//1666
f 1666//1666 1752//1752 1667//1667
f 1752//1752 1666//1666 1751//1751
f 1752//1752 1667//1667 1753//1753
f 1669//1669 1753//1753 1667//1667
f 1667//1667 1753//1753 1669//1669
f 1753//1753 1667//1667 1752//1752
f 1753//1753 1669//1669 1754//1754
f 1670//1670 1754//1754 1669//1669
f 1669//1669 1754//1754 1670//1670
f 1754//1754 1669//1669 1753//1753
f 1754//1754 1670//1670 1755//1755
f 1668//1668 1755//1755 1670//1670
f 1670//1670 1755//1755 1668//1668
f 1755//1755 1670//1670 1754//1754
f 1756//1756 1755//1755 1664//1664
f 1668//1668 1664//1664 1755//1755
f 1755//1755 1664//1664 1668//1668
f 1664//1664 1755//1755 1756//1756
f 1663//1663 1757//1757 1664//1664
f 1756//1756 1664//1664 1757//1757
f 1757//1757 1664//1664 1756//1756
f 1664//1664 1757//1757 1663//1663
f 1661//1661 1758//1758 1663//1663
f 1757//1757 1663//1663 1758//1758
f 1758//1758 1663//1663 1757//1757
f 1663//1663 1758//1758 1661//1661
f 1759//1759 1758//1758 1659//1659
f 1661//1661 1659//1659 1758//1758
f 1758//1758 1659//1659 1661//1661
f 1659//1659 1758//1758 1759//1759
f 1760//1760 1759//1759 1657//1657
f 1659//1659 1657//1657 1759//1759
f 1759//1759 1657//1657 1659//1659
f 1657//1657 1759//1759 1760//1760
f 1761//1761 1760//1760 1656//1656
f 1657//1657 1656//1656 1760//1760
f 1760//1760 1656//1656 1657//1657
f 1656//1656 1760//1760 1761//1761
f 1762//1762 1761//1761 1655//1655
f 1656//1656 1655//1655 1761//1761
f 1761//1761 1655//1655 1656//1656
f 1655//1655 1761//1761 1762//1762
f 1763//1763 1762//1762 1653//1653
f 1655//1655 1653//1653 1762//1762
f 1762//1762 1653//1653 1655//1655
f 1653//1653 1762//1762 1763//1763
f 1763//1763 1653//1653 1764//1764
f 1652//1652 1764//1764 1653//1653
f 1653//1653 1764//1764 1652//1652
f 1764//1764 1653//1653 1763//1763
f 1764//1764 1652//1652 1701//1701
f 1650//1650 1701//1701 1652//1652
f 1652//1652 1701//1701 1650//1650
f 1701//1701 1652//1652 1764//1764
f 1712//1712 1713//1713 1732//1732
f 1714//1714 1732//1732 1713//1713
f 1715//1715 1732//1732 1714//1714
f 1731//1731 1732//1732 1715//1715
f 1716//1716 1731//1731 1715//1715
f 1717//1717 1731//1731 1716//1716
f 1718//1718 1731//1731 1717//1717
f 1719//1719 1731//1731 1718//1718
f 1730//1730 1731//1731 1719//1719
f 1720//1720 1730//1730 1719//1719
f 1729//1729 1730//1730 1720//1720
f 1721//1721 1729//1729 1720//1720
f 1722//1722 1729//1729 1721//1721
f 1728//1728 1729//1729 1722//1722
f 1727//1727 1728//1728 1722//1722
f 1726//1726 1727//1727 1722//1722
f 1725//1725 1726//1726 1722//1722
f 1724//1724 1725//1725 1722//1722
f 1723//1723 1724//1724 1722//1722
f 1711//1711 1702//1702 1710//1710
f 1703//1703 1710//1710 1702//1702
f 1709//1709 1710//1710 1703//1703
f 1708//1708 1709//1709 1703//1703
f 1707//1707 1708//1708 1703//1703
f 1706//1706 1707//1707 1703//1703
f 1704//1704 1706//1706 1703//1703
f 1705//1705 1706//1706 1704//1704
f 1736//1736 1737//1737 1735//1735
f 1738//1738 1735//1735 1737//1737
f 1739//1739 1735//1735 1738//1738
f 1734//1734 1735//1735 1739//1739
f 1740//1740 1734//1734 1739//1739
f 1741//1741 1734//1734 1740//1740
f 1742//1742 1734//1734 1741//1741
f 1743//1743 1734//1734 1742//1742
f 1744//1744 1734//1734 1743//1743
f 1733//1733 1734//1734 1744//1744
f 1745//1745 1733//1733 1744//1744
f 1701//1701 1733//1733 1745//1745
f 1732//1732 1733//1733 1701//1701
f 1712//1712 1732//1732 1701//1701
f 1711//1711 1712//1712 1701//1701
f 1702//1702 1711//1711 1701//1701
f 1764//1764 1701//1701 1745//1745
f 1763//1763 1764//1764 1745//1745
f 1746//1746 1763//1763 1745//1745
f 1762//1762 1763//1763 1746//1746
f 1761//1761 1762//1762 1746//1746
f 1760//1760 1761//1761 1746//1746
f 1747//1747 1760//1760 1746//1746
f 1759//1759 1760//1760 1747//1747
f 1748//1748 1759//1759 1747//1747
f 1758//1758 1759//1759 1748//1748
f 1749//1749 1758//1758 1748//1748
f 1757//1757 1758//1758 1749//1749
f 1756//1756 1757//1757 1749//1749
f 1750//1750 1756//1756 1749//1749
f 1751//1751 1756//1756 1750//1750
f 1755//1755 1756//1756 1751//1751
f 1752//1752 1755//1755 1751//1751
f 1753//1753 1755//1755 1752//1752
f 1754//1754 1755//1755 1753//1753
f 1753//1753 1755//1755 1754//1754
f 1752//1752 1755//1755 1753//1753
f 1751//1751 1755//1755 1752//1752
f 1751//1751 1756//1756 1755//1755
f 1750//1750 1756//1756 1751//1751
f 1749//1749 1756//1756 1750//1750
f 1749//1749 1757//1757 1756//1756
f 1749//1749 1758//1758 1757//1757
f 1748//1748 1758//1758 1749//1749
f 1748//1748 1759//1759 1758//1758
f 1747//1747 1759//1759 1748//1748
f 1747//1747 1760//1760 1759//1759
f 1746//1746 1760//1760 1747//1747
f 1746//1746 1761//1761 1760//1760
f 1746//1746 1762//1762 1761//1761
f 1746//1746 1763//1763 1762//1762
f 1745//1745 1763//1763 1746//1746
f 1745//1745 1764//1764 1763//1763
f 1745//1745 1701//1701 1764//1764
f 1701//1701 1711//1711 1702//1702
f 1701//1701 1712//1712 1711//1711
f 1701//1701 1732//1732 1712//1712
f 1701//1701 1733//1733 1732//1732
f 1745//1745 1733//1733 1701//1701
f 1744//1744 1733//1733 1745//1745
f 1744//1744 1734//1734 1733//1733
f 1743//1743 1734//1734 1744//1744
f 1742//1742 1734//1734 1743//1743
f 1741//1741 1734//1734 1742//1742
f 1740//1740 1734//1734 1741//1741
f 1739//1739 1734//1734 1740//1740
f 1739//1739 1735//1735 1734//1734
f 1738//1738 1735//1735 1739//1739
f 1737//1737 1735//1735 1738//1738
f 1735//1735 1737//1737 1736//1736
f 1704//1704 1706//1706 1705//1705
f 1703//1703 1706//1706 1704//1704
f 1703//1703 1707//1707 1706//1706
f 1703//1703 1708//1708 1707//1707
f 1703//1703 1709//1709 1708//1708
f 1703//1703 1710//1710 1709//1709
f 1702//1702 1710//1710 1703//1703
f 1710//1710 1702//1702 1711//1711
f 1722//1722 1724//1724 1723//1723
f 1722//1722 1725//1725 1724//1724
f 1722//1722 1726//1726 1725//1725
f 1722//1722 1727//1727 1726//1726
f 1722//1722 1728//1728 1727//1727
f 1722//1722 1729//1729 1728//1728
f 1721//1721 1729//1729 1722//1722
f 1720//1720 1729//1729 1721//1721
f 1720//1720 1730//1730 1729//1729
f 1719//1719 1730//1730 1720//1720
f 1719//1719 1731//1731 1730//1730
f 1718//1718 1731//1731 1719//1719
f 1717//1717 1731//1731 1718//1718
f 1716//1716 1731//1731 1717//1717
f 1715//1715 1731//1731 1716//1716
f 1715//1715 1732//1732 1731//1731
f 1714//1714 1732//1732 1715//1715
f 1713//1713 1732//1732 1714//1714
f 1732//1732 1713//1713 1712//1712
f 1765//1765 1766//1766 1767//1767
f 1768//1768 1767//1767 1766//1766
f 1769//1769 1768//1768 1766//1766
f 1770//1770 1769//1769 1766//1766
f 1771//1771 1770//1770 1766//1766
f 1772//1772 1771//1771 1766//1766
f 1773//1773 1772//1772 1766//1766
f 1774//1774 1772//1772 1773//1773
f 1775//1775 1774//1774 1773//1773
f 1776//1776 1774//1774 1775//1775
f 1777//1777 1774//1774 1776//1776
f 1778//1778 1777//1777 1776//1776
f 1779//1779 1777//1777 1778//1778
f 1780//1780 1779//1779 1778//1778
f 1781//1781 1779//1779 1780//1780
f 1782//1782 1781//1781 1780//1780
f 1783//1783 1781//1781 1782//1782
f 1784//1784 1781//1781 1783//1783
f 1785//1785 1784//1784 1783//1783
f 1786//1786 1784//1784 1785//1785
f 1787//1787 1788//1788 1789//1789
f 1790//1790 1789//1789 1788//1788
f 1791//1791 1790//1790 1788//1788
f 1792//1792 1790//1790 1791//1791
f 1793//1793 1792//1792 1791//1791
f 1794//1794 1792//1792 1793//1793
f 1795//1795 1794//1794 1793//1793
f 1796//1796 1794//1794 1795//1795
f 1797//1797 1796//1796 1795//1795
f 1798//1798 1796//1796 1797//1797
f 1799//1799 1796//1796 1798//1798
f 1800//1800 1796//1796 1799//1799
f 1801//1801 1796//1796 1800//1800
f 1802//1802 1801//1801 1800//1800
f 1803//1803 1801//1801 1802//1802
f 1804//1804 1803//1803 1802//1802
f 1805//1805 1803//1803 1804//1804
f 1806//1806 1805//1805 1804//1804
f 1807//1807 1805//1805 1806//1806
f 1808//1808 1807//1807 1806//1806
f 1809//1809 1807//1807 1808//1808
f 1786//1786 1809//1809 1808//1808
f 1784//1784 1786//1786 1808//1808
f 1810//1810 1784//1784 1808//1808
f 1811//1811 1810//1810 1808//1808
f 1812//1812 1810//1810 1811//1811
f 1813//1813 1812//1812 1811//1811
f 1814//1814 1812//1812 1813//1813
f 1815//1815 1812//1812 1814//1814
f 1795//1795 1816//1816 1797//1797
f 1817//1817 1797//1797 1816//1816
f 1818//1818 1817//1817 1816//1816
f 1819//1819 1818//1818 1816//1816
f 1820//1820 1818//1818 1819//1819
f 1821//1821 1820//1820 1819//1819
f 1822//1822 1820//1820 1821//1821
f 1823//1823 1822//1822 1821//1821
f 1824//1824 1823//1823 1821//1821
f 1825//1825 1823//1823 1824//1824
f 1826//1826 1825//1825 1824//1824
f 1827//1827 1825//1825 1826//1826
f 1828//1828 1827//1827 1826//1826
f 1829//1829 1828//1828 1826//1826
f 1830//1830 1829//1829 1826//1826
f 1831//1831 1829//1829 1830//1830
f 1832//1832 1829//1829 1831//1831
f 1833//1833 1829//1829 1832//1832
f 1834//1834 1829//1829 1833//1833
f 1833//1833 1829//1829 1834//1834
f 1832//1832 1829//1829 1833//1833
f 1831//1831 1829//1829 1832//1832
f 1830//1830 1829//1829 1831//1831
f 1826//1826 1829//1829 1830//1830
f 1826//1826 1828//1828 1829//1829
f 1826//1826 1827//1827 1828//1828
f 1826//1826 1825//1825 1827//1827
f 1824//1824 1825//1825 1826//1826
f 1824//1824 1823//1823 1825//1825
f 1821//1821 1823//1823 1824//1824
f 1821//1821 1822//1822 1823//1823
f 1821//1821 1820//1820 1822//1822
f 1819//1819 1820//1820 1821//1821
f 1819//1819 1818//1818 1820//1820
f 1816//1816 1818//1818 1819//1819
f 1816//1816 1817//1817 1818//1818
f 1816//1816 1797//1797 1817//1817
f 1797//1797 1816//1816 1795//1795
f 1814//1814 1812//1812 1815//1815
f 1813//1813 1812//1812 1814//1814
f 1811//1811 1812//1812 1813//1813
f 1811//1811 1810//1810 1812//1812
f 1808//1808 1810//1810 1811//1811
f 1808//1808 1784//1784 1810//1810
f 1808//1808 1786//1786 1784//1784
f 1808//1808 1809//1809 1786//1786
f 1808//1808 1807//1807 1809//1809
f 1806//1806 1807//1807 1808//1808
f 1806//1806 1805//1805 1807//1807
f 1804//1804 1805//1805 1806//1806
f 1804//1804 1803//1803 1805//1805
f 1802//1802 1803//1803 1804//1804
f 1802//1802 1801//1801 1803//1803
f 1800//1800 1801//1801 1802//1802
f 1800//1800 1796//1796 1801//1801
f 1799//1799 1796//1796 1800//1800
f 1798//1798 1796//1796 1799//1799
f 1797//1797 1796//1796 1798//1798
f 1795//1795 1796//1796 1797//1797
f 1795//1795 1794//1794 1796//1796
f 1793//1793 1794//1794 1795//1795
f 1793//1793 1792//1792 1794//1794
f 1791//1791 1792//1792 1793//1793
f 1791//1791 1790//1790 1792//1792
f 1788//1788 1790//1790 1791//1791
f 1788//1788 1789//1789 1790//1790
f 1789//1789 1788//1788 1787//1787
f 1785//1785 1784//1784 1786//1786
f 1783//1783 1784//1784 1785//1785
f 1783//1783 1781//1781 1784//1784
f 1782//1782 1781//1781 1783//1783
f 1780//1780 1781//1781 1782//1782
f 1780//1780 1779//1779 1781//1781
f 1778//1778 1779//1779 1780//1780
f 1778//1778 1777//1777 1779//1779
f 1776//1776 1777//1777 1778//1778
f 1776//1776 1774//1774 1777//1777
f 1775//1775 1774//1774 1776//1776
f 1773//1773 1774//1774 1775//1775
f 1773//1773 1772//1772 1774//1774
f 1766//1766 1772//1772 1773//1773
f 1766//1766 1771//1771 1772//1772
f 1766//1766 1770//1770 1771//1771
f 1766//1766 1769//1769 1770//1770
f 1766//1766 1768//1768 1769//1769
f 1766//1766 1767//1767 1768//1768
f 1767//1767 1766//1766 1765//1765
f 1835//1835 1836//1836 1829//1829
f 1828//1828 1829//1829 1836//1836
f 1836//1836 1829//1829 1828//1828
f 1829//1829 1836//1836 1835//1835
f 1835//1835 1829//1829 1837//1837
f 1834//1834 1837//1837 1829//1829
f 1829//1829 1837//1837 1834//1834
f 1837//1837 1829//1829 1835//1835
f 1837//1837 1834//1834 1838//1838
f 1833//1833 1838//1838 1834//1834
f 1834//1834 1838//1838 1833//1833
f 1838//1838 1834//1834 1837//1837
f 1838//1838 1833//1833 1839//1839
f 1832//1832 1839//1839 1833//1833
f 1833//1833 1839//1839 1832//1832
f 1839//1839 1833//1833 1838//1838
f 1839//1839 1832//1832 1840//1840
f 1831//1831 1840//1840 1832//1832
f 1832//1832 1840//1840 1831//1831
f 1840//1840 1832//1832 1839//1839
f 1840//1840 1831//1831 1841//1841
f 1830//1830 1841//1841 1831//1831
f 1831//1831 1841//1841 1830//1830
f 1841//1841 1831//1831 1840//1840
f 1842//1842 1841//1841 1826//1826
f 1830//1830 1826//1826 1841//1841
f 1841//1841 1826//1826 1830//1830
f 1826//1826 1841//1841 1842//1842
f 1843//1843 1842//1842 1824//1824
f 1826//1826 1824//1824 1842//1842
f 1842//1842 1824//1824 1826//1826
f 1824//1824 1842//1842 1843//1843
f 1844//1844 1843//1843 1821//1821
f 1824//1824 1821//1821 1843//1843
f 1843//1843 1821//1821 1824//1824
f 1821//1821 1843//1843 1844//1844
f 1845//1845 1844//1844 1819//1819
f 1821//1821 1819//1819 1844//1844
f 1844//1844 1819//1819 1821//1821
f 1819//1819 1844//1844 1845//1845
f 1846//1846 1845//1845 1816//1816
f 1819//1819 1816//1816 1845//1845
f 1845//1845 1816//1816 1819//1819
f 1816//1816 1845//1845 1846//1846
f 1847//1847 1846//1846 1795//1795
f 1816//1816 1795//1795 1846//1846
f 1846//1846 1795//1795 1816//1816
f 1795//1795 1846//1846 1847//1847
f 1848//1848 1847//1847 1793//1793
f 1795//1795 1793//1793 1847//1847
f 1847//1847 1793//1793 1795//1795
f 1793//1793 1847//1847 1848//1848
f 1791//1791 1849//1849 1793//1793
f 1848//1848 1793//1793 1849//1849
f 1849//1849 1793//1793 1848//1848
f 1793//1793 1849//1849 1791//1791
f 1788//1788 1850//1850 1791//1791
f 1849//1849 1791//1791 1850//1850
f 1850//1850 1791//1791 1849//1849
f 1791//1791 1850//1850 1788//1788
f 1787//1787 1851//1851 1788//1788
f 1850//1850 1788//1788 1851//1851
f 1851//1851 1788//1788 1850//1850
f 1788//1788 1851//1851 1787//1787
f 1789//1789 1852//1852 1787//1787
f 1851//1851 1787//1787 1852//1852
f 1852//1852 1787//1787 1851//1851
f 1787//1787 1852//1852 1789//1789
f 1790//1790 1853//1853 1789//1789
f 1852//1852 1789//1789 1853//1853
f 1853//1853 1789//1789 1852//1852
f 1789//1789 1853//1853 1790//1790
f 1792//1792 1854//1854 1790//1790
f 1853//1853 1790//1790 1854//1854
f 1854//1854 1790//1790 1853//1853
f 1790//1790 1854//1854 1792//1792
f 1794//1794 1855//1855 1792//1792
f 1854//1854 1792//1792 1855//1855
f 1855//1855 1792//1792 1854//1854
f 1792//1792 1855//1855 1794//1794
f 1856//1856 1855//1855 1796//1796
f 1794//1794 1796//1796 1855//1855
f 1855//1855 1796//1796 1794//1794
f 1796//1796 1855//1855 1856//1856
f 1857//1857 1856//1856 1801//1801
f 1796//1796 1801//1801 1856//1856
f 1856//1856 1801//1801 1796//1796
f 1801//1801 1856//1856 1857//1857
f 1858//1858 1857//1857 1803//1803
f 1801//1801 1803//1803 1857//1857
f 1857//1857 1803//1803 1801//1801
f 1803//1803 1857//1857 1858//1858
f 1859//1859 1858//1858 1805//1805
f 1803//1803 1805//1805 1858//1858
f 1858//1858 1805//1805 1803//1803
f 1805//1805 1858//1858 1859//1859
f 1860//1860 1859//1859 1807//1807
f 1805//1805 1807//1807 1859//1859
f 1859//1859 1807//1807 1805//1805
f 1807//1807 1859//1859 1860//1860
f 1809//1809 1861//1861 1807//1807
f 1860//1860 1807//1807 1861//1861
f 1861//1861 1807//1807 1860//1860
f 1807//1807 1861//1861 1809//1809
f 1786//1786 1862//1862 1809//1809
f 1861//1861 1809//1809 1862//1862
f 1862//1862 1809//1809 1861//1861
f 1809//1809 1862//1862 1786//1786
f 1785//1785 1863//1863 1786//1786
f 1862//1862 1786//1786 1863//1863
f 1863//1863 1786//1786 1862//1862
f 1786//1786 1863//1863 1785//1785
f 1783//1783 1864//1864 1785//1785
f 1863//1863 1785//1785 1864//1864
f 1864//1864 1785//1785 1863//1863
f 1785//1785 1864//1864 1783//1783
f 1782//1782 1865//1865 1783//1783
f 1864//1864 1783//1783 1865//1865
f 1865//1865 1783//1783 1864//1864
f 1783//1783 1865//1865 1782//1782
f 1866//1866 1865//1865 1780//1780
f 1782//1782 1780//1780 1865//1865
f 1865//1865 1780//1780 1782//1782
f 1780//1780 1865//1865 1866//1866
f 1867//1867 1866//1866 1778//1778
f 1780//1780 1778//1778 1866//1866
f 1866//1866 1778//1778 1780//1780
f 1778//1778 1866//1866 1867//1867
f 1868//1868 1867//1867 1776//1776
f 1778//1778 1776//1776 1867//1867
f 1867//1867 1776//1776 1778//1778
f 1776//1776 1867//1867 1868//1868
f 1869//1869 1868//1868 1775//1775
f 1776//1776 1775//1775 1868//1868
f 1868//1868 1775//1775 1776//1776
f 1775//1775 1868//1868 1869//1869
f 1869//1869 1775//1775 1870//1870
f 1773//1773 1870//1870 1775//1775
f 1775//1775 1870//1870 1773//1773
f 1870//1870 1775//1775 1869//1869
f 1870//1870 1773//1773 1871//1871
f 1766//1766 1871//1871 1773//1773
f 1773//1773 1871//1871 1766//1766
f 1871//1871 1773//1773 1870//1870
f 1872//1872 1871//1871 1765//1765
f 1766//1766 1765//1765 1871//1871
f 1871//1871 1765//1765 1766//1766
f 1765//1765 1871//1871 1872//1872
f 1767//1767 1873//1873 1765//1765
f 1872//1872 1765//1765 1873//1873
f 1873//1873 1765//1765 1872//1872
f 1765//1765 1873//1873 1767//1767
f 1768//1768 1874//1874 1767//1767
f 1873//1873 1767//1767 1874//1874
f 1874//1874 1767//1767 1873//1873
f 1767//1767 1874//1874 1768//1768
f 1769//1769 1875//1875 1768//1768
f 1874//1874 1768//1768 1875//1875
f 1875//1875 1768//1768 1874//1874
f 1768//1768 1875//1875 1769//1769
f 1770//1770 1876//1876 1769//1769
f 1875//1875 1769//1769 1876//1876
f 1876//1876 1769//1769 1875//1875
f 1769//1769 1876//1876 1770//1770
f 1771//1771 1877//1877 1770//1770
f 1876//1876 1770//1770 1877//1877
f 1877//1877 1770//1770 1876//1876
f 1770//1770 1877//1877 1771//1771
f 1878//1878 1877//1877 1772//1772
f 1771//1771 1772//1772 1877//1877
f 1877//1877 1772//1772 1771//1771
f 1772//1772 1877//1877 1878//1878
f 1879//1879 1878//1878 1774//1774
f 1772//1772 1774//1774 1878//1878
f 1878//1878 1774//1774 1772//1772
f 1774//1774 1878//1878 1879//1879
f 1880//1880 1879//1879 1777//1777
f 1774//1774 1777//1777 1879//1879
f 1879//1879 1777//1777 1774//1774
f 1777//1777 1879//1879 1880//1880
f 1881//1881 1880//1880 1779//1779
f 1777//1777 1779//1779 1880//1880
f 1880//1880 1779//1779 1777//1777
f 1779//1779 1880//1880 1881//1881
f 1882//1882 1881//1881 1781//1781
f 1779//1779 1781//1781 1881//1881
f 1881//1881 1781//1781 1779//1779
f 1781//1781 1881//1881 1882//1882
f 1883//1883 1882//1882 1784//1784
f 1781//1781 1784//1784 1882//1882
f 1882//1882 1784//1784 1781//1781
f 1784//1784 1882//1882 1883//1883
f 1884//1884 1883//1883 1810//1810
f 1784//1784 1810//1810 1883//1883
f 1883//1883 1810//1810 1784//1784
f 1810//1810 1883//1883 1884//1884
f 1884//1884 1810//1810 1885//1885
f 1812//1812 1885//1885 1810//1810
f 1810//1810 1885//1885 1812//1812
f 1885//1885 1810//1810 1884//1884
f 1885//1885 1812//1812 1886//1886
f 1815//1815 1886//1886 1812//1812
f 1812//1812 1886//1886 1815//1815
f 1886//1886 1812//1812 1885//1885
f 1886//1886 1815//1815 1887//1887
f 1814//1814 1887//1887 1815//1815
f 1815//1815 1887//1887 1814//1814
f 1887//1887 1815//1815 1886//1886
f 1887//1887 1814//1814 1888//1888
f 1813//1813 1888//1888 1814//1814
f 1814//1814 1888//1888 1813//1813
f 1888//1888 1814//1814 1887//1887
f 1888//1888 1813//1813 1889//1889
f 1811//1811 1889//1889 1813//1813
f 1813//1813 1889//1889 1811//1811
f 1889//1889 1813//1813 1888//1888
f 1890//1890 1889//1889 1808//1808
f 1811//1811 1808//1808 1889//1889
f 1889//1889 1808//1808 1811//1811
f 1808//1808 1889//1889 1890//1890
f 1891//1891 1890//1890 1806//1806
f 1808//1808 1806//1806 1890//1890
f 1890//1890 1806//1806 1808//1808
f 1806//1806 1890//1890 1891//1891
f 1892//1892 1891//1891 1804//1804
f 1806//1806 1804//1804 1891//1891
f 1891//1891 1804//1804 1806//1806
f 1804//1804 1891//1891 1892//1892
f 1893//1893 1892//1892 1802//1802
f 1804//1804 1802//1802 1892//1892
f 1892//1892 1802//1802 1804//1804
f 1802//1802 1892//1892 1893//1893
f 1894//1894 1893//1893 1800//1800
f 1802//1802 1800//1800 1893//1893
f 1893//1893 1800//1800 1802//1802
f 1800//1800 1893//1893 1894//1894
f 1895//1895 1894//1894 1799//1799
f 1800//1800 1799//1799 1894//1894
f 1894//1894 1799//1799 1800//1800
f 1799//1799 1894//1894 1895//1895
f 1895//1895 1799//1799 1896//1896
f 1798//1798 1896//1896 1799//1799
f 1799//1799 1896//1896 1798//1798
f 1896//1896 1799//1799 1895//1895
f 1896//1896 1798//1798 1897//1897
f 1797//1797 1897//1897 1798//1798
f 1798//1798 1897//1897 1797//1797
f 1897//1897 1798//1798 1896//1896
f 1897//1897 1797//1797 1898//1898
f 1817//1817 1898//1898 1797//1797
f 1797//1797 1898//1898 1817//1817
f 1898//1898 1797//1797 1897//1897
f 1898//1898 1817//1817 1899//1899
f 1818//1818 1899//1899 1817//1817
f 1817//1817 1899//1899 1818//1818
f 1899//1899 1817//1817 1898//1898
f 1900//1900 1899//1899 1820//1820
f 1818//1818 1820//1820 1899//1899
f 1899//1899 1820//1820 1818//1818
f 1820//1820 1899//1899 1900//1900
f 1901//1901 1900//1900 1822//1822
f 1820//1820 1822//1822 1900//1900
f 1900//1900 1822//1822 1820//1820
f 1822//1822 1900//1900 1901//1901
f 1902//1902 1901//1901 1823//1823
f 1822//1822 1823//1823 1901//1901
f 1901//1901 1823//1823 1822//1822
f 1823//1823 1901//1901 1902//1902
f 1903//1903 1902//1902 1825//1825
f 1823//1823 1825//1825 1902//1902
f 1902//1902 1825//1825 1823//1823
f 1825//1825 1902//1902 1903//1903
f 1827//1827 1904//1904 1825//1825
f 1903//1903 1825//1825 1904//1904
f 1904//1904 1825//1825 1903//1903
f 1825//1825 1904//1904 1827//1827
f 1828//1828 1836//1836 1827//1827
f 1904//1904 1827//1827 1836//1836
f 1836//1836 1827//1827 1904//1904
f 1827//1827 1836//1836 1828//1828
f 1847//1847 1897//1897 1846//1846
f 1898//1898 1846//1846 1897//1897
f 1899//1899 1846//1846 1898//1898
f 1845//1845 1846//1846 1899//1899
f 1900//1900 1845//1845 1899//1899
f 1844//1844 1845//1845 1900//1900
f 1901//1901 1844//1844 1900//1900
f 1902//1902 1844//1844 1901//1901
f 1843//1843 1844//1844 1902//1902
f 1903//1903 1843//1843 1902//1902
f 1842//1842 1843//1843 1903//1903
f 1904//1904 1842//1842 1903//1903
f 1836//1836 1842//1842 1904//1904
f 1835//1835 1842//1842 1836//1836
f 1841//1841 1842//1842 1835//1835
f 1840//1840 1841//1841 1835//1835
f 1839//1839 1840//1840 1835//1835
f 1838//1838 1839//1839 1835//1835
f 1837//1837 1838//1838 1835//1835
f 1851//1851 1852//1852 1850//1850
f 1853//1853 1850//1850 1852//1852
f 1849//1849 1850//1850 1853//1853
f 1854//1854 1849//1849 1853//1853
f 1848//1848 1849//1849 1854//1854
f 1855//1855 1848//1848 1854//1854
f 1847//1847 1848//1848 1855//1855
f 1856//1856 1847//1847 1855//1855
f 1897//1897 1847//1847 1856//1856
f 1896//1896 1897//1897 1856//1856
f 1895//1895 1896//1896 1856//1856
f 1894//1894 1895//1895 1856//1856
f 1857//1857 1894//1894 1856//1856
f 1893//1893 1894//1894 1857//1857
f 1858//1858 1893//1893 1857//1857
f 1892//1892 1893//1893 1858//1858
f 1859//1859 1892//1892 1858//1858
f 1891//1891 1892//1892 1859//1859
f 1860//1860 1891//1891 1859//1859
f 1890//1890 1891//1891 1860//1860
f 1861//1861 1890//1890 1860//1860
f 1862//1862 1890//1890 1861//1861
f 1883//1883 1890//1890 1862//1862
f 1884//1884 1890//1890 1883//1883
f 1889//1889 1890//1890 1884//1884
f 1885//1885 1889//1889 1884//1884
f 1888//1888 1889//1889 1885//1885
f 1887//1887 1888//1888 1885//1885
f 1886//1886 1887//1887 1885//1885
f 1872//1872 1873//1873 1871//1871
f 1874//1874 1871//1871 1873//1873
f 1875//1875 1871//1871 1874//1874
f 1876//1876 1871//1871 1875//1875
f 1877//1877 1871//1871 1876//1876
f 1878//1878 1871//1871 1877//1877
f 1870//1870 1871//1871 1878//1878
f 1879//1879 1870//1870 1878//1878
f 1869//1869 1870//1870 1879//1879
f 1868//1868 1869//1869 1879//1879
f 1880//1880 1868//1868 1879//1879
f 1867//1867 1868//1868 1880//1880
f 1881//1881 1867//1867 1880//1880
f 1866//1866 1867//1867 1881//1881
f 1882//1882 1866//1866 1881//1881
f 1865//1865 1866//1866 1882//1882
f 1864//1864 1865//1865 1882//1882
f 1883//1883 1864//1864 1882//1882
f 1863//1863 1864//1864 1883//1883
f 1862//1862 1863//1863 1883//1883
f 1883//1883 1863//1863 1862//1862
f 1883//1883 1864//1864 1863//1863
f 1882//1882 1864//1864 1883//1883
f 1882//1882 1865//1865 1864//1864
f 1882//1882 1866//1866 1865//1865
f 1881//1881 1866//1866 1882//1882
f 1881//1881 1867//1867 1866//1866
f 1880//1880 1867//1867 1881//1881
f 1880//1880 1868//1868 1867//1867
f 1879//1879 1868//1868 1880//1880
f 1879//1879 1869//1869 1868//1868
f 1879//1879 1870//1870 1869//1869
f 1878//1878 1870//1870 1879//1879
f 1878//1878 1871//1871 1870//1870
f 1877//1877 1871//1871 1878//1878
f 1876//1876 1871//1871 1877//1877
f 1875//1875 1871//1871 1876//1876
f 1874//1874 1871//1871 1875//1875
f 1873//1873 1871//1871 1874//1874
f 1871//1871 1873//1873 1872//1872
f 1885//1885 1887//1887 1886//1886
f 1885//1885 1888//1888 1887//1887
f 1885//1885 1889//1889 1888//1888
f 1884//1884 1889//1889 1885//1885
f 1884//1884 1890//1890 1889//1889
f 1883//1883 1890//1890 1884//1884
f 1862//1862 1890//1890 1883//1883
f 1861//1861 1890//1890 1862//1862
f 1860//1860 1890//1890 1861//1861
f 1860//1860 1891//1891 1890//1890
f 1859//1859 1891//1891 1860//1860
f 1859//1859 1892//1892 1891//1891
f 1858//1858 1892//1892 1859//1859
f 1858//1858 1893//1893 1892//1892
f 1857//1857 1893//1893 1858//1858
f 1857//1857 1894//1894 1893//1893
f 1856//1856 1894//1894 1857//1857
f 1856//1856 1895//1895 1894//1894
f 1856//1856 1896//1896 1895//1895
f 1856//1856 1897//1897 1896//1896
f 1856//1856 1847//1847 1897//1897
f 1855//1855 1847//1847 1856//1856
f 1855//1855 1848//1848 1847//1847
f 1854//1854 1848//1848 1855//1855
f 1854//1854 1849//1849 1848//1848
f 1853//1853 1849//1849 1854//1854
f 1853//1853 1850//1850 1849//1849
f 1852//1852 1850//1850 1853//1853
f 1850//1850 1852//1852 1851//1851
f 1835//1835 1838//1838 1837//1837
f 1835//1835 1839//1839 1838//1838
f 1835//1835 1840//1840 1839//1839
f 1835//1835 1841//1841 1840//1840
f 1835//1835 1842//1842 1841//1841
f 1836//1836 1842//1842 1835//1835
f 1904//1904 1842//1842 1836//1836
f 1903//1903 1842//1842 1904//1904
f 1903//1903 1843//1843 1842//1842
f 1902//1902 1843//1843 1903//1903
f 1902//1902 1844//1844 1843//1843
f 1901//1901 1844//1844 1902//1902
f 1900//1900 1844//1844 1901//1901
f 1900//1900 1845//1845 1844//1844
f 1899//1899 1845//1845 1900//1900
f 1899//1899 1846//1846 1845//1845
f 1898//1898 1846//1846 1899//1899
f 1897//1897 1846//1846 1898//1898
f 1846//1846 1897//1897 1847//1847
f 1905//1905 1906//1906 1907//1907
f 1908//1908 1907//1907 1906//1906
f 1906//1906 1907//1907 1908//1908
f 1907//1907 1906//1906 1905//1905
f 1909//1909 1910//1910 1911//1911
f 1912//1912 1911//1911 1910//1910
f 1910//1910 1911//1911 1912//1912
f 1911//1911 1910//1910 1909//1909
f 1913//1913 1909//1909 1914//1914
f 1911//1911 1914//1914 1909//1909
f 1909//1909 1914//1914 1911//1911
f 1914//1914 1909//1909 1913//1913
f 1913//1913 1914//1914 1915//1915
f 1916//1916 1915//1915 1914//1914
f 1914//1914 1915//1915 1916//1916
f 1915//1915 1914//1914 1913//1913
f 1908//1908 1915//1915 1907//1907
f 1916//1916 1907//1907 1915//1915
f 1915//1915 1907//1907 1916//1916
f 1907//1907 1915//1915 1908//1908
f 1908//1908 1906//1906 1915//1915
f 1917//1917 1915//1915 1906//1906
f 1918//1918 1915//1915 1917//1917
f 1913//1913 1915//1915 1918//1918
f 1909//1909 1913//1913 1918//1918
f 1910//1910 1909//1909 1918//1918
f 1918//1918 1909//1909 1910//1910
f 1918//1918 1913//1913 1909//1909
f 1918//1918 1915//1915 1913//1913
f 1917//1917 1915//1915 1918//1918
f 1906//1906 1915//1915 1917//1917
f 1915//1915 1906//1906 1908//1908
f 1918//1918 1917//1917 1919//1919
f 1920//1920 1919//1919 1917//1917
f 1917//1917 1919//1919 1920//1920
f 1919//1919 1917//1917 1918//1918
f 1912//1912 1918//1918 1910//1910
f 1918//1918 1912//1912 1919//1919
f 1921//1921 1922//1922 1923//1923
f 1924//1924 1923//1923 1922//1922
f 1925//1925 1923//1923 1924//1924
f 1926//1926 1925//1925 1924//1924
f 1927//1927 1925//1925 1926//1926
f 1928//1928 1925//1925 1927//1927
f 1929//1929 1928//1928 1927//1927
f 1930//1930 1928//1928 1929//1929
f 1931//1931 1928//1928 1930//1930
f 1932//1932 1931//1931 1930//1930
f 1933//1933 1931//1931 1932//1932
f 1934//1934 1933//1933 1932//1932
f 1935//1935 1933//1933 1934//1934
f 1936//1936 1935//1935 1934//1934
f 1937//1937 1935//1935 1936//1936
f 1938//1938 1935//1935 1937//1937
f 1939//1939 1938//1938 1937//1937
f 1940//1940 1938//1938 1939//1939
f 1941//1941 1940//1940 1939//1939
f 1942//1942 1940//1940 1941//1941
f 1943//1943 1942//1942 1941//1941
f 1944//1944 1942//1942 1943//1943
f 1945//1945 1944//1944 1943//1943
f 1946//1946 1944//1944 1945//1945
f 1947//1947 1948//1948 1924//1924
f 1926//1926 1924//1924 1948//1948
f 1949//1949 1948//1948 1947//1947
f 1950//1950 1949//1949 1947//1947
f 1951//1951 1950//1950 1947//1947
f 1952//1952 1950//1950 1951//1951
f 1953//1953 1952//1952 1951//1951
f 1954//1954 1952//1952 1953//1953
f 1955//1955 1954//1954 1953//1953
f 1956//1956 1954//1954 1955//1955
f 1957//1957 1956//1956 1955//1955
f 1958//1958 1956//1956 1957//1957
f 1959//1959 1958//1958 1957//1957
f 1960//1960 1959//1959 1957//1957
f 1961//1961 1959//1959 1960//1960
f 1962//1962 1961//1961 1960//1960
f 1963//1963 1961//1961 1962//1962
f 1964//1964 1963//1963 1962//1962
f 1965//1965 1963//1963 1964//1964
f 1946//1946 1965//1965 1964//1964
f 1966//1966 1946//1946 1964//1964
f 1944//1944 1946//1946 1966//1966
f 1967//1967 1944//1944 1966//1966
f 1968//1968 1967//1967 1966//1966
f 1911//1911 1919//1919 1912//1912
f 1914//1914 1919//1919 1911//1911
f 1916//1916 1919//1919 1914//1914
f 1916//1916 1920//1920 1919//1919
f 1907//1907 1920//1920 1916//1916
f 1920//1920 1907//1907 1905//1905
f 1969//1969 1970//1970 1971//1971
f 1972//1972 1970//1970 1969//1969
f 1972//1972 1973//1973 1970//1970
f 1972//1972 1974//1974 1973//1973
f 1975//1975 1974//1974 1972//1972
f 1975//1975 1976//1976 1974//1974
f 1977//1977 1976//1976 1975//1975
f 1977//1977 1978//1978 1976//1976
f 1979//1979 1978//1978 1977//1977
f 1979//1979 1980//1980 1978//1978
f 1979//1979 1981//1981 1980//1980
f 1982//1982 1981//1981 1979//1979
f 1982//1982 1983//1983 1981//1981
f 1984//1984 1983//1983 1982//1982
f 1984//1984 1985//1985 1983//1983
f 1984//1984 1986//1986 1985//1985
f 1987//1987 1986//1986 1984//1984
f 1987//1987 1988//1988 1986//1986
f 1987//1987 1989//1989 1988//1988
f 1989//1989 1987//1987 1990//1990
f 1991//1991 1992//1992 1993//1993
f 1991//1991 1994//1994 1992//1992
f 1969//1969 1994//1994 1991//1991
f 1971//1971 1994//1994 1969//1969
f 1995//1995 1994//1994 1971//1971
f 1995//1995 1996//1996 1994//1994
f 1997//1997 1996//1996 1995//1995
f 1998//1998 1996//1996 1997//1997
f 1998//1998 1999//1999 1996//1996
f 2000//2000 1999//1999 1998//1998
f 2000//2000 2001//2001 1999//1999
f 2002//2002 2001//2001 2000//2000
f 2003//2003 2001//2001 2002//2002
f 2003//2003 2004//2004 2001//2001
f 2005//2005 2004//2004 2003//2003
f 2005//2005 2006//2006 2004//2004
f 2007//2007 2006//2006 2005//2005
f 2007//2007 2008//2008 2006//2006
f 2009//2009 2008//2008 2007//2007
f 2010//2010 2008//2008 2009//2009
f 2010//2010 2011//2011 2008//2008
f 2012//2012 2011//2011 2010//2010
f 1989//1989 2011//2011 2012//2012
f 1990//1990 2011//2011 1989//1989
f 1990//1990 2013//2013 2011//2011
f 2014//2014 2013//2013 1990//1990
f 2014//2014 2015//2015 2013//2013
f 2015//2015 2014//2014 2016//2016
f 2017//2017 2018//2018 2019//2019
f 2020//2020 2018//2018 2017//2017
f 2020//2020 2021//2021 2018//2018
f 2020//2020 2022//2022 2021//2021
f 2020//2020 2023//2023 2022//2022
f 2024//2024 2023//2023 2020//2020
f 2024//2024 2025//2025 2023//2023
f 2024//2024 2026//2026 2025//2025
f 2027//2027 2026//2026 2024//2024
f 2027//2027 2028//2028 2026//2026
f 2029//2029 2028//2028 2027//2027
f 2029//2029 2030//2030 2028//2028
f 2031//2031 2030//2030 2029//2029
f 2031//2031 2032//2032 2030//2030
f 2031//2031 2033//2033 2032//2032
f 2034//2034 2033//2033 2031//2031
f 2034//2034 2035//2035 2033//2033
f 2036//2036 2035//2035 2034//2034
f 2036//2036 2037//2037 2035//2035
f 2036//2036 2038//2038 2037//2037
f 2039//2039 2038//2038 2036//2036
f 2039//2039 2040//2040 2038//2038
f 2039//2039 2041//2041 2040//2040
f 2041//2041 2039//2039 2042//2042
f 2043//2043 2021//2021 2022//2022
f 2043//2043 2044//2044 2021//2021
f 2045//2045 2044//2044 2043//2043
f 2046//2046 2044//2044 2045//2045
f 2046//2046 2047//2047 2044//2044
f 2048//2048 2047//2047 2046//2046
f 2048//2048 2049//2049 2047//2047
f 2050//2050 2049//2049 2048//2048
f 2051//2051 2049//2049 2050//2050
f 2051//2051 2052//2052 2049//2049
f 2053//2053 2052//2052 2051//2051
f 2053//2053 2054//2054 2052//2052
f 2055//2055 2054//2054 2053//2053
f 2055//2055 2056//2056 2054//2054
f 2057//2057 2056//2056 2055//2055
f 2058//2058 2056//2056 2057//2057
f 2058//2058 2059//2059 2056//2056
f 2060//2060 2059//2059 2058//2058
f 2041//2041 2059//2059 2060//2060
f 2042//2042 2059//2059 2041//2041
f 2042//2042 2061//2061 2059//2059
f 2062//2062 2061//2061 2042//2042
f 2062//2062 2063//2063 2061//2061
f 2063//2063 2062//2062 2064//2064
f 2065//2065 2066//2066 2067//2067
f 2068//2068 2066//2066 2065//2065
f 2068//2068 2069//2069 2066//2066
f 2068//2068 2070//2070 2069//2069
f 2068//2068 2071//2071 2070//2070
f 2072//2072 2071//2071 2068//2068
f 2072//2072 2073//2073 2071//2071
f 2072//2072 2074//2074 2073//2073
f 2075//2075 2074//2074 2072//2072
f 2075//2075 2076//2076 2074//2074
f 2077//2077 2076//2076 2075//2075
f 2077//2077 2078//2078 2076//2076
f 2079//2079 2078//2078 2077//2077
f 2079//2079 2080//2080 2078//2078
f 2079//2079 2081//2081 2080//2080
f 2082//2082 2081//2081 2079//2079
f 2082//2082 2083//2083 2081//2081
f 2084//2084 2083//2083 2082//2082
f 2084//2084 2085//2085 2083//2083
f 2084//2084 2086//2086 2085//2085
f 2087//2087 2086//2086 2084//2084
f 2087//2087 2088//2088 2086//2086
f 2087//2087 2089//2089 2088//2088
f 2089//2089 2087//2087 2090//2090
f 2091//2091 2069//2069 2070//2070
f 2091//2091 2092//2092 2069//2069
f 2093//2093 2092//2092 2091//2091
f 2094//2094 2092//2092 2093//2093
f 2094//2094 2095//2095 2092//2092
f 2096//2096 2095//2095 2094//2094
f 2096//2096 2097//2097 2095//2095
f 2098//2098 2097//2097 2096//2096
f 2099//2099 2097//2097 2098//2098
f 2099//2099 2100//2100 2097//2097
f 2101//2101 2100//2100 2099//2099
f 2101//2101 2102//2102 2100//2100
f 2103//2103 2102//2102 2101//2101
f 2103//2103 2104//2104 2102//2102
f 2105//2105 2104//2104 2103//2103
f 2106//2106 2104//2104 2105//2105
f 2106//2106 2107//2107 2104//2104
f 2108//2108 2107//2107 2106//2106
f 2089//2089 2107//2107 2108//2108
f 2090//2090 2107//2107 2089//2089
f 2090//2090 2109//2109 2107//2107
f 2110//2110 2109//2109 2090//2090
f 2110//2110 2111//2111 2109//2109
f 2111//2111 2110//2110 2112//2112
f 2113//2113 2114//2114 2115//2115
f 2116//2116 2114//2114 2113//2113
f 2116//2116 2117//2117 2114//2114
f 2116//2116 2118//2118 2117//2117
f 2116//2116 2119//2119 2118//2118
f 2120//2120 2119//2119 2116//2116
f 2120//2120 2121//2121 2119//2119
f 2120//2120 2122//2122 2121//2121
f 2123//2123 2122//2122 2120//2120
f 2123//2123 2124//2124 2122//2122
f 2125//2125 2124//2124 2123//2123
f 2125//2125 2126//2126 2124//2124
f 2125//2125 2127//2127 2126//2126
f 2128//2128 2127//2127 2125//2125
f 2128//2128 2129//2129 2127//2127
f 2130//2130 2129//2129 2128//2128
f 2130//2130 2131//2131 2129//2129
f 2132//2132 2131//2131 2130//2130
f 2132//2132 2133//2133 2131//2131
f 2132//2132 2134//2134 2133//2133
f 2135//2135 2134//2134 2132//2132
f 2135//2135 2136//2136 2134//2134
f 2135//2135 2137//2137 2136//2136
f 2135//2135 2138//2138 2137//2137
f 2139//2139 2138//2138 2135//2135
f 2139//2139 2140//2140 2138//2138
f 2141//2141 2140//2140 2139//2139
f 2140//2140 2141//2141 2142//2142
f 2143//2143 2117//2117 2118//2118
f 2143//2143 2144//2144 2117//2117
f 2145//2145 2144//2144 2143//2143
f 2146//2146 2144//2144 2145//2145
f 2146//2146 2147//2147 2144//2144
f 2148//2148 2147//2147 2146//2146
f 2148//2148 2149//2149 2147//2147
f 2150//2150 2149//2149 2148//2148
f 2150//2150 2151//2151 2149//2149
f 2152//2152 2151//2151 2150//2150
f 2153//2153 2151//2151 2152//2152
f 2153//2153 2154//2154 2151//2151
f 2155//2155 2154//2154 2153//2153
f 2155//2155 2156//2156 2154//2154
f 2157//2157 2156//2156 2155//2155
f 2158//2158 2156//2156 2157//2157
f 2158//2158 2159//2159 2156//2156
f 2160//2160 2159//2159 2158//2158
f 2137//2137 2159//2159 2160//2160
f 2159//2159 2137//2137 2138//2138
f 2161//2161 2162//2162 2163//2163
f 2164//2164 2162//2162 2161//2161
f 2164//2164 2165//2165 2162//2162
f 2164//2164 2166//2166 2165//2165
f 2164//2164 2167//2167 2166//2166
f 2168//2168 2167//2167 2164//2164
f 2168//2168 2169//2169 2167//2167
f 2168//2168 2170//2170 2169//2169
f 2171//2171 2170//2170 2168//2168
f 2171//2171 2172//2172 2170//2170
f 2173//2173 2172//2172 2171//2171
f 2173//2173 2174//2174 2172//2172
f 2175//2175 2174//2174 2173//2173
f 2175//2175 2176//2176 2174//2174
f 2175//2175 2177//2177 2176//2176
f 2178//2178 2177//2177 2175//2175
f 2178//2178 2179//2179 2177//2177
f 2180//2180 2179//2179 2178//2178
f 2180//2180 2181//2181 2179//2179
f 2180//2180 2182//2182 2181//2181
f 2183//2183 2182//2182 2180//2180
f 2183//2183 2184//2184 2182//2182
f 2183//2183 2185//2185 2184//2184
f 2183//2183 2186//2186 2185//2185
f 2187//2187 2186//2186 2183//2183
f 2187//2187 2188//2188 2186//2186
f 2189//2189 2188//2188 2187//2187
f 2188//2188 2189//2189 2190//2190
f 2191//2191 2165//2165 2166//2166
f 2191//2191 2192//2192 2165//2165
f 2193//2193 2192//2192 2191//2191
f 2194//2194 2192//2192 2193//2193
f 2194//2194 2195//2195 2192//2192
f 2196//2196 2195//2195 2194//2194
f 2196//2196 2197//2197 2195//2195
f 2198//2198 2197//2197 2196//2196
f 2198//2198 2199//2199 2197//2197
f 2200//2200 2199//2199 2198//2198
f 2201//2201 2199//2199 2200//2200
f 2201//2201 2202//2202 2199//2199
f 2203//2203 2202//2202 2201//2201
f 2203//2203 2204//2204 2202//2202
f 2205//2205 2204//2204 2203//2203
f 2206//2206 2204//2204 2205//2205
f 2206//2206 2207//2207 2204//2204
f 2208//2208 2207//2207 2206//2206
f 2185//2185 2207//2207 2208//2208
f 2207//2207 2185//2185 2186//2186
f 2209//2209 2210//2210 2211//2211
f 2212//2212 2210//2210 2209//2209
f 2212//2212 2213//2213 2210//2210
f 2212//2212 2214//2214 2213//2213
f 2215//2215 2214//2214 2212//2212
f 2215//2215 2216//2216 2214//2214
f 2217//2217 2216//2216 2215//2215
f 2217//2217 2218//2218 2216//2216
f 2217//2217 2219//2219 2218//2218
f 2220//2220 2219//2219 2217//2217
f 2220//2220 2221//2221 2219//2219
f 2222//2222 2221//2221 2220//2220
f 2222//2222 2223//2223 2221//2221
f 2224//2224 2223//2223 2222//2222
f 2224//2224 2225//2225 2223//2223
f 2224//2224 2226//2226 2225//2225
f 2227//2227 2226//2226 2224//2224
f 2227//2227 2228//2228 2226//2226
f 2227//2227 2229//2229 2228//2228
f 2229//2229 2227//2227 2230//2230
f 2231//2231 2232//2232 2233//2233
f 2231//2231 2234//2234 2232//2232
f 2209//2209 2234//2234 2231//2231
f 2211//2211 2234//2234 2209//2209
f 2235//2235 2234//2234 2211//2211
f 2235//2235 2236//2236 2234//2234
f 2237//2237 2236//2236 2235//2235
f 2238//2238 2236//2236 2237//2237
f 2238//2238 2239//2239 2236//2236
f 2240//2240 2239//2239 2238//2238
f 2240//2240 2241//2241 2239//2239
f 2242//2242 2241//2241 2240//2240
f 2243//2243 2241//2241 2242//2242
f 2243//2243 2244//2244 2241//2241
f 2245//2245 2244//2244 2243//2243
f 2245//2245 2246//2246 2244//2244
f 2247//2247 2246//2246 2245//2245
f 2247//2247 2248//2248 2246//2246
f 2249//2249 2248//2248 2247//2247
f 2250//2250 2248//2248 2249//2249
f 2250//2250 2251//2251 2248//2248
f 2252//2252 2251//2251 2250//2250
f 2229//2229 2251//2251 2252//2252
f 2230//2230 2251//2251 2229//2229
f 2230//2230 2253//2253 2251//2251
f 2230//2230 2254//2254 2253//2253
f 2255//2255 2254//2254 2230//2230
f 2254//2254 2255//2255 2256//2256
f 2257//2257 2258//2258 2259//2259
f 2260//2260 2259//2259 2258//2258
f 2261//2261 2259//2259 2260//2260
f 2262//2262 2261//2261 2260//2260
f 2263//2263 2261//2261 2262//2262
f 2264//2264 2263//2263 2262//2262
f 2265//2265 2263//2263 2264//2264
f 2266//2266 2265//2265 2264//2264
f 2267//2267 2265//2265 2266//2266
f 2268//2268 2267//2267 2266//2266
f 2269//2269 2267//2267 2268//2268
f 2270//2270 2269//2269 2268//2268
f 2271//2271 2269//2269 2270//2270
f 2272//2272 2271//2271 2270//2270
f 2273//2273 2271//2271 2272//2272
f 2274//2274 2273//2273 2272//2272
f 2275//2275 2273//2273 2274//2274
f 2276//2276 2275//2275 2274//2274
f 2277//2277 2275//2275 2276//2276
f 2278//2278 2277//2277 2276//2276
f 2279//2279 2277//2277 2278//2278
f 2280//2280 2279//2279 2278//2278
f 2281//2281 2282//2282 2283//2283
f 2284//2284 2283//2283 2282//2282
f 2285//2285 2286//2286 2287//2287
f 1919//1919 2287//2287 2286//2286
f 2288//2288 1919//1919 2286//2286
f 1912//1912 1919//1919 2288//2288
f 2289//2289 2290//2290 2285//2285
f 2291//2291 2285//2285 2290//2290
f 2292//2292 2285//2285 2291//2291
f 2286//2286 2285//2285 2292//2292
f 2293//2293 2294//2294 2290//2290
f 2291//2291 2290//2290 2294//2294
f 2293//2293 1905//1905 2294//2294
f 2295//2295 2294//2294 1905//1905
f 2296//2296 2295//2295 1905//1905
f 1907//1907 2296//2296 1905//1905
f 2297//2297 2298//2298 2299//2299
f 2297//2297 2300//2300 2298//2298
f 2301//2301 2300//2300 2297//2297
f 2301//2301 2302//2302 2300//2300
f 2303//2303 2302//2302 2301//2301
f 2303//2303 2304//2304 2302//2302
f 2303//2303 2305//2305 2304//2304
f 2306//2306 2305//2305 2303//2303
f 2307//2307 2305//2305 2306//2306
f 2307//2307 2308//2308 2305//2305
f 2307//2307 2309//2309 2308//2308
f 2310//2310 2309//2309 2307//2307
f 2310//2310 2311//2311 2309//2309
f 2312//2312 2311//2311 2310//2310
f 2312//2312 2313//2313 2311//2311
f 2314//2314 2313//2313 2312//2312
f 2315//2315 2313//2313 2314//2314
f 2315//2315 2316//2316 2313//2313
f 2317//2317 2316//2316 2315//2315
f 2317//2317 2318//2318 2316//2316
f 2319//2319 2318//2318 2317//2317
f 2319//2319 2320//2320 2318//2318
f 2321//2321 2320//2320 2319//2319
f 2320//2320 2321//2321 2322//2322
f 2323//2323 2324//2324 2325//2325
f 2323//2323 2326//2326 2324//2324
f 2327//2327 2326//2326 2323//2323
f 2327//2327 2328//2328 2326//2326
f 2329//2329 2328//2328 2327//2327
f 2329//2329 2330//2330 2328//2328
f 2331//2331 2330//2330 2329//2329
f 2331//2331 2332//2332 2330//2330
f 2333//2333 2332//2332 2331//2331
f 2333//2333 2334//2334 2332//2332
f 2335//2335 2334//2334 2333//2333
f 2335//2335 2336//2336 2334//2334
f 2337//2337 2336//2336 2335//2335
f 2337//2337 2338//2338 2336//2336
f 2339//2339 2338//2338 2337//2337
f 2339//2339 2340//2340 2338//2338
f 2341//2341 2340//2340 2339//2339
f 2341//2341 2342//2342 2340//2340
f 2343//2343 2342//2342 2341//2341
f 2343//2343 2344//2344 2342//2342
f 2343//2343 2345//2345 2344//2344
f 2346//2346 2345//2345 2343//2343
f 2347//2347 2345//2345 2346//2346
f 2345//2345 2347//2347 2348//2348
f 2349//2349 2350//2350 2325//2325
f 2349//2349 2351//2351 2350//2350
f 2349//2349 2352//2352 2351//2351
f 2353//2353 2352//2352 2349//2349
f 2353//2353 2354//2354 2352//2352
f 2353//2353 2355//2355 2354//2354
f 2356//2356 2355//2355 2353//2353
f 2356//2356 2357//2357 2355//2355
f 2356//2356 2358//2358 2357//2357
f 2359//2359 2358//2358 2356//2356
f 2359//2359 2360//2360 2358//2358
f 2361//2361 2360//2360 2359//2359
f 2361//2361 2362//2362 2360//2360
f 2361//2361 2363//2363 2362//2362
f 2364//2364 2363//2363 2361//2361
f 2364//2364 2365//2365 2363//2363
f 2364//2364 2366//2366 2365//2365
f 2364//2364 2367//2367 2366//2366
f 2367//2367 2364//2364 2368//2368
f 2369//2369 2299//2299 2370//2370
f 2369//2369 2371//2371 2299//2299
f 2372//2372 2371//2371 2369//2369
f 2372//2372 2373//2373 2371//2371
f 2372//2372 2374//2374 2373//2373
f 2375//2375 2374//2374 2372//2372
f 2375//2375 2376//2376 2374//2374
f 2377//2377 2376//2376 2375//2375
f 2378//2378 2376//2376 2377//2377
f 2378//2378 2379//2379 2376//2376
f 2380//2380 2379//2379 2378//2378
f 2380//2380 2381//2381 2379//2379
f 2380//2380 2382//2382 2381//2381
f 2383//2383 2382//2382 2380//2380
f 2383//2383 2384//2384 2382//2382
f 2385//2385 2384//2384 2383//2383
f 2386//2386 2384//2384 2385//2385
f 2386//2386 2387//2387 2384//2384
f 2388//2388 2387//2387 2386//2386
f 2388//2388 2389//2389 2387//2387
f 2390//2390 2389//2389 2388//2388
f 2390//2390 2391//2391 2389//2389
f 2392//2392 2391//2391 2390//2390
f 2391//2391 2392//2392 2321//2321
f 2289//2289 2393//2393 2285//2285
f 2289//2289 2394//2394 2393//2393
f 2289//2289 2395//2395 2394//2394
f 2395//2395 2396//2396 2397//2397
f 2395//2395 2398//2398 2396//2396
f 2395//2395 2370//2370 2398//2398
f 2395//2395 2399//2399 2370//2370
f 2395//2395 2400//2400 2399//2399
f 2395//2395 2401//2401 2400//2400
f 2395//2395 2402//2402 2401//2401
f 2395//2395 2403//2403 2402//2402
f 2289//2289 2403//2403 2395//2395
f 2289//2289 2404//2404 2403//2403
f 2392//2392 2322//2322 2321//2321
f 2392//2392 2405//2405 2322//2322
f 2392//2392 2406//2406 2405//2405
f 2392//2392 2407//2407 2406//2406
f 2392//2392 2408//2408 2407//2407
f 2392//2392 2409//2409 2408//2408
f 2410//2410 2409//2409 2392//2392
f 2411//2411 2409//2409 2410//2410
f 2412//2412 2409//2409 2411//2411
f 2413//2413 2409//2409 2412//2412
f 2414//2414 2409//2409 2413//2413
f 2404//2404 2409//2409 2414//2414
f 2409//2409 2404//2404 2289//2289
f 2415//2415 2285//2285 2393//2393
f 2397//2397 2415//2415 2395//2395
f 2416//2416 2415//2415 2397//2397
f 2417//2417 2415//2415 2416//2416
f 2349//2349 2415//2415 2417//2417
f 2325//2325 2415//2415 2349//2349
f 2324//2324 2415//2415 2325//2325
f 2418//2418 2415//2415 2324//2324
f 2419//2419 2415//2415 2418//2418
f 2420//2420 2415//2415 2419//2419
f 2421//2421 2415//2415 2420//2420
f 2422//2422 2415//2415 2421//2421
f 2422//2422 2285//2285 2415//2415
f 2423//2423 2285//2285 2422//2422
f 2368//2368 2348//2348 2367//2367
f 2424//2424 2348//2348 2368//2368
f 2425//2425 2348//2348 2424//2424
f 2408//2408 2348//2348 2425//2425
f 2409//2409 2348//2348 2408//2408
f 2423//2423 2287//2287 2285//2285
f 2426//2426 2287//2287 2423//2423
f 2427//2427 2287//2287 2426//2426
f 2428//2428 2287//2287 2427//2427
f 2429//2429 2287//2287 2428//2428
f 2430//2430 2287//2287 2429//2429
f 2348//2348 2287//2287 2430//2430
f 2287//2287 2348//2348 2409//2409
f 2299//2299 2398//2398 2370//2370
f 2298//2298 2398//2398 2299//2299
f 2298//2298 2431//2431 2398//2398
f 2432//2432 2431//2431 2298//2298
f 2433//2433 2431//2431 2432//2432
f 2434//2434 2431//2431 2433//2433
f 2434//2434 2435//2435 2431//2431
f 2436//2436 2435//2435 2434//2434
f 2436//2436 2437//2437 2435//2435
f 2438//2438 2437//2437 2436//2436
f 2439//2439 2437//2437 2438//2438
f 2439//2439 2440//2440 2437//2437
f 2441//2441 2440//2440 2439//2439
f 2441//2441 2442//2442 2440//2440
f 2443//2443 2442//2442 2441//2441
f 2444//2444 2442//2442 2443//2443
f 2444//2444 2445//2445 2442//2442
f 2446//2446 2445//2445 2444//2444
f 2447//2447 2445//2445 2446//2446
f 2322//2322 2445//2445 2447//2447
f 2445//2445 2322//2322 2405//2405
f 2350//2350 2448//2448 2325//2325
f 2449//2449 2448//2448 2350//2350
f 2450//2450 2448//2448 2449//2449
f 2450//2450 2451//2451 2448//2448
f 2452//2452 2451//2451 2450//2450
f 2452//2452 2453//2453 2451//2451
f 2454//2454 2453//2453 2452//2452
f 2454//2454 2455//2455 2453//2453
f 2456//2456 2455//2455 2454//2454
f 2456//2456 2457//2457 2455//2455
f 2458//2458 2457//2457 2456//2456
f 2458//2458 2459//2459 2457//2457
f 2460//2460 2459//2459 2458//2458
f 2460//2460 2461//2461 2459//2459
f 2462//2462 2461//2461 2460//2460
f 2462//2462 2463//2463 2461//2461
f 2464//2464 2463//2463 2462//2462
f 2464//2464 2465//2465 2463//2463
f 2464//2464 2466//2466 2465//2465
f 2467//2467 2466//2466 2464//2464
f 2467//2467 2468//2468 2466//2466
f 2469//2469 2468//2468 2467//2467
f 2469//2469 2347//2347 2468//2468
f 2347//2347 2367//2367 2348//2348
f 2367//2367 2347//2347 2469//2469
f 2409//2409 1919//1919 2287//2287
f 1919//1919 2409//2409 1920//1920
f 2409//2409 2290//2290 1920//1920
f 2290//2290 2409//2409 2289//2289
f 1905//1905 2290//2290 2293//2293
f 2290//2290 1905//1905 1920//1920
f 1905//1905 1917//1917 1920//1920
f 1917//1917 1905//1905 1906//1906
f 2295//2295 4//4 2294//2294
f 2291//2291 2294//2294 4//4
f 2292//2292 2291//2291 4//4
f 4//4 2//2 2292//2292
f 1919//1919 1912//1912 1918//1918
f 1910//1910 1918//1918 1912//1912
f 2470//2470 2322//2322 2471//2471
f 2322//2322 2470//2470 2320//2320
f 2472//2472 2320//2320 2470//2470
f 2320//2320 2472//2472 2318//2318
f 2471//2471 2447//2447 2473//2473
f 2447//2447 2471//2471 2322//2322
f 2474//2474 2318//2318 2472//2472
f 2318//2318 2474//2474 2316//2316
f 2473//2473 2446//2446 2475//2475
f 2446//2446 2473//2473 2447//2447
f 2476//2476 2316//2316 2474//2474
f 2316//2316 2476//2476 2313//2313
f 2475//2475 2444//2444 2477//2477
f 2444//2444 2475//2475 2446//2446
f 2478//2478 2313//2313 2476//2476
f 2313//2313 2478//2478 2311//2311
f 2444//2444 2479//2479 2477//2477
f 2479//2479 2444//2444 2443//2443
f 2480//2480 2311//2311 2478//2478
f 2311//2311 2480//2480 2309//2309
f 2443//2443 2481//2481 2479//2479
f 2481//2481 2443//2443 2441//2441
f 2482//2482 2309//2309 2480//2480
f 2309//2309 2482//2482 2308//2308
f 2441//2441 2483//2483 2481//2481
f 2483//2483 2441//2441 2439//2439
f 2484//2484 2308//2308 2482//2482
f 2308//2308 2484//2484 2305//2305
f 2439//2439 2485//2485 2483//2483
f 2485//2485 2439//2439 2438//2438
f 2486//2486 2305//2305 2484//2484
f 2305//2305 2486//2486 2304//2304
f 2438//2438 2487//2487 2485//2485
f 2487//2487 2438//2438 2436//2436
f 2304//2304 2488//2488 2302//2302
f 2488//2488 2304//2304 2486//2486
f 2436//2436 2489//2489 2487//2487
f 2489//2489 2436//2436 2434//2434
f 2302//2302 2490//2490 2300//2300
f 2490//2490 2302//2302 2488//2488
f 2433//2433 2489//2489 2434//2434
f 2489//2489 2433//2433 2491//2491
f 2300//2300 2492//2492 2298//2298
f 2492//2492 2300//2300 2490//2490
f 2432//2432 2491//2491 2433//2433
f 2491//2491 2432//2432 2493//2493
f 2298//2298 2493//2493 2432//2432
f 2493//2493 2298//2298 2492//2492
f 2494//2494 2382//2382 2495//2495
f 2382//2382 2494//2494 2381//2381
f 2496//2496 2381//2381 2494//2494
f 2381//2381 2496//2496 2379//2379
f 2495//2495 2384//2384 2497//2497
f 2384//2384 2495//2495 2382//2382
f 2498//2498 2379//2379 2496//2496
f 2379//2379 2498//2498 2376//2376
f 2497//2497 2387//2387 2499//2499
f 2387//2387 2497//2497 2384//2384
f 2500//2500 2376//2376 2498//2498
f 2376//2376 2500//2500 2374//2374
f 2499//2499 2389//2389 2501//2501
f 2389//2389 2499//2499 2387//2387
f 2374//2374 2502//2502 2373//2373
f 2502//2502 2374//2374 2500//2500
f 2501//2501 2391//2391 2503//2503
f 2391//2391 2501//2501 2389//2389
f 2373//2373 2504//2504 2371//2371
f 2504//2504 2373//2373 2502//2502
f 2503//2503 2321//2321 2505//2505
f 2321//2321 2503//2503 2391//2391
f 2371//2371 2506//2506 2299//2299
f 2506//2506 2371//2371 2504//2504
f 2505//2505 2319//2319 2507//2507
f 2319//2319 2505//2505 2321//2321
f 2299//2299 2508//2508 2297//2297
f 2508//2508 2299//2299 2506//2506
f 2507//2507 2317//2317 2509//2509
f 2317//2317 2507//2507 2319//2319
f 2297//2297 2510//2510 2301//2301
f 2510//2510 2297//2297 2508//2508
f 2509//2509 2315//2315 2511//2511
f 2315//2315 2509//2509 2317//2317
f 2301//2301 2512//2512 2303//2303
f 2512//2512 2301//2301 2510//2510
f 2315//2315 2513//2513 2511//2511
f 2513//2513 2315//2315 2314//2314
f 2306//2306 2512//2512 2514//2514
f 2512//2512 2306//2306 2303//2303
f 2314//2314 2515//2515 2513//2513
f 2515//2515 2314//2314 2312//2312
f 2307//2307 2514//2514 2516//2516
f 2514//2514 2307//2307 2306//2306
f 2312//2312 2517//2517 2515//2515
f 2517//2517 2312//2312 2310//2310
f 2310//2310 2516//2516 2517//2517
f 2516//2516 2310//2310 2307//2307
f 2518//2518 2414//2414 2519//2519
f 2414//2414 2518//2518 2404//2404
f 2520//2520 2404//2404 2518//2518
f 2404//2404 2520//2520 2403//2403
f 2519//2519 2413//2413 2521//2521
f 2413//2413 2519//2519 2414//2414
f 2522//2522 2403//2403 2520//2520
f 2403//2403 2522//2522 2402//2402
f 2521//2521 2412//2412 2523//2523
f 2412//2412 2521//2521 2413//2413
f 2524//2524 2402//2402 2522//2522
f 2402//2402 2524//2524 2401//2401
f 2523//2523 2411//2411 2525//2525
f 2411//2411 2523//2523 2412//2412
f 2401//2401 2526//2526 2400//2400
f 2526//2526 2401//2401 2524//2524
f 2525//2525 2410//2410 2527//2527
f 2410//2410 2525//2525 2411//2411
f 2400//2400 2528//2528 2399//2399
f 2528//2528 2400//2400 2526//2526
f 2527//2527 2392//2392 2529//2529
f 2392//2392 2527//2527 2410//2410
f 2399//2399 2530//2530 2370//2370
f 2530//2530 2399//2399 2528//2528
f 2529//2529 2390//2390 2531//2531
f 2390//2390 2529//2529 2392//2392
f 2370//2370 2532//2532 2369//2369
f 2532//2532 2370//2370 2530//2530
f 2531//2531 2388//2388 2533//2533
f 2388//2388 2531//2531 2390//2390
f 2369//2369 2534//2534 2372//2372
f 2534//2534 2369//2369 2532//2532
f 2533//2533 2386//2386 2535//2535
f 2386//2386 2533//2533 2388//2388
f 2372//2372 2536//2536 2375//2375
f 2536//2536 2372//2372 2534//2534
f 2386//2386 2537//2537 2535//2535
f 2537//2537 2386//2386 2385//2385
f 2377//2377 2536//2536 2538//2538
f 2536//2536 2377//2377 2375//2375
f 2385//2385 2539//2539 2537//2537
f 2539//2539 2385//2385 2383//2383
f 2378//2378 2538//2538 2540//2540
f 2538//2538 2378//2378 2377//2377
f 2383//2383 2541//2541 2539//2539
f 2541//2541 2383//2383 2380//2380
f 2380//2380 2540//2540 2541//2541
f 2540//2540 2380//2380 2378//2378
f 2542//2542 2469//2469 2543//2543
f 2469//2469 2542//2542 2367//2367
f 2544//2544 2367//2367 2542//2542
f 2367//2367 2544//2544 2366//2366
f 2543//2543 2467//2467 2545//2545
f 2467//2467 2543//2543 2469//2469
f 2546//2546 2366//2366 2544//2544
f 2366//2366 2546//2546 2365//2365
f 2545//2545 2464//2464 2547//2547
f 2464//2464 2545//2545 2467//2467
f 2548//2548 2365//2365 2546//2546
f 2365//2365 2548//2548 2363//2363
f 2464//2464 2549//2549 2547//2547
f 2549//2549 2464//2464 2462//2462
f 2550//2550 2363//2363 2548//2548
f 2363//2363 2550//2550 2362//2362
f 2462//2462 2551//2551 2549//2549
f 2551//2551 2462//2462 2460//2460
f 2552//2552 2362//2362 2550//2550
f 2362//2362 2552//2552 2360//2360
f 2460//2460 2553//2553 2551//2551
f 2553//2553 2460//2460 2458//2458
f 2554//2554 2360//2360 2552//2552
f 2360//2360 2554//2554 2358//2358
f 2458//2458 2555//2555 2553//2553
f 2555//2555 2458//2458 2456//2456
f 2556//2556 2358//2358 2554//2554
f 2358//2358 2556//2556 2357//2357
f 2456//2456 2557//2557 2555//2555
f 2557//2557 2456//2456 2454//2454
f 2558//2558 2357//2357 2556//2556
f 2357//2357 2558//2558 2355//2355
f 2454//2454 2559//2559 2557//2557
f 2559//2559 2454//2454 2452//2452
f 2560//2560 2355//2355 2558//2558
f 2355//2355 2560//2560 2354//2354
f 2450//2450 2559//2559 2452//2452
f 2559//2559 2450//2450 2561//2561
f 2354//2354 2562//2562 2352//2352
f 2562//2562 2354//2354 2560//2560
f 2449//2449 2561//2561 2450//2450
f 2561//2561 2449//2449 2563//2563
f 2352//2352 2564//2564 2351//2351
f 2564//2564 2352//2352 2562//2562
f 2350//2350 2563//2563 2449//2449
f 2563//2563 2350//2350 2565//2565
f 2351//2351 2565//2565 2350//2350
f 2565//2565 2351//2351 2564//2564
f 2566//2566 2468//2468 2567//2567
f 2468//2468 2566//2566 2466//2466
f 2568//2568 2466//2466 2566//2566
f 2466//2466 2568//2568 2465//2465
f 2567//2567 2347//2347 2569//2569
f 2347//2347 2567//2567 2468//2468
f 2570//2570 2465//2465 2568//2568
f 2465//2465 2570//2570 2463//2463
f 2569//2569 2346//2346 2571//2571
f 2346//2346 2569//2569 2347//2347
f 2572//2572 2463//2463 2570//2570
f 2463//2463 2572//2572 2461//2461
f 2571//2571 2343//2343 2573//2573
f 2343//2343 2571//2571 2346//2346
f 2574//2574 2461//2461 2572//2572
f 2461//2461 2574//2574 2459//2459
f 2573//2573 2341//2341 2575//2575
f 2341//2341 2573//2573 2343//2343
f 2576//2576 2459//2459 2574//2574
f 2459//2459 2576//2576 2457//2457
f 2341//2341 2577//2577 2575//2575
f 2577//2577 2341//2341 2339//2339
f 2578//2578 2457//2457 2576//2576
f 2457//2457 2578//2578 2455//2455
f 2339//2339 2579//2579 2577//2577
f 2579//2579 2339//2339 2337//2337
f 2580//2580 2455//2455 2578//2578
f 2455//2455 2580//2580 2453//2453
f 2337//2337 2581//2581 2579//2579
f 2581//2581 2337//2337 2335//2335
f 2453//2453 2582//2582 2451//2451
f 2582//2582 2453//2453 2580//2580
f 2335//2335 2583//2583 2581//2581
f 2583//2583 2335//2335 2333//2333
f 2451//2451 2584//2584 2448//2448
f 2584//2584 2451//2451 2582//2582
f 2333//2333 2585//2585 2583//2583
f 2585//2585 2333//2333 2331//2331
f 2448//2448 2586//2586 2325//2325
f 2586//2586 2448//2448 2584//2584
f 2331//2331 2587//2587 2585//2585
f 2587//2587 2331//2331 2329//2329
f 2325//2325 2588//2588 2323//2323
f 2588//2588 2325//2325 2586//2586
f 2327//2327 2587//2587 2329//2329
f 2587//2587 2327//2327 2589//2589
f 2323//2323 2589//2589 2327//2327
f 2589//2589 2323//2323 2588//2588
f 2590//2590 2345//2345 2591//2591
f 2345//2345 2590//2590 2344//2344
f 2592//2592 2344//2344 2590//2590
f 2344//2344 2592//2592 2342//2342
f 2591//2591 2348//2348 2593//2593
f 2348//2348 2591//2591 2345//2345
f 2594//2594 2342//2342 2592//2592
f 2342//2342 2594//2594 2340//2340
f 2593//2593 2430//2430 2595//2595
f 2430//2430 2593//2593 2348//2348
f 2596//2596 2340//2340 2594//2594
f 2340//2340 2596//2596 2338//2338
f 2595//2595 2429//2429 2597//2597
f 2429//2429 2595//2595 2430//2430
f 2598//2598 2338//2338 2596//2596
f 2338//2338 2598//2598 2336//2336
f 2597//2597 2428//2428 2599//2599
f 2428//2428 2597//2597 2429//2429
f 2600//2600 2336//2336 2598//2598
f 2336//2336 2600//2600 2334//2334
f 2428//2428 2601//2601 2599//2599
f 2601//2601 2428//2428 2427//2427
f 2602//2602 2334//2334 2600//2600
f 2334//2334 2602//2602 2332//2332
f 2427//2427 2603//2603 2601//2601
f 2603//2603 2427//2427 2426//2426
f 2604//2604 2332//2332 2602//2602
f 2332//2332 2604//2604 2330//2330
f 2426//2426 2605//2605 2603//2603
f 2605//2605 2426//2426 2423//2423
f 2330//2330 2606//2606 2328//2328
f 2606//2606 2330//2330 2604//2604
f 2423//2423 2607//2607 2605//2605
f 2607//2607 2423//2423 2422//2422
f 2328//2328 2608//2608 2326//2326
f 2608//2608 2328//2328 2606//2606
f 2422//2422 2609//2609 2607//2607
f 2609//2609 2422//2422 2421//2421
f 2326//2326 2610//2610 2324//2324
f 2610//2610 2326//2326 2608//2608
f 2421//2421 2611//2611 2609//2609
f 2611//2611 2421//2421 2420//2420
f 2324//2324 2612//2612 2418//2418
f 2612//2612 2324//2324 2610//2610
f 2419//2419 2611//2611 2420//2420
f 2611//2611 2419//2419 2613//2613
f 2418//2418 2613//2613 2419//2419
f 2613//2613 2418//2418 2612//2612
f 2364//2364 1933//1933 1931//1931
f 1933//1933 2364//2364 2361//2361
f 2368//2368 1931//1931 1928//1928
f 1931//1931 2368//2368 2364//2364
f 2361//2361 1935//1935 1933//1933
f 1935//1935 2361//2361 2359//2359
f 1925//1925 2368//2368 1928//1928
f 2368//2368 1925//1925 2424//2424
f 2359//2359 1938//1938 1935//1935
f 1938//1938 2359//2359 2356//2356
f 1923//1923 2424//2424 1925//1925
f 2424//2424 1923//1923 2425//2425
f 2356//2356 1940//1940 1938//1938
f 1940//1940 2356//2356 2353//2353
f 1921//1921 2425//2425 1923//1923
f 2425//2425 1921//1921 2408//2408
f 2353//2353 1942//1942 1940//1940
f 1942//1942 2353//2353 2349//2349
f 1922//1922 2408//2408 1921//1921
f 2408//2408 1922//1922 2407//2407
f 2417//2417 1942//1942 2349//2349
f 1942//1942 2417//2417 1944//1944
f 1924//1924 2407//2407 1922//1922
f 2407//2407 1924//1924 2406//2406
f 2416//2416 1944//1944 2417//2417
f 1944//1944 2416//2416 1967//1967
f 1947//1947 2406//2406 1924//1924
f 2406//2406 1947//1947 2405//2405
f 2397//2397 1967//1967 2416//2416
f 1967//1967 2397//2397 1968//1968
f 1951//1951 2405//2405 1947//1947
f 2405//2405 1951//1951 2445//2445
f 2396//2396 1968//1968 2397//2397
f 1968//1968 2396//2396 1966//1966
f 1953//1953 2445//2445 1951//1951
f 2445//2445 1953//1953 2442//2442
f 2398//2398 1966//1966 2396//2396
f 1966//1966 2398//2398 1964//1964
f 1955//1955 2442//2442 1953//1953
f 2442//2442 1955//1955 2440//2440
f 2431//2431 1964//1964 2398//2398
f 1964//1964 2431//2431 1962//1962
f 1957//1957 2440//2440 1955//1955
f 2440//2440 1957//1957 2437//2437
f 1962//1962 2435//2435 1960//1960
f 2435//2435 1962//1962 2431//2431
f 1960//1960 2437//2437 1957//1957
f 2437//2437 1960//1960 2435//2435
f 2584//2584 2588//2588 2586//2586
f 2584//2584 2614//2614 2588//2588
f 2582//2582 2614//2614 2584//2584
f 2582//2582 2615//2615 2614//2614
f 2582//2582 2616//2616 2615//2615
f 2580//2580 2616//2616 2582//2582
f 2580//2580 2617//2617 2616//2616
f 2578//2578 2617//2617 2580//2580
f 2578//2578 2618//2618 2617//2617
f 2576//2576 2618//2618 2578//2578
f 2576//2576 2619//2619 2618//2618
f 2576//2576 2620//2620 2619//2619
f 2574//2574 2620//2620 2576//2576
f 2574//2574 2621//2621 2620//2620
f 2572//2572 2621//2621 2574//2574
f 2572//2572 2622//2622 2621//2621
f 2570//2570 2622//2622 2572//2572
f 2570//2570 2623//2623 2622//2622
f 2568//2568 2623//2623 2570//2570
f 2568//2568 2624//2624 2623//2623
f 2568//2568 2625//2625 2624//2624
f 2566//2566 2625//2625 2568//2568
f 2566//2566 2626//2626 2625//2625
f 2626//2626 2566//2566 2567//2567
f 2614//2614 2589//2589 2588//2588
f 2627//2627 2589//2589 2614//2614
f 2628//2628 2589//2589 2627//2627
f 2628//2628 2587//2587 2589//2589
f 2629//2629 2587//2587 2628//2628
f 2629//2629 2585//2585 2587//2587
f 2630//2630 2585//2585 2629//2629
f 2630//2630 2583//2583 2585//2585
f 2631//2631 2583//2583 2630//2630
f 2632//2632 2583//2583 2631//2631
f 2632//2632 2581//2581 2583//2583
f 2633//2633 2581//2581 2632//2632
f 2633//2633 2579//2579 2581//2581
f 2634//2634 2579//2579 2633//2633
f 2634//2634 2577//2577 2579//2579
f 2635//2635 2577//2577 2634//2634
f 2635//2635 2575//2575 2577//2577
f 2636//2636 2575//2575 2635//2635
f 2637//2637 2575//2575 2636//2636
f 2637//2637 2573//2573 2575//2575
f 2626//2626 2573//2573 2637//2637
f 2567//2567 2573//2573 2626//2626
f 2567//2567 2571//2571 2573//2573
f 2571//2571 2567//2567 2569//2569
f 2608//2608 2612//2612 2610//2610
f 2608//2608 2638//2638 2612//2612
f 2606//2606 2638//2638 2608//2608
f 2606//2606 2639//2639 2638//2638
f 2606//2606 2640//2640 2639//2639
f 2604//2604 2640//2640 2606//2606
f 2604//2604 2641//2641 2640//2640
f 2602//2602 2641//2641 2604//2604
f 2602//2602 2642//2642 2641//2641
f 2600//2600 2642//2642 2602//2602
f 2600//2600 2643//2643 2642//2642
f 2598//2598 2643//2643 2600//2600
f 2598//2598 2644//2644 2643//2643
f 2598//2598 2645//2645 2644//2644
f 2596//2596 2645//2645 2598//2598
f 2596//2596 2646//2646 2645//2645
f 2594//2594 2646//2646 2596//2596
f 2594//2594 2647//2647 2646//2646
f 2592//2592 2647//2647 2594//2594
f 2592//2592 2648//2648 2647//2647
f 2592//2592 2649//2649 2648//2648
f 2590//2590 2649//2649 2592//2592
f 2590//2590 2650//2650 2649//2649
f 2650//2650 2590//2590 2591//2591
f 2638//2638 2613//2613 2612//2612
f 2651//2651 2613//2613 2638//2638
f 2652//2652 2613//2613 2651//2651
f 2652//2652 2611//2611 2613//2613
f 2653//2653 2611//2611 2652//2652
f 2653//2653 2609//2609 2611//2611
f 2654//2654 2609//2609 2653//2653
f 2654//2654 2607//2607 2609//2609
f 2655//2655 2607//2607 2654//2654
f 2656//2656 2607//2607 2655//2655
f 2656//2656 2605//2605 2607//2607
f 2657//2657 2605//2605 2656//2656
f 2657//2657 2603//2603 2605//2605
f 2658//2658 2603//2603 2657//2657
f 2658//2658 2601//2601 2603//2603
f 2659//2659 2601//2601 2658//2658
f 2659//2659 2599//2599 2601//2601
f 2660//2660 2599//2599 2659//2659
f 2661//2661 2599//2599 2660//2660
f 2661//2661 2597//2597 2599//2599
f 2650//2650 2597//2597 2661//2661
f 2591//2591 2597//2597 2650//2650
f 2591//2591 2595//2595 2597//2597
f 2595//2595 2591//2591 2593//2593
f 2564//2564 2563//2563 2565//2565
f 2564//2564 2662//2662 2563//2563
f 2562//2562 2662//2662 2564//2564
f 2562//2562 2663//2663 2662//2662
f 2562//2562 2664//2664 2663//2663
f 2560//2560 2664//2664 2562//2562
f 2560//2560 2665//2665 2664//2664
f 2558//2558 2665//2665 2560//2560
f 2558//2558 2666//2666 2665//2665
f 2556//2556 2666//2666 2558//2558
f 2556//2556 2667//2667 2666//2666
f 2554//2554 2667//2667 2556//2556
f 2554//2554 2668//2668 2667//2667
f 2554//2554 2669//2669 2668//2668
f 2552//2552 2669//2669 2554//2554
f 2552//2552 2670//2670 2669//2669
f 2550//2550 2670//2670 2552//2552
f 2550//2550 2671//2671 2670//2670
f 2548//2548 2671//2671 2550//2550
f 2548//2548 2672//2672 2671//2671
f 2548//2548 2673//2673 2672//2672
f 2546//2546 2673//2673 2548//2548
f 2546//2546 2674//2674 2673//2673
f 2674//2674 2546//2546 2544//2544
f 2662//2662 2561//2561 2563//2563
f 2675//2675 2561//2561 2662//2662
f 2676//2676 2561//2561 2675//2675
f 2676//2676 2559//2559 2561//2561
f 2677//2677 2559//2559 2676//2676
f 2677//2677 2557//2557 2559//2559
f 2678//2678 2557//2557 2677//2677
f 2678//2678 2555//2555 2557//2557
f 2679//2679 2555//2555 2678//2678
f 2680//2680 2555//2555 2679//2679
f 2680//2680 2553//2553 2555//2555
f 2681//2681 2553//2553 2680//2680
f 2681//2681 2551//2551 2553//2553
f 2682//2682 2551//2551 2681//2681
f 2682//2682 2549//2549 2551//2551
f 2683//2683 2549//2549 2682//2682
f 2683//2683 2547//2547 2549//2549
f 2684//2684 2547//2547 2683//2683
f 2685//2685 2547//2547 2684//2684
f 2685//2685 2545//2545 2547//2547
f 2674//2674 2545//2545 2685//2685
f 2544//2544 2545//2545 2674//2674
f 2544//2544 2543//2543 2545//2545
f 2543//2543 2544//2544 2542//2542
f 1966//1966 1967//1967 1968//1968
f 1966//1966 1944//1944 1967//1967
f 1966//1966 1946//1946 1944//1944
f 1964//1964 1946//1946 1966//1966
f 1964//1964 1965//1965 1946//1946
f 1964//1964 1963//1963 1965//1965
f 1962//1962 1963//1963 1964//1964
f 1962//1962 1961//1961 1963//1963
f 1960//1960 1961//1961 1962//1962
f 1960//1960 1959//1959 1961//1961
f 1957//1957 1959//1959 1960//1960
f 1957//1957 1958//1958 1959//1959
f 1957//1957 1956//1956 1958//1958
f 1955//1955 1956//1956 1957//1957
f 1955//1955 1954//1954 1956//1956
f 1953//1953 1954//1954 1955//1955
f 1953//1953 1952//1952 1954//1954
f 1951//1951 1952//1952 1953//1953
f 1951//1951 1950//1950 1952//1952
f 1947//1947 1950//1950 1951//1951
f 1947//1947 1949//1949 1950//1950
f 1947//1947 1948//1948 1949//1949
f 1948//1948 1924//1924 1926//1926
f 1924//1924 1948//1948 1947//1947
f 1945//1945 1944//1944 1946//1946
f 1943//1943 1944//1944 1945//1945
f 1943//1943 1942//1942 1944//1944
f 1941//1941 1942//1942 1943//1943
f 1941//1941 1940//1940 1942//1942
f 1939//1939 1940//1940 1941//1941
f 1939//1939 1938//1938 1940//1940
f 1937//1937 1938//1938 1939//1939
f 1937//1937 1935//1935 1938//1938
f 1936//1936 1935//1935 1937//1937
f 1934//1934 1935//1935 1936//1936
f 1934//1934 1933//1933 1935//1935
f 1932//1932 1933//1933 1934//1934
f 1932//1932 1931//1931 1933//1933
f 1930//1930 1931//1931 1932//1932
f 1930//1930 1928//1928 1931//1931
f 1929//1929 1928//1928 1930//1930
f 1927//1927 1928//1928 1929//1929
f 1927//1927 1925//1925 1928//1928
f 1926//1926 1925//1925 1927//1927
f 1924//1924 1925//1925 1926//1926
f 1924//1924 1923//1923 1925//1925
f 1922//1922 1923//1923 1924//1924
f 1923//1923 1922//1922 1921//1921
f 2528//2528 2532//2532 2530//2530
f 2528//2528 2686//2686 2532//2532
f 2526//2526 2686//2686 2528//2528
f 2526//2526 2687//2687 2686//2686
f 2526//2526 2688//2688 2687//2687
f 2524//2524 2688//2688 2526//2526
f 2524//2524 2689//2689 2688//2688
f 2522//2522 2689//2689 2524//2524
f 2522//2522 2690//2690 2689//2689
f 2520//2520 2690//2690 2522//2522
f 2520//2520 2691//2691 2690//2690
f 2518//2518 2691//2691 2520//2520
f 2518//2518 2692//2692 2691//2691
f 2518//2518 2693//2693 2692//2692
f 2519//2519 2693//2693 2518//2518
f 2519//2519 2694//2694 2693//2693
f 2521//2521 2694//2694 2519//2519
f 2521//2521 2695//2695 2694//2694
f 2523//2523 2695//2695 2521//2521
f 2523//2523 2696//2696 2695//2695
f 2523//2523 2697//2697 2696//2696
f 2525//2525 2697//2697 2523//2523
f 2525//2525 2698//2698 2697//2697
f 2698//2698 2525//2525 2527//2527
f 2686//2686 2534//2534 2532//2532
f 2699//2699 2534//2534 2686//2686
f 2700//2700 2534//2534 2699//2699
f 2700//2700 2536//2536 2534//2534
f 2701//2701 2536//2536 2700//2700
f 2701//2701 2538//2538 2536//2536
f 2702//2702 2538//2538 2701//2701
f 2702//2702 2540//2540 2538//2538
f 2703//2703 2540//2540 2702//2702
f 2704//2704 2540//2540 2703//2703
f 2704//2704 2541//2541 2540//2540
f 2705//2705 2541//2541 2704//2704
f 2705//2705 2539//2539 2541//2541
f 2706//2706 2539//2539 2705//2705
f 2706//2706 2537//2537 2539//2539
f 2707//2707 2537//2537 2706//2706
f 2707//2707 2535//2535 2537//2537
f 2708//2708 2535//2535 2707//2707
f 2709//2709 2535//2535 2708//2708
f 2709//2709 2533//2533 2535//2535
f 2698//2698 2533//2533 2709//2709
f 2527//2527 2533//2533 2698//2698
f 2527//2527 2531//2531 2533//2533
f 2531//2531 2527//2527 2529//2529
f 2504//2504 2508//2508 2506//2506
f 2504//2504 2710//2710 2508//2508
f 2502//2502 2710//2710 2504//2504
f 2502//2502 2711//2711 2710//2710
f 2502//2502 2712//2712 2711//2711
f 2500//2500 2712//2712 2502//2502
f 2500//2500 2713//2713 2712//2712
f 2498//2498 2713//2713 2500//2500
f 2498//2498 2714//2714 2713//2713
f 2496//2496 2714//2714 2498//2498
f 2496//2496 2715//2715 2714//2714
f 2494//2494 2715//2715 2496//2496
f 2494//2494 2716//2716 2715//2715
f 2494//2494 2717//2717 2716//2716
f 2495//2495 2717//2717 2494//2494
f 2495//2495 2718//2718 2717//2717
f 2497//2497 2718//2718 2495//2495
f 2497//2497 2719//2719 2718//2718
f 2499//2499 2719//2719 2497//2497
f 2499//2499 2720//2720 2719//2719
f 2499//2499 2721//2721 2720//2720
f 2501//2501 2721//2721 2499//2499
f 2501//2501 2722//2722 2721//2721
f 2501//2501 2507//2507 2722//2722
f 2503//2503 2507//2507 2501//2501
f 2507//2507 2503//2503 2505//2505
f 2710//2710 2510//2510 2508//2508
f 2723//2723 2510//2510 2710//2710
f 2724//2724 2510//2510 2723//2723
f 2724//2724 2512//2512 2510//2510
f 2725//2725 2512//2512 2724//2724
f 2725//2725 2514//2514 2512//2512
f 2726//2726 2514//2514 2725//2725
f 2726//2726 2516//2516 2514//2514
f 2727//2727 2516//2516 2726//2726
f 2728//2728 2516//2516 2727//2727
f 2728//2728 2517//2517 2516//2516
f 2729//2729 2517//2517 2728//2728
f 2729//2729 2515//2515 2517//2517
f 2730//2730 2515//2515 2729//2729
f 2730//2730 2513//2513 2515//2515
f 2731//2731 2513//2513 2730//2730
f 2731//2731 2511//2511 2513//2513
f 2732//2732 2511//2511 2731//2731
f 2733//2733 2511//2511 2732//2732
f 2733//2733 2509//2509 2511//2511
f 2722//2722 2509//2509 2733//2733
f 2509//2509 2722//2722 2507//2507
f 2488//2488 2734//2734 2490//2490
f 2488//2488 2735//2735 2734//2734
f 2488//2488 2736//2736 2735//2735
f 2486//2486 2736//2736 2488//2488
f 2486//2486 2737//2737 2736//2736
f 2484//2484 2737//2737 2486//2486
f 2484//2484 2738//2738 2737//2737
f 2482//2482 2738//2738 2484//2484
f 2482//2482 2739//2739 2738//2738
f 2480//2480 2739//2739 2482//2482
f 2480//2480 2740//2740 2739//2739
f 2480//2480 2741//2741 2740//2740
f 2478//2478 2741//2741 2480//2480
f 2478//2478 2742//2742 2741//2741
f 2476//2476 2742//2742 2478//2478
f 2476//2476 2743//2743 2742//2742
f 2474//2474 2743//2743 2476//2476
f 2474//2474 2744//2744 2743//2743
f 2474//2474 2745//2745 2744//2744
f 2472//2472 2745//2745 2474//2474
f 2472//2472 2746//2746 2745//2745
f 2472//2472 2473//2473 2746//2746
f 2470//2470 2473//2473 2472//2472
f 2473//2473 2470//2470 2471//2471
f 2490//2490 2493//2493 2492//2492
f 2734//2734 2493//2493 2490//2490
f 2734//2734 2491//2491 2493//2493
f 2747//2747 2491//2491 2734//2734
f 2748//2748 2491//2491 2747//2747
f 2748//2748 2489//2489 2491//2491
f 2749//2749 2489//2489 2748//2748
f 2749//2749 2487//2487 2489//2489
f 2750//2750 2487//2487 2749//2749
f 2750//2750 2485//2485 2487//2487
f 2751//2751 2485//2485 2750//2750
f 2752//2752 2485//2485 2751//2751
f 2752//2752 2483//2483 2485//2485
f 2753//2753 2483//2483 2752//2752
f 2753//2753 2481//2481 2483//2483
f 2754//2754 2481//2481 2753//2753
f 2754//2754 2479//2479 2481//2481
f 2755//2755 2479//2479 2754//2754
f 2755//2755 2477//2477 2479//2479
f 2756//2756 2477//2477 2755//2755
f 2757//2757 2477//2477 2756//2756
f 2757//2757 2475//2475 2477//2477
f 2746//2746 2475//2475 2757//2757
f 2475//2475 2746//2746 2473//2473
f 2277//2277 2758//2758 2275//2275
f 2759//2759 2275//2275 2758//2758
f 2275//2275 2759//2759 2273//2273
f 2760//2760 2273//2273 2759//2759
f 2279//2279 2761//2761 2277//2277
f 2758//2758 2277//2277 2761//2761
f 2273//2273 2760//2760 2271//2271
f 2762//2762 2271//2271 2760//2760
f 2280//2280 2763//2763 2279//2279
f 2761//2761 2279//2279 2763//2763
f 2271//2271 2762//2762 2269//2269
f 2764//2764 2269//2269 2762//2762
f 2765//2765 2763//2763 2278//2278
f 2280//2280 2278//2278 2763//2763
f 2269//2269 2764//2764 2267//2267
f 2766//2766 2267//2267 2764//2764
f 2276//2276 2767//2767 2278//2278
f 2765//2765 2278//2278 2767//2767
f 2267//2267 2766//2766 2265//2265
f 2768//2768 2265//2265 2766//2766
f 2274//2274 2769//2769 2276//2276
f 2767//2767 2276//2276 2769//2769
f 2265//2265 2768//2768 2263//2263
f 2770//2770 2263//2263 2768//2768
f 2274//2274 2272//2272 2769//2769
f 2771//2771 2769//2769 2272//2272
f 2772//2772 2261//2261 2770//2770
f 2263//2263 2770//2770 2261//2261
f 2272//2272 2270//2270 2771//2771
f 2773//2773 2771//2771 2270//2270
f 2774//2774 2259//2259 2772//2772
f 2261//2261 2772//2772 2259//2259
f 2270//2270 2268//2268 2773//2773
f 2775//2775 2773//2773 2268//2268
f 2776//2776 2257//2257 2774//2774
f 2259//2259 2774//2774 2257//2257
f 2268//2268 2266//2266 2775//2775
f 2777//2777 2775//2775 2266//2266
f 2778//2778 2258//2258 2776//2776
f 2257//2257 2776//2776 2258//2258
f 2266//2266 2264//2264 2777//2777
f 2779//2779 2777//2777 2264//2264
f 2780//2780 2260//2260 2778//2778
f 2258//2258 2778//2778 2260//2260
f 2264//2264 2262//2262 2779//2779
f 2781//2781 2779//2779 2262//2262
f 2781//2781 2262//2262 2780//2780
f 2260//2260 2780//2780 2262//2262
f 2782//2782 2783//2783 2784//2784
f 2785//2785 2784//2784 2783//2783
f 2784//2784 2785//2785 2786//2786
f 2787//2787 2786//2786 2785//2785
f 2786//2786 2787//2787 2788//2788
f 2789//2789 2788//2788 2787//2787
f 2788//2788 2789//2789 2790//2790
f 2791//2791 2790//2790 2789//2789
f 2791//2791 2792//2792 2790//2790
f 2793//2793 2790//2790 2792//2792
f 2792//2792 2794//2794 2793//2793
f 2795//2795 2793//2793 2794//2794
f 2794//2794 2796//2796 2795//2795
f 2797//2797 2795//2795 2796//2796
f 2796//2796 2798//2798 2797//2797
f 2799//2799 2797//2797 2798//2798
f 2800//2800 2801//2801 2802//2802
f 2803//2803 2802//2802 2801//2801
f 2804//2804 2805//2805 2800//2800
f 2801//2801 2800//2800 2805//2805
f 2806//2806 2807//2807 2804//2804
f 2805//2805 2804//2804 2807//2807
f 2808//2808 2809//2809 2806//2806
f 2807//2807 2806//2806 2809//2809
f 2810//2810 2811//2811 2808//2808
f 2809//2809 2808//2808 2811//2811
f 2812//2812 2813//2813 2810//2810
f 2811//2811 2810//2810 2813//2813
f 2814//2814 2815//2815 2812//2812
f 2813//2813 2812//2812 2815//2815
f 2816//2816 2817//2817 2814//2814
f 2815//2815 2814//2814 2817//2817
f 2818//2818 2819//2819 2816//2816
f 2817//2817 2816//2816 2819//2819
f 2820//2820 2821//2821 2818//2818
f 2819//2819 2818//2818 2821//2821
f 2821//2821 2820//2820 2822//2822
f 2823//2823 2822//2822 2820//2820
f 2822//2822 2823//2823 2782//2782
f 2783//2783 2782//2782 2823//2823
f 2798//2798 2824//2824 2799//2799
f 2825//2825 2799//2799 2824//2824
f 2802//2802 2803//2803 2826//2826
f 2827//2827 2826//2826 2803//2803
f 2803//2803 2776//2776 2827//2827
f 2774//2774 2827//2827 2776//2776
f 2772//2772 2827//2827 2774//2774
f 2828//2828 2827//2827 2772//2772
f 2770//2770 2828//2828 2772//2772
f 2825//2825 2828//2828 2770//2770
f 2768//2768 2825//2825 2770//2770
f 2799//2799 2825//2825 2768//2768
f 2766//2766 2799//2799 2768//2768
f 2797//2797 2799//2799 2766//2766
f 2764//2764 2797//2797 2766//2766
f 2762//2762 2797//2797 2764//2764
f 2795//2795 2797//2797 2762//2762
f 2760//2760 2795//2795 2762//2762
f 2793//2793 2795//2795 2760//2760
f 2759//2759 2793//2793 2760//2760
f 2790//2790 2793//2793 2759//2759
f 2758//2758 2790//2790 2759//2759
f 2788//2788 2790//2790 2758//2758
f 2761//2761 2788//2788 2758//2758
f 2786//2786 2788//2788 2761//2761
f 2763//2763 2786//2786 2761//2761
f 2782//2782 2786//2786 2763//2763
f 2784//2784 2786//2786 2782//2782
f 2801//2801 2805//2805 2803//2803
f 2807//2807 2803//2803 2805//2805
f 2776//2776 2803//2803 2807//2807
f 2778//2778 2776//2776 2807//2807
f 2780//2780 2778//2778 2807//2807
f 2809//2809 2780//2780 2807//2807
f 2781//2781 2780//2780 2809//2809
f 2811//2811 2781//2781 2809//2809
f 2779//2779 2781//2781 2811//2811
f 2813//2813 2779//2779 2811//2811
f 2777//2777 2779//2779 2813//2813
f 2815//2815 2777//2777 2813//2813
f 2775//2775 2777//2777 2815//2815
f 2817//2817 2775//2775 2815//2815
f 2773//2773 2775//2775 2817//2817
f 2771//2771 2773//2773 2817//2817
f 2819//2819 2771//2771 2817//2817
f 2769//2769 2771//2771 2819//2819
f 2821//2821 2769//2769 2819//2819
f 2767//2767 2769//2769 2821//2821
f 2822//2822 2767//2767 2821//2821
f 2765//2765 2767//2767 2822//2822
f 2782//2782 2765//2765 2822//2822
f 2763//2763 2765//2765 2782//2782
f 2824//2824 2829//2829 2825//2825
f 2828//2828 2825//2825 2829//2829
f 2826//2826 2827//2827 2829//2829
f 2828//2828 2829//2829 2827//2827
f 2393//2393 2415//2415 2//2
f 3//3 2//2 2415//2415
f 2415//2415 2//2 3//3
f 2//2 2415//2415 2393//2393
f 2394//2394 4//4 2395//2395
f 1//1 2395//2395 4//4
f 4//4 2395//2395 1//1
f 2395//2395 4//4 2394//2394
f 1907//1907 1916//1916 2296//2296
f 1//1 2296//2296 1916//1916
f 2295//2295 2296//2296 1//1
f 4//4 2295//2295 1//1
f 1//1 2295//2295 4//4
f 1//1 2296//2296 2295//2295
f 1916//1916 2296//2296 1//1
f 2296//2296 1916//1916 1907//1907
f 1911//1911 1912//1912 3//3
f 2288//2288 3//3 1912//1912
f 2//2 3//3 2288//2288
f 2286//2286 2//2 2288//2288
f 2292//2292 2//2 2286//2286
f 2286//2286 2//2 2292//2292
f 2288//2288 2//2 2286//2286
f 2288//2288 3//3 2//2
f 1912//1912 3//3 2288//2288
f 3//3 1912//1912 1911//1911
f 2395//2395 1//1 2415//2415
f 3//3 2415//2415 1//1
f 1//1 2415//2415 3//3
f 2415//2415 1//1 2395//2395
f 1914//1914 1911//1911 1916//1916
f 1//1 1916//1916 1911//1911
f 3//3 1//1 1911//1911
f 1911//1911 1//1 3//3
f 1911//1911 1916//1916 1//1
f 1916//1916 1911//1911 1914//1914
f 2830//2830 2831//2831 2832//2832
f 2833//2833 2831//2831 2830//2830
f 2831//2831 2833//2833 2834//2834
f 2835//2835 2832//2832 2836//2836
f 2832//2832 2835//2835 2830//2830
f 2837//2837 2838//2838 2839//2839
f 2831//2831 2838//2838 2837//2837
f 2838//2838 2831//2831 2834//2834
f 2830//2830 2834//2834 2833//2833
f 2840//2840 2834//2834 2830//2830
f 2841//2841 2834//2834 2840//2840
f 2834//2834 2841//2841 2842//2842
f 2836//2836 2839//2839 2835//2835
f 2839//2839 2836//2836 2837//2837
f 2843//2843 2830//2830 2835//2835
f 2830//2830 2843//2843 2840//2840
f 2838//2838 2844//2844 2839//2839
f 2838//2838 2845//2845 2844//2844
f 2834//2834 2845//2845 2838//2838
f 2845//2845 2834//2834 2842//2842
f 2840//2840 2842//2842 2841//2841
f 2840//2840 2846//2846 2842//2842
f 2847//2847 2846//2846 2840//2840
f 2846//2846 2847//2847 2848//2848
f 2835//2835 2844//2844 2843//2843
f 2844//2844 2835//2835 2839//2839
f 2849//2849 2840//2840 2843//2843
f 2840//2840 2849//2849 2847//2847
f 2845//2845 2850//2850 2844//2844
f 2845//2845 2851//2851 2850//2850
f 2842//2842 2851//2851 2845//2845
f 2851//2851 2842//2842 2846//2846
f 2847//2847 2852//2852 2848//2848
f 2852//2852 2846//2846 2848//2848
f 2853//2853 2846//2846 2852//2852
f 2846//2846 2853//2853 2854//2854
f 2843//2843 2850//2850 2849//2849
f 2850//2850 2843//2843 2844//2844
f 2855//2855 2847//2847 2849//2849
f 2847//2847 2855//2855 2852//2852
f 2851//2851 2856//2856 2850//2850
f 2851//2851 2857//2857 2856//2856
f 2846//2846 2857//2857 2851//2851
f 2857//2857 2846//2846 2854//2854
f 2858//2858 2853//2853 2852//2852
f 2858//2858 2854//2854 2853//2853
f 2859//2859 2854//2854 2858//2858
f 2854//2854 2859//2859 2860//2860
f 2849//2849 2856//2856 2855//2855
f 2856//2856 2849//2849 2850//2850
f 2861//2861 2852//2852 2855//2855
f 2852//2852 2861//2861 2858//2858
f 2857//2857 2862//2862 2856//2856
f 2857//2857 2863//2863 2862//2862
f 2854//2854 2863//2863 2857//2857
f 2863//2863 2854//2854 2860//2860
f 2858//2858 2860//2860 2859//2859
f 2858//2858 2864//2864 2860//2860
f 2865//2865 2864//2864 2858//2858
f 2864//2864 2865//2865 2866//2866
f 2855//2855 2862//2862 2861//2861
f 2862//2862 2855//2855 2856//2856
f 2867//2867 2858//2858 2861//2861
f 2858//2858 2867//2867 2865//2865
f 2863//2863 2868//2868 2862//2862
f 2863//2863 2869//2869 2868//2868
f 2860//2860 2869//2869 2863//2863
f 2869//2869 2860//2860 2864//2864
f 2865//2865 2870//2870 2866//2866
f 2870//2870 2864//2864 2866//2866
f 2871//2871 2864//2864 2870//2870
f 2864//2864 2871//2871 2872//2872
f 2861//2861 2868//2868 2867//2867
f 2868//2868 2861//2861 2862//2862
f 2873//2873 2865//2865 2867//2867
f 2865//2865 2873//2873 2870//2870
f 2869//2869 2874//2874 2868//2868
f 2869//2869 2875//2875 2874//2874
f 2864//2864 2875//2875 2869//2869
f 2875//2875 2864//2864 2872//2872
f 2870//2870 2872//2872 2871//2871
f 2876//2876 2872//2872 2870//2870
f 2877//2877 2872//2872 2876//2876
f 2872//2872 2877//2877 2878//2878
f 2867//2867 2874//2874 2873//2873
f 2874//2874 2867//2867 2868//2868
f 2879//2879 2870//2870 2873//2873
f 2870//2870 2879//2879 2876//2876
f 2875//2875 2880//2880 2874//2874
f 2875//2875 2881//2881 2880//2880
f 2872//2872 2881//2881 2875//2875
f 2881//2881 2872//2872 2878//2878
f 2877//2877 2882//2882 2878//2878
f 2877//2877 2883//2883 2882//2882
f 2876//2876 2883//2883 2877//2877
f 2883//2883 2876//2876 2884//2884
f 2873//2873 2880//2880 2879//2879
f 2880//2880 2873//2873 2874//2874
f 2879//2879 2884//2884 2876//2876
f 2884//2884 2879//2879 2885//2885
f 2882//2882 2881//2881 2878//2878
f 2882//2882 2880//2880 2881//2881
f 2886//2886 2880//2880 2882//2882
f 2880//2880 2886//2886 2887//2887
f 2883//2883 2888//2888 2882//2882
f 2883//2883 2889//2889 2888//2888
f 2884//2884 2889//2889 2883//2883
f 2889//2889 2884//2884 2890//2890
f 2887//2887 2879//2879 2880//2880
f 2879//2879 2887//2887 2885//2885
f 2885//2885 2890//2890 2884//2884
f 2890//2890 2885//2885 2891//2891
f 2888//2888 2886//2886 2882//2882
f 2888//2888 2887//2887 2886//2886
f 2892//2892 2887//2887 2888//2888
f 2887//2887 2892//2892 2893//2893
f 2889//2889 2894//2894 2888//2888
f 2889//2889 2895//2895 2894//2894
f 2890//2890 2895//2895 2889//2889
f 2895//2895 2890//2890 2896//2896
f 2893//2893 2885//2885 2887//2887
f 2885//2885 2893//2893 2891//2891
f 2891//2891 2896//2896 2890//2890
f 2896//2896 2891//2891 2897//2897
f 2894//2894 1911//1911 1912//1912
f 2894//2894 1914//1914 1911//1911
f 2895//2895 1914//1914 2894//2894
f 2895//2895 1916//1916 1914//1914
f 2896//2896 1916//1916 2895//2895
f 1916//1916 2896//2896 1907//1907
f 2888//2888 2893//2893 2892//2892
f 2894//2894 2893//2893 2888//2888
f 2898//2898 2893//2893 2894//2894
f 2893//2893 2898//2898 2899//2899
f 2899//2899 2891//2891 2893//2893
f 2891//2891 2899//2899 2897//2897
f 2897//2897 1907//1907 2896//2896
f 2897//2897 2296//2296 1907//1907
f 2897//2897 2295//2295 2296//2296
f 2295//2295 2897//2897 2294//2294
f 2894//2894 2899//2899 2898//2898
f 1912//1912 2899//2899 2894//2894
f 2288//2288 2899//2899 1912//1912
f 2899//2899 2288//2288 2286//2286
f 2292//2292 2899//2899 2286//2286
f 2291//2291 2899//2899 2292//2292
f 2291//2291 2897//2897 2899//2899
f 2897//2897 2291//2291 2294//2294
f 2469//2469 2347//2347 2367//2367
f 2348//2348 2367//2367 2347//2347
f 2468//2468 2347//2347 2469//2469
f 2467//2467 2468//2468 2469//2469
f 2466//2466 2468//2468 2467//2467
f 2464//2464 2466//2466 2467//2467
f 2465//2465 2466//2466 2464//2464
f 2463//2463 2465//2465 2464//2464
f 2462//2462 2463//2463 2464//2464
f 2461//2461 2463//2463 2462//2462
f 2460//2460 2461//2461 2462//2462
f 2459//2459 2461//2461 2460//2460
f 2458//2458 2459//2459 2460//2460
f 2457//2457 2459//2459 2458//2458
f 2456//2456 2457//2457 2458//2458
f 2455//2455 2457//2457 2456//2456
f 2454//2454 2455//2455 2456//2456
f 2453//2453 2455//2455 2454//2454
f 2452//2452 2453//2453 2454//2454
f 2451//2451 2453//2453 2452//2452
f 2450//2450 2451//2451 2452//2452
f 2448//2448 2451//2451 2450//2450
f 2449//2449 2448//2448 2450//2450
f 2350//2350 2448//2448 2449//2449
f 2325//2325 2448//2448 2350//2350
f 2405//2405 2322//2322 2445//2445
f 2447//2447 2445//2445 2322//2322
f 2446//2446 2445//2445 2447//2447
f 2444//2444 2445//2445 2446//2446
f 2442//2442 2445//2445 2444//2444
f 2443//2443 2442//2442 2444//2444
f 2441//2441 2442//2442 2443//2443
f 2440//2440 2442//2442 2441//2441
f 2439//2439 2440//2440 2441//2441
f 2437//2437 2440//2440 2439//2439
f 2438//2438 2437//2437 2439//2439
f 2436//2436 2437//2437 2438//2438
f 2435//2435 2437//2437 2436//2436
f 2434//2434 2435//2435 2436//2436
f 2431//2431 2435//2435 2434//2434
f 2433//2433 2431//2431 2434//2434
f 2432//2432 2431//2431 2433//2433
f 2298//2298 2431//2431 2432//2432
f 2398//2398 2431//2431 2298//2298
f 2299//2299 2398//2398 2298//2298
f 2370//2370 2398//2398 2299//2299
f 2409//2409 2348//2348 2287//2287
f 2430//2430 2287//2287 2348//2348
f 2429//2429 2287//2287 2430//2430
f 2428//2428 2287//2287 2429//2429
f 2427//2427 2287//2287 2428//2428
f 2426//2426 2287//2287 2427//2427
f 2423//2423 2287//2287 2426//2426
f 2285//2285 2287//2287 2423//2423
f 2408//2408 2348//2348 2409//2409
f 2425//2425 2348//2348 2408//2408
f 2424//2424 2348//2348 2425//2425
f 2368//2368 2348//2348 2424//2424
f 2367//2367 2348//2348 2368//2368
f 2422//2422 2285//2285 2423//2423
f 2415//2415 2285//2285 2422//2422
f 2421//2421 2415//2415 2422//2422
f 2420//2420 2415//2415 2421//2421
f 2419//2419 2415//2415 2420//2420
f 2418//2418 2415//2415 2419//2419
f 2324//2324 2415//2415 2418//2418
f 2325//2325 2415//2415 2324//2324
f 2349//2349 2415//2415 2325//2325
f 2417//2417 2415//2415 2349//2349
f 2416//2416 2415//2415 2417//2417
f 2397//2397 2415//2415 2416//2416
f 2395//2395 2415//2415 2397//2397
f 2393//2393 2285//2285 2415//2415
f 2289//2289 2404//2404 2409//2409
f 2414//2414 2409//2409 2404//2404
f 2413//2413 2409//2409 2414//2414
f 2412//2412 2409//2409 2413//2413
f 2411//2411 2409//2409 2412//2412
f 2410//2410 2409//2409 2411//2411
f 2392//2392 2409//2409 2410//2410
f 2408//2408 2409//2409 2392//2392
f 2407//2407 2408//2408 2392//2392
f 2406//2406 2407//2407 2392//2392
f 2405//2405 2406//2406 2392//2392
f 2322//2322 2405//2405 2392//2392
f 2321//2321 2322//2322 2392//2392
f 2403//2403 2404//2404 2289//2289
f 2395//2395 2403//2403 2289//2289
f 2402//2402 2403//2403 2395//2395
f 2401//2401 2402//2402 2395//2395
f 2400//2400 2401//2401 2395//2395
f 2399//2399 2400//2400 2395//2395
f 2370//2370 2399//2399 2395//2395
f 2398//2398 2370//2370 2395//2395
f 2396//2396 2398//2398 2395//2395
f 2397//2397 2396//2396 2395//2395
f 2394//2394 2395//2395 2289//2289
f 2393//2393 2394//2394 2289//2289
f 2285//2285 2393//2393 2289//2289
f 2321//2321 2392//2392 2391//2391
f 2390//2390 2391//2391 2392//2392
f 2389//2389 2391//2391 2390//2390
f 2388//2388 2389//2389 2390//2390
f 2387//2387 2389//2389 2388//2388
f 2386//2386 2387//2387 2388//2388
f 2384//2384 2387//2387 2386//2386
f 2385//2385 2384//2384 2386//2386
f 2383//2383 2384//2384 2385//2385
f 2382//2382 2384//2384 2383//2383
f 2380//2380 2382//2382 2383//2383
f 2381//2381 2382//2382 2380//2380
f 2379//2379 2381//2381 2380//2380
f 2378//2378 2379//2379 2380//2380
f 2376//2376 2379//2379 2378//2378
f 2377//2377 2376//2376 2378//2378
f 2375//2375 2376//2376 2377//2377
f 2374//2374 2376//2376 2375//2375
f 2372//2372 2374//2374 2375//2375
f 2373//2373 2374//2374 2372//2372
f 2371//2371 2373//2373 2372//2372
f 2369//2369 2371//2371 2372//2372
f 2299//2299 2371//2371 2369//2369
f 2370//2370 2299//2299 2369//2369
f 2368//2368 2364//2364 2367//2367
f 2366//2366 2367//2367 2364//2364
f 2365//2365 2366//2366 2364//2364
f 2363//2363 2365//2365 2364//2364
f 2361//2361 2363//2363 2364//2364
f 2362//2362 2363//2363 2361//2361
f 2360//2360 2362//2362 2361//2361
f 2359//2359 2360//2360 2361//2361
f 2358//2358 2360//2360 2359//2359
f 2356//2356 2358//2358 2359//2359
f 2357//2357 2358//2358 2356//2356
f 2355//2355 2357//2357 2356//2356
f 2353//2353 2355//2355 2356//2356
f 2354//2354 2355//2355 2353//2353
f 2352//2352 2354//2354 2353//2353
f 2349//2349 2352//2352 2353//2353
f 2351//2351 2352//2352 2349//2349
f 2350//2350 2351//2351 2349//2349
f 2325//2325 2350//2350 2349//2349
f 2348//2348 2347//2347 2345//2345
f 2346//2346 2345//2345 2347//2347
f 2343//2343 2345//2345 2346//2346
f 2344//2344 2345//2345 2343//2343
f 2342//2342 2344//2344 2343//2343
f 2341//2341 2342//2342 2343//2343
f 2340//2340 2342//2342 2341//2341
f 2339//2339 2340//2340 2341//2341
f 2338//2338 2340//2340 2339//2339
f 2337//2337 2338//2338 2339//2339
f 2336//2336 2338//2338 2337//2337
f 2335//2335 2336//2336 2337//2337
f 2334//2334 2336//2336 2335//2335
f 2333//2333 2334//2334 2335//2335
f 2332//2332 2334//2334 2333//2333
f 2331//2331 2332//2332 2333//2333
f 2330//2330 2332//2332 2331//2331
f 2329//2329 2330//2330 2331//2331
f 2328//2328 2330//2330 2329//2329
f 2327//2327 2328//2328 2329//2329
f 2326//2326 2328//2328 2327//2327
f 2323//2323 2326//2326 2327//2327
f 2324//2324 2326//2326 2323//2323
f 2325//2325 2324//2324 2323//2323
f 2322//2322 2321//2321 2320//2320
f 2319//2319 2320//2320 2321//2321
f 2318//2318 2320//2320 2319//2319
f 2317//2317 2318//2318 2319//2319
f 2316//2316 2318//2318 2317//2317
f 2315//2315 2316//2316 2317//2317
f 2313//2313 2316//2316 2315//2315
f 2314//2314 2313//2313 2315//2315
f 2312//2312 2313//2313 2314//2314
f 2311//2311 2313//2313 2312//2312
f 2310//2310 2311//2311 2312//2312
f 2309//2309 2311//2311 2310//2310
f 2307//2307 2309//2309 2310//2310
f 2308//2308 2309//2309 2307//2307
f 2305//2305 2308//2308 2307//2307
f 2306//2306 2305//2305 2307//2307
f 2303//2303 2305//2305 2306//2306
f 2304//2304 2305//2305 2303//2303
f 2302//2302 2304//2304 2303//2303
f 2301//2301 2302//2302 2303//2303
f 2300//2300 2302//2302 2301//2301
f 2297//2297 2300//2300 2301//2301
f 2298//2298 2300//2300 2297//2297
f 2299//2299 2298//2298 2297//2297
f 1920//1920 2409//2409 1919//1919
f 2287//2287 1919//1919 2409//2409
f 2289//2289 2409//2409 2290//2290
f 1920//1920 2290//2290 2409//2409
f 1920//1920 1905//1905 2290//2290
f 2293//2293 2290//2290 1905//1905
f 1906//1906 1905//1905 1917//1917
f 1920//1920 1917//1917 1905//1905
f 2569//2569 2567//2567 2571//2571
f 2573//2573 2571//2571 2567//2567
f 2626//2626 2573//2573 2567//2567
f 2637//2637 2573//2573 2626//2626
f 2575//2575 2573//2573 2637//2637
f 2636//2636 2575//2575 2637//2637
f 2635//2635 2575//2575 2636//2636
f 2577//2577 2575//2575 2635//2635
f 2634//2634 2577//2577 2635//2635
f 2579//2579 2577//2577 2634//2634
f 2633//2633 2579//2579 2634//2634
f 2581//2581 2579//2579 2633//2633
f 2632//2632 2581//2581 2633//2633
f 2583//2583 2581//2581 2632//2632
f 2631//2631 2583//2583 2632//2632
f 2630//2630 2583//2583 2631//2631
f 2585//2585 2583//2583 2630//2630
f 2629//2629 2585//2585 2630//2630
f 2587//2587 2585//2585 2629//2629
f 2628//2628 2587//2587 2629//2629
f 2589//2589 2587//2587 2628//2628
f 2627//2627 2589//2589 2628//2628
f 2614//2614 2589//2589 2627//2627
f 2588//2588 2589//2589 2614//2614
f 2567//2567 2566//2566 2626//2626
f 2625//2625 2626//2626 2566//2566
f 2568//2568 2625//2625 2566//2566
f 2624//2624 2625//2625 2568//2568
f 2623//2623 2624//2624 2568//2568
f 2570//2570 2623//2623 2568//2568
f 2622//2622 2623//2623 2570//2570
f 2572//2572 2622//2622 2570//2570
f 2621//2621 2622//2622 2572//2572
f 2574//2574 2621//2621 2572//2572
f 2620//2620 2621//2621 2574//2574
f 2576//2576 2620//2620 2574//2574
f 2619//2619 2620//2620 2576//2576
f 2618//2618 2619//2619 2576//2576
f 2578//2578 2618//2618 2576//2576
f 2617//2617 2618//2618 2578//2578
f 2580//2580 2617//2617 2578//2578
f 2616//2616 2617//2617 2580//2580
f 2582//2582 2616//2616 2580//2580
f 2615//2615 2616//2616 2582//2582
f 2614//2614 2615//2615 2582//2582
f 2584//2584 2614//2614 2582//2582
f 2588//2588 2614//2614 2584//2584
f 2586//2586 2588//2588 2584//2584
f 2394//2394 2//2 2393//2393
f 2//2 2394//2394 4//4
f 2593//2593 2591//2591 2595//2595
f 2597//2597 2595//2595 2591//2591
f 2650//2650 2597//2597 2591//2591
f 2661//2661 2597//2597 2650//2650
f 2599//2599 2597//2597 2661//2661
f 2660//2660 2599//2599 2661//2661
f 2659//2659 2599//2599 2660//2660
f 2601//2601 2599//2599 2659//2659
f 2658//2658 2601//2601 2659//2659
f 2603//2603 2601//2601 2658//2658
f 2657//2657 2603//2603 2658//2658
f 2605//2605 2603//2603 2657//2657
f 2656//2656 2605//2605 2657//2657
f 2607//2607 2605//2605 2656//2656
f 2655//2655 2607//2607 2656//2656
f 2654//2654 2607//2607 2655//2655
f 2609//2609 2607//2607 2654//2654
f 2653//2653 2609//2609 2654//2654
f 2611//2611 2609//2609 2653//2653
f 2652//2652 2611//2611 2653//2653
f 2613//2613 2611//2611 2652//2652
f 2651//2651 2613//2613 2652//2652
f 2638//2638 2613//2613 2651//2651
f 2612//2612 2613//2613 2638//2638
f 2591//2591 2590//2590 2650//2650
f 2649//2649 2650//2650 2590//2590
f 2592//2592 2649//2649 2590//2590
f 2648//2648 2649//2649 2592//2592
f 2647//2647 2648//2648 2592//2592
f 2594//2594 2647//2647 2592//2592
f 2646//2646 2647//2647 2594//2594
f 2596//2596 2646//2646 2594//2594
f 2645//2645 2646//2646 2596//2596
f 2598//2598 2645//2645 2596//2596
f 2644//2644 2645//2645 2598//2598
f 2643//2643 2644//2644 2598//2598
f 2600//2600 2643//2643 2598//2598
f 2642//2642 2643//2643 2600//2600
f 2602//2602 2642//2642 2600//2600
f 2641//2641 2642//2642 2602//2602
f 2604//2604 2641//2641 2602//2602
f 2640//2640 2641//2641 2604//2604
f 2606//2606 2640//2640 2604//2604
f 2639//2639 2640//2640 2606//2606
f 2638//2638 2639//2639 2606//2606
f 2608//2608 2638//2638 2606//2606
f 2612//2612 2638//2638 2608//2608
f 2610//2610 2612//2612 2608//2608
f 2089//2089 2088//2088 2108//2108
f 2106//2106 2108//2108 2088//2088
f 2086//2086 2106//2106 2088//2088
f 2105//2105 2106//2106 2086//2086
f 2085//2085 2105//2105 2086//2086
f 2103//2103 2105//2105 2085//2085
f 2083//2083 2103//2103 2085//2085
f 2081//2081 2103//2103 2083//2083
f 2101//2101 2103//2103 2081//2081
f 2099//2099 2101//2101 2081//2081
f 2080//2080 2099//2099 2081//2081
f 2078//2078 2099//2099 2080//2080
f 2098//2098 2099//2099 2078//2078
f 2096//2096 2098//2098 2078//2078
f 2076//2076 2096//2096 2078//2078
f 2074//2074 2096//2096 2076//2076
f 2094//2094 2096//2096 2074//2074
f 2093//2093 2094//2094 2074//2074
f 2073//2073 2093//2093 2074//2074
f 2091//2091 2093//2093 2073//2073
f 2071//2071 2091//2091 2073//2073
f 2070//2070 2091//2091 2071//2071
f 2674//2674 2673//2673 2685//2685
f 2684//2684 2685//2685 2673//2673
f 2672//2672 2684//2684 2673//2673
f 2900//2900 2684//2684 2672//2672
f 2901//2901 2684//2684 2900//2900
f 2683//2683 2684//2684 2901//2901
f 2902//2902 2683//2683 2901//2901
f 2903//2903 2683//2683 2902//2902
f 2682//2682 2683//2683 2903//2903
f 2904//2904 2682//2682 2903//2903
f 2681//2681 2682//2682 2904//2904
f 2905//2905 2681//2681 2904//2904
f 2680//2680 2681//2681 2905//2905
f 2906//2906 2680//2680 2905//2905
f 2679//2679 2680//2680 2906//2906
f 2907//2907 2679//2679 2906//2906
f 2908//2908 2679//2679 2907//2907
f 2678//2678 2679//2679 2908//2908
f 2909//2909 2678//2678 2908//2908
f 2677//2677 2678//2678 2909//2909
f 2910//2910 2677//2677 2909//2909
f 2676//2676 2677//2677 2910//2910
f 2911//2911 2676//2676 2910//2910
f 2912//2912 2676//2676 2911//2911
f 2664//2664 2676//2676 2912//2912
f 2663//2663 2676//2676 2664//2664
f 2675//2675 2676//2676 2663//2663
f 2662//2662 2675//2675 2663//2663
f 2671//2671 2913//2913 2672//2672
f 2900//2900 2672//2672 2913//2913
f 2914//2914 2913//2913 2671//2671
f 2915//2915 2914//2914 2671//2671
f 2670//2670 2915//2915 2671//2671
f 2916//2916 2915//2915 2670//2670
f 2669//2669 2916//2916 2670//2670
f 2917//2917 2916//2916 2669//2669
f 2668//2668 2917//2917 2669//2669
f 2918//2918 2917//2917 2668//2668
f 2919//2919 2918//2918 2668//2668
f 2667//2667 2919//2919 2668//2668
f 2920//2920 2919//2919 2667//2667
f 2666//2666 2920//2920 2667//2667
f 2921//2921 2920//2920 2666//2666
f 2665//2665 2921//2921 2666//2666
f 2922//2922 2921//2921 2665//2665
f 2664//2664 2922//2922 2665//2665
f 2923//2923 2922//2922 2664//2664
f 2912//2912 2923//2923 2664//2664
f 2292//2292 2//2 4//4
f 4//4 2291//2291 2292//2292
f 4//4 2294//2294 2291//2291
f 2294//2294 4//4 2295//2295
f 2542//2542 2544//2544 2543//2543
f 2545//2545 2543//2543 2544//2544
f 2674//2674 2545//2545 2544//2544
f 2685//2685 2545//2545 2674//2674
f 2547//2547 2545//2545 2685//2685
f 2684//2684 2547//2547 2685//2685
f 2683//2683 2547//2547 2684//2684
f 2549//2549 2547//2547 2683//2683
f 2682//2682 2549//2549 2683//2683
f 2551//2551 2549//2549 2682//2682
f 2681//2681 2551//2551 2682//2682
f 2553//2553 2551//2551 2681//2681
f 2680//2680 2553//2553 2681//2681
f 2555//2555 2553//2553 2680//2680
f 2679//2679 2555//2555 2680//2680
f 2678//2678 2555//2555 2679//2679
f 2557//2557 2555//2555 2678//2678
f 2677//2677 2557//2557 2678//2678
f 2559//2559 2557//2557 2677//2677
f 2676//2676 2559//2559 2677//2677
f 2561//2561 2559//2559 2676//2676
f 2675//2675 2561//2561 2676//2676
f 2662//2662 2561//2561 2675//2675
f 2563//2563 2561//2561 2662//2662
f 2544//2544 2546//2546 2674//2674
f 2673//2673 2674//2674 2546//2546
f 2548//2548 2673//2673 2546//2546
f 2672//2672 2673//2673 2548//2548
f 2671//2671 2672//2672 2548//2548
f 2550//2550 2671//2671 2548//2548
f 2670//2670 2671//2671 2550//2550
f 2552//2552 2670//2670 2550//2550
f 2669//2669 2670//2670 2552//2552
f 2554//2554 2669//2669 2552//2552
f 2668//2668 2669//2669 2554//2554
f 2667//2667 2668//2668 2554//2554
f 2556//2556 2667//2667 2554//2554
f 2666//2666 2667//2667 2556//2556
f 2558//2558 2666//2666 2556//2556
f 2665//2665 2666//2666 2558//2558
f 2560//2560 2665//2665 2558//2558
f 2664//2664 2665//2665 2560//2560
f 2562//2562 2664//2664 2560//2560
f 2663//2663 2664//2664 2562//2562
f 2662//2662 2663//2663 2562//2562
f 2564//2564 2662//2662 2562//2562
f 2563//2563 2662//2662 2564//2564
f 2565//2565 2563//2563 2564//2564
f 2016//2016 2014//2014 2015//2015
f 2013//2013 2015//2015 2014//2014
f 1990//1990 2013//2013 2014//2014
f 2011//2011 2013//2013 1990//1990
f 1989//1989 2011//2011 1990//1990
f 2012//2012 2011//2011 1989//1989
f 2010//2010 2011//2011 2012//2012
f 2008//2008 2011//2011 2010//2010
f 2009//2009 2008//2008 2010//2010
f 2007//2007 2008//2008 2009//2009
f 2006//2006 2008//2008 2007//2007
f 2005//2005 2006//2006 2007//2007
f 2004//2004 2006//2006 2005//2005
f 2003//2003 2004//2004 2005//2005
f 2001//2001 2004//2004 2003//2003
f 2002//2002 2001//2001 2003//2003
f 2000//2000 2001//2001 2002//2002
f 1999//1999 2001//2001 2000//2000
f 1998//1998 1999//1999 2000//2000
f 1996//1996 1999//1999 1998//1998
f 1997//1997 1996//1996 1998//1998
f 1995//1995 1996//1996 1997//1997
f 1994//1994 1996//1996 1995//1995
f 1971//1971 1994//1994 1995//1995
f 1969//1969 1994//1994 1971//1971
f 1991//1991 1994//1994 1969//1969
f 1992//1992 1994//1994 1991//1991
f 1993//1993 1992//1992 1991//1991
f 1990//1990 1987//1987 1989//1989
f 1988//1988 1989//1989 1987//1987
f 1986//1986 1988//1988 1987//1987
f 1984//1984 1986//1986 1987//1987
f 1985//1985 1986//1986 1984//1984
f 1983//1983 1985//1985 1984//1984
f 1982//1982 1983//1983 1984//1984
f 1981//1981 1983//1983 1982//1982
f 1979//1979 1981//1981 1982//1982
f 1980//1980 1981//1981 1979//1979
f 1978//1978 1980//1980 1979//1979
f 1977//1977 1978//1978 1979//1979
f 1976//1976 1978//1978 1977//1977
f 1975//1975 1976//1976 1977//1977
f 1974//1974 1976//1976 1975//1975
f 1972//1972 1974//1974 1975//1975
f 1973//1973 1974//1974 1972//1972
f 1970//1970 1973//1973 1972//1972
f 1969//1969 1970//1970 1972//1972
f 1971//1971 1970//1970 1969//1969
f 2650//2650 2649//2649 2661//2661
f 2660//2660 2661//2661 2649//2649
f 2648//2648 2660//2660 2649//2649
f 2924//2924 2660//2660 2648//2648
f 2925//2925 2660//2660 2924//2924
f 2659//2659 2660//2660 2925//2925
f 2926//2926 2659//2659 2925//2925
f 2927//2927 2659//2659 2926//2926
f 2658//2658 2659//2659 2927//2927
f 2928//2928 2658//2658 2927//2927
f 2657//2657 2658//2658 2928//2928
f 2929//2929 2657//2657 2928//2928
f 2656//2656 2657//2657 2929//2929
f 2930//2930 2656//2656 2929//2929
f 2655//2655 2656//2656 2930//2930
f 2931//2931 2655//2655 2930//2930
f 2932//2932 2655//2655 2931//2931
f 2654//2654 2655//2655 2932//2932
f 2933//2933 2654//2654 2932//2932
f 2653//2653 2654//2654 2933//2933
f 2934//2934 2653//2653 2933//2933
f 2652//2652 2653//2653 2934//2934
f 2935//2935 2652//2652 2934//2934
f 2936//2936 2652//2652 2935//2935
f 2647//2647 2937//2937 2648//2648
f 2924//2924 2648//2648 2937//2937
f 2938//2938 2937//2937 2647//2647
f 2939//2939 2938//2938 2647//2647
f 2646//2646 2939//2939 2647//2647
f 2940//2940 2939//2939 2646//2646
f 2645//2645 2940//2940 2646//2646
f 2941//2941 2940//2940 2645//2645
f 2644//2644 2941//2941 2645//2645
f 2942//2942 2941//2941 2644//2644
f 2943//2943 2942//2942 2644//2644
f 2643//2643 2943//2943 2644//2644
f 2944//2944 2943//2943 2643//2643
f 2642//2642 2944//2944 2643//2643
f 2945//2945 2944//2944 2642//2642
f 2641//2641 2945//2945 2642//2642
f 2946//2946 2945//2945 2641//2641
f 2640//2640 2946//2946 2641//2641
f 2947//2947 2946//2946 2640//2640
f 2936//2936 2947//2947 2640//2640
f 2652//2652 2936//2936 2640//2640
f 2651//2651 2652//2652 2640//2640
f 2639//2639 2651//2651 2640//2640
f 2638//2638 2651//2651 2639//2639
f 2924//2924 2937//2937 2925//2925
f 2926//2926 2925//2925 2937//2937
f 2938//2938 2926//2926 2937//2937
f 2948//2948 2926//2926 2938//2938
f 2949//2949 2926//2926 2948//2948
f 2927//2927 2926//2926 2949//2949
f 2950//2950 2927//2927 2949//2949
f 2951//2951 2927//2927 2950//2950
f 2928//2928 2927//2927 2951//2951
f 2952//2952 2928//2928 2951//2951
f 2929//2929 2928//2928 2952//2952
f 2953//2953 2929//2929 2952//2952
f 2930//2930 2929//2929 2953//2953
f 2954//2954 2930//2930 2953//2953
f 2931//2931 2930//2930 2954//2954
f 2955//2955 2931//2931 2954//2954
f 2956//2956 2931//2931 2955//2955
f 2932//2932 2931//2931 2956//2956
f 2957//2957 2932//2932 2956//2956
f 2933//2933 2932//2932 2957//2957
f 2958//2958 2933//2933 2957//2957
f 2934//2934 2933//2933 2958//2958
f 2959//2959 2934//2934 2958//2958
f 2960//2960 2934//2934 2959//2959
f 2946//2946 2934//2934 2960//2960
f 2947//2947 2934//2934 2946//2946
f 2935//2935 2934//2934 2947//2947
f 2936//2936 2935//2935 2947//2947
f 2939//2939 2961//2961 2938//2938
f 2948//2948 2938//2938 2961//2961
f 2962//2962 2961//2961 2939//2939
f 2963//2963 2962//2962 2939//2939
f 2940//2940 2963//2963 2939//2939
f 2964//2964 2963//2963 2940//2940
f 2941//2941 2964//2964 2940//2940
f 2965//2965 2964//2964 2941//2941
f 2942//2942 2965//2965 2941//2941
f 2966//2966 2965//2965 2942//2942
f 2967//2967 2966//2966 2942//2942
f 2943//2943 2967//2967 2942//2942
f 2968//2968 2967//2967 2943//2943
f 2944//2944 2968//2968 2943//2943
f 2969//2969 2968//2968 2944//2944
f 2945//2945 2969//2969 2944//2944
f 2970//2970 2969//2969 2945//2945
f 2946//2946 2970//2970 2945//2945
f 2971//2971 2970//2970 2946//2946
f 2960//2960 2971//2971 2946//2946
f 2064//2064 2063//2063 2950//2950
f 2951//2951 2950//2950 2063//2063
f 2061//2061 2951//2951 2063//2063
f 2952//2952 2951//2951 2061//2061
f 2059//2059 2952//2952 2061//2061
f 2056//2056 2952//2952 2059//2059
f 2953//2953 2952//2952 2056//2056
f 2054//2054 2953//2953 2056//2056
f 2954//2954 2953//2953 2054//2054
f 2052//2052 2954//2954 2054//2054
f 2955//2955 2954//2954 2052//2052
f 2049//2049 2955//2955 2052//2052
f 2047//2047 2955//2955 2049//2049
f 2956//2956 2955//2955 2047//2047
f 2044//2044 2956//2956 2047//2047
f 2957//2957 2956//2956 2044//2044
f 2021//2021 2957//2957 2044//2044
f 2018//2018 2957//2957 2021//2021
f 2958//2958 2957//2957 2018//2018
f 2019//2019 2958//2958 2018//2018
f 2948//2948 2961//2961 2949//2949
f 2950//2950 2949//2949 2961//2961
f 2962//2962 2950//2950 2961//2961
f 2064//2064 2950//2950 2962//2962
f 2062//2062 2064//2064 2962//2962
f 2963//2963 2062//2062 2962//2962
f 2042//2042 2062//2062 2963//2963
f 2964//2964 2042//2042 2963//2963
f 2039//2039 2042//2042 2964//2964
f 2036//2036 2039//2039 2964//2964
f 2965//2965 2036//2036 2964//2964
f 2034//2034 2036//2036 2965//2965
f 2966//2966 2034//2034 2965//2965
f 2031//2031 2034//2034 2966//2966
f 2029//2029 2031//2031 2966//2966
f 2967//2967 2029//2029 2966//2966
f 2027//2027 2029//2029 2967//2967
f 2968//2968 2027//2027 2967//2967
f 2024//2024 2027//2027 2968//2968
f 2969//2969 2024//2024 2968//2968
f 2020//2020 2024//2024 2969//2969
f 2017//2017 2020//2020 2969//2969
f 2970//2970 2017//2017 2969//2969
f 2019//2019 2017//2017 2970//2970
f 2958//2958 2019//2019 2970//2970
f 2959//2959 2958//2958 2970//2970
f 2971//2971 2959//2959 2970//2970
f 2960//2960 2959//2959 2971//2971
f 2064//2064 2062//2062 2063//2063
f 2061//2061 2063//2063 2062//2062
f 2042//2042 2061//2061 2062//2062
f 2059//2059 2061//2061 2042//2042
f 2041//2041 2059//2059 2042//2042
f 2060//2060 2059//2059 2041//2041
f 2058//2058 2059//2059 2060//2060
f 2056//2056 2059//2059 2058//2058
f 2057//2057 2056//2056 2058//2058
f 2055//2055 2056//2056 2057//2057
f 2054//2054 2056//2056 2055//2055
f 2053//2053 2054//2054 2055//2055
f 2052//2052 2054//2054 2053//2053
f 2051//2051 2052//2052 2053//2053
f 2049//2049 2052//2052 2051//2051
f 2050//2050 2049//2049 2051//2051
f 2048//2048 2049//2049 2050//2050
f 2047//2047 2049//2049 2048//2048
f 2046//2046 2047//2047 2048//2048
f 2044//2044 2047//2047 2046//2046
f 2045//2045 2044//2044 2046//2046
f 2043//2043 2044//2044 2045//2045
f 2021//2021 2044//2044 2043//2043
f 2022//2022 2021//2021 2043//2043
f 2042//2042 2039//2039 2041//2041
f 2040//2040 2041//2041 2039//2039
f 2038//2038 2040//2040 2039//2039
f 2036//2036 2038//2038 2039//2039
f 2037//2037 2038//2038 2036//2036
f 2035//2035 2037//2037 2036//2036
f 2034//2034 2035//2035 2036//2036
f 2033//2033 2035//2035 2034//2034
f 2031//2031 2033//2033 2034//2034
f 2032//2032 2033//2033 2031//2031
f 2030//2030 2032//2032 2031//2031
f 2029//2029 2030//2030 2031//2031
f 2028//2028 2030//2030 2029//2029
f 2027//2027 2028//2028 2029//2029
f 2026//2026 2028//2028 2027//2027
f 2024//2024 2026//2026 2027//2027
f 2025//2025 2026//2026 2024//2024
f 2023//2023 2025//2025 2024//2024
f 2020//2020 2023//2023 2024//2024
f 2022//2022 2023//2023 2020//2020
f 2021//2021 2022//2022 2020//2020
f 2018//2018 2021//2021 2020//2020
f 2017//2017 2018//2018 2020//2020
f 2019//2019 2018//2018 2017//2017
f 2626//2626 2625//2625 2637//2637
f 2636//2636 2637//2637 2625//2625
f 2624//2624 2636//2636 2625//2625
f 2972//2972 2636//2636 2624//2624
f 2973//2973 2636//2636 2972//2972
f 2635//2635 2636//2636 2973//2973
f 2974//2974 2635//2635 2973//2973
f 2975//2975 2635//2635 2974//2974
f 2634//2634 2635//2635 2975//2975
f 2976//2976 2634//2634 2975//2975
f 2633//2633 2634//2634 2976//2976
f 2977//2977 2633//2633 2976//2976
f 2632//2632 2633//2633 2977//2977
f 2978//2978 2632//2632 2977//2977
f 2631//2631 2632//2632 2978//2978
f 2979//2979 2631//2631 2978//2978
f 2980//2980 2631//2631 2979//2979
f 2630//2630 2631//2631 2980//2980
f 2981//2981 2630//2630 2980//2980
f 2629//2629 2630//2630 2981//2981
f 2982//2982 2629//2629 2981//2981
f 2628//2628 2629//2629 2982//2982
f 2983//2983 2628//2628 2982//2982
f 2984//2984 2628//2628 2983//2983
f 2623//2623 2985//2985 2624//2624
f 2972//2972 2624//2624 2985//2985
f 2986//2986 2985//2985 2623//2623
f 2987//2987 2986//2986 2623//2623
f 2622//2622 2987//2987 2623//2623
f 2988//2988 2987//2987 2622//2622
f 2621//2621 2988//2988 2622//2622
f 2989//2989 2988//2988 2621//2621
f 2620//2620 2989//2989 2621//2621
f 2990//2990 2989//2989 2620//2620
f 2991//2991 2990//2990 2620//2620
f 2619//2619 2991//2991 2620//2620
f 2992//2992 2991//2991 2619//2619
f 2618//2618 2992//2992 2619//2619
f 2993//2993 2992//2992 2618//2618
f 2617//2617 2993//2993 2618//2618
f 2994//2994 2993//2993 2617//2617
f 2616//2616 2994//2994 2617//2617
f 2995//2995 2994//2994 2616//2616
f 2984//2984 2995//2995 2616//2616
f 2628//2628 2984//2984 2616//2616
f 2627//2627 2628//2628 2616//2616
f 2615//2615 2627//2627 2616//2616
f 2614//2614 2627//2627 2615//2615
f 2972//2972 2985//2985 2973//2973
f 2974//2974 2973//2973 2985//2985
f 2986//2986 2974//2974 2985//2985
f 2996//2996 2974//2974 2986//2986
f 2997//2997 2974//2974 2996//2996
f 2975//2975 2974//2974 2997//2997
f 2998//2998 2975//2975 2997//2997
f 2999//2999 2975//2975 2998//2998
f 2976//2976 2975//2975 2999//2999
f 3000//3000 2976//2976 2999//2999
f 2977//2977 2976//2976 3000//3000
f 3001//3001 2977//2977 3000//3000
f 2978//2978 2977//2977 3001//3001
f 3002//3002 2978//2978 3001//3001
f 2979//2979 2978//2978 3002//3002
f 3003//3003 2979//2979 3002//3002
f 3004//3004 2979//2979 3003//3003
f 2980//2980 2979//2979 3004//3004
f 3005//3005 2980//2980 3004//3004
f 2981//2981 2980//2980 3005//3005
f 3006//3006 2981//2981 3005//3005
f 2982//2982 2981//2981 3006//3006
f 3007//3007 2982//2982 3006//3006
f 3008//3008 2982//2982 3007//3007
f 2994//2994 2982//2982 3008//3008
f 2995//2995 2982//2982 2994//2994
f 2983//2983 2982//2982 2995//2995
f 2984//2984 2983//2983 2995//2995
f 2987//2987 3009//3009 2986//2986
f 2996//2996 2986//2986 3009//3009
f 3010//3010 3009//3009 2987//2987
f 3011//3011 3010//3010 2987//2987
f 2988//2988 3011//3011 2987//2987
f 3012//3012 3011//3011 2988//2988
f 2989//2989 3012//3012 2988//2988
f 3013//3013 3012//3012 2989//2989
f 2990//2990 3013//3013 2989//2989
f 3014//3014 3013//3013 2990//2990
f 3015//3015 3014//3014 2990//2990
f 2991//2991 3015//3015 2990//2990
f 3016//3016 3015//3015 2991//2991
f 2992//2992 3016//3016 2991//2991
f 3017//3017 3016//3016 2992//2992
f 2993//2993 3017//3017 2992//2992
f 3018//3018 3017//3017 2993//2993
f 2994//2994 3018//3018 2993//2993
f 3019//3019 3018//3018 2994//2994
f 3008//3008 3019//3019 2994//2994
f 2996//2996 3009//3009 2997//2997
f 2998//2998 2997//2997 3009//3009
f 3010//3010 2998//2998 3009//3009
f 2112//2112 2998//2998 3010//3010
f 2111//2111 2998//2998 2112//2112
f 2999//2999 2998//2998 2111//2111
f 2109//2109 2999//2999 2111//2111
f 3000//3000 2999//2999 2109//2109
f 2107//2107 3000//3000 2109//2109
f 2104//2104 3000//3000 2107//2107
f 3001//3001 3000//3000 2104//2104
f 2102//2102 3001//3001 2104//2104
f 3002//3002 3001//3001 2102//2102
f 2100//2100 3002//3002 2102//2102
f 3003//3003 3002//3002 2100//2100
f 2097//2097 3003//3003 2100//2100
f 2095//2095 3003//3003 2097//2097
f 3004//3004 3003//3003 2095//2095
f 2092//2092 3004//3004 2095//2095
f 3005//3005 3004//3004 2092//2092
f 2069//2069 3005//3005 2092//2092
f 2066//2066 3005//3005 2069//2069
f 3006//3006 3005//3005 2066//2066
f 2067//2067 3006//3006 2066//2066
f 3018//3018 3006//3006 2067//2067
f 3019//3019 3006//3006 3018//3018
f 3007//3007 3006//3006 3019//3019
f 3008//3008 3007//3007 3019//3019
f 3011//3011 2110//2110 3010//3010
f 2112//2112 3010//3010 2110//2110
f 2090//2090 2110//2110 3011//3011
f 3012//3012 2090//2090 3011//3011
f 2087//2087 2090//2090 3012//3012
f 2084//2084 2087//2087 3012//3012
f 3013//3013 2084//2084 3012//3012
f 2082//2082 2084//2084 3013//3013
f 3014//3014 2082//2082 3013//3013
f 2079//2079 2082//2082 3014//3014
f 2077//2077 2079//2079 3014//3014
f 3015//3015 2077//2077 3014//3014
f 2075//2075 2077//2077 3015//3015
f 3016//3016 2075//2075 3015//3015
f 2072//2072 2075//2075 3016//3016
f 3017//3017 2072//2072 3016//3016
f 2068//2068 2072//2072 3017//3017
f 2065//2065 2068//2068 3017//3017
f 3018//3018 2065//2065 3017//3017
f 2067//2067 2065//2065 3018//3018
f 2112//2112 2110//2110 2111//2111
f 2109//2109 2111//2111 2110//2110
f 2090//2090 2109//2109 2110//2110
f 2107//2107 2109//2109 2090//2090
f 2089//2089 2107//2107 2090//2090
f 2108//2108 2107//2107 2089//2089
f 2106//2106 2107//2107 2108//2108
f 2104//2104 2107//2107 2106//2106
f 2105//2105 2104//2104 2106//2106
f 2103//2103 2104//2104 2105//2105
f 2102//2102 2104//2104 2103//2103
f 2101//2101 2102//2102 2103//2103
f 2100//2100 2102//2102 2101//2101
f 2099//2099 2100//2100 2101//2101
f 2097//2097 2100//2100 2099//2099
f 2098//2098 2097//2097 2099//2099
f 2096//2096 2097//2097 2098//2098
f 2095//2095 2097//2097 2096//2096
f 2094//2094 2095//2095 2096//2096
f 2092//2092 2095//2095 2094//2094
f 2093//2093 2092//2092 2094//2094
f 2091//2091 2092//2092 2093//2093
f 2069//2069 2092//2092 2091//2091
f 2070//2070 2069//2069 2091//2091
f 2090//2090 2087//2087 2089//2089
f 2088//2088 2089//2089 2087//2087
f 2086//2086 2088//2088 2087//2087
f 2084//2084 2086//2086 2087//2087
f 2085//2085 2086//2086 2084//2084
f 2083//2083 2085//2085 2084//2084
f 2082//2082 2083//2083 2084//2084
f 2081//2081 2083//2083 2082//2082
f 2079//2079 2081//2081 2082//2082
f 2080//2080 2081//2081 2079//2079
f 2078//2078 2080//2080 2079//2079
f 2077//2077 2078//2078 2079//2079
f 2076//2076 2078//2078 2077//2077
f 2075//2075 2076//2076 2077//2077
f 2074//2074 2076//2076 2075//2075
f 2072//2072 2074//2074 2075//2075
f 2073//2073 2074//2074 2072//2072
f 2071//2071 2073//2073 2072//2072
f 2068//2068 2071//2071 2072//2072
f 2070//2070 2071//2071 2068//2068
f 2069//2069 2070//2070 2068//2068
f 2066//2066 2069//2069 2068//2068
f 2065//2065 2066//2066 2068//2068
f 2067//2067 2066//2066 2065//2065
f 2041//2041 2040//2040 2060//2060
f 2058//2058 2060//2060 2040//2040
f 2038//2038 2058//2058 2040//2040
f 2057//2057 2058//2058 2038//2038
f 2037//2037 2057//2057 2038//2038
f 2035//2035 2057//2057 2037//2037
f 2055//2055 2057//2057 2035//2035
f 2053//2053 2055//2055 2035//2035
f 2033//2033 2053//2053 2035//2035
f 2032//2032 2053//2053 2033//2033
f 2051//2051 2053//2053 2032//2032
f 2050//2050 2051//2051 2032//2032
f 2030//2030 2050//2050 2032//2032
f 2048//2048 2050//2050 2030//2030
f 2028//2028 2048//2048 2030//2030
f 2026//2026 2048//2048 2028//2028
f 2046//2046 2048//2048 2026//2026
f 2025//2025 2046//2046 2026//2026
f 2045//2045 2046//2046 2025//2025
f 2043//2043 2045//2045 2025//2025
f 2023//2023 2043//2043 2025//2025
f 2022//2022 2043//2043 2023//2023
f 3020//3020 3021//3021 3022//3022
f 3023//3023 3022//3022 3021//3021
f 3024//3024 3023//3023 3021//3021
f 3025//3025 3023//3023 3024//3024
f 3026//3026 3023//3023 3025//3025
f 3027//3027 3026//3026 3025//3025
f 3028//3028 3026//3026 3027//3027
f 3029//3029 3028//3028 3027//3027
f 3030//3030 3028//3028 3029//3029
f 3031//3031 3030//3030 3029//3029
f 3032//3032 3030//3030 3031//3031
f 3033//3033 3032//3032 3031//3031
f 3034//3034 3032//3032 3033//3033
f 3035//3035 3032//3032 3034//3034
f 3036//3036 3035//3035 3034//3034
f 3037//3037 3035//3035 3036//3036
f 3038//3038 3037//3037 3036//3036
f 3039//3039 3037//3037 3038//3038
f 3040//3040 3039//3039 3038//3038
f 3041//3041 3039//3039 3040//3040
f 3042//3042 3043//3043 3044//3044
f 3045//3045 3044//3044 3043//3043
f 3022//3022 3044//3044 3045//3045
f 3020//3020 3022//3022 3045//3045
f 3046//3046 3020//3020 3045//3045
f 3047//3047 3046//3046 3045//3045
f 3048//3048 3046//3046 3047//3047
f 3049//3049 3048//3048 3047//3047
f 3050//3050 3049//3049 3047//3047
f 3051//3051 3049//3049 3050//3050
f 3052//3052 3051//3051 3050//3050
f 3053//3053 3051//3051 3052//3052
f 3054//3054 3053//3053 3052//3052
f 3055//3055 3053//3053 3054//3054
f 3056//3056 3055//3055 3054//3054
f 3057//3057 3055//3055 3056//3056
f 3058//3058 3057//3057 3056//3056
f 3059//3059 3058//3058 3056//3056
f 3060//3060 3058//3058 3059//3059
f 3061//3061 3060//3060 3059//3059
f 3062//3062 3060//3060 3061//3061
f 3063//3063 3062//3062 3061//3061
f 3064//3064 3062//3062 3063//3063
f 3041//3041 3064//3064 3063//3063
f 3039//3039 3041//3041 3063//3063
f 3065//3065 3039//3039 3063//3063
f 3066//3066 3065//3065 3063//3063
f 3067//3067 3065//3065 3066//3066
f 2900//2900 2913//2913 2901//2901
f 2902//2902 2901//2901 2913//2913
f 2914//2914 2902//2902 2913//2913
f 3068//3068 2902//2902 2914//2914
f 3069//3069 2902//2902 3068//3068
f 2903//2903 2902//2902 3069//3069
f 3070//3070 2903//2903 3069//3069
f 3071//3071 2903//2903 3070//3070
f 2904//2904 2903//2903 3071//3071
f 3072//3072 2904//2904 3071//3071
f 2905//2905 2904//2904 3072//3072
f 3073//3073 2905//2905 3072//3072
f 2906//2906 2905//2905 3073//3073
f 3074//3074 2906//2906 3073//3073
f 2907//2907 2906//2906 3074//3074
f 3075//3075 2907//2907 3074//3074
f 3076//3076 2907//2907 3075//3075
f 2908//2908 2907//2907 3076//3076
f 3077//3077 2908//2908 3076//3076
f 2909//2909 2908//2908 3077//3077
f 3078//3078 2909//2909 3077//3077
f 2910//2910 2909//2909 3078//3078
f 3079//3079 2910//2910 3078//3078
f 3080//3080 2910//2910 3079//3079
f 2922//2922 2910//2910 3080//3080
f 2923//2923 2910//2910 2922//2922
f 2911//2911 2910//2910 2923//2923
f 2912//2912 2911//2911 2923//2923
f 2915//2915 3081//3081 2914//2914
f 3068//3068 2914//2914 3081//3081
f 3082//3082 3081//3081 2915//2915
f 3083//3083 3082//3082 2915//2915
f 2916//2916 3083//3083 2915//2915
f 3084//3084 3083//3083 2916//2916
f 2917//2917 3084//3084 2916//2916
f 3085//3085 3084//3084 2917//2917
f 2918//2918 3085//3085 2917//2917
f 3086//3086 3085//3085 2918//2918
f 3087//3087 3086//3086 2918//2918
f 2919//2919 3087//3087 2918//2918
f 3088//3088 3087//3087 2919//2919
f 2920//2920 3088//3088 2919//2919
f 3089//3089 3088//3088 2920//2920
f 2921//2921 3089//3089 2920//2920
f 3090//3090 3089//3089 2921//2921
f 2922//2922 3090//3090 2921//2921
f 3091//3091 3090//3090 2922//2922
f 3080//3080 3091//3091 2922//2922
f 3068//3068 3081//3081 3069//3069
f 3070//3070 3069//3069 3081//3081
f 3082//3082 3070//3070 3081//3081
f 2016//2016 3070//3070 3082//3082
f 2015//2015 3070//3070 2016//2016
f 3071//3071 3070//3070 2015//2015
f 2013//2013 3071//3071 2015//2015
f 3072//3072 3071//3071 2013//2013
f 2011//2011 3072//3072 2013//2013
f 2008//2008 3072//3072 2011//2011
f 3073//3073 3072//3072 2008//2008
f 2006//2006 3073//3073 2008//2008
f 3074//3074 3073//3073 2006//2006
f 2004//2004 3074//3074 2006//2006
f 3075//3075 3074//3074 2004//2004
f 2001//2001 3075//3075 2004//2004
f 1999//1999 3075//3075 2001//2001
f 3076//3076 3075//3075 1999//1999
f 1996//1996 3076//3076 1999//1999
f 3077//3077 3076//3076 1996//1996
f 1994//1994 3077//3077 1996//1996
f 1992//1992 3077//3077 1994//1994
f 3078//3078 3077//3077 1992//1992
f 1993//1993 3078//3078 1992//1992
f 3090//3090 3078//3078 1993//1993
f 3091//3091 3078//3078 3090//3090
f 3079//3079 3078//3078 3091//3091
f 3080//3080 3079//3079 3091//3091
f 3083//3083 2014//2014 3082//3082
f 2016//2016 3082//3082 2014//2014
f 1990//1990 2014//2014 3083//3083
f 3084//3084 1990//1990 3083//3083
f 1987//1987 1990//1990 3084//3084
f 1984//1984 1987//1987 3084//3084
f 3085//3085 1984//1984 3084//3084
f 1982//1982 1984//1984 3085//3085
f 3086//3086 1982//1982 3085//3085
f 1979//1979 1982//1982 3086//3086
f 1977//1977 1979//1979 3086//3086
f 3087//3087 1977//1977 3086//3086
f 1975//1975 1977//1977 3087//3087
f 3088//3088 1975//1975 3087//3087
f 1972//1972 1975//1975 3088//3088
f 3089//3089 1972//1972 3088//3088
f 1969//1969 1972//1972 3089//3089
f 1991//1991 1969//1969 3089//3089
f 3090//3090 1991//1991 3089//3089
f 1993//1993 1991//1991 3090//3090
f 1989//1989 1988//1988 2012//2012
f 2010//2010 2012//2012 1988//1988
f 1986//1986 2010//2010 1988//1988
f 2009//2009 2010//2010 1986//1986
f 1985//1985 2009//2009 1986//1986
f 1983//1983 2009//2009 1985//1985
f 2007//2007 2009//2009 1983//1983
f 2005//2005 2007//2007 1983//1983
f 1981//1981 2005//2005 1983//1983
f 1980//1980 2005//2005 1981//1981
f 2003//2003 2005//2005 1980//1980
f 1978//1978 2003//2003 1980//1980
f 2002//2002 2003//2003 1978//1978
f 2000//2000 2002//2002 1978//1978
f 1976//1976 2000//2000 1978//1978
f 1998//1998 2000//2000 1976//1976
f 1974//1974 1998//1998 1976//1976
f 1973//1973 1998//1998 1974//1974
f 1997//1997 1998//1998 1973//1973
f 1970//1970 1997//1997 1973//1973
f 1995//1995 1997//1997 1970//1970
f 1971//1971 1995//1995 1970//1970
f 2138//2138 2137//2137 2159//2159
f 2160//2160 2159//2159 2137//2137
f 2158//2158 2159//2159 2160//2160
f 2156//2156 2159//2159 2158//2158
f 2157//2157 2156//2156 2158//2158
f 2155//2155 2156//2156 2157//2157
f 2154//2154 2156//2156 2155//2155
f 2153//2153 2154//2154 2155//2155
f 2151//2151 2154//2154 2153//2153
f 2152//2152 2151//2151 2153//2153
f 2150//2150 2151//2151 2152//2152
f 2149//2149 2151//2151 2150//2150
f 2148//2148 2149//2149 2150//2150
f 2147//2147 2149//2149 2148//2148
f 2146//2146 2147//2147 2148//2148
f 2144//2144 2147//2147 2146//2146
f 2145//2145 2144//2144 2146//2146
f 2143//2143 2144//2144 2145//2145
f 2117//2117 2144//2144 2143//2143
f 2118//2118 2117//2117 2143//2143
f 2142//2142 2141//2141 2140//2140
f 2139//2139 2140//2140 2141//2141
f 2138//2138 2140//2140 2139//2139
f 2135//2135 2138//2138 2139//2139
f 2137//2137 2138//2138 2135//2135
f 2136//2136 2137//2137 2135//2135
f 2134//2134 2136//2136 2135//2135
f 2132//2132 2134//2134 2135//2135
f 2133//2133 2134//2134 2132//2132
f 2131//2131 2133//2133 2132//2132
f 2130//2130 2131//2131 2132//2132
f 2129//2129 2131//2131 2130//2130
f 2128//2128 2129//2129 2130//2130
f 2127//2127 2129//2129 2128//2128
f 2125//2125 2127//2127 2128//2128
f 2126//2126 2127//2127 2125//2125
f 2124//2124 2126//2126 2125//2125
f 2123//2123 2124//2124 2125//2125
f 2122//2122 2124//2124 2123//2123
f 2120//2120 2122//2122 2123//2123
f 2121//2121 2122//2122 2120//2120
f 2119//2119 2121//2121 2120//2120
f 2116//2116 2119//2119 2120//2120
f 2118//2118 2119//2119 2116//2116
f 2117//2117 2118//2118 2116//2116
f 2114//2114 2117//2117 2116//2116
f 2113//2113 2114//2114 2116//2116
f 2115//2115 2114//2114 2113//2113
f 2190//2190 2188//2188 3092//3092
f 3093//3093 3092//3092 2188//2188
f 2186//2186 3093//3093 2188//2188
f 3094//3094 3093//3093 2186//2186
f 2207//2207 3094//3094 2186//2186
f 2204//2204 3094//3094 2207//2207
f 3095//3095 3094//3094 2204//2204
f 2202//2202 3095//3095 2204//2204
f 3096//3096 3095//3095 2202//2202
f 2199//2199 3096//3096 2202//2202
f 2197//2197 3096//3096 2199//2199
f 3097//3097 3096//3096 2197//2197
f 2195//2195 3097//3097 2197//2197
f 3098//3098 3097//3097 2195//2195
f 2192//2192 3098//3098 2195//2195
f 3099//3099 3098//3098 2192//2192
f 2165//2165 3099//3099 2192//2192
f 2162//2162 3099//3099 2165//2165
f 3100//3100 3099//3099 2162//2162
f 2163//2163 3100//3100 2162//2162
f 3101//3101 3102//3102 3103//3103
f 3104//3104 3103//3103 3102//3102
f 3092//3092 3103//3103 3104//3104
f 2190//2190 3092//3092 3104//3104
f 2189//2189 2190//2190 3104//3104
f 3105//3105 2189//2189 3104//3104
f 2187//2187 2189//2189 3105//3105
f 3106//3106 2187//2187 3105//3105
f 2183//2183 2187//2187 3106//3106
f 2180//2180 2183//2183 3106//3106
f 3107//3107 2180//2180 3106//3106
f 2178//2178 2180//2180 3107//3107
f 3108//3108 2178//2178 3107//3107
f 2175//2175 2178//2178 3108//3108
f 2173//2173 2175//2175 3108//3108
f 3109//3109 2173//2173 3108//3108
f 2171//2171 2173//2173 3109//3109
f 3110//3110 2171//2171 3109//3109
f 2168//2168 2171//2171 3110//3110
f 3111//3111 2168//2168 3110//3110
f 2164//2164 2168//2168 3111//3111
f 2161//2161 2164//2164 3111//3111
f 3112//3112 2161//2161 3111//3111
f 2163//2163 2161//2161 3112//3112
f 3100//3100 2163//2163 3112//3112
f 3113//3113 3100//3100 3112//3112
f 3114//3114 3113//3113 3112//3112
f 3115//3115 3113//3113 3114//3114
f 3042//3042 3044//3044 2732//2732
f 2731//2731 2732//2732 3044//3044
f 3022//3022 2731//2731 3044//3044
f 3023//3023 2731//2731 3022//3022
f 2730//2730 2731//2731 3023//3023
f 3026//3026 2730//2730 3023//3023
f 2729//2729 2730//2730 3026//3026
f 3028//3028 2729//2729 3026//3026
f 2728//2728 2729//2729 3028//3028
f 3030//3030 2728//2728 3028//3028
f 2727//2727 2728//2728 3030//3030
f 3032//3032 2727//2727 3030//3030
f 3035//3035 2727//2727 3032//3032
f 2726//2726 2727//2727 3035//3035
f 3037//3037 2726//2726 3035//3035
f 2725//2725 2726//2726 3037//3037
f 3039//3039 2725//2725 3037//3037
f 2724//2724 2725//2725 3039//3039
f 3065//3065 2724//2724 3039//3039
f 3067//3067 2724//2724 3065//3065
f 2722//2722 2721//2721 2733//2733
f 2720//2720 2733//2733 2721//2721
f 2732//2732 2733//2733 2720//2720
f 3042//3042 2732//2732 2720//2720
f 3043//3043 3042//3042 2720//2720
f 2719//2719 3043//3043 2720//2720
f 3045//3045 3043//3043 2719//2719
f 3047//3047 3045//3045 2719//2719
f 2718//2718 3047//3047 2719//2719
f 3050//3050 3047//3047 2718//2718
f 2717//2717 3050//3050 2718//2718
f 3052//3052 3050//3050 2717//2717
f 2716//2716 3052//3052 2717//2717
f 3054//3054 3052//3052 2716//2716
f 2715//2715 3054//3054 2716//2716
f 3056//3056 3054//3054 2715//2715
f 3059//3059 3056//3056 2715//2715
f 2714//2714 3059//3059 2715//2715
f 3061//3061 3059//3059 2714//2714
f 2713//2713 3061//3061 2714//2714
f 3063//3063 3061//3061 2713//2713
f 2712//2712 3063//3063 2713//2713
f 3066//3066 3063//3063 2712//2712
f 3067//3067 3066//3066 2712//2712
f 2724//2724 3067//3067 2712//2712
f 2723//2723 2724//2724 2712//2712
f 2711//2711 2723//2723 2712//2712
f 2710//2710 2723//2723 2711//2711
f 2698//2698 2697//2697 2709//2709
f 2708//2708 2709//2709 2697//2697
f 2696//2696 2708//2708 2697//2697
f 3116//3116 2708//2708 2696//2696
f 3117//3117 2708//2708 3116//3116
f 2707//2707 2708//2708 3117//3117
f 3118//3118 2707//2707 3117//3117
f 3119//3119 2707//2707 3118//3118
f 2706//2706 2707//2707 3119//3119
f 3120//3120 2706//2706 3119//3119
f 2705//2705 2706//2706 3120//3120
f 3121//3121 2705//2705 3120//3120
f 2704//2704 2705//2705 3121//3121
f 3122//3122 2704//2704 3121//3121
f 3123//3123 2704//2704 3122//3122
f 2703//2703 2704//2704 3123//3123
f 3124//3124 2703//2703 3123//3123
f 2702//2702 2703//2703 3124//3124
f 3125//3125 2702//2702 3124//3124
f 2701//2701 2702//2702 3125//3125
f 3126//3126 2701//2701 3125//3125
f 2700//2700 2701//2701 3126//3126
f 3127//3127 2700//2700 3126//3126
f 3128//3128 2700//2700 3127//3127
f 2695//2695 3129//3129 2696//2696
f 3116//3116 2696//2696 3129//3129
f 3130//3130 3129//3129 2695//2695
f 3131//3131 3130//3130 2695//2695
f 2694//2694 3131//3131 2695//2695
f 3132//3132 3131//3131 2694//2694
f 2693//2693 3132//3132 2694//2694
f 3133//3133 3132//3132 2693//2693
f 2692//2692 3133//3133 2693//2693
f 3134//3134 3133//3133 2692//2692
f 3135//3135 3134//3134 2692//2692
f 2691//2691 3135//3135 2692//2692
f 3136//3136 3135//3135 2691//2691
f 2690//2690 3136//3136 2691//2691
f 3137//3137 3136//3136 2690//2690
f 2689//2689 3137//3137 2690//2690
f 3138//3138 3137//3137 2689//2689
f 2688//2688 3138//3138 2689//2689
f 3139//3139 3138//3138 2688//2688
f 3128//3128 3139//3139 2688//2688
f 2700//2700 3128//3128 2688//2688
f 2699//2699 2700//2700 2688//2688
f 2687//2687 2699//2699 2688//2688
f 2686//2686 2699//2699 2687//2687
f 2529//2529 2527//2527 2531//2531
f 2533//2533 2531//2531 2527//2527
f 2698//2698 2533//2533 2527//2527
f 2709//2709 2533//2533 2698//2698
f 2535//2535 2533//2533 2709//2709
f 2708//2708 2535//2535 2709//2709
f 2707//2707 2535//2535 2708//2708
f 2537//2537 2535//2535 2707//2707
f 2706//2706 2537//2537 2707//2707
f 2539//2539 2537//2537 2706//2706
f 2705//2705 2539//2539 2706//2706
f 2541//2541 2539//2539 2705//2705
f 2704//2704 2541//2541 2705//2705
f 2540//2540 2541//2541 2704//2704
f 2703//2703 2540//2540 2704//2704
f 2702//2702 2540//2540 2703//2703
f 2538//2538 2540//2540 2702//2702
f 2701//2701 2538//2538 2702//2702
f 2536//2536 2538//2538 2701//2701
f 2700//2700 2536//2536 2701//2701
f 2534//2534 2536//2536 2700//2700
f 2699//2699 2534//2534 2700//2700
f 2686//2686 2534//2534 2699//2699
f 2532//2532 2534//2534 2686//2686
f 2527//2527 2525//2525 2698//2698
f 2697//2697 2698//2698 2525//2525
f 2523//2523 2697//2697 2525//2525
f 2696//2696 2697//2697 2523//2523
f 2695//2695 2696//2696 2523//2523
f 2521//2521 2695//2695 2523//2523
f 2694//2694 2695//2695 2521//2521
f 2519//2519 2694//2694 2521//2521
f 2693//2693 2694//2694 2519//2519
f 2518//2518 2693//2693 2519//2519
f 2692//2692 2693//2693 2518//2518
f 2691//2691 2692//2692 2518//2518
f 2520//2520 2691//2691 2518//2518
f 2690//2690 2691//2691 2520//2520
f 2522//2522 2690//2690 2520//2520
f 2689//2689 2690//2690 2522//2522
f 2524//2524 2689//2689 2522//2522
f 2688//2688 2689//2689 2524//2524
f 2526//2526 2688//2688 2524//2524
f 2687//2687 2688//2688 2526//2526
f 2686//2686 2687//2687 2526//2526
f 2528//2528 2686//2686 2526//2526
f 2532//2532 2686//2686 2528//2528
f 2530//2530 2532//2532 2528//2528
f 2507//2507 2722//2722 2509//2509
f 2733//2733 2509//2509 2722//2722
f 2511//2511 2509//2509 2733//2733
f 2732//2732 2511//2511 2733//2733
f 2731//2731 2511//2511 2732//2732
f 2513//2513 2511//2511 2731//2731
f 2730//2730 2513//2513 2731//2731
f 2515//2515 2513//2513 2730//2730
f 2729//2729 2515//2515 2730//2730
f 2517//2517 2515//2515 2729//2729
f 2728//2728 2517//2517 2729//2729
f 2516//2516 2517//2517 2728//2728
f 2727//2727 2516//2516 2728//2728
f 2726//2726 2516//2516 2727//2727
f 2514//2514 2516//2516 2726//2726
f 2725//2725 2514//2514 2726//2726
f 2512//2512 2514//2514 2725//2725
f 2724//2724 2512//2512 2725//2725
f 2510//2510 2512//2512 2724//2724
f 2723//2723 2510//2510 2724//2724
f 2710//2710 2510//2510 2723//2723
f 2508//2508 2510//2510 2710//2710
f 2505//2505 2503//2503 2507//2507
f 2501//2501 2507//2507 2503//2503
f 2722//2722 2507//2507 2501//2501
f 2721//2721 2722//2722 2501//2501
f 2499//2499 2721//2721 2501//2501
f 2720//2720 2721//2721 2499//2499
f 2719//2719 2720//2720 2499//2499
f 2497//2497 2719//2719 2499//2499
f 2718//2718 2719//2719 2497//2497
f 2495//2495 2718//2718 2497//2497
f 2717//2717 2718//2718 2495//2495
f 2494//2494 2717//2717 2495//2495
f 2716//2716 2717//2717 2494//2494
f 2715//2715 2716//2716 2494//2494
f 2496//2496 2715//2715 2494//2494
f 2714//2714 2715//2715 2496//2496
f 2498//2498 2714//2714 2496//2496
f 2713//2713 2714//2714 2498//2498
f 2500//2500 2713//2713 2498//2498
f 2712//2712 2713//2713 2500//2500
f 2502//2502 2712//2712 2500//2500
f 2711//2711 2712//2712 2502//2502
f 2710//2710 2711//2711 2502//2502
f 2504//2504 2710//2710 2502//2502
f 2508//2508 2710//2710 2504//2504
f 2506//2506 2508//2508 2504//2504
f 2142//2142 2140//2140 3024//3024
f 3025//3025 3024//3024 2140//2140
f 2138//2138 3025//3025 2140//2140
f 3027//3027 3025//3025 2138//2138
f 2159//2159 3027//3027 2138//2138
f 2156//2156 3027//3027 2159//2159
f 3029//3029 3027//3027 2156//2156
f 2154//2154 3029//3029 2156//2156
f 3031//3031 3029//3029 2154//2154
f 2151//2151 3031//3031 2154//2154
f 2149//2149 3031//3031 2151//2151
f 3033//3033 3031//3031 2149//2149
f 2147//2147 3033//3033 2149//2149
f 3034//3034 3033//3033 2147//2147
f 2144//2144 3034//3034 2147//2147
f 3036//3036 3034//3034 2144//2144
f 2117//2117 3036//3036 2144//2144
f 2114//2114 3036//3036 2117//2117
f 3038//3038 3036//3036 2114//2114
f 2115//2115 3038//3038 2114//2114
f 3020//3020 3046//3046 3021//3021
f 3048//3048 3021//3021 3046//3046
f 3024//3024 3021//3021 3048//3048
f 2142//2142 3024//3024 3048//3048
f 2141//2141 2142//2142 3048//3048
f 3049//3049 2141//2141 3048//3048
f 2139//2139 2141//2141 3049//3049
f 3051//3051 2139//2139 3049//3049
f 2135//2135 2139//2139 3051//3051
f 2132//2132 2135//2135 3051//3051
f 3053//3053 2132//2132 3051//3051
f 2130//2130 2132//2132 3053//3053
f 3055//3055 2130//2130 3053//3053
f 2128//2128 2130//2130 3055//3055
f 3057//3057 2128//2128 3055//3055
f 2125//2125 2128//2128 3057//3057
f 2123//2123 2125//2125 3057//3057
f 3058//3058 2123//2123 3057//3057
f 2120//2120 2123//2123 3058//3058
f 3060//3060 2120//2120 3058//3058
f 2116//2116 2120//2120 3060//3060
f 2113//2113 2116//2116 3060//3060
f 3062//3062 2113//2113 3060//3060
f 2115//2115 2113//2113 3062//3062
f 3038//3038 2115//2115 3062//3062
f 3040//3040 3038//3038 3062//3062
f 3064//3064 3040//3040 3062//3062
f 3041//3041 3040//3040 3064//3064
f 3116//3116 3129//3129 3117//3117
f 3118//3118 3117//3117 3129//3129
f 3130//3130 3118//3118 3129//3129
f 3140//3140 3118//3118 3130//3130
f 3141//3141 3118//3118 3140//3140
f 3119//3119 3118//3118 3141//3141
f 3142//3142 3119//3119 3141//3141
f 3143//3143 3119//3119 3142//3142
f 3120//3120 3119//3119 3143//3143
f 3144//3144 3120//3120 3143//3143
f 3121//3121 3120//3120 3144//3144
f 3145//3145 3121//3121 3144//3144
f 3122//3122 3121//3121 3145//3145
f 3146//3146 3122//3122 3145//3145
f 3147//3147 3122//3122 3146//3146
f 3123//3123 3122//3122 3147//3147
f 3148//3148 3123//3123 3147//3147
f 3124//3124 3123//3123 3148//3148
f 3149//3149 3124//3124 3148//3148
f 3125//3125 3124//3124 3149//3149
f 3150//3150 3125//3125 3149//3149
f 3126//3126 3125//3125 3150//3150
f 3151//3151 3126//3126 3150//3150
f 3152//3152 3126//3126 3151//3151
f 3131//3131 3153//3153 3130//3130
f 3140//3140 3130//3130 3153//3153
f 3154//3154 3153//3153 3131//3131
f 3155//3155 3154//3154 3131//3131
f 3132//3132 3155//3155 3131//3131
f 3156//3156 3155//3155 3132//3132
f 3133//3133 3156//3156 3132//3132
f 3157//3157 3156//3156 3133//3133
f 3134//3134 3157//3157 3133//3133
f 3158//3158 3157//3157 3134//3134
f 3135//3135 3158//3158 3134//3134
f 3159//3159 3158//3158 3135//3135
f 3160//3160 3159//3159 3135//3135
f 3136//3136 3160//3160 3135//3135
f 3161//3161 3160//3160 3136//3136
f 3137//3137 3161//3161 3136//3136
f 3162//3162 3161//3161 3137//3137
f 3138//3138 3162//3162 3137//3137
f 3163//3163 3162//3162 3138//3138
f 3152//3152 3163//3163 3138//3138
f 3126//3126 3152//3152 3138//3138
f 3127//3127 3126//3126 3138//3138
f 3139//3139 3127//3127 3138//3138
f 3128//3128 3127//3127 3139//3139
f 2185//2185 2184//2184 2208//2208
f 2182//2182 2208//2208 2184//2184
f 2206//2206 2208//2208 2182//2182
f 2181//2181 2206//2206 2182//2182
f 2205//2205 2206//2206 2181//2181
f 2203//2203 2205//2205 2181//2181
f 2179//2179 2203//2203 2181//2181
f 2177//2177 2203//2203 2179//2179
f 2201//2201 2203//2203 2177//2177
f 2200//2200 2201//2201 2177//2177
f 2176//2176 2200//2200 2177//2177
f 2198//2198 2200//2200 2176//2176
f 2174//2174 2198//2198 2176//2176
f 2172//2172 2198//2198 2174//2174
f 2196//2196 2198//2198 2172//2172
f 2170//2170 2196//2196 2172//2172
f 2194//2194 2196//2196 2170//2170
f 2193//2193 2194//2194 2170//2170
f 2169//2169 2193//2193 2170//2170
f 2191//2191 2193//2193 2169//2169
f 2167//2167 2191//2191 2169//2169
f 2166//2166 2191//2191 2167//2167
f 2229//2229 2228//2228 2252//2252
f 2226//2226 2252//2252 2228//2228
f 2250//2250 2252//2252 2226//2226
f 2225//2225 2250//2250 2226//2226
f 2249//2249 2250//2250 2225//2225
f 2247//2247 2249//2249 2225//2225
f 2223//2223 2247//2247 2225//2225
f 2221//2221 2247//2247 2223//2223
f 2245//2245 2247//2247 2221//2221
f 2243//2243 2245//2245 2221//2221
f 2219//2219 2243//2243 2221//2221
f 2218//2218 2243//2243 2219//2219
f 2242//2242 2243//2243 2218//2218
f 2216//2216 2242//2242 2218//2218
f 2240//2240 2242//2242 2216//2216
f 2238//2238 2240//2240 2216//2216
f 2214//2214 2238//2238 2216//2216
f 2237//2237 2238//2238 2214//2214
f 2213//2213 2237//2237 2214//2214
f 2235//2235 2237//2237 2213//2213
f 2210//2210 2235//2235 2213//2213
f 2211//2211 2235//2235 2210//2210
f 3164//3164 3165//3165 2756//2756
f 2755//2755 2756//2756 3165//3165
f 3166//3166 2755//2755 3165//3165
f 3167//3167 2755//2755 3166//3166
f 2754//2754 2755//2755 3167//3167
f 3168//3168 2754//2754 3167//3167
f 2753//2753 2754//2754 3168//3168
f 3169//3169 2753//2753 3168//3168
f 2752//2752 2753//2753 3169//3169
f 3170//3170 2752//2752 3169//3169
f 3171//3171 2752//2752 3170//3170
f 2751//2751 2752//2752 3171//3171
f 3172//3172 2751//2751 3171//3171
f 2750//2750 2751//2751 3172//3172
f 3173//3173 2750//2750 3172//3172
f 2749//2749 2750//2750 3173//3173
f 3174//3174 2749//2749 3173//3173
f 2748//2748 2749//2749 3174//3174
f 3175//3175 2748//2748 3174//3174
f 3176//3176 2748//2748 3175//3175
f 2746//2746 2745//2745 2757//2757
f 2744//2744 2757//2757 2745//2745
f 2756//2756 2757//2757 2744//2744
f 3164//3164 2756//2756 2744//2744
f 3177//3177 3164//3164 2744//2744
f 2743//2743 3177//3177 2744//2744
f 3178//3178 3177//3177 2743//2743
f 3179//3179 3178//3178 2743//2743
f 2742//2742 3179//3179 2743//2743
f 3180//3180 3179//3179 2742//2742
f 2741//2741 3180//3180 2742//2742
f 3181//3181 3180//3180 2741//2741
f 2740//2740 3181//3181 2741//2741
f 3182//3182 3181//3181 2740//2740
f 3183//3183 3182//3182 2740//2740
f 2739//2739 3183//3183 2740//2740
f 3184//3184 3183//3183 2739//2739
f 2738//2738 3184//3184 2739//2739
f 3185//3185 3184//3184 2738//2738
f 2737//2737 3185//3185 2738//2738
f 3186//3186 3185//3185 2737//2737
f 2736//2736 3186//3186 2737//2737
f 3187//3187 3186//3186 2736//2736
f 3176//3176 3187//3187 2736//2736
f 2748//2748 3176//3176 2736//2736
f 2747//2747 2748//2748 2736//2736
f 2735//2735 2747//2747 2736//2736
f 2734//2734 2747//2747 2735//2735
f 2186//2186 2185//2185 2207//2207
f 2208//2208 2207//2207 2185//2185
f 2206//2206 2207//2207 2208//2208
f 2204//2204 2207//2207 2206//2206
f 2205//2205 2204//2204 2206//2206
f 2203//2203 2204//2204 2205//2205
f 2202//2202 2204//2204 2203//2203
f 2201//2201 2202//2202 2203//2203
f 2199//2199 2202//2202 2201//2201
f 2200//2200 2199//2199 2201//2201
f 2198//2198 2199//2199 2200//2200
f 2197//2197 2199//2199 2198//2198
f 2196//2196 2197//2197 2198//2198
f 2195//2195 2197//2197 2196//2196
f 2194//2194 2195//2195 2196//2196
f 2192//2192 2195//2195 2194//2194
f 2193//2193 2192//2192 2194//2194
f 2191//2191 2192//2192 2193//2193
f 2165//2165 2192//2192 2191//2191
f 2166//2166 2165//2165 2191//2191
f 2190//2190 2189//2189 2188//2188
f 2187//2187 2188//2188 2189//2189
f 2186//2186 2188//2188 2187//2187
f 2183//2183 2186//2186 2187//2187
f 2185//2185 2186//2186 2183//2183
f 2184//2184 2185//2185 2183//2183
f 2182//2182 2184//2184 2183//2183
f 2180//2180 2182//2182 2183//2183
f 2181//2181 2182//2182 2180//2180
f 2179//2179 2181//2181 2180//2180
f 2178//2178 2179//2179 2180//2180
f 2177//2177 2179//2179 2178//2178
f 2175//2175 2177//2177 2178//2178
f 2176//2176 2177//2177 2175//2175
f 2174//2174 2176//2176 2175//2175
f 2173//2173 2174//2174 2175//2175
f 2172//2172 2174//2174 2173//2173
f 2171//2171 2172//2172 2173//2173
f 2170//2170 2172//2172 2171//2171
f 2168//2168 2170//2170 2171//2171
f 2169//2169 2170//2170 2168//2168
f 2167//2167 2169//2169 2168//2168
f 2164//2164 2167//2167 2168//2168
f 2166//2166 2167//2167 2164//2164
f 2165//2165 2166//2166 2164//2164
f 2162//2162 2165//2165 2164//2164
f 2161//2161 2162//2162 2164//2164
f 2163//2163 2162//2162 2161//2161
f 2256//2256 2255//2255 2254//2254
f 2230//2230 2254//2254 2255//2255
f 2253//2253 2254//2254 2230//2230
f 2251//2251 2253//2253 2230//2230
f 2229//2229 2251//2251 2230//2230
f 2252//2252 2251//2251 2229//2229
f 2250//2250 2251//2251 2252//2252
f 2248//2248 2251//2251 2250//2250
f 2249//2249 2248//2248 2250//2250
f 2247//2247 2248//2248 2249//2249
f 2246//2246 2248//2248 2247//2247
f 2245//2245 2246//2246 2247//2247
f 2244//2244 2246//2246 2245//2245
f 2243//2243 2244//2244 2245//2245
f 2241//2241 2244//2244 2243//2243
f 2242//2242 2241//2241 2243//2243
f 2240//2240 2241//2241 2242//2242
f 2239//2239 2241//2241 2240//2240
f 2238//2238 2239//2239 2240//2240
f 2236//2236 2239//2239 2238//2238
f 2237//2237 2236//2236 2238//2238
f 2235//2235 2236//2236 2237//2237
f 2234//2234 2236//2236 2235//2235
f 2211//2211 2234//2234 2235//2235
f 2209//2209 2234//2234 2211//2211
f 2231//2231 2234//2234 2209//2209
f 2232//2232 2234//2234 2231//2231
f 2233//2233 2232//2232 2231//2231
f 2230//2230 2227//2227 2229//2229
f 2228//2228 2229//2229 2227//2227
f 2226//2226 2228//2228 2227//2227
f 2224//2224 2226//2226 2227//2227
f 2225//2225 2226//2226 2224//2224
f 2223//2223 2225//2225 2224//2224
f 2222//2222 2223//2223 2224//2224
f 2221//2221 2223//2223 2222//2222
f 2220//2220 2221//2221 2222//2222
f 2219//2219 2221//2221 2220//2220
f 2217//2217 2219//2219 2220//2220
f 2218//2218 2219//2219 2217//2217
f 2216//2216 2218//2218 2217//2217
f 2215//2215 2216//2216 2217//2217
f 2214//2214 2216//2216 2215//2215
f 2212//2212 2214//2214 2215//2215
f 2213//2213 2214//2214 2212//2212
f 2210//2210 2213//2213 2212//2212
f 2209//2209 2210//2210 2212//2212
f 2211//2211 2210//2210 2209//2209
f 2137//2137 2136//2136 2160//2160
f 2158//2158 2160//2160 2136//2136
f 2134//2134 2158//2158 2136//2136
f 2133//2133 2158//2158 2134//2134
f 2157//2157 2158//2158 2133//2133
f 2155//2155 2157//2157 2133//2133
f 2131//2131 2155//2155 2133//2133
f 2153//2153 2155//2155 2131//2131
f 2129//2129 2153//2153 2131//2131
f 2127//2127 2153//2153 2129//2129
f 2152//2152 2153//2153 2127//2127
f 2150//2150 2152//2152 2127//2127
f 2126//2126 2150//2150 2127//2127
f 2124//2124 2150//2150 2126//2126
f 2148//2148 2150//2150 2124//2124
f 2146//2146 2148//2148 2124//2124
f 2122//2122 2146//2146 2124//2124
f 2121//2121 2146//2146 2122//2122
f 2145//2145 2146//2146 2121//2121
f 2119//2119 2145//2145 2121//2121
f 2143//2143 2145//2145 2119//2119
f 2118//2118 2143//2143 2119//2119
f 3140//3140 3153//3153 3141//3141
f 3142//3142 3141//3141 3153//3153
f 3154//3154 3142//3142 3153//3153
f 2256//2256 3142//3142 3154//3154
f 2254//2254 3142//3142 2256//2256
f 3143//3143 3142//3142 2254//2254
f 2253//2253 3143//3143 2254//2254
f 3144//3144 3143//3143 2253//2253
f 2251//2251 3144//3144 2253//2253
f 2248//2248 3144//3144 2251//2251
f 3145//3145 3144//3144 2248//2248
f 2246//2246 3145//3145 2248//2248
f 3146//3146 3145//3145 2246//2246
f 2244//2244 3146//3146 2246//2246
f 2241//2241 3146//3146 2244//2244
f 3147//3147 3146//3146 2241//2241
f 2239//2239 3147//3147 2241//2241
f 3148//3148 3147//3147 2239//2239
f 2236//2236 3148//3148 2239//2239
f 3149//3149 3148//3148 2236//2236
f 2234//2234 3149//3149 2236//2236
f 2232//2232 3149//3149 2234//2234
f 3150//3150 3149//3149 2232//2232
f 2233//2233 3150//3150 2232//2232
f 3155//3155 2255//2255 3154//3154
f 2256//2256 3154//3154 2255//2255
f 2230//2230 2255//2255 3155//3155
f 3156//3156 2230//2230 3155//3155
f 2227//2227 2230//2230 3156//3156
f 2224//2224 2227//2227 3156//3156
f 3157//3157 2224//2224 3156//3156
f 2222//2222 2224//2224 3157//3157
f 3158//3158 2222//2222 3157//3157
f 2220//2220 2222//2222 3158//3158
f 2217//2217 2220//2220 3158//3158
f 3159//3159 2217//2217 3158//3158
f 2215//2215 2217//2217 3159//3159
f 3160//3160 2215//2215 3159//3159
f 2212//2212 2215//2215 3160//3160
f 3161//3161 2212//2212 3160//3160
f 2209//2209 2212//2212 3161//3161
f 2231//2231 2209//2209 3161//3161
f 3162//3162 2231//2231 3161//3161
f 2233//2233 2231//2231 3162//3162
f 3150//3150 2233//2233 3162//3162
f 3151//3151 3150//3150 3162//3162
f 3163//3163 3151//3151 3162//3162
f 3152//3152 3151//3151 3163//3163
f 3101//3101 3103//3103 3166//3166
f 3167//3167 3166//3166 3103//3103
f 3092//3092 3167//3167 3103//3103
f 3093//3093 3167//3167 3092//3092
f 3168//3168 3167//3167 3093//3093
f 3094//3094 3168//3168 3093//3093
f 3169//3169 3168//3168 3094//3094
f 3095//3095 3169//3169 3094//3094
f 3170//3170 3169//3169 3095//3095
f 3096//3096 3170//3170 3095//3095
f 3097//3097 3170//3170 3096//3096
f 3171//3171 3170//3170 3097//3097
f 3098//3098 3171//3171 3097//3097
f 3172//3172 3171//3171 3098//3098
f 3099//3099 3172//3172 3098//3098
f 3173//3173 3172//3172 3099//3099
f 3100//3100 3173//3173 3099//3099
f 3174//3174 3173//3173 3100//3100
f 3113//3113 3174//3174 3100//3100
f 3115//3115 3174//3174 3113//3113
f 3164//3164 3177//3177 3165//3165
f 3178//3178 3165//3165 3177//3177
f 3166//3166 3165//3165 3178//3178
f 3101//3101 3166//3166 3178//3178
f 3102//3102 3101//3101 3178//3178
f 3179//3179 3102//3102 3178//3178
f 3104//3104 3102//3102 3179//3179
f 3105//3105 3104//3104 3179//3179
f 3180//3180 3105//3105 3179//3179
f 3106//3106 3105//3105 3180//3180
f 3181//3181 3106//3106 3180//3180
f 3107//3107 3106//3106 3181//3181
f 3182//3182 3107//3107 3181//3181
f 3108//3108 3107//3107 3182//3182
f 3183//3183 3108//3108 3182//3182
f 3109//3109 3108//3108 3183//3183
f 3110//3110 3109//3109 3183//3183
f 3184//3184 3110//3110 3183//3183
f 3111//3111 3110//3110 3184//3184
f 3185//3185 3111//3111 3184//3184
f 3112//3112 3111//3111 3185//3185
f 3186//3186 3112//3112 3185//3185
f 3114//3114 3112//3112 3186//3186
f 3115//3115 3114//3114 3186//3186
f 3174//3174 3115//3115 3186//3186
f 3175//3175 3174//3174 3186//3186
f 3187//3187 3175//3175 3186//3186
f 3176//3176 3175//3175 3187//3187
f 2473//2473 2746//2746 2475//2475
f 2757//2757 2475//2475 2746//2746
f 2477//2477 2475//2475 2757//2757
f 2756//2756 2477//2477 2757//2757
f 2755//2755 2477//2477 2756//2756
f 2479//2479 2477//2477 2755//2755
f 2754//2754 2479//2479 2755//2755
f 2481//2481 2479//2479 2754//2754
f 2753//2753 2481//2481 2754//2754
f 2483//2483 2481//2481 2753//2753
f 2752//2752 2483//2483 2753//2753
f 2485//2485 2483//2483 2752//2752
f 2751//2751 2485//2485 2752//2752
f 2750//2750 2485//2485 2751//2751
f 2487//2487 2485//2485 2750//2750
f 2749//2749 2487//2487 2750//2750
f 2489//2489 2487//2487 2749//2749
f 2748//2748 2489//2489 2749//2749
f 2491//2491 2489//2489 2748//2748
f 2747//2747 2491//2491 2748//2748
f 2734//2734 2491//2491 2747//2747
f 2493//2493 2491//2491 2734//2734
f 2490//2490 2493//2493 2734//2734
f 2492//2492 2493//2493 2490//2490
f 2471//2471 2470//2470 2473//2473
f 2472//2472 2473//2473 2470//2470
f 2746//2746 2473//2473 2472//2472
f 2745//2745 2746//2746 2472//2472
f 2474//2474 2745//2745 2472//2472
f 2744//2744 2745//2745 2474//2474
f 2743//2743 2744//2744 2474//2474
f 2476//2476 2743//2743 2474//2474
f 2742//2742 2743//2743 2476//2476
f 2478//2478 2742//2742 2476//2476
f 2741//2741 2742//2742 2478//2478
f 2480//2480 2741//2741 2478//2478
f 2740//2740 2741//2741 2480//2480
f 2739//2739 2740//2740 2480//2480
f 2482//2482 2739//2739 2480//2480
f 2738//2738 2739//2739 2482//2482
f 2484//2484 2738//2738 2482//2482
f 2737//2737 2738//2738 2484//2484
f 2486//2486 2737//2737 2484//2484
f 2736//2736 2737//2737 2486//2486
f 2488//2488 2736//2736 2486//2486
f 2735//2735 2736//2736 2488//2488
f 2734//2734 2735//2735 2488//2488
f 2490//2490 2734//2734 2488//2488
f 2320//2320 2470//2470 2322//2322
f 2471//2471 2322//2322 2470//2470
f 2318//2318 2472//2472 2320//2320
f 2470//2470 2320//2320 2472//2472
f 2322//2322 2471//2471 2447//2447
f 2473//2473 2447//2447 2471//2471
f 2316//2316 2474//2474 2318//2318
f 2472//2472 2318//2318 2474//2474
f 2447//2447 2473//2473 2446//2446
f 2475//2475 2446//2446 2473//2473
f 2313//2313 2476//2476 2316//2316
f 2474//2474 2316//2316 2476//2476
f 2446//2446 2475//2475 2444//2444
f 2477//2477 2444//2444 2475//2475
f 2311//2311 2478//2478 2313//2313
f 2476//2476 2313//2313 2478//2478
f 2443//2443 2444//2444 2479//2479
f 2477//2477 2479//2479 2444//2444
f 2309//2309 2480//2480 2311//2311
f 2478//2478 2311//2311 2480//2480
f 2441//2441 2443//2443 2481//2481
f 2479//2479 2481//2481 2443//2443
f 2308//2308 2482//2482 2309//2309
f 2480//2480 2309//2309 2482//2482
f 2439//2439 2441//2441 2483//2483
f 2481//2481 2483//2483 2441//2441
f 2305//2305 2484//2484 2308//2308
f 2482//2482 2308//2308 2484//2484
f 2438//2438 2439//2439 2485//2485
f 2483//2483 2485//2485 2439//2439
f 2304//2304 2486//2486 2305//2305
f 2484//2484 2305//2305 2486//2486
f 2436//2436 2438//2438 2487//2487
f 2485//2485 2487//2487 2438//2438
f 2486//2486 2304//2304 2488//2488
f 2302//2302 2488//2488 2304//2304
f 2434//2434 2436//2436 2489//2489
f 2487//2487 2489//2489 2436//2436
f 2488//2488 2302//2302 2490//2490
f 2300//2300 2490//2490 2302//2302
f 2491//2491 2433//2433 2489//2489
f 2434//2434 2489//2489 2433//2433
f 2490//2490 2300//2300 2492//2492
f 2298//2298 2492//2492 2300//2300
f 2493//2493 2432//2432 2491//2491
f 2433//2433 2491//2491 2432//2432
f 2492//2492 2298//2298 2493//2493
f 2432//2432 2493//2493 2298//2298
f 2381//2381 2494//2494 2382//2382
f 2495//2495 2382//2382 2494//2494
f 2379//2379 2496//2496 2381//2381
f 2494//2494 2381//2381 2496//2496
f 2382//2382 2495//2495 2384//2384
f 2497//2497 2384//2384 2495//2495
f 2376//2376 2498//2498 2379//2379
f 2496//2496 2379//2379 2498//2498
f 2384//2384 2497//2497 2387//2387
f 2499//2499 2387//2387 2497//2497
f 2374//2374 2500//2500 2376//2376
f 2498//2498 2376//2376 2500//2500
f 2387//2387 2499//2499 2389//2389
f 2501//2501 2389//2389 2499//2499
f 2500//2500 2374//2374 2502//2502
f 2373//2373 2502//2502 2374//2374
f 2389//2389 2501//2501 2391//2391
f 2503//2503 2391//2391 2501//2501
f 2502//2502 2373//2373 2504//2504
f 2371//2371 2504//2504 2373//2373
f 2391//2391 2503//2503 2321//2321
f 2505//2505 2321//2321 2503//2503
f 2504//2504 2371//2371 2506//2506
f 2299//2299 2506//2506 2371//2371
f 2321//2321 2505//2505 2319//2319
f 2507//2507 2319//2319 2505//2505
f 2506//2506 2299//2299 2508//2508
f 2297//2297 2508//2508 2299//2299
f 2319//2319 2507//2507 2317//2317
f 2509//2509 2317//2317 2507//2507
f 2508//2508 2297//2297 2510//2510
f 2301//2301 2510//2510 2297//2297
f 2317//2317 2509//2509 2315//2315
f 2511//2511 2315//2315 2509//2509
f 2510//2510 2301//2301 2512//2512
f 2303//2303 2512//2512 2301//2301
f 2314//2314 2315//2315 2513//2513
f 2511//2511 2513//2513 2315//2315
f 2303//2303 2306//2306 2512//2512
f 2514//2514 2512//2512 2306//2306
f 2312//2312 2314//2314 2515//2515
f 2513//2513 2515//2515 2314//2314
f 2306//2306 2307//2307 2514//2514
f 2516//2516 2514//2514 2307//2307
f 2310//2310 2312//2312 2517//2517
f 2515//2515 2517//2517 2312//2312
f 2307//2307 2310//2310 2516//2516
f 2517//2517 2516//2516 2310//2310
f 2404//2404 2518//2518 2414//2414
f 2519//2519 2414//2414 2518//2518
f 2403//2403 2520//2520 2404//2404
f 2518//2518 2404//2404 2520//2520
f 2414//2414 2519//2519 2413//2413
f 2521//2521 2413//2413 2519//2519
f 2402//2402 2522//2522 2403//2403
f 2520//2520 2403//2403 2522//2522
f 2413//2413 2521//2521 2412//2412
f 2523//2523 2412//2412 2521//2521
f 2401//2401 2524//2524 2402//2402
f 2522//2522 2402//2402 2524//2524
f 2412//2412 2523//2523 2411//2411
f 2525//2525 2411//2411 2523//2523
f 2524//2524 2401//2401 2526//2526
f 2400//2400 2526//2526 2401//2401
f 2411//2411 2525//2525 2410//2410
f 2527//2527 2410//2410 2525//2525
f 2526//2526 2400//2400 2528//2528
f 2399//2399 2528//2528 2400//2400
f 2410//2410 2527//2527 2392//2392
f 2529//2529 2392//2392 2527//2527
f 2528//2528 2399//2399 2530//2530
f 2370//2370 2530//2530 2399//2399
f 2392//2392 2529//2529 2390//2390
f 2531//2531 2390//2390 2529//2529
f 2530//2530 2370//2370 2532//2532
f 2369//2369 2532//2532 2370//2370
f 2390//2390 2531//2531 2388//2388
f 2533//2533 2388//2388 2531//2531
f 2532//2532 2369//2369 2534//2534
f 2372//2372 2534//2534 2369//2369
f 2388//2388 2533//2533 2386//2386
f 2535//2535 2386//2386 2533//2533
f 2534//2534 2372//2372 2536//2536
f 2375//2375 2536//2536 2372//2372
f 2385//2385 2386//2386 2537//2537
f 2535//2535 2537//2537 2386//2386
f 2375//2375 2377//2377 2536//2536
f 2538//2538 2536//2536 2377//2377
f 2383//2383 2385//2385 2539//2539
f 2537//2537 2539//2539 2385//2385
f 2377//2377 2378//2378 2538//2538
f 2540//2540 2538//2538 2378//2378
f 2380//2380 2383//2383 2541//2541
f 2539//2539 2541//2541 2383//2383
f 2378//2378 2380//2380 2540//2540
f 2541//2541 2540//2540 2380//2380
f 2367//2367 2542//2542 2469//2469
f 2543//2543 2469//2469 2542//2542
f 2366//2366 2544//2544 2367//2367
f 2542//2542 2367//2367 2544//2544
f 2469//2469 2543//2543 2467//2467
f 2545//2545 2467//2467 2543//2543
f 2365//2365 2546//2546 2366//2366
f 2544//2544 2366//2366 2546//2546
f 2467//2467 2545//2545 2464//2464
f 2547//2547 2464//2464 2545//2545
f 2363//2363 2548//2548 2365//2365
f 2546//2546 2365//2365 2548//2548
f 2462//2462 2464//2464 2549//2549
f 2547//2547 2549//2549 2464//2464
f 2362//2362 2550//2550 2363//2363
f 2548//2548 2363//2363 2550//2550
f 2460//2460 2462//2462 2551//2551
f 2549//2549 2551//2551 2462//2462
f 2360//2360 2552//2552 2362//2362
f 2550//2550 2362//2362 2552//2552
f 2458//2458 2460//2460 2553//2553
f 2551//2551 2553//2553 2460//2460
f 2358//2358 2554//2554 2360//2360
f 2552//2552 2360//2360 2554//2554
f 2456//2456 2458//2458 2555//2555
f 2553//2553 2555//2555 2458//2458
f 2357//2357 2556//2556 2358//2358
f 2554//2554 2358//2358 2556//2556
f 2454//2454 2456//2456 2557//2557
f 2555//2555 2557//2557 2456//2456
f 2355//2355 2558//2558 2357//2357
f 2556//2556 2357//2357 2558//2558
f 2452//2452 2454//2454 2559//2559
f 2557//2557 2559//2559 2454//2454
f 2354//2354 2560//2560 2355//2355
f 2558//2558 2355//2355 2560//2560
f 2561//2561 2450//2450 2559//2559
f 2452//2452 2559//2559 2450//2450
f 2560//2560 2354//2354 2562//2562
f 2352//2352 2562//2562 2354//2354
f 2563//2563 2449//2449 2561//2561
f 2450//2450 2561//2561 2449//2449
f 2562//2562 2352//2352 2564//2564
f 2351//2351 2564//2564 2352//2352
f 2565//2565 2350//2350 2563//2563
f 2449//2449 2563//2563 2350//2350
f 2564//2564 2351//2351 2565//2565
f 2350//2350 2565//2565 2351//2351
f 2466//2466 2566//2566 2468//2468
f 2567//2567 2468//2468 2566//2566
f 2465//2465 2568//2568 2466//2466
f 2566//2566 2466//2466 2568//2568
f 2468//2468 2567//2567 2347//2347
f 2569//2569 2347//2347 2567//2567
f 2463//2463 2570//2570 2465//2465
f 2568//2568 2465//2465 2570//2570
f 2347//2347 2569//2569 2346//2346
f 2571//2571 2346//2346 2569//2569
f 2461//2461 2572//2572 2463//2463
f 2570//2570 2463//2463 2572//2572
f 2346//2346 2571//2571 2343//2343
f 2573//2573 2343//2343 2571//2571
f 2459//2459 2574//2574 2461//2461
f 2572//2572 2461//2461 2574//2574
f 2343//2343 2573//2573 2341//2341
f 2575//2575 2341//2341 2573//2573
f 2457//2457 2576//2576 2459//2459
f 2574//2574 2459//2459 2576//2576
f 2339//2339 2341//2341 2577//2577
f 2575//2575 2577//2577 2341//2341
f 2455//2455 2578//2578 2457//2457
f 2576//2576 2457//2457 2578//2578
f 2337//2337 2339//2339 2579//2579
f 2577//2577 2579//2579 2339//2339
f 2453//2453 2580//2580 2455//2455
f 2578//2578 2455//2455 2580//2580
f 2335//2335 2337//2337 2581//2581
f 2579//2579 2581//2581 2337//2337
f 2580//2580 2453//2453 2582//2582
f 2451//2451 2582//2582 2453//2453
f 2333//2333 2335//2335 2583//2583
f 2581//2581 2583//2583 2335//2335
f 2582//2582 2451//2451 2584//2584
f 2448//2448 2584//2584 2451//2451
f 2331//2331 2333//2333 2585//2585
f 2583//2583 2585//2585 2333//2333
f 2584//2584 2448//2448 2586//2586
f 2325//2325 2586//2586 2448//2448
f 2329//2329 2331//2331 2587//2587
f 2585//2585 2587//2587 2331//2331
f 2586//2586 2325//2325 2588//2588
f 2323//2323 2588//2588 2325//2325
f 2589//2589 2327//2327 2587//2587
f 2329//2329 2587//2587 2327//2327
f 2588//2588 2323//2323 2589//2589
f 2327//2327 2589//2589 2323//2323
f 2344//2344 2590//2590 2345//2345
f 2591//2591 2345//2345 2590//2590
f 2342//2342 2592//2592 2344//2344
f 2590//2590 2344//2344 2592//2592
f 2345//2345 2591//2591 2348//2348
f 2593//2593 2348//2348 2591//2591
f 2340//2340 2594//2594 2342//2342
f 2592//2592 2342//2342 2594//2594
f 2348//2348 2593//2593 2430//2430
f 2595//2595 2430//2430 2593//2593
f 2338//2338 2596//2596 2340//2340
f 2594//2594 2340//2340 2596//2596
f 2430//2430 2595//2595 2429//2429
f 2597//2597 2429//2429 2595//2595
f 2336//2336 2598//2598 2338//2338
f 2596//2596 2338//2338 2598//2598
f 2429//2429 2597//2597 2428//2428
f 2599//2599 2428//2428 2597//2597
f 2334//2334 2600//2600 2336//2336
f 2598//2598 2336//2336 2600//2600
f 2427//2427 2428//2428 2601//2601
f 2599//2599 2601//2601 2428//2428
f 2332//2332 2602//2602 2334//2334
f 2600//2600 2334//2334 2602//2602
f 2426//2426 2427//2427 2603//2603
f 2601//2601 2603//2603 2427//2427
f 2330//2330 2604//2604 2332//2332
f 2602//2602 2332//2332 2604//2604
f 2423//2423 2426//2426 2605//2605
f 2603//2603 2605//2605 2426//2426
f 2604//2604 2330//2330 2606//2606
f 2328//2328 2606//2606 2330//2330
f 2422//2422 2423//2423 2607//2607
f 2605//2605 2607//2607 2423//2423
f 2606//2606 2328//2328 2608//2608
f 2326//2326 2608//2608 2328//2328
f 2421//2421 2422//2422 2609//2609
f 2607//2607 2609//2609 2422//2422
f 2608//2608 2326//2326 2610//2610
f 2324//2324 2610//2610 2326//2326
f 2420//2420 2421//2421 2611//2611
f 2609//2609 2611//2611 2421//2421
f 2610//2610 2324//2324 2612//2612
f 2418//2418 2612//2612 2324//2324
f 2613//2613 2419//2419 2611//2611
f 2420//2420 2611//2611 2419//2419
f 2612//2612 2418//2418 2613//2613
f 2419//2419 2613//2613 2418//2418
f 2361//2361 2364//2364 1933//1933
f 1931//1931 1933//1933 2364//2364
f 2364//2364 2368//2368 1931//1931
f 1928//1928 1931//1931 2368//2368
f 2359//2359 2361//2361 1935//1935
f 1933//1933 1935//1935 2361//2361
f 2424//2424 1925//1925 2368//2368
f 1928//1928 2368//2368 1925//1925
f 2356//2356 2359//2359 1938//1938
f 1935//1935 1938//1938 2359//2359
f 2425//2425 1923//1923 2424//2424
f 1925//1925 2424//2424 1923//1923
f 2353//2353 2356//2356 1940//1940
f 1938//1938 1940//1940 2356//2356
f 2408//2408 1921//1921 2425//2425
f 1923//1923 2425//2425 1921//1921
f 2349//2349 2353//2353 1942//1942
f 1940//1940 1942//1942 2353//2353
f 2407//2407 1922//1922 2408//2408
f 1921//1921 2408//2408 1922//1922
f 1944//1944 2417//2417 1942//1942
f 2349//2349 1942//1942 2417//2417
f 2406//2406 1924//1924 2407//2407
f 1922//1922 2407//2407 1924//1924
f 1967//1967 2416//2416 1944//1944
f 2417//2417 1944//1944 2416//2416
f 2405//2405 1947//1947 2406//2406
f 1924//1924 2406//2406 1947//1947
f 1968//1968 2397//2397 1967//1967
f 2416//2416 1967//1967 2397//2397
f 2445//2445 1951//1951 2405//2405
f 1947//1947 2405//2405 1951//1951
f 1966//1966 2396//2396 1968//1968
f 2397//2397 1968//1968 2396//2396
f 2442//2442 1953//1953 2445//2445
f 1951//1951 2445//2445 1953//1953
f 1964//1964 2398//2398 1966//1966
f 2396//2396 1966//1966 2398//2398
f 2440//2440 1955//1955 2442//2442
f 1953//1953 2442//2442 1955//1955
f 1962//1962 2431//2431 1964//1964
f 2398//2398 1964//1964 2431//2431
f 2437//2437 1957//1957 2440//2440
f 1955//1955 2440//2440 1957//1957
f 2431//2431 1962//1962 2435//2435
f 1960//1960 2435//2435 1962//1962
f 2435//2435 1960//1960 2437//2437
f 1957//1957 2437//2437 1960//1960
f 2758//2758 2275//2275 2759//2759
f 2275//2275 2758//2758 2277//2277
f 2759//2759 2273//2273 2760//2760
f 2273//2273 2759//2759 2275//2275
f 2761//2761 2277//2277 2758//2758
f 2277//2277 2761//2761 2279//2279
f 2760//2760 2271//2271 2762//2762
f 2271//2271 2760//2760 2273//2273
f 2763//2763 2279//2279 2761//2761
f 2279//2279 2763//2763 2280//2280
f 2762//2762 2269//2269 2764//2764
f 2269//2269 2762//2762 2271//2271
f 2763//2763 2278//2278 2280//2280
f 2278//2278 2763//2763 2765//2765
f 2764//2764 2267//2267 2766//2766
f 2267//2267 2764//2764 2269//2269
f 2767//2767 2278//2278 2765//2765
f 2278//2278 2767//2767 2276//2276
f 2766//2766 2265//2265 2768//2768
f 2265//2265 2766//2766 2267//2267
f 2769//2769 2276//2276 2767//2767
f 2276//2276 2769//2769 2274//2274
f 2768//2768 2263//2263 2770//2770
f 2263//2263 2768//2768 2265//2265
f 2272//2272 2769//2769 2771//2771
f 2769//2769 2272//2272 2274//2274
f 2261//2261 2770//2770 2263//2263
f 2770//2770 2261//2261 2772//2772
f 2270//2270 2771//2771 2773//2773
f 2771//2771 2270//2270 2272//2272
f 2259//2259 2772//2772 2261//2261
f 2772//2772 2259//2259 2774//2774
f 2268//2268 2773//2773 2775//2775
f 2773//2773 2268//2268 2270//2270
f 2257//2257 2774//2774 2259//2259
f 2774//2774 2257//2257 2776//2776
f 2266//2266 2775//2775 2777//2777
f 2775//2775 2266//2266 2268//2268
f 2258//2258 2776//2776 2257//2257
f 2776//2776 2258//2258 2778//2778
f 2264//2264 2777//2777 2779//2779
f 2777//2777 2264//2264 2266//2266
f 2260//2260 2778//2778 2258//2258
f 2778//2778 2260//2260 2780//2780
f 2262//2262 2779//2779 2781//2781
f 2779//2779 2262//2262 2264//2264
f 2262//2262 2780//2780 2260//2260
f 2780//2780 2262//2262 2781//2781
f 2783//2783 2784//2784 2785//2785
f 2784//2784 2783//2783 2782//2782
f 2785//2785 2786//2786 2787//2787
f 2786//2786 2785//2785 2784//2784
f 2787//2787 2788//2788 2789//2789
f 2788//2788 2787//2787 2786//2786
f 2789//2789 2790//2790 2791//2791
f 2790//2790 2789//2789 2788//2788
f 2792//2792 2790//2790 2793//2793
f 2790//2790 2792//2792 2791//2791
f 2794//2794 2793//2793 2795//2795
f 2793//2793 2794//2794 2792//2792
f 2796//2796 2795//2795 2797//2797
f 2795//2795 2796//2796 2794//2794
f 2798//2798 2797//2797 2799//2799
f 2797//2797 2798//2798 2796//2796
f 2801//2801 2802//2802 2803//2803
f 2802//2802 2801//2801 2800//2800
f 2805//2805 2800//2800 2801//2801
f 2800//2800 2805//2805 2804//2804
f 2807//2807 2804//2804 2805//2805
f 2804//2804 2807//2807 2806//2806
f 2809//2809 2806//2806 2807//2807
f 2806//2806 2809//2809 2808//2808
f 2811//2811 2808//2808 2809//2809
f 2808//2808 2811//2811 2810//2810
f 2813//2813 2810//2810 2811//2811
f 2810//2810 2813//2813 2812//2812
f 2815//2815 2812//2812 2813//2813
f 2812//2812 2815//2815 2814//2814
f 2817//2817 2814//2814 2815//2815
f 2814//2814 2817//2817 2816//2816
f 2819//2819 2816//2816 2817//2817
f 2816//2816 2819//2819 2818//2818
f 2821//2821 2818//2818 2819//2819
f 2818//2818 2821//2821 2820//2820
f 2820//2820 2822//2822 2823//2823
f 2822//2822 2820//2820 2821//2821
f 2823//2823 2782//2782 2783//2783
f 2782//2782 2823//2823 2822//2822
f 2824//2824 2799//2799 2825//2825
f 2799//2799 2824//2824 2798//2798
f 2803//2803 2826//2826 2827//2827
f 2826//2826 2803//2803 2802//2802
f 2782//2782 2765//2765 2763//2763
f 2822//2822 2765//2765 2782//2782
f 2822//2822 2767//2767 2765//2765
f 2821//2821 2767//2767 2822//2822
f 2821//2821 2769//2769 2767//2767
f 2819//2819 2769//2769 2821//2821
f 2819//2819 2771//2771 2769//2769
f 2817//2817 2771//2771 2819//2819
f 2817//2817 2773//2773 2771//2771
f 2817//2817 2775//2775 2773//2773
f 2815//2815 2775//2775 2817//2817
f 2815//2815 2777//2777 2775//2775
f 2813//2813 2777//2777 2815//2815
f 2813//2813 2779//2779 2777//2777
f 2811//2811 2779//2779 2813//2813
f 2811//2811 2781//2781 2779//2779
f 2809//2809 2781//2781 2811//2811
f 2809//2809 2780//2780 2781//2781
f 2807//2807 2780//2780 2809//2809
f 2807//2807 2778//2778 2780//2780
f 2807//2807 2776//2776 2778//2778
f 2807//2807 2803//2803 2776//2776
f 2805//2805 2803//2803 2807//2807
f 2803//2803 2805//2805 2801//2801
f 2782//2782 2786//2786 2784//2784
f 2763//2763 2786//2786 2782//2782
f 2761//2761 2786//2786 2763//2763
f 2761//2761 2788//2788 2786//2786
f 2758//2758 2788//2788 2761//2761
f 2758//2758 2790//2790 2788//2788
f 2759//2759 2790//2790 2758//2758
f 2759//2759 2793//2793 2790//2790
f 2760//2760 2793//2793 2759//2759
f 2760//2760 2795//2795 2793//2793
f 2762//2762 2795//2795 2760//2760
f 2762//2762 2797//2797 2795//2795
f 2764//2764 2797//2797 2762//2762
f 2766//2766 2797//2797 2764//2764
f 2766//2766 2799//2799 2797//2797
f 2768//2768 2799//2799 2766//2766
f 2768//2768 2825//2825 2799//2799
f 2770//2770 2825//2825 2768//2768
f 2770//2770 2828//2828 2825//2825
f 2772//2772 2828//2828 2770//2770
f 2772//2772 2827//2827 2828//2828
f 2774//2774 2827//2827 2772//2772
f 2776//2776 2827//2827 2774//2774
f 2827//2827 2776//2776 2803//2803
f 2829//2829 2825//2825 2828//2828
f 2825//2825 2829//2829 2824//2824
f 2827//2827 2829//2829 2828//2828
f 2829//2829 2827//2827 2826//2826
f 2283//2283 3188//3188 2281//2281
f 3189//3189 3190//3190 2284//2284
f 3188//3188 2284//2284 3190//3190
f 2283//2283 2284//2284 3188//3188
f 3189//3189 2282//2282 3190//3190
f 2281//2281 3190//3190 2282//2282
f 3188//3188 3190//3190 2281//2281
f 3189//3189 2284//2284 2282//2282
f 2278//2278 2279//2279 2280//2280
f 2278//2278 2277//2277 2279//2279
f 2276//2276 2277//2277 2278//2278
f 2276//2276 2275//2275 2277//2277
f 2274//2274 2275//2275 2276//2276
f 2274//2274 2273//2273 2275//2275
f 2272//2272 2273//2273 2274//2274
f 2272//2272 2271//2271 2273//2273
f 2270//2270 2271//2271 2272//2272
f 2270//2270 2269//2269 2271//2271
f 2268//2268 2269//2269 2270//2270
f 2268//2268 2267//2267 2269//2269
f 2266//2266 2267//2267 2268//2268
f 2266//2266 2265//2265 2267//2267
f 2264//2264 2265//2265 2266//2266
f 2264//2264 2263//2263 2265//2265
f 2262//2262 2263//2263 2264//2264
f 2262//2262 2261//2261 2263//2263
f 2260//2260 2261//2261 2262//2262
f 2260//2260 2259//2259 2261//2261
f 2258//2258 2259//2259 2260//2260
f 2259//2259 2258//2258 2257//2257
f 1926//1926 1948//1948 1927//1927
f 1949//1949 1927//1927 1948//1948
f 1929//1929 1927//1927 1949//1949
f 1950//1950 1929//1929 1949//1949
f 1930//1930 1929//1929 1950//1950
f 1952//1952 1930//1930 1950//1950
f 1932//1932 1930//1930 1952//1952
f 1954//1954 1932//1932 1952//1952
f 1934//1934 1932//1932 1954//1954
f 1956//1956 1934//1934 1954//1954
f 1936//1936 1934//1934 1956//1956
f 1958//1958 1936//1936 1956//1956
f 1937//1937 1936//1936 1958//1958
f 1959//1959 1937//1937 1958//1958
f 1939//1939 1937//1937 1959//1959
f 1961//1961 1939//1939 1959//1959
f 1941//1941 1939//1939 1961//1961
f 1963//1963 1941//1941 1961//1961
f 1943//1943 1941//1941 1963//1963
f 1965//1965 1943//1943 1963//1963
f 1945//1945 1943//1943 1965//1965
f 1946//1946 1945//1945 1965//1965
f 2282//2282 2283//2283 2284//2284
f 2283//2283 2282//2282 2281//2281
f 2836//2836 2785//2785 2837//2837
f 2836//2836 2783//2783 2785//2785
f 2836//2836 2823//2823 2783//2783
f 2836//2836 2820//2820 2823//2823
f 2836//2836 2818//2818 2820//2820
f 2836//2836 2816//2816 2818//2818
f 2836//2836 2814//2814 2816//2816
f 2836//2836 2812//2812 2814//2814
f 2836//2836 2810//2810 2812//2812
f 2836//2836 2808//2808 2810//2810
f 2836//2836 2806//2806 2808//2808
f 2804//2804 2284//2284 2800//2800
f 2806//2806 2284//2284 2804//2804
f 2836//2836 2284//2284 2806//2806
f 2836//2836 2282//2282 2284//2284
f 2282//2282 2832//2832 2281//2281
f 2832//2832 2282//2282 2836//2836
f 2787//2787 2837//2837 2785//2785
f 2789//2789 2837//2837 2787//2787
f 2791//2791 2837//2837 2789//2789
f 2792//2792 2837//2837 2791//2791
f 2794//2794 2837//2837 2792//2792
f 2796//2796 2837//2837 2794//2794
f 2798//2798 2837//2837 2796//2796
f 2824//2824 2837//2837 2798//2798
f 2829//2829 2837//2837 2824//2824
f 2826//2826 2837//2837 2829//2829
f 2284//2284 2802//2802 2800//2800
f 2284//2284 2826//2826 2802//2802
f 2283//2283 2826//2826 2284//2284
f 2283//2283 2837//2837 2826//2826
f 2281//2281 2837//2837 2283//2283
f 2281//2281 2831//2831 2837//2837
f 2831//2831 2281//2281 2832//2832
f 2946//2946 2971//2971 2960//2960
f 2946//2946 2970//2970 2971//2971
f 2945//2945 2970//2970 2946//2946
f 2945//2945 2969//2969 2970//2970
f 2944//2944 2969//2969 2945//2945
f 2944//2944 2968//2968 2969//2969
f 2943//2943 2968//2968 2944//2944
f 2943//2943 2967//2967 2968//2968
f 2942//2942 2967//2967 2943//2943
f 2942//2942 2966//2966 2967//2967
f 2942//2942 2965//2965 2966//2966
f 2941//2941 2965//2965 2942//2942
f 2941//2941 2964//2964 2965//2965
f 2940//2940 2964//2964 2941//2941
f 2940//2940 2963//2963 2964//2964
f 2939//2939 2963//2963 2940//2940
f 2939//2939 2962//2962 2963//2963
f 2939//2939 2961//2961 2962//2962
f 2961//2961 2938//2938 2948//2948
f 2938//2938 2961//2961 2939//2939
f 2947//2947 2935//2935 2936//2936
f 2947//2947 2934//2934 2935//2935
f 2946//2946 2934//2934 2947//2947
f 2960//2960 2934//2934 2946//2946
f 2959//2959 2934//2934 2960//2960
f 2958//2958 2934//2934 2959//2959
f 2958//2958 2933//2933 2934//2934
f 2957//2957 2933//2933 2958//2958
f 2957//2957 2932//2932 2933//2933
f 2956//2956 2932//2932 2957//2957
f 2956//2956 2931//2931 2932//2932
f 2955//2955 2931//2931 2956//2956
f 2954//2954 2931//2931 2955//2955
f 2954//2954 2930//2930 2931//2931
f 2953//2953 2930//2930 2954//2954
f 2953//2953 2929//2929 2930//2930
f 2952//2952 2929//2929 2953//2953
f 2952//2952 2928//2928 2929//2929
f 2951//2951 2928//2928 2952//2952
f 2951//2951 2927//2927 2928//2928
f 2950//2950 2927//2927 2951//2951
f 2949//2949 2927//2927 2950//2950
f 2949//2949 2926//2926 2927//2927
f 2948//2948 2926//2926 2949//2949
f 2938//2938 2926//2926 2948//2948
f 2937//2937 2926//2926 2938//2938
f 2937//2937 2925//2925 2926//2926
f 2925//2925 2937//2937 2924//2924
f 2994//2994 3019//3019 3008//3008
f 2994//2994 3018//3018 3019//3019
f 2993//2993 3018//3018 2994//2994
f 2993//2993 3017//3017 3018//3018
f 2992//2992 3017//3017 2993//2993
f 2992//2992 3016//3016 3017//3017
f 2991//2991 3016//3016 2992//2992
f 2991//2991 3015//3015 3016//3016
f 2990//2990 3015//3015 2991//2991
f 2990//2990 3014//3014 3015//3015
f 2990//2990 3013//3013 3014//3014
f 2989//2989 3013//3013 2990//2990
f 2989//2989 3012//3012 3013//3013
f 2988//2988 3012//3012 2989//2989
f 2988//2988 3011//3011 3012//3012
f 2987//2987 3011//3011 2988//2988
f 2987//2987 3010//3010 3011//3011
f 2987//2987 3009//3009 3010//3010
f 3009//3009 2986//2986 2996//2996
f 2986//2986 3009//3009 2987//2987
f 2995//2995 2983//2983 2984//2984
f 2995//2995 2982//2982 2983//2983
f 2994//2994 2982//2982 2995//2995
f 3008//3008 2982//2982 2994//2994
f 3007//3007 2982//2982 3008//3008
f 3006//3006 2982//2982 3007//3007
f 3006//3006 2981//2981 2982//2982
f 3005//3005 2981//2981 3006//3006
f 3005//3005 2980//2980 2981//2981
f 3004//3004 2980//2980 3005//3005
f 3004//3004 2979//2979 2980//2980
f 3003//3003 2979//2979 3004//3004
f 3002//3002 2979//2979 3003//3003
f 3002//3002 2978//2978 2979//2979
f 3001//3001 2978//2978 3002//3002
f 3001//3001 2977//2977 2978//2978
f 3000//3000 2977//2977 3001//3001
f 3000//3000 2976//2976 2977//2977
f 2999//2999 2976//2976 3000//3000
f 2999//2999 2975//2975 2976//2976
f 2998//2998 2975//2975 2999//2999
f 2997//2997 2975//2975 2998//2998
f 2997//2997 2974//2974 2975//2975
f 2996//2996 2974//2974 2997//2997
f 2986//2986 2974//2974 2996//2996
f 2985//2985 2974//2974 2986//2986
f 2985//2985 2973//2973 2974//2974
f 2973//2973 2985//2985 2972//2972
f 3066//3066 3065//3065 3067//3067
f 3063//3063 3065//3065 3066//3066
f 3063//3063 3039//3039 3065//3065
f 3063//3063 3041//3041 3039//3039
f 3063//3063 3064//3064 3041//3041
f 3063//3063 3062//3062 3064//3064
f 3061//3061 3062//3062 3063//3063
f 3061//3061 3060//3060 3062//3062
f 3059//3059 3060//3060 3061//3061
f 3059//3059 3058//3058 3060//3060
f 3056//3056 3058//3058 3059//3059
f 3056//3056 3057//3057 3058//3058
f 3056//3056 3055//3055 3057//3057
f 3054//3054 3055//3055 3056//3056
f 3054//3054 3053//3053 3055//3055
f 3052//3052 3053//3053 3054//3054
f 3052//3052 3051//3051 3053//3053
f 3050//3050 3051//3051 3052//3052
f 3050//3050 3049//3049 3051//3051
f 3047//3047 3049//3049 3050//3050
f 3047//3047 3048//3048 3049//3049
f 3047//3047 3046//3046 3048//3048
f 3045//3045 3046//3046 3047//3047
f 3045//3045 3020//3020 3046//3046
f 3045//3045 3022//3022 3020//3020
f 3045//3045 3044//3044 3022//3022
f 3043//3043 3044//3044 3045//3045
f 3044//3044 3043//3043 3042//3042
f 3040//3040 3039//3039 3041//3041
f 3038//3038 3039//3039 3040//3040
f 3038//3038 3037//3037 3039//3039
f 3036//3036 3037//3037 3038//3038
f 3036//3036 3035//3035 3037//3037
f 3034//3034 3035//3035 3036//3036
f 3034//3034 3032//3032 3035//3035
f 3033//3033 3032//3032 3034//3034
f 3031//3031 3032//3032 3033//3033
f 3031//3031 3030//3030 3032//3032
f 3029//3029 3030//3030 3031//3031
f 3029//3029 3028//3028 3030//3030
f 3027//3027 3028//3028 3029//3029
f 3027//3027 3026//3026 3028//3028
f 3025//3025 3026//3026 3027//3027
f 3025//3025 3023//3023 3026//3026
f 3024//3024 3023//3023 3025//3025
f 3021//3021 3023//3023 3024//3024
f 3021//3021 3022//3022 3023//3023
f 3022//3022 3021//3021 3020//3020
f 2922//2922 3091//3091 3080//3080
f 2922//2922 3090//3090 3091//3091
f 2921//2921 3090//3090 2922//2922
f 2921//2921 3089//3089 3090//3090
f 2920//2920 3089//3089 2921//2921
f 2920//2920 3088//3088 3089//3089
f 2919//2919 3088//3088 2920//2920
f 2919//2919 3087//3087 3088//3088
f 2918//2918 3087//3087 2919//2919
f 2918//2918 3086//3086 3087//3087
f 2918//2918 3085//3085 3086//3086
f 2917//2917 3085//3085 2918//2918
f 2917//2917 3084//3084 3085//3085
f 2916//2916 3084//3084 2917//2917
f 2916//2916 3083//3083 3084//3084
f 2915//2915 3083//3083 2916//2916
f 2915//2915 3082//3082 3083//3083
f 2915//2915 3081//3081 3082//3082
f 3081//3081 2914//2914 3068//3068
f 2914//2914 3081//3081 2915//2915
f 2923//2923 2911//2911 2912//2912
f 2923//2923 2910//2910 2911//2911
f 2922//2922 2910//2910 2923//2923
f 3080//3080 2910//2910 2922//2922
f 3079//3079 2910//2910 3080//3080
f 3078//3078 2910//2910 3079//3079
f 3078//3078 2909//2909 2910//2910
f 3077//3077 2909//2909 3078//3078
f 3077//3077 2908//2908 2909//2909
f 3076//3076 2908//2908 3077//3077
f 3076//3076 2907//2907 2908//2908
f 3075//3075 2907//2907 3076//3076
f 3074//3074 2907//2907 3075//3075
f 3074//3074 2906//2906 2907//2907
f 3073//3073 2906//2906 3074//3074
f 3073//3073 2905//2905 2906//2906
f 3072//3072 2905//2905 3073//3073
f 3072//3072 2904//2904 2905//2905
f 3071//3071 2904//2904 3072//3072
f 3071//3071 2903//2903 2904//2904
f 3070//3070 2903//2903 3071//3071
f 3069//3069 2903//2903 3070//3070
f 3069//3069 2902//2902 2903//2903
f 3068//3068 2902//2902 3069//3069
f 2914//2914 2902//2902 3068//3068
f 2913//2913 2902//2902 2914//2914
f 2913//2913 2901//2901 2902//2902
f 2901//2901 2913//2913 2900//2900
f 3139//3139 3127//3127 3128//3128
f 3138//3138 3127//3127 3139//3139
f 3138//3138 3126//3126 3127//3127
f 3138//3138 3152//3152 3126//3126
f 3138//3138 3163//3163 3152//3152
f 3138//3138 3162//3162 3163//3163
f 3137//3137 3162//3162 3138//3138
f 3137//3137 3161//3161 3162//3162
f 3136//3136 3161//3161 3137//3137
f 3136//3136 3160//3160 3161//3161
f 3135//3135 3160//3160 3136//3136
f 3135//3135 3159//3159 3160//3160
f 3135//3135 3158//3158 3159//3159
f 3134//3134 3158//3158 3135//3135
f 3134//3134 3157//3157 3158//3158
f 3133//3133 3157//3157 3134//3134
f 3133//3133 3156//3156 3157//3157
f 3132//3132 3156//3156 3133//3133
f 3132//3132 3155//3155 3156//3156
f 3131//3131 3155//3155 3132//3132
f 3131//3131 3154//3154 3155//3155
f 3131//3131 3153//3153 3154//3154
f 3153//3153 3130//3130 3140//3140
f 3130//3130 3153//3153 3131//3131
f 3151//3151 3126//3126 3152//3152
f 3150//3150 3126//3126 3151//3151
f 3150//3150 3125//3125 3126//3126
f 3149//3149 3125//3125 3150//3150
f 3149//3149 3124//3124 3125//3125
f 3148//3148 3124//3124 3149//3149
f 3148//3148 3123//3123 3124//3124
f 3147//3147 3123//3123 3148//3148
f 3147//3147 3122//3122 3123//3123
f 3146//3146 3122//3122 3147//3147
f 3145//3145 3122//3122 3146//3146
f 3145//3145 3121//3121 3122//3122
f 3144//3144 3121//3121 3145//3145
f 3144//3144 3120//3120 3121//3121
f 3143//3143 3120//3120 3144//3144
f 3143//3143 3119//3119 3120//3120
f 3142//3142 3119//3119 3143//3143
f 3141//3141 3119//3119 3142//3142
f 3141//3141 3118//3118 3119//3119
f 3140//3140 3118//3118 3141//3141
f 3130//3130 3118//3118 3140//3140
f 3129//3129 3118//3118 3130//3130
f 3129//3129 3117//3117 3118//3118
f 3117//3117 3129//3129 3116//3116
f 3187//3187 3175//3175 3176//3176
f 3186//3186 3175//3175 3187//3187
f 3186//3186 3174//3174 3175//3175
f 3186//3186 3115//3115 3174//3174
f 3186//3186 3114//3114 3115//3115
f 3186//3186 3112//3112 3114//3114
f 3185//3185 3112//3112 3186//3186
f 3185//3185 3111//3111 3112//3112
f 3184//3184 3111//3111 3185//3185
f 3184//3184 3110//3110 3111//3111
f 3183//3183 3110//3110 3184//3184
f 3183//3183 3109//3109 3110//3110
f 3183//3183 3108//3108 3109//3109
f 3182//3182 3108//3108 3183//3183
f 3182//3182 3107//3107 3108//3108
f 3181//3181 3107//3107 3182//3182
f 3181//3181 3106//3106 3107//3107
f 3180//3180 3106//3106 3181//3181
f 3180//3180 3105//3105 3106//3106
f 3179//3179 3105//3105 3180//3180
f 3179//3179 3104//3104 3105//3105
f 3179//3179 3102//3102 3104//3104
f 3178//3178 3102//3102 3179//3179
f 3178//3178 3101//3101 3102//3102
f 3178//3178 3166//3166 3101//3101
f 3178//3178 3165//3165 3166//3166
f 3177//3177 3165//3165 3178//3178
f 3165//3165 3177//3177 3164//3164
f 3113//3113 3174//3174 3115//3115
f 3100//3100 3174//3174 3113//3113
f 3100//3100 3173//3173 3174//3174
f 3099//3099 3173//3173 3100//3100
f 3099//3099 3172//3172 3173//3173
f 3098//3098 3172//3172 3099//3099
f 3098//3098 3171//3171 3172//3172
f 3097//3097 3171//3171 3098//3098
f 3097//3097 3170//3170 3171//3171
f 3096//3096 3170//3170 3097//3097
f 3095//3095 3170//3170 3096//3096
f 3095//3095 3169//3169 3170//3170
f 3094//3094 3169//3169 3095//3095
f 3094//3094 3168//3168 3169//3169
f 3093//3093 3168//3168 3094//3094
f 3093//3093 3167//3167 3168//3168
f 3092//3092 3167//3167 3093//3093
f 3103//3103 3167//3167 3092//3092
f 3103//3103 3166//3166 3167//3167
f 3166//3166 3103//3103 3101//3101
f 3191//3191 3192//3192 3193//3193
f 3191//3191 3194//3194 3192//3192
f 3195//3195 3194//3194 3191//3191
f 3195//3195 3196//3196 3194//3194
f 3195//3195 3197//3197 3196//3196
f 3198//3198 3197//3197 3195//3195
f 3198//3198 3199//3199 3197//3197
f 3200//3200 3199//3199 3198//3198
f 3200//3200 3201//3201 3199//3199
f 3202//3202 3201//3201 3200//3200
f 3202//3202 3203//3203 3201//3201
f 3202//3202 3204//3204 3203//3203
f 3204//3204 3202//3202 3205//3205
f 3194//3194 3206//3206 3192//3192
f 3207//3207 3206//3206 3194//3194
f 3208//3208 3206//3206 3207//3207
f 3208//3208 3209//3209 3206//3206
f 3210//3210 3209//3209 3208//3208
f 3210//3210 3211//3211 3209//3209
f 3212//3212 3211//3211 3210//3210
f 3212//3212 3213//3213 3211//3211
f 3214//3214 3213//3213 3212//3212
f 3214//3214 3215//3215 3213//3213
f 3216//3216 3215//3215 3214//3214
f 3216//3216 3217//3217 3215//3215
f 3217//3217 3216//3216 3218//3218
f 3219//3219 3205//3205 3220//3220
f 3221//3221 3205//3205 3219//3219
f 3205//3205 3221//3221 3204//3204
f 3222//3222 3223//3223 3224//3224
f 3222//3222 3225//3225 3223//3223
f 3222//3222 3226//3226 3225//3225
f 3227//3227 3226//3226 3222//3222
f 3227//3227 3228//3228 3226//3226
f 3229//3229 3228//3228 3227//3227
f 3229//3229 3230//3230 3228//3228
f 3231//3231 3230//3230 3229//3229
f 3231//3231 3232//3232 3230//3230
f 3233//3233 3232//3232 3231//3231
f 3233//3233 3234//3234 3232//3232
f 3235//3235 3234//3234 3233//3233
f 3234//3234 3235//3235 3236//3236
f 3224//3224 3237//3237 3238//3238
f 3223//3223 3237//3237 3224//3224
f 3223//3223 3239//3239 3237//3237
f 3240//3240 3239//3239 3223//3223
f 3241//3241 3239//3239 3240//3240
f 3241//3241 3242//3242 3239//3239
f 3243//3243 3242//3242 3241//3241
f 3243//3243 3244//3244 3242//3242
f 3245//3245 3244//3244 3243//3243
f 3245//3245 3246//3246 3244//3244
f 3247//3247 3246//3246 3245//3245
f 3219//3219 3246//3246 3247//3247
f 3246//3246 3219//3219 3220//3220
f 3204//3204 3203//3203 3221//3221
f 3248//3248 3221//3221 3203//3203
f 3219//3219 3221//3221 3248//3248
f 3247//3247 3219//3219 3248//3248
f 3203//3203 3201//3201 3248//3248
f 3249//3249 3248//3248 3201//3201
f 3247//3247 3248//3248 3249//3249
f 3245//3245 3247//3247 3249//3249
f 3201//3201 3199//3199 3249//3249
f 3250//3250 3249//3249 3199//3199
f 3245//3245 3249//3249 3250//3250
f 3243//3243 3245//3245 3250//3250
f 3251//3251 3241//3241 3197//3197
f 3243//3243 3197//3197 3241//3241
f 3250//3250 3197//3197 3243//3243
f 3199//3199 3197//3197 3250//3250
f 3196//3196 3252//3252 3197//3197
f 3240//3240 3197//3197 3252//3252
f 3251//3251 3197//3197 3240//3240
f 3251//3251 3240//3240 3241//3241
f 3194//3194 3253//3253 3196//3196
f 3223//3223 3196//3196 3253//3253
f 3240//3240 3196//3196 3223//3223
f 3252//3252 3196//3196 3240//3240
f 3207//3207 3254//3254 3194//3194
f 3225//3225 3194//3194 3254//3254
f 3253//3253 3194//3194 3225//3225
f 3223//3223 3253//3253 3225//3225
f 3208//3208 3255//3255 3207//3207
f 3226//3226 3207//3207 3255//3255
f 3254//3254 3207//3207 3226//3226
f 3225//3225 3254//3254 3226//3226
f 3210//3210 3256//3256 3208//3208
f 3228//3228 3208//3208 3256//3256
f 3226//3226 3208//3208 3228//3228
f 3255//3255 3208//3208 3226//3226
f 3210//3210 3212//3212 3256//3256
f 3257//3257 3256//3256 3212//3212
f 3228//3228 3256//3256 3257//3257
f 3230//3230 3228//3228 3257//3257
f 3214//3214 3258//3258 3212//3212
f 3257//3257 3212//3212 3258//3258
f 3232//3232 3257//3257 3258//3258
f 3230//3230 3257//3257 3232//3232
f 3214//3214 3216//3216 3258//3258
f 3259//3259 3258//3258 3216//3216
f 3232//3232 3258//3258 3259//3259
f 3234//3234 3232//3232 3259//3259
f 3218//3218 3260//3260 3216//3216
f 3259//3259 3216//3216 3260//3260
f 3234//3234 3259//3259 3260//3260
f 3236//3236 3234//3234 3260//3260
f 3217//3217 3235//3235 3218//3218
f 3260//3260 3218//3218 3235//3235
f 3260//3260 3235//3235 3236//3236
f 3217//3217 3215//3215 3235//3235
f 3233//3233 3235//3235 3215//3215
f 3213//3213 3231//3231 3215//3215
f 3233//3233 3215//3215 3231//3231
f 3213//3213 3211//3211 3231//3231
f 3229//3229 3231//3231 3211//3211
f 3202//3202 3205//3205 3246//3246
f 3220//3220 3246//3246 3205//3205
f 3211//3211 3209//3209 3229//3229
f 3227//3227 3229//3229 3209//3209
f 3202//3202 3246//3246 3200//3200
f 3244//3244 3200//3200 3246//3246
f 3209//3209 3206//3206 3227//3227
f 3222//3222 3227//3227 3206//3206
f 3198//3198 3200//3200 3242//3242
f 3244//3244 3242//3242 3200//3200
f 3206//3206 3192//3192 3222//3222
f 3224//3224 3222//3222 3192//3192
f 3239//3239 3195//3195 3242//3242
f 3198//3198 3242//3242 3195//3195
f 3192//3192 3193//3193 3224//3224
f 3238//3238 3224//3224 3193//3193
f 3237//3237 3191//3191 3239//3239
f 3195//3195 3239//3239 3191//3191
f 3238//3238 3193//3193 3237//3237
f 3191//3191 3237//3237 3193//3193
f 3218//3218 3216//3216 3217//3217
f 3215//3215 3217//3217 3216//3216
f 3214//3214 3215//3215 3216//3216
f 3213//3213 3215//3215 3214//3214
f 3212//3212 3213//3213 3214//3214
f 3211//3211 3213//3213 3212//3212
f 3210//3210 3211//3211 3212//3212
f 3209//3209 3211//3211 3210//3210
f 3208//3208 3209//3209 3210//3210
f 3206//3206 3209//3209 3208//3208
f 3207//3207 3206//3206 3208//3208
f 3194//3194 3206//3206 3207//3207
f 3192//3192 3206//3206 3194//3194
f 3205//3205 3202//3202 3204//3204
f 3203//3203 3204//3204 3202//3202
f 3201//3201 3203//3203 3202//3202
f 3200//3200 3201//3201 3202//3202
f 3199//3199 3201//3201 3200//3200
f 3198//3198 3199//3199 3200//3200
f 3197//3197 3199//3199 3198//3198
f 3195//3195 3197//3197 3198//3198
f 3196//3196 3197//3197 3195//3195
f 3194//3194 3196//3196 3195//3195
f 3191//3191 3194//3194 3195//3195
f 3192//3192 3194//3194 3191//3191
f 3193//3193 3192//3192 3191//3191
f 3204//3204 3221//3221 3205//3205
f 3219//3219 3205//3205 3221//3221
f 3220//3220 3205//3205 3219//3219
f 3220//3220 3219//3219 3246//3246
f 3247//3247 3246//3246 3219//3219
f 3245//3245 3246//3246 3247//3247
f 3244//3244 3246//3246 3245//3245
f 3243//3243 3244//3244 3245//3245
f 3242//3242 3244//3244 3243//3243
f 3241//3241 3242//3242 3243//3243
f 3239//3239 3242//3242 3241//3241
f 3240//3240 3239//3239 3241//3241
f 3223//3223 3239//3239 3240//3240
f 3237//3237 3239//3239 3223//3223
f 3224//3224 3237//3237 3223//3223
f 3238//3238 3237//3237 3224//3224
f 3236//3236 3235//3235 3234//3234
f 3233//3233 3234//3234 3235//3235
f 3232//3232 3234//3234 3233//3233
f 3231//3231 3232//3232 3233//3233
f 3230//3230 3232//3232 3231//3231
f 3229//3229 3230//3230 3231//3231
f 3228//3228 3230//3230 3229//3229
f 3227//3227 3228//3228 3229//3229
f 3226//3226 3228//3228 3227//3227
f 3222//3222 3226//3226 3227//3227
f 3225//3225 3226//3226 3222//3222
f 3223//3223 3225//3225 3222//3222
f 3224//3224 3223//3223 3222//3222
f 2834//2834 2833//2833 2831//2831
f 2830//2830 2831//2831 2833//2833
f 2832//2832 2831//2831 2830//2830
f 2830//2830 2835//2835 2832//2832
f 2836//2836 2832//2832 2835//2835
f 2834//2834 2831//2831 2838//2838
f 2837//2837 2838//2838 2831//2831
f 2839//2839 2838//2838 2837//2837
f 2842//2842 2841//2841 2834//2834
f 2840//2840 2834//2834 2841//2841
f 2830//2830 2834//2834 2840//2840
f 2833//2833 2834//2834 2830//2830
f 2837//2837 2836//2836 2839//2839
f 2835//2835 2839//2839 2836//2836
f 2840//2840 2843//2843 2830//2830
f 2835//2835 2830//2830 2843//2843
f 2842//2842 2834//2834 2845//2845
f 2838//2838 2845//2845 2834//2834
f 2844//2844 2845//2845 2838//2838
f 2839//2839 2844//2844 2838//2838
f 2848//2848 2847//2847 2846//2846
f 2840//2840 2846//2846 2847//2847
f 2842//2842 2846//2846 2840//2840
f 2841//2841 2842//2842 2840//2840
f 2839//2839 2835//2835 2844//2844
f 2843//2843 2844//2844 2835//2835
f 2847//2847 2849//2849 2840//2840
f 2843//2843 2840//2840 2849//2849
f 2846//2846 2842//2842 2851//2851
f 2845//2845 2851//2851 2842//2842
f 2850//2850 2851//2851 2845//2845
f 2844//2844 2850//2850 2845//2845
f 2854//2854 2853//2853 2846//2846
f 2852//2852 2846//2846 2853//2853
f 2848//2848 2846//2846 2852//2852
f 2848//2848 2852//2852 2847//2847
f 2844//2844 2843//2843 2850//2850
f 2849//2849 2850//2850 2843//2843
f 2852//2852 2855//2855 2847//2847
f 2849//2849 2847//2847 2855//2855
f 2854//2854 2846//2846 2857//2857
f 2851//2851 2857//2857 2846//2846
f 2856//2856 2857//2857 2851//2851
f 2850//2850 2856//2856 2851//2851
f 2860//2860 2859//2859 2854//2854
f 2858//2858 2854//2854 2859//2859
f 2853//2853 2854//2854 2858//2858
f 2852//2852 2853//2853 2858//2858
f 2850//2850 2849//2849 2856//2856
f 2855//2855 2856//2856 2849//2849
f 2858//2858 2861//2861 2852//2852
f 2855//2855 2852//2852 2861//2861
f 2860//2860 2854//2854 2863//2863
f 2857//2857 2863//2863 2854//2854
f 2862//2862 2863//2863 2857//2857
f 2856//2856 2862//2862 2857//2857
f 2866//2866 2865//2865 2864//2864
f 2858//2858 2864//2864 2865//2865
f 2860//2860 2864//2864 2858//2858
f 2859//2859 2860//2860 2858//2858
f 2856//2856 2855//2855 2862//2862
f 2861//2861 2862//2862 2855//2855
f 2865//2865 2867//2867 2858//2858
f 2861//2861 2858//2858 2867//2867
f 2864//2864 2860//2860 2869//2869
f 2863//2863 2869//2869 2860//2860
f 2868//2868 2869//2869 2863//2863
f 2862//2862 2868//2868 2863//2863
f 2872//2872 2871//2871 2864//2864
f 2870//2870 2864//2864 2871//2871
f 2866//2866 2864//2864 2870//2870
f 2866//2866 2870//2870 2865//2865
f 2862//2862 2861//2861 2868//2868
f 2867//2867 2868//2868 2861//2861
f 2870//2870 2873//2873 2865//2865
f 2867//2867 2865//2865 2873//2873
f 2872//2872 2864//2864 2875//2875
f 2869//2869 2875//2875 2864//2864
f 2874//2874 2875//2875 2869//2869
f 2868//2868 2874//2874 2869//2869
f 2878//2878 2877//2877 2872//2872
f 2876//2876 2872//2872 2877//2877
f 2870//2870 2872//2872 2876//2876
f 2871//2871 2872//2872 2870//2870
f 2868//2868 2867//2867 2874//2874
f 2873//2873 2874//2874 2867//2867
f 2876//2876 2879//2879 2870//2870
f 2873//2873 2870//2870 2879//2879
f 2878//2878 2872//2872 2881//2881
f 2875//2875 2881//2881 2872//2872
f 2880//2880 2881//2881 2875//2875
f 2874//2874 2880//2880 2875//2875
f 2884//2884 2876//2876 2883//2883
f 2877//2877 2883//2883 2876//2876
f 2882//2882 2883//2883 2877//2877
f 2878//2878 2882//2882 2877//2877
f 2874//2874 2873//2873 2880//2880
f 2879//2879 2880//2880 2873//2873
f 2885//2885 2879//2879 2884//2884
f 2876//2876 2884//2884 2879//2879
f 2887//2887 2886//2886 2880//2880
f 2882//2882 2880//2880 2886//2886
f 2881//2881 2880//2880 2882//2882
f 2878//2878 2881//2881 2882//2882
f 2890//2890 2884//2884 2889//2889
f 2883//2883 2889//2889 2884//2884
f 2888//2888 2889//2889 2883//2883
f 2882//2882 2888//2888 2883//2883
f 2885//2885 2887//2887 2879//2879
f 2880//2880 2879//2879 2887//2887
f 2891//2891 2885//2885 2890//2890
f 2884//2884 2890//2890 2885//2885
f 2893//2893 2892//2892 2887//2887
f 2888//2888 2887//2887 2892//2892
f 2886//2886 2887//2887 2888//2888
f 2882//2882 2886//2886 2888//2888
f 2896//2896 2890//2890 2895//2895
f 2889//2889 2895//2895 2890//2890
f 2894//2894 2895//2895 2889//2889
f 2888//2888 2894//2894 2889//2889
f 2891//2891 2893//2893 2885//2885
f 2887//2887 2885//2885 2893//2893
f 2897//2897 2891//2891 2896//2896
f 2890//2890 2896//2896 2891//2891
f 1907//1907 2896//2896 1916//1916
f 2895//2895 1916//1916 2896//2896
f 1914//1914 1916//1916 2895//2895
f 2894//2894 1914//1914 2895//2895
f 1911//1911 1914//1914 2894//2894
f 1912//1912 1911//1911 2894//2894
f 2899//2899 2898//2898 2893//2893
f 2894//2894 2893//2893 2898//2898
f 2888//2888 2893//2893 2894//2894
f 2892//2892 2893//2893 2888//2888
f 2897//2897 2899//2899 2891//2891
f 2893//2893 2891//2891 2899//2899
f 2294//2294 2897//2897 2295//2295
f 2296//2296 2295//2295 2897//2897
f 1907//1907 2296//2296 2897//2897
f 2896//2896 1907//1907 2897//2897
f 2286//2286 2288//2288 2899//2899
f 1912//1912 2899//2899 2288//2288
f 2894//2894 2899//2899 1912//1912
f 2898//2898 2899//2899 2894//2894
f 2294//2294 2291//2291 2897//2897
f 2899//2899 2897//2897 2291//2291
f 2292//2292 2899//2899 2291//2291
f 2286//2286 2899//2899 2292//2292
f 1965//1965 1945//1945 1946//1946
f 1965//1965 1943//1943 1945//1945
f 1963//1963 1943//1943 1965//1965
f 1963//1963 1941//1941 1943//1943
f 1961//1961 1941//1941 1963//1963
f 1961//1961 1939//1939 1941//1941
f 1959//1959 1939//1939 1961//1961
f 1959//1959 1937//1937 1939//1939
f 1958//1958 1937//1937 1959//1959
f 1958//1958 1936//1936 1937//1937
f 1956//1956 1936//1936 1958//1958
f 1956//1956 1934//1934 1936//1936
f 1954//1954 1934//1934 1956//1956
f 1954//1954 1932//1932 1934//1934
f 1952//1952 1932//1932 1954//1954
f 1952//1952 1930//1930 1932//1932
f 1950//1950 1930//1930 1952//1952
f 1950//1950 1929//1929 1930//1930
f 1949//1949 1929//1929 1950//1950
f 1949//1949 1927//1927 1929//1929
f 1948//1948 1927//1927 1949//1949
f 1927//1927 1948//1948 1926//1926
f 4//4 2394//2394 2//2
f 2393//2393 2//2 2394//2394
f 2071//2071 2091//2091 2070//2070
f 2073//2073 2091//2091 2071//2071
f 2073//2073 2093//2093 2091//2091
f 2074//2074 2093//2093 2073//2073
f 2074//2074 2094//2094 2093//2093
f 2074//2074 2096//2096 2094//2094
f 2076//2076 2096//2096 2074//2074
f 2078//2078 2096//2096 2076//2076
f 2078//2078 2098//2098 2096//2096
f 2078//2078 2099//2099 2098//2098
f 2080//2080 2099//2099 2078//2078
f 2081//2081 2099//2099 2080//2080
f 2081//2081 2101//2101 2099//2099
f 2081//2081 2103//2103 2101//2101
f 2083//2083 2103//2103 2081//2081
f 2085//2085 2103//2103 2083//2083
f 2085//2085 2105//2105 2103//2103
f 2086//2086 2105//2105 2085//2085
f 2086//2086 2106//2106 2105//2105
f 2088//2088 2106//2106 2086//2086
f 2088//2088 2108//2108 2106//2106
f 2108//2108 2088//2088 2089//2089
f 2664//2664 2923//2923 2912//2912
f 2664//2664 2922//2922 2923//2923
f 2665//2665 2922//2922 2664//2664
f 2665//2665 2921//2921 2922//2922
f 2666//2666 2921//2921 2665//2665
f 2666//2666 2920//2920 2921//2921
f 2667//2667 2920//2920 2666//2666
f 2667//2667 2919//2919 2920//2920
f 2668//2668 2919//2919 2667//2667
f 2668//2668 2918//2918 2919//2919
f 2668//2668 2917//2917 2918//2918
f 2669//2669 2917//2917 2668//2668
f 2669//2669 2916//2916 2917//2917
f 2670//2670 2916//2916 2669//2669
f 2670//2670 2915//2915 2916//2916
f 2671//2671 2915//2915 2670//2670
f 2671//2671 2914//2914 2915//2915
f 2671//2671 2913//2913 2914//2914
f 2913//2913 2672//2672 2900//2900
f 2672//2672 2913//2913 2671//2671
f 2663//2663 2675//2675 2662//2662
f 2663//2663 2676//2676 2675//2675
f 2664//2664 2676//2676 2663//2663
f 2912//2912 2676//2676 2664//2664
f 2911//2911 2676//2676 2912//2912
f 2910//2910 2676//2676 2911//2911
f 2910//2910 2677//2677 2676//2676
f 2909//2909 2677//2677 2910//2910
f 2909//2909 2678//2678 2677//2677
f 2908//2908 2678//2678 2909//2909
f 2908//2908 2679//2679 2678//2678
f 2907//2907 2679//2679 2908//2908
f 2906//2906 2679//2679 2907//2907
f 2906//2906 2680//2680 2679//2679
f 2905//2905 2680//2680 2906//2906
f 2905//2905 2681//2681 2680//2680
f 2904//2904 2681//2681 2905//2905
f 2904//2904 2682//2682 2681//2681
f 2903//2903 2682//2682 2904//2904
f 2903//2903 2683//2683 2682//2682
f 2902//2902 2683//2683 2903//2903
f 2901//2901 2683//2683 2902//2902
f 2901//2901 2684//2684 2683//2683
f 2900//2900 2684//2684 2901//2901
f 2672//2672 2684//2684 2900//2900
f 2673//2673 2684//2684 2672//2672
f 2673//2673 2685//2685 2684//2684
f 2685//2685 2673//2673 2674//2674
f 2832//2832 2281//2281 2831//2831
f 2837//2837 2831//2831 2281//2281
f 2283//2283 2837//2837 2281//2281
f 2826//2826 2837//2837 2283//2283
f 2284//2284 2826//2826 2283//2283
f 2802//2802 2826//2826 2284//2284
f 2800//2800 2802//2802 2284//2284
f 2829//2829 2837//2837 2826//2826
f 2824//2824 2837//2837 2829//2829
f 2798//2798 2837//2837 2824//2824
f 2796//2796 2837//2837 2798//2798
f 2794//2794 2837//2837 2796//2796
f 2792//2792 2837//2837 2794//2794
f 2791//2791 2837//2837 2792//2792
f 2789//2789 2837//2837 2791//2791
f 2787//2787 2837//2837 2789//2789
f 2785//2785 2837//2837 2787//2787
f 2836//2836 2282//2282 2832//2832
f 2281//2281 2832//2832 2282//2282
f 2284//2284 2282//2282 2836//2836
f 2806//2806 2284//2284 2836//2836
f 2804//2804 2284//2284 2806//2806
f 2800//2800 2284//2284 2804//2804
f 2808//2808 2806//2806 2836//2836
f 2810//2810 2808//2808 2836//2836
f 2812//2812 2810//2810 2836//2836
f 2814//2814 2812//2812 2836//2836
f 2816//2816 2814//2814 2836//2836
f 2818//2818 2816//2816 2836//2836
f 2820//2820 2818//2818 2836//2836
f 2823//2823 2820//2820 2836//2836
f 2783//2783 2823//2823 2836//2836
f 2785//2785 2783//2783 2836//2836
f 2837//2837 2785//2785 2836//2836
f 2639//2639 2651//2651 2638//2638
f 2640//2640 2651//2651 2639//2639
f 2640//2640 2652//2652 2651//2651
f 2640//2640 2936//2936 2652//2652
f 2640//2640 2947//2947 2936//2936
f 2640//2640 2946//2946 2947//2947
f 2641//2641 2946//2946 2640//2640
f 2641//2641 2945//2945 2946//2946
f 2642//2642 2945//2945 2641//2641
f 2642//2642 2944//2944 2945//2945
f 2643//2643 2944//2944 2642//2642
f 2643//2643 2943//2943 2944//2944
f 2644//2644 2943//2943 2643//2643
f 2644//2644 2942//2942 2943//2943
f 2644//2644 2941//2941 2942//2942
f 2645//2645 2941//2941 2644//2644
f 2645//2645 2940//2940 2941//2941
f 2646//2646 2940//2940 2645//2645
f 2646//2646 2939//2939 2940//2940
f 2647//2647 2939//2939 2646//2646
f 2647//2647 2938//2938 2939//2939
f 2647//2647 2937//2937 2938//2938
f 2937//2937 2648//2648 2924//2924
f 2648//2648 2937//2937 2647//2647
f 2935//2935 2652//2652 2936//2936
f 2934//2934 2652//2652 2935//2935
f 2934//2934 2653//2653 2652//2652
f 2933//2933 2653//2653 2934//2934
f 2933//2933 2654//2654 2653//2653
f 2932//2932 2654//2654 2933//2933
f 2932//2932 2655//2655 2654//2654
f 2931//2931 2655//2655 2932//2932
f 2930//2930 2655//2655 2931//2931
f 2930//2930 2656//2656 2655//2655
f 2929//2929 2656//2656 2930//2930
f 2929//2929 2657//2657 2656//2656
f 2928//2928 2657//2657 2929//2929
f 2928//2928 2658//2658 2657//2657
f 2927//2927 2658//2658 2928//2928
f 2927//2927 2659//2659 2658//2658
f 2926//2926 2659//2659 2927//2927
f 2925//2925 2659//2659 2926//2926
f 2925//2925 2660//2660 2659//2659
f 2924//2924 2660//2660 2925//2925
f 2648//2648 2660//2660 2924//2924
f 2649//2649 2660//2660 2648//2648
f 2649//2649 2661//2661 2660//2660
f 2661//2661 2649//2649 2650//2650
f 2971//2971 2959//2959 2960//2960
f 2970//2970 2959//2959 2971//2971
f 2970//2970 2958//2958 2959//2959
f 2970//2970 2019//2019 2958//2958
f 2970//2970 2017//2017 2019//2019
f 2969//2969 2017//2017 2970//2970
f 2969//2969 2020//2020 2017//2017
f 2969//2969 2024//2024 2020//2020
f 2968//2968 2024//2024 2969//2969
f 2968//2968 2027//2027 2024//2024
f 2967//2967 2027//2027 2968//2968
f 2967//2967 2029//2029 2027//2027
f 2966//2966 2029//2029 2967//2967
f 2966//2966 2031//2031 2029//2029
f 2966//2966 2034//2034 2031//2031
f 2965//2965 2034//2034 2966//2966
f 2965//2965 2036//2036 2034//2034
f 2964//2964 2036//2036 2965//2965
f 2964//2964 2039//2039 2036//2036
f 2964//2964 2042//2042 2039//2039
f 2963//2963 2042//2042 2964//2964
f 2963//2963 2062//2062 2042//2042
f 2962//2962 2062//2062 2963//2963
f 2962//2962 2064//2064 2062//2062
f 2962//2962 2950//2950 2064//2064
f 2961//2961 2950//2950 2962//2962
f 2961//2961 2949//2949 2950//2950
f 2949//2949 2961//2961 2948//2948
f 2018//2018 2958//2958 2019//2019
f 2018//2018 2957//2957 2958//2958
f 2021//2021 2957//2957 2018//2018
f 2044//2044 2957//2957 2021//2021
f 2044//2044 2956//2956 2957//2957
f 2047//2047 2956//2956 2044//2044
f 2047//2047 2955//2955 2956//2956
f 2049//2049 2955//2955 2047//2047
f 2052//2052 2955//2955 2049//2049
f 2052//2052 2954//2954 2955//2955
f 2054//2054 2954//2954 2052//2052
f 2054//2054 2953//2953 2954//2954
f 2056//2056 2953//2953 2054//2054
f 2056//2056 2952//2952 2953//2953
f 2059//2059 2952//2952 2056//2056
f 2061//2061 2952//2952 2059//2059
f 2061//2061 2951//2951 2952//2952
f 2063//2063 2951//2951 2061//2061
f 2063//2063 2950//2950 2951//2951
f 2950//2950 2063//2063 2064//2064
f 2615//2615 2627//2627 2614//2614
f 2616//2616 2627//2627 2615//2615
f 2616//2616 2628//2628 2627//2627
f 2616//2616 2984//2984 2628//2628
f 2616//2616 2995//2995 2984//2984
f 2616//2616 2994//2994 2995//2995
f 2617//2617 2994//2994 2616//2616
f 2617//2617 2993//2993 2994//2994
f 2618//2618 2993//2993 2617//2617
f 2618//2618 2992//2992 2993//2993
f 2619//2619 2992//2992 2618//2618
f 2619//2619 2991//2991 2992//2992
f 2620//2620 2991//2991 2619//2619
f 2620//2620 2990//2990 2991//2991
f 2620//2620 2989//2989 2990//2990
f 2621//2621 2989//2989 2620//2620
f 2621//2621 2988//2988 2989//2989
f 2622//2622 2988//2988 2621//2621
f 2622//2622 2987//2987 2988//2988
f 2623//2623 2987//2987 2622//2622
f 2623//2623 2986//2986 2987//2987
f 2623//2623 2985//2985 2986//2986
f 2985//2985 2624//2624 2972//2972
f 2624//2624 2985//2985 2623//2623
f 2983//2983 2628//2628 2984//2984
f 2982//2982 2628//2628 2983//2983
f 2982//2982 2629//2629 2628//2628
f 2981//2981 2629//2629 2982//2982
f 2981//2981 2630//2630 2629//2629
f 2980//2980 2630//2630 2981//2981
f 2980//2980 2631//2631 2630//2630
f 2979//2979 2631//2631 2980//2980
f 2978//2978 2631//2631 2979//2979
f 2978//2978 2632//2632 2631//2631
f 2977//2977 2632//2632 2978//2978
f 2977//2977 2633//2633 2632//2632
f 2976//2976 2633//2633 2977//2977
f 2976//2976 2634//2634 2633//2633
f 2975//2975 2634//2634 2976//2976
f 2975//2975 2635//2635 2634//2634
f 2974//2974 2635//2635 2975//2975
f 2973//2973 2635//2635 2974//2974
f 2973//2973 2636//2636 2635//2635
f 2972//2972 2636//2636 2973//2973
f 2624//2624 2636//2636 2972//2972
f 2625//2625 2636//2636 2624//2624
f 2625//2625 2637//2637 2636//2636
f 2637//2637 2625//2625 2626//2626
f 3018//3018 2065//2065 2067//2067
f 3017//3017 2065//2065 3018//3018
f 3017//3017 2068//2068 2065//2065
f 3017//3017 2072//2072 2068//2068
f 3016//3016 2072//2072 3017//3017
f 3016//3016 2075//2075 2072//2072
f 3015//3015 2075//2075 3016//3016
f 3015//3015 2077//2077 2075//2075
f 3014//3014 2077//2077 3015//3015
f 3014//3014 2079//2079 2077//2077
f 3014//3014 2082//2082 2079//2079
f 3013//3013 2082//2082 3014//3014
f 3013//3013 2084//2084 2082//2082
f 3012//3012 2084//2084 3013//3013
f 3012//3012 2087//2087 2084//2084
f 3012//3012 2090//2090 2087//2087
f 3011//3011 2090//2090 3012//3012
f 3011//3011 2110//2110 2090//2090
f 2110//2110 3010//3010 2112//2112
f 3010//3010 2110//2110 3011//3011
f 3019//3019 3007//3007 3008//3008
f 3019//3019 3006//3006 3007//3007
f 3018//3018 3006//3006 3019//3019
f 2067//2067 3006//3006 3018//3018
f 2066//2066 3006//3006 2067//2067
f 2066//2066 3005//3005 3006//3006
f 2069//2069 3005//3005 2066//2066
f 2092//2092 3005//3005 2069//2069
f 2092//2092 3004//3004 3005//3005
f 2095//2095 3004//3004 2092//2092
f 2095//2095 3003//3003 3004//3004
f 2097//2097 3003//3003 2095//2095
f 2100//2100 3003//3003 2097//2097
f 2100//2100 3002//3002 3003//3003
f 2102//2102 3002//3002 2100//2100
f 2102//2102 3001//3001 3002//3002
f 2104//2104 3001//3001 2102//2102
f 2104//2104 3000//3000 3001//3001
f 2107//2107 3000//3000 2104//2104
f 2109//2109 3000//3000 2107//2107
f 2109//2109 2999//2999 3000//3000
f 2111//2111 2999//2999 2109//2109
f 2111//2111 2998//2998 2999//2999
f 2112//2112 2998//2998 2111//2111
f 3010//3010 2998//2998 2112//2112
f 3009//3009 2998//2998 3010//3010
f 3009//3009 2997//2997 2998//2998
f 2997//2997 3009//3009 2996//2996
f 2023//2023 2043//2043 2022//2022
f 2025//2025 2043//2043 2023//2023
f 2025//2025 2045//2045 2043//2043
f 2025//2025 2046//2046 2045//2045
f 2026//2026 2046//2046 2025//2025
f 2026//2026 2048//2048 2046//2046
f 2028//2028 2048//2048 2026//2026
f 2030//2030 2048//2048 2028//2028
f 2030//2030 2050//2050 2048//2048
f 2032//2032 2050//2050 2030//2030
f 2032//2032 2051//2051 2050//2050
f 2032//2032 2053//2053 2051//2051
f 2033//2033 2053//2053 2032//2032
f 2035//2035 2053//2053 2033//2033
f 2035//2035 2055//2055 2053//2053
f 2035//2035 2057//2057 2055//2055
f 2037//2037 2057//2057 2035//2035
f 2038//2038 2057//2057 2037//2037
f 2038//2038 2058//2058 2057//2057
f 2040//2040 2058//2058 2038//2038
f 2040//2040 2060//2060 2058//2058
f 2060//2060 2040//2040 2041//2041
f 3090//3090 1991//1991 1993//1993
f 3089//3089 1991//1991 3090//3090
f 3089//3089 1969//1969 1991//1991
f 3089//3089 1972//1972 1969//1969
f 3088//3088 1972//1972 3089//3089
f 3088//3088 1975//1975 1972//1972
f 3087//3087 1975//1975 3088//3088
f 3087//3087 1977//1977 1975//1975
f 3086//3086 1977//1977 3087//3087
f 3086//3086 1979//1979 1977//1977
f 3086//3086 1982//1982 1979//1979
f 3085//3085 1982//1982 3086//3086
f 3085//3085 1984//1984 1982//1982
f 3084//3084 1984//1984 3085//3085
f 3084//3084 1987//1987 1984//1984
f 3084//3084 1990//1990 1987//1987
f 3083//3083 1990//1990 3084//3084
f 3083//3083 2014//2014 1990//1990
f 2014//2014 3082//3082 2016//2016
f 3082//3082 2014//2014 3083//3083
f 3091//3091 3079//3079 3080//3080
f 3091//3091 3078//3078 3079//3079
f 3090//3090 3078//3078 3091//3091
f 1993//1993 3078//3078 3090//3090
f 1992//1992 3078//3078 1993//1993
f 1992//1992 3077//3077 3078//3078
f 1994//1994 3077//3077 1992//1992
f 1996//1996 3077//3077 1994//1994
f 1996//1996 3076//3076 3077//3077
f 1999//1999 3076//3076 1996//1996
f 1999//1999 3075//3075 3076//3076
f 2001//2001 3075//3075 1999//1999
f 2004//2004 3075//3075 2001//2001
f 2004//2004 3074//3074 3075//3075
f 2006//2006 3074//3074 2004//2004
f 2006//2006 3073//3073 3074//3074
f 2008//2008 3073//3073 2006//2006
f 2008//2008 3072//3072 3073//3073
f 2011//2011 3072//3072 2008//2008
f 2013//2013 3072//3072 2011//2011
f 2013//2013 3071//3071 3072//3072
f 2015//2015 3071//3071 2013//2013
f 2015//2015 3070//3070 3071//3071
f 2016//2016 3070//3070 2015//2015
f 3082//3082 3070//3070 2016//2016
f 3081//3081 3070//3070 3082//3082
f 3081//3081 3069//3069 3070//3070
f 3069//3069 3081//3081 3068//3068
f 1970//1970 1995//1995 1971//1971
f 1970//1970 1997//1997 1995//1995
f 1973//1973 1997//1997 1970//1970
f 1973//1973 1998//1998 1997//1997
f 1974//1974 1998//1998 1973//1973
f 1976//1976 1998//1998 1974//1974
f 1976//1976 2000//2000 1998//1998
f 1978//1978 2000//2000 1976//1976
f 1978//1978 2002//2002 2000//2000
f 1978//1978 2003//2003 2002//2002
f 1980//1980 2003//2003 1978//1978
f 1980//1980 2005//2005 2003//2003
f 1981//1981 2005//2005 1980//1980
f 1983//1983 2005//2005 1981//1981
f 1983//1983 2007//2007 2005//2005
f 1983//1983 2009//2009 2007//2007
f 1985//1985 2009//2009 1983//1983
f 1986//1986 2009//2009 1985//1985
f 1986//1986 2010//2010 2009//2009
f 1988//1988 2010//2010 1986//1986
f 1988//1988 2012//2012 2010//2010
f 2012//2012 1988//1988 1989//1989
f 3114//3114 3113//3113 3115//3115
f 3112//3112 3113//3113 3114//3114
f 3112//3112 3100//3100 3113//3113
f 3112//3112 2163//2163 3100//3100
f 3112//3112 2161//2161 2163//2163
f 3111//3111 2161//2161 3112//3112
f 3111//3111 2164//2164 2161//2161
f 3111//3111 2168//2168 2164//2164
f 3110//3110 2168//2168 3111//3111
f 3110//3110 2171//2171 2168//2168
f 3109//3109 2171//2171 3110//3110
f 3109//3109 2173//2173 2171//2171
f 3108//3108 2173//2173 3109//3109
f 3108//3108 2175//2175 2173//2173
f 3108//3108 2178//2178 2175//2175
f 3107//3107 2178//2178 3108//3108
f 3107//3107 2180//2180 2178//2178
f 3106//3106 2180//2180 3107//3107
f 3106//3106 2183//2183 2180//2180
f 3106//3106 2187//2187 2183//2183
f 3105//3105 2187//2187 3106//3106
f 3105//3105 2189//2189 2187//2187
f 3104//3104 2189//2189 3105//3105
f 3104//3104 2190//2190 2189//2189
f 3104//3104 3092//3092 2190//2190
f 3104//3104 3103//3103 3092//3092
f 3102//3102 3103//3103 3104//3104
f 3103//3103 3102//3102 3101//3101
f 2162//2162 3100//3100 2163//2163
f 2162//2162 3099//3099 3100//3100
f 2165//2165 3099//3099 2162//2162
f 2192//2192 3099//3099 2165//2165
f 2192//2192 3098//3098 3099//3099
f 2195//2195 3098//3098 2192//2192
f 2195//2195 3097//3097 3098//3098
f 2197//2197 3097//3097 2195//2195
f 2197//2197 3096//3096 3097//3097
f 2199//2199 3096//3096 2197//2197
f 2202//2202 3096//3096 2199//2199
f 2202//2202 3095//3095 3096//3096
f 2204//2204 3095//3095 2202//2202
f 2204//2204 3094//3094 3095//3095
f 2207//2207 3094//3094 2204//2204
f 2186//2186 3094//3094 2207//2207
f 2186//2186 3093//3093 3094//3094
f 2188//2188 3093//3093 2186//2186
f 2188//2188 3092//3092 3093//3093
f 3092//3092 2188//2188 2190//2190
f 2711//2711 2723//2723 2710//2710
f 2712//2712 2723//2723 2711//2711
f 2712//2712 2724//2724 2723//2723
f 2712//2712 3067//3067 2724//2724
f 2712//2712 3066//3066 3067//3067
f 2712//2712 3063//3063 3066//3066
f 2713//2713 3063//3063 2712//2712
f 2713//2713 3061//3061 3063//3063
f 2714//2714 3061//3061 2713//2713
f 2714//2714 3059//3059 3061//3061
f 2715//2715 3059//3059 2714//2714
f 2715//2715 3056//3056 3059//3059
f 2715//2715 3054//3054 3056//3056
f 2716//2716 3054//3054 2715//2715
f 2716//2716 3052//3052 3054//3054
f 2717//2717 3052//3052 2716//2716
f 2717//2717 3050//3050 3052//3052
f 2718//2718 3050//3050 2717//2717
f 2718//2718 3047//3047 3050//3050
f 2719//2719 3047//3047 2718//2718
f 2719//2719 3045//3045 3047//3047
f 2719//2719 3043//3043 3045//3045
f 2720//2720 3043//3043 2719//2719
f 2720//2720 3042//3042 3043//3043
f 2720//2720 2732//2732 3042//3042
f 2720//2720 2733//2733 2732//2732
f 2721//2721 2733//2733 2720//2720
f 2733//2733 2721//2721 2722//2722
f 3065//3065 2724//2724 3067//3067
f 3039//3039 2724//2724 3065//3065
f 3039//3039 2725//2725 2724//2724
f 3037//3037 2725//2725 3039//3039
f 3037//3037 2726//2726 2725//2725
f 3035//3035 2726//2726 3037//3037
f 3035//3035 2727//2727 2726//2726
f 3032//3032 2727//2727 3035//3035
f 3030//3030 2727//2727 3032//3032
f 3030//3030 2728//2728 2727//2727
f 3028//3028 2728//2728 3030//3030
f 3028//3028 2729//2729 2728//2728
f 3026//3026 2729//2729 3028//3028
f 3026//3026 2730//2730 2729//2729
f 3023//3023 2730//2730 3026//3026
f 3023//3023 2731//2731 2730//2730
f 3022//3022 2731//2731 3023//3023
f 3044//3044 2731//2731 3022//3022
f 3044//3044 2732//2732 2731//2731
f 2732//2732 3044//3044 3042//3042
f 2687//2687 2699//2699 2686//2686
f 2688//2688 2699//2699 2687//2687
f 2688//2688 2700//2700 2699//2699
f 2688//2688 3128//3128 2700//2700
f 2688//2688 3139//3139 3128//3128
f 2688//2688 3138//3138 3139//3139
f 2689//2689 3138//3138 2688//2688
f 2689//2689 3137//3137 3138//3138
f 2690//2690 3137//3137 2689//2689
f 2690//2690 3136//3136 3137//3137
f 2691//2691 3136//3136 2690//2690
f 2691//2691 3135//3135 3136//3136
f 2692//2692 3135//3135 2691//2691
f 2692//2692 3134//3134 3135//3135
f 2692//2692 3133//3133 3134//3134
f 2693//2693 3133//3133 2692//2692
f 2693//2693 3132//3132 3133//3133
f 2694//2694 3132//3132 2693//2693
f 2694//2694 3131//3131 3132//3132
f 2695//2695 3131//3131 2694//2694
f 2695//2695 3130//3130 3131//3131
f 2695//2695 3129//3129 3130//3130
f 3129//3129 2696//2696 3116//3116
f 2696//2696 3129//3129 2695//2695
f 3127//3127 2700//2700 3128//3128
f 3126//3126 2700//2700 3127//3127
f 3126//3126 2701//2701 2700//2700
f 3125//3125 2701//2701 3126//3126
f 3125//3125 2702//2702 2701//2701
f 3124//3124 2702//2702 3125//3125
f 3124//3124 2703//2703 2702//2702
f 3123//3123 2703//2703 3124//3124
f 3123//3123 2704//2704 2703//2703
f 3122//3122 2704//2704 3123//3123
f 3121//3121 2704//2704 3122//3122
f 3121//3121 2705//2705 2704//2704
f 3120//3120 2705//2705 3121//3121
f 3120//3120 2706//2706 2705//2705
f 3119//3119 2706//2706 3120//3120
f 3119//3119 2707//2707 2706//2706
f 3118//3118 2707//2707 3119//3119
f 3117//3117 2707//2707 3118//3118
f 3117//3117 2708//2708 2707//2707
f 3116//3116 2708//2708 3117//3117
f 2696//2696 2708//2708 3116//3116
f 2697//2697 2708//2708 2696//2696
f 2697//2697 2709//2709 2708//2708
f 2709//2709 2697//2697 2698//2698
f 3064//3064 3040//3040 3041//3041
f 3062//3062 3040//3040 3064//3064
f 3062//3062 3038//3038 3040//3040
f 3062//3062 2115//2115 3038//3038
f 3062//3062 2113//2113 2115//2115
f 3060//3060 2113//2113 3062//3062
f 3060//3060 2116//2116 2113//2113
f 3060//3060 2120//2120 2116//2116
f 3058//3058 2120//2120 3060//3060
f 3058//3058 2123//2123 2120//2120
f 3057//3057 2123//2123 3058//3058
f 3057//3057 2125//2125 2123//2123
f 3057//3057 2128//2128 2125//2125
f 3055//3055 2128//2128 3057//3057
f 3055//3055 2130//2130 2128//2128
f 3053//3053 2130//2130 3055//3055
f 3053//3053 2132//2132 2130//2130
f 3051//3051 2132//2132 3053//3053
f 3051//3051 2135//2135 2132//2132
f 3051//3051 2139//2139 2135//2135
f 3049//3049 2139//2139 3051//3051
f 3049//3049 2141//2141 2139//2139
f 3048//3048 2141//2141 3049//3049
f 3048//3048 2142//2142 2141//2141
f 3048//3048 3024//3024 2142//2142
f 3048//3048 3021//3021 3024//3024
f 3046//3046 3021//3021 3048//3048
f 3021//3021 3046//3046 3020//3020
f 2114//2114 3038//3038 2115//2115
f 2114//2114 3036//3036 3038//3038
f 2117//2117 3036//3036 2114//2114
f 2144//2144 3036//3036 2117//2117
f 2144//2144 3034//3034 3036//3036
f 2147//2147 3034//3034 2144//2144
f 2147//2147 3033//3033 3034//3034
f 2149//2149 3033//3033 2147//2147
f 2149//2149 3031//3031 3033//3033
f 2151//2151 3031//3031 2149//2149
f 2154//2154 3031//3031 2151//2151
f 2154//2154 3029//3029 3031//3031
f 2156//2156 3029//3029 2154//2154
f 2156//2156 3027//3027 3029//3029
f 2159//2159 3027//3027 2156//2156
f 2138//2138 3027//3027 2159//2159
f 2138//2138 3025//3025 3027//3027
f 2140//2140 3025//3025 2138//2138
f 2140//2140 3024//3024 3025//3025
f 3024//3024 2140//2140 2142//2142
f 2167//2167 2191//2191 2166//2166
f 2169//2169 2191//2191 2167//2167
f 2169//2169 2193//2193 2191//2191
f 2170//2170 2193//2193 2169//2169
f 2170//2170 2194//2194 2193//2193
f 2170//2170 2196//2196 2194//2194
f 2172//2172 2196//2196 2170//2170
f 2172//2172 2198//2198 2196//2196
f 2174//2174 2198//2198 2172//2172
f 2176//2176 2198//2198 2174//2174
f 2176//2176 2200//2200 2198//2198
f 2177//2177 2200//2200 2176//2176
f 2177//2177 2201//2201 2200//2200
f 2177//2177 2203//2203 2201//2201
f 2179//2179 2203//2203 2177//2177
f 2181//2181 2203//2203 2179//2179
f 2181//2181 2205//2205 2203//2203
f 2181//2181 2206//2206 2205//2205
f 2182//2182 2206//2206 2181//2181
f 2182//2182 2208//2208 2206//2206
f 2184//2184 2208//2208 2182//2182
f 2208//2208 2184//2184 2185//2185
f 2210//2210 2235//2235 2211//2211
f 2213//2213 2235//2235 2210//2210
f 2213//2213 2237//2237 2235//2235
f 2214//2214 2237//2237 2213//2213
f 2214//2214 2238//2238 2237//2237
f 2216//2216 2238//2238 2214//2214
f 2216//2216 2240//2240 2238//2238
f 2216//2216 2242//2242 2240//2240
f 2218//2218 2242//2242 2216//2216
f 2218//2218 2243//2243 2242//2242
f 2219//2219 2243//2243 2218//2218
f 2221//2221 2243//2243 2219//2219
f 2221//2221 2245//2245 2243//2243
f 2221//2221 2247//2247 2245//2245
f 2223//2223 2247//2247 2221//2221
f 2225//2225 2247//2247 2223//2223
f 2225//2225 2249//2249 2247//2247
f 2225//2225 2250//2250 2249//2249
f 2226//2226 2250//2250 2225//2225
f 2226//2226 2252//2252 2250//2250
f 2228//2228 2252//2252 2226//2226
f 2252//2252 2228//2228 2229//2229
f 2735//2735 2747//2747 2734//2734
f 2736//2736 2747//2747 2735//2735
f 2736//2736 2748//2748 2747//2747
f 2736//2736 3176//3176 2748//2748
f 2736//2736 3187//3187 3176//3176
f 2736//2736 3186//3186 3187//3187
f 2737//2737 3186//3186 2736//2736
f 2737//2737 3185//3185 3186//3186
f 2738//2738 3185//3185 2737//2737
f 2738//2738 3184//3184 3185//3185
f 2739//2739 3184//3184 2738//2738
f 2739//2739 3183//3183 3184//3184
f 2740//2740 3183//3183 2739//2739
f 2740//2740 3182//3182 3183//3183
f 2740//2740 3181//3181 3182//3182
f 2741//2741 3181//3181 2740//2740
f 2741//2741 3180//3180 3181//3181
f 2742//2742 3180//3180 2741//2741
f 2742//2742 3179//3179 3180//3180
f 2743//2743 3179//3179 2742//2742
f 2743//2743 3178//3178 3179//3179
f 2743//2743 3177//3177 3178//3178
f 2744//2744 3177//3177 2743//2743
f 2744//2744 3164//3164 3177//3177
f 2744//2744 2756//2756 3164//3164
f 2744//2744 2757//2757 2756//2756
f 2745//2745 2757//2757 2744//2744
f 2757//2757 2745//2745 2746//2746
f 3175//3175 2748//2748 3176//3176
f 3174//3174 2748//2748 3175//3175
f 3174//3174 2749//2749 2748//2748
f 3173//3173 2749//2749 3174//3174
f 3173//3173 2750//2750 2749//2749
f 3172//3172 2750//2750 3173//3173
f 3172//3172 2751//2751 2750//2750
f 3171//3171 2751//2751 3172//3172
f 3171//3171 2752//2752 2751//2751
f 3170//3170 2752//2752 3171//3171
f 3169//3169 2752//2752 3170//3170
f 3169//3169 2753//2753 2752//2752
f 3168//3168 2753//2753 3169//3169
f 3168//3168 2754//2754 2753//2753
f 3167//3167 2754//2754 3168//3168
f 3167//3167 2755//2755 2754//2754
f 3166//3166 2755//2755 3167//3167
f 3165//3165 2755//2755 3166//3166
f 3165//3165 2756//2756 2755//2755
f 2756//2756 3165//3165 3164//3164
f 2119//2119 2143//2143 2118//2118
f 2119//2119 2145//2145 2143//2143
f 2121//2121 2145//2145 2119//2119
f 2121//2121 2146//2146 2145//2145
f 2122//2122 2146//2146 2121//2121
f 2124//2124 2146//2146 2122//2122
f 2124//2124 2148//2148 2146//2146
f 2124//2124 2150//2150 2148//2148
f 2126//2126 2150//2150 2124//2124
f 2127//2127 2150//2150 2126//2126
f 2127//2127 2152//2152 2150//2150
f 2127//2127 2153//2153 2152//2152
f 2129//2129 2153//2153 2127//2127
f 2131//2131 2153//2153 2129//2129
f 2131//2131 2155//2155 2153//2153
f 2133//2133 2155//2155 2131//2131
f 2133//2133 2157//2157 2155//2155
f 2133//2133 2158//2158 2157//2157
f 2134//2134 2158//2158 2133//2133
f 2136//2136 2158//2158 2134//2134
f 2136//2136 2160//2160 2158//2158
f 2160//2160 2136//2136 2137//2137
f 3163//3163 3151//3151 3152//3152
f 3162//3162 3151//3151 3163//3163
f 3162//3162 3150//3150 3151//3151
f 3162//3162 2233//2233 3150//3150
f 3162//3162 2231//2231 2233//2233
f 3161//3161 2231//2231 3162//3162
f 3161//3161 2209//2209 2231//2231
f 3161//3161 2212//2212 2209//2209
f 3160//3160 2212//2212 3161//3161
f 3160//3160 2215//2215 2212//2212
f 3159//3159 2215//2215 3160//3160
f 3159//3159 2217//2217 2215//2215
f 3158//3158 2217//2217 3159//3159
f 3158//3158 2220//2220 2217//2217
f 3158//3158 2222//2222 2220//2220
f 3157//3157 2222//2222 3158//3158
f 3157//3157 2224//2224 2222//2222
f 3156//3156 2224//2224 3157//3157
f 3156//3156 2227//2227 2224//2224
f 3156//3156 2230//2230 2227//2227
f 3155//3155 2230//2230 3156//3156
f 3155//3155 2255//2255 2230//2230
f 2255//2255 3154//3154 2256//2256
f 3154//3154 2255//2255 3155//3155
f 2232//2232 3150//3150 2233//2233
f 2232//2232 3149//3149 3150//3150
f 2234//2234 3149//3149 2232//2232
f 2236//2236 3149//3149 2234//2234
f 2236//2236 3148//3148 3149//3149
f 2239//2239 3148//3148 2236//2236
f 2239//2239 3147//3147 3148//3148
f 2241//2241 3147//3147 2239//2239
f 2241//2241 3146//3146 3147//3147
f 2244//2244 3146//3146 2241//2241
f 2246//2246 3146//3146 2244//2244
f 2246//2246 3145//3145 3146//3146
f 2248//2248 3145//3145 2246//2246
f 2248//2248 3144//3144 3145//3145
f 2251//2251 3144//3144 2248//2248
f 2253//2253 3144//3144 2251//2251
f 2253//2253 3143//3143 3144//3144
f 2254//2254 3143//3143 2253//2253
f 2254//2254 3142//3142 3143//3143
f 2256//2256 3142//3142 2254//2254
f 3154//3154 3142//3142 2256//2256
f 3153//3153 3142//3142 3154//3154
f 3153//3153 3141//3141 3142//3142
f 3141//3141 3153//3153 3140//3140
f 1905//1905 1907//1907 1920//1920
f 1916//1916 1920//1920 1907//1907
f 1919//1919 1920//1920 1916//1916
f 1914//1914 1919//1919 1916//1916
f 1911//1911 1919//1919 1914//1914
f 1912//1912 1919//1919 1911//1911
f 3261//3261 3262//3262 3263//3263
f 3264//3264 3265//3265 3266//3266
f 3267//3267 3266//3266 3265//3265
f 3262//3262 3266//3266 3267//3267
f 3268//3268 3262//3262 3267//3267
f 3263//3263 3262//3262 3268//3268
f 3269//3269 3268//3268 3267//3267
f 3270//3270 3269//3269 3267//3267
f 3267//3267 3269//3269 3270//3270
f 3267//3267 3268//3268 3269//3269
f 3268//3268 3262//3262 3263//3263
f 3267//3267 3262//3262 3268//3268
f 3267//3267 3266//3266 3262//3262
f 3265//3265 3266//3266 3267//3267
f 3266//3266 3265//3265 3264//3264
f 3263//3263 3262//3262 3261//3261
f 3271//3271 3272//3272 3265//3265
f 3267//3267 3265//3265 3272//3272
f 3272//3272 3265//3265 3267//3267
f 3265//3265 3272//3272 3271//3271
f 3264//3264 3273//3273 3265//3265
f 3271//3271 3265//3265 3273//3273
f 3273//3273 3265//3265 3271//3271
f 3265//3265 3273//3273 3264//3264
f 3274//3274 3273//3273 3266//3266
f 3264//3264 3266//3266 3273//3273
f 3273//3273 3266//3266 3264//3264
f 3266//3266 3273//3273 3274//3274
f 3262//3262 3275//3275 3266//3266
f 3274//3274 3266//3266 3275//3275
f 3275//3275 3266//3266 3274//3274
f 3266//3266 3275//3275 3262//3262
f 3261//3261 3276//3276 3262//3262
f 3275//3275 3262//3262 3276//3276
f 3276//3276 3262//3262 3275//3275
f 3262//3262 3276//3276 3261//3261
f 3277//3277 3276//3276 3263//3263
f 3261//3261 3263//3263 3276//3276
f 3276//3276 3263//3263 3261//3261
f 3263//3263 3276//3276 3277//3277
f 3277//3277 3263//3263 3278//3278
f 3268//3268 3278//3278 3263//3263
f 3263//3263 3278//3278 3268//3268
f 3278//3278 3263//3263 3277//3277
f 3278//3278 3268//3268 3279//3279
f 3269//3269 3279//3279 3268//3268
f 3268//3268 3279//3279 3269//3269
f 3279//3279 3268//3268 3278//3278
f 3280//3280 3279//3279 3270//3270
f 3269//3269 3270//3270 3279//3279
f 3279//3279 3270//3270 3269//3269
f 3270//3270 3279//3279 3280//3280
f 3280//3280 3270//3270 3272//3272
f 3267//3267 3272//3272 3270//3270
f 3270//3270 3272//3272 3267//3267
f 3272//3272 3270//3270 3280//3280
f 3271//3271 3273//3273 3272//3272
f 3274//3274 3272//3272 3273//3273
f 3275//3275 3272//3272 3274//3274
f 3278//3278 3272//3272 3275//3275
f 3276//3276 3278//3278 3275//3275
f 3279//3279 3272//3272 3278//3278
f 3280//3280 3272//3272 3279//3279
f 3278//3278 3276//3276 3277//3277
f 3277//3277 3276//3276 3278//3278
f 3279//3279 3272//3272 3280//3280
f 3278//3278 3272//3272 3279//3279
f 3275//3275 3278//3278 3276//3276
f 3275//3275 3272//3272 3278//3278
f 3274//3274 3272//3272 3275//3275
f 3273//3273 3272//3272 3274//3274
f 3272//3272 3273//3273 3271//3271
f 3281//3281 3282//3282 3283//3283
f 3284//3284 3283//3283 3282//3282
f 3282//3282 3283//3283 3284//3284
f 3283//3283 3282//3282 3281//3281
f 3285//3285 3286//3286 3283//3283
f 3281//3281 3283//3283 3286//3286
f 3286//3286 3283//3283 3281//3281
f 3283//3283 3286//3286 3285//3285
f 3285//3285 3283//3283 3287//3287
f 3284//3284 3287//3287 3283//3283
f 3283//3283 3287//3287 3284//3284
f 3287//3287 3283//3283 3285//3285
f 3288//3288 3287//3287 3282//3282
f 3284//3284 3282//3282 3287//3287
f 3287//3287 3282//3282 3284//3284
f 3282//3282 3287//3287 3288//3288
f 3281//3281 3286//3286 3282//3282
f 3288//3288 3282//3282 3286//3286
f 3286//3286 3282//3282 3288//3288
f 3282//3282 3286//3286 3281//3281
f 3288//3288 3286//3286 3287//3287
f 3285//3285 3287//3287 3286//3286
f 3286//3286 3287//3287 3285//3285
f 3287//3287 3286//3286 3288//3288
f 3289//3289 3290//3290 3291//3291
f 3292//3292 3293//3293 3294//3294
f 3295//3295 3294//3294 3293//3293
f 3290//3290 3294//3294 3295//3295
f 3296//3296 3290//3290 3295//3295
f 3291//3291 3290//3290 3296//3296
f 3297//3297 3296//3296 3295//3295
f 3298//3298 3297//3297 3295//3295
f 3295//3295 3297//3297 3298//3298
f 3295//3295 3296//3296 3297//3297
f 3296//3296 3290//3290 3291//3291
f 3295//3295 3290//3290 3296//3296
f 3295//3295 3294//3294 3290//3290
f 3293//3293 3294//3294 3295//3295
f 3294//3294 3293//3293 3292//3292
f 3291//3291 3290//3290 3289//3289
f 3299//3299 3300//3300 3293//3293
f 3295//3295 3293//3293 3300//3300
f 3300//3300 3293//3293 3295//3295
f 3293//3293 3300//3300 3299//3299
f 3292//3292 3301//3301 3293//3293
f 3299//3299 3293//3293 3301//3301
f 3301//3301 3293//3293 3299//3299
f 3293//3293 3301//3301 3292//3292
f 3302//3302 3301//3301 3294//3294
f 3292//3292 3294//3294 3301//3301
f 3301//3301 3294//3294 3292//3292
f 3294//3294 3301//3301 3302//3302
f 3290//3290 3303//3303 3294//3294
f 3302//3302 3294//3294 3303//3303
f 3303//3303 3294//3294 3302//3302
f 3294//3294 3303//3303 3290//3290
f 3289//3289 3304//3304 3290//3290
f 3303//3303 3290//3290 3304//3304
f 3304//3304 3290//3290 3303//3303
f 3290//3290 3304//3304 3289//3289
f 3305//3305 3304//3304 3291//3291
f 3289//3289 3291//3291 3304//3304
f 3304//3304 3291//3291 3289//3289
f 3291//3291 3304//3304 3305//3305
f 3305//3305 3291//3291 3306//3306
f 3296//3296 3306//3306 3291//3291
f 3291//3291 3306//3306 3296//3296
f 3306//3306 3291//3291 3305//3305
f 3306//3306 3296//3296 3307//3307
f 3297//3297 3307//3307 3296//3296
f 3296//3296 3307//3307 3297//3297
f 3307//3307 3296//3296 3306//3306
f 3308//3308 3307//3307 3298//3298
f 3297//3297 3298//3298 3307//3307
f 3307//3307 3298//3298 3297//3297
f 3298//3298 3307//3307 3308//3308
f 3308//3308 3298//3298 3300//3300
f 3295//3295 3300//3300 3298//3298
f 3298//3298 3300//3300 3295//3295
f 3300//3300 3298//3298 3308//3308
f 3299//3299 3301//3301 3300//3300
f 3302//3302 3300//3300 3301//3301
f 3303//3303 3300//3300 3302//3302
f 3306//3306 3300//3300 3303//3303
f 3304//3304 3306//3306 3303//3303
f 3307//3307 3300//3300 3306//3306
f 3308//3308 3300//3300 3307//3307
f 3306//3306 3304//3304 3305//3305
f 3305//3305 3304//3304 3306//3306
f 3307//3307 3300//3300 3308//3308
f 3306//3306 3300//3300 3307//3307
f 3303//3303 3306//3306 3304//3304
f 3303//3303 3300//3300 3306//3306
f 3302//3302 3300//3300 3303//3303
f 3301//3301 3300//3300 3302//3302
f 3300//3300 3301//3301 3299//3299
f 3309//3309 3310//3310 3311//3311
f 3312//3312 3311//3311 3310//3310
f 3313//3313 3311//3311 3312//3312
f 3314//3314 3311//3311 3313//3313
f 3315//3315 3311//3311 3314//3314
f 3316//3316 3311//3311 3315//3315
f 3317//3317 3311//3311 3316//3316
f 3318//3318 3311//3311 3317//3317
f 3319//3319 3311//3311 3318//3318
f 3320//3320 3311//3311 3319//3319
f 3321//3321 3322//3322 3323//3323
f 3324//3324 3323//3323 3322//3322
f 3325//3325 3323//3323 3324//3324
f 3326//3326 3323//3323 3325//3325
f 3327//3327 3323//3323 3326//3326
f 3328//3328 3323//3323 3327//3327
f 3329//3329 3328//3328 3327//3327
f 3316//3316 3329//3329 3327//3327
f 3330//3330 3323//3323 3328//3328
f 3331//3331 3330//3330 3328//3328
f 3332//3332 3329//3329 3316//3316
f 3315//3315 3332//3332 3316//3316
f 3330//3330 3331//3331 3333//3333
f 3334//3334 3333//3333 3331//3331
f 3335//3335 3333//3333 3334//3334
f 3336//3336 3335//3335 3334//3334
f 3313//3313 3335//3335 3336//3336
f 3314//3314 3313//3313 3336//3336
f 3310//3310 3337//3337 3312//3312
f 3312//3312 3337//3337 3310//3310
f 3336//3336 3313//3313 3314//3314
f 3336//3336 3335//3335 3313//3313
f 3334//3334 3335//3335 3336//3336
f 3334//3334 3333//3333 3335//3335
f 3331//3331 3333//3333 3334//3334
f 3333//3333 3331//3331 3330//3330
f 3316//3316 3332//3332 3315//3315
f 3316//3316 3329//3329 3332//3332
f 3328//3328 3330//3330 3331//3331
f 3328//3328 3323//3323 3330//3330
f 3327//3327 3329//3329 3316//3316
f 3327//3327 3328//3328 3329//3329
f 3327//3327 3323//3323 3328//3328
f 3326//3326 3323//3323 3327//3327
f 3325//3325 3323//3323 3326//3326
f 3324//3324 3323//3323 3325//3325
f 3322//3322 3323//3323 3324//3324
f 3323//3323 3322//3322 3321//3321
f 3319//3319 3311//3311 3320//3320
f 3318//3318 3311//3311 3319//3319
f 3317//3317 3311//3311 3318//3318
f 3316//3316 3311//3311 3317//3317
f 3315//3315 3311//3311 3316//3316
f 3314//3314 3311//3311 3315//3315
f 3313//3313 3311//3311 3314//3314
f 3312//3312 3311//3311 3313//3313
f 3310//3310 3311//3311 3312//3312
f 3311//3311 3310//3310 3309//3309
f 3338//3338 3339//3339 3310//3310
f 3337//3337 3310//3310 3339//3339
f 3339//3339 3310//3310 3337//3337
f 3310//3310 3339//3339 3338//3338
f 3309//3309 3340//3340 3310//3310
f 3338//3338 3310//3310 3340//3340
f 3340//3340 3310//3310 3338//3338
f 3310//3310 3340//3340 3309//3309
f 3341//3341 3340//3340 3311//3311
f 3309//3309 3311//3311 3340//3340
f 3340//3340 3311//3311 3309//3309
f 3311//3311 3340//3340 3341//3341
f 3341//3341 3311//3311 3342//3342
f 3320//3320 3342//3342 3311//3311
f 3311//3311 3342//3342 3320//3320
f 3342//3342 3311//3311 3341//3341
f 3342//3342 3320//3320 3343//3343
f 3319//3319 3343//3343 3320//3320
f 3320//3320 3343//3343 3319//3319
f 3343//3343 3320//3320 3342//3342
f 3343//3343 3319//3319 3344//3344
f 3318//3318 3344//3344 3319//3319
f 3319//3319 3344//3344 3318//3318
f 3344//3344 3319//3319 3343//3343
f 3345//3345 3344//3344 3317//3317
f 3318//3318 3317//3317 3344//3344
f 3344//3344 3317//3317 3318//3318
f 3317//3317 3344//3344 3345//3345
f 3346//3346 3345//3345 3316//3316
f 3317//3317 3316//3316 3345//3345
f 3345//3345 3316//3316 3317//3317
f 3316//3316 3345//3345 3346//3346
f 3347//3347 3346//3346 3327//3327
f 3316//3316 3327//3327 3346//3346
f 3346//3346 3327//3327 3316//3316
f 3327//3327 3346//3346 3347//3347
f 3348//3348 3347//3347 3326//3326
f 3327//3327 3326//3326 3347//3347
f 3347//3347 3326//3326 3327//3327
f 3326//3326 3347//3347 3348//3348
f 3349//3349 3348//3348 3325//3325
f 3326//3326 3325//3325 3348//3348
f 3348//3348 3325//3325 3326//3326
f 3325//3325 3348//3348 3349//3349
f 3324//3324 3350//3350 3325//3325
f 3349//3349 3325//3325 3350//3350
f 3350//3350 3325//3325 3349//3349
f 3325//3325 3350//3350 3324//3324
f 3322//3322 3351//3351 3324//3324
f 3350//3350 3324//3324 3351//3351
f 3351//3351 3324//3324 3350//3350
f 3324//3324 3351//3351 3322//3322
f 3321//3321 3352//3352 3322//3322
f 3351//3351 3322//3322 3352//3352
f 3352//3352 3322//3322 3351//3351
f 3322//3322 3352//3352 3321//3321
f 3353//3353 3352//3352 3323//3323
f 3321//3321 3323//3323 3352//3352
f 3352//3352 3323//3323 3321//3321
f 3323//3323 3352//3352 3353//3353
f 3353//3353 3323//3323 3354//3354
f 3330//3330 3354//3354 3323//3323
f 3323//3323 3354//3354 3330//3330
f 3354//3354 3323//3323 3353//3353
f 3355//3355 3354//3354 3333//3333
f 3330//3330 3333//3333 3354//3354
f 3354//3354 3333//3333 3330//3330
f 3333//3333 3354//3354 3355//3355
f 3356//3356 3355//3355 3335//3335
f 3333//3333 3335//3335 3355//3355
f 3355//3355 3335//3335 3333//3333
f 3335//3335 3355//3355 3356//3356
f 3357//3357 3356//3356 3313//3313
f 3335//3335 3313//3313 3356//3356
f 3356//3356 3313//3313 3335//3335
f 3313//3313 3356//3356 3357//3357
f 3312//3312 3358//3358 3313//3313
f 3357//3357 3313//3313 3358//3358
f 3358//3358 3313//3313 3357//3357
f 3313//3313 3358//3358 3312//3312
f 3337//3337 3339//3339 3312//3312
f 3358//3358 3312//3312 3339//3339
f 3339//3339 3312//3312 3358//3358
f 3312//3312 3339//3339 3337//3337
f 3359//3359 3360//3360 3347//3347
f 3346//3346 3347//3347 3360//3360
f 3361//3361 3346//3346 3360//3360
f 3362//3362 3346//3346 3361//3361
f 3363//3363 3346//3346 3362//3362
f 3357//3357 3346//3346 3363//3363
f 3358//3358 3346//3346 3357//3357
f 3339//3339 3338//3338 3358//3358
f 3340//3340 3358//3358 3338//3338
f 3341//3341 3358//3358 3340//3340
f 3346//3346 3358//3358 3341//3341
f 3345//3345 3346//3346 3341//3341
f 3344//3344 3345//3345 3341//3341
f 3343//3343 3344//3344 3341//3341
f 3342//3342 3343//3343 3341//3341
f 3364//3364 3354//3354 3365//3365
f 3355//3355 3365//3365 3354//3354
f 3366//3366 3365//3365 3355//3355
f 3356//3356 3366//3366 3355//3355
f 3363//3363 3366//3366 3356//3356
f 3357//3357 3363//3363 3356//3356
f 3351//3351 3352//3352 3350//3350
f 3353//3353 3350//3350 3352//3352
f 3349//3349 3350//3350 3353//3353
f 3348//3348 3349//3349 3353//3353
f 3347//3347 3348//3348 3353//3353
f 3359//3359 3347//3347 3353//3353
f 3364//3364 3359//3359 3353//3353
f 3354//3354 3364//3364 3353//3353
f 3353//3353 3364//3364 3354//3354
f 3353//3353 3359//3359 3364//3364
f 3353//3353 3347//3347 3359//3359
f 3353//3353 3348//3348 3347//3347
f 3353//3353 3349//3349 3348//3348
f 3353//3353 3350//3350 3349//3349
f 3352//3352 3350//3350 3353//3353
f 3350//3350 3352//3352 3351//3351
f 3356//3356 3363//3363 3357//3357
f 3356//3356 3366//3366 3363//3363
f 3355//3355 3366//3366 3356//3356
f 3355//3355 3365//3365 3366//3366
f 3354//3354 3365//3365 3355//3355
f 3365//3365 3354//3354 3364//3364
f 3341//3341 3343//3343 3342//3342
f 3341//3341 3344//3344 3343//3343
f 3341//3341 3345//3345 3344//3344
f 3341//3341 3346//3346 3345//3345
f 3341//3341 3358//3358 3346//3346
f 3340//3340 3358//3358 3341//3341
f 3338//3338 3358//3358 3340//3340
f 3358//3358 3338//3338 3339//3339
f 3357//3357 3346//3346 3358//3358
f 3363//3363 3346//3346 3357//3357
f 3362//3362 3346//3346 3363//3363
f 3361//3361 3346//3346 3362//3362
f 3360//3360 3346//3346 3361//3361
f 3360//3360 3347//3347 3346//3346
f 3347//3347 3360//3360 3359//3359
f 3367//3367 3368//3368 3369//3369
f 3370//3370 3371//3371 3372//3372
f 3373//3373 3372//3372 3371//3371
f 3374//3374 3372//3372 3373//3373
f 3375//3375 3372//3372 3374//3374
f 3376//3376 3372//3372 3375//3375
f 3377//3377 3372//3372 3376//3376
f 3378//3378 3372//3372 3377//3377
f 3379//3379 3372//3372 3378//3378
f 3380//3380 3368//3368 3381//3381
f 3367//3367 3381//3381 3368//3368
f 3382//3382 3381//3381 3367//3367
f 3383//3383 3382//3382 3367//3367
f 3384//3384 3382//3382 3383//3383
f 3385//3385 3384//3384 3383//3383
f 3386//3386 3385//3385 3383//3383
f 3373//3373 3385//3385 3386//3386
f 3371//3371 3385//3385 3373//3373
f 3373//3373 3385//3385 3371//3371
f 3386//3386 3385//3385 3373//3373
f 3383//3383 3385//3385 3386//3386
f 3383//3383 3384//3384 3385//3385
f 3383//3383 3382//3382 3384//3384
f 3367//3367 3382//3382 3383//3383
f 3367//3367 3381//3381 3382//3382
f 3368//3368 3381//3381 3367//3367
f 3381//3381 3368//3368 3380//3380
f 3378//3378 3372//3372 3379//3379
f 3377//3377 3372//3372 3378//3378
f 3376//3376 3372//3372 3377//3377
f 3375//3375 3372//3372 3376//3376
f 3374//3374 3372//3372 3375//3375
f 3373//3373 3372//3372 3374//3374
f 3371//3371 3372//3372 3373//3373
f 3372//3372 3371//3371 3370//3370
f 3369//3369 3368//3368 3367//3367
f 3387//3387 3388//3388 3368//3368
f 3369//3369 3368//3368 3388//3388
f 3388//3388 3368//3368 3369//3369
f 3368//3368 3388//3388 3387//3387
f 3380//3380 3389//3389 3368//3368
f 3387//3387 3368//3368 3389//3389
f 3389//3389 3368//3368 3387//3387
f 3368//3368 3389//3389 3380//3380
f 3390//3390 3389//3389 3381//3381
f 3380//3380 3381//3381 3389//3389
f 3389//3389 3381//3381 3380//3380
f 3381//3381 3389//3389 3390//3390
f 3390//3390 3381//3381 3391//3391
f 3382//3382 3391//3391 3381//3381
f 3381//3381 3391//3391 3382//3382
f 3391//3391 3381//3381 3390//3390
f 3392//3392 3391//3391 3384//3384
f 3382//3382 3384//3384 3391//3391
f 3391//3391 3384//3384 3382//3382
f 3384//3384 3391//3391 3392//3392
f 3393//3393 3392//3392 3385//3385
f 3384//3384 3385//3385 3392//3392
f 3392//3392 3385//3385 3384//3384
f 3385//3385 3392//3392 3393//3393
f 3394//3394 3393//3393 3371//3371
f 3385//3385 3371//3371 3393//3393
f 3393//3393 3371//3371 3385//3385
f 3371//3371 3393//3393 3394//3394
f 3370//3370 3395//3395 3371//3371
f 3394//3394 3371//3371 3395//3395
f 3395//3395 3371//3371 3394//3394
f 3371//3371 3395//3395 3370//3370
f 3396//3396 3395//3395 3372//3372
f 3370//3370 3372//3372 3395//3395
f 3395//3395 3372//3372 3370//3370
f 3372//3372 3395//3395 3396//3396
f 3396//3396 3372//3372 3397//3397
f 3379//3379 3397//3397 3372//3372
f 3372//3372 3397//3397 3379//3379
f 3397//3397 3372//3372 3396//3396
f 3397//3397 3379//3379 3398//3398
f 3378//3378 3398//3398 3379//3379
f 3379//3379 3398//3398 3378//3378
f 3398//3398 3379//3379 3397//3397
f 3398//3398 3378//3378 3399//3399
f 3377//3377 3399//3399 3378//3378
f 3378//3378 3399//3399 3377//3377
f 3399//3399 3378//3378 3398//3398
f 3400//3400 3399//3399 3376//3376
f 3377//3377 3376//3376 3399//3399
f 3399//3399 3376//3376 3377//3377
f 3376//3376 3399//3399 3400//3400
f 3401//3401 3400//3400 3375//3375
f 3376//3376 3375//3375 3400//3400
f 3400//3400 3375//3375 3376//3376
f 3375//3375 3400//3400 3401//3401
f 3402//3402 3401//3401 3374//3374
f 3375//3375 3374//3374 3401//3401
f 3401//3401 3374//3374 3375//3375
f 3374//3374 3401//3401 3402//3402
f 3403//3403 3402//3402 3373//3373
f 3374//3374 3373//3373 3402//3402
f 3402//3402 3373//3373 3374//3374
f 3373//3373 3402//3402 3403//3403
f 3404//3404 3403//3403 3386//3386
f 3373//3373 3386//3386 3403//3403
f 3403//3403 3386//3386 3373//3373
f 3386//3386 3403//3403 3404//3404
f 3383//3383 3405//3405 3386//3386
f 3404//3404 3386//3386 3405//3405
f 3405//3405 3386//3386 3404//3404
f 3386//3386 3405//3405 3383//3383
f 3406//3406 3405//3405 3367//3367
f 3383//3383 3367//3367 3405//3405
f 3405//3405 3367//3367 3383//3383
f 3367//3367 3405//3405 3406//3406
f 3406//3406 3367//3367 3388//3388
f 3369//3369 3388//3388 3367//3367
f 3367//3367 3388//3388 3369//3369
f 3388//3388 3367//3367 3406//3406
f 3406//3406 3391//3391 3405//3405
f 3392//3392 3405//3405 3391//3391
f 3393//3393 3405//3405 3392//3392
f 3404//3404 3405//3405 3393//3393
f 3403//3403 3404//3404 3393//3393
f 3394//3394 3403//3403 3393//3393
f 3395//3395 3403//3403 3394//3394
f 3396//3396 3403//3403 3395//3395
f 3402//3402 3403//3403 3396//3396
f 3401//3401 3402//3402 3396//3396
f 3400//3400 3401//3401 3396//3396
f 3399//3399 3400//3400 3396//3396
f 3398//3398 3399//3399 3396//3396
f 3397//3397 3398//3398 3396//3396
f 3387//3387 3389//3389 3388//3388
f 3406//3406 3388//3388 3389//3389
f 3390//3390 3406//3406 3389//3389
f 3391//3391 3406//3406 3390//3390
f 3390//3390 3406//3406 3391//3391
f 3389//3389 3406//3406 3390//3390
f 3389//3389 3388//3388 3406//3406
f 3388//3388 3389//3389 3387//3387
f 3396//3396 3398//3398 3397//3397
f 3396//3396 3399//3399 3398//3398
f 3396//3396 3400//3400 3399//3399
f 3396//3396 3401//3401 3400//3400
f 3396//3396 3402//3402 3401//3401
f 3396//3396 3403//3403 3402//3402
f 3395//3395 3403//3403 3396//3396
f 3394//3394 3403//3403 3395//3395
f 3393//3393 3403//3403 3394//3394
f 3393//3393 3404//3404 3403//3403
f 3393//3393 3405//3405 3404//3404
f 3392//3392 3405//3405 3393//3393
f 3391//3391 3405//3405 3392//3392
f 3405//3405 3391//3391 3406//3406
f 3360//3360 3359//3359 3329//3329
f 3328//3328 3329//3329 3359//3359
f 3359//3359 3329//3329 3328//3328
f 3329//3329 3359//3359 3360//3360
f 3361//3361 3360//3360 3332//3332
f 3329//3329 3332//3332 3360//3360
f 3360//3360 3332//3332 3329//3329
f 3332//3332 3360//3360 3361//3361
f 3364//3364 3331//3331 3359//3359
f 3328//3328 3359//3359 3331//3331
f 3331//3331 3359//3359 3328//3328
f 3359//3359 3331//3331 3364//3364
f 3362//3362 3361//3361 3315//3315
f 3332//3332 3315//3315 3361//3361
f 3361//3361 3315//3315 3332//3332
f 3315//3315 3361//3361 3362//3362
f 3364//3364 3365//3365 3331//3331
f 3334//3334 3331//3331 3365//3365
f 3365//3365 3331//3331 3334//3334
f 3331//3331 3365//3365 3364//3364
f 3314//3314 3363//3363 3315//3315
f 3362//3362 3315//3315 3363//3363
f 3363//3363 3315//3315 3362//3362
f 3315//3315 3363//3363 3314//3314
f 3365//3365 3366//3366 3334//3334
f 3336//3336 3334//3334 3366//3366
f 3366//3366 3334//3334 3336//3336
f 3334//3334 3366//3366 3365//3365
f 3366//3366 3363//3363 3336//3336
f 3314//3314 3336//3336 3363//3363
f 3363//3363 3336//3336 3314//3314
f 3336//3336 3363//3363 3366//3366
f 3407//3407 3408//3408 3409//3409
f 3410//3410 3409//3409 3408//3408
f 3411//3411 3409//3409 3410//3410
f 3412//3412 3409//3409 3411//3411
f 3413//3413 3412//3412 3411//3411
f 3414//3414 3412//3412 3413//3413
f 3415//3415 3414//3414 3413//3413
f 3416//3416 3414//3414 3415//3415
f 3417//3417 3416//3416 3415//3415
f 3418//3418 3417//3417 3415//3415
f 3419//3419 3417//3417 3418//3418
f 3420//3420 3417//3417 3419//3419
f 3421//3421 3417//3417 3420//3420
f 3422//3422 3423//3423 3424//3424
f 3425//3425 3424//3424 3423//3423
f 3426//3426 3424//3424 3425//3425
f 3427//3427 3426//3426 3425//3425
f 3428//3428 3426//3426 3427//3427
f 3429//3429 3428//3428 3427//3427
f 3407//3407 3428//3428 3429//3429
f 3430//3430 3407//3407 3429//3429
f 3408//3408 3407//3407 3430//3430
f 3431//3431 3408//3408 3430//3430
f 3432//3432 3431//3431 3430//3430
f 3433//3433 3432//3432 3430//3430
f 3434//3434 3432//3432 3433//3433
f 3435//3435 3434//3434 3433//3433
f 3436//3436 3434//3434 3435//3435
f 3437//3437 3436//3436 3435//3435
f 3438//3438 3436//3436 3437//3437
f 3439//3439 3438//3438 3437//3437
f 3440//3440 3438//3438 3439//3439
f 3441//3441 3440//3440 3439//3439
f 3439//3439 3440//3440 3441//3441
f 3439//3439 3438//3438 3440//3440
f 3437//3437 3438//3438 3439//3439
f 3437//3437 3436//3436 3438//3438
f 3435//3435 3436//3436 3437//3437
f 3435//3435 3434//3434 3436//3436
f 3433//3433 3434//3434 3435//3435
f 3433//3433 3432//3432 3434//3434
f 3430//3430 3432//3432 3433//3433
f 3430//3430 3431//3431 3432//3432
f 3430//3430 3408//3408 3431//3431
f 3430//3430 3407//3407 3408//3408
f 3429//3429 3407//3407 3430//3430
f 3429//3429 3428//3428 3407//3407
f 3427//3427 3428//3428 3429//3429
f 3427//3427 3426//3426 3428//3428
f 3425//3425 3426//3426 3427//3427
f 3425//3425 3424//3424 3426//3426
f 3423//3423 3424//3424 3425//3425
f 3424//3424 3423//3423 3422//3422
f 3420//3420 3417//3417 3421//3421
f 3419//3419 3417//3417 3420//3420
f 3418//3418 3417//3417 3419//3419
f 3415//3415 3417//3417 3418//3418
f 3415//3415 3416//3416 3417//3417
f 3415//3415 3414//3414 3416//3416
f 3413//3413 3414//3414 3415//3415
f 3413//3413 3412//3412 3414//3414
f 3411//3411 3412//3412 3413//3413
f 3411//3411 3409//3409 3412//3412
f 3410//3410 3409//3409 3411//3411
f 3408//3408 3409//3409 3410//3410
f 3409//3409 3408//3408 3407//3407
f 3442//3442 3443//3443 3419//3419
f 3420//3420 3419//3419 3443//3443
f 3443//3443 3419//3419 3420//3420
f 3419//3419 3443//3443 3442//3442
f 3444//3444 3442//3442 3418//3418
f 3419//3419 3418//3418 3442//3442
f 3442//3442 3418//3418 3419//3419
f 3418//3418 3442//3442 3444//3444
f 3445//3445 3444//3444 3415//3415
f 3418//3418 3415//3415 3444//3444
f 3444//3444 3415//3415 3418//3418
f 3415//3415 3444//3444 3445//3445
f 3446//3446 3445//3445 3413//3413
f 3415//3415 3413//3413 3445//3445
f 3445//3445 3413//3413 3415//3415
f 3413//3413 3445//3445 3446//3446
f 3447//3447 3446//3446 3411//3411
f 3413//3413 3411//3411 3446//3446
f 3446//3446 3411//3411 3413//3413
f 3411//3411 3446//3446 3447//3447
f 3447//3447 3411//3411 3448//3448
f 3410//3410 3448//3448 3411//3411
f 3411//3411 3448//3448 3410//3410
f 3448//3448 3411//3411 3447//3447
f 3448//3448 3410//3410 3449//3449
f 3408//3408 3449//3449 3410//3410
f 3410//3410 3449//3449 3408//3408
f 3449//3449 3410//3410 3448//3448
f 3449//3449 3408//3408 3450//3450
f 3431//3431 3450//3450 3408//3408
f 3408//3408 3450//3450 3431//3431
f 3450//3450 3408//3408 3449//3449
f 3450//3450 3431//3431 3451//3451
f 3432//3432 3451//3451 3431//3431
f 3431//3431 3451//3451 3432//3432
f 3451//3451 3431//3431 3450//3450
f 3452//3452 3451//3451 3434//3434
f 3432//3432 3434//3434 3451//3451
f 3451//3451 3434//3434 3432//3432
f 3434//3434 3451//3451 3452//3452
f 3453//3453 3452//3452 3436//3436
f 3434//3434 3436//3436 3452//3452
f 3452//3452 3436//3436 3434//3434
f 3436//3436 3452//3452 3453//3453
f 3454//3454 3453//3453 3438//3438
f 3436//3436 3438//3438 3453//3453
f 3453//3453 3438//3438 3436//3436
f 3438//3438 3453//3453 3454//3454
f 3455//3455 3454//3454 3440//3440
f 3438//3438 3440//3440 3454//3454
f 3454//3454 3440//3440 3438//3438
f 3440//3440 3454//3454 3455//3455
f 3455//3455 3440//3440 3456//3456
f 3441//3441 3456//3456 3440//3440
f 3440//3440 3456//3456 3441//3441
f 3456//3456 3440//3440 3455//3455
f 3457//3457 3456//3456 3439//3439
f 3441//3441 3439//3439 3456//3456
f 3456//3456 3439//3439 3441//3441
f 3439//3439 3456//3456 3457//3457
f 3458//3458 3457//3457 3437//3437
f 3439//3439 3437//3437 3457//3457
f 3457//3457 3437//3437 3439//3439
f 3437//3437 3457//3457 3458//3458
f 3459//3459 3458//3458 3435//3435
f 3437//3437 3435//3435 3458//3458
f 3458//3458 3435//3435 3437//3437
f 3435//3435 3458//3458 3459//3459
f 3460//3460 3459//3459 3433//3433
f 3435//3435 3433//3433 3459//3459
f 3459//3459 3433//3433 3435//3435
f 3433//3433 3459//3459 3460//3460
f 3461//3461 3460//3460 3430//3430
f 3433//3433 3430//3430 3460//3460
f 3460//3460 3430//3430 3433//3433
f 3430//3430 3460//3460 3461//3461
f 3462//3462 3461//3461 3429//3429
f 3430//3430 3429//3429 3461//3461
f 3461//3461 3429//3429 3430//3430
f 3429//3429 3461//3461 3462//3462
f 3427//3427 3463//3463 3429//3429
f 3462//3462 3429//3429 3463//3463
f 3463//3463 3429//3429 3462//3462
f 3429//3429 3463//3463 3427//3427
f 3425//3425 3464//3464 3427//3427
f 3463//3463 3427//3427 3464//3464
f 3464//3464 3427//3427 3463//3463
f 3427//3427 3464//3464 3425//3425
f 3423//3423 3465//3465 3425//3425
f 3464//3464 3425//3425 3465//3465
f 3465//3465 3425//3425 3464//3464
f 3425//3425 3465//3465 3423//3423
f 3422//3422 3466//3466 3423//3423
f 3465//3465 3423//3423 3466//3466
f 3466//3466 3423//3423 3465//3465
f 3423//3423 3466//3466 3422//3422
f 3424//3424 3467//3467 3422//3422
f 3466//3466 3422//3422 3467//3467
f 3467//3467 3422//3422 3466//3466
f 3422//3422 3467//3467 3424//3424
f 3426//3426 3468//3468 3424//3424
f 3467//3467 3424//3424 3468//3468
f 3468//3468 3424//3424 3467//3467
f 3424//3424 3468//3468 3426//3426
f 3428//3428 3469//3469 3426//3426
f 3468//3468 3426//3426 3469//3469
f 3469//3469 3426//3426 3468//3468
f 3426//3426 3469//3469 3428//3428
f 3407//3407 3470//3470 3428//3428
f 3469//3469 3428//3428 3470//3470
f 3470//3470 3428//3428 3469//3469
f 3428//3428 3470//3470 3407//3407
f 3471//3471 3470//3470 3409//3409
f 3407//3407 3409//3409 3470//3470
f 3470//3470 3409//3409 3407//3407
f 3409//3409 3470//3470 3471//3471
f 3472//3472 3471//3471 3412//3412
f 3409//3409 3412//3412 3471//3471
f 3471//3471 3412//3412 3409//3409
f 3412//3412 3471//3471 3472//3472
f 3473//3473 3472//3472 3414//3414
f 3412//3412 3414//3414 3472//3472
f 3472//3472 3414//3414 3412//3412
f 3414//3414 3472//3472 3473//3473
f 3474//3474 3473//3473 3416//3416
f 3414//3414 3416//3416 3473//3473
f 3473//3473 3416//3416 3414//3414
f 3416//3416 3473//3473 3474//3474
f 3475//3475 3474//3474 3417//3417
f 3416//3416 3417//3417 3474//3474
f 3474//3474 3417//3417 3416//3416
f 3417//3417 3474//3474 3475//3475
f 3476//3476 3475//3475 3421//3421
f 3417//3417 3421//3421 3475//3475
f 3475//3475 3421//3421 3417//3417
f 3421//3421 3475//3475 3476//3476
f 3476//3476 3421//3421 3443//3443
f 3420//3420 3443//3443 3421//3421
f 3421//3421 3443//3443 3420//3420
f 3443//3443 3421//3421 3476//3476
f 3466//3466 3467//3467 3465//3465
f 3464//3464 3465//3465 3467//3467
f 3468//3468 3464//3464 3467//3467
f 3463//3463 3464//3464 3468//3468
f 3469//3469 3463//3463 3468//3468
f 3462//3462 3463//3463 3469//3469
f 3470//3470 3462//3462 3469//3469
f 3461//3461 3462//3462 3470//3470
f 3449//3449 3461//3461 3470//3470
f 3450//3450 3461//3461 3449//3449
f 3451//3451 3461//3461 3450//3450
f 3460//3460 3461//3461 3451//3451
f 3452//3452 3460//3460 3451//3451
f 3459//3459 3460//3460 3452//3452
f 3453//3453 3459//3459 3452//3452
f 3458//3458 3459//3459 3453//3453
f 3454//3454 3458//3458 3453//3453
f 3457//3457 3458//3458 3454//3454
f 3455//3455 3457//3457 3454//3454
f 3456//3456 3457//3457 3455//3455
f 3470//3470 3471//3471 3449//3449
f 3448//3448 3449//3449 3471//3471
f 3447//3447 3448//3448 3471//3471
f 3472//3472 3447//3447 3471//3471
f 3446//3446 3447//3447 3472//3472
f 3473//3473 3446//3446 3472//3472
f 3445//3445 3446//3446 3473//3473
f 3474//3474 3445//3445 3473//3473
f 3475//3475 3445//3445 3474//3474
f 3444//3444 3445//3445 3475//3475
f 3442//3442 3444//3444 3475//3475
f 3443//3443 3442//3442 3475//3475
f 3476//3476 3443//3443 3475//3475
f 3475//3475 3443//3443 3476//3476
f 3475//3475 3442//3442 3443//3443
f 3475//3475 3444//3444 3442//3442
f 3475//3475 3445//3445 3444//3444
f 3474//3474 3445//3445 3475//3475
f 3473//3473 3445//3445 3474//3474
f 3473//3473 3446//3446 3445//3445
f 3472//3472 3446//3446 3473//3473
f 3472//3472 3447//3447 3446//3446
f 3471//3471 3447//3447 3472//3472
f 3471//3471 3448//3448 3447//3447
f 3471//3471 3449//3449 3448//3448
f 3449//3449 3471//3471 3470//3470
f 3455//3455 3457//3457 3456//3456
f 3454//3454 3457//3457 3455//3455
f 3454//3454 3458//3458 3457//3457
f 3453//3453 3458//3458 3454//3454
f 3453//3453 3459//3459 3458//3458
f 3452//3452 3459//3459 3453//3453
f 3452//3452 3460//3460 3459//3459
f 3451//3451 3460//3460 3452//3452
f 3451//3451 3461//3461 3460//3460
f 3450//3450 3461//3461 3451//3451
f 3449//3449 3461//3461 3450//3450
f 3470//3470 3461//3461 3449//3449
f 3470//3470 3462//3462 3461//3461
f 3469//3469 3462//3462 3470//3470
f 3469//3469 3463//3463 3462//3462
f 3468//3468 3463//3463 3469//3469
f 3468//3468 3464//3464 3463//3463
f 3467//3467 3464//3464 3468//3468
f 3467//3467 3465//3465 3464//3464
f 3465//3465 3467//3467 3466//3466
f 3477//3477 3478//3478 3479//3479
f 3480//3480 3479//3479 3478//3478
f 3481//3481 3479//3479 3480//3480
f 3482//3482 3479//3479 3481//3481
f 3483//3483 3479//3479 3482//3482
f 3484//3484 3483//3483 3482//3482
f 3485//3485 3483//3483 3484//3484
f 3486//3486 3485//3485 3484//3484
f 3487//3487 3485//3485 3486//3486
f 3488//3488 3487//3487 3486//3486
f 3489//3489 3487//3487 3488//3488
f 3490//3490 3489//3489 3488//3488
f 3491//3491 3490//3490 3488//3488
f 3492//3492 3490//3490 3491//3491
f 3493//3493 3492//3492 3491//3491
f 3494//3494 3492//3492 3493//3493
f 3495//3495 3494//3494 3493//3493
f 3496//3496 3494//3494 3495//3495
f 3497//3497 3494//3494 3496//3496
f 3498//3498 3494//3494 3497//3497
f 3499//3499 3498//3498 3497//3497
f 3500//3500 3498//3498 3499//3499
f 3501//3501 3500//3500 3499//3499
f 3502//3502 3500//3500 3501//3501
f 3503//3503 3502//3502 3501//3501
f 3504//3504 3505//3505 3506//3506
f 3507//3507 3506//3506 3505//3505
f 3508//3508 3506//3506 3507//3507
f 3509//3509 3508//3508 3507//3507
f 3510//3510 3508//3508 3509//3509
f 3511//3511 3510//3510 3509//3509
f 3477//3477 3510//3510 3511//3511
f 3512//3512 3477//3477 3511//3511
f 3478//3478 3477//3477 3512//3512
f 3513//3513 3478//3478 3512//3512
f 3514//3514 3513//3513 3512//3512
f 3515//3515 3514//3514 3512//3512
f 3516//3516 3515//3515 3512//3512
f 3517//3517 3515//3515 3516//3516
f 3518//3518 3517//3517 3516//3516
f 3519//3519 3517//3517 3518//3518
f 3520//3520 3519//3519 3518//3518
f 3521//3521 3519//3519 3520//3520
f 3522//3522 3519//3519 3521//3521
f 3523//3523 3522//3522 3521//3521
f 3524//3524 3522//3522 3523//3523
f 3525//3525 3524//3524 3523//3523
f 3526//3526 3524//3524 3525//3525
f 3496//3496 3526//3526 3525//3525
f 3495//3495 3526//3526 3496//3496
f 3496//3496 3526//3526 3495//3495
f 3525//3525 3526//3526 3496//3496
f 3525//3525 3524//3524 3526//3526
f 3523//3523 3524//3524 3525//3525
f 3523//3523 3522//3522 3524//3524
f 3521//3521 3522//3522 3523//3523
f 3521//3521 3519//3519 3522//3522
f 3520//3520 3519//3519 3521//3521
f 3518//3518 3519//3519 3520//3520
f 3518//3518 3517//3517 3519//3519
f 3516//3516 3517//3517 3518//3518
f 3516//3516 3515//3515 3517//3517
f 3512//3512 3515//3515 3516//3516
f 3512//3512 3514//3514 3515//3515
f 3512//3512 3513//3513 3514//3514
f 3512//3512 3478//3478 3513//3513
f 3512//3512 3477//3477 3478//3478
f 3511//3511 3477//3477 3512//3512
f 3511//3511 3510//3510 3477//3477
f 3509//3509 3510//3510 3511//3511
f 3509//3509 3508//3508 3510//3510
f 3507//3507 3508//3508 3509//3509
f 3507//3507 3506//3506 3508//3508
f 3505//3505 3506//3506 3507//3507
f 3506//3506 3505//3505 3504//3504
f 3501//3501 3502//3502 3503//3503
f 3501//3501 3500//3500 3502//3502
f 3499//3499 3500//3500 3501//3501
f 3499//3499 3498//3498 3500//3500
f 3497//3497 3498//3498 3499//3499
f 3497//3497 3494//3494 3498//3498
f 3496//3496 3494//3494 3497//3497
f 3495//3495 3494//3494 3496//3496
f 3493//3493 3494//3494 3495//3495
f 3493//3493 3492//3492 3494//3494
f 3491//3491 3492//3492 3493//3493
f 3491//3491 3490//3490 3492//3492
f 3488//3488 3490//3490 3491//3491
f 3488//3488 3489//3489 3490//3490
f 3488//3488 3487//3487 3489//3489
f 3486//3486 3487//3487 3488//3488
f 3486//3486 3485//3485 3487//3487
f 3484//3484 3485//3485 3486//3486
f 3484//3484 3483//3483 3485//3485
f 3482//3482 3483//3483 3484//3484
f 3482//3482 3479//3479 3483//3483
f 3481//3481 3479//3479 3482//3482
f 3480//3480 3479//3479 3481//3481
f 3478//3478 3479//3479 3480//3480
f 3479//3479 3478//3478 3477//3477
f 3506//3506 3527//3527 3504//3504
f 3528//3528 3504//3504 3527//3527
f 3527//3527 3504//3504 3528//3528
f 3504//3504 3527//3527 3506//3506
f 3508//3508 3529//3529 3506//3506
f 3527//3527 3506//3506 3529//3529
f 3529//3529 3506//3506 3527//3527
f 3506//3506 3529//3529 3508//3508
f 3510//3510 3530//3530 3508//3508
f 3529//3529 3508//3508 3530//3530
f 3530//3530 3508//3508 3529//3529
f 3508//3508 3530//3530 3510//3510
f 3477//3477 3531//3531 3510//3510
f 3530//3530 3510//3510 3531//3531
f 3531//3531 3510//3510 3530//3530
f 3510//3510 3531//3531 3477//3477
f 3532//3532 3531//3531 3479//3479
f 3477//3477 3479//3479 3531//3531
f 3531//3531 3479//3479 3477//3477
f 3479//3479 3531//3531 3532//3532
f 3533//3533 3532//3532 3483//3483
f 3479//3479 3483//3483 3532//3532
f 3532//3532 3483//3483 3479//3479
f 3483//3483 3532//3532 3533//3533
f 3534//3534 3533//3533 3485//3485
f 3483//3483 3485//3485 3533//3533
f 3533//3533 3485//3485 3483//3483
f 3485//3485 3533//3533 3534//3534
f 3535//3535 3534//3534 3487//3487
f 3485//3485 3487//3487 3534//3534
f 3534//3534 3487//3487 3485//3485
f 3487//3487 3534//3534 3535//3535
f 3536//3536 3535//3535 3489//3489
f 3487//3487 3489//3489 3535//3535
f 3535//3535 3489//3489 3487//3487
f 3489//3489 3535//3535 3536//3536
f 3537//3537 3536//3536 3490//3490
f 3489//3489 3490//3490 3536//3536
f 3536//3536 3490//3490 3489//3489
f 3490//3490 3536//3536 3537//3537
f 3538//3538 3537//3537 3492//3492
f 3490//3490 3492//3492 3537//3537
f 3537//3537 3492//3492 3490//3490
f 3492//3492 3537//3537 3538//3538
f 3539//3539 3538//3538 3494//3494
f 3492//3492 3494//3494 3538//3538
f 3538//3538 3494//3494 3492//3492
f 3494//3494 3538//3538 3539//3539
f 3539//3539 3494//3494 3540//3540
f 3498//3498 3540//3540 3494//3494
f 3494//3494 3540//3540 3498//3498
f 3540//3540 3494//3494 3539//3539
f 3540//3540 3498//3498 3541//3541
f 3500//3500 3541//3541 3498//3498
f 3498//3498 3541//3541 3500//3500
f 3541//3541 3498//3498 3540//3540
f 3541//3541 3500//3500 3542//3542
f 3502//3502 3542//3542 3500//3500
f 3500//3500 3542//3542 3502//3502
f 3542//3542 3500//3500 3541//3541
f 3542//3542 3502//3502 3543//3543
f 3503//3503 3543//3543 3502//3502
f 3502//3502 3543//3543 3503//3503
f 3543//3543 3502//3502 3542//3542
f 3543//3543 3503//3503 3544//3544
f 3501//3501 3544//3544 3503//3503
f 3503//3503 3544//3544 3501//3501
f 3544//3544 3503//3503 3543//3543
f 3544//3544 3501//3501 3545//3545
f 3499//3499 3545//3545 3501//3501
f 3501//3501 3545//3545 3499//3499
f 3545//3545 3501//3501 3544//3544
f 3545//3545 3499//3499 3546//3546
f 3497//3497 3546//3546 3499//3499
f 3499//3499 3546//3546 3497//3497
f 3546//3546 3499//3499 3545//3545
f 3546//3546 3497//3497 3547//3547
f 3496//3496 3547//3547 3497//3497
f 3497//3497 3547//3547 3496//3496
f 3547//3547 3497//3497 3546//3546
f 3548//3548 3547//3547 3525//3525
f 3496//3496 3525//3525 3547//3547
f 3547//3547 3525//3525 3496//3496
f 3525//3525 3547//3547 3548//3548
f 3549//3549 3548//3548 3523//3523
f 3525//3525 3523//3523 3548//3548
f 3548//3548 3523//3523 3525//3525
f 3523//3523 3548//3548 3549//3549
f 3550//3550 3549//3549 3521//3521
f 3523//3523 3521//3521 3549//3549
f 3549//3549 3521//3521 3523//3523
f 3521//3521 3549//3549 3550//3550
f 3551//3551 3550//3550 3520//3520
f 3521//3521 3520//3520 3550//3550
f 3550//3550 3520//3520 3521//3521
f 3520//3520 3550//3550 3551//3551
f 3552//3552 3551//3551 3518//3518
f 3520//3520 3518//3518 3551//3551
f 3551//3551 3518//3518 3520//3520
f 3518//3518 3551//3551 3552//3552
f 3553//3553 3552//3552 3516//3516
f 3518//3518 3516//3516 3552//3552
f 3552//3552 3516//3516 3518//3518
f 3516//3516 3552//3552 3553//3553
f 3554//3554 3553//3553 3512//3512
f 3516//3516 3512//3512 3553//3553
f 3553//3553 3512//3512 3516//3516
f 3512//3512 3553//3553 3554//3554
f 3555//3555 3554//3554 3511//3511
f 3512//3512 3511//3511 3554//3554
f 3554//3554 3511//3511 3512//3512
f 3511//3511 3554//3554 3555//3555
f 3509//3509 3556//3556 3511//3511
f 3555//3555 3511//3511 3556//3556
f 3556//3556 3511//3511 3555//3555
f 3511//3511 3556//3556 3509//3509
f 3507//3507 3557//3557 3509//3509
f 3556//3556 3509//3509 3557//3557
f 3557//3557 3509//3509 3556//3556
f 3509//3509 3557//3557 3507//3507
f 3505//3505 3558//3558 3507//3507
f 3557//3557 3507//3507 3558//3558
f 3558//3558 3507//3507 3557//3557
f 3507//3507 3558//3558 3505//3505
f 3504//3504 3528//3528 3505//3505
f 3558//3558 3505//3505 3528//3528
f 3528//3528 3505//3505 3558//3558
f 3505//3505 3528//3528 3504//3504
f 3528//3528 3527//3527 3558//3558
f 3557//3557 3558//3558 3527//3527
f 3529//3529 3557//3557 3527//3527
f 3556//3556 3557//3557 3529//3529
f 3530//3530 3556//3556 3529//3529
f 3555//3555 3556//3556 3530//3530
f 3531//3531 3555//3555 3530//3530
f 3554//3554 3555//3555 3531//3531
f 3559//3559 3554//3554 3531//3531
f 3560//3560 3554//3554 3559//3559
f 3561//3561 3554//3554 3560//3560
f 3562//3562 3554//3554 3561//3561
f 3553//3553 3554//3554 3562//3562
f 3563//3563 3553//3553 3562//3562
f 3552//3552 3553//3553 3563//3563
f 3564//3564 3552//3552 3563//3563
f 3551//3551 3552//3552 3564//3564
f 3550//3550 3551//3551 3564//3564
f 3565//3565 3550//3550 3564//3564
f 3549//3549 3550//3550 3565//3565
f 3566//3566 3549//3549 3565//3565
f 3548//3548 3549//3549 3566//3566
f 3567//3567 3548//3548 3566//3566
f 3547//3547 3548//3548 3567//3567
f 3568//3568 3547//3547 3567//3567
f 3531//3531 3532//3532 3559//3559
f 3569//3569 3559//3559 3532//3532
f 3570//3570 3569//3569 3532//3532
f 3571//3571 3570//3570 3532//3532
f 3533//3533 3571//3571 3532//3532
f 3572//3572 3571//3571 3533//3533
f 3534//3534 3572//3572 3533//3533
f 3573//3573 3572//3572 3534//3534
f 3535//3535 3573//3573 3534//3534
f 3574//3574 3573//3573 3535//3535
f 3536//3536 3574//3574 3535//3535
f 3537//3537 3574//3574 3536//3536
f 3575//3575 3574//3574 3537//3537
f 3538//3538 3575//3575 3537//3537
f 3576//3576 3575//3575 3538//3538
f 3539//3539 3576//3576 3538//3538
f 3568//3568 3576//3576 3539//3539
f 3547//3547 3568//3568 3539//3539
f 3546//3546 3547//3547 3539//3539
f 3540//3540 3546//3546 3539//3539
f 3545//3545 3546//3546 3540//3540
f 3541//3541 3545//3545 3540//3540
f 3544//3544 3545//3545 3541//3541
f 3542//3542 3544//3544 3541//3541
f 3543//3543 3544//3544 3542//3542
f 3542//3542 3544//3544 3543//3543
f 3541//3541 3544//3544 3542//3542
f 3541//3541 3545//3545 3544//3544
f 3540//3540 3545//3545 3541//3541
f 3540//3540 3546//3546 3545//3545
f 3539//3539 3546//3546 3540//3540
f 3539//3539 3547//3547 3546//3546
f 3539//3539 3568//3568 3547//3547
f 3539//3539 3576//3576 3568//3568
f 3538//3538 3576//3576 3539//3539
f 3538//3538 3575//3575 3576//3576
f 3537//3537 3575//3575 3538//3538
f 3537//3537 3574//3574 3575//3575
f 3536//3536 3574//3574 3537//3537
f 3535//3535 3574//3574 3536//3536
f 3535//3535 3573//3573 3574//3574
f 3534//3534 3573//3573 3535//3535
f 3534//3534 3572//3572 3573//3573
f 3533//3533 3572//3572 3534//3534
f 3533//3533 3571//3571 3572//3572
f 3532//3532 3571//3571 3533//3533
f 3532//3532 3570//3570 3571//3571
f 3532//3532 3569//3569 3570//3570
f 3532//3532 3559//3559 3569//3569
f 3559//3559 3532//3532 3531//3531
f 3567//3567 3547//3547 3568//3568
f 3567//3567 3548//3548 3547//3547
f 3566//3566 3548//3548 3567//3567
f 3566//3566 3549//3549 3548//3548
f 3565//3565 3549//3549 3566//3566
f 3565//3565 3550//3550 3549//3549
f 3564//3564 3550//3550 3565//3565
f 3564//3564 3551//3551 3550//3550
f 3564//3564 3552//3552 3551//3551
f 3563//3563 3552//3552 3564//3564
f 3563//3563 3553//3553 3552//3552
f 3562//3562 3553//3553 3563//3563
f 3562//3562 3554//3554 3553//3553
f 3561//3561 3554//3554 3562//3562
f 3560//3560 3554//3554 3561//3561
f 3559//3559 3554//3554 3560//3560
f 3531//3531 3554//3554 3559//3559
f 3531//3531 3555//3555 3554//3554
f 3530//3530 3555//3555 3531//3531
f 3530//3530 3556//3556 3555//3555
f 3529//3529 3556//3556 3530//3530
f 3529//3529 3557//3557 3556//3556
f 3527//3527 3557//3557 3529//3529
f 3527//3527 3558//3558 3557//3557
f 3558//3558 3527//3527 3528//3528
f 3577//3577 3578//3578 3579//3579
f 3580//3580 3579//3579 3578//3578
f 3578//3578 3579//3579 3580//3580
f 3579//3579 3578//3578 3577//3577
f 3577//3577 3581//3581 3578//3578
f 3582//3582 3578//3578 3581//3581
f 3581//3581 3578//3578 3582//3582
f 3578//3578 3581//3581 3577//3577
f 3583//3583 3581//3581 3579//3579
f 3577//3577 3579//3579 3581//3581
f 3581//3581 3579//3579 3577//3577
f 3579//3579 3581//3581 3583//3583
f 3583//3583 3579//3579 3584//3584
f 3580//3580 3584//3584 3579//3579
f 3579//3579 3584//3584 3580//3580
f 3584//3584 3579//3579 3583//3583
f 3582//3582 3584//3584 3578//3578
f 3580//3580 3578//3578 3584//3584
f 3584//3584 3578//3578 3580//3580
f 3578//3578 3584//3584 3582//3582
f 3582//3582 3581//3581 3584//3584
f 3583//3583 3584//3584 3581//3581
f 3581//3581 3584//3584 3583//3583
f 3584//3584 3581//3581 3582//3582
f 3585//3585 3586//3586 3587//3587
f 3588//3588 3587//3587 3586//3586
f 3586//3586 3587//3587 3588//3588
f 3587//3587 3586//3586 3585//3585
f 3585//3585 3589//3589 3586//3586
f 3590//3590 3586//3586 3589//3589
f 3589//3589 3586//3586 3590//3590
f 3586//3586 3589//3589 3585//3585
f 3591//3591 3589//3589 3587//3587
f 3585//3585 3587//3587 3589//3589
f 3589//3589 3587//3587 3585//3585
f 3587//3587 3589//3589 3591//3591
f 3591//3591 3587//3587 3592//3592
f 3588//3588 3592//3592 3587//3587
f 3587//3587 3592//3592 3588//3588
f 3592//3592 3587//3587 3591//3591
f 3590//3590 3592//3592 3586//3586
f 3588//3588 3586//3586 3592//3592
f 3592//3592 3586//3586 3588//3588
f 3586//3586 3592//3592 3590//3590
f 3590//3590 3589//3589 3592//3592
f 3591//3591 3592//3592 3589//3589
f 3589//3589 3592//3592 3591//3591
f 3592//3592 3589//3589 3590//3590
f 3593//3593 3594//3594 3595//3595
f 3596//3596 3595//3595 3594//3594
f 3597//3597 3595//3595 3596//3596
f 3598//3598 3595//3595 3597//3597
f 3599//3599 3595//3595 3598//3598
f 3600//3600 3595//3595 3599//3599
f 3601//3601 3602//3602 3593//3593
f 3594//3594 3593//3593 3602//3602
f 3603//3603 3594//3594 3602//3602
f 3604//3604 3603//3603 3602//3602
f 3605//3605 3603//3603 3604//3604
f 3606//3606 3605//3605 3604//3604
f 3607//3607 3605//3605 3606//3606
f 3608//3608 3607//3607 3606//3606
f 3609//3609 3607//3607 3608//3608
f 3610//3610 3609//3609 3608//3608
f 3611//3611 3610//3610 3608//3608
f 3612//3612 3610//3610 3611//3611
f 3613//3613 3612//3612 3611//3611
f 3614//3614 3612//3612 3613//3613
f 3615//3615 3614//3614 3613//3613
f 3596//3596 3614//3614 3615//3615
f 3597//3597 3596//3596 3615//3615
f 3616//3616 3617//3617 3618//3618
f 3619//3619 3618//3618 3617//3617
f 3620//3620 3619//3619 3617//3617
f 3621//3621 3619//3619 3620//3620
f 3622//3622 3621//3621 3620//3620
f 3623//3623 3621//3621 3622//3622
f 3601//3601 3623//3623 3622//3622
f 3593//3593 3623//3623 3601//3601
f 3624//3624 3623//3623 3593//3593
f 3625//3625 3624//3624 3593//3593
f 3626//3626 3624//3624 3625//3625
f 3627//3627 3626//3626 3625//3625
f 3628//3628 3626//3626 3627//3627
f 3629//3629 3626//3626 3628//3628
f 3630//3630 3626//3626 3629//3629
f 3631//3631 3630//3630 3629//3629
f 3632//3632 3631//3631 3629//3629
f 3633//3633 3631//3631 3632//3632
f 3634//3634 3633//3633 3632//3632
f 3635//3635 3633//3633 3634//3634
f 3636//3636 3633//3633 3635//3635
f 3637//3637 3636//3636 3635//3635
f 3638//3638 3636//3636 3637//3637
f 3639//3639 3636//3636 3638//3638
f 3640//3640 3639//3639 3638//3638
f 3638//3638 3639//3639 3640//3640
f 3638//3638 3636//3636 3639//3639
f 3637//3637 3636//3636 3638//3638
f 3635//3635 3636//3636 3637//3637
f 3635//3635 3633//3633 3636//3636
f 3634//3634 3633//3633 3635//3635
f 3632//3632 3633//3633 3634//3634
f 3632//3632 3631//3631 3633//3633
f 3629//3629 3631//3631 3632//3632
f 3629//3629 3630//3630 3631//3631
f 3629//3629 3626//3626 3630//3630
f 3628//3628 3626//3626 3629//3629
f 3627//3627 3626//3626 3628//3628
f 3625//3625 3626//3626 3627//3627
f 3625//3625 3624//3624 3626//3626
f 3593//3593 3624//3624 3625//3625
f 3593//3593 3623//3623 3624//3624
f 3601//3601 3623//3623 3593//3593
f 3622//3622 3623//3623 3601//3601
f 3622//3622 3621//3621 3623//3623
f 3620//3620 3621//3621 3622//3622
f 3620//3620 3619//3619 3621//3621
f 3617//3617 3619//3619 3620//3620
f 3617//3617 3618//3618 3619//3619
f 3618//3618 3617//3617 3616//3616
f 3615//3615 3596//3596 3597//3597
f 3615//3615 3614//3614 3596//3596
f 3613//3613 3614//3614 3615//3615
f 3613//3613 3612//3612 3614//3614
f 3611//3611 3612//3612 3613//3613
f 3611//3611 3610//3610 3612//3612
f 3608//3608 3610//3610 3611//3611
f 3608//3608 3609//3609 3610//3610
f 3608//3608 3607//3607 3609//3609
f 3606//3606 3607//3607 3608//3608
f 3606//3606 3605//3605 3607//3607
f 3604//3604 3605//3605 3606//3606
f 3604//3604 3603//3603 3605//3605
f 3602//3602 3603//3603 3604//3604
f 3602//3602 3594//3594 3603//3603
f 3602//3602 3593//3593 3594//3594
f 3593//3593 3602//3602 3601//3601
f 3599//3599 3595//3595 3600//3600
f 3598//3598 3595//3595 3599//3599
f 3597//3597 3595//3595 3598//3598
f 3596//3596 3595//3595 3597//3597
f 3594//3594 3595//3595 3596//3596
f 3595//3595 3594//3594 3593//3593
f 3641//3641 3595//3595 3642//3642
f 3600//3600 3642//3642 3595//3595
f 3595//3595 3642//3642 3600//3600
f 3642//3642 3595//3595 3641//3641
f 3642//3642 3600//3600 3643//3643
f 3599//3599 3643//3643 3600//3600
f 3600//3600 3643//3643 3599//3599
f 3643//3643 3600//3600 3642//3642
f 3643//3643 3599//3599 3644//3644
f 3598//3598 3644//3644 3599//3599
f 3599//3599 3644//3644 3598//3598
f 3644//3644 3599//3599 3643//3643
f 3644//3644 3598//3598 3645//3645
f 3597//3597 3645//3645 3598//3598
f 3598//3598 3645//3645 3597//3597
f 3645//3645 3598//3598 3644//3644
f 3646//3646 3645//3645 3615//3615
f 3597//3597 3615//3615 3645//3645
f 3645//3645 3615//3615 3597//3597
f 3615//3615 3645//3645 3646//3646
f 3647//3647 3646//3646 3613//3613
f 3615//3615 3613//3613 3646//3646
f 3646//3646 3613//3613 3615//3615
f 3613//3613 3646//3646 3647//3647
f 3648//3648 3647//3647 3611//3611
f 3613//3613 3611//3611 3647//3647
f 3647//3647 3611//3611 3613//3613
f 3611//3611 3647//3647 3648//3648
f 3649//3649 3648//3648 3608//3608
f 3611//3611 3608//3608 3648//3648
f 3648//3648 3608//3608 3611//3611
f 3608//3608 3648//3648 3649//3649
f 3650//3650 3649//3649 3606//3606
f 3608//3608 3606//3606 3649//3649
f 3649//3649 3606//3606 3608//3608
f 3606//3606 3649//3649 3650//3650
f 3651//3651 3650//3650 3604//3604
f 3606//3606 3604//3604 3650//3650
f 3650//3650 3604//3604 3606//3606
f 3604//3604 3650//3650 3651//3651
f 3652//3652 3651//3651 3602//3602
f 3604//3604 3602//3602 3651//3651
f 3651//3651 3602//3602 3604//3604
f 3602//3602 3651//3651 3652//3652
f 3653//3653 3652//3652 3601//3601
f 3602//3602 3601//3601 3652//3652
f 3652//3652 3601//3601 3602//3602
f 3601//3601 3652//3652 3653//3653
f 3622//3622 3654//3654 3601//3601
f 3653//3653 3601//3601 3654//3654
f 3654//3654 3601//3601 3653//3653
f 3601//3601 3654//3654 3622//3622
f 3620//3620 3655//3655 3622//3622
f 3654//3654 3622//3622 3655//3655
f 3655//3655 3622//3622 3654//3654
f 3622//3622 3655//3655 3620//3620
f 3617//3617 3656//3656 3620//3620
f 3655//3655 3620//3620 3656//3656
f 3656//3656 3620//3620 3655//3655
f 3620//3620 3656//3656 3617//3617
f 3616//3616 3657//3657 3617//3617
f 3656//3656 3617//3617 3657//3657
f 3657//3657 3617//3617 3656//3656
f 3617//3617 3657//3657 3616//3616
f 3618//3618 3658//3658 3616//3616
f 3657//3657 3616//3616 3658//3658
f 3658//3658 3616//3616 3657//3657
f 3616//3616 3658//3658 3618//3618
f 3619//3619 3659//3659 3618//3618
f 3658//3658 3618//3618 3659//3659
f 3659//3659 3618//3618 3658//3658
f 3618//3618 3659//3659 3619//3619
f 3621//3621 3660//3660 3619//3619
f 3659//3659 3619//3619 3660//3660
f 3660//3660 3619//3619 3659//3659
f 3619//3619 3660//3660 3621//3621
f 3623//3623 3661//3661 3621//3621
f 3660//3660 3621//3621 3661//3661
f 3661//3661 3621//3621 3660//3660
f 3621//3621 3661//3661 3623//3623
f 3662//3662 3661//3661 3624//3624
f 3623//3623 3624//3624 3661//3661
f 3661//3661 3624//3624 3623//3623
f 3624//3624 3661//3661 3662//3662
f 3663//3663 3662//3662 3626//3626
f 3624//3624 3626//3626 3662//3662
f 3662//3662 3626//3626 3624//3624
f 3626//3626 3662//3662 3663//3663
f 3664//3664 3663//3663 3630//3630
f 3626//3626 3630//3630 3663//3663
f 3663//3663 3630//3630 3626//3626
f 3630//3630 3663//3663 3664//3664
f 3665//3665 3664//3664 3631//3631
f 3630//3630 3631//3631 3664//3664
f 3664//3664 3631//3631 3630//3630
f 3631//3631 3664//3664 3665//3665
f 3666//3666 3665//3665 3633//3633
f 3631//3631 3633//3633 3665//3665
f 3665//3665 3633//3633 3631//3631
f 3633//3633 3665//3665 3666//3666
f 3667//3667 3666//3666 3636//3636
f 3633//3633 3636//3636 3666//3666
f 3666//3666 3636//3636 3633//3633
f 3636//3636 3666//3666 3667//3667
f 3668//3668 3667//3667 3639//3639
f 3636//3636 3639//3639 3667//3667
f 3667//3667 3639//3639 3636//3636
f 3639//3639 3667//3667 3668//3668
f 3668//3668 3639//3639 3669//3669
f 3640//3640 3669//3669 3639//3639
f 3639//3639 3669//3669 3640//3640
f 3669//3669 3639//3639 3668//3668
f 3670//3670 3669//3669 3638//3638
f 3640//3640 3638//3638 3669//3669
f 3669//3669 3638//3638 3640//3640
f 3638//3638 3669//3669 3670//3670
f 3637//3637 3671//3671 3638//3638
f 3670//3670 3638//3638 3671//3671
f 3671//3671 3638//3638 3670//3670
f 3638//3638 3671//3671 3637//3637
f 3672//3672 3671//3671 3635//3635
f 3637//3637 3635//3635 3671//3671
f 3671//3671 3635//3635 3637//3637
f 3635//3635 3671//3671 3672//3672
f 3673//3673 3672//3672 3634//3634
f 3635//3635 3634//3634 3672//3672
f 3672//3672 3634//3634 3635//3635
f 3634//3634 3672//3672 3673//3673
f 3674//3674 3673//3673 3632//3632
f 3634//3634 3632//3632 3673//3673
f 3673//3673 3632//3632 3634//3634
f 3632//3632 3673//3673 3674//3674
f 3675//3675 3674//3674 3629//3629
f 3632//3632 3629//3629 3674//3674
f 3674//3674 3629//3629 3632//3632
f 3629//3629 3674//3674 3675//3675
f 3676//3676 3675//3675 3628//3628
f 3629//3629 3628//3628 3675//3675
f 3675//3675 3628//3628 3629//3629
f 3628//3628 3675//3675 3676//3676
f 3677//3677 3676//3676 3627//3627
f 3628//3628 3627//3627 3676//3676
f 3676//3676 3627//3627 3628//3628
f 3627//3627 3676//3676 3677//3677
f 3677//3677 3627//3627 3678//3678
f 3625//3625 3678//3678 3627//3627
f 3627//3627 3678//3678 3625//3625
f 3678//3678 3627//3627 3677//3677
f 3678//3678 3625//3625 3679//3679
f 3593//3593 3679//3679 3625//3625
f 3625//3625 3679//3679 3593//3593
f 3679//3679 3625//3625 3678//3678
f 3641//3641 3679//3679 3595//3595
f 3593//3593 3595//3595 3679//3679
f 3679//3679 3595//3595 3593//3593
f 3595//3595 3679//3679 3641//3641
f 3653//3653 3679//3679 3652//3652
f 3680//3680 3652//3652 3679//3679
f 3681//3681 3652//3652 3680//3680
f 3651//3651 3652//3652 3681//3681
f 3682//3682 3651//3651 3681//3681
f 3650//3650 3651//3651 3682//3682
f 3683//3683 3650//3650 3682//3682
f 3649//3649 3650//3650 3683//3683
f 3684//3684 3649//3649 3683//3683
f 3648//3648 3649//3649 3684//3684
f 3685//3685 3648//3648 3684//3684
f 3686//3686 3648//3648 3685//3685
f 3647//3647 3648//3648 3686//3686
f 3687//3687 3647//3647 3686//3686
f 3646//3646 3647//3647 3687//3687
f 3688//3688 3646//3646 3687//3687
f 3645//3645 3646//3646 3688//3688
f 3679//3679 3641//3641 3680//3680
f 3688//3688 3680//3680 3641//3641
f 3645//3645 3688//3688 3641//3641
f 3644//3644 3645//3645 3641//3641
f 3643//3643 3644//3644 3641//3641
f 3642//3642 3643//3643 3641//3641
f 3657//3657 3658//3658 3656//3656
f 3659//3659 3656//3656 3658//3658
f 3655//3655 3656//3656 3659//3659
f 3660//3660 3655//3655 3659//3659
f 3654//3654 3655//3655 3660//3660
f 3661//3661 3654//3654 3660//3660
f 3653//3653 3654//3654 3661//3661
f 3679//3679 3653//3653 3661//3661
f 3662//3662 3679//3679 3661//3661
f 3678//3678 3679//3679 3662//3662
f 3663//3663 3678//3678 3662//3662
f 3677//3677 3678//3678 3663//3663
f 3676//3676 3677//3677 3663//3663
f 3675//3675 3676//3676 3663//3663
f 3664//3664 3675//3675 3663//3663
f 3665//3665 3675//3675 3664//3664
f 3674//3674 3675//3675 3665//3665
f 3666//3666 3674//3674 3665//3665
f 3673//3673 3674//3674 3666//3666
f 3672//3672 3673//3673 3666//3666
f 3667//3667 3672//3672 3666//3666
f 3671//3671 3672//3672 3667//3667
f 3670//3670 3671//3671 3667//3667
f 3668//3668 3670//3670 3667//3667
f 3669//3669 3670//3670 3668//3668
f 3668//3668 3670//3670 3669//3669
f 3667//3667 3670//3670 3668//3668
f 3667//3667 3671//3671 3670//3670
f 3667//3667 3672//3672 3671//3671
f 3666//3666 3672//3672 3667//3667
f 3666//3666 3673//3673 3672//3672
f 3666//3666 3674//3674 3673//3673
f 3665//3665 3674//3674 3666//3666
f 3665//3665 3675//3675 3674//3674
f 3664//3664 3675//3675 3665//3665
f 3663//3663 3675//3675 3664//3664
f 3663//3663 3676//3676 3675//3675
f 3663//3663 3677//3677 3676//3676
f 3663//3663 3678//3678 3677//3677
f 3662//3662 3678//3678 3663//3663
f 3662//3662 3679//3679 3678//3678
f 3661//3661 3679//3679 3662//3662
f 3661//3661 3653//3653 3679//3679
f 3661//3661 3654//3654 3653//3653
f 3660//3660 3654//3654 3661//3661
f 3660//3660 3655//3655 3654//3654
f 3659//3659 3655//3655 3660//3660
f 3659//3659 3656//3656 3655//3655
f 3658//3658 3656//3656 3659//3659
f 3656//3656 3658//3658 3657//3657
f 3641//3641 3643//3643 3642//3642
f 3641//3641 3644//3644 3643//3643
f 3641//3641 3645//3645 3644//3644
f 3641//3641 3688//3688 3645//3645
f 3641//3641 3680//3680 3688//3688
f 3680//3680 3641//3641 3679//3679
f 3688//3688 3646//3646 3645//3645
f 3687//3687 3646//3646 3688//3688
f 3687//3687 3647//3647 3646//3646
f 3686//3686 3647//3647 3687//3687
f 3686//3686 3648//3648 3647//3647
f 3685//3685 3648//3648 3686//3686
f 3684//3684 3648//3648 3685//3685
f 3684//3684 3649//3649 3648//3648
f 3683//3683 3649//3649 3684//3684
f 3683//3683 3650//3650 3649//3649
f 3682//3682 3650//3650 3683//3683
f 3682//3682 3651//3651 3650//3650
f 3681//3681 3651//3651 3682//3682
f 3681//3681 3652//3652 3651//3651
f 3680//3680 3652//3652 3681//3681
f 3679//3679 3652//3652 3680//3680
f 3652//3652 3679//3679 3653//3653
f 3689//3689 3690//3690 3691//3691
f 3692//3692 3691//3691 3690//3690
f 3693//3693 3691//3691 3692//3692
f 3694//3694 3691//3691 3693//3693
f 3695//3695 3694//3694 3693//3693
f 3696//3696 3694//3694 3695//3695
f 3697//3697 3696//3696 3695//3695
f 3698//3698 3696//3696 3697//3697
f 3699//3699 3698//3698 3697//3697
f 3700//3700 3699//3699 3697//3697
f 3701//3701 3699//3699 3700//3700
f 3702//3702 3699//3699 3701//3701
f 3703//3703 3699//3699 3702//3702
f 3704//3704 3705//3705 3706//3706
f 3707//3707 3706//3706 3705//3705
f 3708//3708 3706//3706 3707//3707
f 3709//3709 3708//3708 3707//3707
f 3710//3710 3708//3708 3709//3709
f 3711//3711 3710//3710 3709//3709
f 3689//3689 3710//3710 3711//3711
f 3712//3712 3689//3689 3711//3711
f 3690//3690 3689//3689 3712//3712
f 3713//3713 3690//3690 3712//3712
f 3714//3714 3713//3713 3712//3712
f 3715//3715 3714//3714 3712//3712
f 3716//3716 3714//3714 3715//3715
f 3717//3717 3716//3716 3715//3715
f 3718//3718 3716//3716 3717//3717
f 3719//3719 3718//3718 3717//3717
f 3720//3720 3718//3718 3719//3719
f 3721//3721 3720//3720 3719//3719
f 3722//3722 3720//3720 3721//3721
f 3723//3723 3722//3722 3721//3721
f 3721//3721 3722//3722 3723//3723
f 3721//3721 3720//3720 3722//3722
f 3719//3719 3720//3720 3721//3721
f 3719//3719 3718//3718 3720//3720
f 3717//3717 3718//3718 3719//3719
f 3717//3717 3716//3716 3718//3718
f 3715//3715 3716//3716 3717//3717
f 3715//3715 3714//3714 3716//3716
f 3712//3712 3714//3714 3715//3715
f 3712//3712 3713//3713 3714//3714
f 3712//3712 3690//3690 3713//3713
f 3712//3712 3689//3689 3690//3690
f 3711//3711 3689//3689 3712//3712
f 3711//3711 3710//3710 3689//3689
f 3709//3709 3710//3710 3711//3711
f 3709//3709 3708//3708 3710//3710
f 3707//3707 3708//3708 3709//3709
f 3707//3707 3706//3706 3708//3708
f 3705//3705 3706//3706 3707//3707
f 3706//3706 3705//3705 3704//3704
f 3702//3702 3699//3699 3703//3703
f 3701//3701 3699//3699 3702//3702
f 3700//3700 3699//3699 3701//3701
f 3697//3697 3699//3699 3700//3700
f 3697//3697 3698//3698 3699//3699
f 3697//3697 3696//3696 3698//3698
f 3695//3695 3696//3696 3697//3697
f 3695//3695 3694//3694 3696//3696
f 3693//3693 3694//3694 3695//3695
f 3693//3693 3691//3691 3694//3694
f 3692//3692 3691//3691 3693//3693
f 3690//3690 3691//3691 3692//3692
f 3691//3691 3690//3690 3689//3689
f 3724//3724 3725//3725 3701//3701
f 3702//3702 3701//3701 3725//3725
f 3725//3725 3701//3701 3702//3702
f 3701//3701 3725//3725 3724//3724
f 3726//3726 3724//3724 3700//3700
f 3701//3701 3700//3700 3724//3724
f 3724//3724 3700//3700 3701//3701
f 3700//3700 3724//3724 3726//3726
f 3727//3727 3726//3726 3697//3697
f 3700//3700 3697//3697 3726//3726
f 3726//3726 3697//3697 3700//3700
f 3697//3697 3726//3726 3727//3727
f 3728//3728 3727//3727 3695//3695
f 3697//3697 3695//3695 3727//3727
f 3727//3727 3695//3695 3697//3697
f 3695//3695 3727//3727 3728//3728
f 3729//3729 3728//3728 3693//3693
f 3695//3695 3693//3693 3728//3728
f 3728//3728 3693//3693 3695//3695
f 3693//3693 3728//3728 3729//3729
f 3729//3729 3693//3693 3730//3730
f 3692//3692 3730//3730 3693//3693
f 3693//3693 3730//3730 3692//3692
f 3730//3730 3693//3693 3729//3729
f 3730//3730 3692//3692 3731//3731
f 3690//3690 3731//3731 3692//3692
f 3692//3692 3731//3731 3690//3690
f 3731//3731 3692//3692 3730//3730
f 3731//3731 3690//3690 3732//3732
f 3713//3713 3732//3732 3690//3690
f 3690//3690 3732//3732 3713//3713
f 3732//3732 3690//3690 3731//3731
f 3732//3732 3713//3713 3733//3733
f 3714//3714 3733//3733 3713//3713
f 3713//3713 3733//3733 3714//3714
f 3733//3733 3713//3713 3732//3732
f 3734//3734 3733//3733 3716//3716
f 3714//3714 3716//3716 3733//3733
f 3733//3733 3716//3716 3714//3714
f 3716//3716 3733//3733 3734//3734
f 3735//3735 3734//3734 3718//3718
f 3716//3716 3718//3718 3734//3734
f 3734//3734 3718//3718 3716//3716
f 3718//3718 3734//3734 3735//3735
f 3736//3736 3735//3735 3720//3720
f 3718//3718 3720//3720 3735//3735
f 3735//3735 3720//3720 3718//3718
f 3720//3720 3735//3735 3736//3736
f 3737//3737 3736//3736 3722//3722
f 3720//3720 3722//3722 3736//3736
f 3736//3736 3722//3722 3720//3720
f 3722//3722 3736//3736 3737//3737
f 3737//3737 3722//3722 3738//3738
f 3723//3723 3738//3738 3722//3722
f 3722//3722 3738//3738 3723//3723
f 3738//3738 3722//3722 3737//3737
f 3739//3739 3738//3738 3721//3721
f 3723//3723 3721//3721 3738//3738
f 3738//3738 3721//3721 3723//3723
f 3721//3721 3738//3738 3739//3739
f 3740//3740 3739//3739 3719//3719
f 3721//3721 3719//3719 3739//3739
f 3739//3739 3719//3719 3721//3721
f 3719//3719 3739//3739 3740//3740
f 3741//3741 3740//3740 3717//3717
f 3719//3719 3717//3717 3740//3740
f 3740//3740 3717//3717 3719//3719
f 3717//3717 3740//3740 3741//3741
f 3742//3742 3741//3741 3715//3715
f 3717//3717 3715//3715 3741//3741
f 3741//3741 3715//3715 3717//3717
f 3715//3715 3741//3741 3742//3742
f 3743//3743 3742//3742 3712//3712
f 3715//3715 3712//3712 3742//3742
f 3742//3742 3712//3712 3715//3715
f 3712//3712 3742//3742 3743//3743
f 3744//3744 3743//3743 3711//3711
f 3712//3712 3711//3711 3743//3743
f 3743//3743 3711//3711 3712//3712
f 3711//3711 3743//3743 3744//3744
f 3709//3709 3745//3745 3711//3711
f 3744//3744 3711//3711 3745//3745
f 3745//3745 3711//3711 3744//3744
f 3711//3711 3745//3745 3709//3709
f 3707//3707 3746//3746 3709//3709
f 3745//3745 3709//3709 3746//3746
f 3746//3746 3709//3709 3745//3745
f 3709//3709 3746//3746 3707//3707
f 3705//3705 3747//3747 3707//3707
f 3746//3746 3707//3707 3747//3747
f 3747//3747 3707//3707 3746//3746
f 3707//3707 3747//3747 3705//3705
f 3704//3704 3748//3748 3705//3705
f 3747//3747 3705//3705 3748//3748
f 3748//3748 3705//3705 3747//3747
f 3705//3705 3748//3748 3704//3704
f 3706//3706 3749//3749 3704//3704
f 3748//3748 3704//3704 3749//3749
f 3749//3749 3704//3704 3748//3748
f 3704//3704 3749//3749 3706//3706
f 3708//3708 3750//3750 3706//3706
f 3749//3749 3706//3706 3750//3750
f 3750//3750 3706//3706 3749//3749
f 3706//3706 3750//3750 3708//3708
f 3710//3710 3751//3751 3708//3708
f 3750//3750 3708//3708 3751//3751
f 3751//3751 3708//3708 3750//3750
f 3708//3708 3751//3751 3710//3710
f 3689//3689 3752//3752 3710//3710
f 3751//3751 3710//3710 3752//3752
f 3752//3752 3710//3710 3751//3751
f 3710//3710 3752//3752 3689//3689
f 3753//3753 3752//3752 3691//3691
f 3689//3689 3691//3691 3752//3752
f 3752//3752 3691//3691 3689//3689
f 3691//3691 3752//3752 3753//3753
f 3754//3754 3753//3753 3694//3694
f 3691//3691 3694//3694 3753//3753
f 3753//3753 3694//3694 3691//3691
f 3694//3694 3753//3753 3754//3754
f 3755//3755 3754//3754 3696//3696
f 3694//3694 3696//3696 3754//3754
f 3754//3754 3696//3696 3694//3694
f 3696//3696 3754//3754 3755//3755
f 3756//3756 3755//3755 3698//3698
f 3696//3696 3698//3698 3755//3755
f 3755//3755 3698//3698 3696//3696
f 3698//3698 3755//3755 3756//3756
f 3757//3757 3756//3756 3699//3699
f 3698//3698 3699//3699 3756//3756
f 3756//3756 3699//3699 3698//3698
f 3699//3699 3756//3756 3757//3757
f 3758//3758 3757//3757 3703//3703
f 3699//3699 3703//3703 3757//3757
f 3757//3757 3703//3703 3699//3699
f 3703//3703 3757//3757 3758//3758
f 3758//3758 3703//3703 3725//3725
f 3702//3702 3725//3725 3703//3703
f 3703//3703 3725//3725 3702//3702
f 3725//3725 3703//3703 3758//3758
f 3748//3748 3749//3749 3747//3747
f 3746//3746 3747//3747 3749//3749
f 3750//3750 3746//3746 3749//3749
f 3745//3745 3746//3746 3750//3750
f 3751//3751 3745//3745 3750//3750
f 3744//3744 3745//3745 3751//3751
f 3752//3752 3744//3744 3751//3751
f 3743//3743 3744//3744 3752//3752
f 3731//3731 3743//3743 3752//3752
f 3732//3732 3743//3743 3731//3731
f 3733//3733 3743//3743 3732//3732
f 3742//3742 3743//3743 3733//3733
f 3734//3734 3742//3742 3733//3733
f 3741//3741 3742//3742 3734//3734
f 3735//3735 3741//3741 3734//3734
f 3740//3740 3741//3741 3735//3735
f 3736//3736 3740//3740 3735//3735
f 3739//3739 3740//3740 3736//3736
f 3737//3737 3739//3739 3736//3736
f 3738//3738 3739//3739 3737//3737
f 3752//3752 3753//3753 3731//3731
f 3730//3730 3731//3731 3753//3753
f 3729//3729 3730//3730 3753//3753
f 3754//3754 3729//3729 3753//3753
f 3728//3728 3729//3729 3754//3754
f 3755//3755 3728//3728 3754//3754
f 3727//3727 3728//3728 3755//3755
f 3756//3756 3727//3727 3755//3755
f 3757//3757 3727//3727 3756//3756
f 3726//3726 3727//3727 3757//3757
f 3724//3724 3726//3726 3757//3757
f 3725//3725 3724//3724 3757//3757
f 3758//3758 3725//3725 3757//3757
f 3757//3757 3725//3725 3758//3758
f 3757//3757 3724//3724 3725//3725
f 3757//3757 3726//3726 3724//3724
f 3757//3757 3727//3727 3726//3726
f 3756//3756 3727//3727 3757//3757
f 3755//3755 3727//3727 3756//3756
f 3755//3755 3728//3728 3727//3727
f 3754//3754 3728//3728 3755//3755
f 3754//3754 3729//3729 3728//3728
f 3753//3753 3729//3729 3754//3754
f 3753//3753 3730//3730 3729//3729
f 3753//3753 3731//3731 3730//3730
f 3731//3731 3753//3753 3752//3752
f 3737//3737 3739//3739 3738//3738
f 3736//3736 3739//3739 3737//3737
f 3736//3736 3740//3740 3739//3739
f 3735//3735 3740//3740 3736//3736
f 3735//3735 3741//3741 3740//3740
f 3734//3734 3741//3741 3735//3735
f 3734//3734 3742//3742 3741//3741
f 3733//3733 3742//3742 3734//3734
f 3733//3733 3743//3743 3742//3742
f 3732//3732 3743//3743 3733//3733
f 3731//3731 3743//3743 3732//3732
f 3752//3752 3743//3743 3731//3731
f 3752//3752 3744//3744 3743//3743
f 3751//3751 3744//3744 3752//3752
f 3751//3751 3745//3745 3744//3744
f 3750//3750 3745//3745 3751//3751
f 3750//3750 3746//3746 3745//3745
f 3749//3749 3746//3746 3750//3750
f 3749//3749 3747//3747 3746//3746
f 3747//3747 3749//3749 3748//3748
f 3759//3759 3760//3760 3761//3761
f 3762//3762 3761//3761 3760//3760
f 3763//3763 3764//3764 3765//3765
f 3766//3766 3765//3765 3764//3764
f 3767//3767 3765//3765 3766//3766
f 3768//3768 3765//3765 3767//3767
f 3759//3759 3765//3765 3768//3768
f 3760//3760 3759//3759 3768//3768
f 3769//3769 3770//3770 3764//3764
f 3766//3766 3764//3764 3770//3770
f 3770//3770 3764//3764 3766//3766
f 3764//3764 3770//3770 3769//3769
f 3768//3768 3759//3759 3760//3760
f 3768//3768 3765//3765 3759//3759
f 3767//3767 3765//3765 3768//3768
f 3766//3766 3765//3765 3767//3767
f 3764//3764 3765//3765 3766//3766
f 3765//3765 3764//3764 3763//3763
f 3760//3760 3761//3761 3762//3762
f 3761//3761 3760//3760 3759//3759
f 3766//3766 3771//3771 3767//3767
f 3772//3772 3767//3767 3771//3771
f 3771//3771 3767//3767 3772//3772
f 3767//3767 3771//3771 3766//3766
f 3773//3773 3771//3771 3770//3770
f 3766//3766 3770//3770 3771//3771
f 3771//3771 3770//3770 3766//3766
f 3770//3770 3771//3771 3773//3773
f 3769//3769 3774//3774 3770//3770
f 3773//3773 3770//3770 3774//3774
f 3774//3774 3770//3770 3773//3773
f 3770//3770 3774//3774 3769//3769
f 3775//3775 3774//3774 3764//3764
f 3769//3769 3764//3764 3774//3774
f 3774//3774 3764//3764 3769//3769
f 3764//3764 3774//3774 3775//3775
f 3763//3763 3776//3776 3764//3764
f 3775//3775 3764//3764 3776//3776
f 3776//3776 3764//3764 3775//3775
f 3764//3764 3776//3776 3763//3763
f 3777//3777 3776//3776 3765//3765
f 3763//3763 3765//3765 3776//3776
f 3776//3776 3765//3765 3763//3763
f 3765//3765 3776//3776 3777//3777
f 3777//3777 3765//3765 3778//3778
f 3759//3759 3778//3778 3765//3765
f 3765//3765 3778//3778 3759//3759
f 3778//3778 3765//3765 3777//3777
f 3779//3779 3778//3778 3761//3761
f 3759//3759 3761//3761 3778//3778
f 3778//3778 3761//3761 3759//3759
f 3761//3761 3778//3778 3779//3779
f 3779//3779 3761//3761 3780//3780
f 3762//3762 3780//3780 3761//3761
f 3761//3761 3780//3780 3762//3762
f 3780//3780 3761//3761 3779//3779
f 3781//3781 3780//3780 3760//3760
f 3762//3762 3760//3760 3780//3780
f 3780//3780 3760//3760 3762//3762
f 3760//3760 3780//3780 3781//3781
f 3781//3781 3760//3760 3782//3782
f 3768//3768 3782//3782 3760//3760
f 3760//3760 3782//3782 3768//3768
f 3782//3782 3760//3760 3781//3781
f 3772//3772 3782//3782 3767//3767
f 3768//3768 3767//3767 3782//3782
f 3782//3782 3767//3767 3768//3768
f 3767//3767 3782//3782 3772//3772
f 3781//3781 3778//3778 3780//3780
f 3779//3779 3780//3780 3778//3778
f 3772//3772 3771//3771 3782//3782
f 3775//3775 3782//3782 3771//3771
f 3776//3776 3782//3782 3775//3775
f 3777//3777 3782//3782 3776//3776
f 3781//3781 3782//3782 3777//3777
f 3778//3778 3781//3781 3777//3777
f 3773//3773 3774//3774 3771//3771
f 3775//3775 3771//3771 3774//3774
f 3774//3774 3771//3771 3775//3775
f 3771//3771 3774//3774 3773//3773
f 3777//3777 3781//3781 3778//3778
f 3777//3777 3782//3782 3781//3781
f 3776//3776 3782//3782 3777//3777
f 3775//3775 3782//3782 3776//3776
f 3771//3771 3782//3782 3775//3775
f 3782//3782 3771//3771 3772//3772
f 3778//3778 3780//3780 3779//3779
f 3780//3780 3778//3778 3781//3781
f 3783//3783 3784//3784 3785//3785
f 3786//3786 3785//3785 3784//3784
f 3787//3787 3786//3786 3784//3784
f 3788//3788 3786//3786 3787//3787
f 3789//3789 3788//3788 3787//3787
f 3790//3790 3788//3788 3789//3789
f 3791//3791 3790//3790 3789//3789
f 3792//3792 3790//3790 3791//3791
f 3793//3793 3792//3792 3791//3791
f 3794//3794 3792//3792 3793//3793
f 3795//3795 3794//3794 3793//3793
f 3796//3796 3794//3794 3795//3795
f 3797//3797 3796//3796 3795//3795
f 3798//3798 3796//3796 3797//3797
f 3797//3797 3796//3796 3798//3798
f 3795//3795 3796//3796 3797//3797
f 3795//3795 3794//3794 3796//3796
f 3793//3793 3794//3794 3795//3795
f 3793//3793 3792//3792 3794//3794
f 3791//3791 3792//3792 3793//3793
f 3791//3791 3790//3790 3792//3792
f 3789//3789 3790//3790 3791//3791
f 3789//3789 3788//3788 3790//3790
f 3787//3787 3788//3788 3789//3789
f 3787//3787 3786//3786 3788//3788
f 3784//3784 3786//3786 3787//3787
f 3784//3784 3785//3785 3786//3786
f 3785//3785 3784//3784 3783//3783
f 3785//3785 3799//3799 3783//3783
f 3800//3800 3783//3783 3799//3799
f 3799//3799 3783//3783 3800//3800
f 3783//3783 3799//3799 3785//3785
f 3786//3786 3801//3801 3785//3785
f 3799//3799 3785//3785 3801//3801
f 3801//3801 3785//3785 3799//3799
f 3785//3785 3801//3801 3786//3786
f 3802//3802 3801//3801 3788//3788
f 3786//3786 3788//3788 3801//3801
f 3801//3801 3788//3788 3786//3786
f 3788//3788 3801//3801 3802//3802
f 3803//3803 3802//3802 3790//3790
f 3788//3788 3790//3790 3802//3802
f 3802//3802 3790//3790 3788//3788
f 3790//3790 3802//3802 3803//3803
f 3804//3804 3803//3803 3792//3792
f 3790//3790 3792//3792 3803//3803
f 3803//3803 3792//3792 3790//3790
f 3792//3792 3803//3803 3804//3804
f 3805//3805 3804//3804 3794//3794
f 3792//3792 3794//3794 3804//3804
f 3804//3804 3794//3794 3792//3792
f 3794//3794 3804//3804 3805//3805
f 3805//3805 3794//3794 3806//3806
f 3796//3796 3806//3806 3794//3794
f 3794//3794 3806//3806 3796//3796
f 3806//3806 3794//3794 3805//3805
f 3806//3806 3796//3796 3807//3807
f 3798//3798 3807//3807 3796//3796
f 3796//3796 3807//3807 3798//3798
f 3807//3807 3796//3796 3806//3806
f 3807//3807 3798//3798 3808//3808
f 3797//3797 3808//3808 3798//3798
f 3798//3798 3808//3808 3797//3797
f 3808//3808 3798//3798 3807//3807
f 3808//3808 3797//3797 3809//3809
f 3795//3795 3809//3809 3797//3797
f 3797//3797 3809//3809 3795//3795
f 3809//3809 3797//3797 3808//3808
f 3810//3810 3809//3809 3793//3793
f 3795//3795 3793//3793 3809//3809
f 3809//3809 3793//3793 3795//3795
f 3793//3793 3809//3809 3810//3810
f 3811//3811 3810//3810 3791//3791
f 3793//3793 3791//3791 3810//3810
f 3810//3810 3791//3791 3793//3793
f 3791//3791 3810//3810 3811//3811
f 3812//3812 3811//3811 3789//3789
f 3791//3791 3789//3789 3811//3811
f 3811//3811 3789//3789 3791//3791
f 3789//3789 3811//3811 3812//3812
f 3813//3813 3812//3812 3787//3787
f 3789//3789 3787//3787 3812//3812
f 3812//3812 3787//3787 3789//3789
f 3787//3787 3812//3812 3813//3813
f 3784//3784 3814//3814 3787//3787
f 3813//3813 3787//3787 3814//3814
f 3814//3814 3787//3787 3813//3813
f 3787//3787 3814//3814 3784//3784
f 3783//3783 3800//3800 3784//3784
f 3814//3814 3784//3784 3800//3800
f 3800//3800 3784//3784 3814//3814
f 3784//3784 3800//3800 3783//3783
f 3800//3800 3799//3799 3814//3814
f 3813//3813 3814//3814 3799//3799
f 3801//3801 3813//3813 3799//3799
f 3812//3812 3813//3813 3801//3801
f 3802//3802 3812//3812 3801//3801
f 3811//3811 3812//3812 3802//3802
f 3803//3803 3811//3811 3802//3802
f 3810//3810 3811//3811 3803//3803
f 3804//3804 3810//3810 3803//3803
f 3809//3809 3810//3810 3804//3804
f 3805//3805 3809//3809 3804//3804
f 3808//3808 3809//3809 3805//3805
f 3806//3806 3808//3808 3805//3805
f 3807//3807 3808//3808 3806//3806
f 3806//3806 3808//3808 3807//3807
f 3805//3805 3808//3808 3806//3806
f 3805//3805 3809//3809 3808//3808
f 3804//3804 3809//3809 3805//3805
f 3804//3804 3810//3810 3809//3809
f 3803//3803 3810//3810 3804//3804
f 3803//3803 3811//3811 3810//3810
f 3802//3802 3811//3811 3803//3803
f 3802//3802 3812//3812 3811//3811
f 3801//3801 3812//3812 3802//3802
f 3801//3801 3813//3813 3812//3812
f 3799//3799 3813//3813 3801//3801
f 3799//3799 3814//3814 3813//3813
f 3814//3814 3799//3799 3800//3800
f 3815//3815 3816//3816 3817//3817
f 3818//3818 3817//3817 3816//3816
f 3816//3816 3817//3817 3818//3818
f 3817//3817 3816//3816 3815//3815
f 3815//3815 3819//3819 3816//3816
f 3820//3820 3816//3816 3819//3819
f 3819//3819 3816//3816 3820//3820
f 3816//3816 3819//3819 3815//3815
f 3821//3821 3819//3819 3817//3817
f 3815//3815 3817//3817 3819//3819
f 3819//3819 3817//3817 3815//3815
f 3817//3817 3819//3819 3821//3821
f 3821//3821 3817//3817 3822//3822
f 3818//3818 3822//3822 3817//3817
f 3817//3817 3822//3822 3818//3818
f 3822//3822 3817//3817 3821//3821
f 3820//3820 3822//3822 3816//3816
f 3818//3818 3816//3816 3822//3822
f 3822//3822 3816//3816 3818//3818
f 3816//3816 3822//3822 3820//3820
f 3820//3820 3819//3819 3822//3822
f 3821//3821 3822//3822 3819//3819
f 3819//3819 3822//3822 3821//3821
f 3822//3822 3819//3819 3820//3820
f 3823//3823 3824//3824 3825//3825
f 3826//3826 3825//3825 3824//3824
f 3827//3827 3825//3825 3826//3826
f 3828//3828 3825//3825 3827//3827
f 3829//3829 3825//3825 3828//3828
f 3830//3830 3829//3829 3828//3828
f 3831//3831 3829//3829 3830//3830
f 3832//3832 3831//3831 3830//3830
f 3833//3833 3831//3831 3832//3832
f 3834//3834 3833//3833 3832//3832
f 3835//3835 3833//3833 3834//3834
f 3836//3836 3835//3835 3834//3834
f 3837//3837 3836//3836 3834//3834
f 3838//3838 3836//3836 3837//3837
f 3839//3839 3838//3838 3837//3837
f 3840//3840 3838//3838 3839//3839
f 3841//3841 3840//3840 3839//3839
f 3842//3842 3840//3840 3841//3841
f 3843//3843 3840//3840 3842//3842
f 3844//3844 3840//3840 3843//3843
f 3845//3845 3844//3844 3843//3843
f 3846//3846 3844//3844 3845//3845
f 3847//3847 3846//3846 3845//3845
f 3848//3848 3846//3846 3847//3847
f 3849//3849 3848//3848 3847//3847
f 3850//3850 3851//3851 3852//3852
f 3853//3853 3852//3852 3851//3851
f 3854//3854 3852//3852 3853//3853
f 3855//3855 3854//3854 3853//3853
f 3856//3856 3854//3854 3855//3855
f 3857//3857 3856//3856 3855//3855
f 3823//3823 3856//3856 3857//3857
f 3858//3858 3823//3823 3857//3857
f 3824//3824 3823//3823 3858//3858
f 3859//3859 3824//3824 3858//3858
f 3860//3860 3859//3859 3858//3858
f 3861//3861 3860//3860 3858//3858
f 3862//3862 3861//3861 3858//3858
f 3863//3863 3861//3861 3862//3862
f 3864//3864 3863//3863 3862//3862
f 3865//3865 3863//3863 3864//3864
f 3866//3866 3865//3865 3864//3864
f 3867//3867 3865//3865 3866//3866
f 3868//3868 3865//3865 3867//3867
f 3869//3869 3868//3868 3867//3867
f 3870//3870 3868//3868 3869//3869
f 3871//3871 3870//3870 3869//3869
f 3872//3872 3870//3870 3871//3871
f 3842//3842 3872//3872 3871//3871
f 3841//3841 3872//3872 3842//3842
f 3842//3842 3872//3872 3841//3841
f 3871//3871 3872//3872 3842//3842
f 3871//3871 3870//3870 3872//3872
f 3869//3869 3870//3870 3871//3871
f 3869//3869 3868//3868 3870//3870
f 3867//3867 3868//3868 3869//3869
f 3867//3867 3865//3865 3868//3868
f 3866//3866 3865//3865 3867//3867
f 3864//3864 3865//3865 3866//3866
f 3864//3864 3863//3863 3865//3865
f 3862//3862 3863//3863 3864//3864
f 3862//3862 3861//3861 3863//3863
f 3858//3858 3861//3861 3862//3862
f 3858//3858 3860//3860 3861//3861
f 3858//3858 3859//3859 3860//3860
f 3858//3858 3824//3824 3859//3859
f 3858//3858 3823//3823 3824//3824
f 3857//3857 3823//3823 3858//3858
f 3857//3857 3856//3856 3823//3823
f 3855//3855 3856//3856 3857//3857
f 3855//3855 3854//3854 3856//3856
f 3853//3853 3854//3854 3855//3855
f 3853//3853 3852//3852 3854//3854
f 3851//3851 3852//3852 3853//3853
f 3852//3852 3851//3851 3850//3850
f 3847//3847 3848//3848 3849//3849
f 3847//3847 3846//3846 3848//3848
f 3845//3845 3846//3846 3847//3847
f 3845//3845 3844//3844 3846//3846
f 3843//3843 3844//3844 3845//3845
f 3843//3843 3840//3840 3844//3844
f 3842//3842 3840//3840 3843//3843
f 3841//3841 3840//3840 3842//3842
f 3839//3839 3840//3840 3841//3841
f 3839//3839 3838//3838 3840//3840
f 3837//3837 3838//3838 3839//3839
f 3837//3837 3836//3836 3838//3838
f 3834//3834 3836//3836 3837//3837
f 3834//3834 3835//3835 3836//3836
f 3834//3834 3833//3833 3835//3835
f 3832//3832 3833//3833 3834//3834
f 3832//3832 3831//3831 3833//3833
f 3830//3830 3831//3831 3832//3832
f 3830//3830 3829//3829 3831//3831
f 3828//3828 3829//3829 3830//3830
f 3828//3828 3825//3825 3829//3829
f 3827//3827 3825//3825 3828//3828
f 3826//3826 3825//3825 3827//3827
f 3824//3824 3825//3825 3826//3826
f 3825//3825 3824//3824 3823//3823
f 3852//3852 3873//3873 3850//3850
f 3874//3874 3850//3850 3873//3873
f 3873//3873 3850//3850 3874//3874
f 3850//3850 3873//3873 3852//3852
f 3854//3854 3875//3875 3852//3852
f 3873//3873 3852//3852 3875//3875
f 3875//3875 3852//3852 3873//3873
f 3852//3852 3875//3875 3854//3854
f 3856//3856 3876//3876 3854//3854
f 3875//3875 3854//3854 3876//3876
f 3876//3876 3854//3854 3875//3875
f 3854//3854 3876//3876 3856//3856
f 3823//3823 3877//3877 3856//3856
f 3876//3876 3856//3856 3877//3877
f 3877//3877 3856//3856 3876//3876
f 3856//3856 3877//3877 3823//3823
f 3878//3878 3877//3877 3825//3825
f 3823//3823 3825//3825 3877//3877
f 3877//3877 3825//3825 3823//3823
f 3825//3825 3877//3877 3878//3878
f 3879//3879 3878//3878 3829//3829
f 3825//3825 3829//3829 3878//3878
f 3878//3878 3829//3829 3825//3825
f 3829//3829 3878//3878 3879//3879
f 3880//3880 3879//3879 3831//3831
f 3829//3829 3831//3831 3879//3879
f 3879//3879 3831//3831 3829//3829
f 3831//3831 3879//3879 3880//3880
f 3881//3881 3880//3880 3833//3833
f 3831//3831 3833//3833 3880//3880
f 3880//3880 3833//3833 3831//3831
f 3833//3833 3880//3880 3881//3881
f 3882//3882 3881//3881 3835//3835
f 3833//3833 3835//3835 3881//3881
f 3881//3881 3835//3835 3833//3833
f 3835//3835 3881//3881 3882//3882
f 3883//3883 3882//3882 3836//3836
f 3835//3835 3836//3836 3882//3882
f 3882//3882 3836//3836 3835//3835
f 3836//3836 3882//3882 3883//3883
f 3884//3884 3883//3883 3838//3838
f 3836//3836 3838//3838 3883//3883
f 3883//3883 3838//3838 3836//3836
f 3838//3838 3883//3883 3884//3884
f 3885//3885 3884//3884 3840//3840
f 3838//3838 3840//3840 3884//3884
f 3884//3884 3840//3840 3838//3838
f 3840//3840 3884//3884 3885//3885
f 3885//3885 3840//3840 3886//3886
f 3844//3844 3886//3886 3840//3840
f 3840//3840 3886//3886 3844//3844
f 3886//3886 3840//3840 3885//3885
f 3886//3886 3844//3844 3887//3887
f 3846//3846 3887//3887 3844//3844
f 3844//3844 3887//3887 3846//3846
f 3887//3887 3844//3844 3886//3886
f 3887//3887 3846//3846 3888//3888
f 3848//3848 3888//3888 3846//3846
f 3846//3846 3888//3888 3848//3848
f 3888//3888 3846//3846 3887//3887
f 3888//3888 3848//3848 3889//3889
f 3849//3849 3889//3889 3848//3848
f 3848//3848 3889//3889 3849//3849
f 3889//3889 3848//3848 3888//3888
f 3889//3889 3849//3849 3890//3890
f 3847//3847 3890//3890 3849//3849
f 3849//3849 3890//3890 3847//3847
f 3890//3890 3849//3849 3889//3889
f 3890//3890 3847//3847 3891//3891
f 3845//3845 3891//3891 3847//3847
f 3847//3847 3891//3891 3845//3845
f 3891//3891 3847//3847 3890//3890
f 3891//3891 3845//3845 3892//3892
f 3843//3843 3892//3892 3845//3845
f 3845//3845 3892//3892 3843//3843
f 3892//3892 3845//3845 3891//3891
f 3892//3892 3843//3843 3893//3893
f 3842//3842 3893//3893 3843//3843
f 3843//3843 3893//3893 3842//3842
f 3893//3893 3843//3843 3892//3892
f 3894//3894 3893//3893 3871//3871
f 3842//3842 3871//3871 3893//3893
f 3893//3893 3871//3871 3842//3842
f 3871//3871 3893//3893 3894//3894
f 3895//3895 3894//3894 3869//3869
f 3871//3871 3869//3869 3894//3894
f 3894//3894 3869//3869 3871//3871
f 3869//3869 3894//3894 3895//3895
f 3896//3896 3895//3895 3867//3867
f 3869//3869 3867//3867 3895//3895
f 3895//3895 3867//3867 3869//3869
f 3867//3867 3895//3895 3896//3896
f 3897//3897 3896//3896 3866//3866
f 3867//3867 3866//3866 3896//3896
f 3896//3896 3866//3866 3867//3867
f 3866//3866 3896//3896 3897//3897
f 3898//3898 3897//3897 3864//3864
f 3866//3866 3864//3864 3897//3897
f 3897//3897 3864//3864 3866//3866
f 3864//3864 3897//3897 3898//3898
f 3899//3899 3898//3898 3862//3862
f 3864//3864 3862//3862 3898//3898
f 3898//3898 3862//3862 3864//3864
f 3862//3862 3898//3898 3899//3899
f 3900//3900 3899//3899 3858//3858
f 3862//3862 3858//3858 3899//3899
f 3899//3899 3858//3858 3862//3862
f 3858//3858 3899//3899 3900//3900
f 3901//3901 3900//3900 3857//3857
f 3858//3858 3857//3857 3900//3900
f 3900//3900 3857//3857 3858//3858
f 3857//3857 3900//3900 3901//3901
f 3855//3855 3902//3902 3857//3857
f 3901//3901 3857//3857 3902//3902
f 3902//3902 3857//3857 3901//3901
f 3857//3857 3902//3902 3855//3855
f 3853//3853 3903//3903 3855//3855
f 3902//3902 3855//3855 3903//3903
f 3903//3903 3855//3855 3902//3902
f 3855//3855 3903//3903 3853//3853
f 3851//3851 3904//3904 3853//3853
f 3903//3903 3853//3853 3904//3904
f 3904//3904 3853//3853 3903//3903
f 3853//3853 3904//3904 3851//3851
f 3850//3850 3874//3874 3851//3851
f 3904//3904 3851//3851 3874//3874
f 3874//3874 3851//3851 3904//3904
f 3851//3851 3874//3874 3850//3850
f 3874//3874 3873//3873 3904//3904
f 3903//3903 3904//3904 3873//3873
f 3875//3875 3903//3903 3873//3873
f 3902//3902 3903//3903 3875//3875
f 3876//3876 3902//3902 3875//3875
f 3901//3901 3902//3902 3876//3876
f 3877//3877 3901//3901 3876//3876
f 3900//3900 3901//3901 3877//3877
f 3905//3905 3900//3900 3877//3877
f 3906//3906 3900//3900 3905//3905
f 3907//3907 3900//3900 3906//3906
f 3908//3908 3900//3900 3907//3907
f 3899//3899 3900//3900 3908//3908
f 3909//3909 3899//3899 3908//3908
f 3898//3898 3899//3899 3909//3909
f 3910//3910 3898//3898 3909//3909
f 3897//3897 3898//3898 3910//3910
f 3896//3896 3897//3897 3910//3910
f 3911//3911 3896//3896 3910//3910
f 3895//3895 3896//3896 3911//3911
f 3912//3912 3895//3895 3911//3911
f 3894//3894 3895//3895 3912//3912
f 3913//3913 3894//3894 3912//3912
f 3893//3893 3894//3894 3913//3913
f 3914//3914 3893//3893 3913//3913
f 3877//3877 3878//3878 3905//3905
f 3915//3915 3905//3905 3878//3878
f 3916//3916 3915//3915 3878//3878
f 3917//3917 3916//3916 3878//3878
f 3879//3879 3917//3917 3878//3878
f 3918//3918 3917//3917 3879//3879
f 3880//3880 3918//3918 3879//3879
f 3919//3919 3918//3918 3880//3880
f 3881//3881 3919//3919 3880//3880
f 3920//3920 3919//3919 3881//3881
f 3882//3882 3920//3920 3881//3881
f 3883//3883 3920//3920 3882//3882
f 3921//3921 3920//3920 3883//3883
f 3884//3884 3921//3921 3883//3883
f 3922//3922 3921//3921 3884//3884
f 3885//3885 3922//3922 3884//3884
f 3914//3914 3922//3922 3885//3885
f 3893//3893 3914//3914 3885//3885
f 3892//3892 3893//3893 3885//3885
f 3886//3886 3892//3892 3885//3885
f 3891//3891 3892//3892 3886//3886
f 3887//3887 3891//3891 3886//3886
f 3890//3890 3891//3891 3887//3887
f 3888//3888 3890//3890 3887//3887
f 3889//3889 3890//3890 3888//3888
f 3888//3888 3890//3890 3889//3889
f 3887//3887 3890//3890 3888//3888
f 3887//3887 3891//3891 3890//3890
f 3886//3886 3891//3891 3887//3887
f 3886//3886 3892//3892 3891//3891
f 3885//3885 3892//3892 3886//3886
f 3885//3885 3893//3893 3892//3892
f 3885//3885 3914//3914 3893//3893
f 3885//3885 3922//3922 3914//3914
f 3884//3884 3922//3922 3885//3885
f 3884//3884 3921//3921 3922//3922
f 3883//3883 3921//3921 3884//3884
f 3883//3883 3920//3920 3921//3921
f 3882//3882 3920//3920 3883//3883
f 3881//3881 3920//3920 3882//3882
f 3881//3881 3919//3919 3920//3920
f 3880//3880 3919//3919 3881//3881
f 3880//3880 3918//3918 3919//3919
f 3879//3879 3918//3918 3880//3880
f 3879//3879 3917//3917 3918//3918
f 3878//3878 3917//3917 3879//3879
f 3878//3878 3916//3916 3917//3917
f 3878//3878 3915//3915 3916//3916
f 3878//3878 3905//3905 3915//3915
f 3905//3905 3878//3878 3877//3877
f 3913//3913 3893//3893 3914//3914
f 3913//3913 3894//3894 3893//3893
f 3912//3912 3894//3894 3913//3913
f 3912//3912 3895//3895 3894//3894
f 3911//3911 3895//3895 3912//3912
f 3911//3911 3896//3896 3895//3895
f 3910//3910 3896//3896 3911//3911
f 3910//3910 3897//3897 3896//3896
f 3910//3910 3898//3898 3897//3897
f 3909//3909 3898//3898 3910//3910
f 3909//3909 3899//3899 3898//3898
f 3908//3908 3899//3899 3909//3909
f 3908//3908 3900//3900 3899//3899
f 3907//3907 3900//3900 3908//3908
f 3906//3906 3900//3900 3907//3907
f 3905//3905 3900//3900 3906//3906
f 3877//3877 3900//3900 3905//3905
f 3877//3877 3901//3901 3900//3900
f 3876//3876 3901//3901 3877//3877
f 3876//3876 3902//3902 3901//3901
f 3875//3875 3902//3902 3876//3876
f 3875//3875 3903//3903 3902//3902
f 3873//3873 3903//3903 3875//3875
f 3873//3873 3904//3904 3903//3903
f 3904//3904 3873//3873 3874//3874
f 3923//3923 3924//3924 3925//3925
f 3926//3926 3925//3925 3924//3924
f 3927//3927 3925//3925 3926//3926
f 3928//3928 3925//3925 3927//3927
f 3929//3929 3925//3925 3928//3928
f 3930//3930 3931//3931 3932//3932
f 3933//3933 3932//3932 3931//3931
f 3934//3934 3932//3932 3933//3933
f 3935//3935 3934//3934 3933//3933
f 3936//3936 3935//3935 3933//3933
f 3937//3937 3935//3935 3936//3936
f 3938//3938 3937//3937 3936//3936
f 3939//3939 3938//3938 3936//3936
f 3940//3940 3938//3938 3939//3939
f 3941//3941 3940//3940 3939//3939
f 3942//3942 3940//3940 3941//3941
f 3943//3943 3940//3940 3942//3942
f 3926//3926 3943//3943 3942//3942
f 3944//3944 3943//3943 3926//3926
f 3945//3945 3944//3944 3926//3926
f 3924//3924 3945//3945 3926//3926
f 3933//3933 3931//3931 3946//3946
f 3946//3946 3931//3931 3933//3933
f 3926//3926 3945//3945 3924//3924
f 3926//3926 3944//3944 3945//3945
f 3926//3926 3943//3943 3944//3944
f 3942//3942 3943//3943 3926//3926
f 3942//3942 3940//3940 3943//3943
f 3941//3941 3940//3940 3942//3942
f 3939//3939 3940//3940 3941//3941
f 3939//3939 3938//3938 3940//3940
f 3936//3936 3938//3938 3939//3939
f 3936//3936 3937//3937 3938//3938
f 3936//3936 3935//3935 3937//3937
f 3933//3933 3935//3935 3936//3936
f 3933//3933 3934//3934 3935//3935
f 3933//3933 3932//3932 3934//3934
f 3931//3931 3932//3932 3933//3933
f 3932//3932 3931//3931 3930//3930
f 3928//3928 3925//3925 3929//3929
f 3927//3927 3925//3925 3928//3928
f 3926//3926 3925//3925 3927//3927
f 3924//3924 3925//3925 3926//3926
f 3925//3925 3924//3924 3923//3923
f 3947//3947 3948//3948 3932//3932
f 3930//3930 3932//3932 3948//3948
f 3948//3948 3932//3932 3930//3930
f 3932//3932 3948//3948 3947//3947
f 3947//3947 3932//3932 3949//3949
f 3934//3934 3949//3949 3932//3932
f 3932//3932 3949//3949 3934//3934
f 3949//3949 3932//3932 3947//3947
f 3949//3949 3934//3934 3950//3950
f 3935//3935 3950//3950 3934//3934
f 3934//3934 3950//3950 3935//3935
f 3950//3950 3934//3934 3949//3949
f 3950//3950 3935//3935 3951//3951
f 3937//3937 3951//3951 3935//3935
f 3935//3935 3951//3951 3937//3937
f 3951//3951 3935//3935 3950//3950
f 3952//3952 3951//3951 3938//3938
f 3937//3937 3938//3938 3951//3951
f 3951//3951 3938//3938 3937//3937
f 3938//3938 3951//3951 3952//3952
f 3953//3953 3952//3952 3940//3940
f 3938//3938 3940//3940 3952//3952
f 3952//3952 3940//3940 3938//3938
f 3940//3940 3952//3952 3953//3953
f 3954//3954 3953//3953 3943//3943
f 3940//3940 3943//3943 3953//3953
f 3953//3953 3943//3943 3940//3940
f 3943//3943 3953//3953 3954//3954
f 3955//3955 3954//3954 3944//3944
f 3943//3943 3944//3944 3954//3954
f 3954//3954 3944//3944 3943//3943
f 3944//3944 3954//3954 3955//3955
f 3945//3945 3956//3956 3944//3944
f 3955//3955 3944//3944 3956//3956
f 3956//3956 3944//3944 3955//3955
f 3944//3944 3956//3956 3945//3945
f 3924//3924 3957//3957 3945//3945
f 3956//3956 3945//3945 3957//3957
f 3957//3957 3945//3945 3956//3956
f 3945//3945 3957//3957 3924//3924
f 3923//3923 3958//3958 3924//3924
f 3957//3957 3924//3924 3958//3958
f 3958//3958 3924//3924 3957//3957
f 3924//3924 3958//3958 3923//3923
f 3959//3959 3958//3958 3925//3925
f 3923//3923 3925//3925 3958//3958
f 3958//3958 3925//3925 3923//3923
f 3925//3925 3958//3958 3959//3959
f 3959//3959 3925//3925 3960//3960
f 3929//3929 3960//3960 3925//3925
f 3925//3925 3960//3960 3929//3929
f 3960//3960 3925//3925 3959//3959
f 3960//3960 3929//3929 3961//3961
f 3928//3928 3961//3961 3929//3929
f 3929//3929 3961//3961 3928//3928
f 3961//3961 3929//3929 3960//3960
f 3961//3961 3928//3928 3962//3962
f 3927//3927 3962//3962 3928//3928
f 3928//3928 3962//3962 3927//3927
f 3962//3962 3928//3928 3961//3961
f 3963//3963 3962//3962 3926//3926
f 3927//3927 3926//3926 3962//3962
f 3962//3962 3926//3926 3927//3927
f 3926//3926 3962//3962 3963//3963
f 3964//3964 3963//3963 3942//3942
f 3926//3926 3942//3942 3963//3963
f 3963//3963 3942//3942 3926//3926
f 3942//3942 3963//3963 3964//3964
f 3965//3965 3964//3964 3941//3941
f 3942//3942 3941//3941 3964//3964
f 3964//3964 3941//3941 3942//3942
f 3941//3941 3964//3964 3965//3965
f 3966//3966 3965//3965 3939//3939
f 3941//3941 3939//3939 3965//3965
f 3965//3965 3939//3939 3941//3941
f 3939//3939 3965//3965 3966//3966
f 3967//3967 3966//3966 3936//3936
f 3939//3939 3936//3936 3966//3966
f 3966//3966 3936//3936 3939//3939
f 3936//3936 3966//3966 3967//3967
f 3933//3933 3968//3968 3936//3936
f 3967//3967 3936//3936 3968//3968
f 3968//3968 3936//3936 3967//3967
f 3936//3936 3968//3968 3933//3933
f 3968//3968 3933//3933 3969//3969
f 3946//3946 3969//3969 3933//3933
f 3933//3933 3969//3969 3946//3946
f 3969//3969 3933//3933 3968//3968
f 3970//3970 3969//3969 3931//3931
f 3946//3946 3931//3931 3969//3969
f 3969//3969 3931//3931 3946//3946
f 3931//3931 3969//3969 3970//3970
f 3930//3930 3948//3948 3931//3931
f 3970//3970 3931//3931 3948//3948
f 3948//3948 3931//3931 3970//3970
f 3931//3931 3948//3948 3930//3930
f 3949//3949 3950//3950 3968//3968
f 3967//3967 3968//3968 3950//3950
f 3951//3951 3967//3967 3950//3950
f 3952//3952 3967//3967 3951//3951
f 3966//3966 3967//3967 3952//3952
f 3953//3953 3966//3966 3952//3952
f 3965//3965 3966//3966 3953//3953
f 3964//3964 3965//3965 3953//3953
f 3954//3954 3964//3964 3953//3953
f 3963//3963 3964//3964 3954//3954
f 3955//3955 3963//3963 3954//3954
f 3956//3956 3963//3963 3955//3955
f 3957//3957 3963//3963 3956//3956
f 3958//3958 3963//3963 3957//3957
f 3959//3959 3963//3963 3958//3958
f 3962//3962 3963//3963 3959//3959
f 3961//3961 3962//3962 3959//3959
f 3960//3960 3961//3961 3959//3959
f 3970//3970 3948//3948 3969//3969
f 3968//3968 3969//3969 3948//3948
f 3947//3947 3968//3968 3948//3948
f 3949//3949 3968//3968 3947//3947
f 3947//3947 3968//3968 3949//3949
f 3948//3948 3968//3968 3947//3947
f 3948//3948 3969//3969 3968//3968
f 3969//3969 3948//3948 3970//3970
f 3959//3959 3961//3961 3960//3960
f 3959//3959 3962//3962 3961//3961
f 3959//3959 3963//3963 3962//3962
f 3958//3958 3963//3963 3959//3959
f 3957//3957 3963//3963 3958//3958
f 3956//3956 3963//3963 3957//3957
f 3955//3955 3963//3963 3956//3956
f 3954//3954 3963//3963 3955//3955
f 3954//3954 3964//3964 3963//3963
f 3953//3953 3964//3964 3954//3954
f 3953//3953 3965//3965 3964//3964
f 3953//3953 3966//3966 3965//3965
f 3952//3952 3966//3966 3953//3953
f 3952//3952 3967//3967 3966//3966
f 3951//3951 3967//3967 3952//3952
f 3950//3950 3967//3967 3951//3951
f 3950//3950 3968//3968 3967//3967
f 3968//3968 3950//3950 3949//3949
f 3569//3569 3480//3480 3559//3559
f 3478//3478 3559//3559 3480//3480
f 3480//3480 3559//3559 3478//3478
f 3559//3559 3480//3480 3569//3569
f 3559//3559 3478//3478 3560//3560
f 3513//3513 3560//3560 3478//3478
f 3478//3478 3560//3560 3513//3513
f 3560//3560 3478//3478 3559//3559
f 3570//3570 3481//3481 3569//3569
f 3480//3480 3569//3569 3481//3481
f 3481//3481 3569//3569 3480//3480
f 3569//3569 3481//3481 3570//3570
f 3560//3560 3513//3513 3561//3561
f 3514//3514 3561//3561 3513//3513
f 3513//3513 3561//3561 3514//3514
f 3561//3561 3513//3513 3560//3560
f 3571//3571 3482//3482 3570//3570
f 3481//3481 3570//3570 3482//3482
f 3482//3482 3570//3570 3481//3481
f 3570//3570 3482//3482 3571//3571
f 3561//3561 3514//3514 3562//3562
f 3515//3515 3562//3562 3514//3514
f 3514//3514 3562//3562 3515//3515
f 3562//3562 3514//3514 3561//3561
f 3571//3571 3572//3572 3482//3482
f 3484//3484 3482//3482 3572//3572
f 3572//3572 3482//3482 3484//3484
f 3482//3482 3572//3572 3571//3571
f 3563//3563 3562//3562 3517//3517
f 3515//3515 3517//3517 3562//3562
f 3562//3562 3517//3517 3515//3515
f 3517//3517 3562//3562 3563//3563
f 3572//3572 3573//3573 3484//3484
f 3486//3486 3484//3484 3573//3573
f 3573//3573 3484//3484 3486//3486
f 3484//3484 3573//3573 3572//3572
f 3564//3564 3563//3563 3519//3519
f 3517//3517 3519//3519 3563//3563
f 3563//3563 3519//3519 3517//3517
f 3519//3519 3563//3563 3564//3564
f 3573//3573 3574//3574 3486//3486
f 3488//3488 3486//3486 3574//3574
f 3574//3574 3486//3486 3488//3488
f 3486//3486 3574//3574 3573//3573
f 3565//3565 3564//3564 3522//3522
f 3519//3519 3522//3522 3564//3564
f 3564//3564 3522//3522 3519//3519
f 3522//3522 3564//3564 3565//3565
f 3574//3574 3575//3575 3488//3488
f 3491//3491 3488//3488 3575//3575
f 3575//3575 3488//3488 3491//3491
f 3488//3488 3575//3575 3574//3574
f 3566//3566 3565//3565 3524//3524
f 3522//3522 3524//3524 3565//3565
f 3565//3565 3524//3524 3522//3522
f 3524//3524 3565//3565 3566//3566
f 3491//3491 3575//3575 3493//3493
f 3576//3576 3493//3493 3575//3575
f 3575//3575 3493//3493 3576//3576
f 3493//3493 3575//3575 3491//3491
f 3526//3526 3567//3567 3524//3524
f 3566//3566 3524//3524 3567//3567
f 3567//3567 3524//3524 3566//3566
f 3524//3524 3567//3567 3526//3526
f 3493//3493 3576//3576 3495//3495
f 3568//3568 3495//3495 3576//3576
f 3576//3576 3495//3495 3568//3568
f 3495//3495 3576//3576 3493//3493
f 3495//3495 3568//3568 3526//3526
f 3567//3567 3526//3526 3568//3568
f 3568//3568 3526//3526 3567//3567
f 3526//3526 3568//3568 3495//3495
f 3685//3685 3684//3684 3610//3610
f 3609//3609 3610//3610 3684//3684
f 3684//3684 3610//3610 3609//3609
f 3610//3610 3684//3684 3685//3685
f 3684//3684 3683//3683 3609//3609
f 3607//3607 3609//3609 3683//3683
f 3683//3683 3609//3609 3607//3607
f 3609//3609 3683//3683 3684//3684
f 3686//3686 3685//3685 3612//3612
f 3610//3610 3612//3612 3685//3685
f 3685//3685 3612//3612 3610//3610
f 3612//3612 3685//3685 3686//3686
f 3683//3683 3682//3682 3607//3607
f 3605//3605 3607//3607 3682//3682
f 3682//3682 3607//3607 3605//3605
f 3607//3607 3682//3682 3683//3683
f 3687//3687 3686//3686 3614//3614
f 3612//3612 3614//3614 3686//3686
f 3686//3686 3614//3614 3612//3612
f 3614//3614 3686//3686 3687//3687
f 3682//3682 3681//3681 3605//3605
f 3603//3603 3605//3605 3681//3681
f 3681//3681 3605//3605 3603//3603
f 3605//3605 3681//3681 3682//3682
f 3596//3596 3688//3688 3614//3614
f 3687//3687 3614//3614 3688//3688
f 3688//3688 3614//3614 3687//3687
f 3614//3614 3688//3688 3596//3596
f 3680//3680 3594//3594 3681//3681
f 3603//3603 3681//3681 3594//3594
f 3594//3594 3681//3681 3603//3603
f 3681//3681 3594//3594 3680//3680
f 3680//3680 3688//3688 3594//3594
f 3596//3596 3594//3594 3688//3688
f 3688//3688 3594//3594 3596//3596
f 3594//3594 3688//3688 3680//3680
f 3915//3915 3826//3826 3905//3905
f 3824//3824 3905//3905 3826//3826
f 3826//3826 3905//3905 3824//3824
f 3905//3905 3826//3826 3915//3915
f 3905//3905 3824//3824 3906//3906
f 3859//3859 3906//3906 3824//3824
f 3824//3824 3906//3906 3859//3859
f 3906//3906 3824//3824 3905//3905
f 3916//3916 3827//3827 3915//3915
f 3826//3826 3915//3915 3827//3827
f 3827//3827 3915//3915 3826//3826
f 3915//3915 3827//3827 3916//3916
f 3906//3906 3859//3859 3907//3907
f 3860//3860 3907//3907 3859//3859
f 3859//3859 3907//3907 3860//3860
f 3907//3907 3859//3859 3906//3906
f 3917//3917 3828//3828 3916//3916
f 3827//3827 3916//3916 3828//3828
f 3828//3828 3916//3916 3827//3827
f 3916//3916 3828//3828 3917//3917
f 3907//3907 3860//3860 3908//3908
f 3861//3861 3908//3908 3860//3860
f 3860//3860 3908//3908 3861//3861
f 3908//3908 3860//3860 3907//3907
f 3917//3917 3918//3918 3828//3828
f 3830//3830 3828//3828 3918//3918
f 3918//3918 3828//3828 3830//3830
f 3828//3828 3918//3918 3917//3917
f 3909//3909 3908//3908 3863//3863
f 3861//3861 3863//3863 3908//3908
f 3908//3908 3863//3863 3861//3861
f 3863//3863 3908//3908 3909//3909
f 3918//3918 3919//3919 3830//3830
f 3832//3832 3830//3830 3919//3919
f 3919//3919 3830//3830 3832//3832
f 3830//3830 3919//3919 3918//3918
f 3910//3910 3909//3909 3865//3865
f 3863//3863 3865//3865 3909//3909
f 3909//3909 3865//3865 3863//3863
f 3865//3865 3909//3909 3910//3910
f 3919//3919 3920//3920 3832//3832
f 3834//3834 3832//3832 3920//3920
f 3920//3920 3832//3832 3834//3834
f 3832//3832 3920//3920 3919//3919
f 3911//3911 3910//3910 3868//3868
f 3865//3865 3868//3868 3910//3910
f 3910//3910 3868//3868 3865//3865
f 3868//3868 3910//3910 3911//3911
f 3920//3920 3921//3921 3834//3834
f 3837//3837 3834//3834 3921//3921
f 3921//3921 3834//3834 3837//3837
f 3834//3834 3921//3921 3920//3920
f 3912//3912 3911//3911 3870//3870
f 3868//3868 3870//3870 3911//3911
f 3911//3911 3870//3870 3868//3868
f 3870//3870 3911//3911 3912//3912
f 3837//3837 3921//3921 3839//3839
f 3922//3922 3839//3839 3921//3921
f 3921//3921 3839//3839 3922//3922
f 3839//3839 3921//3921 3837//3837
f 3872//3872 3913//3913 3870//3870
f 3912//3912 3870//3870 3913//3913
f 3913//3913 3870//3870 3912//3912
f 3870//3870 3913//3913 3872//3872
f 3839//3839 3922//3922 3841//3841
f 3914//3914 3841//3841 3922//3922
f 3922//3922 3841//3841 3914//3914
f 3841//3841 3922//3922 3839//3839
f 3841//3841 3914//3914 3872//3872
f 3913//3913 3872//3872 3914//3914
f 3914//3914 3872//3872 3913//3913
f 3872//3872 3914//3914 3841//3841
f 2288//2288 1919//1919 1912//1912
f 2286//2286 1919//1919 2288//2288
f 2286//2286 2287//2287 1919//1919
f 2287//2287 2286//2286 2285//2285
f 2294//2294 2290//2290 2291//2291
f 2290//2290 2294//2294 2293//2293
f 2292//2292 2285//2285 2286//2286
f 2291//2291 2285//2285 2292//2292
f 2290//2290 2285//2285 2291//2291
f 2285//2285 2290//2290 2289//2289
f 1905//1905 2296//2296 1907//1907
f 1905//1905 2295//2295 2296//2296
f 1905//1905 2294//2294 2295//2295
f 2294//2294 1905//1905 2293//2293
f 3248//3248 3219//3219 3247//3247
f 3248//3248 3221//3221 3219//3219
f 3203//3203 3221//3221 3248//3248
f 3221//3221 3203//3203 3204//3204
f 3249//3249 3247//3247 3245//3245
f 3249//3249 3248//3248 3247//3247
f 3201//3201 3248//3248 3249//3249
f 3248//3248 3201//3201 3203//3203
f 3250//3250 3245//3245 3243//3243
f 3250//3250 3249//3249 3245//3245
f 3199//3199 3249//3249 3250//3250
f 3249//3249 3199//3199 3201//3201
f 3250//3250 3197//3197 3199//3199
f 3243//3243 3197//3197 3250//3250
f 3241//3241 3197//3197 3243//3243
f 3197//3197 3241//3241 3251//3251
f 3241//3241 3240//3240 3251//3251
f 3240//3240 3197//3197 3251//3251
f 3252//3252 3197//3197 3240//3240
f 3197//3197 3252//3252 3196//3196
f 3240//3240 3196//3196 3252//3252
f 3223//3223 3196//3196 3240//3240
f 3253//3253 3196//3196 3223//3223
f 3196//3196 3253//3253 3194//3194
f 3225//3225 3253//3253 3223//3223
f 3225//3225 3194//3194 3253//3253
f 3254//3254 3194//3194 3225//3225
f 3194//3194 3254//3254 3207//3207
f 3226//3226 3254//3254 3225//3225
f 3226//3226 3207//3207 3254//3254
f 3255//3255 3207//3207 3226//3226
f 3207//3207 3255//3255 3208//3208
f 3226//3226 3208//3208 3255//3255
f 3228//3228 3208//3208 3226//3226
f 3256//3256 3208//3208 3228//3228
f 3208//3208 3256//3256 3210//3210
f 3257//3257 3228//3228 3230//3230
f 3257//3257 3256//3256 3228//3228
f 3212//3212 3256//3256 3257//3257
f 3256//3256 3212//3212 3210//3210
f 3232//3232 3257//3257 3230//3230
f 3258//3258 3257//3257 3232//3232
f 3258//3258 3212//3212 3257//3257
f 3212//3212 3258//3258 3214//3214
f 3259//3259 3232//3232 3234//3234
f 3259//3259 3258//3258 3232//3232
f 3216//3216 3258//3258 3259//3259
f 3258//3258 3216//3216 3214//3214
f 3260//3260 3234//3234 3236//3236
f 3260//3260 3259//3259 3234//3234
f 3260//3260 3216//3216 3259//3259
f 3216//3216 3260//3260 3218//3218
f 3236//3236 3235//3235 3260//3260
f 3235//3235 3218//3218 3260//3260
f 3218//3218 3235//3235 3217//3217
f 3215//3215 3235//3235 3233//3233
f 3235//3235 3215//3215 3217//3217
f 3231//3231 3215//3215 3233//3233
f 3215//3215 3231//3231 3213//3213
f 3211//3211 3231//3231 3229//3229
f 3231//3231 3211//3211 3213//3213
f 3205//3205 3246//3246 3220//3220
f 3246//3246 3205//3205 3202//3202
f 3209//3209 3229//3229 3227//3227
f 3229//3229 3209//3209 3211//3211
f 3246//3246 3200//3200 3244//3244
f 3200//3200 3246//3246 3202//3202
f 3206//3206 3227//3227 3222//3222
f 3227//3227 3206//3206 3209//3209
f 3200//3200 3242//3242 3244//3244
f 3242//3242 3200//3200 3198//3198
f 3192//3192 3222//3222 3224//3224
f 3222//3222 3192//3192 3206//3206
f 3195//3195 3242//3242 3198//3198
f 3242//3242 3195//3195 3239//3239
f 3193//3193 3224//3224 3238//3238
f 3224//3224 3193//3193 3192//3192
f 3191//3191 3239//3239 3195//3195
f 3239//3239 3191//3191 3237//3237
f 3193//3193 3237//3237 3191//3191
f 3237//3237 3193//3193 3238//3238
f 2281//2281 3188//3188 2283//2283
f 3188//3188 2284//2284 2283//2283
f 3190//3190 2284//2284 3188//3188
f 2284//2284 3190//3190 3189//3189
f 2281//2281 3190//3190 3188//3188
f 2282//2282 3190//3190 2281//2281
f 3190//3190 2282//2282 3189//3189
f 2282//2282 2284//2284 3189//3189