# https://github.com/mikedh/trimesh
v -0.01848300 0.04906900 0.10096100
v -0.01848300 0.05007700 0.09602100
v -0.01848300 0.05031900 0.10077600
v -0.01848300 0.04783200 0.10121600
v -0.01848300 0.04661200 0.10153800
v -0.01848300 0.04541000 0.10192800
v -0.01848300 0.04423200 0.10238400
v -0.01848300 0.04308200 0.10290400
v -0.01848300 0.04196000 0.10348700
v -0.01848300 0.04087400 0.10413200
v -0.01848300 0.03982500 0.10483500
v -0.01848300 0.03932300 0.10515500
v -0.01848300 0.03879000 0.10542200
v -0.01848300 0.03823200 0.10563200
v -0.01848300 0.03765500 0.10578400
v -0.01848300 0.03706700 0.10587600
v -0.01848300 0.03647200 0.10590600
v -0.01848300 0.03587600 0.10587600
v -0.01848300 0.03528900 0.10578400
v -0.01848300 0.03471200 0.10563200
v -0.01848300 0.03415400 0.10542200
v -0.01848300 0.03362100 0.10515500
v -0.01848300 0.03311900 0.10483500
v -0.01848300 0.03176400 0.10399200
v -0.01848300 0.03031300 0.10332400
v -0.01848300 0.02879200 0.10284200
v -0.01848300 0.02722000 0.10255200
v -0.01848300 0.02562700 0.10245900
v -0.01848300 0.02403300 0.10256500
v -0.01848300 0.02246700 0.10286800
v -0.01848300 0.01383700 0.10913400
v -0.01848300 0.01692500 0.10591200
v -0.01848300 0.01582800 0.10707300
v -0.01848300 0.01156800 0.11088300
v -0.01848300 0.00906800 0.11228400
v -0.01848300 0.01815600 0.10489700
v -0.01848300 0.00639300 0.11330700
v -0.01848300 0.00359600 0.11392900
v -0.01848300 0.01950500 0.10404300
v -0.01848300 0.00073900 0.11413800
v -0.01848300 -0.00212100 0.11392900
v -0.01848300 0.02094900 0.10336300
v -0.01848300 -0.00491600 0.11330700
v -0.01848300 -0.00759300 0.11228400
v -0.01848300 -0.01009300 0.11088300
v -0.01848300 -0.01236000 0.10913400
v -0.01848300 -0.01435000 0.10707300
v -0.01848300 -0.01544700 0.10591200
v -0.01848300 -0.01667900 0.10489700
v -0.01848300 -0.01802800 0.10404300
v -0.01848300 -0.01947400 0.10336300
v -0.01848300 -0.02099200 0.10286800
v -0.01848300 -0.02255900 0.10256500
v -0.01848300 -0.02415200 0.10245900
v -0.01848300 -0.02574500 0.10255200
v -0.01848300 -0.03267900 0.10542200
v -0.01848300 -0.03164400 0.10483500
v -0.01848300 -0.03214600 0.10515500
v -0.01848300 -0.03028700 0.10399200
v -0.01848300 -0.03323500 0.10563200
v -0.01848300 -0.03381100 0.10578400
v -0.01848300 -0.03440200 0.10587600
v -0.01848300 -0.02883800 0.10332400
v -0.01848300 -0.03499700 0.10590600
v -0.01848300 -0.03559000 0.10587600
v -0.01848300 -0.03618000 0.10578400
v -0.01848300 -0.03675700 0.10563200
v -0.01848300 -0.02731500 0.10284200
v -0.01848300 -0.03731500 0.10542200
v -0.01848300 -0.03784600 0.10515500
v -0.01848300 -0.03835000 0.10483500
v -0.01848300 -0.03943900 0.10410600
v -0.01848300 -0.04056900 0.10344100
v -0.01848300 -0.04173300 0.10284100
v -0.01848300 -0.04293200 0.10231000
v -0.01848300 -0.04415800 0.10184700
v -0.01848300 -0.04541000 0.10145700
v -0.01848300 -0.04668200 0.10113800
v -0.01848300 -0.04797000 0.10089300
v -0.01848300 -0.04917400 0.09602100
v -0.01848300 -0.04927100 0.10072200
v -0.01848300 -0.04917400 0.03024600
v -0.01848300 0.05283800 0.10061300
v -0.01848300 0.05410100 0.02622200
v -0.01848300 0.05410100 0.10063700
v -0.01848300 0.05157700 0.10065900
v -0.01848300 0.05007700 0.03024600
v -0.01848300 -0.05057700 0.10062700
v -0.01848300 -0.05188900 0.10060600
v -0.01848300 -0.05319800 0.10066000
v -0.01848300 -0.05319800 0.02622200
v 0.01957500 -0.07178200 -0.03432800
v 0.01957500 -0.00156000 -0.03701000
v 0.01957500 -0.00156000 -0.03432800
v 0.01957500 -0.07178200 -0.03701000
v 0.01957500 -0.07178200 -0.01286600
v 0.01957500 -0.00156000 -0.01622100
v 0.01957500 -0.00156000 -0.01353900
v 0.01957500 -0.07178200 -0.01622100
v 0.01957500 0.00246400 0.00188600
v 0.01957500 0.00246400 -0.01622100
v 0.01957500 0.00246400 -0.01353900
v 0.01957500 0.00246400 -0.03432800
v 0.01957500 0.00246400 -0.03701000
v 0.01957500 0.00246400 -0.05674100
v 0.01957500 -0.00156000 0.00188600
v 0.01957500 -0.00156000 -0.05674100
v 0.01957500 0.07268500 -0.01622100
v 0.01957500 0.07268500 -0.01353900
v 0.01957500 0.07268500 -0.03701000
v 0.01957500 0.07268500 -0.03432800
v -0.01781200 -0.01840600 0.11302600
v -0.01781200 -0.01840600 0.11233200
v -0.01781200 -0.01836000 0.11267900
v -0.01781200 -0.01854000 0.11334900
v -0.01781200 -0.01854000 0.11200800
v -0.01781200 -0.01875500 0.11362700
v -0.01781200 -0.01875500 0.11173000
v -0.01781200 -0.01903100 0.11384100
v -0.01781200 -0.01903100 0.11151700
v -0.01781200 -0.01935600 0.11397400
v -0.01781200 -0.01935600 0.11138300
v -0.01781200 -0.01970200 0.11402000
v -0.01781200 -0.01970200 0.11133800
v -0.01781200 -0.02005000 0.11397400
v -0.01781200 -0.02005000 0.11138300
v -0.01781200 -0.02037200 0.11384100
v -0.01781200 -0.02037200 0.11151700
v -0.01781200 -0.02065100 0.11362700
v -0.01781200 -0.02065100 0.11173000
v -0.01781200 -0.02086300 0.11334900
v -0.01781200 -0.02086300 0.11200800
v -0.01781200 -0.02099700 0.11302600
v -0.01781200 -0.02099700 0.11233200
v -0.01781200 -0.02104300 0.11267900
v -0.01781200 -0.05525500 0.10771400
v -0.01781200 -0.05525500 0.10702000
v -0.01781200 -0.05521000 0.10736700
v -0.01781200 -0.05538900 0.10803700
v -0.01781200 -0.05538900 0.10669600
v -0.01781200 -0.05560100 0.10831500
v -0.01781200 -0.05560100 0.10641800
v -0.01781200 -0.05588000 0.10852800
v -0.01781200 -0.05588000 0.10620500
v -0.01781200 -0.05620500 0.10866200
v -0.01781200 -0.05620500 0.10607100
v -0.01781200 -0.05655100 0.10870800
v -0.01781200 -0.05655100 0.10602500
v -0.01781200 -0.05689700 0.10866200
v -0.01781200 -0.05689700 0.10607100
v -0.01781200 -0.05722100 0.10852800
v -0.01781200 -0.05722100 0.10620500
v -0.01781200 -0.05749800 0.10831500
v -0.01781200 -0.05749800 0.10641800
v -0.01781200 -0.05771200 0.10803700
v -0.01781200 -0.05771200 0.10669600
v -0.01781200 -0.05784600 0.10771400
v -0.01781200 -0.05784600 0.10702000
v -0.01781200 -0.05789200 0.10736700
v -0.01781200 0.02186600 0.11307900
v -0.01781200 0.02186600 0.11238400
v -0.01781200 0.02191200 0.11273200
v -0.01781200 0.02173200 0.11340200
v -0.01781200 0.02173200 0.11206100
v -0.01781200 0.02152000 0.11368000
v -0.01781200 0.02152000 0.11178300
v -0.01781200 0.02124100 0.11389300
v -0.01781200 0.02124100 0.11157000
v -0.01781200 0.02091600 0.11402700
v -0.01781200 0.02091600 0.11143600
v -0.01781200 0.02057000 0.11407300
v -0.01781200 0.02057000 0.11139000
v -0.01781200 0.02022400 0.11402700
v -0.01781200 0.02022400 0.11143600
v -0.01781200 0.01990000 0.11389300
v -0.01781200 0.01990000 0.11157000
v -0.01781200 0.01962300 0.11368000
v -0.01781200 0.01962300 0.11178300
v -0.01781200 0.01940900 0.11340200
v -0.01781200 0.01940900 0.11206100
v -0.01781200 0.01927500 0.11307900
v -0.01781200 0.01927500 0.11238400
v -0.01781200 0.01922900 0.11273200
v -0.01781200 0.05886300 0.10778500
v -0.01781200 0.05886300 0.10709100
v -0.01781200 0.05890800 0.10743800
v -0.01781200 0.05872800 0.10810900
v -0.01781200 0.05872800 0.10676800
v -0.01781200 0.05851700 0.10838700
v -0.01781200 0.05851700 0.10649000
v -0.01781200 0.05823800 0.10860000
v -0.01781200 0.05823800 0.10627700
v -0.01781200 0.05791600 0.10873400
v -0.01781200 0.05791600 0.10614300
v -0.01781200 0.05756700 0.10878000
v -0.01781200 0.05756700 0.10609700
v -0.01781200 0.05722100 0.10873400
v -0.01781200 0.05722100 0.10614300
v -0.01781200 0.05689600 0.10860000
v -0.01781200 0.05689600 0.10627700
v -0.01781200 0.05662000 0.10838700
v -0.01781200 0.05662000 0.10649000
v -0.01781200 0.05640500 0.10810900
v -0.01781200 0.05640500 0.10676800
v -0.01781200 0.05627100 0.10778500
v -0.01781200 0.05627100 0.10709100
v -0.01781200 0.05622600 0.10743800
v -0.02317700 -0.09075200 0.01750400
v 0.02644900 -0.08672800 0.01616300
v 0.03047200 -0.09075200 0.01750400
v -0.02317700 -0.08672800 0.01616300
v 0.03047200 0.09165600 0.01750400
v 0.02644900 0.08763200 0.01616300
v -0.02317700 0.08763200 0.01616300
v -0.02317700 0.09165600 0.01750400
v -0.02317700 -0.08672800 0.01079800
v 0.02376600 -0.08404600 0.00878600
v 0.02644900 -0.08672800 0.01079800
v -0.02317700 -0.08404600 0.00878600
v 0.02644900 0.08763200 0.01079800
v 0.02376600 0.08495000 0.00878600
v -0.02317700 0.08495000 0.00878600
v -0.02317700 0.08763200 0.01079800
v -0.02317700 -0.08404600 -0.06900600
v 0.03047200 -0.09075200 -0.07101800
v 0.02376600 -0.08404600 -0.06900600
v -0.02317700 -0.09075200 -0.07101800
v -0.02317700 0.09165600 -0.07101800
v 0.02376600 0.08495000 -0.06900600
v 0.03047200 0.09165600 -0.07101800
v -0.02317700 0.08495000 -0.06900600
v 0.02376600 0.07690200 0.00610300
v 0.01974300 0.00246400 0.00188600
v 0.01974300 0.07268500 0.00188600
v 0.01974300 -0.00156000 0.00188600
v 0.01974300 -0.07178200 0.00188600
v 0.02376600 -0.07599900 0.00610300
v 0.02376600 0.07690200 -0.06095800
v 0.01974300 0.07268500 -0.01353900
v 0.01974300 0.07268500 -0.01622100
v 0.01974300 0.07268500 -0.03432800
v 0.01974300 0.07268500 -0.03701000
v 0.01974300 0.07268500 -0.05674100
v 0.01974300 -0.07178200 -0.01622100
v 0.01974300 -0.07178200 -0.01286600
v 0.01974300 -0.07178200 -0.03432800
v 0.01974300 -0.07178200 -0.03701000
v 0.01974300 -0.07178200 -0.05674100
v 0.02376600 -0.07599900 -0.06095800
v 0.01974300 0.00246400 -0.05674100
v 0.01974300 -0.00156000 -0.05674100
v -0.02116500 -0.04917400 0.09602100
v -0.02116500 0.05007700 0.09602100
v -0.02116500 0.05007700 0.03024600
v -0.02116500 -0.04917400 0.03024600
v 0.01706000 -0.07465800 -0.08510100
v 0.01980400 -0.08532600 -0.07906500
v 0.01980400 -0.07740100 -0.07906500
v 0.01706000 -0.08807000 -0.08510100
v 0.02772900 -0.08532600 -0.07906500
v 0.03047200 -0.08807000 -0.08510100
v 0.03047200 -0.07465800 -0.08510100
v 0.02772900 -0.07740100 -0.07906500
v -0.01257000 -0.08532600 -0.07906500
v -0.00982600 -0.07465800 -0.08510100
v -0.01257000 -0.07740100 -0.07906500
v -0.00982600 -0.08807000 -0.08510100
v -0.02323800 -0.08807000 -0.08510100
v -0.02049400 -0.08532600 -0.07906500
v -0.02323800 -0.07465800 -0.08510100
v -0.02049400 -0.07740100 -0.07906500
v 0.03047200 0.08903500 -0.08510100
v 0.01980400 0.08629100 -0.07906500
v 0.02772900 0.08629100 -0.07906500
v 0.01706000 0.08903500 -0.08510100
v 0.01980400 0.07836700 -0.07906500
v 0.01706000 0.07562300 -0.08510100
v 0.02772900 0.07836700 -0.07906500
v 0.03047200 0.07562300 -0.08510100
v -0.01257000 0.07836700 -0.07906500
v -0.00982600 0.08903500 -0.08510100
v -0.01257000 0.08629100 -0.07906500
v -0.00982600 0.07562300 -0.08510100
v -0.02049400 0.08629100 -0.07906500
v -0.02323800 0.08903500 -0.08510100
v -0.02323800 0.07562300 -0.08510100
v -0.02049400 0.07836700 -0.07906500
v -0.00982600 0.08903500 -0.08711300
v -0.00982600 0.07562300 -0.08711300
v -0.02323800 0.07562300 -0.08711300
v -0.02323800 0.08903500 -0.08711300
v -0.00982600 -0.07465800 -0.08711300
v -0.00982600 -0.08807000 -0.08711300
v -0.02323800 -0.08807000 -0.08711300
v -0.02323800 -0.07465800 -0.08711300
v 0.01706000 -0.08807000 -0.08711300
v 0.01706000 -0.07465800 -0.08711300
v 0.03047200 -0.08807000 -0.08711300
v 0.03047200 -0.07465800 -0.08711300
v 0.03047200 0.08903500 -0.08711300
v 0.03047200 0.07562300 -0.08711300
v 0.01706000 0.07562300 -0.08711300
v 0.01706000 0.08903500 -0.08711300
v 0.03047200 -0.09075200 -0.07906500
v 0.03047200 0.09165600 -0.07906500
v -0.02317700 -0.09075200 -0.07906500
v -0.02317700 0.09165600 -0.07906500
v -0.02317700 0.09165600 0.01951600
v -0.02317700 0.06080700 0.01951600
v -0.02317700 0.06069200 0.10823400
v -0.02317700 0.06080700 0.10736700
v -0.02317700 0.06035900 0.10904300
v -0.02317700 0.05982600 0.10973800
v -0.02317700 0.05913100 0.11027000
v -0.02317700 0.05832300 0.11060500
v -0.02317700 0.05745400 0.11072000
v -0.02317700 0.05658800 0.11060500
v -0.02317700 0.05577800 0.11027000
v -0.02317700 0.05508300 0.10973800
v -0.02317700 0.05455200 0.10904300
v -0.02317700 0.05421700 0.10823400
v -0.02317700 0.05410100 0.10736700
v -0.02317700 0.05261000 0.10747100
v -0.02317700 0.05112400 0.10765700
v -0.02317700 0.04965400 0.10792500
v -0.02317700 0.04819700 0.10827400
v -0.02317700 0.04676500 0.10870200
v -0.02317700 0.04535600 0.10920800
v -0.02317700 0.04398000 0.10979100
v -0.02317700 0.04263600 0.11044900
v -0.02317700 0.04133000 0.11118000
v -0.02317700 0.04006900 0.11198200
v -0.02317700 0.03885100 0.11285200
v -0.02317700 0.03768400 0.11378700
v -0.02317700 0.03635400 0.11480400
v -0.02317700 0.03493000 0.11568100
v -0.02317700 0.03342500 0.11641000
v -0.02317700 0.03185300 0.11698400
v -0.02317700 0.03023300 0.11739700
v -0.02317700 0.02857700 0.11764500
v -0.02317700 0.02690600 0.11772400
v -0.02317700 0.02523500 0.11763500
v -0.02317700 0.02358300 0.11737800
v -0.02317700 0.02196200 0.11695600
v -0.02317700 0.02159500 0.11681900
v -0.02317700 0.02057000 0.11742600
v -0.02317700 0.01751500 0.11923400
v -0.02317700 0.01430100 0.12073600
v -0.02317700 0.01095400 0.12192000
v -0.02317700 0.00750900 0.12277400
v -0.02317700 0.00399800 0.12328900
v -0.02317700 0.00045200 0.12346100
v -0.02317700 -0.00309500 0.12328900
v -0.02317700 -0.00660600 0.12277400
v -0.02317700 -0.01005000 0.12192000
v -0.02317700 -0.01339500 0.12073600
v -0.02317700 -0.01661100 0.11923400
v -0.02317700 -0.01966700 0.11742600
v -0.02317700 -0.02069200 0.11681900
v -0.02317700 -0.02105900 0.11695600
v -0.02317700 -0.02267900 0.11737800
v -0.02317700 -0.02433200 0.11763500
v -0.02317700 -0.02600300 0.11772400
v -0.02317700 -0.02767400 0.11764500
v -0.02317700 -0.02932900 0.11739700
v -0.02317700 -0.03094900 0.11698400
v -0.02317700 -0.03252100 0.11641000
v -0.02317700 -0.03402600 0.11568100
v -0.02317700 -0.03545000 0.11480400
v -0.02317700 -0.03678100 0.11378700
v -0.02317700 -0.03794800 0.11285200
v -0.02317700 -0.03916300 0.11198200
v -0.02317700 -0.04042600 0.11118000
v -0.02317700 -0.04173300 0.11044900
v -0.02317700 -0.04307700 0.10979100
v -0.02317700 -0.04445300 0.10920800
v -0.02317700 -0.04586100 0.10870200
v -0.02317700 -0.04729400 0.10827400
v -0.02317700 -0.04875000 0.10792500
v -0.02317700 -0.05022000 0.10765700
v -0.02317700 -0.05170600 0.10747100
v -0.02317700 -0.05319800 0.10736700
v -0.02317700 -0.05364600 0.10904300
v -0.02317700 -0.05331300 0.10823400
v -0.02317700 -0.05418000 0.10973800
v -0.02317700 -0.05487400 0.11027000
v -0.02317700 -0.05568200 0.11060500
v -0.02317700 -0.05655100 0.11072000
v -0.02317700 -0.05741700 0.11060500
v -0.02317700 -0.05822700 0.11027000
v -0.02317700 -0.05892200 0.10973800
v -0.02317700 -0.05945300 0.10904300
v -0.02317700 -0.05978900 0.10823400
v -0.02317700 -0.05990400 0.01951600
v -0.02317700 -0.05990400 0.10736700
v -0.02317700 -0.09075200 0.01951600
v -0.01781200 -0.05319800 0.02622200
v -0.01781200 -0.05319800 0.10066000
v -0.01781200 -0.05188900 0.10060600
v -0.01781200 -0.05057700 0.10062700
v -0.01781200 -0.04927100 0.10072200
v -0.01781200 -0.04797000 0.10089300
v -0.01781200 -0.04668200 0.10113800
v -0.01781200 -0.04541000 0.10145700
v -0.01781200 -0.04415800 0.10184700
v -0.01781200 -0.04293200 0.10231000
v -0.01781200 -0.04173300 0.10284100
v -0.01781200 -0.04056900 0.10344100
v -0.01781200 -0.03943900 0.10410600
v -0.01781200 -0.03835000 0.10483500
v -0.01781200 -0.03784600 0.10515500
v -0.01781200 -0.03731500 0.10542200
v -0.01781200 -0.03675700 0.10563200
v -0.01781200 -0.03618000 0.10578400
v -0.01781200 -0.03559000 0.10587600
v -0.01781200 -0.03499700 0.10590600
v -0.01781200 -0.03440200 0.10587600
v -0.01781200 -0.03381100 0.10578400
v -0.01781200 -0.03323500 0.10563200
v -0.01781200 -0.03267900 0.10542200
v -0.01781200 -0.03214600 0.10515500
v -0.01781200 -0.03164400 0.10483500
v -0.01781200 -0.03028700 0.10399200
v -0.01781200 -0.02883800 0.10332400
v -0.01781200 -0.02731500 0.10284200
v -0.01781200 -0.02574500 0.10255200
v -0.01781200 -0.02415200 0.10245900
v -0.01781200 -0.02255900 0.10256500
v -0.01781200 -0.02099200 0.10286800
v -0.01781200 -0.01947400 0.10336300
v -0.01781200 -0.01802800 0.10404300
v -0.01781200 -0.01667900 0.10489700
v -0.01781200 -0.01544700 0.10591200
v -0.01781200 -0.01435000 0.10707300
v -0.01781200 -0.01236000 0.10913400
v -0.01781200 -0.01009300 0.11088300
v -0.01781200 -0.00759300 0.11228400
v -0.01781200 -0.00491600 0.11330700
v -0.01781200 -0.00212100 0.11392900
v -0.01781200 0.00073900 0.11413800
v -0.01781200 0.00359600 0.11392900
v -0.01781200 0.00639300 0.11330700
v -0.01781200 0.00906800 0.11228400
v -0.01781200 0.01156800 0.11088300
v -0.01781200 0.01383700 0.10913400
v -0.01781200 0.01582800 0.10707300
v -0.01781200 0.01692500 0.10591200
v -0.01781200 0.01815600 0.10489700
v -0.01781200 0.01950500 0.10404300
v -0.01781200 0.02094900 0.10336300
v -0.01781200 0.05410100 0.02622200
v -0.01781200 0.05410100 0.10063700
v -0.01781200 0.02246700 0.10286800
v -0.01781200 0.05283800 0.10061300
v -0.01781200 0.02403300 0.10256500
v -0.01781200 0.05157700 0.10065900
v -0.01781200 0.02562700 0.10245900
v -0.01781200 0.05031900 0.10077600
v -0.01781200 0.02722000 0.10255200
v -0.01781200 0.04906900 0.10096100
v -0.01781200 0.02879200 0.10284200
v -0.01781200 0.04783200 0.10121600
v -0.01781200 0.03031300 0.10332400
v -0.01781200 0.04661200 0.10153800
v -0.01781200 0.03176400 0.10399200
v -0.01781200 0.04541000 0.10192800
v -0.01781200 0.03311900 0.10483500
v -0.01781200 0.04423200 0.10238400
v -0.01781200 0.03362100 0.10515500
v -0.01781200 0.04308200 0.10290400
v -0.01781200 0.03415400 0.10542200
v -0.01781200 0.04196000 0.10348700
v -0.01781200 0.03471200 0.10563200
v -0.01781200 0.04087400 0.10413200
v -0.01781200 0.03528900 0.10578400
v -0.01781200 0.03982500 0.10483500
v -0.01781200 0.03587600 0.10587600
v -0.01781200 0.03932300 0.10515500
v -0.01781200 0.03647200 0.10590600
v -0.01781200 0.03879000 0.10542200
v -0.01781200 0.03706700 0.10587600
v -0.01781200 0.03823200 0.10563200
v -0.01781200 0.03765500 0.10578400
v -0.01714100 -0.05749800 0.10641800
v -0.01714100 -0.05771200 0.10669600
v -0.01714100 -0.05784600 0.10702000
v -0.01714100 -0.05722100 0.10620500
v -0.01714100 -0.05789200 0.10736700
v -0.01714100 -0.05689700 0.10607100
v -0.01714100 -0.05784600 0.10771400
v -0.01714100 -0.05655100 0.10602500
v -0.01714100 -0.05771200 0.10803700
v -0.01714100 -0.05620500 0.10607100
v -0.01714100 -0.05749800 0.10831500
v -0.01714100 -0.05588000 0.10620500
v -0.01714100 -0.05722100 0.10852800
v -0.01714100 -0.05560100 0.10641800
v -0.01714100 -0.05689700 0.10866200
v -0.01714100 -0.05538900 0.10669600
v -0.01714100 -0.05655100 0.10870800
v -0.01714100 -0.05525500 0.10702000
v -0.01714100 -0.05620500 0.10866200
v -0.01714100 -0.05521000 0.10736700
v -0.01714100 -0.05588000 0.10852800
v -0.01714100 -0.05525500 0.10771400
v -0.01714100 -0.05560100 0.10831500
v -0.01714100 -0.05538900 0.10803700
v -0.01714100 -0.02005000 0.11397400
v -0.01714100 -0.02037200 0.11384100
v -0.01714100 -0.01970200 0.11402000
v -0.01714100 -0.02065100 0.11362700
v -0.01714100 -0.01935600 0.11397400
v -0.01714100 -0.02086300 0.11334900
v -0.01714100 -0.01903100 0.11384100
v -0.01714100 -0.02099700 0.11302600
v -0.01714100 -0.01875500 0.11362700
v -0.01714100 -0.02104300 0.11267900
v -0.01714100 -0.01854000 0.11334900
v -0.01714100 -0.02099700 0.11233200
v -0.01714100 -0.01840600 0.11302600
v -0.01714100 -0.02086300 0.11200800
v -0.01714100 -0.01836000 0.11267900
v -0.01714100 -0.02065100 0.11173000
v -0.01714100 -0.01840600 0.11233200
v -0.01714100 -0.02037200 0.11151700
v -0.01714100 -0.01854000 0.11200800
v -0.01714100 -0.02005000 0.11138300
v -0.01714100 -0.01875500 0.11173000
v -0.01714100 -0.01970200 0.11133800
v -0.01714100 -0.01903100 0.11151700
v -0.01714100 -0.01935600 0.11138300
v -0.01781200 0.05900200 0.10439200
v -0.01781200 0.05866900 0.10424200
v -0.01714100 0.05900200 0.10439200
v -0.01714100 0.05866900 0.10424200
v -0.01781200 0.05832300 0.10412800
v -0.01714100 0.05832300 0.10412800
v -0.01781200 0.05931900 0.10457900
v -0.01714100 0.05931900 0.10457900
v -0.01781200 0.05745400 0.10401400
v -0.01714100 0.05745400 0.10401400
v -0.01781200 0.05961100 0.10479800
v -0.01714100 0.05961100 0.10479800
v -0.01781200 0.05563300 0.10406800
v -0.01714100 0.05563300 0.10406800
v -0.01781200 0.05987700 0.10504800
v -0.01714100 0.05987700 0.10504800
v -0.01781200 0.05382000 0.10423100
v -0.01714100 0.05382000 0.10423100
v -0.01781200 0.06011500 0.10532600
v -0.01714100 0.06011500 0.10532600
v -0.01781200 0.05202000 0.10450200
v -0.01714100 0.05202000 0.10450200
v -0.01781200 0.06032200 0.10562700
v -0.01714100 0.06032200 0.10562700
v -0.01781200 0.05023600 0.10488000
v -0.01714100 0.05023600 0.10488000
v -0.01781200 0.06049400 0.10595000
v -0.01714100 0.06049400 0.10595000
v -0.01781200 0.04848100 0.10536300
v -0.01714100 0.04848100 0.10536300
v -0.01781200 0.06063000 0.10628900
v -0.01714100 0.06063000 0.10628900
v -0.01781200 0.04675700 0.10595100
v -0.01714100 0.04675700 0.10595100
v -0.01781200 0.06072700 0.10664100
v -0.01714100 0.06072700 0.10664100
v -0.01781200 0.04506900 0.10664000
v -0.01714100 0.04506900 0.10664000
v -0.01781200 0.06078900 0.10700200
v -0.01714100 0.06078900 0.10700200
v -0.01781200 0.04342800 0.10742900
v -0.01714100 0.04342800 0.10742900
v -0.01781200 0.06080700 0.01951600
v -0.01781200 0.06080700 0.10736700
v -0.01714100 0.06080700 0.10736700
v -0.01781200 0.04321600 0.10754700
v -0.01714100 0.04321600 0.10754700
v -0.01714100 0.06069200 0.10823400
v -0.01781200 0.04183700 0.10831400
v -0.01714100 0.04183700 0.10831400
v -0.01714100 0.06035900 0.10904300
v -0.01781200 0.04169700 0.10840000
v -0.01714100 0.04169700 0.10840000
v -0.01714100 0.05982600 0.10973800
v -0.01781200 0.04030000 0.10929300
v -0.01714100 0.04030000 0.10929300
v -0.01714100 0.05913100 0.11027000
v -0.01781200 0.04023300 0.10933900
v -0.01714100 0.04023300 0.10933900
v -0.01714100 0.05832300 0.11060500
v -0.01781200 0.03882400 0.11036200
v -0.01714100 0.03882400 0.11036200
v -0.01714100 0.05745400 0.11072000
v -0.01781200 0.03774900 0.11113000
v -0.01714100 0.03774900 0.11113000
v -0.01714100 0.05658800 0.11060500
v -0.01781200 0.03661700 0.11181700
v -0.01714100 0.03661700 0.11181700
v -0.01714100 0.05577800 0.11027000
v -0.01781200 0.03543900 0.11241800
v -0.01714100 0.03543900 0.11241800
v -0.01714100 0.05508300 0.10973800
v -0.01781200 0.03421900 0.11293000
v -0.01714100 0.03421900 0.11293000
v -0.01714100 0.05455200 0.10904300
v -0.01781200 0.03296600 0.11335000
v -0.01714100 0.03296600 0.11335000
v -0.01714100 0.05421700 0.10823400
v -0.01781200 0.03168400 0.11367700
v -0.01714100 0.03168400 0.11367700
v -0.01714100 0.05410100 0.10736700
v -0.01781200 0.03038000 0.11390800
v -0.01714100 0.03038000 0.11390800
v -0.01714100 0.05261000 0.10747100
v -0.01781200 0.02906300 0.11404100
v -0.01714100 0.02906300 0.11404100
v -0.01714100 0.05112400 0.10765700
v -0.01781200 0.02774100 0.11407700
v -0.01714100 0.02774100 0.11407700
v -0.01714100 0.04965400 0.10792500
v -0.01781200 0.02642100 0.11401500
v -0.01714100 0.02642100 0.11401500
v -0.01714100 0.04819700 0.10827400
v -0.01781200 0.02510600 0.11385600
v -0.01714100 0.02510600 0.11385600
v -0.01714100 0.04676500 0.10870200
v -0.01781200 0.02380800 0.11359900
v -0.01714100 0.02380800 0.11359900
v -0.01714100 0.04535600 0.10920800
v -0.01781200 0.02392300 0.11273200
v -0.01714100 0.02392300 0.11273200
v -0.01714100 0.04398000 0.10979100
v -0.01781200 0.02380800 0.11186400
v -0.01714100 0.02380800 0.11186400
v -0.01714100 0.04263600 0.11044900
v -0.01781200 0.02347500 0.11105500
v -0.01714100 0.02347500 0.11105500
v -0.01714100 0.04133000 0.11118000
v -0.01781200 0.02294200 0.11036100
v -0.01714100 0.02294200 0.11036100
v -0.01714100 0.04006900 0.11198200
v -0.01781200 0.02224700 0.10982800
v -0.01714100 0.02224700 0.10982800
v -0.01714100 0.03885100 0.11285200
v -0.01781200 0.02143900 0.10949300
v -0.01714100 0.02143900 0.10949300
v -0.01714100 0.03768400 0.11378700
v -0.01781200 0.02057000 0.10937900
v -0.01714100 0.02057000 0.10937900
v -0.01714100 0.03635400 0.11480400
v -0.01781200 0.01970400 0.10949300
v -0.01714100 0.01970400 0.10949300
v -0.01714100 0.03493000 0.11568100
v -0.01781200 0.01889400 0.10982800
v -0.01714100 0.01889400 0.10982800
v -0.01714100 0.03342500 0.11641000
v -0.01781200 0.01819900 0.11036100
v -0.01714100 0.01819900 0.11036100
v -0.01714100 0.03185300 0.11698400
v -0.01714100 0.01766800 0.11105500
v -0.01781200 0.01766800 0.11105500
v -0.01714100 0.03023300 0.11739700
v -0.01714100 0.01733300 0.11186400
v -0.01781200 0.01733300 0.11186400
v -0.01714100 0.02857700 0.11764500
v -0.01714100 0.01721700 0.11273200
v -0.01781200 0.01721700 0.11273200
v -0.01714100 0.02690600 0.11772400
v -0.01714100 0.01733300 0.11359900
v -0.01781200 0.01733300 0.11359900
v -0.01714100 0.02523500 0.11763500
v -0.01714100 0.01766800 0.11440800
v -0.01781200 0.01766800 0.11440800
v -0.01714100 0.02358300 0.11737800
v -0.01714100 0.01889400 0.11563500
v -0.01714100 0.01819900 0.11510300
v -0.01680600 0.01889400 0.11563500
v -0.01680600 0.01819900 0.11510300
v -0.01781200 0.01819900 0.11510300
v -0.01714100 0.02196200 0.11695600
v -0.01714100 0.01970400 0.11597000
v -0.01680600 0.01970400 0.11597000
v -0.01781200 0.01544700 0.11651500
v -0.01680600 0.01544700 0.11651500
v -0.01714100 0.02159500 0.11681900
v -0.01680600 0.02159500 0.11681900
v -0.01781200 0.01258500 0.11768500
v -0.01680600 0.01258500 0.11768500
v -0.01680600 0.02057000 0.11742600
v -0.01781200 0.00963100 0.11860400
v -0.01680600 0.00963100 0.11860400
v -0.01680600 0.01751500 0.11923400
v -0.01781200 0.00660800 0.11926500
v -0.01680600 0.00660800 0.11926500
v -0.01680600 0.01430100 0.12073600
v -0.01781200 0.00354200 0.11966400
v -0.01680600 0.00354200 0.11966400
v -0.01680600 0.01095400 0.12192000
v -0.01781200 0.00045200 0.11979700
v -0.01680600 0.00045200 0.11979700
v -0.01680600 0.00750900 0.12277400
v -0.01781200 -0.00263800 0.11966400
v -0.01680600 -0.00263800 0.11966400
v -0.01680600 0.00399800 0.12328900
v -0.01781200 -0.00570500 0.11926500
v -0.01680600 -0.00570500 0.11926500
v -0.01680600 0.00045200 0.12346100
v -0.01781200 -0.00872800 0.11860400
v -0.01680600 -0.00872800 0.11860400
v -0.01680600 -0.00309500 0.12328900
v -0.01781200 -0.01168100 0.11768500
v -0.01680600 -0.01168100 0.11768500
v -0.01680600 -0.00660600 0.12277400
v -0.01781200 -0.01454300 0.11651500
v -0.01680600 -0.01454300 0.11651500
v -0.01680600 -0.01005000 0.12192000
v -0.01781200 -0.01729600 0.11510300
v -0.01714100 -0.01729600 0.11510300
v -0.01680600 -0.01729600 0.11510300
v -0.01781200 -0.01676200 0.11440800
v -0.01714100 -0.01676200 0.11440800
v -0.01680600 -0.01339500 0.12073600
v -0.01714100 -0.01799000 0.11563500
v -0.01680600 -0.01799000 0.11563500
v -0.01781200 -0.01642900 0.11359900
v -0.01714100 -0.01642900 0.11359900
v -0.01680600 -0.01661100 0.11923400
v -0.01714100 -0.01949200 0.11637300
v -0.01680600 -0.01949200 0.11637300
v -0.01781200 -0.01631400 0.11273200
v -0.01714100 -0.01631400 0.11273200
v -0.01680600 -0.01966700 0.11742600
v -0.01714100 -0.02069200 0.11681900
v -0.01680600 -0.02069200 0.11681900
v -0.01781200 -0.01642900 0.11186400
v -0.01714100 -0.01642900 0.11186400
v -0.01781200 -0.01676200 0.11105500
v -0.01714100 -0.01676200 0.11105500
v -0.01714100 -0.02105900 0.11695600
v -0.01781200 -0.01729600 0.11036100
v -0.01714100 -0.01729600 0.11036100
v -0.01714100 -0.02267900 0.11737800
v -0.01781200 -0.01799000 0.10982800
v -0.01714100 -0.01799000 0.10982800
v -0.01714100 -0.02433200 0.11763500
v -0.01781200 -0.01879800 0.10949300
v -0.01714100 -0.01879800 0.10949300
v -0.01714100 -0.02600300 0.11772400
v -0.01781200 -0.01966700 0.10937900
v -0.01714100 -0.01966700 0.10937900
v -0.01714100 -0.02767400 0.11764500
v -0.01781200 -0.02053300 0.10949300
v -0.01714100 -0.02053300 0.10949300
v -0.01714100 -0.02932900 0.11739700
v -0.01781200 -0.02134300 0.10982800
v -0.01714100 -0.02134300 0.10982800
v -0.01714100 -0.03094900 0.11698400
v -0.01781200 -0.02203800 0.11036100
v -0.01714100 -0.02203800 0.11036100
v -0.01714100 -0.03252100 0.11641000
v -0.01714100 -0.02256900 0.11105500
v -0.01781200 -0.02256900 0.11105500
v -0.01714100 -0.03402600 0.11568100
v -0.01714100 -0.02290500 0.11186400
v -0.01781200 -0.02290500 0.11186400
v -0.01714100 -0.03545000 0.11480400
v -0.01714100 -0.02302000 0.11273200
v -0.01781200 -0.02302000 0.11273200
v -0.01714100 -0.03678100 0.11378700
v -0.01714100 -0.02290500 0.11359900
v -0.01781200 -0.02290500 0.11359900
v -0.01714100 -0.03794800 0.11285200
v -0.01781200 -0.02420300 0.11385600
v -0.01714100 -0.02420300 0.11385600
v -0.01714100 -0.03916300 0.11198200
v -0.01781200 -0.02551700 0.11401500
v -0.01714100 -0.02551700 0.11401500
v -0.01714100 -0.04042600 0.11118000
v -0.01781200 -0.02683700 0.11407700
v -0.01714100 -0.02683700 0.11407700
v -0.01714100 -0.04173300 0.11044900
v -0.01781200 -0.02816000 0.11404100
v -0.01714100 -0.02816000 0.11404100
v -0.01714100 -0.04307700 0.10979100
v -0.01781200 -0.02947700 0.11390800
v -0.01714100 -0.02947700 0.11390800
v -0.01714100 -0.04445300 0.10920800
v -0.01781200 -0.03078000 0.11367700
v -0.01714100 -0.03078000 0.11367700
v -0.01714100 -0.04586100 0.10870200
v -0.01781200 -0.03206000 0.11335000
v -0.01714100 -0.03206000 0.11335000
v -0.01714100 -0.04729400 0.10827400
v -0.01781200 -0.03331500 0.11293000
v -0.01714100 -0.03331500 0.11293000
v -0.01714100 -0.04875000 0.10792500
v -0.01781200 -0.03453600 0.11241800
v -0.01714100 -0.03453600 0.11241800
v -0.01714100 -0.05022000 0.10765700
v -0.01781200 -0.03571300 0.11181700
v -0.01714100 -0.03571300 0.11181700
v -0.01714100 -0.05170600 0.10747100
v -0.01781200 -0.03684500 0.11113000
v -0.01714100 -0.03684500 0.11113000
v -0.01714100 -0.05319800 0.10736700
v -0.01781200 -0.03792100 0.11036200
v -0.01714100 -0.03792100 0.11036200
v -0.01714100 -0.05331300 0.10823400
v -0.01781200 -0.03939600 0.10929300
v -0.01714100 -0.03939600 0.10929300
v -0.01714100 -0.05364600 0.10904300
v -0.01781200 -0.04093300 0.10831400
v -0.01714100 -0.04093300 0.10831400
v -0.01714100 -0.05418000 0.10973800
v -0.01781200 -0.04252400 0.10742900
v -0.01714100 -0.04252400 0.10742900
v -0.01714100 -0.05487400 0.11027000
v -0.01781200 -0.04416600 0.10664000
v -0.01714100 -0.04416600 0.10664000
v -0.01714100 -0.05568200 0.11060500
v -0.01781200 -0.04585300 0.10595100
v -0.01714100 -0.04585300 0.10595100
v -0.01714100 -0.05655100 0.11072000
v -0.01781200 -0.04757500 0.10536300
v -0.01714100 -0.04757500 0.10536300
v -0.01714100 -0.05741700 0.11060500
v -0.01781200 -0.04933200 0.10488000
v -0.01714100 -0.04933200 0.10488000
v -0.01714100 -0.05822700 0.11027000
v -0.01781200 -0.05111300 0.10450200
v -0.01714100 -0.05111300 0.10450200
v -0.01714100 -0.05892200 0.10973800
v -0.01781200 -0.05291600 0.10423100
v -0.01714100 -0.05291600 0.10423100
v -0.01714100 -0.05945300 0.10904300
v -0.01781200 -0.05472900 0.10406800
v -0.01714100 -0.05472900 0.10406800
v -0.01714100 -0.05978900 0.10823400
v -0.01781200 -0.05990400 0.01951600
v -0.01781200 -0.05990400 0.10736700
v -0.01781200 -0.05655100 0.10401400
v -0.01714100 -0.05655100 0.10401400
v -0.01714100 -0.05990400 0.10736700
v -0.01781200 -0.05741700 0.10412800
v -0.01714100 -0.05741700 0.10412800
v -0.01714100 -0.05978900 0.10649900
v -0.01781200 -0.05978900 0.10649900
v -0.01781200 -0.05822700 0.10446300
v -0.01714100 -0.05822700 0.10446300
v -0.01714100 -0.05945300 0.10569000
v -0.01781200 -0.05945300 0.10569000
v -0.01781200 -0.05892200 0.10499600
v -0.01714100 -0.05892200 0.10499600
v 0.03047200 -0.09075200 0.01951600
v 0.03047200 0.09165600 0.01951600
v 0.01974300 -0.05522300 -0.02500700
v 0.02175400 -0.05522300 -0.02500700
v 0.01974300 -0.05530900 -0.02489600
v 0.02175400 -0.05530900 -0.02489600
v 0.01974300 -0.05541900 -0.02481100
v 0.02175400 -0.05541900 -0.02481100
v 0.01974300 -0.05516900 -0.02513600
v 0.02175400 -0.05516900 -0.02513600
v 0.01974300 -0.05554800 -0.02475800
v 0.02175400 -0.05554800 -0.02475800
v 0.01974300 -0.05515100 -0.02527400
v 0.02175400 -0.05515100 -0.02527400
v 0.01974300 -0.05568700 -0.02473900
v 0.02175400 -0.05568700 -0.02473900
v 0.01974300 -0.05516900 -0.02541300
v 0.02175400 -0.05516900 -0.02541300
v 0.01974300 -0.05582400 -0.02475800
v 0.02175400 -0.05582400 -0.02475800
v 0.01974300 -0.05522300 -0.02554200
v 0.02175400 -0.05522300 -0.02554200
v 0.01974300 -0.05595300 -0.02481100
v 0.02175400 -0.05595300 -0.02481100
v 0.01974300 -0.05530900 -0.02565300
v 0.02175400 -0.05530900 -0.02565300
v 0.01974300 -0.05606500 -0.02489600
v 0.02175400 -0.05606500 -0.02489600
v 0.01974300 -0.05541900 -0.02573800
v 0.02175400 -0.05541900 -0.02573800
v 0.02175400 -0.05614800 -0.02500700
v 0.01974300 -0.05614800 -0.02500700
v 0.01974300 -0.05554800 -0.02579100
v 0.02175400 -0.05554800 -0.02579100
v 0.02175400 -0.05620200 -0.02513600
v 0.01974300 -0.05620200 -0.02513600
v 0.01974300 -0.05568700 -0.02581000
v 0.02175400 -0.05568700 -0.02581000
v 0.02175400 -0.05622100 -0.02527400
v 0.01974300 -0.05622100 -0.02527400
v 0.01974300 -0.05582400 -0.02579100
v 0.02175400 -0.05582400 -0.02579100
v 0.02175400 -0.05620200 -0.02541300
v 0.01974300 -0.05620200 -0.02541300
v 0.01974300 -0.05595300 -0.02573800
v 0.02175400 -0.05595300 -0.02573800
v 0.02175400 -0.05614800 -0.02554200
v 0.01974300 -0.05614800 -0.02554200
v 0.01974300 -0.05606500 -0.02565300
v 0.02175400 -0.05606500 -0.02565300
v 0.01974300 0.00246400 -0.03701000
v 0.01974300 -0.00156000 -0.03701000
v 0.01974300 0.00246400 -0.03432800
v 0.01974300 0.00246400 -0.01622100
v 0.01974300 -0.07599900 -0.06095800
v 0.01974300 -0.07599900 0.00610300
v 0.01974300 0.07690200 0.00610300
v 0.01974300 0.07690200 -0.06095800
v 0.01974300 0.00246400 -0.01353900
v -0.01714100 0.05890800 0.10743800
v -0.01714100 0.05886300 0.10778500
v -0.01714100 0.05872800 0.10810900
v -0.01714100 0.05851700 0.10838700
v -0.01714100 0.05823800 0.10860000
v -0.01714100 0.05791600 0.10873400
v -0.01714100 0.05756700 0.10878000
v -0.01714100 0.05722100 0.10873400
v -0.01714100 0.05689600 0.10860000
v -0.01714100 0.05662000 0.10838700
v -0.01714100 0.05640500 0.10810900
v -0.01714100 0.05627100 0.10778500
v -0.01714100 0.05622600 0.10743800
v -0.01714100 0.05886300 0.10709100
v -0.01714100 0.05872800 0.10676800
v -0.01714100 0.05851700 0.10649000
v -0.01714100 0.05823800 0.10627700
v -0.01714100 0.05791600 0.10614300
v -0.01714100 0.05756700 0.10609700
v -0.01714100 0.05722100 0.10614300
v -0.01714100 0.05689600 0.10627700
v -0.01714100 0.05662000 0.10649000
v -0.01714100 0.05640500 0.10676800
v -0.01714100 0.05627100 0.10709100
v -0.01714100 0.02191200 0.11273200
v -0.01714100 0.02186600 0.11238400
v -0.01714100 0.02173200 0.11206100
v -0.01714100 0.02152000 0.11178300
v -0.01714100 0.02124100 0.11157000
v -0.01714100 0.02091600 0.11143600
v -0.01714100 0.02057000 0.11139000
v -0.01714100 0.02022400 0.11143600
v -0.01714100 0.01990000 0.11157000
v -0.01714100 0.01962300 0.11178300
v -0.01714100 0.01940900 0.11206100
v -0.01714100 0.01927500 0.11238400
v -0.01714100 0.01922900 0.11273200
v -0.01714100 0.02186600 0.11307900
v -0.01714100 0.02173200 0.11340200
v -0.01714100 0.02152000 0.11368000
v -0.01714100 0.02124100 0.11389300
v -0.01714100 0.02091600 0.11402700
v -0.01714100 0.02057000 0.11407300
v -0.01714100 0.02022400 0.11402700
v -0.01714100 0.01990000 0.11389300
v -0.01714100 0.01962300 0.11368000
v -0.01714100 0.01940900 0.11340200
v -0.01714100 0.01927500 0.11307900
v 0.01974300 -0.00156000 -0.01622100
v 0.01974300 -0.00156000 -0.03432800
v 0.01974300 -0.00156000 -0.01353900
v 0.02175400 -0.01571000 -0.00634700
v 0.02242500 -0.01571000 -0.00634700
v 0.02175400 -0.01564300 -0.00582700
v 0.02242500 -0.01564300 -0.00582700
v 0.02175400 -0.01591100 -0.00683200
v 0.02242500 -0.01591100 -0.00683200
v 0.02175400 -0.01623100 -0.00724900
v 0.02242500 -0.01623100 -0.00724900
v 0.02175400 -0.01664900 -0.00756900
v 0.02242500 -0.01664900 -0.00756900
v 0.02175400 -0.01713500 -0.00777000
v 0.02242500 -0.01713500 -0.00777000
v 0.02175400 -0.01765500 -0.00783800
v 0.02242500 -0.01765500 -0.00783800
v 0.02175400 -0.01817500 -0.00777000
v 0.02242500 -0.01817500 -0.00777000
v 0.02175400 -0.01866100 -0.00756900
v 0.02242500 -0.01866100 -0.00756900
v 0.02175400 -0.01907700 -0.00724900
v 0.02242500 -0.01907700 -0.00724900
v 0.02242500 -0.01939600 -0.00683200
v 0.02175400 -0.01939600 -0.00683200
v 0.02242500 -0.01959700 -0.00634700
v 0.02175400 -0.01959700 -0.00634700
v 0.02242500 -0.01966700 -0.00582700
v 0.02175400 -0.01966700 -0.00582700
v 0.02242500 -0.01959700 -0.00530600
v 0.02175400 -0.01959700 -0.00530600
v 0.02242500 -0.01939600 -0.00482100
v 0.02175400 -0.01939600 -0.00482100
v 0.02242500 -0.01907700 -0.00440400
v 0.02175400 -0.01907700 -0.00440400
v 0.02175400 -0.01866100 -0.00408400
v 0.02242500 -0.01866100 -0.00408400
v 0.02175400 -0.01817500 -0.00388300
v 0.02242500 -0.01817500 -0.00388300
v 0.02175400 -0.01765500 -0.00381500
v 0.02242500 -0.01765500 -0.00381500
v 0.02175400 -0.01713500 -0.00388300
v 0.02242500 -0.01713500 -0.00388300
v 0.02175400 -0.01664900 -0.00408400
v 0.02242500 -0.01664900 -0.00408400
v 0.02175400 -0.01623100 -0.00440400
v 0.02242500 -0.01623100 -0.00440400
v 0.02175400 -0.01591100 -0.00482100
v 0.02242500 -0.01591100 -0.00482100
v 0.02175400 -0.01571000 -0.00530600
v 0.02242500 -0.01571000 -0.00530600
v 0.02175400 0.05605400 -0.02527400
v 0.01974300 0.05605400 -0.02527400
v 0.02175400 0.05607300 -0.02513600
v 0.01974300 0.05607300 -0.02513600
v 0.02175400 0.05607300 -0.02541300
v 0.01974300 0.05607300 -0.02541300
v 0.02175400 0.05612600 -0.02500700
v 0.01974300 0.05612600 -0.02500700
v 0.02175400 0.05612600 -0.02554200
v 0.01974300 0.05612600 -0.02554200
v 0.02175400 0.05621200 -0.02489600
v 0.01974300 0.05621200 -0.02489600
v 0.02175400 0.05621200 -0.02565300
v 0.01974300 0.05621200 -0.02565300
v 0.01974300 0.05632200 -0.02481100
v 0.02175400 0.05632200 -0.02481100
v 0.01974300 0.05632200 -0.02573800
v 0.02175400 0.05632200 -0.02573800
v 0.01974300 0.05645100 -0.02475800
v 0.02175400 0.05645100 -0.02475800
v 0.01974300 0.05645100 -0.02579100
v 0.02175400 0.05645100 -0.02579100
v 0.01974300 0.05659100 -0.02473900
v 0.02175400 0.05659100 -0.02473900
v 0.01974300 0.05659100 -0.02581000
v 0.02175400 0.05659100 -0.02581000
v 0.01974300 0.05672700 -0.02475800
v 0.02175400 0.05672700 -0.02475800
v 0.01974300 0.05672700 -0.02579100
v 0.02175400 0.05672700 -0.02579100
v 0.01974300 0.05685600 -0.02481100
v 0.02175400 0.05685600 -0.02481100
v 0.01974300 0.05685600 -0.02573800
v 0.02175400 0.05685600 -0.02573800
v 0.01974300 0.05696900 -0.02489600
v 0.02175400 0.05696900 -0.02489600
v 0.01974300 0.05696900 -0.02565300
v 0.02175400 0.05696900 -0.02565300
v 0.01974300 0.05705200 -0.02500700
v 0.02175400 0.05705200 -0.02500700
v 0.01974300 0.05705200 -0.02554200
v 0.02175400 0.05705200 -0.02554200
v 0.01974300 0.05710600 -0.02513600
v 0.02175400 0.05710600 -0.02513600
v 0.01974300 0.05710600 -0.02541300
v 0.02175400 0.05710600 -0.02541300
v 0.01974300 0.05712400 -0.02527400
v 0.02175400 0.05712400 -0.02527400
v 0.01974300 -0.05516900 -0.00568800
v 0.02175400 -0.05516900 -0.00568800
v 0.01974300 -0.05522300 -0.00555900
v 0.02175400 -0.05522300 -0.00555900
v 0.01974300 -0.05530900 -0.00544800
v 0.02175400 -0.05530900 -0.00544800
v 0.01974300 -0.05515100 -0.00582700
v 0.02175400 -0.05515100 -0.00582700
v 0.01974300 -0.05541900 -0.00536300
v 0.02175400 -0.05541900 -0.00536300
v 0.01974300 -0.05516900 -0.00596500
v 0.02175400 -0.05516900 -0.00596500
v 0.01974300 -0.05554800 -0.00531000
v 0.02175400 -0.05554800 -0.00531000
v 0.01974300 -0.05522300 -0.00609400
v 0.02175400 -0.05522300 -0.00609400
v 0.01974300 -0.05568700 -0.00529200
v 0.02175400 -0.05568700 -0.00529200
v 0.01974300 -0.05530900 -0.00620500
v 0.02175400 -0.05530900 -0.00620500
v 0.01974300 -0.05582400 -0.00531000
v 0.02175400 -0.05582400 -0.00531000
v 0.01974300 -0.05541900 -0.00629000
v 0.02175400 -0.05541900 -0.00629000
v 0.01974300 -0.05595300 -0.00536300
v 0.02175400 -0.05595300 -0.00536300
v 0.01974300 -0.05554800 -0.00634300
v 0.02175400 -0.05554800 -0.00634300
v 0.01974300 -0.05606500 -0.00544800
v 0.02175400 -0.05606500 -0.00544800
v 0.01974300 -0.05568700 -0.00636200
v 0.02175400 -0.05568700 -0.00636200
v 0.02175400 -0.05614800 -0.00555900
v 0.01974300 -0.05614800 -0.00555900
v 0.01974300 -0.05582400 -0.00634300
v 0.02175400 -0.05582400 -0.00634300
v 0.02175400 -0.05620200 -0.00568800
v 0.01974300 -0.05620200 -0.00568800
v 0.01974300 -0.05595300 -0.00629000
v 0.02175400 -0.05595300 -0.00629000
v 0.02175400 -0.05622100 -0.00582700
v 0.01974300 -0.05622100 -0.00582700
v 0.01974300 -0.05606500 -0.00620500
v 0.02175400 -0.05606500 -0.00620500
v 0.02175400 -0.05620200 -0.00596500
v 0.01974300 -0.05620200 -0.00596500
v 0.02175400 -0.05614800 -0.00609400
v 0.01974300 -0.05614800 -0.00609400
v 0.02175400 -0.01817000 -0.00568800
v 0.01974300 -0.01817000 -0.00568800
v 0.02175400 -0.01811600 -0.00555900
v 0.01974300 -0.01811600 -0.00555900
v 0.02175400 -0.01818900 -0.00582700
v 0.01974300 -0.01818900 -0.00582700
v 0.02175400 -0.01803300 -0.00544800
v 0.01974300 -0.01803300 -0.00544800
v 0.02175400 -0.01817000 -0.00596500
v 0.01974300 -0.01817000 -0.00596500
v 0.01974300 -0.01792100 -0.00536300
v 0.02175400 -0.01792100 -0.00536300
v 0.02175400 -0.01811600 -0.00609400
v 0.01974300 -0.01811600 -0.00609400
v 0.01974300 -0.01779200 -0.00531000
v 0.02175400 -0.01779200 -0.00531000
v 0.02175400 -0.01803300 -0.00620500
v 0.01974300 -0.01803300 -0.00620500
v 0.01974300 -0.01765500 -0.00529200
v 0.02175400 -0.01765500 -0.00529200
v 0.01974300 -0.01792100 -0.00629000
v 0.02175400 -0.01792100 -0.00629000
v 0.01974300 -0.01751500 -0.00531000
v 0.02175400 -0.01751500 -0.00531000
v 0.01974300 -0.01779200 -0.00634300
v 0.02175400 -0.01779200 -0.00634300
v 0.01974300 -0.01738700 -0.00536300
v 0.02175400 -0.01738700 -0.00536300
v 0.01974300 -0.01765500 -0.00636200
v 0.02175400 -0.01765500 -0.00636200
v 0.01974300 -0.01727700 -0.00544800
v 0.02175400 -0.01727700 -0.00544800
v 0.01974300 -0.01751500 -0.00634300
v 0.02175400 -0.01751500 -0.00634300
v 0.01974300 -0.01719100 -0.00555900
v 0.02175400 -0.01719100 -0.00555900
v 0.01974300 -0.01738700 -0.00629000
v 0.02175400 -0.01738700 -0.00629000
v 0.01974300 -0.01713700 -0.00568800
v 0.02175400 -0.01713700 -0.00568800
v 0.01974300 -0.01727700 -0.00620500
v 0.02175400 -0.01727700 -0.00620500
v 0.01974300 -0.01711800 -0.00582700
v 0.02175400 -0.01711800 -0.00582700
v 0.01974300 -0.01719100 -0.00609400
v 0.02175400 -0.01719100 -0.00609400
v 0.01974300 -0.01713700 -0.00596500
v 0.02175400 -0.01713700 -0.00596500
v 0.02175400 -0.05620200 -0.04673700
v 0.01974300 -0.05620200 -0.04673700
v 0.02175400 -0.05614800 -0.04660800
v 0.01974300 -0.05614800 -0.04660800
v 0.02175400 -0.05622100 -0.04687600
v 0.01974300 -0.05622100 -0.04687600
v 0.02175400 -0.05606500 -0.04649700
v 0.01974300 -0.05606500 -0.04649700
v 0.02175400 -0.05620200 -0.04701400
v 0.01974300 -0.05620200 -0.04701400
v 0.01974300 -0.05595300 -0.04641200
v 0.02175400 -0.05595300 -0.04641200
v 0.02175400 -0.05614800 -0.04714300
v 0.01974300 -0.05614800 -0.04714300
v 0.01974300 -0.05582400 -0.04635900
v 0.02175400 -0.05582400 -0.04635900
v 0.02175400 -0.05606500 -0.04725400
v 0.01974300 -0.05606500 -0.04725400
v 0.01974300 -0.05568700 -0.04634100
v 0.02175400 -0.05568700 -0.04634100
v 0.01974300 -0.05595300 -0.04733900
v 0.02175400 -0.05595300 -0.04733900
v 0.01974300 -0.05554800 -0.04635900
v 0.02175400 -0.05554800 -0.04635900
v 0.01974300 -0.05582400 -0.04739200
v 0.02175400 -0.05582400 -0.04739200
v 0.01974300 -0.05541900 -0.04641200
v 0.02175400 -0.05541900 -0.04641200
v 0.01974300 -0.05568700 -0.04741000
v 0.02175400 -0.05568700 -0.04741000
v 0.01974300 -0.05530900 -0.04649700
v 0.02175400 -0.05530900 -0.04649700
v 0.01974300 -0.05554800 -0.04739200
v 0.02175400 -0.05554800 -0.04739200
v 0.01974300 -0.05522300 -0.04660800
v 0.02175400 -0.05522300 -0.04660800
v 0.01974300 -0.05541900 -0.04733900
v 0.02175400 -0.05541900 -0.04733900
v 0.01974300 -0.05516900 -0.04673700
v 0.02175400 -0.05516900 -0.04673700
v 0.01974300 -0.05530900 -0.04725400
v 0.02175400 -0.05530900 -0.04725400
v 0.01974300 -0.05515100 -0.04687600
v 0.02175400 -0.05515100 -0.04687600
v 0.01974300 -0.05522300 -0.04714300
v 0.02175400 -0.05522300 -0.04714300
v 0.01974300 -0.05516900 -0.04701400
v 0.02175400 -0.05516900 -0.04701400
v 0.02175400 0.05853300 -0.02579500
v 0.02242500 0.05853300 -0.02579500
v 0.02175400 0.05860200 -0.02527400
v 0.02242500 0.05860200 -0.02527400
v 0.02175400 0.05833100 -0.02628000
v 0.02242500 0.05833100 -0.02628000
v 0.02175400 0.05801200 -0.02669700
v 0.02242500 0.05801200 -0.02669700
v 0.02175400 0.05759600 -0.02701700
v 0.02242500 0.05759600 -0.02701700
v 0.02175400 0.05711100 -0.02721800
v 0.02242500 0.05711100 -0.02721800
v 0.02175400 0.05659100 -0.02728600
v 0.02242500 0.05659100 -0.02728600
v 0.02175400 0.05607000 -0.02721800
v 0.02242500 0.05607000 -0.02721800
v 0.02175400 0.05558500 -0.02701700
v 0.02242500 0.05558500 -0.02701700
v 0.02175400 0.05516600 -0.02669700
v 0.02242500 0.05516600 -0.02669700
v 0.02242500 0.05484700 -0.02628000
v 0.02175400 0.05484700 -0.02628000
v 0.02242500 0.05464600 -0.02579500
v 0.02175400 0.05464600 -0.02579500
v 0.02242500 0.05457900 -0.02527400
v 0.02175400 0.05457900 -0.02527400
v 0.02242500 0.05464600 -0.02475400
v 0.02175400 0.05464600 -0.02475400
v 0.02175400 0.05558500 -0.02353200
v 0.02175400 0.05607000 -0.02333100
v 0.02242500 0.05558500 -0.02353200
v 0.02242500 0.05607000 -0.02333100
v 0.02175400 0.05659100 -0.02326300
v 0.02242500 0.05659100 -0.02326300
v 0.02175400 0.05711100 -0.02333100
v 0.02242500 0.05711100 -0.02333100
v 0.02175400 0.05759600 -0.02353200
v 0.02242500 0.05759600 -0.02353200
v 0.02175400 0.05801200 -0.02385200
v 0.02242500 0.05801200 -0.02385200
v 0.02175400 0.05833100 -0.02426800
v 0.02242500 0.05833100 -0.02426800
v 0.02175400 0.05853300 -0.02475400
v 0.02242500 0.05853300 -0.02475400
v 0.02242500 0.05484700 -0.02426800
v 0.02175400 0.05484700 -0.02426800
v 0.02175400 0.05516600 -0.02385200
v 0.02242500 0.05516600 -0.02385200
v 0.01974300 -0.01792100 -0.02481100
v 0.01974300 -0.01779200 -0.02475800
v 0.02175400 -0.01792100 -0.02481100
v 0.02175400 -0.01779200 -0.02475800
v 0.01974300 -0.01803300 -0.02489600
v 0.02175400 -0.01803300 -0.02489600
v 0.01974300 -0.01765500 -0.02473900
v 0.02175400 -0.01765500 -0.02473900
v 0.02175400 -0.01811600 -0.02500700
v 0.01974300 -0.01811600 -0.02500700
v 0.01974300 -0.01751500 -0.02475800
v 0.02175400 -0.01751500 -0.02475800
v 0.02175400 -0.01817000 -0.02513600
v 0.01974300 -0.01817000 -0.02513600
v 0.01974300 -0.01738700 -0.02481100
v 0.02175400 -0.01738700 -0.02481100
v 0.02175400 -0.01818900 -0.02527400
v 0.01974300 -0.01818900 -0.02527400
v 0.01974300 -0.01727700 -0.02489600
v 0.02175400 -0.01727700 -0.02489600
v 0.02175400 -0.01817000 -0.02541300
v 0.01974300 -0.01817000 -0.02541300
v 0.01974300 -0.01719100 -0.02500700
v 0.02175400 -0.01719100 -0.02500700
v 0.02175400 -0.01811600 -0.02554200
v 0.01974300 -0.01811600 -0.02554200
v 0.01974300 -0.01713700 -0.02513600
v 0.02175400 -0.01713700 -0.02513600
v 0.02175400 -0.01803300 -0.02565300
v 0.01974300 -0.01803300 -0.02565300
v 0.01974300 -0.01711800 -0.02527400
v 0.02175400 -0.01711800 -0.02527400
v 0.01974300 -0.01792100 -0.02573800
v 0.02175400 -0.01792100 -0.02573800
v 0.01974300 -0.01713700 -0.02541300
v 0.02175400 -0.01713700 -0.02541300
v 0.01974300 -0.01779200 -0.02579100
v 0.02175400 -0.01779200 -0.02579100
v 0.01974300 -0.01719100 -0.02554200
v 0.02175400 -0.01719100 -0.02554200
v 0.01974300 -0.01765500 -0.02581000
v 0.02175400 -0.01765500 -0.02581000
v 0.01974300 -0.01727700 -0.02565300
v 0.02175400 -0.01727700 -0.02565300
v 0.01974300 -0.01751500 -0.02579100
v 0.02175400 -0.01751500 -0.02579100
v 0.01974300 -0.01738700 -0.02573800
v 0.02175400 -0.01738700 -0.02573800
v 0.01974300 0.01869800 -0.04635900
v 0.01974300 0.01882700 -0.04641200
v 0.02175400 0.01869800 -0.04635900
v 0.02175400 0.01882700 -0.04641200
v 0.01974300 0.01855800 -0.04634100
v 0.02175400 0.01855800 -0.04634100
v 0.01974300 0.01893700 -0.04649700
v 0.02175400 0.01893700 -0.04649700
v 0.01974300 0.01841900 -0.04635900
v 0.02175400 0.01841900 -0.04635900
v 0.01974300 0.01902200 -0.04660800
v 0.02175400 0.01902200 -0.04660800
v 0.01974300 0.01829000 -0.04641200
v 0.02175400 0.01829000 -0.04641200
v 0.01974300 0.01907600 -0.04673700
v 0.02175400 0.01907600 -0.04673700
v 0.01974300 0.01818000 -0.04649700
v 0.02175400 0.01818000 -0.04649700
v 0.01974300 0.01909500 -0.04687600
v 0.02175400 0.01909500 -0.04687600
v 0.02175400 0.01809400 -0.04660800
v 0.01974300 0.01809400 -0.04660800
v 0.01974300 0.01907600 -0.04701400
v 0.02175400 0.01907600 -0.04701400
v 0.02175400 0.01804100 -0.04673700
v 0.01974300 0.01804100 -0.04673700
v 0.01974300 0.01902200 -0.04714300
v 0.02175400 0.01902200 -0.04714300
v 0.02175400 0.01802500 -0.04687600
v 0.01974300 0.01802500 -0.04687600
v 0.01974300 0.01893700 -0.04725400
v 0.02175400 0.01893700 -0.04725400
v 0.02175400 0.01804100 -0.04701400
v 0.01974300 0.01804100 -0.04701400
v 0.01974300 0.01882700 -0.04733900
v 0.02175400 0.01882700 -0.04733900
v 0.02175400 0.01809400 -0.04714300
v 0.01974300 0.01809400 -0.04714300
v 0.01974300 0.01869800 -0.04739200
v 0.02175400 0.01869800 -0.04739200
v 0.02175400 0.01818000 -0.04725400
v 0.01974300 0.01818000 -0.04725400
v 0.01974300 0.01855800 -0.04741000
v 0.02175400 0.01855800 -0.04741000
v 0.01974300 0.01829000 -0.04733900
v 0.02175400 0.01829000 -0.04733900
v 0.01974300 0.01841900 -0.04739200
v 0.02175400 0.01841900 -0.04739200
v 0.01974300 -0.01727700 -0.04725400
v 0.02175400 -0.01727700 -0.04725400
v 0.01974300 -0.01719100 -0.04714300
v 0.02175400 -0.01719100 -0.04714300
v 0.01974300 -0.01713700 -0.04701400
v 0.02175400 -0.01713700 -0.04701400
v 0.01974300 -0.01738700 -0.04733900
v 0.02175400 -0.01738700 -0.04733900
v 0.01974300 -0.01711800 -0.04687600
v 0.02175400 -0.01711800 -0.04687600
v 0.01974300 -0.01751500 -0.04739200
v 0.02175400 -0.01751500 -0.04739200
v 0.01974300 -0.01713700 -0.04673700
v 0.02175400 -0.01713700 -0.04673700
v 0.01974300 -0.01765500 -0.04741000
v 0.02175400 -0.01765500 -0.04741000
v 0.01974300 -0.01719100 -0.04660800
v 0.02175400 -0.01719100 -0.04660800
v 0.01974300 -0.01779200 -0.04739200
v 0.02175400 -0.01779200 -0.04739200
v 0.01974300 -0.01727700 -0.04649700
v 0.02175400 -0.01727700 -0.04649700
v 0.01974300 -0.01792100 -0.04733900
v 0.02175400 -0.01792100 -0.04733900
v 0.01974300 -0.01738700 -0.04641200
v 0.02175400 -0.01738700 -0.04641200
v 0.01974300 -0.01803300 -0.04725400
v 0.02175400 -0.01803300 -0.04725400
v 0.01974300 -0.01751500 -0.04635900
v 0.02175400 -0.01751500 -0.04635900
v 0.02175400 -0.01811600 -0.04714300
v 0.01974300 -0.01811600 -0.04714300
v 0.01974300 -0.01765500 -0.04634100
v 0.02175400 -0.01765500 -0.04634100
v 0.02175400 -0.01817000 -0.04701400
v 0.01974300 -0.01817000 -0.04701400
v 0.01974300 -0.01779200 -0.04635900
v 0.02175400 -0.01779200 -0.04635900
v 0.02175400 -0.01818900 -0.04687600
v 0.01974300 -0.01818900 -0.04687600
v 0.01974300 -0.01792100 -0.04641200
v 0.02175400 -0.01792100 -0.04641200
v 0.02175400 -0.01817000 -0.04673700
v 0.01974300 -0.01817000 -0.04673700
v 0.01974300 -0.01803300 -0.04649700
v 0.02175400 -0.01803300 -0.04649700
v 0.02175400 -0.01811600 -0.04660800
v 0.01974300 -0.01811600 -0.04660800
v 0.02175400 -0.05374200 -0.02579500
v 0.02242500 -0.05374200 -0.02579500
v 0.02175400 -0.05367500 -0.02527400
v 0.02242500 -0.05367500 -0.02527400
v 0.02175400 -0.05394300 -0.02628000
v 0.02242500 -0.05394300 -0.02628000
v 0.02175400 -0.05426300 -0.02669700
v 0.02242500 -0.05426300 -0.02669700
v 0.02175400 -0.05468100 -0.02701700
v 0.02242500 -0.05468100 -0.02701700
v 0.02175400 -0.05516400 -0.02721800
v 0.02242500 -0.05516400 -0.02721800
v 0.02175400 -0.05568700 -0.02728600
v 0.02242500 -0.05568700 -0.02728600
v 0.02175400 -0.05620700 -0.02721800
v 0.02242500 -0.05620700 -0.02721800
v 0.02175400 -0.05669300 -0.02701700
v 0.02242500 -0.05669300 -0.02701700
v 0.02175400 -0.05710900 -0.02669700
v 0.02242500 -0.05710900 -0.02669700
v 0.02242500 -0.05742800 -0.02628000
v 0.02175400 -0.05742800 -0.02628000
v 0.02242500 -0.05762900 -0.02579500
v 0.02175400 -0.05762900 -0.02579500
v 0.02242500 -0.05769900 -0.02527400
v 0.02175400 -0.05769900 -0.02527400
v 0.02175400 -0.05710900 -0.02385200
v 0.02175400 -0.05669300 -0.02353200
v 0.02242500 -0.05710900 -0.02385200
v 0.02242500 -0.05669300 -0.02353200
v 0.02175400 -0.05620700 -0.02333100
v 0.02242500 -0.05620700 -0.02333100
v 0.02175400 -0.05568700 -0.02326300
v 0.02242500 -0.05568700 -0.02326300
v 0.02175400 -0.05516400 -0.02333100
v 0.02242500 -0.05516400 -0.02333100
v 0.02175400 -0.05468100 -0.02353200
v 0.02242500 -0.05468100 -0.02353200
v 0.02175400 -0.05426300 -0.02385200
v 0.02242500 -0.05426300 -0.02385200
v 0.02175400 -0.05394300 -0.02426800
v 0.02242500 -0.05394300 -0.02426800
v 0.02175400 -0.05374200 -0.02475400
v 0.02242500 -0.05374200 -0.02475400
v 0.02242500 -0.05762900 -0.02475400
v 0.02175400 -0.05762900 -0.02475400
v 0.02242500 -0.05742800 -0.02426800
v 0.02175400 -0.05742800 -0.02426800
v 0.02175400 -0.05374200 -0.00634700
v 0.02242500 -0.05374200 -0.00634700
v 0.02175400 -0.05367500 -0.00582700
v 0.02242500 -0.05367500 -0.00582700
v 0.02175400 -0.05394300 -0.00683200
v 0.02242500 -0.05394300 -0.00683200
v 0.02175400 -0.05426300 -0.00724900
v 0.02242500 -0.05426300 -0.00724900
v 0.02175400 -0.05468100 -0.00756900
v 0.02242500 -0.05468100 -0.00756900
v 0.02175400 -0.05516400 -0.00777000
v 0.02242500 -0.05516400 -0.00777000
v 0.02175400 -0.05568700 -0.00783800
v 0.02242500 -0.05568700 -0.00783800
v 0.02175400 -0.05620700 -0.00777000
v 0.02242500 -0.05620700 -0.00777000
v 0.02175400 -0.05669300 -0.00756900
v 0.02242500 -0.05669300 -0.00756900
v 0.02175400 -0.05710900 -0.00724900
v 0.02242500 -0.05710900 -0.00724900
v 0.02242500 -0.05742800 -0.00683200
v 0.02175400 -0.05742800 -0.00683200
v 0.02242500 -0.05762900 -0.00530600
v 0.02175400 -0.05762900 -0.00530600
v 0.02242500 -0.05742800 -0.00482100
v 0.02175400 -0.05742800 -0.00482100
v 0.02242500 -0.05710900 -0.00440400
v 0.02175400 -0.05710900 -0.00440400
v 0.02175400 -0.05669300 -0.00408400
v 0.02242500 -0.05669300 -0.00408400
v 0.02175400 -0.05620700 -0.00388300
v 0.02242500 -0.05620700 -0.00388300
v 0.02175400 -0.05568700 -0.00381500
v 0.02242500 -0.05568700 -0.00381500
v 0.02175400 -0.05516400 -0.00388300
v 0.02242500 -0.05516400 -0.00388300
v 0.02175400 -0.05468100 -0.00408400
v 0.02242500 -0.05468100 -0.00408400
v 0.02175400 -0.05426300 -0.00440400
v 0.02242500 -0.05426300 -0.00440400
v 0.02175400 -0.05394300 -0.00482100
v 0.02242500 -0.05394300 -0.00482100
v 0.02175400 -0.05374200 -0.00530600
v 0.02242500 -0.05374200 -0.00530600
v 0.02242500 -0.05762900 -0.00634700
v 0.02175400 -0.05762900 -0.00634700
v 0.02242500 -0.05769900 -0.00582700
v 0.02175400 -0.05769900 -0.00582700
v 0.02175400 -0.01571000 -0.02579500
v 0.02242500 -0.01571000 -0.02579500
v 0.02175400 -0.01564300 -0.02527400
v 0.02242500 -0.01564300 -0.02527400
v 0.02175400 -0.01591100 -0.02628000
v 0.02242500 -0.01591100 -0.02628000
v 0.02175400 -0.01623100 -0.02669700
v 0.02242500 -0.01623100 -0.02669700
v 0.02175400 -0.01664900 -0.02701700
v 0.02242500 -0.01664900 -0.02701700
v 0.02175400 -0.01713500 -0.02721800
v 0.02242500 -0.01713500 -0.02721800
v 0.02175400 -0.01765500 -0.02728600
v 0.02242500 -0.01765500 -0.02728600
v 0.02175400 -0.01817500 -0.02721800
v 0.02242500 -0.01817500 -0.02721800
v 0.02175400 -0.01866100 -0.02701700
v 0.02242500 -0.01866100 -0.02701700
v 0.02242500 -0.01959700 -0.02579500
v 0.02175400 -0.01959700 -0.02579500
v 0.02242500 -0.01966700 -0.02527400
v 0.02175400 -0.01966700 -0.02527400
v 0.02242500 -0.01959700 -0.02475400
v 0.02175400 -0.01959700 -0.02475400
v 0.02242500 -0.01939600 -0.02426800
v 0.02175400 -0.01939600 -0.02426800
v 0.02242500 -0.01907700 -0.02385200
v 0.02175400 -0.01907700 -0.02385200
v 0.02175400 -0.01866100 -0.02353200
v 0.02242500 -0.01866100 -0.02353200
v 0.02175400 -0.01817500 -0.02333100
v 0.02242500 -0.01817500 -0.02333100
v 0.02175400 -0.01765500 -0.02326300
v 0.02242500 -0.01765500 -0.02326300
v 0.02175400 -0.01713500 -0.02333100
v 0.02242500 -0.01713500 -0.02333100
v 0.02175400 -0.01664900 -0.02353200
v 0.02242500 -0.01664900 -0.02353200
v 0.02175400 -0.01623100 -0.02385200
v 0.02242500 -0.01623100 -0.02385200
v 0.02175400 -0.01591100 -0.02426800
v 0.02242500 -0.01591100 -0.02426800
v 0.02175400 -0.01571000 -0.02475400
v 0.02242500 -0.01571000 -0.02475400
v 0.02175400 -0.01907700 -0.02669700
v 0.02242500 -0.01907700 -0.02669700
v 0.02242500 -0.01939600 -0.02628000
v 0.02175400 -0.01939600 -0.02628000
v 0.02175400 0.02050300 -0.04739600
v 0.02242500 0.02050300 -0.04739600
v 0.02175400 0.02057000 -0.04687600
v 0.02242500 0.02057000 -0.04687600
v 0.02175400 0.02030200 -0.04788100
v 0.02242500 0.02030200 -0.04788100
v 0.02175400 0.01907900 -0.04881900
v 0.02175400 0.01855800 -0.04888700
v 0.02242500 0.01907900 -0.04881900
v 0.02242500 0.01855800 -0.04888700
v 0.02175400 0.01803800 -0.04881900
v 0.02242500 0.01803800 -0.04881900
v 0.02175400 0.01755200 -0.04861800
v 0.02242500 0.01755200 -0.04861800
v 0.02175400 0.01713700 -0.04829800
v 0.02242500 0.01713700 -0.04829800
v 0.02242500 0.01681700 -0.04788100
v 0.02175400 0.01681700 -0.04788100
v 0.02242500 0.01661600 -0.04739600
v 0.02175400 0.01661600 -0.04739600
v 0.02242500 0.01654700 -0.04687600
v 0.02175400 0.01654700 -0.04687600
v 0.02242500 0.01661600 -0.04635500
v 0.02175400 0.01661600 -0.04635500
v 0.02242500 0.01681700 -0.04587000
v 0.02175400 0.01681700 -0.04587000
v 0.02242500 0.01713700 -0.04545300
v 0.02175400 0.01713700 -0.04545300
v 0.02175400 0.01755200 -0.04513300
v 0.02242500 0.01755200 -0.04513300
v 0.02175400 0.01803800 -0.04493200
v 0.02242500 0.01803800 -0.04493200
v 0.02175400 0.01855800 -0.04486400
v 0.02242500 0.01855800 -0.04486400
v 0.02175400 0.01907900 -0.04493200
v 0.02242500 0.01907900 -0.04493200
v 0.02175400 0.01956400 -0.04513300
v 0.02242500 0.01956400 -0.04513300
v 0.02175400 0.01998000 -0.04545300
v 0.02242500 0.01998000 -0.04545300
v 0.02175400 0.02030200 -0.04587000
v 0.02242500 0.02030200 -0.04587000
v 0.02175400 0.02050300 -0.04635500
v 0.02242500 0.02050300 -0.04635500
v 0.02175400 0.01998000 -0.04829800
v 0.02242500 0.01998000 -0.04829800
v 0.02175400 0.01956400 -0.04861800
v 0.02242500 0.01956400 -0.04861800
v 0.02175400 -0.05374200 -0.04739600
v 0.02242500 -0.05374200 -0.04739600
v 0.02175400 -0.05367500 -0.04687600
v 0.02242500 -0.05367500 -0.04687600
v 0.02175400 -0.05394300 -0.04788100
v 0.02242500 -0.05394300 -0.04788100
v 0.02175400 -0.05426300 -0.04829800
v 0.02242500 -0.05426300 -0.04829800
v 0.02175400 -0.05468100 -0.04861800
v 0.02242500 -0.05468100 -0.04861800
v 0.02175400 -0.05516400 -0.04881900
v 0.02242500 -0.05516400 -0.04881900
v 0.02175400 -0.05568700 -0.04888700
v 0.02242500 -0.05568700 -0.04888700
v 0.02175400 -0.05620700 -0.04881900
v 0.02242500 -0.05620700 -0.04881900
v 0.02175400 -0.05669300 -0.04861800
v 0.02242500 -0.05669300 -0.04861800
v 0.02175400 -0.05710900 -0.04829800
v 0.02242500 -0.05710900 -0.04829800
v 0.02242500 -0.05742800 -0.04788100
v 0.02175400 -0.05742800 -0.04788100
v 0.02242500 -0.05762900 -0.04739600
v 0.02175400 -0.05762900 -0.04739600
v 0.02242500 -0.05769900 -0.04687600
v 0.02175400 -0.05769900 -0.04687600
v 0.02242500 -0.05762900 -0.04635500
v 0.02175400 -0.05762900 -0.04635500
v 0.02175400 -0.05669300 -0.04513300
v 0.02175400 -0.05620700 -0.04493200
v 0.02242500 -0.05669300 -0.04513300
v 0.02242500 -0.05620700 -0.04493200
v 0.02175400 -0.05568700 -0.04486400
v 0.02242500 -0.05568700 -0.04486400
v 0.02175400 -0.05516400 -0.04493200
v 0.02242500 -0.05516400 -0.04493200
v 0.02175400 -0.05468100 -0.04513300
v 0.02242500 -0.05468100 -0.04513300
v 0.02175400 -0.05426300 -0.04545300
v 0.02242500 -0.05426300 -0.04545300
v 0.02175400 -0.05394300 -0.04587000
v 0.02242500 -0.05394300 -0.04587000
v 0.02175400 -0.05374200 -0.04635500
v 0.02242500 -0.05374200 -0.04635500
v 0.02242500 -0.05742800 -0.04587000
v 0.02175400 -0.05742800 -0.04587000
v 0.02175400 -0.05710900 -0.04545300
v 0.02242500 -0.05710900 -0.04545300
v 0.02175400 0.05605400 -0.04687600
v 0.01974300 0.05605400 -0.04687600
v 0.02175400 0.05607300 -0.04673700
v 0.01974300 0.05607300 -0.04673700
v 0.02175400 0.05607300 -0.04701400
v 0.01974300 0.05607300 -0.04701400
v 0.02175400 0.05612600 -0.04660800
v 0.01974300 0.05612600 -0.04660800
v 0.02175400 0.05612600 -0.04714300
v 0.01974300 0.05612600 -0.04714300
v 0.02175400 0.05621200 -0.04649700
v 0.01974300 0.05621200 -0.04649700
v 0.02175400 0.05621200 -0.04725400
v 0.01974300 0.05621200 -0.04725400
v 0.01974300 0.05632200 -0.04641200
v 0.02175400 0.05632200 -0.04641200
v 0.01974300 0.05632200 -0.04733900
v 0.02175400 0.05632200 -0.04733900
v 0.01974300 0.05645100 -0.04635900
v 0.02175400 0.05645100 -0.04635900
v 0.01974300 0.05645100 -0.04739200
v 0.02175400 0.05645100 -0.04739200
v 0.01974300 0.05659100 -0.04634100
v 0.02175400 0.05659100 -0.04634100
v 0.01974300 0.05659100 -0.04741000
v 0.02175400 0.05659100 -0.04741000
v 0.01974300 0.05672700 -0.04635900
v 0.02175400 0.05672700 -0.04635900
v 0.01974300 0.05672700 -0.04739200
v 0.02175400 0.05672700 -0.04739200
v 0.01974300 0.05685600 -0.04641200
v 0.02175400 0.05685600 -0.04641200
v 0.01974300 0.05685600 -0.04733900
v 0.02175400 0.05685600 -0.04733900
v 0.01974300 0.05696900 -0.04649700
v 0.02175400 0.05696900 -0.04649700
v 0.01974300 0.05696900 -0.04725400
v 0.02175400 0.05696900 -0.04725400
v 0.01974300 0.05705200 -0.04660800
v 0.02175400 0.05705200 -0.04660800
v 0.01974300 0.05705200 -0.04714300
v 0.02175400 0.05705200 -0.04714300
v 0.01974300 0.05710600 -0.04673700
v 0.02175400 0.05710600 -0.04673700
v 0.01974300 0.05710600 -0.04701400
v 0.02175400 0.05710600 -0.04701400
v 0.01974300 0.05712400 -0.04687600
v 0.02175400 0.05712400 -0.04687600
v 0.02175400 0.05853300 -0.04739600
v 0.02242500 0.05853300 -0.04739600
v 0.02175400 0.05860200 -0.04687600
v 0.02242500 0.05860200 -0.04687600
v 0.02175400 0.05833100 -0.04788100
v 0.02242500 0.05833100 -0.04788100
v 0.02175400 0.05801200 -0.04829800
v 0.02242500 0.05801200 -0.04829800
v 0.02175400 0.05759600 -0.04861800
v 0.02242500 0.05759600 -0.04861800
v 0.02175400 0.05711100 -0.04881900
v 0.02242500 0.05711100 -0.04881900
v 0.02175400 0.05659100 -0.04888700
v 0.02242500 0.05659100 -0.04888700
v 0.02175400 0.05607000 -0.04881900
v 0.02242500 0.05607000 -0.04881900
v 0.02175400 0.05558500 -0.04861800
v 0.02242500 0.05558500 -0.04861800
v 0.02175400 0.05516600 -0.04829800
v 0.02242500 0.05516600 -0.04829800
v 0.02242500 0.05484700 -0.04788100
v 0.02175400 0.05484700 -0.04788100
v 0.02242500 0.05464600 -0.04739600
v 0.02175400 0.05464600 -0.04739600
v 0.02242500 0.05457900 -0.04687600
v 0.02175400 0.05457900 -0.04687600
v 0.02242500 0.05464600 -0.04635500
v 0.02175400 0.05464600 -0.04635500
v 0.02175400 0.05558500 -0.04513300
v 0.02175400 0.05607000 -0.04493200
v 0.02242500 0.05558500 -0.04513300
v 0.02242500 0.05607000 -0.04493200
v 0.02175400 0.05659100 -0.04486400
v 0.02242500 0.05659100 -0.04486400
v 0.02175400 0.05711100 -0.04493200
v 0.02242500 0.05711100 -0.04493200
v 0.02175400 0.05759600 -0.04513300
v 0.02242500 0.05759600 -0.04513300
v 0.02175400 0.05801200 -0.04545300
v 0.02242500 0.05801200 -0.04545300
v 0.02175400 0.05833100 -0.04587000
v 0.02242500 0.05833100 -0.04587000
v 0.02175400 0.05853300 -0.04635500
v 0.02242500 0.05853300 -0.04635500
v 0.02242500 0.05484700 -0.04587000
v 0.02175400 0.05484700 -0.04587000
v 0.02175400 0.05516600 -0.04545300
v 0.02242500 0.05516600 -0.04545300
v 0.02175400 -0.01623100 -0.04829800
v 0.02175400 -0.01664900 -0.04861800
v 0.02242500 -0.01623100 -0.04829800
v 0.02242500 -0.01664900 -0.04861800
v 0.02175400 -0.01713500 -0.04881900
v 0.02242500 -0.01713500 -0.04881900
v 0.02175400 -0.01765500 -0.04888700
v 0.02242500 -0.01765500 -0.04888700
v 0.02175400 -0.01817500 -0.04881900
v 0.02242500 -0.01817500 -0.04881900
v 0.02175400 -0.01866100 -0.04861800
v 0.02242500 -0.01866100 -0.04861800
v 0.02175400 -0.01907700 -0.04829800
v 0.02242500 -0.01907700 -0.04829800
v 0.02242500 -0.01939600 -0.04788100
v 0.02175400 -0.01939600 -0.04788100
v 0.02242500 -0.01959700 -0.04739600
v 0.02175400 -0.01959700 -0.04739600
v 0.02242500 -0.01966700 -0.04687600
v 0.02175400 -0.01966700 -0.04687600
v 0.02242500 -0.01959700 -0.04635500
v 0.02175400 -0.01959700 -0.04635500
v 0.02242500 -0.01939600 -0.04587000
v 0.02175400 -0.01939600 -0.04587000
v 0.02242500 -0.01907700 -0.04545300
v 0.02175400 -0.01907700 -0.04545300
v 0.02175400 -0.01866100 -0.04513300
v 0.02242500 -0.01866100 -0.04513300
v 0.02175400 -0.01817500 -0.04493200
v 0.02242500 -0.01817500 -0.04493200
v 0.02175400 -0.01765500 -0.04486400
v 0.02242500 -0.01765500 -0.04486400
v 0.02175400 -0.01713500 -0.04493200
v 0.02242500 -0.01713500 -0.04493200
v 0.02175400 -0.01664900 -0.04513300
v 0.02242500 -0.01664900 -0.04513300
v 0.02175400 -0.01623100 -0.04545300
v 0.02242500 -0.01623100 -0.04545300
v 0.02175400 -0.01591100 -0.04587000
v 0.02242500 -0.01591100 -0.04587000
v 0.02175400 -0.01571000 -0.04635500
v 0.02242500 -0.01571000 -0.04635500
v 0.02175400 -0.01564300 -0.04687600
v 0.02242500 -0.01564300 -0.04687600
v 0.02175400 -0.01571000 -0.04739600
v 0.02242500 -0.01571000 -0.04739600
v 0.02175400 -0.01591100 -0.04788100
v 0.02242500 -0.01591100 -0.04788100
v 0.02175400 0.05853300 -0.00634700
v 0.02242500 0.05853300 -0.00634700
v 0.02175400 0.05860200 -0.00582700
v 0.02242500 0.05860200 -0.00582700
v 0.02175400 0.05833100 -0.00683200
v 0.02242500 0.05833100 -0.00683200
v 0.02175400 0.05801200 -0.00724900
v 0.02242500 0.05801200 -0.00724900
v 0.02175400 0.05759600 -0.00756900
v 0.02242500 0.05759600 -0.00756900
v 0.02175400 0.05711100 -0.00777000
v 0.02242500 0.05711100 -0.00777000
v 0.02175400 0.05659100 -0.00783800
v 0.02242500 0.05659100 -0.00783800
v 0.02175400 0.05607000 -0.00777000
v 0.02242500 0.05607000 -0.00777000
v 0.02175400 0.05558500 -0.00756900
v 0.02242500 0.05558500 -0.00756900
v 0.02175400 0.05516600 -0.00724900
v 0.02242500 0.05516600 -0.00724900
v 0.02242500 0.05484700 -0.00683200
v 0.02175400 0.05484700 -0.00683200
v 0.02242500 0.05464600 -0.00634700
v 0.02175400 0.05464600 -0.00634700
v 0.02242500 0.05457900 -0.00582700
v 0.02175400 0.05457900 -0.00582700
v 0.02242500 0.05464600 -0.00530600
v 0.02175400 0.05464600 -0.00530600
v 0.02175400 0.05558500 -0.00408400
v 0.02175400 0.05607000 -0.00388300
v 0.02242500 0.05558500 -0.00408400
v 0.02242500 0.05607000 -0.00388300
v 0.02175400 0.05659100 -0.00381500
v 0.02242500 0.05659100 -0.00381500
v 0.02175400 0.05711100 -0.00388300
v 0.02242500 0.05711100 -0.00388300
v 0.02175400 0.05759600 -0.00408400
v 0.02242500 0.05759600 -0.00408400
v 0.02175400 0.05801200 -0.00440400
v 0.02242500 0.05801200 -0.00440400
v 0.02175400 0.05833100 -0.00482100
v 0.02242500 0.05833100 -0.00482100
v 0.02175400 0.05853300 -0.00530600
v 0.02242500 0.05853300 -0.00530600
v 0.02242500 0.05484700 -0.00482100
v 0.02175400 0.05484700 -0.00482100
v 0.02175400 0.05516600 -0.00440400
v 0.02242500 0.05516600 -0.00440400
v 0.02175400 0.05605400 -0.00582700
v 0.01974300 0.05605400 -0.00582700
v 0.02175400 0.05607300 -0.00568800
v 0.01974300 0.05607300 -0.00568800
v 0.02175400 0.05607300 -0.00596500
v 0.01974300 0.05607300 -0.00596500
v 0.02175400 0.05612600 -0.00555900
v 0.01974300 0.05612600 -0.00555900
v 0.02175400 0.05612600 -0.00609400
v 0.01974300 0.05612600 -0.00609400
v 0.02175400 0.05621200 -0.00544800
v 0.01974300 0.05621200 -0.00544800
v 0.02175400 0.05621200 -0.00620500
v 0.01974300 0.05621200 -0.00620500
v 0.01974300 0.05632200 -0.00536300
v 0.02175400 0.05632200 -0.00536300
v 0.01974300 0.05632200 -0.00629000
v 0.02175400 0.05632200 -0.00629000
v 0.01974300 0.05645100 -0.00531000
v 0.02175400 0.05645100 -0.00531000
v 0.01974300 0.05645100 -0.00634300
v 0.02175400 0.05645100 -0.00634300
v 0.01974300 0.05659100 -0.00529200
v 0.02175400 0.05659100 -0.00529200
v 0.01974300 0.05659100 -0.00636200
v 0.02175400 0.05659100 -0.00636200
v 0.01974300 0.05672700 -0.00531000
v 0.02175400 0.05672700 -0.00531000
v 0.01974300 0.05672700 -0.00634300
v 0.02175400 0.05672700 -0.00634300
v 0.01974300 0.05685600 -0.00536300
v 0.02175400 0.05685600 -0.00536300
v 0.01974300 0.05685600 -0.00629000
v 0.02175400 0.05685600 -0.00629000
v 0.01974300 0.05696900 -0.00544800
v 0.02175400 0.05696900 -0.00544800
v 0.01974300 0.05696900 -0.00620500
v 0.02175400 0.05696900 -0.00620500
v 0.01974300 0.05705200 -0.00555900
v 0.02175400 0.05705200 -0.00555900
v 0.01974300 0.05705200 -0.00609400
v 0.02175400 0.05705200 -0.00609400
v 0.01974300 0.05710600 -0.00568800
v 0.02175400 0.05710600 -0.00568800
v 0.01974300 0.05710600 -0.00596500
v 0.02175400 0.05710600 -0.00596500
v 0.01974300 0.05712400 -0.00582700
v 0.02175400 0.05712400 -0.00582700
v 0.02175400 0.02050300 -0.00634700
v 0.02242500 0.02050300 -0.00634700
v 0.02175400 0.02057000 -0.00582700
v 0.02242500 0.02057000 -0.00582700
v 0.02175400 0.02030200 -0.00683200
v 0.02242500 0.02030200 -0.00683200
v 0.02175400 0.01998000 -0.00724900
v 0.02242500 0.01998000 -0.00724900
v 0.02175400 0.01956400 -0.00756900
v 0.02242500 0.01956400 -0.00756900
v 0.02175400 0.01907900 -0.00777000
v 0.02242500 0.01907900 -0.00777000
v 0.02175400 0.01855800 -0.00783800
v 0.02242500 0.01855800 -0.00783800
v 0.02175400 0.01803800 -0.00777000
v 0.02242500 0.01803800 -0.00777000
v 0.02175400 0.01755200 -0.00756900
v 0.02242500 0.01755200 -0.00756900
v 0.02175400 0.01713700 -0.00724900
v 0.02242500 0.01713700 -0.00724900
v 0.02242500 0.01681700 -0.00683200
v 0.02175400 0.01681700 -0.00683200
v 0.02242500 0.01661600 -0.00634700
v 0.02175400 0.01661600 -0.00634700
v 0.02242500 0.01654700 -0.00582700
v 0.02175400 0.01654700 -0.00582700
v 0.02242500 0.01661600 -0.00530600
v 0.02175400 0.01661600 -0.00530600
v 0.02175400 0.01755200 -0.00408400
v 0.02175400 0.01803800 -0.00388300
v 0.02242500 0.01755200 -0.00408400
v 0.02242500 0.01803800 -0.00388300
v 0.02175400 0.01855800 -0.00381500
v 0.02242500 0.01855800 -0.00381500
v 0.02175400 0.01907900 -0.00388300
v 0.02242500 0.01907900 -0.00388300
v 0.02175400 0.01956400 -0.00408400
v 0.02242500 0.01956400 -0.00408400
v 0.02175400 0.01998000 -0.00440400
v 0.02242500 0.01998000 -0.00440400
v 0.02175400 0.02030200 -0.00482100
v 0.02242500 0.02030200 -0.00482100
v 0.02175400 0.02050300 -0.00530600
v 0.02242500 0.02050300 -0.00530600
v 0.02242500 0.01681700 -0.00482100
v 0.02175400 0.01681700 -0.00482100
v 0.02175400 0.01713700 -0.00440400
v 0.02242500 0.01713700 -0.00440400
v 0.02175400 0.01802500 -0.00582700
v 0.01974300 0.01802500 -0.00582700
v 0.02175400 0.01804100 -0.00568800
v 0.01974300 0.01804100 -0.00568800
v 0.02175400 0.01804100 -0.00596500
v 0.01974300 0.01804100 -0.00596500
v 0.02175400 0.01809400 -0.00555900
v 0.01974300 0.01809400 -0.00555900
v 0.02175400 0.01809400 -0.00609400
v 0.01974300 0.01809400 -0.00609400
v 0.02175400 0.01818000 -0.00544800
v 0.01974300 0.01818000 -0.00544800
v 0.02175400 0.01818000 -0.00620500
v 0.01974300 0.01818000 -0.00620500
v 0.01974300 0.01829000 -0.00536300
v 0.02175400 0.01829000 -0.00536300
v 0.01974300 0.01829000 -0.00629000
v 0.02175400 0.01829000 -0.00629000
v 0.01974300 0.01841900 -0.00531000
v 0.02175400 0.01841900 -0.00531000
v 0.01974300 0.01841900 -0.00634300
v 0.02175400 0.01841900 -0.00634300
v 0.01974300 0.01855800 -0.00529200
v 0.02175400 0.01855800 -0.00529200
v 0.01974300 0.01855800 -0.00636200
v 0.02175400 0.01855800 -0.00636200
v 0.01974300 0.01869800 -0.00531000
v 0.02175400 0.01869800 -0.00531000
v 0.01974300 0.01869800 -0.00634300
v 0.02175400 0.01869800 -0.00634300
v 0.01974300 0.01882700 -0.00536300
v 0.02175400 0.01882700 -0.00536300
v 0.01974300 0.01882700 -0.00629000
v 0.02175400 0.01882700 -0.00629000
v 0.01974300 0.01893700 -0.00544800
v 0.02175400 0.01893700 -0.00544800
v 0.01974300 0.01893700 -0.00620500
v 0.02175400 0.01893700 -0.00620500
v 0.01974300 0.01902200 -0.00555900
v 0.02175400 0.01902200 -0.00555900
v 0.01974300 0.01902200 -0.00609400
v 0.02175400 0.01902200 -0.00609400
v 0.01974300 0.01907600 -0.00568800
v 0.02175400 0.01907600 -0.00568800
v 0.01974300 0.01907600 -0.00596500
v 0.02175400 0.01907600 -0.00596500
v 0.01974300 0.01909500 -0.00582700
v 0.02175400 0.01909500 -0.00582700
v 0.01974300 0.01869800 -0.02475800
v 0.01974300 0.01882700 -0.02481100
v 0.02175400 0.01869800 -0.02475800
v 0.02175400 0.01882700 -0.02481100
v 0.01974300 0.01855800 -0.02473900
v 0.02175400 0.01855800 -0.02473900
v 0.01974300 0.01893700 -0.02489600
v 0.02175400 0.01893700 -0.02489600
v 0.01974300 0.01841900 -0.02475800
v 0.02175400 0.01841900 -0.02475800
v 0.01974300 0.01902200 -0.02500700
v 0.02175400 0.01902200 -0.02500700
v 0.01974300 0.01829000 -0.02481100
v 0.02175400 0.01829000 -0.02481100
v 0.01974300 0.01907600 -0.02513600
v 0.02175400 0.01907600 -0.02513600
v 0.01974300 0.01818000 -0.02489600
v 0.02175400 0.01818000 -0.02489600
v 0.01974300 0.01909500 -0.02527400
v 0.02175400 0.01909500 -0.02527400
v 0.02175400 0.01809400 -0.02500700
v 0.01974300 0.01809400 -0.02500700
v 0.01974300 0.01907600 -0.02541300
v 0.02175400 0.01907600 -0.02541300
v 0.02175400 0.01804100 -0.02513600
v 0.01974300 0.01804100 -0.02513600
v 0.01974300 0.01902200 -0.02554200
v 0.02175400 0.01902200 -0.02554200
v 0.02175400 0.01802500 -0.02527400
v 0.01974300 0.01802500 -0.02527400
v 0.01974300 0.01893700 -0.02565300
v 0.02175400 0.01893700 -0.02565300
v 0.02175400 0.01804100 -0.02541300
v 0.01974300 0.01804100 -0.02541300
v 0.01974300 0.01882700 -0.02573800
v 0.02175400 0.01882700 -0.02573800
v 0.02175400 0.01809400 -0.02554200
v 0.01974300 0.01809400 -0.02554200
v 0.01974300 0.01869800 -0.02579100
v 0.02175400 0.01869800 -0.02579100
v 0.02175400 0.01818000 -0.02565300
v 0.01974300 0.01818000 -0.02565300
v 0.01974300 0.01855800 -0.02581000
v 0.02175400 0.01855800 -0.02581000
v 0.01974300 0.01829000 -0.02573800
v 0.02175400 0.01829000 -0.02573800
v 0.01974300 0.01841900 -0.02579100
v 0.02175400 0.01841900 -0.02579100
v 0.02175400 0.02050300 -0.02579500
v 0.02242500 0.02050300 -0.02579500
v 0.02175400 0.02057000 -0.02527400
v 0.02242500 0.02057000 -0.02527400
v 0.02175400 0.02030200 -0.02628000
v 0.02242500 0.02030200 -0.02628000
v 0.02175400 0.01907900 -0.02721800
v 0.02175400 0.01855800 -0.02728600
v 0.02242500 0.01907900 -0.02721800
v 0.02242500 0.01855800 -0.02728600
v 0.02175400 0.01803800 -0.02721800
v 0.02242500 0.01803800 -0.02721800
v 0.02175400 0.01755200 -0.02701700
v 0.02242500 0.01755200 -0.02701700
v 0.02175400 0.01713700 -0.02669700
v 0.02242500 0.01713700 -0.02669700
v 0.02242500 0.01681700 -0.02628000
v 0.02175400 0.01681700 -0.02628000
v 0.02242500 0.01661600 -0.02579500
v 0.02175400 0.01661600 -0.02579500
v 0.02242500 0.01654700 -0.02527400
v 0.02175400 0.01654700 -0.02527400
v 0.02242500 0.01661600 -0.02475400
v 0.02175400 0.01661600 -0.02475400
v 0.02242500 0.01681700 -0.02426800
v 0.02175400 0.01681700 -0.02426800
v 0.02242500 0.01713700 -0.02385200
v 0.02175400 0.01713700 -0.02385200
v 0.02175400 0.01755200 -0.02353200
v 0.02242500 0.01755200 -0.02353200
v 0.02175400 0.01803800 -0.02333100
v 0.02242500 0.01803800 -0.02333100
v 0.02175400 0.01855800 -0.02326300
v 0.02242500 0.01855800 -0.02326300
v 0.02175400 0.01907900 -0.02333100
v 0.02242500 0.01907900 -0.02333100
v 0.02175400 0.01956400 -0.02353200
v 0.02242500 0.01956400 -0.02353200
v 0.02175400 0.01998000 -0.02385200
v 0.02242500 0.01998000 -0.02385200
v 0.02175400 0.02030200 -0.02426800
v 0.02242500 0.02030200 -0.02426800
v 0.02175400 0.02050300 -0.02475400
v 0.02242500 0.02050300 -0.02475400
v 0.02175400 0.01998000 -0.02669700
v 0.02242500 0.01998000 -0.02669700
v 0.02175400 0.01956400 -0.02701700
v 0.02242500 0.01956400 -0.02701700
vn 0.00000000 -0.00000000 -0.00000000
vn -0.00000000 0.00000000 -0.00000000
vn -0.00000000 0.00000000 0.00000000
vn 0.00000000 0.00000000 0.00000000
vn 0.00000000 0.00000000 0.00000000
vn -0.00000000 -0.00000000 -0.00000000
vn -0.00000000 0.00000000 0.00000000
vn 0.00000000 -0.00000000 -0.00000000
vn 0.00000000 0.00000000 0.00000000
vn 0.00000000 -0.00000000 -0.00000000
vn -0.00000000 0.00000000 -0.00000000
vn 0.00000000 0.00000000 0.00000000
vn 0.00000000 -0.00000000 0.00000000
vn -0.00000000 -0.00000000 -0.00000000
vn 0.00000000 0.00000000 0.00000000
vn -0.00000000 -0.00000000 -0.00000000
vn -0.00000000 -0.00000000 0.00000000
vn 0.00000000 0.00000000 -0.00000000
vn 0.00000000 0.00000000 0.00000000
vn 0.00000000 -0.00000000 0.00000000
vn -0.00000000 -0.00000000 0.00000000
vn -0.00000000 0.00000000 -0.00000000
vn 0.00000000 -0.00000000 0.00000000
vn -0.00000000 0.00000000 -0.00000000
vn 0.00000000 0.00000000 0.00000000
vn -0.00000000 -0.00000000 0.00000000
vn 0.00000000 0.00000000 -0.00000000
vn -0.00000000 -0.00000000 -0.00000000
vn -0.00000000 0.00000000 0.00000000
vn 0.00000000 0.00000000 0.00000000
vn -0.00000000 0.00000000 0.00000000
vn 0.00000000 0.00000000 -0.00000000
vn 0.00000000 -0.00000000 0.00000000
vn -0.00000000 0.00000000 0.00000000
vn -0.00000000 -0.00000000 -0.00000000
vn 0.00000000 -0.00000000 -0.00000000
vn -0.00000000 -0.00000000 -0.00000000
vn -0.00000000 -0.00000000 -0.00000000
vn 0.00000000 -0.00000000 -0.00000000
vn 0.00000000 0.00000000 -0.00000000
vn -0.00000000 -0.00000000 -0.00000000
vn 0.99999872 -0.00034142 -0.00156075
vn 0.00000000 -0.00000000 -0.00000000
vn -0.99999943 -0.00059102 0.00088652
vn -0.00000000 0.00000000 0.00000000
vn 0.00000000 0.00000000 -0.00000000
vn 0.00000000 -0.00000000 0.00000000
vn 0.00000000 -0.00000000 0.00000000
vn 0.00000000 -0.00000000 0.00000000
vn -0.00000000 0.00000000 -0.00000000
vn 0.00000000 -0.00000000 0.00000000
vn -0.00000000 0.00000000 -0.00000000
vn 0.00000000 -0.00000000 0.00000000
vn 0.99999784 0.00019390 -0.00206825
vn -0.99999947 0.00068541 0.00076511
vn -0.00000000 -0.00000000 -0.00000000
vn 0.00000000 -0.00000000 -0.00000000
vn 0.00000000 0.00000000 0.00000000
vn -0.99998019 0.00475025 0.00413066
vn 0.00000000 0.00000000 0.00000000
vn -0.00000000 -0.00000000 -0.00000000
vn 0.99999998 0.00020921 0.00000000
vn -0.00000000 -0.00000000 -0.00000000
vn 0.00000000 0.00000000 0.00000000
vn -0.00000000 0.00000000 -0.00000000
vn -0.00000000 -0.00000000 0.00000000
vn 0.00000000 -0.00000000 0.00000000
vn -0.99999779 -0.00044915 -0.00205325
vn -0.00000000 -0.00000000 0.00000000
vn -0.00000000 0.00000000 0.00000000
vn 0.99999974 0.00050916 0.00050916
vn 0.00000000 0.00000000 -0.00000000
vn -0.00000000 0.00000000 -0.00000000
vn -0.00000000 0.00000000 -0.00000000
vn -0.00000000 0.00000000 0.00000000
vn 0.00000000 0.00000000 -0.00000000
vn 0.00000000 0.00000000 -0.00000000
vn -0.00000000 0.00000000 -0.00000000
vn -0.00000000 0.00000000 -0.00000000
vn -0.00000000 0.00000000 0.00000000
vn 0.00000000 0.00000000 0.00000000
vn 0.00000000 -0.00000000 0.00000000
vn 0.00000000 0.00000000 -0.00000000
vn 0.00000000 0.00000000 -0.00000000
vn 0.00000000 -0.00000000 0.00000000
vn -0.00000000 0.00000000 -0.00000000
vn 0.00000000 -0.00000000 -0.00000000
vn -0.00000000 0.00000000 -0.00000000
vn -0.00000000 -0.00000000 0.00000000
vn 0.00000000 0.00000000 -0.00000000
vn -0.00000000 -0.00000000 0.00000000
vn 0.00000000 0.00000000 0.00000000
vn 0.00000000 0.00000000 -0.00000000
vn -0.00000000 0.00000000 -0.00000000
vn -0.00000000 -0.00000000 0.00000000
vn -0.00000000 -0.00000000 -0.00000000
vn -0.00000000 -0.00000000 -0.00000000
vn 0.00000000 -0.00000000 0.00000000
vn 0.00000000 0.00000000 0.00000000
vn -0.00000000 0.00000000 -0.00000000
vn -0.00000000 -0.00000000 -0.00000000
vn 0.00000000 -0.00000000 -0.00000000
vn 0.00000000 0.00000000 -0.00000000
vn -0.00000000 0.00000000 -0.00000000
vn -0.00000000 -0.00000000 -0.00000000
vn -0.00000000 0.00000000 0.00000000
vn 0.00000000 -0.00000000 0.00000000
vn 0.00000000 -0.00000000 0.00000000
vn -0.00000000 0.00000000 0.00000000
vn 0.00000000 -0.00000000 0.00000000
vn -0.00000000 0.00000000 0.00000000
vn 0.00000000 -0.00000000 -0.00000000
vn -0.00000000 0.00000000 0.00000000
vn -0.00000000 0.00000000 0.00000000
vn 0.00000000 0.00000000 -0.00000000
vn 0.00000000 0.00000000 -0.00000000
vn -0.00000000 0.00000000 0.00000000
vn -0.00000000 -0.00000000 0.00000000
vn 0.00000000 -0.00000000 -0.00000000
vn -0.00000000 0.00000000 -0.00000000
vn 0.00000000 -0.00000000 0.00000000
vn -0.00000000 -0.00000000 0.00000000
vn 0.00000000 -0.00000000 -0.00000000
vn 0.00000000 0.00000000 0.00000000
vn 0.00000000 -0.00000000 -0.00000000
vn -0.00000000 -0.00000000 -0.00000000
vn 0.00000000 0.00000000 0.00000000
vn 0.00000000 0.00000000 0.00000000
vn -0.00000000 -0.00000000 -0.00000000
vn -0.00000000 -0.00000000 0.00000000
vn 0.00000000 0.00000000 0.00000000
vn -0.00000000 -0.00000000 0.00000000
vn 0.00000000 -0.00000000 -0.00000000
vn 0.00000000 0.00000000 0.00000000
vn -0.00000000 -0.00000000 -0.00000000
vn 0.00000000 0.00000000 0.00000000
vn -0.00000000 -0.00000000 -0.00000000
vn -0.00000000 0.00000000 -0.00000000
vn 0.00000000 -0.00000000 -0.00000000
vn -0.00000000 -0.00000000 0.00000000
vn 0.00000000 0.00000000 0.00000000
vn 0.00000000 -0.00000000 0.00000000
vn -0.00000000 -0.00000000 -0.00000000
vn -0.00000000 0.00000000 0.00000000
vn -0.00000000 0.00000000 0.00000000
vn -0.00000000 -0.00000000 0.00000000
vn 0.00000000 -0.00000000 -0.00000000
vn -0.00000000 0.00000000 -0.00000000
vn 0.00000000 -0.00000000 0.00000000
vn 0.00000000 0.00000000 0.00000000
vn -0.00000000 0.00000000 0.00000000
vn -0.00000000 0.00000000 0.00000000
vn 0.00000000 0.00000000 -0.00000000
vn 0.00000000 -0.00000000 -0.00000000
vn -0.00000000 -0.00000000 0.00000000
vn -0.00000000 0.00000000 0.00000000
vn 0.00000000 0.00000000 -0.00000000
vn 0.00000000 0.00000000 0.00000000
vn -0.00000000 0.00000000 0.00000000
vn 0.00000000 -0.00000000 -0.00000000
vn -0.00000000 -0.00000000 0.00000000
vn -0.00000000 0.00000000 0.00000000
vn 0.00000000 0.00000000 -0.00000000
vn -0.00000000 -0.00000000 0.00000000
vn 0.00000000 -0.00000000 0.00000000
vn 0.00000000 0.00000000 -0.00000000
vn -0.00000000 0.00000000 0.00000000
vn 0.00000000 -0.00000000 0.00000000
vn -0.00000000 0.00000000 0.00000000
vn -0.00000000 0.00000000 0.00000000
vn 0.00000000 -0.00000000 -0.00000000
vn -0.00000000 0.00000000 -0.00000000
vn 0.00000000 0.00000000 -0.00000000
vn 0.00000000 -0.00000000 -0.00000000
vn -0.00000000 -0.00000000 0.00000000
vn -0.00000000 0.00000000 0.00000000
vn 0.00000000 0.00000000 -0.00000000
vn -0.00000000 -0.00000000 -0.00000000
vn -0.00000000 0.00000000 0.00000000
vn -0.00000000 0.00000000 -0.00000000
vn 0.00000000 -0.00000000 0.00000000
vn 0.00000000 -0.00000000 0.00000000
vn -0.00000000 0.00000000 0.00000000
vn 0.00000000 0.00000000 0.00000000
vn -0.00000000 0.00000000 -0.00000000
vn -0.00000000 0.00000000 0.00000000
vn 0.00000000 0.00000000 0.00000000
vn -0.00000000 -0.00000000 0.00000000
vn 0.00000000 -0.00000000 -0.00000000
vn 0.00000000 0.00000000 0.00000000
vn 0.00000000 -0.00000000 -0.00000000
vn 0.00000000 0.00000000 -0.00000000
vn 0.00000000 0.00000000 0.00000000
vn 0.00000000 0.00000000 0.00000000
vn -0.00000000 -0.00000000 0.00000000
vn -0.00000000 0.00000000 0.00000000
vn 0.00000000 0.00000000 -0.00000000
vn -0.00000000 -0.00000000 -0.00000000
vn -0.00000000 0.00000000 0.00000000
vn -0.00000000 -0.00000000 -0.00000000
vn 0.00000000 0.00000000 -0.00000000
vn -0.00000000 -0.00000000 -0.00000000
vn 0.00000000 0.00000000 0.00000000
vn -0.00000000 -0.00000000 0.00000000
vn 0.00000000 -0.00000000 0.00000000
vn 0.00000000 0.00000000 0.00000000
vn -0.00000000 0.00000000 0.00000000
vn 0.00000000 -0.00000000 -0.00000000
vn 0.00000000 0.00000000 0.00000000
vn -0.00000000 0.00000000 -0.00000000
vn -0.00000000 -0.00000000 -0.00000000
vn 0.00000000 0.00000000 0.00000000
vn -0.00000000 0.00000000 -0.00000000
vn -0.00000000 -0.00000000 0.00000000
vn -0.00000000 -0.00000000 0.00000000
vn 0.00000000 0.00000000 0.00000000
vn 0.00000000 0.00000000 0.00000000
vn 0.00000000 -0.00000000 -0.00000000
vn 0.00000000 0.00000000 -0.00000000
vn -0.00000000 -0.00000000 0.00000000
vn 0.00000000 0.00000000 -0.00000000
vn 0.00000000 0.00000000 0.00000000
vn 0.00000000 0.00000000 -0.00000000
vn -0.00000000 -0.00000000 -0.00000000
vn -0.00000000 -0.00000000 -0.00000000
vn 0.00000000 0.00000000 0.00000000
vn 0.00000000 0.00000000 0.00000000
vn 0.00000000 0.00000000 0.00000000
vn -0.00000000 0.00000000 -0.00000000
vn 0.00000000 -0.00000000 0.00000000
vn 0.00000000 -0.00000000 -0.00000000
vn 0.00000000 0.00000000 -0.00000000
vn -0.00000000 -0.00000000 0.00000000
vn 0.00000000 -0.00000000 0.00000000
vn 0.00000000 -0.00000000 -0.00000000
vn -0.00000000 -0.00000000 0.00000000
vn -0.00000000 0.00000000 0.00000000
vn 0.00000000 -0.00000000 -0.00000000
vn 0.00000000 -0.00000000 -0.00000000
vn -0.00000000 0.00000000 -0.00000000
vn 0.00000000 0.00000000 -0.00000000
vn -0.00000000 -0.00000000 -0.00000000
vn 0.00000000 0.00000000 -0.00000000
vn 0.00000000 -0.00000000 -0.00000000
vn -0.00000000 0.00000000 0.00000000
vn 0.00000000 -0.00000000 -0.00000000
vn 0.00000000 0.00000000 -0.00000000
vn -0.00000000 0.00000000 -0.00000000
vn 0.00000000 -0.00000000 0.00000000
vn -0.00000000 0.00000000 -0.00000000
vn 0.00000000 0.00000000 0.00000000
vn 0.00000000 -0.00000000 -0.00000000
vn 0.00000000 -0.00000000 0.00000000
vn 0.00000000 0.00000000 0.00000000
vn 0.00000000 0.00000000 -0.00000000
vn -0.00000000 0.00000000 0.00000000
vn -0.00000000 0.00000000 -0.00000000
vn 0.00000000 0.00000000 -0.00000000
vn 0.00000000 0.00000000 0.00000000
vn -0.00255223 -0.00191417 -0.99999491
vn 0.00000000 -0.00000000 0.00000000
vn -0.00000000 0.00000000 0.00000000
vn 0.00265956 -0.00132978 0.99999558
vn 0.00000000 -0.00000000 0.00000000
vn -0.00000000 0.00000000 0.00000000
vn -0.00000000 0.00000000 -0.00000000
vn 0.00000000 0.00000000 -0.00000000
vn 0.00000000 -0.00000000 0.00000000
vn 0.00000000 0.00000000 -0.00000000
vn -0.00000000 -0.00000000 -0.00000000
vn -0.00000000 0.00000000 -0.00000000
vn -0.00000000 0.00000000 0.00000000
vn 0.00000000 0.00000000 0.00000000
vn 0.00000000 -0.00000000 0.00000000
vn -0.00000000 0.00000000 0.00000000
vn -0.00000000 0.00000000 0.00000000
vn 0.00000000 -0.00000000 -0.00000000
vn -0.00000000 -0.00000000 0.00000000
vn 0.00000000 -0.00000000 0.00000000
vn 0.00000000 -0.00000000 -0.00000000
vn -0.00000000 0.00000000 0.00000000
vn -0.00000000 -0.00000000 -0.00000000
vn 0.00000000 0.00000000 -0.00000000
vn 0.00000000 -0.00000000 0.00000000
vn -0.00000000 -0.00000000 0.00000000
vn 0.00000000 -0.00000000 -0.00000000
vn 0.00000000 -0.00000000 0.00000000
vn 0.00000000 -0.00000000 0.00000000
vn -0.00000000 -0.00000000 -0.00000000
vn -0.00000000 0.00000000 0.00000000
vn 0.00000000 0.00000000 -0.00000000
vn 0.00000000 -0.00000000 0.00000000
vn -0.00000000 -0.00000000 -0.00000000
vn -0.00000000 0.00000000 0.00000000
vn 0.00000000 0.00000000 -0.00000000
vn -0.00000000 -0.00000000 0.00000000
vn 0.00000000 -0.00000000 0.00000000
vn -0.00000000 0.00000000 0.00000000
vn 0.00000000 0.00000000 0.00000000
vn 0.00000000 0.00000000 0.00000000
vn -0.00000000 0.00000000 -0.00000000
vn -0.00000000 -0.00000000 0.00000000
vn 0.00000000 -0.00000000 -0.00000000
vn -0.00000000 0.00000000 0.00000000
vn 0.00000000 0.00000000 -0.00000000
vn 0.00000000 -0.00000000 0.00000000
vn 0.99997528 0.00000000 -0.00703147
vn 0.00000000 0.00000000 0.00000000
vn 0.99999058 0.00240780 -0.00361170
vn -0.00000000 -0.00000000 -0.00000000
vn 0.00000000 -0.00000000 -0.00000000
vn -0.00000000 0.00000000 0.00000000
vn -0.00000000 -0.00000000 -0.00000000
vn -0.00000000 0.00000000 -0.00000000
vn -0.00000000 0.00000000 0.00000000
vn -0.00000000 -0.00000000 0.00000000
vn -0.00000000 0.00000000 -0.00000000
vn -0.00000000 -0.00000000 0.00000000
vn 0.00000000 0.00000000 -0.00000000
vn 0.00000000 0.00000000 0.00000000
vn -0.99997254 0.00740720 -0.00023148
vn -0.00000000 -0.00000000 0.00000000
vn -0.00000000 0.00000000 0.00000000
vn -0.00000000 -0.00000000 0.00000000
vn -0.00000000 -0.00000000 -0.00000000
vn -0.00000000 0.00000000 0.00000000
vn 0.00000000 0.00000000 0.00000000
vn 0.00000000 0.00000000 0.00000000
vn -0.00000000 -0.00000000 0.00000000
vn 0.00000000 -0.00000000 -0.00000000
vn 0.00000000 0.00000000 -0.00000000
vn 0.00000000 -0.00000000 -0.00000000
vn 0.00000000 0.00000000 -0.00000000
vn -0.00000000 0.00000000 0.00000000
vn -0.00000000 0.00000000 0.00000000
vn -0.00000000 -0.00000000 -0.00000000
vn -0.00000000 0.00000000 0.00000000
vn 0.00000000 -0.00000000 -0.00000000
vn 0.00000000 0.00000000 0.00000000
vn 0.00000000 -0.00000000 -0.00000000
vn -0.00000000 0.00000000 0.00000000
vn -0.00000000 0.00000000 -0.00000000
vn 0.00000000 0.00000000 0.00000000
vn 0.99997138 -0.00183481 0.00733924
vn 0.00000000 0.00000000 -0.00000000
vn -0.00000000 -0.00000000 -0.00000000
vn 0.00000000 0.00000000 -0.00000000
vn 0.00000000 -0.00000000 0.00000000
vn -0.00000000 0.00000000 0.00000000
vn -0.00000000 0.00000000 0.00000000
vn 0.00000000 -0.00000000 0.00000000
vn -0.00000000 -0.00000000 0.00000000
vn -0.00000000 0.00000000 -0.00000000
vn 0.00000000 -0.00000000 0.00000000
vn -0.00000000 -0.00000000 0.00000000
vn -0.00000000 -0.00000000 0.00000000
vn 0.00000000 0.00000000 -0.00000000
vn 0.00000000 -0.00000000 0.00000000
vn -0.00000000 0.00000000 -0.00000000
vn -0.00000000 0.00000000 0.00000000
vn -0.00000000 -0.00000000 -0.00000000
vn 0.00000000 0.00000000 0.00000000
vn -0.00000000 0.00000000 -0.00000000
vn -0.00000000 0.00000000 0.00000000
vn 0.00000000 0.00000000 0.00000000
vn -0.00000000 0.00000000 -0.00000000
vn -0.00000000 0.00000000 0.00000000
vn 0.00000000 -0.00000000 0.00000000
vn 0.00000000 0.00000000 -0.00000000
vn -0.00000000 0.00000000 -0.00000000
vn -0.00000000 -0.00000000 0.00000000
vn 0.00000000 0.00000000 0.00000000
vn -0.00000000 0.00000000 -0.00000000
vn -0.00000000 0.00000000 0.00000000
vn -0.00000000 -0.00000000 0.00000000
vn -0.00000000 0.00000000 -0.00000000
vn 0.00000000 -0.00000000 0.00000000
vn 0.00000000 0.00000000 -0.00000000
vn -0.00000000 -0.00000000 0.00000000
vn -0.00000000 0.00000000 0.00000000
vn -0.00000000 0.00000000 -0.00000000
vn -0.00000000 0.00000000 0.00000000
vn -0.00000000 0.00000000 0.00000000
vn 0.00000000 -0.00000000 -0.00000000
vn -0.00000000 -0.00000000 -0.00000000
vn -0.00000000 0.00000000 0.00000000
vn 0.00000000 -0.00000000 -0.00000000
vn -0.00000000 -0.00000000 0.00000000
vn -0.00000000 0.00000000 -0.00000000
vn -0.00000000 -0.00000000 0.00000000
vn -0.00000000 0.00000000 -0.00000000
vn -0.00000000 -0.00000000 0.00000000
vn -0.00000000 -0.00000000 0.00000000
vn 0.00000000 0.00000000 0.00000000
vn 0.00000000 -0.00000000 0.00000000
vn -0.00000000 0.00000000 -0.00000000
vn 0.00000000 0.00000000 -0.00000000
vn -0.00000000 -0.00000000 0.00000000
vn 0.00000000 0.00000000 -0.00000000
vn -0.00000000 -0.00000000 0.00000000
vn -0.00000000 0.00000000 -0.00000000
vn 0.00000000 -0.00000000 0.00000000
vn 0.00000000 0.00000000 0.00000000
vn 0.00000000 0.00000000 -0.00000000
vn 0.00000000 0.00000000 0.00000000
vn -0.00000000 0.00000000 -0.00000000
vn -0.00000000 -0.00000000 0.00000000
vn 0.00000000 -0.00000000 0.00000000
vn -0.00000000 -0.00000000 0.00000000
vn -0.00000000 0.00000000 0.00000000
vn 0.00000000 0.00000000 0.00000000
vn -0.00000000 0.00000000 -0.00000000
vn 0.00000000 -0.00000000 0.00000000
vn -0.00000000 -0.00000000 0.00000000
vn -0.00000000 0.00000000 -0.00000000
vn 0.00000000 0.00000000 0.00000000
vn 0.00000000 -0.00000000 0.00000000
vn 0.00000000 -0.00000000 0.00000000
vn -0.00000000 -0.00000000 0.00000000
vn -0.00000000 0.00000000 0.00000000
vn -0.00000000 0.00000000 -0.00000000
vn 0.00000000 0.00000000 0.00000000
vn -0.00000000 -0.00000000 -0.00000000
vn 0.00000000 0.00000000 0.00000000
vn 0.00000000 0.00000000 0.00000000
vn -0.00000000 -0.00000000 -0.00000000
vn -0.00000000 -0.00000000 0.00000000
vn 0.00000000 0.00000000 -0.00000000
vn 0.00000000 -0.00000000 0.00000000
vn 0.00000000 0.00000000 -0.00000000
vn -0.00000000 -0.00000000 0.00000000
vn 0.00000000 0.00000000 -0.00000000
vn -0.00000000 0.00000000 -0.00000000
vn -0.00000000 0.00000000 -0.00000000
vn 0.00000000 -0.00000000 0.00000000
vn 0.00000000 0.00000000 -0.00000000
vn -0.00000000 0.00000000 0.00000000
vn -0.00000000 -0.00000000 0.00000000
vn -0.00000000 0.00000000 -0.00000000
vn 0.00000000 -0.00000000 0.00000000
vn 0.00000000 0.00000000 -0.00000000
vn -0.00000000 0.00000000 0.00000000
vn -0.00000000 0.00000000 0.00000000
vn -0.00000000 -0.00000000 -0.00000000
vn -0.00000000 -0.00000000 -0.00000000
vn 0.00000000 0.00000000 0.00000000
vn -0.00000000 0.00000000 -0.00000000
vn 0.00000000 0.00000000 0.00000000
vn 0.00000000 0.00000000 0.00000000
vn 0.00000000 0.00000000 0.00000000
vn 0.00000000 -0.00000000 0.00000000
vn 0.00000000 0.00000000 -0.00000000
vn -0.00000000 -0.00000000 -0.00000000
vn -0.00000000 -0.00000000 0.00000000
vn 0.00000000 -0.00000000 -0.00000000
vn 0.00000000 0.00000000 0.00000000
vn 0.00000000 0.00000000 0.00000000
vn -0.00000000 -0.00000000 -0.00000000
vn 0.00000000 0.00000000 -0.00000000
vn -0.00000000 0.00000000 0.00000000
vn 0.00000000 0.00000000 -0.00000000
vn -0.00000000 0.00000000 0.00000000
vn -0.00000000 0.00000000 0.00000000
vn 0.00000000 0.00000000 -0.00000000
vn 0.00000000 0.00000000 0.00000000
vn -0.00000000 0.00000000 0.00000000
vn 0.00000000 0.00000000 -0.00000000
vn -0.00000000 -0.00000000 -0.00000000
vn 0.00000000 0.00000000 0.00000000
vn -0.00000000 -0.00000000 0.00000000
vn 0.00000000 0.00000000 0.00000000
vn 0.00000000 0.00000000 -0.00000000
vn -0.00000000 -0.00000000 0.00000000
vn -0.00000000 0.00000000 0.00000000
vn -0.00000000 -0.00000000 -0.00000000
vn -0.00000000 -0.00000000 -0.00000000
vn -0.00000000 -0.00000000 0.00000000
vn 0.00000000 0.00000000 -0.00000000
vn 0.00000000 0.00000000 0.00000000
vn 0.00000000 0.00000000 0.00000000
vn 0.00000000 0.00000000 0.00000000
vn -0.00000000 0.00000000 0.00000000
vn -0.00000000 -0.00000000 -0.00000000
vn -0.00000000 0.00000000 0.00000000
vn 0.00000000 -0.00000000 -0.00000000
vn -0.00000000 -0.00000000 -0.00000000
vn 0.00000000 0.00000000 0.00000000
vn 0.00000000 -0.00000000 0.00000000
vn 0.00000000 -0.00000000 -0.00000000
vn 0.00000000 0.00000000 0.00000000
vn -0.00000000 -0.00000000 0.00000000
vn -0.00000000 0.00000000 -0.00000000
vn 0.00000000 0.00000000 -0.00000000
vn -0.00000000 -0.00000000 0.00000000
vn 0.00000000 -0.00000000 0.00000000
vn -0.00000000 0.00000000 -0.00000000
vn -0.00000000 0.00000000 0.00000000
vn -0.00000000 0.00000000 0.00000000
vn -0.00000000 0.00000000 0.00000000
vn -0.00000000 0.00000000 0.00000000
vn 0.00000000 0.00000000 -0.00000000
vn -0.00000000 -0.00000000 -0.00000000
vn -0.00000000 0.00000000 0.00000000
vn 0.00000000 0.00000000 0.00000000
vn -0.00000000 -0.00000000 -0.00000000
vn 0.00000000 -0.00000000 -0.00000000
vn 0.00000000 0.00000000 0.00000000
vn 0.00000000 0.00000000 0.00000000
vn 0.00000000 0.00000000 0.00000000
vn 0.00000000 0.00000000 0.00000000
vn -0.00000000 0.00000000 -0.00000000
vn -0.00000000 -0.00000000 -0.00000000
vn -0.00000000 0.00000000 -0.00000000
vn -0.00000000 0.00000000 0.00000000
vn -0.00000000 0.00000000 -0.00000000
vn -0.00000000 -0.00000000 -0.00000000
vn 0.00000000 0.00000000 0.00000000
vn 0.00000000 -0.00000000 0.00000000
vn -0.00000000 -0.00000000 -0.00000000
vn 0.00000000 -0.00000000 0.00000000
vn 0.00000000 -0.00000000 0.00000000
vn -0.00000000 0.00000000 0.00000000
vn 0.00000000 -0.00000000 0.00000000
vn 0.00000000 0.00000000 0.00000000
vn -0.00000000 -0.00000000 -0.00000000
vn 0.00000000 0.00000000 0.00000000
vn 0.00000000 0.00000000 0.00000000
vn -0.00000000 0.00000000 -0.00000000
vn 0.00000000 -0.00000000 -0.00000000
vn -0.00000000 -0.00000000 0.00000000
vn -0.00000000 0.00000000 0.00000000
vn 0.00000000 0.00000000 -0.00000000
vn 0.00000000 -0.00000000 0.00000000
vn -0.00000000 -0.00000000 0.00000000
vn 0.00000000 -0.00000000 -0.00000000
vn -0.00000000 -0.00000000 -0.00000000
vn 0.00000000 -0.00000000 -0.00000000
vn -0.00000000 -0.00000000 -0.00000000
vn 0.00000000 0.00000000 -0.00000000
vn -0.00000000 0.00000000 0.00000000
vn -0.00000000 -0.00000000 0.00000000
vn -0.00000000 -0.00000000 0.00000000
vn -0.00000000 0.00000000 0.00000000
vn -0.00000000 -0.00000000 -0.00000000
vn -0.00000000 0.00000000 0.00000000
vn 0.00000000 0.00000000 0.00000000
vn -0.00000000 0.00000000 0.00000000
vn 0.00000000 0.00000000 0.00000000
vn -0.00000000 0.00000000 0.00000000
vn -0.00000000 -0.00000000 0.00000000
vn -0.00000000 0.00000000 0.00000000
vn 0.00000000 0.00000000 0.00000000
vn -0.00000000 -0.00000000 -0.00000000
vn 0.00000000 0.00000000 -0.00000000
vn -0.00000000 0.00000000 -0.00000000
vn 0.00000000 -0.00000000 -0.00000000
vn 0.00000000 -0.00000000 0.00000000
vn 0.99999225 -0.00352110 0.00176055
vn -0.00000000 0.00000000 -0.00000000
vn 0.00000000 -0.00000000 -0.00000000
vn 0.00000000 0.00000000 -0.00000000
vn 0.00000000 0.00000000 -0.00000000
vn 0.00000000 -0.00000000 0.00000000
vn 0.00000000 0.00000000 0.00000000
vn -0.00000000 -0.00000000 -0.00000000
vn -0.00000000 -0.00000000 0.00000000
vn 0.00000000 0.00000000 -0.00000000
vn 0.00000000 -0.00000000 -0.00000000
vn -0.00000000 0.00000000 0.00000000
vn -0.99999997 0.00000000 0.00023234
vn -0.00000000 -0.00000000 0.00000000
vn 0.00000000 0.00000000 0.00000000
vn -0.00000000 -0.00000000 -0.00000000
vn -0.00000000 -0.00000000 0.00000000
vn 0.99836396 -0.05663551 -0.00786242
vn 0.00000000 0.00000000 0.00000000
vn 0.00000000 0.00000000 0.00000000
vn -0.00000000 0.00000000 -0.00000000
vn -0.00000000 0.00000000 0.00000000
vn 0.00000000 -0.00000000 0.00000000
vn -0.00000000 0.00000000 0.00000000
vn 0.00000000 -0.00000000 -0.00000000
vn -0.00000000 -0.00000000 -0.00000000
vn -0.00000000 0.00000000 0.00000000
vn 0.00000000 0.00000000 0.00000000
vn -0.00000000 0.00000000 0.00000000
vn -0.00000000 -0.00000000 -0.00000000
vn 0.00000000 -0.00000000 -0.00000000
vn 0.00000000 -0.00000000 0.00000000
vn 0.00000000 0.00000000 0.00000000
vn 0.00000000 -0.00000000 -0.00000000
vn -0.00000000 0.00000000 -0.00000000
vn 0.00000000 0.00000000 0.00000000
vn 0.00000000 0.00000000 -0.00000000
vn 0.00000000 0.00000000 0.00000000
vn -0.00000000 0.00000000 0.00000000
vn 0.00000000 -0.00000000 0.00000000
vn -0.00000000 0.00000000 0.00000000
vn 0.00000000 -0.00000000 0.00000000
vn 0.00000000 0.00000000 -0.00000000
vn 0.00000000 -0.00000000 -0.00000000
vn 0.00000000 0.00000000 0.00000000
vn 0.00000000 -0.00000000 0.00000000
vn -0.00000000 0.00000000 0.00000000
vn 0.00000000 -0.00000000 -0.00000000
vn -0.00000000 0.00000000 -0.00000000
vn 0.00000000 0.00000000 0.00000000
vn 0.00000000 0.00000000 0.00000000
vn 0.00000000 -0.00000000 -0.00000000
vn -0.00000000 -0.00000000 -0.00000000
vn 0.00000000 0.00000000 0.00000000
vn 0.00000000 0.00000000 -0.00000000
vn -0.00000000 0.00000000 0.00000000
vn 0.00000000 -0.00000000 -0.00000000
vn 0.00000000 -0.00000000 -0.00000000
vn 0.00000000 -0.00000000 0.00000000
vn -0.00000000 0.00000000 0.00000000
vn 0.00000000 0.00000000 0.00000000
vn 0.00000000 0.00000000 0.00000000
vn -0.00000000 -0.00000000 0.00000000
vn -0.00000000 0.00000000 0.00000000
vn -0.00000000 -0.00000000 0.00000000
vn -0.00000000 0.00000000 -0.00000000
vn -0.00000000 -0.00000000 -0.00000000
vn -0.00000000 0.00000000 -0.00000000
vn 0.00000000 -0.00000000 0.00000000
vn -0.00000000 0.00000000 0.00000000
vn 0.00000000 0.00000000 -0.00000000
vn 0.00000000 -0.00000000 0.00000000
vn -0.00000000 -0.00000000 -0.00000000
vn 0.00000000 -0.00000000 -0.00000000
vn -0.00000000 0.00000000 0.00000000
vn 0.00000000 0.00000000 -0.00000000
vn -0.00000000 0.00000000 0.00000000
vn 0.00000000 0.00000000 0.00000000
vn 0.00000000 0.00000000 0.00000000
vn -0.00000000 0.00000000 0.00000000
vn -0.00000000 -0.00000000 0.00000000
vn 0.00000000 -0.00000000 -0.00000000
vn -0.00000000 0.00000000 -0.00000000
vn -0.00000000 -0.00000000 0.00000000
vn -0.00000000 0.00000000 0.00000000
vn 0.00000000 0.00000000 -0.00000000
vn 0.00000000 0.00000000 0.00000000
vn 0.00000000 -0.00000000 0.00000000
vn 0.00000000 -0.00000000 0.00000000
vn -0.00000000 0.00000000 -0.00000000
vn 0.00000000 0.00000000 -0.00000000
vn 0.00000000 0.00000000 0.00000000
vn 0.00000000 -0.00000000 0.00000000
vn 0.00000000 0.00000000 0.00000000
vn -0.00000000 0.00000000 0.00000000
vn 0.00000000 -0.00000000 0.00000000
vn -0.00000000 0.00000000 0.00000000
vn 0.00000000 -0.00000000 -0.00000000
vn 0.00000000 0.00000000 0.00000000
vn -0.00000000 -0.00000000 -0.00000000
vn 0.00000000 -0.00000000 0.00000000
vn -0.00000000 0.00000000 0.00000000
vn -0.00000000 0.00000000 0.00000000
vn -0.00000000 -0.00000000 -0.00000000
vn 0.00000000 0.00000000 0.00000000
vn -0.00000000 0.00000000 -0.00000000
vn -0.00000000 0.00000000 0.00000000
vn -0.99999533 -0.00305653 0.00000000
vn 0.00000000 0.00000000 0.00000000
vn 0.00000000 0.00000000 -0.00000000
vn 0.99999899 0.00106837 0.00093483
vn 0.00000000 -0.00000000 -0.00000000
vn 0.00000000 -0.00000000 0.00000000
vn 0.00000000 0.00000000 -0.00000000
vn -0.00000000 -0.00000000 0.00000000
vn 0.00000000 0.00000000 0.00000000
vn 0.00000000 0.00000000 0.00000000
vn -0.00000000 -0.00000000 -0.00000000
vn 0.00000000 0.00000000 0.00000000
vn -0.00000000 0.00000000 0.00000000
vn -0.00000000 -0.00000000 -0.00000000
vn -0.00000000 -0.00000000 -0.00000000
vn -0.00000000 0.00000000 -0.00000000
vn 0.00000000 0.00000000 -0.00000000
vn 0.00000000 0.00000000 -0.00000000
vn 0.00000000 -0.00000000 0.00000000
vn 0.00000000 0.00000000 -0.00000000
vn -0.00000000 0.00000000 0.00000000
vn 0.00000000 -0.00000000 0.00000000
vn -0.00000000 0.00000000 -0.00000000
vn 0.00000000 0.00000000 0.00000000
vn -0.00000000 0.00000000 0.00000000
vn 0.00000000 0.00000000 0.00000000
vn -0.00000000 0.00000000 0.00000000
vn -0.00000000 -0.00000000 -0.00000000
vn -0.00000000 0.00000000 0.00000000
vn 0.00000000 -0.00000000 -0.00000000
vn 0.00000000 0.00000000 0.00000000
vn -0.00000000 -0.00000000 -0.00000000
vn -0.00000000 0.00000000 0.00000000
vn -0.00000000 -0.00000000 0.00000000
vn 0.00000000 0.00000000 0.00000000
vn 0.00000000 0.00000000 -0.00000000
vn -0.00000000 -0.00000000 0.00000000
vn 0.00000000 0.00000000 0.00000000
vn -0.00000000 0.00000000 -0.00000000
vn 0.00000000 -0.00000000 0.00000000
vn -0.00000000 0.00000000 -0.00000000
vn 0.00000000 -0.00000000 0.00000000
vn -0.00000000 0.00000000 -0.00000000
vn 0.00000000 0.00000000 -0.00000000
vn 0.00000000 0.00000000 -0.00000000
vn -0.00000000 0.00000000 0.00000000
vn -0.00000000 -0.00000000 0.00000000
vn -0.00000000 0.00000000 -0.00000000
vn -0.00000000 -0.00000000 0.00000000
vn 0.00000000 -0.00000000 0.00000000
vn 0.00000000 -0.00000000 0.00000000
vn -0.00000000 0.00000000 -0.00000000
vn -0.00000000 0.00000000 0.00000000
vn -0.00000000 0.00000000 0.00000000
vn -0.00000000 0.00000000 -0.00000000
vn -0.00000000 -0.00000000 0.00000000
vn 0.00000000 -0.00000000 -0.00000000
vn 0.00000000 0.00000000 0.00000000
vn 0.00000000 0.00000000 0.00000000
vn 0.00000000 -0.00000000 0.00000000
vn 0.00000000 0.00000000 0.00000000
vn 0.00000000 -0.00000000 0.00000000
vn -0.00000000 0.00000000 -0.00000000
vn 0.00000000 -0.00000000 0.00000000
vn -0.00000000 0.00000000 -0.00000000
vn -0.00000000 0.00000000 0.00000000
vn -0.00000000 -0.00000000 -0.00000000
vn 0.00000000 0.00000000 0.00000000
vn -0.00000000 0.00000000 0.00000000
vn 0.00000000 0.00000000 0.00000000
vn 0.00000000 -0.00000000 0.00000000
vn 0.00000000 0.00000000 0.00000000
vn -0.00000000 0.00000000 0.00000000
vn 0.00000000 -0.00000000 0.00000000
vn 0.00000000 0.00000000 -0.00000000
vn -0.00000000 -0.00000000 -0.00000000
vn -0.00000000 0.00000000 0.00000000
vn 0.00000000 0.00000000 0.00000000
vn 0.00000000 0.00000000 0.00000000
vn -0.00000000 0.00000000 -0.00000000
vn -0.00000000 -0.00000000 0.00000000
vn -0.00000000 -0.00000000 -0.00000000
vn -0.00000000 -0.00000000 0.00000000
vn -0.00000000 0.00000000 -0.00000000
vn -0.00000000 -0.00000000 0.00000000
vn 0.00000000 -0.00000000 0.00000000
vn 0.00000000 -0.00000000 0.00000000
vn 0.00000000 0.00000000 -0.00000000
vn 0.00000000 -0.00000000 0.00000000
vn 0.00000000 0.00000000 0.00000000
vn 0.00000000 0.00000000 0.00000000
vn 0.00000000 0.00000000 0.00000000
vn 0.00000000 -0.00000000 -0.00000000
vn 0.00000000 -0.00000000 0.00000000
vn -0.00000000 -0.00000000 -0.00000000
vn -0.00000000 0.00000000 0.00000000
vn 0.00000000 -0.00000000 0.00000000
vn 0.00000000 0.00000000 0.00000000
vn -0.00000000 0.00000000 0.00000000
vn -0.00000000 -0.00000000 0.00000000
vn -0.00000000 0.00000000 0.00000000
vn 0.00000000 0.00000000 0.00000000
vn -0.00000000 -0.00000000 0.00000000
vn 0.00000000 -0.00000000 -0.00000000
vn -0.00000000 -0.00000000 0.00000000
vn -0.00000000 -0.00000000 0.00000000
vn -0.00000000 -0.00000000 -0.00000000
vn 0.00000000 0.00000000 0.00000000
vn 0.00000000 0.00000000 -0.00000000
vn -0.00000000 -0.00000000 -0.00000000
vn 0.00000000 0.00000000 0.00000000
vn 0.00000000 0.00000000 0.00000000
vn 0.00000000 -0.00000000 -0.00000000
vn -0.00000000 0.00000000 0.00000000
vn 0.00000000 -0.00000000 0.00000000
vn -0.00000000 -0.00000000 0.00000000
vn -0.00000000 0.00000000 -0.00000000
vn 0.00000000 -0.00000000 -0.00000000
vn 0.00000000 0.00000000 -0.00000000
vn 0.00000000 -0.00000000 0.00000000
vn 0.00000000 0.00000000 0.00000000
vn -0.00000000 -0.00000000 0.00000000
vn -0.00000000 0.00000000 -0.00000000
vn 0.00000000 -0.00000000 0.00000000
vn 0.00000000 0.00000000 0.00000000
vn -0.00000000 0.00000000 0.00000000
vn -0.00000000 0.00000000 -0.00000000
vn 0.00000000 0.00000000 0.00000000
vn -0.00000000 -0.00000000 0.00000000
vn 0.00000000 -0.00000000 0.00000000
vn 0.00000000 0.00000000 0.00000000
vn 0.00000000 0.00000000 0.00000000
vn 0.00000000 0.00000000 -0.00000000
vn -0.00000000 0.00000000 -0.00000000
vn 0.00000000 -0.00000000 0.00000000
vn 0.00000000 0.00000000 0.00000000
vn 0.00000000 -0.00000000 0.00000000
vn -0.00000000 0.00000000 -0.00000000
vn -0.00000000 -0.00000000 0.00000000
vn -0.00000000 0.00000000 0.00000000
vn 0.00000000 -0.00000000 -0.00000000
vn -0.00000000 -0.00000000 0.00000000
vn -0.00000000 -0.00000000 0.00000000
vn -0.00000000 0.00000000 -0.00000000
vn 0.00000000 0.00000000 0.00000000
vn 0.00000000 0.00000000 -0.00000000
vn -0.00000000 0.00000000 0.00000000
vn 0.00000000 -0.00000000 -0.00000000
vn -0.00000000 0.00000000 0.00000000
vn -0.00000000 0.00000000 0.00000000
vn -0.00000000 0.00000000 0.00000000
vn 0.00000000 0.00000000 -0.00000000
vn -0.00000000 -0.00000000 0.00000000
vn 0.00000000 -0.00000000 -0.00000000
vn -0.00000000 -0.00000000 0.00000000
vn 0.00000000 0.00000000 -0.00000000
vn -0.00000000 -0.00000000 0.00000000
vn 0.00000000 0.00000000 -0.00000000
vn -0.00000000 -0.00000000 0.00000000
vn -0.00000000 0.00000000 0.00000000
vn -0.00000000 -0.00000000 0.00000000
vn -0.00000000 0.00000000 0.00000000
vn 0.00000000 -0.00000000 0.00000000
vn -0.00000000 0.00000000 0.00000000
vn 0.00000000 0.00000000 -0.00000000
vn 0.00000000 0.00000000 -0.00000000
vn 0.00000000 0.00000000 -0.00000000
vn 0.00000000 -0.00000000 0.00000000
vn -0.00000000 -0.00000000 0.00000000
vn -0.00000000 0.00000000 -0.00000000
vn -0.00000000 0.00000000 0.00000000
vn 0.00000000 0.00000000 -0.00000000
vn 0.00000000 -0.00000000 0.00000000
vn -0.00000000 0.00000000 -0.00000000
vn -0.00000000 0.00000000 -0.00000000
vn 0.00000000 -0.00000000 -0.00000000
vn 0.99996413 0.00846213 -0.00035259
vn -0.00000000 0.00000000 0.00000000
vn -0.00000000 -0.00000000 0.00000000
vn 0.00000000 0.00000000 -0.00000000
vn 0.00000000 0.00000000 -0.00000000
vn -0.00000000 -0.00000000 0.00000000
vn 0.00000000 0.00000000 0.00000000
vn -0.99999973 0.00000000 0.00074047
vn -0.00000000 -0.00000000 -0.00000000
vn 0.00000000 0.00000000 0.00000000
vn 0.00000000 0.00000000 0.00000000
vn -0.00000000 -0.00000000 -0.00000000
vn 0.00000000 0.00000000 0.00000000
vn -0.00000000 0.00000000 -0.00000000
vn 0.00000000 -0.00000000 0.00000000
vn -0.00000000 -0.00000000 0.00000000
vn 0.00000000 0.00000000 -0.00000000
vn 0.00000000 0.00000000 0.00000000
vn 0.00000000 0.00000000 0.00000000
vn -0.00000000 -0.00000000 -0.00000000
vn -0.00000000 -0.00000000 -0.00000000
vn -0.00000000 0.00000000 0.00000000
vn -0.00000000 -0.00000000 -0.00000000
vn 0.00000000 0.00000000 0.00000000
vn -0.99997737 0.00140974 0.00657880
vn 0.00000000 -0.00000000 -0.00000000
vn -0.00000000 0.00000000 -0.00000000
vn -0.00000000 -0.00000000 0.00000000
vn 0.99999566 -0.00032933 0.00292739
vn -0.00000000 0.00000000 -0.00000000
vn 0.00000000 -0.00000000 -0.00000000
vn -0.00000000 0.00000000 0.00000000
vn 0.00000000 0.00000000 -0.00000000
vn 0.00000000 -0.00000000 0.00000000
vn 0.99998413 -0.00398400 -0.00398400
vn 0.00000000 0.00000000 0.00000000
vn -0.00000000 -0.00000000 0.00000000
vn 0.00000000 0.00000000 -0.00000000
vn -0.00000000 -0.00000000 0.00000000
vn 0.00000000 0.00000000 -0.00000000
vn 0.00000000 0.00000000 -0.00000000
vn -0.00000000 -0.00000000 0.00000000
vn -0.00000000 0.00000000 -0.00000000
vn -0.00000000 -0.00000000 0.00000000
vn 0.00000000 0.00000000 -0.00000000
vn -0.00000000 -0.00000000 0.00000000
vn -0.99998205 -0.00197960 0.00565601
vn 0.00000000 0.00000000 -0.00000000
vn -0.00000000 0.00000000 -0.00000000
vn -0.00000000 -0.00000000 0.00000000
vn 0.99999748 0.00025112 0.00223214
vn -0.00000000 -0.00000000 -0.00000000
vn 0.00000000 0.00000000 -0.00000000
vn 0.00000000 -0.00000000 0.00000000
vn -0.99999286 -0.00084949 -0.00368113
vn -0.00000000 0.00000000 0.00000000
vn -0.00000000 -0.00000000 -0.00000000
vn 0.00000000 0.00000000 0.00000000
vn 0.00000000 0.00000000 0.00000000
vn 0.00000000 -0.00000000 -0.00000000
vn 0.00000000 -0.00000000 -0.00000000
vn 0.00000000 0.00000000 0.00000000
vn -0.00000000 -0.00000000 -0.00000000
vn -0.00000000 0.00000000 0.00000000
vn 0.00000000 -0.00000000 0.00000000
vn -0.00000000 -0.00000000 0.00000000
vn 0.00000000 -0.00000000 0.00000000
vn -0.00000000 0.00000000 0.00000000
vn -0.00000000 0.00000000 -0.00000000
vn 0.00000000 0.00000000 -0.00000000
vn 0.00000000 0.00000000 0.00000000
vn 0.00000000 -0.00000000 0.00000000
vn -0.00000000 0.00000000 0.00000000
vn -0.00000000 0.00000000 0.00000000
vn -0.00000000 0.00000000 0.00000000
vn -0.00000000 -0.00000000 -0.00000000
vn -0.00000000 0.00000000 0.00000000
vn 0.00000000 0.00000000 0.00000000
vn 0.00000000 0.00000000 -0.00000000
vn -0.00000000 0.00000000 -0.00000000
vn -0.00000000 -0.00000000 0.00000000
vn -0.00000000 -0.00000000 0.00000000
vn 0.00000000 -0.00000000 0.00000000
vn 0.00000000 0.00000000 -0.00000000
vn -0.00000000 0.00000000 -0.00000000
vn -0.00000000 0.00000000 0.00000000
vn 0.00000000 0.00000000 0.00000000
vn 0.00000000 0.00000000 -0.00000000
vn 0.00000000 -0.00000000 0.00000000
vn -0.00000000 -0.00000000 0.00000000
vn -0.00000000 0.00000000 -0.00000000
vn 0.00000000 -0.00000000 -0.00000000
vn 0.00000000 0.00000000 0.00000000
vn -0.00000000 0.00000000 0.00000000
vn -0.00000000 0.00000000 -0.00000000
vn 0.00000000 0.00000000 0.00000000
vn -0.00000000 -0.00000000 -0.00000000
vn -0.00000000 -0.00000000 0.00000000
vn 0.00000000 0.00000000 0.00000000
vn 0.00000000 0.00000000 0.00000000
vn 0.00000000 -0.00000000 -0.00000000
vn 0.00000000 0.00000000 0.00000000
vn 0.00000000 -0.00000000 0.00000000
vn -0.00000000 -0.00000000 0.00000000
vn -0.00000000 0.00000000 0.00000000
vn 0.00000000 -0.00000000 -0.00000000
vn -0.00000000 0.00000000 0.00000000
vn 0.00000000 0.00000000 -0.00000000
vn -0.00000000 0.00000000 0.00000000
vn 0.00000000 -0.00000000 0.00000000
vn -0.00000000 0.00000000 0.00000000
vn 0.00000000 -0.00000000 -0.00000000
vn -0.00000000 0.00000000 -0.00000000
vn -0.00000000 -0.00000000 -0.00000000
vn -0.00000000 0.00000000 -0.00000000
vn -0.00000000 0.00000000 0.00000000
vn 0.00000000 -0.00000000 0.00000000
vn 0.00000000 0.00000000 -0.00000000
vn -0.00000000 -0.00000000 0.00000000
vn -0.00000000 0.00000000 0.00000000
vn 0.00000000 0.00000000 -0.00000000
vn -0.99947228 0.01639002 0.02804514
vn 0.00000000 -0.00000000 0.00000000
vn 0.00000000 0.00000000 -0.00000000
vn -0.00000000 -0.00000000 -0.00000000
vn 0.00000000 0.00000000 0.00000000
vn 0.00000000 0.00000000 -0.00000000
vn -0.00000000 -0.00000000 0.00000000
vn -0.00000000 -0.00000000 0.00000000
vn 0.00000000 -0.00000000 0.00000000
vn 0.00000000 0.00000000 0.00000000
vn -0.00000000 0.00000000 -0.00000000
vn -0.00000000 0.00000000 -0.00000000
vn 0.00000000 0.00000000 0.00000000
vn -0.00000000 -0.00000000 0.00000000
vn -0.00000000 0.00000000 -0.00000000
vn -0.00000000 0.00000000 0.00000000
vn -0.00000000 -0.00000000 -0.00000000
vn 0.00000000 0.00000000 -0.00000000
vn 0.00000000 0.00000000 0.00000000
vn 0.00000000 0.00000000 0.00000000
vn 0.00000000 0.00000000 0.00000000
vn 0.00000000 0.00000000 -0.00000000
vn -0.00000000 0.00000000 0.00000000
vn 0.00000000 -0.00000000 -0.00000000
vn -0.00000000 0.00000000 0.00000000
vn 0.00000000 -0.00000000 -0.00000000
vn 0.00000000 0.00000000 -0.00000000
vn -0.00000000 0.00000000 0.00000000
vn 0.00000000 -0.00000000 -0.00000000
vn -0.00000000 0.00000000 0.00000000
vn -0.00000000 0.00000000 -0.00000000
vn 0.00000000 0.00000000 -0.00000000
vn -0.00000000 -0.00000000 0.00000000
vn -0.00000000 0.00000000 0.00000000
vn 0.00000000 0.00000000 -0.00000000
vn -0.00000000 0.00000000 -0.00000000
vn -0.00000000 -0.00000000 -0.00000000
vn -0.00000000 -0.00000000 -0.00000000
vn 0.00000000 0.00000000 -0.00000000
vn 0.00000000 -0.00000000 -0.00000000
vn 0.00000000 0.00000000 -0.00000000
vn -0.00000000 0.00000000 -0.00000000
vn -0.00000000 0.00000000 -0.00000000
vn 0.00000000 0.00000000 0.00000000
vn 0.00000000 0.00000000 0.00000000
vn 0.00000000 0.00000000 0.00000000
vn -0.00000000 0.00000000 0.00000000
vn -0.00000000 -0.00000000 0.00000000
vn 0.00000000 0.00000000 -0.00000000
vn 0.00000000 -0.00000000 -0.00000000
vn 0.00000000 -0.00000000 0.00000000
vn 0.00000000 0.00000000 -0.00000000
vn 0.00000000 -0.00000000 0.00000000
vn -0.00000000 0.00000000 -0.00000000
vn 0.00000000 -0.00000000 0.00000000
vn -0.00000000 -0.00000000 -0.00000000
vn 0.00000000 0.00000000 0.00000000
vn -0.00000000 -0.00000000 -0.00000000
vn 0.00000000 0.00000000 0.00000000
vn -0.00000000 0.00000000 -0.00000000
vn 0.00000000 -0.00000000 0.00000000
vn 0.00000000 -0.00000000 0.00000000
vn 0.00000000 0.00000000 -0.00000000
vn 0.00000000 0.00000000 0.00000000
vn 0.00000000 -0.00000000 -0.00000000
vn 0.00000000 -0.00000000 0.00000000
vn -0.00000000 0.00000000 -0.00000000
vn 0.00000000 0.00000000 0.00000000
vn -0.00000000 -0.00000000 -0.00000000
vn 0.00000000 0.00000000 -0.00000000
vn -0.00000000 -0.00000000 0.00000000
vn 0.00000000 -0.00000000 -0.00000000
vn 0.00000000 0.00000000 0.00000000
vn 0.00000000 -0.00000000 0.00000000
vn 0.00000000 0.00000000 -0.00000000
vn 0.00000000 0.00000000 0.00000000
vn 0.00000000 -0.00000000 -0.00000000
vn 0.00000000 0.00000000 0.00000000
vn 0.00000000 -0.00000000 -0.00000000
vn 0.00000000 -0.00000000 0.00000000
vn -0.00000000 0.00000000 -0.00000000
vn 0.00000000 0.00000000 -0.00000000
vn -0.00000000 -0.00000000 -0.00000000
vn 0.00000000 -0.00000000 -0.00000000
vn -0.00000000 0.00000000 0.00000000
vn 0.00000000 0.00000000 -0.00000000
vn 0.00000000 -0.00000000 0.00000000
vn 0.00000000 -0.00000000 -0.00000000
vn -0.00000000 -0.00000000 0.00000000
vn 0.00000000 0.00000000 0.00000000
vn 0.00000000 -0.00000000 -0.00000000
vn 0.00000000 -0.00000000 0.00000000
vn -0.00000000 0.00000000 -0.00000000
vn 0.00000000 -0.00000000 -0.00000000
vn 0.00000000 0.00000000 0.00000000
vn 0.00000000 -0.00000000 -0.00000000
vn -0.00000000 0.00000000 0.00000000
vn 0.00000000 0.00000000 -0.00000000
vn -0.00000000 -0.00000000 0.00000000
vn 0.00000000 0.00000000 0.00000000
vn -0.00000000 -0.00000000 -0.00000000
vn 0.00000000 -0.00000000 -0.00000000
vn 0.00000000 0.00000000 0.00000000
vn 0.00000000 0.00000000 0.00000000
vn -0.00000000 -0.00000000 -0.00000000
vn 0.00000000 -0.00000000 -0.00000000
vn -0.00000000 0.00000000 0.00000000
vn 0.00000000 -0.00000000 -0.00000000
vn -0.00000000 0.00000000 0.00000000
vn 0.00000000 -0.00000000 0.00000000
vn -0.00000000 0.00000000 0.00000000
vn 0.00000000 0.00000000 0.00000000
vn 0.00000000 -0.00000000 -0.00000000
vn 0.00000000 0.00000000 -0.00000000
vn 0.00000000 -0.00000000 0.00000000
vn 0.00000000 -0.00000000 0.00000000
vn -0.00000000 0.00000000 -0.00000000
vn 0.00000000 -0.00000000 0.00000000
vn 0.00000000 0.00000000 -0.00000000
vn 0.00000000 0.00000000 -0.00000000
vn 0.00000000 -0.00000000 0.00000000
vn 0.00000000 0.00000000 -0.00000000
vn 0.00000000 -0.00000000 0.00000000
vn 0.00000000 -0.00000000 0.00000000
vn 0.00000000 0.00000000 -0.00000000
vn 0.00000000 -0.00000000 0.00000000
vn 0.00000000 0.00000000 -0.00000000
vn 0.00000000 0.00000000 -0.00000000
vn 0.00000000 -0.00000000 0.00000000
vn 0.00000000 0.00000000 0.00000000
vn -0.00000000 -0.00000000 -0.00000000
vn 0.00000000 0.00000000 -0.00000000
vn 0.00000000 -0.00000000 0.00000000
vn 0.00000000 -0.00000000 -0.00000000
vn -0.00000000 0.00000000 0.00000000
vn -0.00000000 0.00000000 0.00000000
vn 0.00000000 0.00000000 -0.00000000
vn 0.00000000 0.00000000 0.00000000
vn 0.00000000 -0.00000000 -0.00000000
vn -0.00000000 -0.00000000 -0.00000000
vn 0.00000000 0.00000000 0.00000000
vn 0.00000000 -0.00000000 -0.00000000
vn 0.00000000 0.00000000 0.00000000
vn 0.00000000 0.00000000 0.00000000
vn 0.00000000 -0.00000000 -0.00000000
vn 0.00000000 -0.00000000 -0.00000000
vn 0.00000000 0.00000000 0.00000000
vn -0.00000000 0.00000000 0.00000000
vn 0.00000000 0.00000000 -0.00000000
vn 0.00000000 0.00000000 -0.00000000
vn 0.00000000 -0.00000000 0.00000000
vn 0.00000000 -0.00000000 -0.00000000
vn 0.00000000 0.00000000 0.00000000
vn -0.00000000 0.00000000 -0.00000000
vn 0.00000000 -0.00000000 0.00000000
vn -0.00000000 0.00000000 0.00000000
vn 0.00000000 -0.00000000 -0.00000000
vn 0.00000000 0.00000000 -0.00000000
vn 0.00000000 -0.00000000 0.00000000
vn 0.00000000 -0.00000000 -0.00000000
vn 0.00000000 0.00000000 0.00000000
vn 0.00000000 -0.00000000 -0.00000000
vn -0.00000000 -0.00000000 0.00000000
vn -0.00000000 -0.00000000 -0.00000000
vn 0.00000000 0.00000000 0.00000000
vn 0.00000000 -0.00000000 0.00000000
vn -0.00000000 0.00000000 -0.00000000
vn 0.00000000 -0.00000000 -0.00000000
vn -0.00000000 0.00000000 0.00000000
vn 0.00000000 0.00000000 0.00000000
vn -0.00000000 -0.00000000 -0.00000000
vn 0.00000000 -0.00000000 -0.00000000
vn -0.00000000 0.00000000 0.00000000
vn 0.00000000 -0.00000000 -0.00000000
vn -0.00000000 0.00000000 0.00000000
vn 0.00000000 0.00000000 0.00000000
vn -0.00000000 -0.00000000 -0.00000000
vn 0.00000000 0.00000000 0.00000000
vn -0.00000000 -0.00000000 -0.00000000
vn 0.00000000 -0.00000000 0.00000000
vn 0.00000000 0.00000000 -0.00000000
vn 0.00000000 -0.00000000 -0.00000000
vn 0.00000000 0.00000000 0.00000000
vn 0.00000000 0.00000000 -0.00000000
vn -0.00000000 -0.00000000 0.00000000
vn 0.00000000 0.00000000 0.00000000
vn 0.00000000 -0.00000000 -0.00000000
vn 0.00000000 -0.00000000 0.00000000
vn 0.00000000 0.00000000 -0.00000000
vn 0.00000000 0.00000000 -0.00000000
vn 0.00000000 -0.00000000 0.00000000
vn 0.00000000 0.00000000 -0.00000000
vn 0.00000000 -0.00000000 0.00000000
vn 0.00000000 -0.00000000 0.00000000
vn -0.00000000 0.00000000 -0.00000000
vn 0.00000000 0.00000000 0.00000000
vn 0.00000000 0.00000000 -0.00000000
vn 0.00000000 0.00000000 -0.00000000
vn 0.00000000 -0.00000000 0.00000000
vn -0.00000000 -0.00000000 -0.00000000
vn 0.00000000 0.00000000 0.00000000
vn -0.00000000 -0.00000000 0.00000000
vn 0.00000000 0.00000000 -0.00000000
vn 0.00000000 0.00000000 -0.00000000
vn 0.00000000 -0.00000000 0.00000000
vn 0.00000000 -0.00000000 -0.00000000
vn 0.00000000 0.00000000 -0.00000000
vn 0.00000000 -0.00000000 -0.00000000
vn 0.00000000 0.00000000 0.00000000
vn 0.00000000 -0.00000000 -0.00000000
vn 0.00000000 0.00000000 0.00000000
vn -0.00000000 0.00000000 0.00000000
vn 0.00000000 -0.00000000 -0.00000000
vn 0.00000000 -0.00000000 0.00000000
vn 0.00000000 0.00000000 -0.00000000
vn 0.00000000 0.00000000 0.00000000
vn 0.00000000 -0.00000000 -0.00000000
vn 0.00000000 -0.00000000 -0.00000000
vn -0.00000000 0.00000000 0.00000000
vn 0.00000000 -0.00000000 -0.00000000
vn 0.00000000 0.00000000 0.00000000
vn 0.00000000 0.00000000 0.00000000
vn -0.00000000 -0.00000000 -0.00000000
vn 0.00000000 0.00000000 -0.00000000
vn 0.00000000 -0.00000000 0.00000000
vn 0.00000000 0.00000000 0.00000000
vn 0.00000000 -0.00000000 -0.00000000
vn 0.00000000 -0.00000000 0.00000000
vn -0.00000000 0.00000000 -0.00000000
vn 0.00000000 -0.00000000 -0.00000000
vn 0.00000000 0.00000000 0.00000000
vn 0.00000000 0.00000000 -0.00000000
vn 0.00000000 -0.00000000 0.00000000
vn 0.00000000 0.00000000 0.00000000
vn -0.00000000 -0.00000000 -0.00000000
vn 0.00000000 -0.00000000 0.00000000
vn 0.00000000 0.00000000 -0.00000000
vn 0.00000000 -0.00000000 -0.00000000
vn 0.00000000 0.00000000 0.00000000
vn 0.00000000 0.00000000 -0.00000000
vn 0.00000000 0.00000000 0.00000000
vn 0.00000000 0.00000000 -0.00000000
vn 0.00000000 -0.00000000 0.00000000
vn 0.00000000 -0.00000000 -0.00000000
vn -0.00000000 -0.00000000 0.00000000
vn 0.00000000 0.00000000 0.00000000
vn -0.00000000 0.00000000 -0.00000000
vn -0.00000000 -0.00000000 0.00000000
vn 0.00000000 0.00000000 -0.00000000
vn 0.00000000 -0.00000000 -0.00000000
vn 0.00000000 0.00000000 0.00000000
vn -0.00000000 -0.00000000 -0.00000000
vn -0.00000000 -0.00000000 -0.00000000
vn 0.00000000 0.00000000 -0.00000000
vn -0.00000000 0.00000000 0.00000000
vn 0.00000000 -0.00000000 0.00000000
vn -0.00000000 -0.00000000 -0.00000000
vn 0.00000000 0.00000000 0.00000000
vn -0.00000000 -0.00000000 0.00000000
vn -0.00000000 -0.00000000 0.00000000
vn -0.00000000 -0.00000000 -0.00000000
vn -0.00000000 0.00000000 -0.00000000
vn 0.00000000 0.00000000 0.00000000
vn 0.00000000 0.00000000 -0.00000000
vn 0.00000000 0.00000000 -0.00000000
vn 0.00000000 0.00000000 -0.00000000
vn -0.00000000 0.00000000 -0.00000000
vn -0.00000000 -0.00000000 0.00000000
vn 0.00000000 0.00000000 0.00000000
vn -0.00000000 -0.00000000 0.00000000
vn -0.00000000 -0.00000000 0.00000000
vn 0.00000000 0.00000000 -0.00000000
vn 0.00000000 0.00000000 -0.00000000
vn 0.00000000 -0.00000000 0.00000000
vn -0.00000000 -0.00000000 0.00000000
vn -0.00000000 0.00000000 -0.00000000
vn 0.00000000 -0.00000000 -0.00000000
vn 0.00000000 0.00000000 -0.00000000
vn 0.00000000 0.00000000 0.00000000
vn 0.00000000 -0.00000000 0.00000000
vn -0.00000000 0.00000000 0.00000000
vn 0.00000000 -0.00000000 -0.00000000
vn -0.00000000 0.00000000 0.00000000
vn -0.00000000 0.00000000 0.00000000
vn 0.00000000 -0.00000000 0.00000000
vn 0.00000000 -0.00000000 0.00000000
vn -0.00000000 -0.00000000 0.00000000
vn -0.00000000 -0.00000000 0.00000000
vn 0.00000000 -0.00000000 0.00000000
vn -0.00000000 0.00000000 -0.00000000
vn 0.00000000 0.00000000 0.00000000
vn 0.00000000 -0.00000000 0.00000000
vn 0.00000000 0.00000000 -0.00000000
vn 0.00000000 0.00000000 -0.00000000
vn 0.00000000 -0.00000000 0.00000000
vn 0.00000000 0.00000000 -0.00000000
vn 0.00000000 -0.00000000 0.00000000
vn 0.00000000 -0.00000000 0.00000000
vn 0.00000000 0.00000000 -0.00000000
vn 0.00000000 -0.00000000 0.00000000
vn 0.00000000 0.00000000 -0.00000000
vn 0.00000000 0.00000000 0.00000000
vn -0.00000000 -0.00000000 -0.00000000
vn -0.00000000 0.00000000 -0.00000000
vn 0.00000000 -0.00000000 0.00000000
vn 0.00000000 -0.00000000 -0.00000000
vn -0.00000000 0.00000000 0.00000000
vn 0.00000000 0.00000000 0.00000000
vn 0.00000000 -0.00000000 -0.00000000
vn 0.00000000 0.00000000 0.00000000
vn 0.00000000 -0.00000000 -0.00000000
vn -0.00000000 -0.00000000 -0.00000000
vn 0.00000000 0.00000000 0.00000000
vn 0.00000000 0.00000000 0.00000000
vn 0.00000000 -0.00000000 0.00000000
vn 0.00000000 0.00000000 0.00000000
vn 0.00000000 -0.00000000 -0.00000000
vn 0.00000000 -0.00000000 -0.00000000
vn -0.00000000 0.00000000 0.00000000
vn 0.00000000 0.00000000 0.00000000
vn 0.00000000 -0.00000000 -0.00000000
vn 0.00000000 -0.00000000 -0.00000000
vn 0.00000000 0.00000000 0.00000000
vn 0.00000000 0.00000000 0.00000000
vn 0.00000000 -0.00000000 -0.00000000
vn 0.00000000 0.00000000 -0.00000000
vn -0.00000000 -0.00000000 0.00000000
vn 0.00000000 -0.00000000 -0.00000000
vn -0.00000000 0.00000000 0.00000000
vn 0.00000000 -0.00000000 -0.00000000
vn 0.00000000 0.00000000 0.00000000
vn 0.00000000 0.00000000 0.00000000
vn -0.00000000 -0.00000000 -0.00000000
vn 0.00000000 -0.00000000 0.00000000
vn 0.00000000 0.00000000 -0.00000000
vn 0.00000000 -0.00000000 0.00000000
vn 0.00000000 0.00000000 -0.00000000
vn 0.00000000 0.00000000 -0.00000000
vn 0.00000000 -0.00000000 0.00000000
vn 0.00000000 -0.00000000 -0.00000000
vn 0.00000000 0.00000000 0.00000000
vn 0.00000000 0.00000000 0.00000000
vn 0.00000000 -0.00000000 -0.00000000
vn 0.00000000 0.00000000 0.00000000
vn -0.00000000 -0.00000000 -0.00000000
vn 0.00000000 -0.00000000 -0.00000000
vn -0.00000000 0.00000000 0.00000000
vn 0.00000000 0.00000000 0.00000000
vn -0.00000000 0.00000000 -0.00000000
vn 0.00000000 0.00000000 0.00000000
vn -0.00000000 0.00000000 -0.00000000
vn 0.00000000 0.00000000 -0.00000000
vn 0.00000000 -0.00000000 0.00000000
vn 0.00000000 -0.00000000 0.00000000
vn -0.00000000 0.00000000 -0.00000000
vn 0.00000000 0.00000000 -0.00000000
vn 0.00000000 -0.00000000 0.00000000
vn 0.00000000 0.00000000 -0.00000000
vn 0.00000000 -0.00000000 0.00000000
vn 0.00000000 0.00000000 -0.00000000
vn 0.00000000 -0.00000000 0.00000000
vn 0.00000000 -0.00000000 -0.00000000
vn 0.00000000 0.00000000 0.00000000
vn 0.00000000 -0.00000000 0.00000000
vn 0.00000000 0.00000000 -0.00000000
vn 0.00000000 -0.00000000 0.00000000
vn 0.00000000 0.00000000 -0.00000000
vn -0.00000000 0.00000000 -0.00000000
vn 0.00000000 0.00000000 0.00000000
vn 0.00000000 0.00000000 0.00000000
vn 0.00000000 -0.00000000 -0.00000000
vn -0.00000000 0.00000000 0.00000000
vn 0.00000000 -0.00000000 -0.00000000
vn 0.00000000 -0.00000000 0.00000000
vn 0.00000000 0.00000000 -0.00000000
vn -0.00000000 -0.00000000 -0.00000000
vn 0.00000000 0.00000000 0.00000000
vn 0.00000000 0.00000000 0.00000000
vn 0.00000000 -0.00000000 -0.00000000
vn 0.00000000 0.00000000 0.00000000
vn 0.00000000 -0.00000000 -0.00000000
vn 0.00000000 0.00000000 0.00000000
vn -0.00000000 -0.00000000 -0.00000000
vn 0.00000000 -0.00000000 -0.00000000
vn 0.00000000 0.00000000 0.00000000
vn 0.00000000 0.00000000 -0.00000000
vn -0.00000000 -0.00000000 0.00000000
vn 0.00000000 -0.00000000 0.00000000
vn 0.00000000 0.00000000 -0.00000000
vn 0.00000000 -0.00000000 0.00000000
vn 0.00000000 0.00000000 0.00000000
vn 0.00000000 -0.00000000 0.00000000
vn -0.00000000 0.00000000 0.00000000
vn 0.00000000 0.00000000 -0.00000000
vn 0.00000000 -0.00000000 0.00000000
vn 0.00000000 0.00000000 -0.00000000
vn 0.00000000 -0.00000000 0.00000000
vn 0.00000000 -0.00000000 0.00000000
vn 0.00000000 0.00000000 -0.00000000
vn 0.00000000 0.00000000 0.00000000
vn 0.00000000 -0.00000000 -0.00000000
vn 0.00000000 0.00000000 0.00000000
vn 0.00000000 -0.00000000 -0.00000000
vn 0.00000000 -0.00000000 -0.00000000
vn -0.00000000 0.00000000 0.00000000
vn 0.00000000 0.00000000 0.00000000
vn 0.00000000 -0.00000000 0.00000000
vn 0.00000000 -0.00000000 -0.00000000
vn 0.00000000 0.00000000 0.00000000
vn 0.00000000 0.00000000 0.00000000
vn 0.00000000 -0.00000000 -0.00000000
vn 0.00000000 0.00000000 0.00000000
vn -0.00000000 -0.00000000 -0.00000000
vn 0.00000000 -0.00000000 -0.00000000
vn 0.00000000 0.00000000 0.00000000
vn 0.00000000 -0.00000000 -0.00000000
vn -0.00000000 0.00000000 0.00000000
vn 0.00000000 0.00000000 0.00000000
vn 0.00000000 -0.00000000 -0.00000000
vn 0.00000000 -0.00000000 0.00000000
vn 0.00000000 0.00000000 -0.00000000
vn 0.00000000 0.00000000 -0.00000000
vn 0.00000000 -0.00000000 0.00000000
vn 0.00000000 0.00000000 -0.00000000
vn 0.00000000 -0.00000000 0.00000000
vn -0.00000000 -0.00000000 -0.00000000
vn 0.00000000 0.00000000 0.00000000
vn 0.00000000 -0.00000000 0.00000000
vn 0.00000000 0.00000000 0.00000000
vn -0.00000000 -0.00000000 0.00000000
vn 0.00000000 -0.00000000 -0.00000000
vn 0.00000000 0.00000000 -0.00000000
vn 0.00000000 -0.00000000 0.00000000
vn 0.00000000 0.00000000 -0.00000000
vn 0.00000000 -0.00000000 0.00000000
vn -0.00000000 0.00000000 -0.00000000
vn -0.00000000 0.00000000 -0.00000000
vn 0.00000000 0.00000000 0.00000000
vn -0.00000000 -0.00000000 0.00000000
vn 0.00000000 0.00000000 -0.00000000
vn -0.00000000 -0.00000000 0.00000000
vn -0.00000000 -0.00000000 -0.00000000
vn 0.00000000 0.00000000 -0.00000000
vn -0.00000000 -0.00000000 0.00000000
vn 0.00000000 -0.00000000 0.00000000
vn 0.00000000 -0.00000000 0.00000000
vn 0.00000000 0.00000000 -0.00000000
vn -0.00000000 0.00000000 -0.00000000
vn -0.00000000 -0.00000000 0.00000000
vn 0.00000000 0.00000000 0.00000000
vn 0.00000000 0.00000000 0.00000000
vn 0.00000000 0.00000000 0.00000000
vn -0.00000000 -0.00000000 -0.00000000
vn 0.00000000 0.00000000 0.00000000
vn 0.00000000 0.00000000 -0.00000000
vn 0.00000000 0.00000000 -0.00000000
vn 0.00000000 0.00000000 -0.00000000
vn 0.00000000 0.00000000 -0.00000000
vn -0.00000000 0.00000000 -0.00000000
vn -0.00000000 -0.00000000 0.00000000
vn 0.00000000 0.00000000 0.00000000
vn -0.00000000 0.00000000 0.00000000
vn 0.00000000 0.00000000 0.00000000
vn 0.00000000 0.00000000 -0.00000000
vn -0.00000000 -0.00000000 -0.00000000
vn 0.00000000 -0.00000000 -0.00000000
vn 0.00000000 -0.00000000 -0.00000000
vn 0.00000000 0.00000000 -0.00000000
vn -0.00000000 0.00000000 0.00000000
vn 0.00000000 0.00000000 0.00000000
vn -0.00000000 -0.00000000 -0.00000000
vn 0.00000000 0.00000000 0.00000000
vn -0.00000000 -0.00000000 -0.00000000
vn -0.00000000 0.00000000 -0.00000000
vn 0.00000000 0.00000000 -0.00000000
vn 0.00000000 0.00000000 0.00000000
vn 0.00000000 0.00000000 -0.00000000
vn -0.00000000 -0.00000000 -0.00000000
vn -0.00000000 0.00000000 0.00000000
vn -0.00000000 0.00000000 0.00000000
vn -0.00000000 -0.00000000 0.00000000
vn -0.00000000 -0.00000000 0.00000000
vn 0.00000000 -0.00000000 0.00000000
vn -0.00000000 -0.00000000 0.00000000
vn 0.00000000 0.00000000 -0.00000000
vn 0.00000000 0.00000000 -0.00000000
vn -0.00000000 -0.00000000 0.00000000
vn 0.00000000 0.00000000 0.00000000
vn -0.00000000 0.00000000 -0.00000000
vn -0.00000000 -0.00000000 0.00000000
vn -0.00000000 -0.00000000 0.00000000
vn -0.00000000 0.00000000 -0.00000000
vn -0.00000000 -0.00000000 -0.00000000
vn 0.00000000 -0.00000000 -0.00000000
vn 0.00000000 -0.00000000 -0.00000000
vn -0.00000000 0.00000000 0.00000000
vn -0.00000000 -0.00000000 -0.00000000
vn -0.00000000 0.00000000 -0.00000000
vn 0.00000000 0.00000000 0.00000000
vn 0.00000000 0.00000000 0.00000000
vn 0.00000000 0.00000000 0.00000000
vn 0.00000000 0.00000000 -0.00000000
vn -0.00000000 0.00000000 0.00000000
vn 0.00000000 -0.00000000 -0.00000000
vn -0.00000000 0.00000000 0.00000000
vn -0.00000000 0.00000000 -0.00000000
vn -0.00000000 0.00000000 0.00000000
vn 0.00000000 0.00000000 -0.00000000
vn -0.00000000 -0.00000000 0.00000000
vn -0.00000000 0.00000000 0.00000000
vn 0.00000000 0.00000000 -0.00000000
vn -0.00000000 0.00000000 -0.00000000
vn -0.00000000 -0.00000000 -0.00000000
vn -0.00000000 -0.00000000 -0.00000000
vn 0.00000000 0.00000000 -0.00000000
vn 0.00000000 0.00000000 0.00000000
vn -0.00000000 0.00000000 -0.00000000
vn 0.00000000 -0.00000000 0.00000000
vn 0.00000000 -0.00000000 -0.00000000
vn -0.00000000 0.00000000 0.00000000
vn -0.00000000 0.00000000 0.00000000
vn 0.00000000 0.00000000 0.00000000
vn 0.00000000 -0.00000000 -0.00000000
vn 0.00000000 -0.00000000 -0.00000000
vn -0.00000000 0.00000000 0.00000000
vn -0.00000000 -0.00000000 -0.00000000
vn 0.00000000 -0.00000000 0.00000000
vn 0.00000000 -0.00000000 -0.00000000
vn 0.00000000 0.00000000 -0.00000000
vn -0.00000000 0.00000000 0.00000000
vn 0.00000000 -0.00000000 -0.00000000
vn -0.00000000 0.00000000 -0.00000000
vn 0.00000000 0.00000000 0.00000000
vn 0.00000000 0.00000000 0.00000000
vn -0.00000000 -0.00000000 0.00000000
vn 0.00000000 -0.00000000 0.00000000
vn 0.00000000 0.00000000 0.00000000
vn -0.00000000 0.00000000 0.00000000
vn 0.00000000 -0.00000000 0.00000000
vn 0.00000000 0.00000000 0.00000000
vn 0.00000000 0.00000000 0.00000000
vn -0.00000000 0.00000000 0.00000000
vn 0.00000000 0.00000000 0.00000000
vn -0.00000000 -0.00000000 0.00000000
vn -0.00000000 0.00000000 0.00000000
vn 0.00000000 0.00000000 0.00000000
vn 0.00000000 0.00000000 0.00000000
vn 0.00000000 0.00000000 0.00000000
vn -0.00000000 -0.00000000 -0.00000000
vn 0.00000000 0.00000000 -0.00000000
vn -0.00000000 0.00000000 0.00000000
vn -0.00000000 -0.00000000 0.00000000
vn 0.00000000 0.00000000 0.00000000
vn -0.00000000 0.00000000 0.00000000
vn -0.00000000 -0.00000000 0.00000000
vn -0.00000000 -0.00000000 0.00000000
vn 0.00000000 -0.00000000 0.00000000
vn 0.00000000 -0.00000000 0.00000000
vn -0.00000000 0.00000000 0.00000000
vn 0.00000000 0.00000000 0.00000000
vn -0.00000000 -0.00000000 -0.00000000
vn -0.00000000 -0.00000000 -0.00000000
vn 0.00000000 -0.00000000 -0.00000000
vn 0.00000000 0.00000000 -0.00000000
vn 0.00000000 -0.00000000 -0.00000000
vn -0.00000000 0.00000000 -0.00000000
vn -0.00000000 0.00000000 -0.00000000
vn 0.00000000 0.00000000 0.00000000
vn -0.00000000 0.00000000 -0.00000000
vn -0.00000000 0.00000000 0.00000000
vn -0.00000000 0.00000000 0.00000000
vn 0.00000000 0.00000000 0.00000000
vn -0.00000000 -0.00000000 -0.00000000
vn -0.00000000 -0.00000000 -0.00000000
vn 0.00000000 0.00000000 0.00000000
vn 0.00000000 0.00000000 0.00000000
vn 0.00000000 0.00000000 -0.00000000
vn 0.00000000 0.00000000 -0.00000000
vn 0.00000000 0.00000000 -0.00000000
vn -0.00000000 -0.00000000 0.00000000
vn 0.00000000 0.00000000 0.00000000
vn 0.00000000 0.00000000 -0.00000000
vn 0.00000000 -0.00000000 0.00000000
vn 0.00000000 0.00000000 -0.00000000
vn -0.00000000 -0.00000000 0.00000000
vn -0.00000000 -0.00000000 -0.00000000
vn -0.00000000 0.00000000 -0.00000000
vn 0.00000000 0.00000000 -0.00000000
vn 0.00000000 0.00000000 0.00000000
vn 0.00000000 0.00000000 0.00000000
vn -0.00000000 0.00000000 -0.00000000
vn -0.00000000 -0.00000000 -0.00000000
vn 0.00000000 0.00000000 0.00000000
vn 0.00000000 0.00000000 0.00000000
vn -0.00000000 0.00000000 0.00000000
vn 0.00000000 -0.00000000 -0.00000000
vn -0.00000000 0.00000000 0.00000000
vn 0.00000000 0.00000000 -0.00000000
vn 0.00000000 0.00000000 -0.00000000
vn 0.00000000 0.00000000 -0.00000000
vn 0.00000000 -0.00000000 0.00000000
vn -0.00000000 -0.00000000 0.00000000
vn -0.00000000 0.00000000 -0.00000000
vn 0.00000000 0.00000000 -0.00000000
vn -0.00000000 -0.00000000 0.00000000
vn -0.00000000 0.00000000 0.00000000
vn 0.00000000 0.00000000 0.00000000
vn -0.00000000 0.00000000 -0.00000000
vn 0.00000000 -0.00000000 0.00000000
vn 0.00000000 -0.00000000 0.00000000
vn -0.00000000 0.00000000 -0.00000000
vn 0.00000000 0.00000000 -0.00000000
vn -0.00000000 0.00000000 0.00000000
vn 0.00000000 0.00000000 0.00000000
vn 0.00000000 -0.00000000 -0.00000000
vn 0.00000000 -0.00000000 0.00000000
vn 0.00000000 -0.00000000 -0.00000000
vn 0.00000000 -0.00000000 0.00000000
vn 0.00000000 -0.00000000 -0.00000000
vn 0.00000000 -0.00000000 -0.00000000
vn -0.00000000 0.00000000 0.00000000
vn -0.00000000 -0.00000000 -0.00000000
vn 0.00000000 -0.00000000 0.00000000
vn -0.00000000 -0.00000000 0.00000000
vn 0.00000000 -0.00000000 0.00000000
vn -0.00000000 0.00000000 0.00000000
vn -0.00000000 -0.00000000 -0.00000000
vn -0.00000000 -0.00000000 -0.00000000
vn 0.00000000 0.00000000 0.00000000
vn 0.00000000 0.00000000 0.00000000
vn 0.00000000 0.00000000 -0.00000000
vn 0.00000000 0.00000000 -0.00000000
vn 0.00000000 -0.00000000 0.00000000
vn -0.00000000 -0.00000000 0.00000000
vn 0.00000000 0.00000000 -0.00000000
vn 0.00000000 -0.00000000 0.00000000
vn 0.00000000 -0.00000000 0.00000000
vn -0.00000000 -0.00000000 0.00000000
vn 0.00000000 0.00000000 -0.00000000
vn -0.00000000 0.00000000 -0.00000000
vn -0.00000000 -0.00000000 0.00000000
vn -0.00000000 0.00000000 -0.00000000
vn 0.00000000 0.00000000 0.00000000
vn 0.00000000 0.00000000 0.00000000
vn -0.00000000 -0.00000000 -0.00000000
vn -0.00000000 0.00000000 -0.00000000
vn 0.00000000 -0.00000000 0.00000000
vn 0.00000000 0.00000000 0.00000000
vn -0.00000000 -0.00000000 -0.00000000
vn -0.00000000 0.00000000 -0.00000000
vn 0.00000000 0.00000000 0.00000000
vn 0.00000000 0.00000000 0.00000000
vn 0.00000000 -0.00000000 0.00000000
vn -0.00000000 0.00000000 0.00000000
vn -0.00000000 0.00000000 0.00000000
vn 0.00000000 0.00000000 -0.00000000
vn -0.00000000 -0.00000000 0.00000000
vn -0.00000000 0.00000000 0.00000000
vn 0.00000000 -0.00000000 -0.00000000
vn 0.00000000 -0.00000000 0.00000000
vn -0.00000000 0.00000000 -0.00000000
vn 0.00000000 0.00000000 0.00000000
vn -0.00000000 -0.00000000 -0.00000000
vn 0.00000000 0.00000000 0.00000000
vn -0.00000000 -0.00000000 -0.00000000
vn -0.00000000 0.00000000 0.00000000
vn 0.00000000 -0.00000000 -0.00000000
vn 0.00000000 -0.00000000 -0.00000000
vn -0.00000000 0.00000000 0.00000000
vn -0.00000000 0.00000000 -0.00000000
vn 0.00000000 -0.00000000 0.00000000
vn 0.00000000 -0.00000000 0.00000000
vn -0.00000000 0.00000000 0.00000000
vn -0.00000000 -0.00000000 0.00000000
vn 0.00000000 0.00000000 0.00000000
vn -0.00000000 -0.00000000 -0.00000000
vn 0.00000000 0.00000000 0.00000000
vn 0.00000000 0.00000000 -0.00000000
vn 0.00000000 -0.00000000 0.00000000
vn 0.00000000 0.00000000 -0.00000000
vn 0.00000000 -0.00000000 0.00000000
vn -0.00000000 -0.00000000 -0.00000000
vn 0.00000000 -0.00000000 0.00000000
vn -0.00000000 0.00000000 -0.00000000
vn 0.00000000 -0.00000000 0.00000000
vn -0.00000000 -0.00000000 0.00000000
vn 0.00000000 0.00000000 -0.00000000
vn 0.00000000 0.00000000 0.00000000
vn 0.00000000 -0.00000000 -0.00000000
vn 0.00000000 0.00000000 -0.00000000
vn -0.00000000 -0.00000000 0.00000000
vn 0.00000000 0.00000000 0.00000000
vn -0.00000000 -0.00000000 -0.00000000
vn 0.00000000 -0.00000000 0.00000000
vn -0.00000000 0.00000000 -0.00000000
vn 0.00000000 -0.00000000 -0.00000000
vn -0.00000000 0.00000000 0.00000000
vn 0.00000000 -0.00000000 -0.00000000
vn 0.00000000 0.00000000 0.00000000
vn 0.00000000 0.00000000 -0.00000000
vn 0.00000000 -0.00000000 0.00000000
vn 0.00000000 -0.00000000 0.00000000
vn -0.00000000 0.00000000 -0.00000000
vn 0.00000000 -0.00000000 0.00000000
vn 0.00000000 0.00000000 -0.00000000
vn 0.00000000 0.00000000 0.00000000
vn -0.00000000 -0.00000000 -0.00000000
vn 0.00000000 -0.00000000 0.00000000
vn 0.00000000 0.00000000 -0.00000000
vn 0.00000000 -0.00000000 -0.00000000
vn 0.00000000 0.00000000 0.00000000
vn 0.00000000 -0.00000000 -0.00000000
vn 0.00000000 -0.00000000 0.00000000
vn 0.00000000 -0.00000000 -0.00000000
vn 0.00000000 0.00000000 0.00000000
vn 0.00000000 -0.00000000 0.00000000
vn 0.00000000 0.00000000 -0.00000000
vn 0.00000000 0.00000000 0.00000000
vn -0.00000000 -0.00000000 -0.00000000
vn 0.00000000 0.00000000 -0.00000000
vn 0.00000000 -0.00000000 0.00000000
vn 0.00000000 -0.00000000 -0.00000000
vn 0.00000000 0.00000000 0.00000000
vn 0.00000000 0.00000000 0.00000000
vn -0.00000000 0.00000000 -0.00000000
vn 0.00000000 -0.00000000 -0.00000000
vn 0.00000000 0.00000000 0.00000000
vn -0.00000000 0.00000000 -0.00000000
vn 0.00000000 0.00000000 0.00000000
vn 0.00000000 0.00000000 0.00000000
vn 0.00000000 -0.00000000 0.00000000
vn -0.00000000 -0.00000000 -0.00000000
vn -0.00000000 -0.00000000 -0.00000000
vn -0.00000000 0.00000000 -0.00000000
vn 0.00000000 0.00000000 0.00000000
vn 0.00000000 0.00000000 0.00000000
vn -0.00000000 -0.00000000 -0.00000000
vn -0.00000000 0.00000000 -0.00000000
vn -0.00000000 0.00000000 0.00000000
vn -0.00000000 -0.00000000 0.00000000
vn 0.00000000 -0.00000000 -0.00000000
vn 0.00000000 0.00000000 -0.00000000
vn 0.00000000 0.00000000 -0.00000000
vn 0.00000000 0.00000000 0.00000000
vn -0.00000000 -0.00000000 -0.00000000
vn -0.00000000 0.00000000 0.00000000
vn 0.00000000 -0.00000000 0.00000000
vn 0.00000000 -0.00000000 0.00000000
vn 0.00000000 -0.00000000 -0.00000000
vn -0.00000000 0.00000000 0.00000000
vn -0.00000000 0.00000000 0.00000000
vn -0.00000000 0.00000000 -0.00000000
vn 0.00000000 0.00000000 -0.00000000
vn 0.00000000 -0.00000000 0.00000000
vn 0.00000000 -0.00000000 0.00000000
vn -0.00000000 -0.00000000 0.00000000
vn 0.00000000 0.00000000 -0.00000000
vn -0.00000000 0.00000000 0.00000000
vn -0.00000000 0.00000000 0.00000000
vn 0.00000000 -0.00000000 0.00000000
vn 0.00000000 0.00000000 0.00000000
vn 0.00000000 -0.00000000 0.00000000
vn -0.00000000 0.00000000 0.00000000
vn -0.00000000 0.00000000 0.00000000
vn 0.00000000 0.00000000 0.00000000
vn 0.00000000 0.00000000 0.00000000
vn -0.00000000 0.00000000 -0.00000000
vn 0.00000000 -0.00000000 0.00000000
vn -0.00000000 0.00000000 0.00000000
vn 0.00000000 0.00000000 0.00000000
vn -0.00000000 -0.00000000 0.00000000
vn 0.00000000 -0.00000000 -0.00000000
vn 0.00000000 0.00000000 0.00000000
vn 0.00000000 -0.00000000 -0.00000000
vn 0.00000000 0.00000000 0.00000000
vn -0.00000000 0.00000000 -0.00000000
vn -0.00000000 0.00000000 0.00000000
vn -0.00000000 0.00000000 0.00000000
vn -0.00000000 -0.00000000 0.00000000
vn -0.00000000 0.00000000 -0.00000000
vn 0.00000000 0.00000000 0.00000000
vn 0.00000000 0.00000000 0.00000000
vn -0.00000000 -0.00000000 -0.00000000
vn -0.00000000 0.00000000 -0.00000000
vn 0.00000000 -0.00000000 0.00000000
vn 0.00000000 0.00000000 0.00000000
vn -0.00000000 -0.00000000 -0.00000000
vn -0.00000000 0.00000000 -0.00000000
vn 0.00000000 0.00000000 0.00000000
vn 0.00000000 0.00000000 0.00000000
vn 0.00000000 -0.00000000 0.00000000
vn -0.00000000 0.00000000 0.00000000
vn -0.00000000 0.00000000 0.00000000
vn 0.00000000 -0.00000000 0.00000000
vn -0.00000000 0.00000000 0.00000000
vn 0.00000000 0.00000000 -0.00000000
vn -0.00000000 -0.00000000 0.00000000
vn 0.00000000 0.00000000 0.00000000
vn -0.00000000 -0.00000000 -0.00000000
vn -0.00000000 -0.00000000 0.00000000
vn 0.00000000 -0.00000000 -0.00000000
vn 0.00000000 0.00000000 0.00000000
vn 0.00000000 0.00000000 -0.00000000
vn 0.00000000 0.00000000 0.00000000
vn -0.00000000 0.00000000 -0.00000000
vn 0.00000000 0.00000000 0.00000000
vn -0.00000000 0.00000000 -0.00000000
vn -0.00000000 0.00000000 0.00000000
vn 0.00000000 -0.00000000 0.00000000
vn 0.00000000 -0.00000000 -0.00000000
vn 0.00000000 0.00000000 0.00000000
vn 0.00000000 0.00000000 -0.00000000
vn 0.00000000 0.00000000 0.00000000
vn 0.00000000 0.00000000 0.00000000
vn 0.00000000 0.00000000 -0.00000000
vn -0.00000000 0.00000000 -0.00000000
vn 0.00000000 0.00000000 0.00000000
vn 0.00000000 0.00000000 -0.00000000
vn 0.00000000 -0.00000000 0.00000000
vn 0.00000000 -0.00000000 0.00000000
vn 0.00000000 0.00000000 0.00000000
vn 0.00000000 -0.00000000 -0.00000000
vn 0.00000000 -0.00000000 0.00000000
vn 0.00000000 -0.00000000 -0.00000000
vn -0.00000000 -0.00000000 0.00000000
vn -0.00000000 -0.00000000 0.00000000
vn 0.00000000 0.00000000 -0.00000000
vn 0.00000000 0.00000000 0.00000000
vn -0.00000000 -0.00000000 0.00000000
vn 0.00000000 -0.00000000 0.00000000
vn -0.00000000 0.00000000 -0.00000000
vn 0.00000000 0.00000000 -0.00000000
vn -0.00000000 -0.00000000 0.00000000
vn 0.00000000 0.00000000 0.00000000
vn 0.00000000 0.00000000 0.00000000
vn 0.00000000 0.00000000 -0.00000000
vn 0.00000000 0.00000000 0.00000000
vn 0.00000000 -0.00000000 -0.00000000
vn -0.00000000 0.00000000 0.00000000
vn 0.00000000 -0.00000000 -0.00000000
vn -0.00000000 0.00000000 0.00000000
vn 0.00000000 0.00000000 0.00000000
vn 0.00000000 -0.00000000 0.00000000
vn -0.00000000 -0.00000000 -0.00000000
vn 0.00000000 0.00000000 0.00000000
vn -0.00000000 0.00000000 0.00000000
vn -0.00000000 -0.00000000 0.00000000
vn -0.00000000 -0.00000000 0.00000000
vn 0.00000000 0.00000000 -0.00000000
vn -0.00000000 0.00000000 0.00000000
vn 0.00000000 -0.00000000 0.00000000
vn -0.00000000 -0.00000000 -0.00000000
vn 0.00000000 0.00000000 -0.00000000
vn 0.00000000 0.00000000 0.00000000
vn -0.00000000 -0.00000000 0.00000000
vn -0.00000000 -0.00000000 -0.00000000
vn -0.00000000 0.00000000 0.00000000
vn -0.00000000 -0.00000000 0.00000000
vn 0.00000000 -0.00000000 -0.00000000
vn 0.00000000 -0.00000000 -0.00000000
vn 0.00000000 0.00000000 0.00000000
vn 0.00000000 0.00000000 0.00000000
vn -0.00000000 -0.00000000 -0.00000000
vn 0.00000000 0.00000000 -0.00000000
vn -0.00000000 -0.00000000 0.00000000
vn 0.00000000 0.00000000 -0.00000000
vn -0.00000000 -0.00000000 0.00000000
vn 0.00000000 -0.00000000 -0.00000000
vn 0.00000000 0.00000000 0.00000000
vn -0.00000000 -0.00000000 0.00000000
vn 0.00000000 0.00000000 -0.00000000
vn -0.00000000 0.00000000 0.00000000
vn 0.00000000 -0.00000000 -0.00000000
vn -0.00000000 0.00000000 -0.00000000
vn 0.00000000 -0.00000000 0.00000000
vn -0.00000000 -0.00000000 -0.00000000
vn 0.00000000 0.00000000 0.00000000
vn 0.00000000 -0.00000000 0.00000000
vn 0.00000000 0.00000000 -0.00000000
vn 0.00000000 0.00000000 0.00000000
vn 0.00000000 -0.00000000 -0.00000000
vn 0.00000000 -0.00000000 0.00000000
vn -0.00000000 0.00000000 -0.00000000
vn 0.00000000 0.00000000 0.00000000
vn -0.00000000 -0.00000000 -0.00000000
vn 0.00000000 0.00000000 -0.00000000
vn 0.00000000 -0.00000000 0.00000000
vn 0.00000000 -0.00000000 -0.00000000
vn 0.00000000 0.00000000 0.00000000
vn 0.00000000 -0.00000000 -0.00000000
vn 0.00000000 0.00000000 0.00000000
vn 0.00000000 0.00000000 -0.00000000
vn 0.00000000 -0.00000000 -0.00000000
vn 0.00000000 0.00000000 0.00000000
vn -0.00000000 -0.00000000 -0.00000000
vn 0.00000000 -0.00000000 0.00000000
vn -0.00000000 0.00000000 -0.00000000
vn 0.00000000 0.00000000 -0.00000000
vn 0.00000000 -0.00000000 0.00000000
vn 0.00000000 0.00000000 -0.00000000
vn 0.00000000 -0.00000000 0.00000000
vn 0.00000000 0.00000000 -0.00000000
vn -0.00000000 -0.00000000 -0.00000000
vn 0.00000000 -0.00000000 0.00000000
vn 0.00000000 -0.00000000 0.00000000
vn 0.00000000 -0.00000000 -0.00000000
vn 0.00000000 0.00000000 0.00000000
vn 0.00000000 0.00000000 -0.00000000
vn -0.00000000 -0.00000000 0.00000000
vn 0.00000000 0.00000000 0.00000000
vn -0.00000000 -0.00000000 -0.00000000
vn 0.00000000 -0.00000000 0.00000000
vn -0.00000000 0.00000000 -0.00000000
vn 0.00000000 -0.00000000 -0.00000000
vn -0.00000000 0.00000000 0.00000000
vn -0.00000000 -0.00000000 0.00000000
vn 0.00000000 -0.00000000 -0.00000000
vn 0.00000000 0.00000000 0.00000000
vn -0.00000000 0.00000000 -0.00000000
vn 0.00000000 0.00000000 0.00000000
vn -0.00000000 0.00000000 -0.00000000
vn -0.00000000 0.00000000 0.00000000
vn 0.00000000 0.00000000 0.00000000
vn 0.00000000 -0.00000000 -0.00000000
vn -0.00000000 -0.00000000 0.00000000
vn 0.00000000 -0.00000000 -0.00000000
vn 0.00000000 0.00000000 -0.00000000
vn -0.00000000 0.00000000 0.00000000
vn 0.00000000 -0.00000000 -0.00000000
vn 0.00000000 0.00000000 -0.00000000
vn 0.00000000 0.00000000 0.00000000
vn 0.00000000 -0.00000000 -0.00000000
vn 0.00000000 -0.00000000 -0.00000000
vn 0.00000000 0.00000000 -0.00000000
vn -0.00000000 -0.00000000 -0.00000000
vn 0.00000000 0.00000000 0.00000000
vn -0.00000000 0.00000000 0.00000000
vn 0.00000000 0.00000000 0.00000000
vn 0.00000000 -0.00000000 -0.00000000
vn 0.00000000 0.00000000 -0.00000000
vn 0.00000000 0.00000000 0.00000000
vn -0.00000000 -0.00000000 0.00000000
vn -0.00000000 0.00000000 -0.00000000
vn -0.00000000 0.00000000 -0.00000000
vn -0.00000000 0.00000000 0.00000000
vn -0.00000000 -0.00000000 0.00000000
vn 0.00000000 -0.00000000 0.00000000
vn -0.00000000 -0.00000000 -0.00000000
vn -0.00000000 0.00000000 0.00000000
vn 0.00000000 0.00000000 0.00000000
vn 0.00000000 -0.00000000 -0.00000000
vn 0.00000000 -0.00000000 0.00000000
vn -0.00000000 0.00000000 0.00000000
vn -0.00000000 -0.00000000 -0.00000000
vn 0.00000000 0.00000000 -0.00000000
vn 0.00000000 -0.00000000 -0.00000000
vn -0.00000000 0.00000000 0.00000000
vn -0.00000000 -0.00000000 0.00000000
vn 0.00000000 0.00000000 0.00000000
vn 0.00000000 0.00000000 0.00000000
vn -0.00000000 0.00000000 0.00000000
vn 0.00000000 -0.00000000 0.00000000
vn -0.00000000 0.00000000 -0.00000000
vn -0.00000000 0.00000000 -0.00000000
vn 0.00000000 -0.00000000 0.00000000
vn -0.00000000 0.00000000 -0.00000000
vn 0.00000000 -0.00000000 0.00000000
vn -0.00000000 0.00000000 0.00000000
vn 0.00000000 -0.00000000 -0.00000000
vn 0.00000000 0.00000000 -0.00000000
vn 0.00000000 -0.00000000 0.00000000
vn 0.00000000 -0.00000000 -0.00000000
vn 0.00000000 0.00000000 0.00000000
vn 0.00000000 -0.00000000 0.00000000
vn 0.00000000 0.00000000 -0.00000000
vn 0.00000000 0.00000000 0.00000000
vn 0.00000000 -0.00000000 -0.00000000
vn 0.00000000 -0.00000000 0.00000000
vn 0.00000000 0.00000000 -0.00000000
vn 0.00000000 0.00000000 0.00000000
vn 0.00000000 -0.00000000 -0.00000000
vn 0.00000000 -0.00000000 0.00000000
vn 0.00000000 0.00000000 -0.00000000
vn 0.00000000 0.00000000 0.00000000
vn 0.00000000 -0.00000000 -0.00000000
vn 0.00000000 0.00000000 0.00000000
vn 0.00000000 -0.00000000 -0.00000000
vn 0.00000000 -0.00000000 0.00000000
vn 0.00000000 0.00000000 -0.00000000
vn 0.00000000 -0.00000000 -0.00000000
vn -0.00000000 0.00000000 0.00000000
vn 0.00000000 0.00000000 -0.00000000
vn 0.00000000 -0.00000000 0.00000000
vn 0.00000000 -0.00000000 -0.00000000
vn -0.00000000 0.00000000 0.00000000
vn 0.00000000 0.00000000 0.00000000
vn -0.00000000 -0.00000000 0.00000000
vn 0.00000000 0.00000000 0.00000000
vn 0.00000000 -0.00000000 -0.00000000
vn 0.00000000 -0.00000000 0.00000000
vn 0.00000000 -0.00000000 -0.00000000
vn 0.00000000 0.00000000 0.00000000
vn 0.00000000 -0.00000000 -0.00000000
vn 0.00000000 -0.00000000 0.00000000
vn -0.00000000 0.00000000 -0.00000000
vn 0.00000000 0.00000000 0.00000000
vn 0.00000000 -0.00000000 -0.00000000
vn 0.00000000 -0.00000000 0.00000000
vn -0.00000000 0.00000000 -0.00000000
vn 0.00000000 0.00000000 -0.00000000
vn -0.00000000 -0.00000000 0.00000000
vn 0.00000000 -0.00000000 -0.00000000
vn 0.00000000 0.00000000 0.00000000
vn -0.00000000 0.00000000 0.00000000
vn -0.00000000 0.00000000 -0.00000000
vn 0.00000000 0.00000000 0.00000000
vn 0.00000000 -0.00000000 0.00000000
vn 0.00000000 0.00000000 0.00000000
vn 0.00000000 0.00000000 0.00000000
vn 0.00000000 -0.00000000 0.00000000
vn 0.00000000 0.00000000 -0.00000000
vn 0.00000000 0.00000000 0.00000000
vn 0.00000000 -0.00000000 -0.00000000
vn 0.00000000 0.00000000 -0.00000000
vn 0.00000000 0.00000000 0.00000000
vn 0.00000000 -0.00000000 -0.00000000
vn 0.00000000 0.00000000 0.00000000
vn 0.00000000 0.00000000 -0.00000000
vn 0.00000000 -0.00000000 0.00000000
vn 0.00000000 -0.00000000 0.00000000
vn -0.00000000 0.00000000 -0.00000000
vn -0.00000000 0.00000000 -0.00000000
vn 0.00000000 -0.00000000 0.00000000
vn 0.00000000 0.00000000 -0.00000000
vn -0.00000000 -0.00000000 0.00000000
vn -0.00000000 0.00000000 -0.00000000
vn 0.00000000 -0.00000000 0.00000000
vn 0.00000000 -0.00000000 0.00000000
vn -0.00000000 0.00000000 -0.00000000
vn 0.00000000 -0.00000000 0.00000000
vn 0.00000000 0.00000000 -0.00000000
vn 0.00000000 0.00000000 0.00000000
vn 0.00000000 -0.00000000 -0.00000000
vn -0.00000000 0.00000000 0.00000000
vn 0.00000000 0.00000000 -0.00000000
vn 0.00000000 0.00000000 0.00000000
vn 0.00000000 0.00000000 -0.00000000
vn -0.00000000 -0.00000000 -0.00000000
vn 0.00000000 0.00000000 0.00000000
vn 0.00000000 0.00000000 -0.00000000
vn 0.00000000 -0.00000000 0.00000000
vn 0.00000000 0.00000000 0.00000000
vn 0.00000000 -0.00000000 -0.00000000
vn 0.00000000 -0.00000000 0.00000000
vn 0.00000000 0.00000000 -0.00000000
vn 0.00000000 -0.00000000 -0.00000000
vn 0.00000000 -0.00000000 0.00000000
vn 0.00000000 0.00000000 0.00000000
vn 0.00000000 -0.00000000 -0.00000000
vn -0.00000000 0.00000000 -0.00000000
vn -0.00000000 0.00000000 0.00000000
vn 0.00000000 -0.00000000 -0.00000000
vn -0.00000000 0.00000000 0.00000000
vn 0.00000000 0.00000000 0.00000000
vn -0.00000000 0.00000000 0.00000000
vn 0.00000000 -0.00000000 0.00000000
vn -0.00000000 0.00000000 -0.00000000
vn 0.00000000 0.00000000 -0.00000000
vn 0.00000000 -0.00000000 0.00000000
vn 0.00000000 -0.00000000 0.00000000
vn 0.00000000 0.00000000 0.00000000
vn -0.00000000 -0.00000000 -0.00000000
vn 0.00000000 0.00000000 0.00000000
vn 0.00000000 -0.00000000 0.00000000
vn -0.00000000 -0.00000000 0.00000000
vn 0.00000000 -0.00000000 -0.00000000
vn -0.00000000 0.00000000 -0.00000000
vn 0.00000000 0.00000000 0.00000000
vn -0.00000000 -0.00000000 0.00000000
vn -0.00000000 -0.00000000 0.00000000
vn 0.00000000 -0.00000000 -0.00000000
vn -0.00000000 0.00000000 0.00000000
vn -0.00000000 -0.00000000 0.00000000
vn 0.00000000 -0.00000000 0.00000000
vn 0.00000000 0.00000000 -0.00000000
vn -0.00000000 0.00000000 -0.00000000
vn 0.00000000 -0.00000000 0.00000000
vn -0.00000000 0.00000000 -0.00000000
vn -0.00000000 -0.00000000 0.00000000
vn -0.00000000 0.00000000 0.00000000
vn -0.00000000 0.00000000 -0.00000000
vn -0.00000000 -0.00000000 -0.00000000
vn -0.00000000 0.00000000 0.00000000
vn 0.00000000 0.00000000 0.00000000
vn 0.00000000 -0.00000000 -0.00000000
vn 0.00000000 -0.00000000 0.00000000
vn 0.00000000 -0.00000000 -0.00000000
vn 0.00000000 0.00000000 -0.00000000
vn 0.00000000 0.00000000 0.00000000
vn 0.00000000 0.00000000 0.00000000
vn 0.00000000 0.00000000 -0.00000000
vn -0.00000000 0.00000000 0.00000000
vn -0.00000000 -0.00000000 0.00000000
vn 0.00000000 0.00000000 0.00000000
vn 0.00000000 0.00000000 0.00000000
vn -0.00000000 0.00000000 0.00000000
vn 0.00000000 -0.00000000 -0.00000000
f 1//1 2//2 3//3
f 4//4 2//2 1//1
f 5//5 2//2 4//4
f 6//6 2//2 5//5
f 7//7 2//2 6//6
f 8//8 2//2 7//7
f 9//9 2//2 8//8
f 10//10 2//2 9//9
f 11//11 2//2 10//10
f 12//12 2//2 11//11
f 13//13 2//2 12//12
f 14//14 2//2 13//13
f 15//15 2//2 14//14
f 16//16 2//2 15//15
f 17//17 2//2 16//16
f 18//18 2//2 17//17
f 19//19 2//2 18//18
f 20//20 2//2 19//19
f 21//21 2//2 20//20
f 22//22 2//2 21//21
f 23//23 2//2 22//22
f 24//24 2//2 23//23
f 25//25 2//2 24//24
f 26//26 2//2 25//25
f 27//27 2//2 26//26
f 28//28 2//2 27//27
f 29//29 2//2 28//28
f 30//30 2//2 29//29
f 31//31 32//32 33//33
f 34//34 32//32 31//31
f 35//35 32//32 34//34
f 35//35 36//36 32//32
f 37//37 36//36 35//35
f 38//38 36//36 37//37
f 38//38 39//39 36//36
f 40//40 39//39 38//38
f 41//41 39//39 40//40
f 41//41 42//42 39//39
f 43//43 42//42 41//41
f 44//44 42//42 43//43
f 44//44 30//30 42//42
f 45//45 30//30 44//44
f 45//45 2//2 30//30
f 46//46 2//2 45//45
f 47//47 2//2 46//46
f 48//48 2//2 47//47
f 49//49 2//2 48//48
f 50//50 2//2 49//49
f 51//51 2//2 50//50
f 52//52 2//2 51//51
f 53//53 2//2 52//52
f 54//54 2//2 53//53
f 55//55 2//2 54//54
f 56//56 57//57 58//58
f 56//56 59//59 57//57
f 60//60 59//59 56//56
f 61//61 59//59 60//60
f 62//62 59//59 61//61
f 62//62 63//63 59//59
f 64//64 63//63 62//62
f 65//65 63//63 64//64
f 66//66 63//63 65//65
f 67//67 63//63 66//66
f 67//67 68//68 63//63
f 69//69 68//68 67//67
f 70//70 68//68 69//69
f 71//71 68//68 70//70
f 71//71 55//55 68//68
f 72//72 55//55 71//71
f 73//73 55//55 72//72
f 73//73 2//2 55//55
f 74//74 2//2 73//73
f 75//75 2//2 74//74
f 76//76 2//2 75//75
f 77//77 2//2 76//76
f 78//78 2//2 77//77
f 79//79 2//2 78//78
f 79//79 80//80 2//2
f 80//80 81//81 82//82
f 81//81 80//80 79//79
f 83//83 84//84 85//85
f 86//86 84//84 83//83
f 3//3 84//84 86//86
f 2//2 84//84 3//3
f 87//87 84//84 2//2
f 82//82 84//84 87//87
f 88//88 82//82 81//81
f 89//89 82//82 88//88
f 90//90 82//82 89//89
f 82//82 91//91 84//84
f 91//91 82//82 90//90
f 92//92 93//93 94//94
f 93//93 92//92 95//95
f 96//96 97//97 98//98
f 97//97 96//96 99//99
f 100//100 101//101 102//102
f 100//100 103//103 101//101
f 100//100 104//104 103//103
f 100//100 105//105 104//104
f 106//106 105//105 100//100
f 98//98 105//105 106//106
f 97//97 105//105 98//98
f 94//94 105//105 97//97
f 93//93 105//105 94//94
f 105//105 93//93 107//107
f 102//102 108//108 109//109
f 108//108 102//102 101//101
f 103//103 110//110 111//111
f 110//110 103//103 104//104
f 112//112 113//113 114//114
f 115//115 113//113 112//112
f 115//115 116//116 113//113
f 117//117 116//116 115//115
f 117//117 118//118 116//116
f 119//119 118//118 117//117
f 119//119 120//120 118//118
f 121//121 120//120 119//119
f 121//121 122//122 120//120
f 123//123 122//122 121//121
f 123//123 124//124 122//122
f 125//125 124//124 123//123
f 125//125 126//126 124//124
f 127//127 126//126 125//125
f 127//127 128//128 126//126
f 129//129 128//128 127//127
f 129//129 130//130 128//128
f 131//131 130//130 129//129
f 131//131 132//132 130//130
f 133//133 132//132 131//131
f 133//133 134//134 132//132
f 134//134 133//133 135//135
f 136//136 137//137 138//138
f 139//139 137//137 136//136
f 139//139 140//140 137//137
f 141//141 140//140 139//139
f 141//141 142//142 140//140
f 143//143 142//142 141//141
f 143//143 144//144 142//142
f 145//145 144//144 143//143
f 145//145 146//146 144//144
f 147//147 146//146 145//145
f 147//147 148//148 146//146
f 149//149 148//148 147//147
f 149//149 150//150 148//148
f 151//151 150//150 149//149
f 151//151 152//152 150//150
f 153//153 152//152 151//151
f 153//153 154//154 152//152
f 155//155 154//154 153//153
f 155//155 156//156 154//154
f 157//157 156//156 155//155
f 157//157 158//158 156//156
f 158//158 157//157 159//159
f 160//160 161//161 162//162
f 163//163 161//161 160//160
f 163//163 164//164 161//161
f 165//165 164//164 163//163
f 165//165 166//166 164//164
f 167//167 166//166 165//165
f 167//167 168//168 166//166
f 169//169 168//168 167//167
f 169//169 170//170 168//168
f 171//171 170//170 169//169
f 171//171 172//172 170//170
f 173//173 172//172 171//171
f 173//173 174//174 172//172
f 175//175 174//174 173//173
f 175//175 176//176 174//174
f 177//177 176//176 175//175
f 177//177 178//178 176//176
f 179//179 178//178 177//177
f 179//179 180//180 178//178
f 181//181 180//180 179//179
f 181//181 182//182 180//180
f 182//182 181//181 183//183
f 184//184 185//185 186//186
f 187//187 185//185 184//184
f 187//187 188//188 185//185
f 189//189 188//188 187//187
f 189//189 190//190 188//188
f 191//191 190//190 189//189
f 191//191 192//192 190//190
f 193//193 192//192 191//191
f 193//193 194//194 192//192
f 195//195 194//194 193//193
f 195//195 196//196 194//194
f 197//197 196//196 195//195
f 197//197 198//198 196//196
f 199//199 198//198 197//197
f 199//199 200//200 198//198
f 201//201 200//200 199//199
f 201//201 202//202 200//200
f 203//203 202//202 201//201
f 203//203 204//204 202//202
f 205//205 204//204 203//203
f 205//205 206//206 204//204
f 206//206 205//205 207//207
f 208//208 209//209 210//210
f 209//209 208//208 211//211
f 209//209 212//212 210//210
f 212//212 209//209 213//213
f 214//214 212//212 213//213
f 212//212 214//214 215//215
f 216//216 217//217 218//218
f 217//217 216//216 219//219
f 217//217 220//220 218//218
f 220//220 217//217 221//221
f 222//222 220//220 221//221
f 220//220 222//222 223//223
f 224//224 225//225 226//226
f 225//225 224//224 227//227
f 228//228 229//229 230//230
f 229//229 228//228 231//231
f 229//229 225//225 230//230
f 225//225 229//229 226//226
f 232//232 233//233 234//234
f 232//232 235//235 233//233
f 232//232 236//236 235//235
f 236//236 232//232 237//237
f 234//234 238//238 232//232
f 239//239 238//238 234//234
f 240//240 238//238 239//239
f 241//241 238//238 240//240
f 242//242 238//238 241//241
f 238//238 242//242 243//243
f 236//236 244//244 245//245
f 236//236 246//246 244//244
f 236//236 247//247 246//246
f 236//236 248//248 247//247
f 237//237 248//248 236//236
f 248//248 237//237 249//249
f 250//250 238//238 243//243
f 251//251 238//238 250//250
f 248//248 238//238 251//251
f 238//238 248//248 249//249
f 252//252 2//2 80//80
f 2//2 252//252 253//253
f 254//254 2//2 253//253
f 2//2 254//254 87//87
f 82//82 252//252 80//80
f 252//252 82//82 255//255
f 254//254 82//82 87//87
f 82//82 254//254 255//255
f 256//256 257//257 258//258
f 257//257 256//256 259//259
f 259//259 260//260 257//257
f 260//260 259//259 261//261
f 260//260 262//262 263//263
f 262//262 260//260 261//261
f 264//264 265//265 266//266
f 265//265 264//264 267//267
f 268//268 264//264 269//269
f 264//264 268//268 267//267
f 270//270 269//269 271//271
f 269//269 270//270 268//268
f 272//272 273//273 274//274
f 273//273 272//272 275//275
f 275//275 276//276 273//273
f 276//276 275//275 277//277
f 278//278 272//272 274//274
f 272//272 278//278 279//279
f 277//277 278//278 276//276
f 278//278 277//277 279//279
f 280//280 281//281 282//282
f 281//281 280//280 283//283
f 281//281 284//284 282//282
f 284//284 281//281 285//285
f 286//286 280//280 287//287
f 280//280 286//286 283//283
f 285//285 287//287 284//284
f 287//287 285//285 286//286
f 283//283 288//288 281//281
f 288//288 283//283 289//289
f 290//290 283//283 286//286
f 283//283 290//290 289//289
f 288//288 285//285 281//281
f 285//285 288//288 291//291
f 290//290 285//285 291//291
f 285//285 290//290 286//286
f 267//267 292//292 265//265
f 292//292 267//267 293//293
f 294//294 267//267 268//268
f 267//267 294//294 293//293
f 292//292 270//270 265//265
f 270//270 292//292 295//295
f 294//294 270//270 295//295
f 270//270 294//294 268//268
f 296//296 256//256 297//297
f 256//256 296//296 259//259
f 296//296 261//261 259//259
f 261//261 296//296 298//298
f 299//299 256//256 262//262
f 256//256 299//299 297//297
f 261//261 299//299 262//262
f 299//299 261//261 298//298
f 279//279 300//300 272//272
f 300//300 279//279 301//301
f 302//302 279//279 277//277
f 279//279 302//302 301//301
f 300//300 275//275 272//272
f 275//275 300//300 303//303
f 302//302 275//275 303//303
f 275//275 302//302 277//277
f 271//271 280//280 266//266
f 280//280 271//271 287//287
f 258//258 278//278 263//263
f 278//278 258//258 276//276
f 304//304 260//260 305//305
f 304//304 257//257 260//260
f 257//257 276//276 258//258
f 257//257 273//273 276//276
f 257//257 264//264 273//273
f 304//304 264//264 257//257
f 304//304 269//269 264//264
f 269//269 287//287 271//271
f 269//269 284//284 287//287
f 269//269 306//306 284//284
f 306//306 269//269 304//304
f 263//263 305//305 260//260
f 278//278 305//305 263//263
f 274//274 305//305 278//278
f 273//273 305//305 274//274
f 266//266 273//273 264//264
f 280//280 273//273 266//266
f 280//280 305//305 273//273
f 282//282 305//305 280//280
f 284//284 305//305 282//282
f 284//284 307//307 305//305
f 307//307 284//284 306//306
f 223//223 222//222 214//214
f 214//214 308//308 215//215
f 214//214 309//309 308//308
f 309//309 214//214 222//222
f 307//307 231//231 228//228
f 231//231 309//309 222//222
f 309//309 310//310 311//311
f 309//309 312//312 310//310
f 309//309 313//313 312//312
f 309//309 314//314 313//313
f 309//309 315//315 314//314
f 309//309 316//316 315//315
f 309//309 317//317 316//316
f 309//309 318//318 317//317
f 309//309 319//319 318//318
f 309//309 320//320 319//319
f 309//309 321//321 320//320
f 309//309 322//322 321//321
f 309//309 323//323 322//322
f 309//309 324//324 323//323
f 309//309 325//325 324//324
f 309//309 326//326 325//325
f 309//309 327//327 326//326
f 309//309 328//328 327//327
f 309//309 329//329 328//328
f 309//309 330//330 329//329
f 309//309 331//331 330//330
f 309//309 332//332 331//331
f 309//309 333//333 332//332
f 309//309 334//334 333//333
f 309//309 335//335 334//334
f 309//309 336//336 335//335
f 309//309 337//337 336//336
f 231//231 337//337 309//309
f 231//231 338//338 337//337
f 231//231 339//339 338//338
f 231//231 340//340 339//339
f 231//231 341//341 340//340
f 231//231 342//342 341//341
f 231//231 343//343 342//342
f 231//231 344//344 343//343
f 231//231 345//345 344//344
f 231//231 346//346 345//345
f 231//231 347//347 346//346
f 231//231 348//348 347//347
f 231//231 349//349 348//348
f 231//231 350//350 349//349
f 231//231 351//351 350//350
f 231//231 352//352 351//351
f 231//231 353//353 352//352
f 231//231 354//354 353//353
f 231//231 355//355 354//354
f 231//231 356//356 355//355
f 231//231 357//357 356//356
f 231//231 358//358 357//357
f 231//231 359//359 358//358
f 231//231 360//360 359//359
f 231//231 361//361 360//360
f 231//231 362//362 361//361
f 231//231 363//363 362//362
f 231//231 364//364 363//363
f 231//231 365//365 364//364
f 231//231 366//366 365//365
f 231//231 367//367 366//366
f 231//231 368//368 367//367
f 231//231 369//369 368//368
f 231//231 370//370 369//369
f 231//231 371//371 370//370
f 307//307 371//371 231//231
f 307//307 372//372 371//371
f 307//307 373//373 372//372
f 307//307 374//374 373//373
f 307//307 375//375 374//374
f 307//307 376//376 375//375
f 307//307 377//377 376//376
f 307//307 378//378 377//377
f 307//307 379//379 378//378
f 307//307 380//380 379//379
f 307//307 381//381 380//380
f 307//307 382//382 381//381
f 382//382 383//383 384//384
f 382//382 385//385 383//383
f 382//382 386//386 385//385
f 382//382 387//387 386//386
f 382//382 388//388 387//387
f 307//307 388//388 382//382
f 307//307 389//389 388//388
f 307//307 390//390 389//389
f 307//307 391//391 390//390
f 307//307 392//392 391//391
f 307//307 393//393 392//392
f 307//307 394//394 393//393
f 307//307 224//224 394//394
f 306//306 224//224 307//307
f 224//224 306//306 227//227
f 393//393 394//394 395//395
f 219//219 394//394 224//224
f 216//216 394//394 219//219
f 211//211 394//394 216//216
f 208//208 394//394 211//211
f 394//394 208//208 396//396
f 296//296 299//299 298//298
f 299//299 296//296 297//297
f 290//290 288//288 289//289
f 288//288 290//290 291//291
f 302//302 300//300 301//301
f 300//300 302//302 303//303
f 294//294 292//292 293//293
f 292//292 294//294 295//295
f 91//91 397//397 90//90
f 398//398 90//90 397//397
f 89//89 90//90 399//399
f 398//398 399//399 90//90
f 88//88 89//89 400//400
f 399//399 400//400 89//89
f 81//81 88//88 401//401
f 400//400 401//401 88//88
f 79//79 81//81 402//402
f 401//401 402//402 81//81
f 78//78 79//79 403//403
f 402//402 403//403 79//79
f 77//77 78//78 404//404
f 403//403 404//404 78//78
f 76//76 77//77 405//405
f 404//404 405//405 77//77
f 75//75 76//76 406//406
f 405//405 406//406 76//76
f 74//74 75//75 407//407
f 406//406 407//407 75//75
f 73//73 74//74 408//408
f 407//407 408//408 74//74
f 72//72 73//73 409//409
f 408//408 409//409 73//73
f 71//71 72//72 410//410
f 409//409 410//410 72//72
f 70//70 71//71 411//411
f 410//410 411//411 71//71
f 69//69 70//70 412//412
f 411//411 412//412 70//70
f 67//67 69//69 413//413
f 412//412 413//413 69//69
f 66//66 67//67 414//414
f 413//413 414//414 67//67
f 65//65 66//66 415//415
f 414//414 415//415 66//66
f 64//64 65//65 416//416
f 415//415 416//416 65//65
f 62//62 64//64 417//417
f 416//416 417//417 64//64
f 61//61 62//62 418//418
f 417//417 418//418 62//62
f 60//60 61//61 419//419
f 418//418 419//419 61//61
f 56//56 60//60 420//420
f 419//419 420//420 60//60
f 58//58 56//56 421//421
f 420//420 421//421 56//56
f 57//57 58//58 422//422
f 421//421 422//422 58//58
f 59//59 57//57 423//423
f 422//422 423//423 57//57
f 63//63 59//59 424//424
f 423//423 424//424 59//59
f 68//68 63//63 425//425
f 424//424 425//425 63//63
f 55//55 68//68 426//426
f 425//425 426//426 68//68
f 54//54 55//55 427//427
f 426//426 427//427 55//55
f 53//53 54//54 428//428
f 427//427 428//428 54//54
f 52//52 53//53 429//429
f 428//428 429//429 53//53
f 51//51 52//52 430//430
f 429//429 430//430 52//52
f 50//50 51//51 431//431
f 430//430 431//431 51//51
f 49//49 50//50 432//432
f 431//431 432//432 50//50
f 48//48 49//49 433//433
f 432//432 433//433 49//49
f 48//48 433//433 47//47
f 434//434 47//47 433//433
f 47//47 434//434 46//46
f 435//435 46//46 434//434
f 45//45 46//46 436//436
f 435//435 436//436 46//46
f 44//44 45//45 437//437
f 436//436 437//437 45//45
f 43//43 44//44 438//438
f 437//437 438//438 44//44
f 41//41 43//43 439//439
f 438//438 439//439 43//43
f 40//40 41//41 440//440
f 439//439 440//440 41//41
f 38//38 40//40 441//441
f 440//440 441//441 40//40
f 37//37 38//38 442//442
f 441//441 442//442 38//38
f 35//35 37//37 443//443
f 442//442 443//443 37//37
f 34//34 35//35 444//444
f 443//443 444//444 35//35
f 31//31 34//34 445//445
f 444//444 445//445 34//34
f 446//446 33//33 445//445
f 31//31 445//445 33//33
f 447//447 32//32 446//446
f 33//33 446//446 32//32
f 36//36 32//32 448//448
f 447//447 448//448 32//32
f 39//39 36//36 449//449
f 448//448 449//449 36//36
f 42//42 39//39 450//450
f 449//449 450//450 39//39
f 451//451 84//84 452//452
f 85//85 452//452 84//84
f 30//30 42//42 453//453
f 450//450 453//453 42//42
f 85//85 83//83 452//452
f 454//454 452//452 83//83
f 29//29 30//30 455//455
f 453//453 455//455 30//30
f 83//83 86//86 454//454
f 456//456 454//454 86//86
f 28//28 29//29 457//457
f 455//455 457//457 29//29
f 86//86 3//3 456//456
f 458//458 456//456 3//3
f 27//27 28//28 459//459
f 457//457 459//459 28//28
f 3//3 1//1 458//458
f 460//460 458//458 1//1
f 26//26 27//27 461//461
f 459//459 461//461 27//27
f 1//1 4//4 460//460
f 462//462 460//460 4//4
f 25//25 26//26 463//463
f 461//461 463//463 26//26
f 4//4 5//5 462//462
f 464//464 462//462 5//5
f 24//24 25//25 465//465
f 463//463 465//465 25//25
f 5//5 6//6 464//464
f 466//466 464//464 6//6
f 23//23 24//24 467//467
f 465//465 467//467 24//24
f 6//6 7//7 466//466
f 468//468 466//466 7//7
f 22//22 23//23 469//469
f 467//467 469//469 23//23
f 7//7 8//8 468//468
f 470//470 468//468 8//8
f 21//21 22//22 471//471
f 469//469 471//471 22//22
f 8//8 9//9 470//470
f 472//472 470//470 9//9
f 20//20 21//21 473//473
f 471//471 473//473 21//21
f 9//9 10//10 472//472
f 474//474 472//472 10//10
f 19//19 20//20 475//475
f 473//473 475//475 20//20
f 10//10 11//11 474//474
f 476//476 474//474 11//11
f 18//18 19//19 477//477
f 475//475 477//477 19//19
f 11//11 12//12 476//476
f 478//478 476//476 12//12
f 17//17 18//18 479//479
f 477//477 479//479 18//18
f 12//12 13//13 478//478
f 480//480 478//478 13//13
f 16//16 17//17 481//481
f 479//479 481//481 17//17
f 13//13 14//14 480//480
f 482//482 480//480 14//14
f 15//15 16//16 483//483
f 481//481 483//483 16//16
f 14//14 15//15 482//482
f 483//483 482//482 15//15
f 154//154 484//484 156//156
f 485//485 156//156 484//484
f 484//484 156//156 485//485
f 156//156 484//484 154//154
f 156//156 485//485 158//158
f 486//486 158//158 485//485
f 485//485 158//158 486//486
f 158//158 485//485 156//156
f 154//154 152//152 484//484
f 487//487 484//484 152//152
f 152//152 484//484 487//487
f 484//484 152//152 154//154
f 158//158 486//486 159//159
f 488//488 159//159 486//486
f 486//486 159//159 488//488
f 159//159 486//486 158//158
f 152//152 150//150 487//487
f 489//489 487//487 150//150
f 150//150 487//487 489//489
f 487//487 150//150 152//152
f 159//159 488//488 157//157
f 490//490 157//157 488//488
f 488//488 157//157 490//490
f 157//157 488//488 159//159
f 150//150 148//148 489//489
f 491//491 489//489 148//148
f 148//148 489//489 491//491
f 489//489 148//148 150//150
f 157//157 490//490 155//155
f 492//492 155//155 490//490
f 490//490 155//155 492//492
f 155//155 490//490 157//157
f 148//148 146//146 491//491
f 493//493 491//491 146//146
f 146//146 491//491 493//493
f 491//491 146//146 148//148
f 155//155 492//492 153//153
f 494//494 153//153 492//492
f 492//492 153//153 494//494
f 153//153 492//492 155//155
f 146//146 144//144 493//493
f 495//495 493//493 144//144
f 144//144 493//493 495//495
f 493//493 144//144 146//146
f 151//151 153//153 496//496
f 494//494 496//496 153//153
f 153//153 496//496 494//494
f 496//496 153//153 151//151
f 144//144 142//142 495//495
f 497//497 495//495 142//142
f 142//142 495//495 497//497
f 495//495 142//142 144//144
f 149//149 151//151 498//498
f 496//496 498//498 151//151
f 151//151 498//498 496//496
f 498//498 151//151 149//149
f 497//497 142//142 499//499
f 140//140 499//499 142//142
f 142//142 499//499 140//140
f 499//499 142//142 497//497
f 147//147 149//149 500//500
f 498//498 500//500 149//149
f 149//149 500//500 498//498
f 500//500 149//149 147//147
f 499//499 140//140 501//501
f 137//137 501//501 140//140
f 140//140 501//501 137//137
f 501//501 140//140 499//499
f 145//145 147//147 502//502
f 500//500 502//502 147//147
f 147//147 502//502 500//500
f 502//502 147//147 145//145
f 501//501 137//137 503//503
f 138//138 503//503 137//137
f 137//137 503//503 138//138
f 503//503 137//137 501//501
f 143//143 145//145 504//504
f 502//502 504//504 145//145
f 145//145 504//504 502//502
f 504//504 145//145 143//143
f 503//503 138//138 505//505
f 136//136 505//505 138//138
f 138//138 505//505 136//136
f 505//505 138//138 503//503
f 141//141 143//143 506//506
f 504//504 506//506 143//143
f 143//143 506//506 504//504
f 506//506 143//143 141//141
f 505//505 136//136 507//507
f 139//139 507//507 136//136
f 136//136 507//507 139//139
f 507//507 136//136 505//505
f 507//507 139//139 506//506
f 141//141 506//506 139//139
f 139//139 506//506 141//141
f 506//506 139//139 507//507
f 125//125 127//127 508//508
f 509//509 508//508 127//127
f 123//123 125//125 510//510
f 508//508 510//510 125//125
f 127//127 129//129 509//509
f 511//511 509//509 129//129
f 121//121 123//123 512//512
f 510//510 512//512 123//123
f 131//131 513//513 129//129
f 511//511 129//129 513//513
f 119//119 121//121 514//514
f 512//512 514//514 121//121
f 133//133 515//515 131//131
f 513//513 131//131 515//515
f 117//117 119//119 516//516
f 514//514 516//516 119//119
f 135//135 517//517 133//133
f 515//515 133//133 517//517
f 518//518 115//115 516//516
f 117//117 516//516 115//115
f 134//134 519//519 135//135
f 517//517 135//135 519//519
f 520//520 112//112 518//518
f 115//115 518//518 112//112
f 132//132 521//521 134//134
f 519//519 134//134 521//521
f 522//522 114//114 520//520
f 112//112 520//520 114//114
f 130//130 523//523 132//132
f 521//521 132//132 523//523
f 524//524 113//113 522//522
f 114//114 522//522 113//113
f 130//130 128//128 523//523
f 525//525 523//523 128//128
f 526//526 116//116 524//524
f 113//113 524//524 116//116
f 128//128 126//126 525//525
f 527//527 525//525 126//126
f 528//528 118//118 526//526
f 116//116 526//526 118//118
f 126//126 124//124 527//527
f 529//529 527//527 124//124
f 120//120 118//118 530//530
f 528//528 530//530 118//118
f 124//124 122//122 529//529
f 531//531 529//529 122//122
f 122//122 120//120 531//531
f 530//530 531//531 120//120
f 532//532 533//533 534//534
f 535//535 534//534 533//533
f 533//533 536//536 535//535
f 537//537 535//535 536//536
f 538//538 532//532 539//539
f 534//534 539//539 532//532
f 536//536 540//540 537//537
f 541//541 537//537 540//540
f 542//542 538//538 543//543
f 539//539 543//543 538//538
f 540//540 544//544 541//541
f 545//545 541//541 544//544
f 546//546 542//542 547//547
f 543//543 547//547 542//542
f 544//544 548//548 545//545
f 549//549 545//545 548//548
f 546//546 547//547 550//550
f 551//551 550//550 547//547
f 548//548 552//552 549//549
f 553//553 549//549 552//552
f 550//550 551//551 554//554
f 555//555 554//554 551//551
f 556//556 557//557 552//552
f 553//553 552//552 557//557
f 554//554 555//555 558//558
f 559//559 558//558 555//555
f 556//556 560//560 557//557
f 561//561 557//557 560//560
f 558//558 559//559 562//562
f 563//563 562//562 559//559
f 560//560 564//564 561//561
f 565//565 561//561 564//564
f 562//562 563//563 566//566
f 567//567 566//566 563//563
f 564//564 568//568 565//565
f 569//569 565//565 568//568
f 566//566 567//567 570//570
f 571//571 570//570 567//567
f 568//568 572//572 569//569
f 573//573 569//569 572//572
f 309//309 574//574 311//311
f 575//575 311//311 574//574
f 570//570 571//571 575//575
f 576//576 575//575 571//571
f 572//572 577//577 573//573
f 578//578 573//573 577//577
f 311//311 575//575 310//310
f 576//576 310//310 575//575
f 579//579 310//310 576//576
f 577//577 580//580 578//578
f 581//581 578//578 580//580
f 310//310 579//579 312//312
f 582//582 312//312 579//579
f 580//580 583//583 581//581
f 584//584 581//581 583//583
f 312//312 582//582 313//313
f 585//585 313//313 582//582
f 583//583 586//586 584//584
f 587//587 584//584 586//586
f 314//314 313//313 588//588
f 585//585 588//588 313//313
f 586//586 589//589 587//587
f 590//590 587//587 589//589
f 315//315 314//314 591//591
f 588//588 591//591 314//314
f 589//589 592//592 590//590
f 593//593 590//590 592//592
f 316//316 315//315 594//594
f 591//591 594//594 315//315
f 592//592 595//595 593//593
f 596//596 593//593 595//595
f 317//317 316//316 597//597
f 594//594 597//597 316//316
f 595//595 598//598 596//596
f 599//599 596//596 598//598
f 318//318 317//317 600//600
f 597//597 600//600 317//317
f 598//598 601//601 599//599
f 602//602 599//599 601//601
f 319//319 318//318 603//603
f 600//600 603//603 318//318
f 601//601 604//604 602//602
f 605//605 602//602 604//604
f 606//606 320//320 603//603
f 319//319 603//603 320//320
f 604//604 607//607 605//605
f 608//608 605//605 607//607
f 609//609 321//321 606//606
f 320//320 606//606 321//321
f 607//607 610//610 608//608
f 611//611 608//608 610//610
f 612//612 322//322 609//609
f 321//321 609//609 322//322
f 610//610 613//613 611//611
f 614//614 611//611 613//613
f 323//323 322//322 615//615
f 612//612 615//615 322//322
f 613//613 616//616 614//614
f 617//617 614//614 616//616
f 324//324 323//323 618//618
f 615//615 618//618 323//323
f 616//616 619//619 617//617
f 620//620 617//617 619//619
f 325//325 324//324 621//621
f 618//618 621//621 324//324
f 619//619 622//622 620//620
f 623//623 620//620 622//622
f 326//326 325//325 624//624
f 621//621 624//624 325//325
f 622//622 625//625 623//623
f 626//626 623//623 625//625
f 327//327 326//326 627//627
f 624//624 627//627 326//326
f 625//625 628//628 626//626
f 629//629 626//626 628//628
f 328//328 327//327 630//630
f 627//627 630//630 327//327
f 631//631 632//632 628//628
f 629//629 628//628 632//632
f 329//329 328//328 633//633
f 630//630 633//633 328//328
f 634//634 635//635 631//631
f 632//632 631//631 635//635
f 330//330 329//329 636//636
f 633//633 636//636 329//329
f 637//637 638//638 634//634
f 635//635 634//634 638//638
f 331//331 330//330 639//639
f 636//636 639//639 330//330
f 640//640 641//641 637//637
f 638//638 637//637 641//641
f 332//332 331//331 642//642
f 639//639 642//642 331//331
f 640//640 643//643 641//641
f 644//644 641//641 643//643
f 333//333 332//332 645//645
f 642//642 645//645 332//332
f 643//643 646//646 644//644
f 647//647 644//644 646//646
f 334//334 333//333 648//648
f 645//645 648//648 333//333
f 646//646 649//649 647//647
f 650//650 647//647 649//649
f 335//335 334//334 651//651
f 648//648 651//651 334//334
f 649//649 652//652 650//650
f 653//653 650//650 652//652
f 336//336 335//335 654//654
f 651//651 654//654 335//335
f 652//652 655//655 653//653
f 656//656 653//653 655//655
f 337//337 336//336 657//657
f 654//654 657//657 336//336
f 655//655 658//658 656//656
f 659//659 656//656 658//658
f 338//338 337//337 660//660
f 657//657 660//660 337//337
f 659//659 658//658 661//661
f 662//662 661//661 658//658
f 339//339 338//338 663//663
f 660//660 663//663 338//338
f 661//661 662//662 664//664
f 665//665 664//664 662//662
f 340//340 339//339 666//666
f 663//663 666//666 339//339
f 664//664 665//665 667//667
f 668//668 667//667 665//665
f 341//341 340//340 669//669
f 666//666 669//669 340//340
f 667//667 668//668 670//670
f 671//671 670//670 668//668
f 342//342 341//341 672//672
f 669//669 672//672 341//341
f 670//670 671//671 673//673
f 674//674 673//673 671//671
f 342//342 672//672 343//343
f 675//675 343//343 672//672
f 676//676 677//677 678//678
f 679//679 678//678 677//677
f 673//673 674//674 677//677
f 680//680 677//677 674//674
f 344//344 343//343 681//681
f 675//675 681//681 343//343
f 682//682 676//676 683//683
f 678//678 683//683 676//676
f 680//680 684//684 677//677
f 685//685 677//677 684//684
f 679//679 677//677 685//685
f 345//345 344//344 686//686
f 681//681 686//686 344//344
f 686//686 682//682 687//687
f 683//683 687//687 682//682
f 684//684 688//688 685//685
f 689//689 685//685 688//688
f 346//346 345//345 690//690
f 686//686 690//690 345//345
f 687//687 690//690 686//686
f 688//688 691//691 689//689
f 692//692 689//689 691//691
f 347//347 346//346 693//693
f 690//690 693//693 346//346
f 691//691 694//694 692//692
f 695//695 692//692 694//694
f 348//348 347//347 696//696
f 693//693 696//696 347//347
f 694//694 697//697 695//695
f 698//698 695//695 697//697
f 349//349 348//348 699//699
f 696//696 699//699 348//348
f 697//697 700//700 698//698
f 701//701 698//698 700//700
f 350//350 349//349 702//702
f 699//699 702//702 349//349
f 700//700 703//703 701//701
f 704//704 701//701 703//703
f 351//351 350//350 705//705
f 702//702 705//705 350//350
f 703//703 706//706 704//704
f 707//707 704//704 706//706
f 352//352 351//351 708//708
f 705//705 708//708 351//351
f 706//706 709//709 707//707
f 710//710 707//707 709//709
f 353//353 352//352 711//711
f 708//708 711//711 352//352
f 709//709 712//712 710//710
f 713//713 710//710 712//712
f 354//354 353//353 714//714
f 711//711 714//714 353//353
f 712//712 715//715 713//713
f 716//716 713//713 715//715
f 355//355 354//354 717//717
f 714//714 717//717 354//354
f 715//715 718//718 716//716
f 719//719 716//716 718//718
f 720//720 716//716 719//719
f 721//721 722//722 718//718
f 719//719 718//718 722//722
f 356//356 355//355 723//723
f 717//717 723//723 355//355
f 719//719 724//724 720//720
f 725//725 720//720 724//724
f 726//726 727//727 721//721
f 722//722 721//721 727//727
f 357//357 356//356 728//728
f 723//723 728//728 356//356
f 729//729 730//730 724//724
f 725//725 724//724 730//730
f 731//731 732//732 726//726
f 727//727 726//726 732//732
f 358//358 357//357 733//733
f 728//728 733//733 357//357
f 729//729 734//734 730//730
f 735//735 730//730 734//734
f 736//736 737//737 731//731
f 732//732 731//731 737//737
f 359//359 358//358 734//734
f 733//733 734//734 358//358
f 735//735 734//734 733//733
f 738//738 739//739 736//736
f 737//737 736//736 739//739
f 360//360 359//359 740//740
f 734//734 740//740 359//359
f 741//741 742//742 738//738
f 739//739 738//738 742//742
f 361//361 360//360 743//743
f 740//740 743//743 360//360
f 741//741 744//744 742//742
f 745//745 742//742 744//744
f 362//362 361//361 746//746
f 743//743 746//746 361//361
f 744//744 747//747 745//745
f 748//748 745//745 747//747
f 363//363 362//362 749//749
f 746//746 749//749 362//362
f 747//747 750//750 748//748
f 751//751 748//748 750//750
f 364//364 363//363 752//752
f 749//749 752//752 363//363
f 750//750 753//753 751//751
f 754//754 751//751 753//753
f 365//365 364//364 755//755
f 752//752 755//755 364//364
f 753//753 756//756 754//754
f 757//757 754//754 756//756
f 366//366 365//365 758//758
f 755//755 758//758 365//365
f 756//756 759//759 757//757
f 760//760 757//757 759//759
f 367//367 366//366 761//761
f 758//758 761//761 366//366
f 760//760 759//759 762//762
f 763//763 762//762 759//759
f 368//368 367//367 764//764
f 761//761 764//764 367//367
f 762//762 763//763 765//765
f 766//766 765//765 763//763
f 368//368 764//764 369//369
f 767//767 369//369 764//764
f 765//765 766//766 768//768
f 769//769 768//768 766//766
f 370//370 369//369 770//770
f 767//767 770//770 369//369
f 768//768 769//769 771//771
f 772//772 771//771 769//769
f 371//371 370//370 773//773
f 770//770 773//773 370//370
f 772//772 774//774 771//771
f 775//775 771//771 774//774
f 372//372 371//371 776//776
f 773//773 776//776 371//371
f 774//774 777//777 775//775
f 778//778 775//775 777//777
f 373//373 372//372 779//779
f 776//776 779//779 372//372
f 777//777 780//780 778//778
f 781//781 778//778 780//780
f 374//374 373//373 782//782
f 779//779 782//782 373//373
f 780//780 783//783 781//781
f 784//784 781//781 783//783
f 375//375 374//374 785//785
f 782//782 785//785 374//374
f 783//783 786//786 784//784
f 787//787 784//784 786//786
f 376//376 375//375 788//788
f 785//785 788//788 375//375
f 786//786 789//789 787//787
f 790//790 787//787 789//789
f 377//377 376//376 791//791
f 788//788 791//791 376//376
f 792//792 793//793 789//789
f 790//790 789//789 793//793
f 378//378 377//377 794//794
f 791//791 794//794 377//377
f 792//792 795//795 793//793
f 796//796 793//793 795//795
f 379//379 378//378 797//797
f 794//794 797//797 378//378
f 795//795 798//798 796//796
f 799//799 796//796 798//798
f 380//380 379//379 800//800
f 797//797 800//800 379//379
f 798//798 801//801 799//799
f 802//802 799//799 801//801
f 381//381 380//380 803//803
f 800//800 803//803 380//380
f 801//801 804//804 802//802
f 805//805 802//802 804//804
f 382//382 381//381 806//806
f 803//803 806//806 381//381
f 804//804 807//807 805//805
f 808//808 805//805 807//807
f 382//382 806//806 384//384
f 809//809 384//384 806//806
f 807//807 810//810 808//808
f 811//811 808//808 810//810
f 384//384 809//809 383//383
f 812//812 383//383 809//809
f 810//810 813//813 811//811
f 814//814 811//811 813//813
f 383//383 812//812 385//385
f 815//815 385//385 812//812
f 813//813 816//816 814//814
f 817//817 814//814 816//816
f 386//386 385//385 818//818
f 815//815 818//818 385//385
f 816//816 819//819 817//817
f 820//820 817//817 819//819
f 387//387 386//386 821//821
f 818//818 821//821 386//386
f 819//819 822//822 820//820
f 823//823 820//820 822//822
f 388//388 387//387 824//824
f 821//821 824//824 387//387
f 822//822 825//825 823//823
f 826//826 823//823 825//825
f 389//389 388//388 827//827
f 824//824 827//827 388//388
f 825//825 828//828 826//826
f 829//829 826//826 828//828
f 390//390 389//389 830//830
f 827//827 830//830 389//389
f 828//828 831//831 829//829
f 832//832 829//829 831//831
f 391//391 390//390 833//833
f 830//830 833//833 390//390
f 831//831 834//834 832//832
f 835//835 832//832 834//834
f 836//836 392//392 833//833
f 391//391 833//833 392//392
f 834//834 837//837 835//835
f 838//838 835//835 837//837
f 839//839 393//393 836//836
f 392//392 836//836 393//393
f 840//840 394//394 841//841
f 395//395 841//841 394//394
f 837//837 842//842 838//838
f 843//843 838//838 842//842
f 844//844 841//841 839//839
f 395//395 839//839 841//841
f 393//393 839//839 395//395
f 842//842 845//845 843//843
f 846//846 843//843 845//845
f 847//847 848//848 844//844
f 841//841 844//844 848//848
f 845//845 849//849 846//846
f 850//850 846//846 849//849
f 851//851 852//852 847//847
f 848//848 847//847 852//852
f 849//849 853//853 850//850
f 854//854 850//850 853//853
f 854//854 853//853 851//851
f 852//852 851//851 853//853
f 818//818 505//505 503//503
f 818//818 507//507 505//505
f 818//818 506//506 507//507
f 821//821 506//506 818//818
f 821//821 504//504 506//506
f 821//821 502//502 504//504
f 824//824 502//502 821//821
f 824//824 500//500 502//502
f 824//824 498//498 500//500
f 824//824 496//496 498//498
f 827//827 496//496 824//824
f 827//827 494//494 496//496
f 827//827 492//492 494//494
f 827//827 490//490 492//492
f 490//490 830//830 488//488
f 830//830 490//490 827//827
f 743//743 775//775 771//771
f 746//746 775//775 743//743
f 746//746 778//778 775//775
f 749//749 778//778 746//746
f 749//749 781//781 778//778
f 752//752 781//781 749//749
f 752//752 784//784 781//781
f 755//755 784//784 752//752
f 755//755 787//787 784//784
f 755//755 790//790 787//787
f 758//758 790//790 755//755
f 758//758 793//793 790//790
f 761//761 793//793 758//758
f 761//761 796//796 793//793
f 764//764 796//796 761//761
f 764//764 799//799 796//796
f 767//767 799//799 764//764
f 767//767 802//802 799//799
f 770//770 802//802 767//767
f 770//770 805//805 802//802
f 770//770 808//808 805//805
f 773//773 808//808 770//770
f 776//776 808//808 773//773
f 776//776 811//811 808//808
f 779//779 811//811 776//776
f 779//779 814//814 811//811
f 782//782 814//814 779//779
f 782//782 817//817 814//814
f 785//785 817//817 782//782
f 785//785 820//820 817//817
f 788//788 820//820 785//785
f 788//788 823//823 820//820
f 791//791 823//823 788//788
f 794//794 823//823 791//791
f 794//794 826//826 823//823
f 797//797 826//826 794//794
f 797//797 829//829 826//826
f 800//800 829//829 797//797
f 800//800 832//832 829//829
f 803//803 832//832 800//800
f 803//803 835//835 832//832
f 806//806 835//835 803//803
f 809//809 835//835 806//806
f 812//812 835//835 809//809
f 815//815 835//835 812//812
f 815//815 838//838 835//835
f 818//818 838//838 815//815
f 503//503 838//838 818//818
f 501//501 838//838 503//503
f 499//499 838//838 501//501
f 497//497 838//838 499//499
f 495//495 838//838 497//497
f 493//493 838//838 495//495
f 491//491 838//838 493//493
f 491//491 843//843 838//838
f 489//489 843//843 491//491
f 487//487 843//843 489//489
f 487//487 846//846 843//843
f 484//484 846//846 487//487
f 485//485 846//846 484//484
f 486//486 846//846 485//485
f 486//486 850//850 846//846
f 488//488 850//850 486//486
f 830//830 850//850 488//488
f 833//833 850//850 830//830
f 833//833 854//854 850//850
f 836//836 854//854 833//833
f 836//836 851//851 854//854
f 839//839 851//851 836//836
f 839//839 847//847 851//851
f 847//847 839//839 844//844
f 727//727 737//737 732//732
f 722//722 737//737 727//727
f 722//722 739//739 737//737
f 719//719 739//739 722//722
f 719//719 742//742 739//739
f 724//724 742//742 719//719
f 724//724 745//745 742//742
f 724//724 522//522 745//745
f 724//724 520//520 522//522
f 724//724 518//518 520//520
f 724//724 516//516 518//518
f 724//724 514//514 516//516
f 724//724 512//512 514//514
f 729//729 512//512 724//724
f 729//729 510//510 512//512
f 729//729 508//508 510//510
f 729//729 509//509 508//508
f 729//729 511//511 509//509
f 734//734 511//511 729//729
f 734//734 513//513 511//511
f 734//734 515//515 513//513
f 734//734 517//517 515//515
f 517//517 734//734 740//740
f 524//524 745//745 522//522
f 526//526 745//745 524//524
f 528//528 745//745 526//526
f 528//528 748//748 745//745
f 530//530 748//748 528//528
f 531//531 748//748 530//530
f 531//531 751//751 748//748
f 529//529 751//751 531//531
f 527//527 751//751 529//529
f 525//525 751//751 527//527
f 525//525 754//754 751//751
f 523//523 754//754 525//525
f 521//521 754//754 523//523
f 519//519 754//754 521//521
f 519//519 757//757 754//754
f 517//517 757//757 519//519
f 740//740 757//757 517//517
f 740//740 760//760 757//757
f 740//740 762//762 760//760
f 743//743 762//762 740//740
f 771//771 762//762 743//743
f 771//771 765//765 762//762
f 765//765 771//771 768//768
f 396//396 394//394 855//855
f 840//840 855//855 394//394
f 574//574 855//855 840//840
f 309//309 308//308 574//574
f 856//856 574//574 308//308
f 855//855 574//574 856//856
f 306//306 284//284 307//307
f 305//305 307//307 284//284
f 282//282 305//305 284//284
f 280//280 305//305 282//282
f 273//273 305//305 280//280
f 266//266 273//273 280//280
f 264//264 273//273 266//266
f 274//274 305//305 273//273
f 278//278 305//305 274//274
f 263//263 305//305 278//278
f 260//260 305//305 263//263
f 304//304 269//269 306//306
f 284//284 306//306 269//269
f 287//287 284//284 269//269
f 271//271 287//287 269//269
f 264//264 269//269 304//304
f 257//257 264//264 304//304
f 273//273 264//264 257//257
f 276//276 273//273 257//257
f 258//258 276//276 257//257
f 260//260 257//257 304//304
f 305//305 260//260 304//304
f 276//276 258//258 278//278
f 263//263 278//278 258//258
f 287//287 271//271 280//280
f 266//266 280//280 271//271
f 396//396 208//208 394//394
f 211//211 394//394 208//208
f 216//216 394//394 211//211
f 219//219 394//394 216//216
f 224//224 394//394 219//219
f 395//395 394//394 393//393
f 227//227 306//306 224//224
f 307//307 224//224 306//306
f 394//394 224//224 307//307
f 393//393 394//394 307//307
f 392//392 393//393 307//307
f 391//391 392//392 307//307
f 390//390 391//391 307//307
f 389//389 390//390 307//307
f 388//388 389//389 307//307
f 382//382 388//388 307//307
f 387//387 388//388 382//382
f 386//386 387//387 382//382
f 385//385 386//386 382//382
f 383//383 385//385 382//382
f 384//384 383//383 382//382
f 381//381 382//382 307//307
f 380//380 381//381 307//307
f 379//379 380//380 307//307
f 378//378 379//379 307//307
f 377//377 378//378 307//307
f 376//376 377//377 307//307
f 375//375 376//376 307//307
f 374//374 375//375 307//307
f 373//373 374//374 307//307
f 372//372 373//373 307//307
f 371//371 372//372 307//307
f 231//231 371//371 307//307
f 370//370 371//371 231//231
f 369//369 370//370 231//231
f 368//368 369//369 231//231
f 367//367 368//368 231//231
f 366//366 367//367 231//231
f 365//365 366//366 231//231
f 364//364 365//365 231//231
f 363//363 364//364 231//231
f 362//362 363//363 231//231
f 361//361 362//362 231//231
f 360//360 361//361 231//231
f 359//359 360//360 231//231
f 358//358 359//359 231//231
f 357//357 358//358 231//231
f 356//356 357//357 231//231
f 355//355 356//356 231//231
f 354//354 355//355 231//231
f 353//353 354//354 231//231
f 352//352 353//353 231//231
f 351//351 352//352 231//231
f 350//350 351//351 231//231
f 349//349 350//350 231//231
f 348//348 349//349 231//231
f 347//347 348//348 231//231
f 346//346 347//347 231//231
f 345//345 346//346 231//231
f 344//344 345//345 231//231
f 343//343 344//344 231//231
f 342//342 343//343 231//231
f 341//341 342//342 231//231
f 340//340 341//341 231//231
f 339//339 340//340 231//231
f 338//338 339//339 231//231
f 337//337 338//338 231//231
f 309//309 337//337 231//231
f 336//336 337//337 309//309
f 335//335 336//336 309//309
f 334//334 335//335 309//309
f 333//333 334//334 309//309
f 332//332 333//333 309//309
f 331//331 332//332 309//309
f 330//330 331//331 309//309
f 329//329 330//330 309//309
f 328//328 329//329 309//309
f 327//327 328//328 309//309
f 326//326 327//327 309//309
f 325//325 326//326 309//309
f 324//324 325//325 309//309
f 323//323 324//324 309//309
f 322//322 323//323 309//309
f 321//321 322//322 309//309
f 320//320 321//321 309//309
f 319//319 320//320 309//309
f 318//318 319//319 309//309
f 317//317 318//318 309//309
f 316//316 317//317 309//309
f 315//315 316//316 309//309
f 314//314 315//315 309//309
f 313//313 314//314 309//309
f 312//312 313//313 309//309
f 310//310 312//312 309//309
f 311//311 310//310 309//309
f 222//222 309//309 231//231
f 228//228 231//231 307//307
f 222//222 214//214 309//309
f 308//308 309//309 214//214
f 215//215 308//308 214//214
f 214//214 222//222 223//223
f 289//289 283//283 288//288
f 281//281 288//288 283//283
f 289//289 290//290 283//283
f 286//286 283//283 290//290
f 291//291 288//288 285//285
f 281//281 285//285 288//288
f 286//286 290//290 285//285
f 291//291 285//285 290//290
f 215//215 212//212 308//308
f 856//856 308//308 212//212
f 210//210 208//208 855//855
f 396//396 855//855 208//208
f 210//210 855//855 212//212
f 856//856 212//212 855//855
f 259//259 256//256 257//257
f 258//258 257//257 256//256
f 261//261 259//259 260//260
f 257//257 260//260 259//259
f 261//261 260//260 262//262
f 263//263 262//262 260//260
f 211//211 208//208 209//209
f 210//210 209//209 208//208
f 213//213 209//209 212//212
f 210//210 212//212 209//209
f 215//215 214//214 212//212
f 213//213 212//212 214//214
f 218//218 216//216 209//209
f 211//211 209//209 216//216
f 218//218 209//209 220//220
f 213//213 220//220 209//209
f 223//223 220//220 214//214
f 213//213 214//214 220//220
f 219//219 216//216 217//217
f 218//218 217//217 216//216
f 221//221 217//217 220//220
f 218//218 220//220 217//217
f 223//223 222//222 220//220
f 221//221 220//220 222//222
f 857//857 858//858 859//859
f 860//860 859//859 858//858
f 861//861 859//859 862//862
f 860//860 862//862 859//859
f 863//863 864//864 857//857
f 858//858 857//857 864//864
f 865//865 861//861 866//866
f 862//862 866//866 861//861
f 867//867 868//868 863//863
f 864//864 863//863 868//868
f 869//869 865//865 870//870
f 866//866 870//870 865//865
f 871//871 872//872 867//867
f 868//868 867//867 872//872
f 873//873 869//869 874//874
f 870//870 874//874 869//869
f 875//875 876//876 871//871
f 872//872 871//871 876//876
f 877//877 873//873 878//878
f 874//874 878//878 873//873
f 879//879 880//880 875//875
f 876//876 875//875 880//880
f 881//881 877//877 882//882
f 878//878 882//882 877//877
f 879//879 883//883 880//880
f 884//884 880//880 883//883
f 885//885 886//886 882//882
f 881//881 882//882 886//886
f 883//883 887//887 884//884
f 888//888 884//884 887//887
f 889//889 890//890 885//885
f 886//886 885//885 890//890
f 887//887 891//891 888//888
f 892//892 888//888 891//891
f 893//893 894//894 889//889
f 890//890 889//889 894//894
f 891//891 895//895 892//892
f 896//896 892//892 895//895
f 897//897 898//898 893//893
f 894//894 893//893 898//898
f 895//895 899//899 896//896
f 900//900 896//896 899//899
f 901//901 902//902 897//897
f 898//898 897//897 902//902
f 899//899 903//903 900//900
f 904//904 900//900 903//903
f 904//904 903//903 901//901
f 902//902 901//901 903//903
f 226//226 224//224 217//217
f 219//219 217//217 224//224
f 231//231 229//229 222//222
f 221//221 222//222 229//229
f 297//297 296//296 299//299
f 298//298 299//299 296//296
f 304//304 306//306 225//225
f 227//227 225//225 306//306
f 307//307 305//305 228//228
f 230//230 228//228 305//305
f 304//304 225//225 305//305
f 230//230 305//305 225//225
f 227//227 224//224 225//225
f 226//226 225//225 224//224
f 231//231 228//228 229//229
f 230//230 229//229 228//228
f 226//226 229//229 225//225
f 230//230 225//225 229//229
f 104//104 110//110 905//905
f 242//242 905//905 110//110
f 250//250 905//905 243//243
f 242//242 243//243 905//905
f 250//250 105//105 905//905
f 104//104 905//905 105//105
f 107//107 105//105 251//251
f 250//250 251//251 105//105
f 107//107 251//251 93//93
f 906//906 93//93 251//251
f 248//248 247//247 251//251
f 906//906 251//251 247//247
f 95//95 93//93 247//247
f 906//906 247//247 93//93
f 242//242 110//110 241//241
f 111//111 241//241 110//110
f 110//110 241//241 111//111
f 241//241 110//110 242//242
f 240//240 108//108 239//239
f 109//109 239//239 108//108
f 108//108 239//239 109//109
f 239//239 108//108 240//240
f 111//111 103//103 241//241
f 907//907 241//241 103//103
f 907//907 103//103 908//908
f 101//101 908//908 103//103
f 907//907 908//908 241//241
f 240//240 241//241 908//908
f 101//101 108//108 908//908
f 240//240 908//908 108//108
f 909//909 249//249 910//910
f 237//237 910//910 249//249
f 911//911 910//910 232//232
f 237//237 232//232 910//910
f 238//238 912//912 232//232
f 911//911 232//232 912//912
f 913//913 233//233 239//239
f 910//910 248//248 909//909
f 912//912 909//909 248//248
f 251//251 912//912 248//248
f 250//250 912//912 251//251
f 243//243 912//912 250//250
f 242//242 912//912 243//243
f 241//241 912//912 242//242
f 240//240 912//912 241//241
f 239//239 912//912 240//240
f 911//911 236//236 910//910
f 248//248 910//910 236//236
f 247//247 248//248 236//236
f 246//246 247//247 236//236
f 244//244 246//246 236//236
f 245//245 244//244 236//236
f 235//235 236//236 911//911
f 233//233 235//235 911//911
f 239//239 233//233 911//911
f 912//912 239//239 911//911
f 576//576 567//567 571//571
f 579//579 567//567 576//576
f 579//579 563//563 567//567
f 579//579 559//559 563//563
f 582//582 559//559 579//579
f 582//582 555//555 559//559
f 582//582 551//551 555//555
f 582//582 547//547 551//551
f 585//585 547//547 582//582
f 585//585 543//543 547//547
f 585//585 539//539 543//543
f 588//588 539//539 585//585
f 588//588 534//534 539//539
f 588//588 914//914 534//534
f 588//588 915//915 914//914
f 588//588 916//916 915//915
f 588//588 917//917 916//916
f 591//591 917//917 588//588
f 591//591 918//918 917//917
f 591//591 919//919 918//918
f 591//591 920//920 919//919
f 594//594 920//920 591//591
f 594//594 921//921 920//920
f 594//594 922//922 921//921
f 594//594 923//923 922//922
f 597//597 923//923 594//594
f 597//597 924//924 923//923
f 597//597 925//925 924//924
f 597//597 926//926 925//925
f 926//926 597//597 600//600
f 927//927 534//534 914//914
f 928//928 534//534 927//927
f 928//928 535//535 534//534
f 929//929 535//535 928//928
f 929//929 537//537 535//535
f 930//930 537//537 929//929
f 931//931 537//537 930//930
f 932//932 537//537 931//931
f 932//932 541//541 537//537
f 933//933 541//541 932//932
f 934//934 541//541 933//933
f 935//935 541//541 934//934
f 936//936 541//541 935//935
f 937//937 541//541 936//936
f 600//600 937//937 926//926
f 937//937 545//545 541//541
f 600//600 545//545 937//937
f 603//603 545//545 600//600
f 606//606 545//545 603//603
f 609//609 545//545 606//606
f 612//612 545//545 609//609
f 612//612 549//549 545//545
f 615//615 549//549 612//612
f 615//615 553//553 549//549
f 618//618 553//553 615//615
f 618//618 557//557 553//553
f 621//621 557//557 618//618
f 621//621 561//561 557//557
f 624//624 561//561 621//621
f 627//627 561//561 624//624
f 627//627 565//565 561//561
f 630//630 565//565 627//627
f 630//630 569//569 565//565
f 633//633 569//569 630//630
f 633//633 573//573 569//569
f 633//633 578//578 573//573
f 636//636 578//578 633//633
f 636//636 581//581 578//578
f 636//636 584//584 581//581
f 639//639 584//584 636//636
f 639//639 587//587 584//584
f 639//639 590//590 587//587
f 642//642 590//590 639//639
f 645//645 590//590 642//642
f 645//645 593//593 590//590
f 645//645 596//596 593//593
f 648//648 596//596 645//645
f 648//648 599//599 596//596
f 651//651 599//599 648//648
f 651//651 602//602 599//599
f 654//654 602//602 651//651
f 654//654 605//605 602//602
f 657//657 605//605 654//654
f 657//657 608//608 605//605
f 660//660 608//608 657//657
f 660//660 611//611 608//608
f 660//660 614//614 611//611
f 663//663 614//614 660//660
f 663//663 617//617 614//614
f 666//666 617//617 663//663
f 666//666 620//620 617//617
f 669//669 620//620 666//666
f 669//669 623//623 620//620
f 672//672 623//623 669//669
f 672//672 626//626 623//623
f 672//672 629//629 626//626
f 675//675 629//629 672//672
f 675//675 635//635 629//629
f 675//675 638//638 635//635
f 675//675 641//641 638//638
f 675//675 644//644 641//641
f 681//681 644//644 675//675
f 938//938 644//644 681//681
f 939//939 644//644 938//938
f 940//940 644//644 939//939
f 941//941 644//644 940//940
f 941//941 647//647 644//644
f 942//942 647//647 941//941
f 943//943 647//647 942//942
f 944//944 647//647 943//943
f 944//944 650//650 647//647
f 945//945 650//650 944//944
f 946//946 650//650 945//945
f 946//946 653//653 650//650
f 947//947 653//653 946//946
f 948//948 653//653 947//947
f 949//949 653//653 948//948
f 949//949 656//656 653//653
f 950//950 656//656 949//949
f 676//676 656//656 950//950
f 677//677 656//656 676//676
f 677//677 659//659 656//656
f 673//673 659//659 677//677
f 673//673 661//661 659//659
f 670//670 661//661 673//673
f 670//670 664//664 661//661
f 664//664 670//670 667//667
f 681//681 951//951 938//938
f 681//681 952//952 951//951
f 686//686 952//952 681//681
f 686//686 953//953 952//952
f 686//686 954//954 953//953
f 686//686 955//955 954//954
f 686//686 956//956 955//955
f 686//686 957//957 956//956
f 686//686 958//958 957//957
f 682//682 958//958 686//686
f 682//682 959//959 958//958
f 682//682 960//960 959//959
f 682//682 961//961 960//960
f 961//961 676//676 950//950
f 676//676 961//961 682//682
f 632//632 629//629 635//635
f 104//104 103//103 110//110
f 111//111 110//110 103//103
f 101//101 102//102 108//108
f 109//109 108//108 102//102
f 107//107 93//93 105//105
f 94//94 105//105 93//93
f 97//97 105//105 94//94
f 98//98 105//105 97//97
f 106//106 105//105 98//98
f 100//100 105//105 106//106
f 104//104 105//105 100//100
f 103//103 104//104 100//100
f 101//101 103//103 100//100
f 102//102 101//101 100//100
f 99//99 96//96 97//97
f 98//98 97//97 96//96
f 95//95 92//92 93//93
f 94//94 93//93 92//92
f 100//100 106//106 233//233
f 235//235 233//233 106//106
f 106//106 233//233 235//235
f 233//233 106//106 100//100
f 109//109 102//102 239//239
f 913//913 239//239 102//102
f 913//913 102//102 233//233
f 100//100 233//233 102//102
f 940//940 164//164 939//939
f 161//161 939//939 164//164
f 939//939 161//161 938//938
f 162//162 938//938 161//161
f 941//941 166//166 940//940
f 164//164 940//940 166//166
f 938//938 162//162 951//951
f 160//160 951//951 162//162
f 168//168 166//166 942//942
f 941//941 942//942 166//166
f 951//951 160//160 952//952
f 163//163 952//952 160//160
f 170//170 168//168 943//943
f 942//942 943//943 168//168
f 952//952 163//163 953//953
f 165//165 953//953 163//163
f 172//172 170//170 944//944
f 943//943 944//944 170//170
f 165//165 167//167 953//953
f 954//954 953//953 167//167
f 174//174 172//172 945//945
f 944//944 945//945 172//172
f 167//167 169//169 954//954
f 955//955 954//954 169//169
f 176//176 174//174 946//946
f 945//945 946//946 174//174
f 169//169 171//171 955//955
f 956//956 955//955 171//171
f 178//178 176//176 947//947
f 946//946 947//947 176//176
f 171//171 173//173 956//956
f 957//957 956//956 173//173
f 178//178 947//947 180//180
f 948//948 180//180 947//947
f 173//173 175//175 957//957
f 958//958 957//957 175//175
f 180//180 948//948 182//182
f 949//949 182//182 948//948
f 175//175 177//177 958//958
f 959//959 958//958 177//177
f 182//182 949//949 183//183
f 950//950 183//183 949//949
f 179//179 960//960 177//177
f 959//959 177//177 960//960
f 183//183 950//950 181//181
f 961//961 181//181 950//950
f 181//181 961//961 179//179
f 960//960 179//179 961//961
f 267//267 264//264 265//265
f 266//266 265//265 264//264
f 267//267 268//268 264//264
f 269//269 264//264 268//268
f 268//268 270//270 269//269
f 271//271 269//269 270//270
f 206//206 937//937 207//207
f 926//926 207//207 937//937
f 937//937 207//207 926//926
f 207//207 937//937 206//206
f 204//204 936//936 206//206
f 937//937 206//206 936//936
f 936//936 206//206 937//937
f 206//206 936//936 204//204
f 207//207 926//926 205//205
f 925//925 205//205 926//926
f 926//926 205//205 925//925
f 205//205 926//926 207//207
f 202//202 935//935 204//204
f 936//936 204//204 935//935
f 935//935 204//204 936//936
f 204//204 935//935 202//202
f 205//205 925//925 203//203
f 924//924 203//203 925//925
f 925//925 203//203 924//924
f 203//203 925//925 205//205
f 202//202 200//200 935//935
f 934//934 935//935 200//200
f 200//200 935//935 934//934
f 935//935 200//200 202//202
f 203//203 924//924 201//201
f 923//923 201//201 924//924
f 924//924 201//201 923//923
f 201//201 924//924 203//203
f 200//200 198//198 934//934
f 933//933 934//934 198//198
f 198//198 934//934 933//933
f 934//934 198//198 200//200
f 199//199 201//201 922//922
f 923//923 922//922 201//201
f 201//201 922//922 923//923
f 922//922 201//201 199//199
f 198//198 196//196 933//933
f 932//932 933//933 196//196
f 196//196 933//933 932//932
f 933//933 196//196 198//198
f 197//197 199//199 921//921
f 922//922 921//921 199//199
f 199//199 921//921 922//922
f 921//921 199//199 197//197
f 196//196 194//194 932//932
f 931//931 932//932 194//194
f 194//194 932//932 931//931
f 932//932 194//194 196//196
f 195//195 197//197 920//920
f 921//921 920//920 197//197
f 197//197 920//920 921//921
f 920//920 197//197 195//195
f 194//194 192//192 931//931
f 930//930 931//931 192//192
f 192//192 931//931 930//930
f 931//931 192//192 194//194
f 193//193 195//195 919//919
f 920//920 919//919 195//195
f 195//195 919//919 920//920
f 919//919 195//195 193//193
f 192//192 190//190 930//930
f 929//929 930//930 190//190
f 190//190 930//930 929//929
f 930//930 190//190 192//192
f 191//191 193//193 918//918
f 919//919 918//918 193//193
f 193//193 918//918 919//919
f 918//918 193//193 191//191
f 929//929 190//190 928//928
f 188//188 928//928 190//190
f 190//190 928//928 188//188
f 928//928 190//190 929//929
f 189//189 191//191 917//917
f 918//918 917//917 191//191
f 191//191 917//917 918//918
f 917//917 191//191 189//189
f 928//928 188//188 927//927
f 185//185 927//927 188//188
f 188//188 927//927 185//185
f 927//927 188//188 928//928
f 916//916 187//187 917//917
f 189//189 917//917 187//187
f 187//187 917//917 189//189
f 917//917 187//187 916//916
f 927//927 185//185 914//914
f 186//186 914//914 185//185
f 185//185 914//914 186//186
f 914//914 185//185 927//927
f 915//915 184//184 916//916
f 187//187 916//916 184//184
f 184//184 916//916 187//187
f 916//916 184//184 915//915
f 914//914 186//186 915//915
f 184//184 915//915 186//186
f 186//186 915//915 184//184
f 915//915 186//186 914//914
f 99//99 97//97 244//244
f 962//962 244//244 97//97
f 94//94 963//963 97//97
f 962//962 97//97 963//963
f 94//94 92//92 963//963
f 246//246 963//963 92//92
f 244//244 899//899 246//246
f 895//895 246//246 899//899
f 963//963 246//246 895//895
f 903//903 899//899 244//244
f 902//902 903//903 244//244
f 898//898 902//902 244//244
f 894//894 898//898 244//244
f 891//891 963//963 895//895
f 887//887 963//963 891//891
f 883//883 963//963 887//887
f 879//879 963//963 883//883
f 875//875 963//963 879//879
f 871//871 963//963 875//875
f 867//867 963//963 871//871
f 962//962 873//873 244//244
f 877//877 244//244 873//873
f 881//881 244//244 877//877
f 886//886 244//244 881//881
f 890//890 244//244 886//886
f 894//894 244//244 890//890
f 869//869 873//873 962//962
f 865//865 869//869 962//962
f 861//861 865//865 962//962
f 859//859 861//861 962//962
f 857//857 859//859 962//962
f 863//863 857//857 962//962
f 867//867 863//863 962//962
f 963//963 867//867 962//962
f 99//99 244//244 96//96
f 245//245 96//96 244//244
f 244//244 96//96 245//245
f 96//96 244//244 99//99
f 253//253 252//252 2//2
f 80//80 2//2 252//252
f 87//87 254//254 2//2
f 253//253 2//2 254//254
f 255//255 82//82 252//252
f 80//80 252//252 82//82
f 255//255 254//254 82//82
f 87//87 82//82 254//254
f 275//275 272//272 273//273
f 274//274 273//273 272//272
f 277//277 275//275 276//276
f 273//273 276//276 275//275
f 279//279 278//278 272//272
f 274//274 272//272 278//278
f 279//279 277//277 278//278
f 276//276 278//278 277//277
f 291//291 290//290 288//288
f 289//289 288//288 290//290
f 690//690 683//683 687//687
f 690//690 678//678 683//683
f 690//690 679//679 678//678
f 693//693 679//679 690//690
f 693//693 685//685 679//679
f 696//696 685//685 693//693
f 696//696 689//689 685//685
f 699//699 689//689 696//696
f 699//699 692//692 689//689
f 702//702 692//692 699//699
f 702//702 695//695 692//692
f 705//705 695//695 702//702
f 705//705 698//698 695//695
f 708//708 698//698 705//705
f 708//708 701//701 698//698
f 708//708 704//704 701//701
f 711//711 704//704 708//708
f 711//711 707//707 704//704
f 714//714 707//707 711//711
f 714//714 710//710 707//707
f 717//717 710//710 714//714
f 717//717 713//713 710//710
f 723//723 713//713 717//717
f 723//723 716//716 713//713
f 728//728 716//716 723//723
f 728//728 720//720 716//716
f 728//728 725//725 720//720
f 728//728 730//730 725//725
f 733//733 730//730 728//728
f 730//730 733//733 735//735
f 303//303 302//302 300//300
f 301//301 300//300 302//302
f 295//295 294//294 292//292
f 293//293 292//292 294//294
f 293//293 267//267 292//292
f 265//265 292//292 267//267
f 293//293 294//294 267//267
f 268//268 267//267 294//294
f 295//295 292//292 270//270
f 265//265 270//270 292//292
f 268//268 294//294 270//270
f 295//295 270//270 294//294
f 259//259 296//296 256//256
f 297//297 256//256 296//296
f 298//298 296//296 261//261
f 259//259 261//261 296//296
f 297//297 299//299 256//256
f 262//262 256//256 299//299
f 298//298 261//261 299//299
f 262//262 299//299 261//261
f 283//283 280//280 281//281
f 282//282 281//281 280//280
f 285//285 281//281 284//284
f 282//282 284//284 281//281
f 283//283 286//286 280//280
f 287//287 280//280 286//286
f 286//286 285//285 287//287
f 284//284 287//287 285//285
f 98//98 964//964 106//106
f 235//235 106//106 964//964
f 245//245 236//236 964//964
f 235//235 964//964 236//236
f 98//98 96//96 964//964
f 245//245 964//964 96//96
f 256//256 262//262 258//258
f 263//263 258//258 262//262
f 262//262 258//258 263//263
f 258//258 262//262 256//256
f 301//301 279//279 300//300
f 272//272 300//300 279//279
f 301//301 302//302 279//279
f 277//277 279//279 302//302
f 303//303 300//300 275//275
f 272//272 275//275 300//300
f 277//277 302//302 275//275
f 303//303 275//275 302//302
f 95//95 247//247 92//92
f 246//246 92//92 247//247
f 247//247 92//92 246//246
f 92//92 247//247 95//95
f 270//270 265//265 271//271
f 266//266 271//271 265//265
f 265//265 271//271 266//266
f 271//271 265//265 270//270
f 217//217 249//249 226//226
f 229//229 226//226 249//249
f 238//238 229//229 249//249
f 232//232 229//229 238//238
f 221//221 237//237 217//217
f 249//249 217//217 237//237
f 232//232 237//237 221//221
f 229//229 232//232 221//221
f 774//774 769//769 772//772
f 774//774 427//427 769//769
f 777//777 427//427 774//774
f 777//777 426//426 427//427
f 780//780 426//426 777//777
f 780//780 425//425 426//426
f 783//783 425//425 780//780
f 783//783 424//424 425//425
f 786//786 424//424 783//783
f 786//786 423//423 424//424
f 789//789 423//423 786//786
f 789//789 422//422 423//423
f 792//792 422//422 789//789
f 792//792 421//421 422//422
f 792//792 420//420 421//421
f 792//792 419//419 420//420
f 795//795 419//419 792//792
f 795//795 418//418 419//419
f 795//795 417//417 418//418
f 798//798 417//417 795//795
f 798//798 416//416 417//417
f 798//798 415//415 416//416
f 801//801 415//415 798//798
f 801//801 414//414 415//415
f 801//801 413//413 414//414
f 804//804 413//413 801//801
f 804//804 412//412 413//413
f 804//804 411//411 412//412
f 807//807 411//411 804//804
f 807//807 410//410 411//411
f 810//810 410//410 807//807
f 810//810 409//409 410//410
f 810//810 408//408 409//409
f 813//813 408//408 810//810
f 813//813 407//407 408//408
f 816//816 407//407 813//813
f 816//816 406//406 407//407
f 816//816 405//405 406//406
f 819//819 405//405 816//816
f 819//819 404//404 405//405
f 822//822 404//404 819//819
f 822//822 403//403 404//404
f 825//825 403//403 822//822
f 825//825 402//402 403//403
f 825//825 401//401 402//402
f 828//828 401//401 825//825
f 828//828 400//400 401//401
f 831//831 400//400 828//828
f 831//831 399//399 400//400
f 834//834 399//399 831//831
f 834//834 398//398 399//399
f 398//398 837//837 397//397
f 837//837 398//398 834//834
f 668//668 446//446 447//447
f 671//671 446//446 668//668
f 684//684 674//674 680//680
f 684//684 671//671 674//674
f 684//684 446//446 671//671
f 684//684 445//445 446//446
f 688//688 445//445 684//684
f 688//688 444//444 445//445
f 691//691 444//444 688//688
f 691//691 443//443 444//444
f 694//694 443//443 691//691
f 694//694 442//442 443//443
f 694//694 441//441 442//442
f 697//697 441//441 694//694
f 697//697 440//440 441//441
f 700//700 440//440 697//697
f 700//700 439//439 440//440
f 703//703 439//439 700//700
f 703//703 438//438 439//439
f 706//706 438//438 703//703
f 706//706 437//437 438//438
f 709//709 437//437 706//706
f 709//709 436//436 437//437
f 712//712 436//436 709//709
f 712//712 435//435 436//436
f 712//712 434//434 435//435
f 715//715 434//434 712//712
f 715//715 433//433 434//434
f 715//715 731//731 433//433
f 715//715 726//726 731//731
f 715//715 721//721 726//726
f 721//721 715//715 718//718
f 548//548 452//452 544//544
f 548//548 454//454 452//452
f 552//552 454//454 548//548
f 552//552 456//456 454//454
f 552//552 458//458 456//456
f 556//556 458//458 552//552
f 556//556 460//460 458//458
f 560//560 460//460 556//556
f 560//560 462//462 460//460
f 564//564 462//462 560//560
f 564//564 464//464 462//462
f 564//564 466//466 464//464
f 568//568 466//466 564//564
f 568//568 468//468 466//466
f 572//572 468//468 568//568
f 577//577 468//468 572//572
f 577//577 470//470 468//468
f 577//577 472//472 470//470
f 580//580 472//472 577//577
f 583//583 472//472 580//580
f 583//583 474//474 472//472
f 586//586 474//474 583//583
f 589//589 474//474 586//586
f 589//589 476//476 474//474
f 589//589 478//478 476//476
f 592//592 478//478 589//589
f 592//592 480//480 478//478
f 592//592 482//482 480//480
f 595//595 482//482 592//592
f 595//595 483//483 482//482
f 595//595 481//481 483//483
f 598//598 481//481 595//595
f 598//598 479//479 481//481
f 598//598 477//477 479//479
f 601//601 477//477 598//598
f 601//601 475//475 477//477
f 601//601 473//473 475//475
f 604//604 473//473 601//601
f 604//604 471//471 473//473
f 604//604 469//469 471//471
f 604//604 467//467 469//469
f 607//607 467//467 604//604
f 607//607 465//465 467//467
f 610//610 465//465 607//607
f 613//613 465//465 610//610
f 613//613 463//463 465//465
f 616//616 463//463 613//613
f 616//616 461//461 463//463
f 619//619 461//461 616//616
f 619//619 459//459 461//461
f 622//622 459//459 619//619
f 622//622 457//457 459//459
f 625//625 457//457 622//622
f 625//625 455//455 457//457
f 625//625 631//631 455//455
f 631//631 625//625 628//628
f 570//570 574//574 575//575
f 566//566 574//574 570//570
f 562//562 574//574 566//566
f 558//558 574//574 562//562
f 554//554 574//574 558//558
f 550//550 574//574 554//554
f 546//546 574//574 550//550
f 542//542 574//574 546//546
f 538//538 574//574 542//542
f 532//532 574//574 538//538
f 533//533 574//574 532//532
f 536//536 574//574 533//533
f 540//540 574//574 536//536
f 544//544 574//574 540//540
f 452//452 574//574 544//544
f 451//451 574//574 452//452
f 397//397 574//574 451//451
f 842//842 397//397 837//837
f 845//845 397//397 842//842
f 849//849 397//397 845//845
f 853//853 397//397 849//849
f 852//852 397//397 853//853
f 848//848 397//397 852//852
f 841//841 397//397 848//848
f 397//397 840//840 574//574
f 840//840 397//397 841//841
f 634//634 455//455 631//631
f 637//637 455//455 634//634
f 640//640 455//455 637//637
f 640//640 453//453 455//455
f 643//643 453//453 640//640
f 646//646 453//453 643//643
f 646//646 450//450 453//453
f 649//649 450//450 646//646
f 652//652 450//450 649//649
f 652//652 449//449 450//450
f 655//655 449//449 652//652
f 658//658 449//449 655//655
f 658//658 448//448 449//449
f 662//662 448//448 658//658
f 665//665 448//448 662//662
f 668//668 448//448 665//665
f 448//448 668//668 447//447
f 736//736 433//433 731//731
f 736//736 432//432 433//433
f 738//738 432//432 736//736
f 741//741 432//432 738//738
f 744//744 432//432 741//741
f 744//744 431//431 432//432
f 747//747 431//431 744//744
f 747//747 430//430 431//431
f 750//750 430//430 747//747
f 753//753 430//430 750//750
f 753//753 429//429 430//430
f 756//756 429//429 753//753
f 759//759 429//429 756//756
f 759//759 428//428 429//429
f 763//763 428//428 759//759
f 766//766 428//428 763//763
f 769//769 428//428 766//766
f 428//428 769//769 427//427
f 221//221 232//232 229//229
f 221//221 237//237 232//232
f 237//237 217//217 249//249
f 217//217 237//237 221//221
f 238//238 229//229 232//232
f 249//249 229//229 238//238
f 249//249 226//226 229//229
f 226//226 249//249 217//217
f 397//397 90//90 398//398
f 90//90 397//397 91//91
f 90//90 399//399 398//398
f 399//399 90//90 89//89
f 89//89 400//400 399//399
f 400//400 89//89 88//88
f 88//88 401//401 400//400
f 401//401 88//88 81//81
f 81//81 402//402 401//401
f 402//402 81//81 79//79
f 79//79 403//403 402//402
f 403//403 79//79 78//78
f 78//78 404//404 403//403
f 404//404 78//78 77//77
f 77//77 405//405 404//404
f 405//405 77//77 76//76
f 76//76 406//406 405//405
f 406//406 76//76 75//75
f 75//75 407//407 406//406
f 407//407 75//75 74//74
f 74//74 408//408 407//407
f 408//408 74//74 73//73
f 73//73 409//409 408//408
f 409//409 73//73 72//72
f 72//72 410//410 409//409
f 410//410 72//72 71//71
f 71//71 411//411 410//410
f 411//411 71//71 70//70
f 70//70 412//412 411//411
f 412//412 70//70 69//69
f 69//69 413//413 412//412
f 413//413 69//69 67//67
f 67//67 414//414 413//413
f 414//414 67//67 66//66
f 66//66 415//415 414//414
f 415//415 66//66 65//65
f 65//65 416//416 415//415
f 416//416 65//65 64//64
f 64//64 417//417 416//416
f 417//417 64//64 62//62
f 62//62 418//418 417//417
f 418//418 62//62 61//61
f 61//61 419//419 418//418
f 419//419 61//61 60//60
f 60//60 420//420 419//419
f 420//420 60//60 56//56
f 56//56 421//421 420//420
f 421//421 56//56 58//58
f 58//58 422//422 421//421
f 422//422 58//58 57//57
f 57//57 423//423 422//422
f 423//423 57//57 59//59
f 59//59 424//424 423//423
f 424//424 59//59 63//63
f 63//63 425//425 424//424
f 425//425 63//63 68//68
f 68//68 426//426 425//425
f 426//426 68//68 55//55
f 55//55 427//427 426//426
f 427//427 55//55 54//54
f 54//54 428//428 427//427
f 428//428 54//54 53//53
f 53//53 429//429 428//428
f 429//429 53//53 52//52
f 52//52 430//430 429//429
f 430//430 52//52 51//51
f 51//51 431//431 430//430
f 431//431 51//51 50//50
f 50//50 432//432 431//431
f 432//432 50//50 49//49
f 49//49 433//433 432//432
f 433//433 49//49 48//48
f 433//433 47//47 434//434
f 47//47 433//433 48//48
f 434//434 46//46 435//435
f 46//46 434//434 47//47
f 46//46 436//436 435//435
f 436//436 46//46 45//45
f 45//45 437//437 436//436
f 437//437 45//45 44//44
f 44//44 438//438 437//437
f 438//438 44//44 43//43
f 43//43 439//439 438//438
f 439//439 43//43 41//41
f 41//41 440//440 439//439
f 440//440 41//41 40//40
f 40//40 441//441 440//440
f 441//441 40//40 38//38
f 38//38 442//442 441//441
f 442//442 38//38 37//37
f 37//37 443//443 442//442
f 443//443 37//37 35//35
f 35//35 444//444 443//443
f 444//444 35//35 34//34
f 34//34 445//445 444//444
f 445//445 34//34 31//31
f 33//33 445//445 31//31
f 445//445 33//33 446//446
f 32//32 446//446 33//33
f 446//446 32//32 447//447
f 32//32 448//448 447//447
f 448//448 32//32 36//36
f 36//36 449//449 448//448
f 449//449 36//36 39//39
f 39//39 450//450 449//449
f 450//450 39//39 42//42
f 84//84 452//452 85//85
f 452//452 84//84 451//451
f 42//42 453//453 450//450
f 453//453 42//42 30//30
f 83//83 452//452 454//454
f 452//452 83//83 85//85
f 30//30 455//455 453//453
f 455//455 30//30 29//29
f 86//86 454//454 456//456
f 454//454 86//86 83//83
f 29//29 457//457 455//455
f 457//457 29//29 28//28
f 3//3 456//456 458//458
f 456//456 3//3 86//86
f 28//28 459//459 457//457
f 459//459 28//28 27//27
f 1//1 458//458 460//460
f 458//458 1//1 3//3
f 27//27 461//461 459//459
f 461//461 27//27 26//26
f 4//4 460//460 462//462
f 460//460 4//4 1//1
f 26//26 463//463 461//461
f 463//463 26//26 25//25
f 5//5 462//462 464//464
f 462//462 5//5 4//4
f 25//25 465//465 463//463
f 465//465 25//25 24//24
f 6//6 464//464 466//466
f 464//464 6//6 5//5
f 24//24 467//467 465//465
f 467//467 24//24 23//23
f 7//7 466//466 468//468
f 466//466 7//7 6//6
f 23//23 469//469 467//467
f 469//469 23//23 22//22
f 8//8 468//468 470//470
f 468//468 8//8 7//7
f 22//22 471//471 469//469
f 471//471 22//22 21//21
f 9//9 470//470 472//472
f 470//470 9//9 8//8
f 21//21 473//473 471//471
f 473//473 21//21 20//20
f 10//10 472//472 474//474
f 472//472 10//10 9//9
f 20//20 475//475 473//473
f 475//475 20//20 19//19
f 11//11 474//474 476//476
f 474//474 11//11 10//10
f 19//19 477//477 475//475
f 477//477 19//19 18//18
f 12//12 476//476 478//478
f 476//476 12//12 11//11
f 18//18 479//479 477//477
f 479//479 18//18 17//17
f 13//13 478//478 480//480
f 478//478 13//13 12//12
f 17//17 481//481 479//479
f 481//481 17//17 16//16
f 14//14 480//480 482//482
f 480//480 14//14 13//13
f 16//16 483//483 481//481
f 483//483 16//16 15//15
f 15//15 482//482 483//483
f 482//482 15//15 14//14
f 127//127 508//508 509//509
f 508//508 127//127 125//125
f 125//125 510//510 508//508
f 510//510 125//125 123//123
f 129//129 509//509 511//511
f 509//509 129//129 127//127
f 123//123 512//512 510//510
f 512//512 123//123 121//121
f 513//513 129//129 511//511
f 129//129 513//513 131//131
f 121//121 514//514 512//512
f 514//514 121//121 119//119
f 515//515 131//131 513//513
f 131//131 515//515 133//133
f 119//119 516//516 514//514
f 516//516 119//119 117//117
f 517//517 133//133 515//515
f 133//133 517//517 135//135
f 115//115 516//516 117//117
f 516//516 115//115 518//518
f 519//519 135//135 517//517
f 135//135 519//519 134//134
f 112//112 518//518 115//115
f 518//518 112//112 520//520
f 521//521 134//134 519//519
f 134//134 521//521 132//132
f 114//114 520//520 112//112
f 520//520 114//114 522//522
f 523//523 132//132 521//521
f 132//132 523//523 130//130
f 113//113 522//522 114//114
f 522//522 113//113 524//524
f 128//128 523//523 525//525
f 523//523 128//128 130//130
f 116//116 524//524 113//113
f 524//524 116//116 526//526
f 126//126 525//525 527//527
f 525//525 126//126 128//128
f 118//118 526//526 116//116
f 526//526 118//118 528//528
f 124//124 527//527 529//529
f 527//527 124//124 126//126
f 118//118 530//530 528//528
f 530//530 118//118 120//120
f 122//122 529//529 531//531
f 529//529 122//122 124//124
f 120//120 531//531 530//530
f 531//531 120//120 122//122
f 533//533 534//534 535//535
f 534//534 533//533 532//532
f 536//536 535//535 537//537
f 535//535 536//536 533//533
f 532//532 539//539 534//534
f 539//539 532//532 538//538
f 540//540 537//537 541//541
f 537//537 540//540 536//536
f 538//538 543//543 539//539
f 543//543 538//538 542//542
f 544//544 541//541 545//545
f 541//541 544//544 540//540
f 542//542 547//547 543//543
f 547//547 542//542 546//546
f 548//548 545//545 549//549
f 545//545 548//548 544//544
f 547//547 550//550 551//551
f 550//550 547//547 546//546
f 552//552 549//549 553//553
f 549//549 552//552 548//548
f 551//551 554//554 555//555
f 554//554 551//551 550//550
f 557//557 552//552 553//553
f 552//552 557//557 556//556
f 555//555 558//558 559//559
f 558//558 555//555 554//554
f 560//560 557//557 561//561
f 557//557 560//560 556//556
f 559//559 562//562 563//563
f 562//562 559//559 558//558
f 564//564 561//561 565//565
f 561//561 564//564 560//560
f 563//563 566//566 567//567
f 566//566 563//563 562//562
f 568//568 565//565 569//569
f 565//565 568//568 564//564
f 567//567 570//570 571//571
f 570//570 567//567 566//566
f 572//572 569//569 573//573
f 569//569 572//572 568//568
f 574//574 311//311 575//575
f 311//311 574//574 309//309
f 571//571 575//575 576//576
f 575//575 571//571 570//570
f 577//577 573//573 578//578
f 573//573 577//577 572//572
f 576//576 310//310 579//579
f 575//575 310//310 576//576
f 310//310 575//575 311//311
f 580//580 578//578 581//581
f 578//578 580//580 577//577
f 579//579 312//312 582//582
f 312//312 579//579 310//310
f 583//583 581//581 584//584
f 581//581 583//583 580//580
f 582//582 313//313 585//585
f 313//313 582//582 312//312
f 586//586 584//584 587//587
f 584//584 586//586 583//583
f 313//313 588//588 585//585
f 588//588 313//313 314//314
f 589//589 587//587 590//590
f 587//587 589//589 586//586
f 314//314 591//591 588//588
f 591//591 314//314 315//315
f 592//592 590//590 593//593
f 590//590 592//592 589//589
f 315//315 594//594 591//591
f 594//594 315//315 316//316
f 595//595 593//593 596//596
f 593//593 595//595 592//592
f 316//316 597//597 594//594
f 597//597 316//316 317//317
f 598//598 596//596 599//599
f 596//596 598//598 595//595
f 317//317 600//600 597//597
f 600//600 317//317 318//318
f 601//601 599//599 602//602
f 599//599 601//601 598//598
f 318//318 603//603 600//600
f 603//603 318//318 319//319
f 604//604 602//602 605//605
f 602//602 604//604 601//601
f 320//320 603//603 319//319
f 603//603 320//320 606//606
f 607//607 605//605 608//608
f 605//605 607//607 604//604
f 321//321 606//606 320//320
f 606//606 321//321 609//609
f 610//610 608//608 611//611
f 608//608 610//610 607//607
f 322//322 609//609 321//321
f 609//609 322//322 612//612
f 613//613 611//611 614//614
f 611//611 613//613 610//610
f 322//322 615//615 612//612
f 615//615 322//322 323//323
f 616//616 614//614 617//617
f 614//614 616//616 613//613
f 323//323 618//618 615//615
f 618//618 323//323 324//324
f 619//619 617//617 620//620
f 617//617 619//619 616//616
f 324//324 621//621 618//618
f 621//621 324//324 325//325
f 622//622 620//620 623//623
f 620//620 622//622 619//619
f 325//325 624//624 621//621
f 624//624 325//325 326//326
f 625//625 623//623 626//626
f 623//623 625//625 622//622
f 326//326 627//627 624//624
f 627//627 326//326 327//327
f 628//628 626//626 629//629
f 626//626 628//628 625//625
f 327//327 630//630 627//627
f 630//630 327//327 328//328
f 632//632 628//628 629//629
f 628//628 632//632 631//631
f 328//328 633//633 630//630
f 633//633 328//328 329//329
f 635//635 631//631 632//632
f 631//631 635//635 634//634
f 329//329 636//636 633//633
f 636//636 329//329 330//330
f 638//638 634//634 635//635
f 634//634 638//638 637//637
f 330//330 639//639 636//636
f 639//639 330//330 331//331
f 641//641 637//637 638//638
f 637//637 641//641 640//640
f 331//331 642//642 639//639
f 642//642 331//331 332//332
f 643//643 641//641 644//644
f 641//641 643//643 640//640
f 332//332 645//645 642//642
f 645//645 332//332 333//333
f 646//646 644//644 647//647
f 644//644 646//646 643//643
f 333//333 648//648 645//645
f 648//648 333//333 334//334
f 649//649 647//647 650//650
f 647//647 649//649 646//646
f 334//334 651//651 648//648
f 651//651 334//334 335//335
f 652//652 650//650 653//653
f 650//650 652//652 649//649
f 335//335 654//654 651//651
f 654//654 335//335 336//336
f 655//655 653//653 656//656
f 653//653 655//655 652//652
f 336//336 657//657 654//654
f 657//657 336//336 337//337
f 658//658 656//656 659//659
f 656//656 658//658 655//655
f 337//337 660//660 657//657
f 660//660 337//337 338//338
f 658//658 661//661 662//662
f 661//661 658//658 659//659
f 338//338 663//663 660//660
f 663//663 338//338 339//339
f 662//662 664//664 665//665
f 664//664 662//662 661//661
f 339//339 666//666 663//663
f 666//666 339//339 340//340
f 665//665 667//667 668//668
f 667//667 665//665 664//664
f 340//340 669//669 666//666
f 669//669 340//340 341//341
f 668//668 670//670 671//671
f 670//670 668//668 667//667
f 341//341 672//672 669//669
f 672//672 341//341 342//342
f 671//671 673//673 674//674
f 673//673 671//671 670//670
f 672//672 343//343 675//675
f 343//343 672//672 342//342
f 677//677 678//678 679//679
f 678//678 677//677 676//676
f 674//674 677//677 680//680
f 677//677 674//674 673//673
f 343//343 681//681 675//675
f 681//681 343//343 344//344
f 676//676 683//683 678//678
f 683//683 676//676 682//682
f 685//685 677//677 679//679
f 684//684 677//677 685//685
f 677//677 684//684 680//680
f 344//344 686//686 681//681
f 686//686 344//344 345//345
f 682//682 687//687 683//683
f 687//687 682//682 686//686
f 688//688 685//685 689//689
f 685//685 688//688 684//684
f 686//686 690//690 687//687
f 345//345 690//690 686//686
f 690//690 345//345 346//346
f 691//691 689//689 692//692
f 689//689 691//691 688//688
f 346//346 693//693 690//690
f 693//693 346//346 347//347
f 694//694 692//692 695//695
f 692//692 694//694 691//691
f 347//347 696//696 693//693
f 696//696 347//347 348//348
f 697//697 695//695 698//698
f 695//695 697//697 694//694
f 348//348 699//699 696//696
f 699//699 348//348 349//349
f 700//700 698//698 701//701
f 698//698 700//700 697//697
f 349//349 702//702 699//699
f 702//702 349//349 350//350
f 703//703 701//701 704//704
f 701//701 703//703 700//700
f 350//350 705//705 702//702
f 705//705 350//350 351//351
f 706//706 704//704 707//707
f 704//704 706//706 703//703
f 351//351 708//708 705//705
f 708//708 351//351 352//352
f 709//709 707//707 710//710
f 707//707 709//709 706//706
f 352//352 711//711 708//708
f 711//711 352//352 353//353
f 712//712 710//710 713//713
f 710//710 712//712 709//709
f 353//353 714//714 711//711
f 714//714 353//353 354//354
f 715//715 713//713 716//716
f 713//713 715//715 712//712
f 354//354 717//717 714//714
f 717//717 354//354 355//355
f 719//719 716//716 720//720
f 718//718 716//716 719//719
f 716//716 718//718 715//715
f 722//722 718//718 719//719
f 718//718 722//722 721//721
f 355//355 723//723 717//717
f 723//723 355//355 356//356
f 724//724 720//720 725//725
f 720//720 724//724 719//719
f 727//727 721//721 722//722
f 721//721 727//727 726//726
f 356//356 728//728 723//723
f 728//728 356//356 357//357
f 730//730 724//724 725//725
f 724//724 730//730 729//729
f 732//732 726//726 727//727
f 726//726 732//732 731//731
f 357//357 733//733 728//728
f 733//733 357//357 358//358
f 734//734 730//730 735//735
f 730//730 734//734 729//729
f 737//737 731//731 732//732
f 731//731 737//737 736//736
f 733//733 734//734 735//735
f 358//358 734//734 733//733
f 734//734 358//358 359//359
f 739//739 736//736 737//737
f 736//736 739//739 738//738
f 359//359 740//740 734//734
f 740//740 359//359 360//360
f 742//742 738//738 739//739
f 738//738 742//742 741//741
f 360//360 743//743 740//740
f 743//743 360//360 361//361
f 744//744 742//742 745//745
f 742//742 744//744 741//741
f 361//361 746//746 743//743
f 746//746 361//361 362//362
f 747//747 745//745 748//748
f 745//745 747//747 744//744
f 362//362 749//749 746//746
f 749//749 362//362 363//363
f 750//750 748//748 751//751
f 748//748 750//750 747//747
f 363//363 752//752 749//749
f 752//752 363//363 364//364
f 753//753 751//751 754//754
f 751//751 753//753 750//750
f 364//364 755//755 752//752
f 755//755 364//364 365//365
f 756//756 754//754 757//757
f 754//754 756//756 753//753
f 365//365 758//758 755//755
f 758//758 365//365 366//366
f 759//759 757//757 760//760
f 757//757 759//759 756//756
f 366//366 761//761 758//758
f 761//761 366//366 367//367
f 759//759 762//762 763//763
f 762//762 759//759 760//760
f 367//367 764//764 761//761
f 764//764 367//367 368//368
f 763//763 765//765 766//766
f 765//765 763//763 762//762
f 764//764 369//369 767//767
f 369//369 764//764 368//368
f 766//766 768//768 769//769
f 768//768 766//766 765//765
f 369//369 770//770 767//767
f 770//770 369//369 370//370
f 769//769 771//771 772//772
f 771//771 769//769 768//768
f 370//370 773//773 770//770
f 773//773 370//370 371//371
f 774//774 771//771 775//775
f 771//771 774//774 772//772
f 371//371 776//776 773//773
f 776//776 371//371 372//372
f 777//777 775//775 778//778
f 775//775 777//777 774//774
f 372//372 779//779 776//776
f 779//779 372//372 373//373
f 780//780 778//778 781//781
f 778//778 780//780 777//777
f 373//373 782//782 779//779
f 782//782 373//373 374//374
f 783//783 781//781 784//784
f 781//781 783//783 780//780
f 374//374 785//785 782//782
f 785//785 374//374 375//375
f 786//786 784//784 787//787
f 784//784 786//786 783//783
f 375//375 788//788 785//785
f 788//788 375//375 376//376
f 789//789 787//787 790//790
f 787//787 789//789 786//786
f 376//376 791//791 788//788
f 791//791 376//376 377//377
f 793//793 789//789 790//790
f 789//789 793//793 792//792
f 377//377 794//794 791//791
f 794//794 377//377 378//378
f 795//795 793//793 796//796
f 793//793 795//795 792//792
f 378//378 797//797 794//794
f 797//797 378//378 379//379
f 798//798 796//796 799//799
f 796//796 798//798 795//795
f 379//379 800//800 797//797
f 800//800 379//379 380//380
f 801//801 799//799 802//802
f 799//799 801//801 798//798
f 380//380 803//803 800//800
f 803//803 380//380 381//381
f 804//804 802//802 805//805
f 802//802 804//804 801//801
f 381//381 806//806 803//803
f 806//806 381//381 382//382
f 807//807 805//805 808//808
f 805//805 807//807 804//804
f 806//806 384//384 809//809
f 384//384 806//806 382//382
f 810//810 808//808 811//811
f 808//808 810//810 807//807
f 809//809 383//383 812//812
f 383//383 809//809 384//384
f 813//813 811//811 814//814
f 811//811 813//813 810//810
f 812//812 385//385 815//815
f 385//385 812//812 383//383
f 816//816 814//814 817//817
f 814//814 816//816 813//813
f 385//385 818//818 815//815
f 818//818 385//385 386//386
f 819//819 817//817 820//820
f 817//817 819//819 816//816
f 386//386 821//821 818//818
f 821//821 386//386 387//387
f 822//822 820//820 823//823
f 820//820 822//822 819//819
f 387//387 824//824 821//821
f 824//824 387//387 388//388
f 825//825 823//823 826//826
f 823//823 825//825 822//822
f 388//388 827//827 824//824
f 827//827 388//388 389//389
f 828//828 826//826 829//829
f 826//826 828//828 825//825
f 389//389 830//830 827//827
f 830//830 389//389 390//390
f 831//831 829//829 832//832
f 829//829 831//831 828//828
f 390//390 833//833 830//830
f 833//833 390//390 391//391
f 834//834 832//832 835//835
f 832//832 834//834 831//831
f 392//392 833//833 391//391
f 833//833 392//392 836//836
f 837//837 835//835 838//838
f 835//835 837//837 834//834
f 393//393 836//836 392//392
f 836//836 393//393 839//839
f 394//394 841//841 395//395
f 841//841 394//394 840//840
f 842//842 838//838 843//843
f 838//838 842//842 837//837
f 395//395 839//839 393//393
f 841//841 839//839 395//395
f 839//839 841//841 844//844
f 845//845 843//843 846//846
f 843//843 845//845 842//842
f 848//848 844//844 841//841
f 844//844 848//848 847//847
f 849//849 846//846 850//850
f 846//846 849//849 845//845
f 852//852 847//847 848//848
f 847//847 852//852 851//851
f 853//853 850//850 854//854
f 850//850 853//853 849//849
f 853//853 851//851 852//852
f 851//851 853//853 854//854
f 164//164 939//939 161//161
f 939//939 164//164 940//940
f 161//161 938//938 162//162
f 938//938 161//161 939//939
f 166//166 940//940 164//164
f 940//940 166//166 941//941
f 162//162 951//951 160//160
f 951//951 162//162 938//938
f 166//166 942//942 941//941
f 942//942 166//166 168//168
f 160//160 952//952 163//163
f 952//952 160//160 951//951
f 168//168 943//943 942//942
f 943//943 168//168 170//170
f 163//163 953//953 165//165
f 953//953 163//163 952//952
f 170//170 944//944 943//943
f 944//944 170//170 172//172
f 167//167 953//953 954//954
f 953//953 167//167 165//165
f 172//172 945//945 944//944
f 945//945 172//172 174//174
f 169//169 954//954 955//955
f 954//954 169//169 167//167
f 174//174 946//946 945//945
f 946//946 174//174 176//176
f 171//171 955//955 956//956
f 955//955 171//171 169//169
f 176//176 947//947 946//946
f 947//947 176//176 178//178
f 173//173 956//956 957//957
f 956//956 173//173 171//171
f 947//947 180//180 948//948
f 180//180 947//947 178//178
f 175//175 957//957 958//958
f 957//957 175//175 173//173
f 948//948 182//182 949//949
f 182//182 948//948 180//180
f 177//177 958//958 959//959
f 958//958 177//177 175//175
f 949//949 183//183 950//950
f 183//183 949//949 182//182
f 960//960 177//177 959//959
f 177//177 960//960 179//179
f 950//950 181//181 961//961
f 181//181 950//950 183//183
f 961//961 179//179 960//960
f 179//179 961//961 181//181
f 84//84 397//397 451//451
f 397//397 84//84 91//91
f 252//252 254//254 253//253
f 254//254 252//252 255//255
f 965//965 966//966 967//967
f 968//968 967//967 966//966
f 969//969 970//970 965//965
f 966//966 965//965 970//970
f 971//971 972//972 969//969
f 970//970 969//969 972//972
f 971//971 973//973 972//972
f 974//974 972//972 973//973
f 973//973 975//975 974//974
f 976//976 974//974 975//975
f 975//975 977//977 976//976
f 978//978 976//976 977//977
f 977//977 979//979 978//978
f 980//980 978//978 979//979
f 979//979 981//981 980//980
f 982//982 980//980 981//981
f 981//981 983//983 982//982
f 984//984 982//982 983//983
f 984//984 983//983 985//985
f 986//986 985//985 983//983
f 985//985 986//986 987//987
f 988//988 987//987 986//986
f 987//987 988//988 989//989
f 990//990 989//989 988//988
f 989//989 990//990 991//991
f 992//992 991//991 990//990
f 991//991 992//992 993//993
f 994//994 993//993 992//992
f 993//993 994//994 995//995
f 996//996 995//995 994//994
f 996//996 997//997 995//995
f 998//998 995//995 997//997
f 997//997 999//999 998//998
f 1000//1000 998//998 999//999
f 999//999 1001//1001 1000//1000
f 1002//1002 1000//1000 1001//1001
f 1001//1001 1003//1003 1002//1002
f 1004//1004 1002//1002 1003//1003
f 1003//1003 1005//1005 1004//1004
f 1006//1006 1004//1004 1005//1005
f 1005//1005 1007//1007 1006//1006
f 1008//1008 1006//1006 1007//1007
f 1009//1009 1010//1010 1007//1007
f 1008//1008 1007//1007 1010//1010
f 1011//1011 1012//1012 1009//1009
f 1010//1010 1009//1009 1012//1012
f 967//967 968//968 1011//1011
f 1012//1012 1011//1011 968//968
f 989//989 991//991 987//987
f 985//985 987//987 991//991
f 993//993 985//985 991//991
f 984//984 985//985 993//993
f 995//995 984//984 993//993
f 982//982 984//984 995//995
f 998//998 982//982 995//995
f 980//980 982//982 998//998
f 1000//1000 980//980 998//998
f 978//978 980//980 1000//1000
f 1002//1002 978//978 1000//1000
f 976//976 978//978 1002//1002
f 1004//1004 976//976 1002//1002
f 974//974 976//976 1004//1004
f 1006//1006 974//974 1004//1004
f 972//972 974//974 1006//1006
f 1008//1008 972//972 1006//1006
f 970//970 972//972 1008//1008
f 1010//1010 970//970 1008//1008
f 966//966 970//970 1010//1010
f 1012//1012 966//966 1010//1010
f 968//968 966//966 1012//1012
f 1013//1013 1014//1014 1015//1015
f 1016//1016 1015//1015 1014//1014
f 1017//1017 1018//1018 1013//1013
f 1014//1014 1013//1013 1018//1018
f 1015//1015 1016//1016 1019//1019
f 1020//1020 1019//1019 1016//1016
f 1021//1021 1022//1022 1017//1017
f 1018//1018 1017//1017 1022//1022
f 1019//1019 1020//1020 1023//1023
f 1024//1024 1023//1023 1020//1020
f 1025//1025 1026//1026 1021//1021
f 1022//1022 1021//1021 1026//1026
f 1024//1024 1027//1027 1023//1023
f 1028//1028 1023//1023 1027//1027
f 1029//1029 1026//1026 1030//1030
f 1025//1025 1030//1030 1026//1026
f 1027//1027 1031//1031 1028//1028
f 1032//1032 1028//1028 1031//1031
f 1033//1033 1029//1029 1034//1034
f 1030//1030 1034//1034 1029//1029
f 1031//1031 1035//1035 1032//1032
f 1036//1036 1032//1032 1035//1035
f 1037//1037 1033//1033 1038//1038
f 1034//1034 1038//1038 1033//1033
f 1035//1035 1039//1039 1036//1036
f 1040//1040 1036//1036 1039//1039
f 1041//1041 1037//1037 1042//1042
f 1038//1038 1042//1042 1037//1037
f 1039//1039 1043//1043 1040//1040
f 1044//1044 1040//1040 1043//1043
f 1045//1045 1041//1041 1046//1046
f 1042//1042 1046//1046 1041//1041
f 1043//1043 1047//1047 1044//1044
f 1048//1048 1044//1044 1047//1047
f 1049//1049 1045//1045 1050//1050
f 1046//1046 1050//1050 1045//1045
f 1051//1051 1052//1052 1047//1047
f 1048//1048 1047//1047 1052//1052
f 1049//1049 1050//1050 1053//1053
f 1054//1054 1053//1053 1050//1050
f 1055//1055 1056//1056 1051//1051
f 1052//1052 1051//1051 1056//1056
f 1053//1053 1054//1054 1057//1057
f 1058//1058 1057//1057 1054//1054
f 1059//1059 1060//1060 1055//1055
f 1056//1056 1055//1055 1060//1060
f 1057//1057 1058//1058 1059//1059
f 1060//1060 1059//1059 1058//1058
f 1061//1061 1062//1062 1063//1063
f 1064//1064 1063//1063 1062//1062
f 1063//1063 1064//1064 1065//1065
f 1066//1066 1065//1065 1064//1064
f 1067//1067 1068//1068 1061//1061
f 1062//1062 1061//1061 1068//1068
f 1069//1069 1065//1065 1070//1070
f 1066//1066 1070//1070 1065//1065
f 1071//1071 1072//1072 1067//1067
f 1068//1068 1067//1067 1072//1072
f 1073//1073 1069//1069 1074//1074
f 1070//1070 1074//1074 1069//1069
f 1075//1075 1076//1076 1071//1071
f 1072//1072 1071//1071 1076//1076
f 1077//1077 1073//1073 1078//1078
f 1074//1074 1078//1078 1073//1073
f 1079//1079 1080//1080 1075//1075
f 1076//1076 1075//1075 1080//1080
f 1081//1081 1077//1077 1082//1082
f 1078//1078 1082//1082 1077//1077
f 1079//1079 1083//1083 1080//1080
f 1084//1084 1080//1080 1083//1083
f 1085//1085 1081//1081 1086//1086
f 1082//1082 1086//1086 1081//1081
f 1083//1083 1087//1087 1084//1084
f 1088//1088 1084//1084 1087//1087
f 1089//1089 1085//1085 1090//1090
f 1086//1086 1090//1090 1085//1085
f 1087//1087 1091//1091 1088//1088
f 1092//1092 1088//1088 1091//1091
f 1093//1093 1094//1094 1090//1090
f 1089//1089 1090//1090 1094//1094
f 1091//1091 1095//1095 1092//1092
f 1096//1096 1092//1092 1095//1095
f 1097//1097 1098//1098 1093//1093
f 1094//1094 1093//1093 1098//1098
f 1095//1095 1099//1099 1096//1096
f 1100//1100 1096//1096 1099//1099
f 1101//1101 1102//1102 1097//1097
f 1098//1098 1097//1097 1102//1102
f 1099//1099 1103//1103 1100//1100
f 1104//1104 1100//1100 1103//1103
f 1105//1105 1106//1106 1101//1101
f 1102//1102 1101//1101 1106//1106
f 1104//1104 1103//1103 1107//1107
f 1108//1108 1107//1107 1103//1103
f 1107//1107 1108//1108 1105//1105
f 1106//1106 1105//1105 1108//1108
f 1109//1109 1110//1110 1111//1111
f 1112//1112 1111//1111 1110//1110
f 1113//1113 1114//1114 1109//1109
f 1110//1110 1109//1109 1114//1114
f 1111//1111 1112//1112 1115//1115
f 1116//1116 1115//1115 1112//1112
f 1117//1117 1118//1118 1113//1113
f 1114//1114 1113//1113 1118//1118
f 1116//1116 1119//1119 1115//1115
f 1120//1120 1115//1115 1119//1119
f 1121//1121 1122//1122 1117//1117
f 1118//1118 1117//1117 1122//1122
f 1119//1119 1123//1123 1120//1120
f 1124//1124 1120//1120 1123//1123
f 1125//1125 1126//1126 1121//1121
f 1122//1122 1121//1121 1126//1126
f 1123//1123 1127//1127 1124//1124
f 1128//1128 1124//1124 1127//1127
f 1129//1129 1126//1126 1130//1130
f 1125//1125 1130//1130 1126//1126
f 1127//1127 1131//1131 1128//1128
f 1132//1132 1128//1128 1131//1131
f 1133//1133 1129//1129 1134//1134
f 1130//1130 1134//1134 1129//1129
f 1131//1131 1135//1135 1132//1132
f 1136//1136 1132//1132 1135//1135
f 1137//1137 1133//1133 1138//1138
f 1134//1134 1138//1138 1133//1133
f 1135//1135 1139//1139 1136//1136
f 1140//1140 1136//1136 1139//1139
f 1141//1141 1137//1137 1142//1142
f 1138//1138 1142//1142 1137//1137
f 1143//1143 1144//1144 1139//1139
f 1140//1140 1139//1139 1144//1144
f 1145//1145 1141//1141 1146//1146
f 1142//1142 1146//1146 1141//1141
f 1147//1147 1148//1148 1143//1143
f 1144//1144 1143//1143 1148//1148
f 1149//1149 1145//1145 1150//1150
f 1146//1146 1150//1150 1145//1145
f 1151//1151 1152//1152 1147//1147
f 1148//1148 1147//1147 1152//1152
f 1149//1149 1150//1150 1153//1153
f 1154//1154 1153//1153 1150//1150
f 1155//1155 1156//1156 1151//1151
f 1152//1152 1151//1151 1156//1156
f 1153//1153 1154//1154 1155//1155
f 1156//1156 1155//1155 1154//1154
f 427//427 769//769 428//428
f 766//766 428//428 769//769
f 763//763 428//428 766//766
f 759//759 428//428 763//763
f 429//429 428//428 759//759
f 756//756 429//429 759//759
f 753//753 429//429 756//756
f 430//430 429//429 753//753
f 750//750 430//430 753//753
f 747//747 430//430 750//750
f 431//431 430//430 747//747
f 744//744 431//431 747//747
f 432//432 431//431 744//744
f 741//741 432//432 744//744
f 738//738 432//432 741//741
f 736//736 432//432 738//738
f 433//433 432//432 736//736
f 731//731 433//433 736//736
f 447//447 668//668 448//448
f 665//665 448//448 668//668
f 662//662 448//448 665//665
f 658//658 448//448 662//662
f 449//449 448//448 658//658
f 655//655 449//449 658//658
f 652//652 449//449 655//655
f 450//450 449//449 652//652
f 649//649 450//450 652//652
f 646//646 450//450 649//649
f 453//453 450//450 646//646
f 643//643 453//453 646//646
f 640//640 453//453 643//643
f 455//455 453//453 640//640
f 637//637 455//455 640//640
f 634//634 455//455 637//637
f 631//631 455//455 634//634
f 841//841 397//397 840//840
f 574//574 840//840 397//397
f 848//848 397//397 841//841
f 852//852 397//397 848//848
f 853//853 397//397 852//852
f 849//849 397//397 853//853
f 845//845 397//397 849//849
f 842//842 397//397 845//845
f 837//837 397//397 842//842
f 451//451 574//574 397//397
f 452//452 574//574 451//451
f 544//544 574//574 452//452
f 540//540 574//574 544//544
f 536//536 574//574 540//540
f 533//533 574//574 536//536
f 532//532 574//574 533//533
f 538//538 574//574 532//532
f 542//542 574//574 538//538
f 546//546 574//574 542//542
f 550//550 574//574 546//546
f 554//554 574//574 550//550
f 558//558 574//574 554//554
f 562//562 574//574 558//558
f 566//566 574//574 562//562
f 570//570 574//574 566//566
f 575//575 574//574 570//570
f 628//628 625//625 631//631
f 455//455 631//631 625//625
f 457//457 455//455 625//625
f 622//622 457//457 625//625
f 459//459 457//457 622//622
f 619//619 459//459 622//622
f 461//461 459//459 619//619
f 616//616 461//461 619//619
f 463//463 461//461 616//616
f 613//613 463//463 616//616
f 465//465 463//463 613//613
f 610//610 465//465 613//613
f 607//607 465//465 610//610
f 467//467 465//465 607//607
f 604//604 467//467 607//607
f 469//469 467//467 604//604
f 471//471 469//469 604//604
f 473//473 471//471 604//604
f 601//601 473//473 604//604
f 475//475 473//473 601//601
f 477//477 475//475 601//601
f 598//598 477//477 601//601
f 479//479 477//477 598//598
f 481//481 479//479 598//598
f 595//595 481//481 598//598
f 483//483 481//481 595//595
f 482//482 483//483 595//595
f 592//592 482//482 595//595
f 480//480 482//482 592//592
f 478//478 480//480 592//592
f 589//589 478//478 592//592
f 476//476 478//478 589//589
f 474//474 476//476 589//589
f 586//586 474//474 589//589
f 583//583 474//474 586//586
f 472//472 474//474 583//583
f 580//580 472//472 583//583
f 577//577 472//472 580//580
f 470//470 472//472 577//577
f 468//468 470//470 577//577
f 572//572 468//468 577//577
f 568//568 468//468 572//572
f 466//466 468//468 568//568
f 564//564 466//466 568//568
f 464//464 466//466 564//564
f 462//462 464//464 564//564
f 560//560 462//462 564//564
f 460//460 462//462 560//560
f 556//556 460//460 560//560
f 458//458 460//460 556//556
f 552//552 458//458 556//556
f 456//456 458//458 552//552
f 454//454 456//456 552//552
f 548//548 454//454 552//552
f 452//452 454//454 548//548
f 544//544 452//452 548//548
f 718//718 715//715 721//721
f 726//726 721//721 715//715
f 731//731 726//726 715//715
f 433//433 731//731 715//715
f 434//434 433//433 715//715
f 712//712 434//434 715//715
f 435//435 434//434 712//712
f 436//436 435//435 712//712
f 709//709 436//436 712//712
f 437//437 436//436 709//709
f 706//706 437//437 709//709
f 438//438 437//437 706//706
f 703//703 438//438 706//706
f 439//439 438//438 703//703
f 700//700 439//439 703//703
f 440//440 439//439 700//700
f 697//697 440//440 700//700
f 441//441 440//440 697//697
f 694//694 441//441 697//697
f 442//442 441//441 694//694
f 443//443 442//442 694//694
f 691//691 443//443 694//694
f 444//444 443//443 691//691
f 688//688 444//444 691//691
f 445//445 444//444 688//688
f 684//684 445//445 688//688
f 446//446 445//445 684//684
f 671//671 446//446 684//684
f 674//674 671//671 684//684
f 680//680 674//674 684//684
f 668//668 446//446 671//671
f 447//447 446//446 668//668
f 834//834 398//398 837//837
f 397//397 837//837 398//398
f 399//399 398//398 834//834
f 831//831 399//399 834//834
f 400//400 399//399 831//831
f 828//828 400//400 831//831
f 401//401 400//400 828//828
f 825//825 401//401 828//828
f 402//402 401//401 825//825
f 403//403 402//402 825//825
f 822//822 403//403 825//825
f 404//404 403//403 822//822
f 819//819 404//404 822//822
f 405//405 404//404 819//819
f 816//816 405//405 819//819
f 406//406 405//405 816//816
f 407//407 406//406 816//816
f 813//813 407//407 816//816
f 408//408 407//407 813//813
f 810//810 408//408 813//813
f 409//409 408//408 810//810
f 410//410 409//409 810//810
f 807//807 410//410 810//810
f 411//411 410//410 807//807
f 804//804 411//411 807//807
f 412//412 411//411 804//804
f 413//413 412//412 804//804
f 801//801 413//413 804//804
f 414//414 413//413 801//801
f 415//415 414//414 801//801
f 798//798 415//415 801//801
f 416//416 415//415 798//798
f 417//417 416//416 798//798
f 795//795 417//417 798//798
f 418//418 417//417 795//795
f 419//419 418//418 795//795
f 792//792 419//419 795//795
f 420//420 419//419 792//792
f 421//421 420//420 792//792
f 422//422 421//421 792//792
f 789//789 422//422 792//792
f 423//423 422//422 789//789
f 786//786 423//423 789//789
f 424//424 423//423 786//786
f 783//783 424//424 786//786
f 425//425 424//424 783//783
f 780//780 425//425 783//783
f 426//426 425//425 780//780
f 777//777 426//426 780//780
f 427//427 426//426 777//777
f 774//774 427//427 777//777
f 769//769 427//427 774//774
f 772//772 769//769 774//774
f 1157//1157 1158//1158 1159//1159
f 1160//1160 1159//1159 1158//1158
f 1161//1161 1162//1162 1157//1157
f 1158//1158 1157//1157 1162//1162
f 1159//1159 1160//1160 1163//1163
f 1164//1164 1163//1163 1160//1160
f 1165//1165 1166//1166 1161//1161
f 1162//1162 1161//1161 1166//1166
f 1164//1164 1167//1167 1163//1163
f 1168//1168 1163//1163 1167//1167
f 1169//1169 1170//1170 1165//1165
f 1166//1166 1165//1165 1170//1170
f 1167//1167 1171//1171 1168//1168
f 1172//1172 1168//1168 1171//1171
f 1173//1173 1174//1174 1169//1169
f 1170//1170 1169//1169 1174//1174
f 1171//1171 1175//1175 1172//1172
f 1176//1176 1172//1172 1175//1175
f 1177//1177 1174//1174 1178//1178
f 1173//1173 1178//1178 1174//1174
f 1175//1175 1179//1179 1176//1176
f 1180//1180 1176//1176 1179//1179
f 1181//1181 1177//1177 1182//1182
f 1178//1178 1182//1182 1177//1177
f 1179//1179 1183//1183 1180//1180
f 1184//1184 1180//1180 1183//1183
f 1185//1185 1181//1181 1186//1186
f 1182//1182 1186//1186 1181//1181
f 1183//1183 1187//1187 1184//1184
f 1188//1188 1184//1184 1187//1187
f 1189//1189 1185//1185 1190//1190
f 1186//1186 1190//1190 1185//1185
f 1191//1191 1192//1192 1187//1187
f 1188//1188 1187//1187 1192//1192
f 1193//1193 1189//1189 1194//1194
f 1190//1190 1194//1194 1189//1189
f 1195//1195 1196//1196 1191//1191
f 1192//1192 1191//1191 1196//1196
f 1197//1197 1193//1193 1198//1198
f 1194//1194 1198//1198 1193//1193
f 1199//1199 1200//1200 1195//1195
f 1196//1196 1195//1195 1200//1200
f 1197//1197 1198//1198 1201//1201
f 1202//1202 1201//1201 1198//1198
f 1203//1203 1204//1204 1199//1199
f 1200//1200 1199//1199 1204//1204
f 1201//1201 1202//1202 1203//1203
f 1204//1204 1203//1203 1202//1202
f 768//768 771//771 765//765
f 762//762 765//765 771//771
f 743//743 762//762 771//771
f 740//740 762//762 743//743
f 760//760 762//762 740//740
f 757//757 760//760 740//740
f 517//517 757//757 740//740
f 519//519 757//757 517//517
f 754//754 757//757 519//519
f 521//521 754//754 519//519
f 523//523 754//754 521//521
f 525//525 754//754 523//523
f 751//751 754//754 525//525
f 527//527 751//751 525//525
f 529//529 751//751 527//527
f 531//531 751//751 529//529
f 748//748 751//751 531//531
f 530//530 748//748 531//531
f 528//528 748//748 530//530
f 745//745 748//748 528//528
f 526//526 745//745 528//528
f 524//524 745//745 526//526
f 522//522 745//745 524//524
f 740//740 734//734 517//517
f 515//515 517//517 734//734
f 513//513 515//515 734//734
f 511//511 513//513 734//734
f 729//729 511//511 734//734
f 509//509 511//511 729//729
f 508//508 509//509 729//729
f 510//510 508//508 729//729
f 512//512 510//510 729//729
f 724//724 512//512 729//729
f 514//514 512//512 724//724
f 516//516 514//514 724//724
f 518//518 516//516 724//724
f 520//520 518//518 724//724
f 522//522 520//520 724//724
f 745//745 522//522 724//724
f 742//742 745//745 724//724
f 719//719 742//742 724//724
f 739//739 742//742 719//719
f 722//722 739//739 719//719
f 737//737 739//739 722//722
f 727//727 737//737 722//722
f 732//732 737//737 727//727
f 844//844 839//839 847//847
f 851//851 847//847 839//839
f 836//836 851//851 839//839
f 854//854 851//851 836//836
f 833//833 854//854 836//836
f 850//850 854//854 833//833
f 830//830 850//850 833//833
f 488//488 850//850 830//830
f 486//486 850//850 488//488
f 846//846 850//850 486//486
f 485//485 846//846 486//486
f 484//484 846//846 485//485
f 487//487 846//846 484//484
f 843//843 846//846 487//487
f 489//489 843//843 487//487
f 491//491 843//843 489//489
f 838//838 843//843 491//491
f 493//493 838//838 491//491
f 495//495 838//838 493//493
f 497//497 838//838 495//495
f 499//499 838//838 497//497
f 501//501 838//838 499//499
f 503//503 838//838 501//501
f 818//818 838//838 503//503
f 815//815 838//838 818//818
f 835//835 838//838 815//815
f 812//812 835//835 815//815
f 809//809 835//835 812//812
f 806//806 835//835 809//809
f 803//803 835//835 806//806
f 832//832 835//835 803//803
f 800//800 832//832 803//803
f 829//829 832//832 800//800
f 797//797 829//829 800//800
f 826//826 829//829 797//797
f 794//794 826//826 797//797
f 823//823 826//826 794//794
f 791//791 823//823 794//794
f 788//788 823//823 791//791
f 820//820 823//823 788//788
f 785//785 820//820 788//788
f 817//817 820//820 785//785
f 782//782 817//817 785//785
f 814//814 817//817 782//782
f 779//779 814//814 782//782
f 811//811 814//814 779//779
f 776//776 811//811 779//779
f 808//808 811//811 776//776
f 773//773 808//808 776//776
f 770//770 808//808 773//773
f 805//805 808//808 770//770
f 802//802 805//805 770//770
f 767//767 802//802 770//770
f 799//799 802//802 767//767
f 764//764 799//799 767//767
f 796//796 799//799 764//764
f 761//761 796//796 764//764
f 793//793 796//796 761//761
f 758//758 793//793 761//761
f 790//790 793//793 758//758
f 755//755 790//790 758//758
f 787//787 790//790 755//755
f 784//784 787//787 755//755
f 752//752 784//784 755//755
f 781//781 784//784 752//752
f 749//749 781//781 752//752
f 778//778 781//781 749//749
f 746//746 778//778 749//749
f 775//775 778//778 746//746
f 743//743 775//775 746//746
f 771//771 775//775 743//743
f 827//827 490//490 830//830
f 488//488 830//830 490//490
f 492//492 490//490 827//827
f 494//494 492//492 827//827
f 496//496 494//494 827//827
f 824//824 496//496 827//827
f 498//498 496//496 824//824
f 500//500 498//498 824//824
f 502//502 500//500 824//824
f 821//821 502//502 824//824
f 504//504 502//502 821//821
f 506//506 504//504 821//821
f 818//818 506//506 821//821
f 507//507 506//506 818//818
f 505//505 507//507 818//818
f 503//503 505//505 818//818
f 1205//1205 1206//1206 1207//1207
f 1208//1208 1207//1207 1206//1206
f 1209//1209 1210//1210 1205//1205
f 1206//1206 1205//1205 1210//1210
f 1211//1211 1212//1212 1209//1209
f 1210//1210 1209//1209 1212//1212
f 1211//1211 1213//1213 1212//1212
f 1214//1214 1212//1212 1213//1213
f 1213//1213 1215//1215 1214//1214
f 1216//1216 1214//1214 1215//1215
f 1215//1215 1217//1217 1216//1216
f 1218//1218 1216//1216 1217//1217
f 1217//1217 1219//1219 1218//1218
f 1220//1220 1218//1218 1219//1219
f 1219//1219 1221//1221 1220//1220
f 1222//1222 1220//1220 1221//1221
f 1221//1221 1223//1223 1222//1222
f 1224//1224 1222//1222 1223//1223
f 1224//1224 1223//1223 1225//1225
f 1226//1226 1225//1225 1223//1223
f 1225//1225 1226//1226 1227//1227
f 1228//1228 1227//1227 1226//1226
f 1227//1227 1228//1228 1229//1229
f 1230//1230 1229//1229 1228//1228
f 1229//1229 1230//1230 1231//1231
f 1232//1232 1231//1231 1230//1230
f 1233//1233 1234//1234 1235//1235
f 1236//1236 1235//1235 1234//1234
f 1234//1234 1237//1237 1236//1236
f 1238//1238 1236//1236 1237//1237
f 1237//1237 1239//1239 1238//1238
f 1240//1240 1238//1238 1239//1239
f 1239//1239 1241//1241 1240//1240
f 1242//1242 1240//1240 1241//1241
f 1241//1241 1243//1243 1242//1242
f 1244//1244 1242//1242 1243//1243
f 1245//1245 1246//1246 1243//1243
f 1244//1244 1243//1243 1246//1246
f 1247//1247 1248//1248 1245//1245
f 1246//1246 1245//1245 1248//1248
f 1207//1207 1208//1208 1247//1247
f 1248//1248 1247//1247 1208//1208
f 1231//1231 1232//1232 1249//1249
f 1250//1250 1249//1249 1232//1232
f 1251//1251 1233//1233 1252//1252
f 1235//1235 1252//1252 1233//1233
f 1229//1229 1231//1231 1227//1227
f 1225//1225 1227//1227 1231//1231
f 1249//1249 1225//1225 1231//1231
f 1224//1224 1225//1225 1249//1249
f 1252//1252 1224//1224 1249//1249
f 1222//1222 1224//1224 1252//1252
f 1235//1235 1222//1222 1252//1252
f 1220//1220 1222//1222 1235//1235
f 1236//1236 1220//1220 1235//1235
f 1218//1218 1220//1220 1236//1236
f 1238//1238 1218//1218 1236//1236
f 1216//1216 1218//1218 1238//1238
f 1240//1240 1216//1216 1238//1238
f 1214//1214 1216//1216 1240//1240
f 1242//1242 1214//1214 1240//1240
f 1212//1212 1214//1214 1242//1242
f 1244//1244 1212//1212 1242//1242
f 1210//1210 1212//1212 1244//1244
f 1246//1246 1210//1210 1244//1244
f 1206//1206 1210//1210 1246//1246
f 1248//1248 1206//1206 1246//1246
f 1208//1208 1206//1206 1248//1248
f 1249//1249 1250//1250 1252//1252
f 1251//1251 1252//1252 1250//1250
f 1253//1253 1254//1254 1255//1255
f 1256//1256 1255//1255 1254//1254
f 1257//1257 1253//1253 1258//1258
f 1255//1255 1258//1258 1253//1253
f 1254//1254 1259//1259 1256//1256
f 1260//1260 1256//1256 1259//1259
f 1261//1261 1262//1262 1258//1258
f 1257//1257 1258//1258 1262//1262
f 1259//1259 1263//1263 1260//1260
f 1264//1264 1260//1260 1263//1263
f 1265//1265 1266//1266 1261//1261
f 1262//1262 1261//1261 1266//1266
f 1263//1263 1267//1267 1264//1264
f 1268//1268 1264//1264 1267//1267
f 1269//1269 1270//1270 1265//1265
f 1266//1266 1265//1265 1270//1270
f 1267//1267 1271//1271 1268//1268
f 1272//1272 1268//1268 1271//1271
f 1273//1273 1274//1274 1269//1269
f 1270//1270 1269//1269 1274//1274
f 1275//1275 1276//1276 1271//1271
f 1272//1272 1271//1271 1276//1276
f 1277//1277 1278//1278 1273//1273
f 1274//1274 1273//1273 1278//1278
f 1279//1279 1280//1280 1275//1275
f 1276//1276 1275//1275 1280//1280
f 1281//1281 1282//1282 1277//1277
f 1278//1278 1277//1277 1282//1282
f 1283//1283 1284//1284 1279//1279
f 1280//1280 1279//1279 1284//1284
f 1285//1285 1282//1282 1286//1286
f 1281//1281 1286//1286 1282//1282
f 1287//1287 1288//1288 1283//1283
f 1284//1284 1283//1283 1288//1288
f 1289//1289 1285//1285 1290//1290
f 1286//1286 1290//1290 1285//1285
f 1291//1291 1292//1292 1287//1287
f 1288//1288 1287//1287 1292//1292
f 1293//1293 1289//1289 1294//1294
f 1290//1290 1294//1294 1289//1289
f 1295//1295 1296//1296 1291//1291
f 1292//1292 1291//1291 1296//1296
f 1297//1297 1293//1293 1298//1298
f 1294//1294 1298//1298 1293//1293
f 1295//1295 1299//1299 1296//1296
f 1300//1300 1296//1296 1299//1299
f 1299//1299 1297//1297 1300//1300
f 1298//1298 1300//1300 1297//1297
f 255//255 252//252 254//254
f 253//253 254//254 252//252
f 135//135 133//133 134//134
f 132//132 134//134 133//133
f 131//131 132//132 133//133
f 130//130 132//132 131//131
f 129//129 130//130 131//131
f 128//128 130//130 129//129
f 127//127 128//128 129//129
f 126//126 128//128 127//127
f 125//125 126//126 127//127
f 124//124 126//126 125//125
f 123//123 124//124 125//125
f 122//122 124//124 123//123
f 121//121 122//122 123//123
f 120//120 122//122 121//121
f 119//119 120//120 121//121
f 118//118 120//120 119//119
f 117//117 118//118 119//119
f 116//116 118//118 117//117
f 115//115 116//116 117//117
f 113//113 116//116 115//115
f 112//112 113//113 115//115
f 114//114 113//113 112//112
f 1301//1301 1302//1302 1303//1303
f 1304//1304 1303//1303 1302//1302
f 1305//1305 1301//1301 1306//1306
f 1303//1303 1306//1306 1301//1301
f 1302//1302 1307//1307 1304//1304
f 1308//1308 1304//1304 1307//1307
f 1309//1309 1305//1305 1310//1310
f 1306//1306 1310//1310 1305//1305
f 1311//1311 1312//1312 1307//1307
f 1308//1308 1307//1307 1312//1312
f 1313//1313 1309//1309 1314//1314
f 1310//1310 1314//1314 1309//1309
f 1315//1315 1316//1316 1311//1311
f 1312//1312 1311//1311 1316//1316
f 1317//1317 1313//1313 1318//1318
f 1314//1314 1318//1318 1313//1313
f 1319//1319 1320//1320 1315//1315
f 1316//1316 1315//1315 1320//1320
f 1321//1321 1322//1322 1318//1318
f 1317//1317 1318//1318 1322//1322
f 1323//1323 1324//1324 1319//1319
f 1320//1320 1319//1319 1324//1324
f 1325//1325 1326//1326 1321//1321
f 1322//1322 1321//1321 1326//1326
f 1327//1327 1328//1328 1323//1323
f 1324//1324 1323//1323 1328//1328
f 1329//1329 1330//1330 1325//1325
f 1326//1326 1325//1325 1330//1330
f 1331//1331 1332//1332 1327//1327
f 1328//1328 1327//1327 1332//1332
f 1333//1333 1334//1334 1329//1329
f 1330//1330 1329//1329 1334//1334
f 1331//1331 1335//1335 1332//1332
f 1336//1336 1332//1332 1335//1335
f 1337//1337 1338//1338 1333//1333
f 1334//1334 1333//1333 1338//1338
f 1335//1335 1339//1339 1336//1336
f 1340//1340 1336//1336 1339//1339
f 1341//1341 1342//1342 1337//1337
f 1338//1338 1337//1337 1342//1342
f 1339//1339 1343//1343 1340//1340
f 1344//1344 1340//1340 1343//1343
f 1345//1345 1342//1342 1346//1346
f 1341//1341 1346//1346 1342//1342
f 1343//1343 1347//1347 1344//1344
f 1348//1348 1344//1344 1347//1347
f 1347//1347 1345//1345 1348//1348
f 1346//1346 1348//1348 1345//1345
f 1349//1349 1350//1350 1351//1351
f 1352//1352 1351//1351 1350//1350
f 1351//1351 1352//1352 1353//1353
f 1354//1354 1353//1353 1352//1352
f 1349//1349 1355//1355 1350//1350
f 1356//1356 1350//1350 1355//1355
f 1353//1353 1354//1354 1357//1357
f 1358//1358 1357//1357 1354//1354
f 1355//1355 1359//1359 1356//1356
f 1360//1360 1356//1356 1359//1359
f 1357//1357 1358//1358 1361//1361
f 1362//1362 1361//1361 1358//1358
f 1359//1359 1363//1363 1360//1360
f 1364//1364 1360//1360 1363//1363
f 1361//1361 1362//1362 1365//1365
f 1366//1366 1365//1365 1362//1362
f 1363//1363 1367//1367 1364//1364
f 1368//1368 1364//1364 1367//1367
f 1365//1365 1366//1366 1369//1369
f 1370//1370 1369//1369 1366//1366
f 1367//1367 1371//1371 1368//1368
f 1372//1372 1368//1368 1371//1371
f 1373//1373 1369//1369 1374//1374
f 1370//1370 1374//1374 1369//1369
f 1371//1371 1375//1375 1372//1372
f 1376//1376 1372//1372 1375//1375
f 1377//1377 1373//1373 1378//1378
f 1374//1374 1378//1378 1373//1373
f 1376//1376 1375//1375 1379//1379
f 1380//1380 1379//1379 1375//1375
f 1381//1381 1377//1377 1382//1382
f 1378//1378 1382//1382 1377//1377
f 1379//1379 1380//1380 1383//1383
f 1384//1384 1383//1383 1380//1380
f 1385//1385 1381//1381 1386//1386
f 1382//1382 1386//1386 1381//1381
f 1383//1383 1384//1384 1387//1387
f 1388//1388 1387//1387 1384//1384
f 1389//1389 1385//1385 1390//1390
f 1386//1386 1390//1390 1385//1385
f 1387//1387 1388//1388 1391//1391
f 1392//1392 1391//1391 1388//1388
f 1393//1393 1389//1389 1394//1394
f 1390//1390 1394//1394 1389//1389
f 1391//1391 1392//1392 1395//1395
f 1396//1396 1395//1395 1392//1392
f 1395//1395 1396//1396 1394//1394
f 1393//1393 1394//1394 1396//1396
f 159//159 157//157 158//158
f 156//156 158//158 157//157
f 155//155 156//156 157//157
f 154//154 156//156 155//155
f 153//153 154//154 155//155
f 152//152 154//154 153//153
f 151//151 152//152 153//153
f 150//150 152//152 151//151
f 149//149 150//150 151//151
f 148//148 150//150 149//149
f 147//147 148//148 149//149
f 146//146 148//148 147//147
f 145//145 146//146 147//147
f 144//144 146//146 145//145
f 143//143 144//144 145//145
f 142//142 144//144 143//143
f 141//141 142//142 143//143
f 140//140 142//142 141//141
f 139//139 140//140 141//141
f 137//137 140//140 139//139
f 136//136 137//137 139//139
f 138//138 137//137 136//136
f 1397//1397 1398//1398 1399//1399
f 1400//1400 1399//1399 1398//1398
f 1401//1401 1402//1402 1397//1397
f 1398//1398 1397//1397 1402//1402
f 1403//1403 1404//1404 1401//1401
f 1402//1402 1401//1401 1404//1404
f 1403//1403 1405//1405 1404//1404
f 1406//1406 1404//1404 1405//1405
f 1405//1405 1407//1407 1406//1406
f 1408//1408 1406//1406 1407//1407
f 1407//1407 1409//1409 1408//1408
f 1410//1410 1408//1408 1409//1409
f 1409//1409 1411//1411 1410//1410
f 1412//1412 1410//1410 1411//1411
f 1411//1411 1413//1413 1412//1412
f 1414//1414 1412//1412 1413//1413
f 1413//1413 1415//1415 1414//1414
f 1416//1416 1414//1414 1415//1415
f 1416//1416 1415//1415 1417//1417
f 1418//1418 1417//1417 1415//1415
f 1417//1417 1418//1418 1419//1419
f 1420//1420 1419//1419 1418//1418
f 1419//1419 1420//1420 1421//1421
f 1422//1422 1421//1421 1420//1420
f 1423//1423 1424//1424 1425//1425
f 1426//1426 1425//1425 1424//1424
f 1424//1424 1427//1427 1426//1426
f 1428//1428 1426//1426 1427//1427
f 1427//1427 1429//1429 1428//1428
f 1430//1430 1428//1428 1429//1429
f 1429//1429 1431//1431 1430//1430
f 1432//1432 1430//1430 1431//1431
f 1431//1431 1433//1433 1432//1432
f 1434//1434 1432//1432 1433//1433
f 1433//1433 1435//1435 1434//1434
f 1436//1436 1434//1434 1435//1435
f 1437//1437 1438//1438 1435//1435
f 1436//1436 1435//1435 1438//1438
f 1439//1439 1440//1440 1437//1437
f 1438//1438 1437//1437 1440//1440
f 1399//1399 1400//1400 1439//1439
f 1440//1440 1439//1439 1400//1400
f 1421//1421 1422//1422 1441//1441
f 1442//1442 1441//1441 1422//1422
f 1443//1443 1444//1444 1425//1425
f 1423//1423 1425//1425 1444//1444
f 1421//1421 1441//1441 1419//1419
f 1417//1417 1419//1419 1441//1441
f 1443//1443 1417//1417 1441//1441
f 1416//1416 1417//1417 1443//1443
f 1425//1425 1416//1416 1443//1443
f 1414//1414 1416//1416 1425//1425
f 1426//1426 1414//1414 1425//1425
f 1412//1412 1414//1414 1426//1426
f 1428//1428 1412//1412 1426//1426
f 1410//1410 1412//1412 1428//1428
f 1430//1430 1410//1410 1428//1428
f 1408//1408 1410//1410 1430//1430
f 1432//1432 1408//1408 1430//1430
f 1406//1406 1408//1408 1432//1432
f 1434//1434 1406//1406 1432//1432
f 1404//1404 1406//1406 1434//1434
f 1436//1436 1404//1404 1434//1434
f 1402//1402 1404//1404 1436//1436
f 1438//1438 1402//1402 1436//1436
f 1398//1398 1402//1402 1438//1438
f 1440//1440 1398//1398 1438//1438
f 1400//1400 1398//1398 1440//1440
f 1441//1441 1442//1442 1443//1443
f 1444//1444 1443//1443 1442//1442
f 1445//1445 1446//1446 1447//1447
f 1448//1448 1447//1447 1446//1446
f 1449//1449 1450//1450 1445//1445
f 1446//1446 1445//1445 1450//1450
f 1451//1451 1452//1452 1449//1449
f 1450//1450 1449//1449 1452//1452
f 1451//1451 1453//1453 1452//1452
f 1454//1454 1452//1452 1453//1453
f 1453//1453 1455//1455 1454//1454
f 1456//1456 1454//1454 1455//1455
f 1455//1455 1457//1457 1456//1456
f 1458//1458 1456//1456 1457//1457
f 1457//1457 1459//1459 1458//1458
f 1460//1460 1458//1458 1459//1459
f 1459//1459 1461//1461 1460//1460
f 1462//1462 1460//1460 1461//1461
f 1461//1461 1463//1463 1462//1462
f 1464//1464 1462//1462 1463//1463
f 1464//1464 1463//1463 1465//1465
f 1466//1466 1465//1465 1463//1463
f 1467//1467 1468//1468 1469//1469
f 1470//1470 1469//1469 1468//1468
f 1469//1469 1470//1470 1471//1471
f 1472//1472 1471//1471 1470//1470
f 1472//1472 1473//1473 1471//1471
f 1474//1474 1471//1471 1473//1473
f 1473//1473 1475//1475 1474//1474
f 1476//1476 1474//1474 1475//1475
f 1475//1475 1477//1477 1476//1476
f 1478//1478 1476//1476 1477//1477
f 1477//1477 1479//1479 1478//1478
f 1480//1480 1478//1478 1479//1479
f 1479//1479 1481//1481 1480//1480
f 1482//1482 1480//1480 1481//1481
f 1481//1481 1483//1483 1482//1482
f 1484//1484 1482//1482 1483//1483
f 1485//1485 1486//1486 1483//1483
f 1484//1484 1483//1483 1486//1486
f 1487//1487 1488//1488 1485//1485
f 1486//1486 1485//1485 1488//1488
f 1447//1447 1448//1448 1487//1487
f 1488//1488 1487//1487 1448//1448
f 1465//1465 1466//1466 1489//1489
f 1490//1490 1489//1489 1466//1466
f 1491//1491 1492//1492 1467//1467
f 1468//1468 1467//1467 1492//1492
f 1491//1491 1467//1467 1489//1489
f 1465//1465 1489//1489 1467//1467
f 1469//1469 1465//1465 1467//1467
f 1464//1464 1465//1465 1469//1469
f 1471//1471 1464//1464 1469//1469
f 1462//1462 1464//1464 1471//1471
f 1474//1474 1462//1462 1471//1471
f 1460//1460 1462//1462 1474//1474
f 1476//1476 1460//1460 1474//1474
f 1458//1458 1460//1460 1476//1476
f 1478//1478 1458//1458 1476//1476
f 1456//1456 1458//1458 1478//1478
f 1480//1480 1456//1456 1478//1478
f 1454//1454 1456//1456 1480//1480
f 1482//1482 1454//1454 1480//1480
f 1452//1452 1454//1454 1482//1482
f 1484//1484 1452//1452 1482//1482
f 1450//1450 1452//1452 1484//1484
f 1486//1486 1450//1450 1484//1484
f 1446//1446 1450//1450 1486//1486
f 1488//1488 1446//1446 1486//1486
f 1448//1448 1446//1446 1488//1488
f 1489//1489 1490//1490 1491//1491
f 1492//1492 1491//1491 1490//1490
f 1493//1493 1494//1494 1495//1495
f 1496//1496 1495//1495 1494//1494
f 1497//1497 1498//1498 1493//1493
f 1494//1494 1493//1493 1498//1498
f 1499//1499 1500//1500 1497//1497
f 1498//1498 1497//1497 1500//1500
f 1499//1499 1501//1501 1500//1500
f 1502//1502 1500//1500 1501//1501
f 1501//1501 1503//1503 1502//1502
f 1504//1504 1502//1502 1503//1503
f 1503//1503 1505//1505 1504//1504
f 1506//1506 1504//1504 1505//1505
f 1505//1505 1507//1507 1506//1506
f 1508//1508 1506//1506 1507//1507
f 1507//1507 1509//1509 1508//1508
f 1510//1510 1508//1508 1509//1509
f 1511//1511 1512//1512 1513//1513
f 1514//1514 1513//1513 1512//1512
f 1513//1513 1514//1514 1515//1515
f 1516//1516 1515//1515 1514//1514
f 1515//1515 1516//1516 1517//1517
f 1518//1518 1517//1517 1516//1516
f 1517//1517 1518//1518 1519//1519
f 1520//1520 1519//1519 1518//1518
f 1520//1520 1521//1521 1519//1519
f 1522//1522 1519//1519 1521//1521
f 1521//1521 1523//1523 1522//1522
f 1524//1524 1522//1522 1523//1523
f 1523//1523 1525//1525 1524//1524
f 1526//1526 1524//1524 1525//1525
f 1525//1525 1527//1527 1526//1526
f 1528//1528 1526//1526 1527//1527
f 1527//1527 1529//1529 1528//1528
f 1530//1530 1528//1528 1529//1529
f 1529//1529 1531//1531 1530//1530
f 1532//1532 1530//1530 1531//1531
f 1533//1533 1534//1534 1531//1531
f 1532//1532 1531//1531 1534//1534
f 1535//1535 1536//1536 1533//1533
f 1534//1534 1533//1533 1536//1536
f 1495//1495 1496//1496 1535//1535
f 1536//1536 1535//1535 1496//1496
f 1509//1509 1537//1537 1510//1510
f 1538//1538 1510//1510 1537//1537
f 1539//1539 1540//1540 1511//1511
f 1512//1512 1511//1511 1540//1540
f 1513//1513 1515//1515 1511//1511
f 1539//1539 1511//1511 1515//1515
f 1517//1517 1539//1539 1515//1515
f 1538//1538 1539//1539 1517//1517
f 1519//1519 1538//1538 1517//1517
f 1510//1510 1538//1538 1519//1519
f 1522//1522 1510//1510 1519//1519
f 1508//1508 1510//1510 1522//1522
f 1524//1524 1508//1508 1522//1522
f 1506//1506 1508//1508 1524//1524
f 1526//1526 1506//1506 1524//1524
f 1504//1504 1506//1506 1526//1526
f 1528//1528 1504//1504 1526//1526
f 1502//1502 1504//1504 1528//1528
f 1530//1530 1502//1502 1528//1528
f 1500//1500 1502//1502 1530//1530
f 1532//1532 1500//1500 1530//1530
f 1498//1498 1500//1500 1532//1532
f 1534//1534 1498//1498 1532//1532
f 1494//1494 1498//1498 1534//1534
f 1536//1536 1494//1494 1534//1534
f 1496//1496 1494//1494 1536//1536
f 1538//1538 1537//1537 1539//1539
f 1540//1540 1539//1539 1537//1537
f 1541//1541 1542//1542 1543//1543
f 1544//1544 1543//1543 1542//1542
f 1545//1545 1546//1546 1541//1541
f 1542//1542 1541//1541 1546//1546
f 1547//1547 1548//1548 1549//1549
f 1550//1550 1549//1549 1548//1548
f 1548//1548 1551//1551 1550//1550
f 1552//1552 1550//1550 1551//1551
f 1551//1551 1553//1553 1552//1552
f 1554//1554 1552//1552 1553//1553
f 1553//1553 1555//1555 1554//1554
f 1556//1556 1554//1554 1555//1555
f 1556//1556 1555//1555 1557//1557
f 1558//1558 1557//1557 1555//1555
f 1557//1557 1558//1558 1559//1559
f 1560//1560 1559//1559 1558//1558
f 1559//1559 1560//1560 1561//1561
f 1562//1562 1561//1561 1560//1560
f 1561//1561 1562//1562 1563//1563
f 1564//1564 1563//1563 1562//1562
f 1563//1563 1564//1564 1565//1565
f 1566//1566 1565//1565 1564//1564
f 1565//1565 1566//1566 1567//1567
f 1568//1568 1567//1567 1566//1566
f 1568//1568 1569//1569 1567//1567
f 1570//1570 1567//1567 1569//1569
f 1569//1569 1571//1571 1570//1570
f 1572//1572 1570//1570 1571//1571
f 1571//1571 1573//1573 1572//1572
f 1574//1574 1572//1572 1573//1573
f 1573//1573 1575//1575 1574//1574
f 1576//1576 1574//1574 1575//1575
f 1575//1575 1577//1577 1576//1576
f 1578//1578 1576//1576 1577//1577
f 1577//1577 1579//1579 1578//1578
f 1580//1580 1578//1578 1579//1579
f 1581//1581 1582//1582 1579//1579
f 1580//1580 1579//1579 1582//1582
f 1583//1583 1584//1584 1581//1581
f 1582//1582 1581//1581 1584//1584
f 1543//1543 1544//1544 1583//1583
f 1584//1584 1583//1583 1544//1544
f 1585//1585 1586//1586 1545//1545
f 1546//1546 1545//1545 1586//1586
f 1587//1587 1547//1547 1588//1588
f 1549//1549 1588//1588 1547//1547
f 1561//1561 1563//1563 1559//1559
f 1557//1557 1559//1559 1563//1563
f 1565//1565 1557//1557 1563//1563
f 1556//1556 1557//1557 1565//1565
f 1567//1567 1556//1556 1565//1565
f 1554//1554 1556//1556 1567//1567
f 1570//1570 1554//1554 1567//1567
f 1552//1552 1554//1554 1570//1570
f 1572//1572 1552//1552 1570//1570
f 1550//1550 1552//1552 1572//1572
f 1574//1574 1550//1550 1572//1572
f 1549//1549 1550//1550 1574//1574
f 1576//1576 1549//1549 1574//1574
f 1588//1588 1549//1549 1576//1576
f 1578//1578 1588//1588 1576//1576
f 1586//1586 1588//1588 1578//1578
f 1580//1580 1586//1586 1578//1578
f 1546//1546 1586//1586 1580//1580
f 1582//1582 1546//1546 1580//1580
f 1542//1542 1546//1546 1582//1582
f 1584//1584 1542//1542 1582//1582
f 1544//1544 1542//1542 1584//1584
f 1585//1585 1587//1587 1586//1586
f 1588//1588 1586//1586 1587//1587
f 110//110 905//905 242//242
f 905//905 110//110 104//104
f 905//905 243//243 242//242
f 243//243 905//905 250//250
f 105//105 905//905 104//104
f 905//905 105//105 250//250
f 105//105 251//251 250//250
f 251//251 105//105 107//107
f 251//251 93//93 906//906
f 93//93 251//251 107//107
f 247//247 251//251 906//906
f 251//251 247//247 248//248
f 93//93 247//247 906//906
f 247//247 93//93 95//95
f 1589//1589 1590//1590 1591//1591
f 1592//1592 1591//1591 1590//1590
f 1593//1593 1594//1594 1589//1589
f 1590//1590 1589//1589 1594//1594
f 1595//1595 1596//1596 1593//1593
f 1594//1594 1593//1593 1596//1596
f 1595//1595 1597//1597 1596//1596
f 1598//1598 1596//1596 1597//1597
f 1597//1597 1599//1599 1598//1598
f 1600//1600 1598//1598 1599//1599
f 1599//1599 1601//1601 1600//1600
f 1602//1602 1600//1600 1601//1601
f 1601//1601 1603//1603 1602//1602
f 1604//1604 1602//1602 1603//1603
f 1603//1603 1605//1605 1604//1604
f 1606//1606 1604//1604 1605//1605
f 1605//1605 1607//1607 1606//1606
f 1608//1608 1606//1606 1607//1607
f 1608//1608 1607//1607 1609//1609
f 1610//1610 1609//1609 1607//1607
f 1609//1609 1610//1610 1611//1611
f 1612//1612 1611//1611 1610//1610
f 1611//1611 1612//1612 1613//1613
f 1614//1614 1613//1613 1612//1612
f 1613//1613 1614//1614 1615//1615
f 1616//1616 1615//1615 1614//1614
f 1617//1617 1618//1618 1619//1619
f 1620//1620 1619//1619 1618//1618
f 1618//1618 1621//1621 1620//1620
f 1622//1622 1620//1620 1621//1621
f 1621//1621 1623//1623 1622//1622
f 1624//1624 1622//1622 1623//1623
f 1623//1623 1625//1625 1624//1624
f 1626//1626 1624//1624 1625//1625
f 1625//1625 1627//1627 1626//1626
f 1628//1628 1626//1626 1627//1627
f 1629//1629 1630//1630 1627//1627
f 1628//1628 1627//1627 1630//1630
f 1631//1631 1632//1632 1629//1629
f 1630//1630 1629//1629 1632//1632
f 1591//1591 1592//1592 1631//1631
f 1632//1632 1631//1631 1592//1592
f 1615//1615 1616//1616 1633//1633
f 1634//1634 1633//1633 1616//1616
f 1635//1635 1617//1617 1636//1636
f 1619//1619 1636//1636 1617//1617
f 1613//1613 1615//1615 1611//1611
f 1609//1609 1611//1611 1615//1615
f 1633//1633 1609//1609 1615//1615
f 1608//1608 1609//1609 1633//1633
f 1636//1636 1608//1608 1633//1633
f 1606//1606 1608//1608 1636//1636
f 1619//1619 1606//1606 1636//1636
f 1604//1604 1606//1606 1619//1619
f 1620//1620 1604//1604 1619//1619
f 1602//1602 1604//1604 1620//1620
f 1622//1622 1602//1602 1620//1620
f 1600//1600 1602//1602 1622//1622
f 1624//1624 1600//1600 1622//1622
f 1598//1598 1600//1600 1624//1624
f 1626//1626 1598//1598 1624//1624
f 1596//1596 1598//1598 1626//1626
f 1628//1628 1596//1596 1626//1626
f 1594//1594 1596//1596 1628//1628
f 1630//1630 1594//1594 1628//1628
f 1590//1590 1594//1594 1630//1630
f 1632//1632 1590//1590 1630//1630
f 1592//1592 1590//1590 1632//1632
f 1633//1633 1634//1634 1636//1636
f 1635//1635 1636//1636 1634//1634
f 1637//1637 1638//1638 1639//1639
f 1640//1640 1639//1639 1638//1638
f 1641//1641 1642//1642 1637//1637
f 1638//1638 1637//1637 1642//1642
f 1639//1639 1640//1640 1643//1643
f 1644//1644 1643//1643 1640//1640
f 1645//1645 1646//1646 1641//1641
f 1642//1642 1641//1641 1646//1646
f 1643//1643 1644//1644 1647//1647
f 1648//1648 1647//1647 1644//1644
f 1649//1649 1650//1650 1645//1645
f 1646//1646 1645//1645 1650//1650
f 1648//1648 1651//1651 1647//1647
f 1652//1652 1647//1647 1651//1651
f 1653//1653 1650//1650 1654//1654
f 1649//1649 1654//1654 1650//1650
f 1651//1651 1655//1655 1652//1652
f 1656//1656 1652//1652 1655//1655
f 1657//1657 1653//1653 1658//1658
f 1654//1654 1658//1658 1653//1653
f 1655//1655 1659//1659 1656//1656
f 1660//1660 1656//1656 1659//1659
f 1661//1661 1657//1657 1662//1662
f 1658//1658 1662//1662 1657//1657
f 1659//1659 1663//1663 1660//1660
f 1664//1664 1660//1660 1663//1663
f 1665//1665 1661//1661 1666//1666
f 1662//1662 1666//1666 1661//1661
f 1663//1663 1667//1667 1664//1664
f 1668//1668 1664//1664 1667//1667
f 1669//1669 1665//1665 1670//1670
f 1666//1666 1670//1670 1665//1665
f 1667//1667 1671//1671 1668//1668
f 1672//1672 1668//1668 1671//1671
f 1673//1673 1669//1669 1674//1674
f 1670//1670 1674//1674 1669//1669
f 1675//1675 1676//1676 1671//1671
f 1672//1672 1671//1671 1676//1676
f 1673//1673 1674//1674 1677//1677
f 1678//1678 1677//1677 1674//1674
f 1679//1679 1680//1680 1675//1675
f 1676//1676 1675//1675 1680//1680
f 1677//1677 1678//1678 1681//1681
f 1682//1682 1681//1681 1678//1678
f 1683//1683 1684//1684 1679//1679
f 1680//1680 1679//1679 1684//1684
f 1681//1681 1682//1682 1683//1683
f 1684//1684 1683//1683 1682//1682
f 1685//1685 1686//1686 1687//1687
f 1688//1688 1687//1687 1686//1686
f 1689//1689 1690//1690 1685//1685
f 1686//1686 1685//1685 1690//1690
f 1691//1691 1692//1692 1689//1689
f 1690//1690 1689//1689 1692//1692
f 1691//1691 1693//1693 1692//1692
f 1694//1694 1692//1692 1693//1693
f 1693//1693 1695//1695 1694//1694
f 1696//1696 1694//1694 1695//1695
f 1695//1695 1697//1697 1696//1696
f 1698//1698 1696//1696 1697//1697
f 1697//1697 1699//1699 1698//1698
f 1700//1700 1698//1698 1699//1699
f 1699//1699 1701//1701 1700//1700
f 1702//1702 1700//1700 1701//1701
f 1701//1701 1703//1703 1702//1702
f 1704//1704 1702//1702 1703//1703
f 1704//1704 1703//1703 1705//1705
f 1706//1706 1705//1705 1703//1703
f 1705//1705 1706//1706 1707//1707
f 1708//1708 1707//1707 1706//1706
f 1707//1707 1708//1708 1709//1709
f 1710//1710 1709//1709 1708//1708
f 1709//1709 1710//1710 1711//1711
f 1712//1712 1711//1711 1710//1710
f 1713//1713 1714//1714 1715//1715
f 1716//1716 1715//1715 1714//1714
f 1714//1714 1717//1717 1716//1716
f 1718//1718 1716//1716 1717//1717
f 1717//1717 1719//1719 1718//1718
f 1720//1720 1718//1718 1719//1719
f 1719//1719 1721//1721 1720//1720
f 1722//1722 1720//1720 1721//1721
f 1721//1721 1723//1723 1722//1722
f 1724//1724 1722//1722 1723//1723
f 1725//1725 1726//1726 1723//1723
f 1724//1724 1723//1723 1726//1726
f 1727//1727 1728//1728 1725//1725
f 1726//1726 1725//1725 1728//1728
f 1687//1687 1688//1688 1727//1727
f 1728//1728 1727//1727 1688//1688
f 1711//1711 1712//1712 1729//1729
f 1730//1730 1729//1729 1712//1712
f 1731//1731 1713//1713 1732//1732
f 1715//1715 1732//1732 1713//1713
f 1709//1709 1711//1711 1707//1707
f 1705//1705 1707//1707 1711//1711
f 1729//1729 1705//1705 1711//1711
f 1704//1704 1705//1705 1729//1729
f 1732//1732 1704//1704 1729//1729
f 1702//1702 1704//1704 1732//1732
f 1715//1715 1702//1702 1732//1732
f 1700//1700 1702//1702 1715//1715
f 1716//1716 1700//1700 1715//1715
f 1698//1698 1700//1700 1716//1716
f 1718//1718 1698//1698 1716//1716
f 1696//1696 1698//1698 1718//1718
f 1720//1720 1696//1696 1718//1718
f 1694//1694 1696//1696 1720//1720
f 1722//1722 1694//1694 1720//1720
f 1692//1692 1694//1694 1722//1722
f 1724//1724 1692//1692 1722//1722
f 1690//1690 1692//1692 1724//1724
f 1726//1726 1690//1690 1724//1724
f 1686//1686 1690//1690 1726//1726
f 1728//1728 1686//1686 1726//1726
f 1688//1688 1686//1686 1728//1728
f 1729//1729 1730//1730 1732//1732
f 1731//1731 1732//1732 1730//1730
f 1710//1710 1708//1708 1712//1712
f 1730//1730 1712//1712 1708//1708
f 1706//1706 1730//1730 1708//1708
f 1731//1731 1730//1730 1706//1706
f 1703//1703 1731//1731 1706//1706
f 1713//1713 1731//1731 1703//1703
f 1701//1701 1713//1713 1703//1703
f 1714//1714 1713//1713 1701//1701
f 1637//1637 1714//1714 1701//1701
f 1639//1639 1714//1714 1637//1637
f 1717//1717 1714//1714 1639//1639
f 1643//1643 1717//1717 1639//1639
f 1647//1647 1717//1717 1643//1643
f 1652//1652 1717//1717 1647//1647
f 1656//1656 1717//1717 1652//1652
f 1660//1660 1717//1717 1656//1656
f 1719//1719 1717//1717 1660//1660
f 1664//1664 1719//1719 1660//1660
f 1668//1668 1719//1719 1664//1664
f 1672//1672 1719//1719 1668//1668
f 1676//1676 1719//1719 1672//1672
f 1680//1680 1719//1719 1676//1676
f 1684//1684 1719//1719 1680//1680
f 1721//1721 1719//1719 1684//1684
f 1701//1701 1699//1699 1637//1637
f 1641//1641 1637//1637 1699//1699
f 1697//1697 1641//1641 1699//1699
f 1645//1645 1641//1641 1697//1697
f 1649//1649 1645//1645 1697//1697
f 1654//1654 1649//1649 1697//1697
f 1658//1658 1654//1654 1697//1697
f 1662//1662 1658//1658 1697//1697
f 1666//1666 1662//1662 1697//1697
f 1695//1695 1666//1666 1697//1697
f 1670//1670 1666//1666 1695//1695
f 1674//1674 1670//1670 1695//1695
f 1678//1678 1674//1674 1695//1695
f 1682//1682 1678//1678 1695//1695
f 1684//1684 1682//1682 1695//1695
f 1693//1693 1684//1684 1695//1695
f 1721//1721 1684//1684 1693//1693
f 1723//1723 1721//1721 1693//1693
f 1691//1691 1723//1723 1693//1693
f 1725//1725 1723//1723 1691//1691
f 1689//1689 1725//1725 1691//1691
f 1727//1727 1725//1725 1689//1689
f 1685//1685 1727//1727 1689//1689
f 1687//1687 1727//1727 1685//1685
f 1685//1685 1727//1727 1687//1687
f 1689//1689 1727//1727 1685//1685
f 1689//1689 1725//1725 1727//1727
f 1691//1691 1725//1725 1689//1689
f 1691//1691 1723//1723 1725//1725
f 1693//1693 1723//1723 1691//1691
f 1693//1693 1721//1721 1723//1723
f 1693//1693 1684//1684 1721//1721
f 1695//1695 1684//1684 1693//1693
f 1695//1695 1682//1682 1684//1684
f 1695//1695 1678//1678 1682//1682
f 1695//1695 1674//1674 1678//1678
f 1695//1695 1670//1670 1674//1674
f 1695//1695 1666//1666 1670//1670
f 1697//1697 1666//1666 1695//1695
f 1697//1697 1662//1662 1666//1666
f 1697//1697 1658//1658 1662//1662
f 1697//1697 1654//1654 1658//1658
f 1697//1697 1649//1649 1654//1654
f 1697//1697 1645//1645 1649//1649
f 1697//1697 1641//1641 1645//1645
f 1699//1699 1641//1641 1697//1697
f 1699//1699 1637//1637 1641//1641
f 1637//1637 1699//1699 1701//1701
f 1684//1684 1719//1719 1721//1721
f 1680//1680 1719//1719 1684//1684
f 1676//1676 1719//1719 1680//1680
f 1672//1672 1719//1719 1676//1676
f 1668//1668 1719//1719 1672//1672
f 1664//1664 1719//1719 1668//1668
f 1660//1660 1719//1719 1664//1664
f 1660//1660 1717//1717 1719//1719
f 1656//1656 1717//1717 1660//1660
f 1652//1652 1717//1717 1656//1656
f 1647//1647 1717//1717 1652//1652
f 1643//1643 1717//1717 1647//1647
f 1639//1639 1717//1717 1643//1643
f 1639//1639 1714//1714 1717//1717
f 1637//1637 1714//1714 1639//1639
f 1701//1701 1714//1714 1637//1637
f 1701//1701 1713//1713 1714//1714
f 1703//1703 1713//1713 1701//1701
f 1703//1703 1731//1731 1713//1713
f 1706//1706 1731//1731 1703//1703
f 1706//1706 1730//1730 1731//1731
f 1708//1708 1730//1730 1706//1706
f 1708//1708 1712//1712 1730//1730
f 1712//1712 1708//1708 1710//1710
f 1733//1733 1734//1734 1735//1735
f 1736//1736 1735//1735 1734//1734
f 1734//1734 1737//1737 1736//1736
f 1738//1738 1736//1736 1737//1737
f 1737//1737 1739//1739 1738//1738
f 1740//1740 1738//1738 1739//1739
f 1739//1739 1741//1741 1740//1740
f 1742//1742 1740//1740 1741//1741
f 1741//1741 1743//1743 1742//1742
f 1744//1744 1742//1742 1743//1743
f 1743//1743 1745//1745 1744//1744
f 1746//1746 1744//1744 1745//1745
f 1746//1746 1745//1745 1747//1747
f 1748//1748 1747//1747 1745//1745
f 1747//1747 1748//1748 1749//1749
f 1750//1750 1749//1749 1748//1748
f 1749//1749 1750//1750 1751//1751
f 1752//1752 1751//1751 1750//1750
f 1751//1751 1752//1752 1753//1753
f 1754//1754 1753//1753 1752//1752
f 1753//1753 1754//1754 1755//1755
f 1756//1756 1755//1755 1754//1754
f 1755//1755 1756//1756 1757//1757
f 1758//1758 1757//1757 1756//1756
f 1758//1758 1759//1759 1757//1757
f 1760//1760 1757//1757 1759//1759
f 1759//1759 1761//1761 1760//1760
f 1762//1762 1760//1760 1761//1761
f 1761//1761 1763//1763 1762//1762
f 1764//1764 1762//1762 1763//1763
f 1763//1763 1765//1765 1764//1764
f 1766//1766 1764//1764 1765//1765
f 1765//1765 1767//1767 1766//1766
f 1768//1768 1766//1766 1767//1767
f 1767//1767 1769//1769 1768//1768
f 1770//1770 1768//1768 1769//1769
f 1771//1771 1772//1772 1769//1769
f 1770//1770 1769//1769 1772//1772
f 1773//1773 1774//1774 1771//1771
f 1772//1772 1771//1771 1774//1774
f 1775//1775 1776//1776 1773//1773
f 1774//1774 1773//1773 1776//1776
f 1777//1777 1778//1778 1775//1775
f 1776//1776 1775//1775 1778//1778
f 1733//1733 1735//1735 1779//1779
f 1780//1780 1779//1779 1735//1735
f 1751//1751 1753//1753 1749//1749
f 1747//1747 1749//1749 1753//1753
f 1755//1755 1747//1747 1753//1753
f 1746//1746 1747//1747 1755//1755
f 1757//1757 1746//1746 1755//1755
f 1744//1744 1746//1746 1757//1757
f 1760//1760 1744//1744 1757//1757
f 1742//1742 1744//1744 1760//1760
f 1762//1762 1742//1742 1760//1760
f 1740//1740 1742//1742 1762//1762
f 1764//1764 1740//1740 1762//1762
f 1738//1738 1740//1740 1764//1764
f 1766//1766 1738//1738 1764//1764
f 1736//1736 1738//1738 1766//1766
f 1768//1768 1736//1736 1766//1766
f 1735//1735 1736//1736 1768//1768
f 1770//1770 1735//1735 1768//1768
f 1780//1780 1735//1735 1770//1770
f 1772//1772 1780//1780 1770//1770
f 1778//1778 1780//1780 1772//1772
f 1774//1774 1778//1778 1772//1772
f 1776//1776 1778//1778 1774//1774
f 1779//1779 1780//1780 1777//1777
f 1778//1778 1777//1777 1780//1780
f 1230//1230 1228//1228 1232//1232
f 1250//1250 1232//1232 1228//1228
f 1226//1226 1250//1250 1228//1228
f 1251//1251 1250//1250 1226//1226
f 1223//1223 1251//1251 1226//1226
f 1233//1233 1251//1251 1223//1223
f 1221//1221 1233//1233 1223//1223
f 1234//1234 1233//1233 1221//1221
f 1013//1013 1234//1234 1221//1221
f 1015//1015 1234//1234 1013//1013
f 1237//1237 1234//1234 1015//1015
f 1019//1019 1237//1237 1015//1015
f 1023//1023 1237//1237 1019//1019
f 1028//1028 1237//1237 1023//1023
f 1032//1032 1237//1237 1028//1028
f 1036//1036 1237//1237 1032//1032
f 1239//1239 1237//1237 1036//1036
f 1040//1040 1239//1239 1036//1036
f 1044//1044 1239//1239 1040//1040
f 1048//1048 1239//1239 1044//1044
f 1052//1052 1239//1239 1048//1048
f 1056//1056 1239//1239 1052//1052
f 1060//1060 1239//1239 1056//1056
f 1241//1241 1239//1239 1060//1060
f 1221//1221 1219//1219 1013//1013
f 1017//1017 1013//1013 1219//1219
f 1217//1217 1017//1017 1219//1219
f 1021//1021 1017//1017 1217//1217
f 1025//1025 1021//1021 1217//1217
f 1030//1030 1025//1025 1217//1217
f 1034//1034 1030//1030 1217//1217
f 1038//1038 1034//1034 1217//1217
f 1042//1042 1038//1038 1217//1217
f 1215//1215 1042//1042 1217//1217
f 1046//1046 1042//1042 1215//1215
f 1050//1050 1046//1046 1215//1215
f 1054//1054 1050//1050 1215//1215
f 1058//1058 1054//1054 1215//1215
f 1060//1060 1058//1058 1215//1215
f 1213//1213 1060//1060 1215//1215
f 1241//1241 1060//1060 1213//1213
f 1243//1243 1241//1241 1213//1213
f 1211//1211 1243//1243 1213//1213
f 1245//1245 1243//1243 1211//1211
f 1209//1209 1245//1245 1211//1211
f 1247//1247 1245//1245 1209//1209
f 1205//1205 1247//1247 1209//1209
f 1207//1207 1247//1247 1205//1205
f 1205//1205 1247//1247 1207//1207
f 1209//1209 1247//1247 1205//1205
f 1209//1209 1245//1245 1247//1247
f 1211//1211 1245//1245 1209//1209
f 1211//1211 1243//1243 1245//1245
f 1213//1213 1243//1243 1211//1211
f 1213//1213 1241//1241 1243//1243
f 1213//1213 1060//1060 1241//1241
f 1215//1215 1060//1060 1213//1213
f 1215//1215 1058//1058 1060//1060
f 1215//1215 1054//1054 1058//1058
f 1215//1215 1050//1050 1054//1054
f 1215//1215 1046//1046 1050//1050
f 1215//1215 1042//1042 1046//1046
f 1217//1217 1042//1042 1215//1215
f 1217//1217 1038//1038 1042//1042
f 1217//1217 1034//1034 1038//1038
f 1217//1217 1030//1030 1034//1034
f 1217//1217 1025//1025 1030//1030
f 1217//1217 1021//1021 1025//1025
f 1217//1217 1017//1017 1021//1021
f 1219//1219 1017//1017 1217//1217
f 1219//1219 1013//1013 1017//1017
f 1013//1013 1219//1219 1221//1221
f 1060//1060 1239//1239 1241//1241
f 1056//1056 1239//1239 1060//1060
f 1052//1052 1239//1239 1056//1056
f 1048//1048 1239//1239 1052//1052
f 1044//1044 1239//1239 1048//1048
f 1040//1040 1239//1239 1044//1044
f 1036//1036 1239//1239 1040//1040
f 1036//1036 1237//1237 1239//1239
f 1032//1032 1237//1237 1036//1036
f 1028//1028 1237//1237 1032//1032
f 1023//1023 1237//1237 1028//1028
f 1019//1019 1237//1237 1023//1023
f 1015//1015 1237//1237 1019//1019
f 1015//1015 1234//1234 1237//1237
f 1013//1013 1234//1234 1015//1015
f 1221//1221 1234//1234 1013//1013
f 1221//1221 1233//1233 1234//1234
f 1223//1223 1233//1233 1221//1221
f 1223//1223 1251//1251 1233//1233
f 1226//1226 1251//1251 1223//1223
f 1226//1226 1250//1250 1251//1251
f 1228//1228 1250//1250 1226//1226
f 1228//1228 1232//1232 1250//1250
f 1232//1232 1228//1228 1230//1230
f 1781//1781 1782//1782 1783//1783
f 1784//1784 1783//1783 1782//1782
f 1785//1785 1786//1786 1781//1781
f 1782//1782 1781//1781 1786//1786
f 1787//1787 1788//1788 1785//1785
f 1786//1786 1785//1785 1788//1788
f 1787//1787 1789//1789 1788//1788
f 1790//1790 1788//1788 1789//1789
f 1789//1789 1791//1791 1790//1790
f 1792//1792 1790//1790 1791//1791
f 1791//1791 1793//1793 1792//1792
f 1794//1794 1792//1792 1793//1793
f 1793//1793 1795//1795 1794//1794
f 1796//1796 1794//1794 1795//1795
f 1795//1795 1797//1797 1796//1796
f 1798//1798 1796//1796 1797//1797
f 1797//1797 1799//1799 1798//1798
f 1800//1800 1798//1798 1799//1799
f 1800//1800 1799//1799 1801//1801
f 1802//1802 1801//1801 1799//1799
f 1801//1801 1802//1802 1803//1803
f 1804//1804 1803//1803 1802//1802
f 1803//1803 1804//1804 1805//1805
f 1806//1806 1805//1805 1804//1804
f 1805//1805 1806//1806 1807//1807
f 1808//1808 1807//1807 1806//1806
f 1809//1809 1810//1810 1811//1811
f 1812//1812 1811//1811 1810//1810
f 1810//1810 1813//1813 1812//1812
f 1814//1814 1812//1812 1813//1813
f 1813//1813 1815//1815 1814//1814
f 1816//1816 1814//1814 1815//1815
f 1815//1815 1817//1817 1816//1816
f 1818//1818 1816//1816 1817//1817
f 1817//1817 1819//1819 1818//1818
f 1820//1820 1818//1818 1819//1819
f 1821//1821 1822//1822 1819//1819
f 1820//1820 1819//1819 1822//1822
f 1823//1823 1824//1824 1821//1821
f 1822//1822 1821//1821 1824//1824
f 1783//1783 1784//1784 1823//1823
f 1824//1824 1823//1823 1784//1784
f 1807//1807 1808//1808 1825//1825
f 1826//1826 1825//1825 1808//1808
f 1827//1827 1809//1809 1828//1828
f 1811//1811 1828//1828 1809//1809
f 1805//1805 1807//1807 1803//1803
f 1801//1801 1803//1803 1807//1807
f 1825//1825 1801//1801 1807//1807
f 1800//1800 1801//1801 1825//1825
f 1828//1828 1800//1800 1825//1825
f 1798//1798 1800//1800 1828//1828
f 1811//1811 1798//1798 1828//1828
f 1796//1796 1798//1798 1811//1811
f 1812//1812 1796//1796 1811//1811
f 1794//1794 1796//1796 1812//1812
f 1814//1814 1794//1794 1812//1812
f 1792//1792 1794//1794 1814//1814
f 1816//1816 1792//1792 1814//1814
f 1790//1790 1792//1792 1816//1816
f 1818//1818 1790//1790 1816//1816
f 1788//1788 1790//1790 1818//1818
f 1820//1820 1788//1788 1818//1818
f 1786//1786 1788//1788 1820//1820
f 1822//1822 1786//1786 1820//1820
f 1782//1782 1786//1786 1822//1822
f 1824//1824 1782//1782 1822//1822
f 1784//1784 1782//1782 1824//1824
f 1825//1825 1826//1826 1828//1828
f 1827//1827 1828//1828 1826//1826
f 1829//1829 1830//1830 1831//1831
f 1832//1832 1831//1831 1830//1830
f 1833//1833 1834//1834 1829//1829
f 1830//1830 1829//1829 1834//1834
f 1831//1831 1832//1832 1835//1835
f 1836//1836 1835//1835 1832//1832
f 1837//1837 1838//1838 1833//1833
f 1834//1834 1833//1833 1838//1838
f 1835//1835 1836//1836 1839//1839
f 1840//1840 1839//1839 1836//1836
f 1841//1841 1842//1842 1837//1837
f 1838//1838 1837//1837 1842//1842
f 1840//1840 1843//1843 1839//1839
f 1844//1844 1839//1839 1843//1843
f 1845//1845 1842//1842 1846//1846
f 1841//1841 1846//1846 1842//1842
f 1843//1843 1847//1847 1844//1844
f 1848//1848 1844//1844 1847//1847
f 1849//1849 1845//1845 1850//1850
f 1846//1846 1850//1850 1845//1845
f 1847//1847 1851//1851 1848//1848
f 1852//1852 1848//1848 1851//1851
f 1853//1853 1849//1849 1854//1854
f 1850//1850 1854//1854 1849//1849
f 1851//1851 1855//1855 1852//1852
f 1856//1856 1852//1852 1855//1855
f 1857//1857 1853//1853 1858//1858
f 1854//1854 1858//1858 1853//1853
f 1855//1855 1859//1859 1856//1856
f 1860//1860 1856//1856 1859//1859
f 1861//1861 1857//1857 1862//1862
f 1858//1858 1862//1862 1857//1857
f 1859//1859 1863//1863 1860//1860
f 1864//1864 1860//1860 1863//1863
f 1865//1865 1861//1861 1866//1866
f 1862//1862 1866//1866 1861//1861
f 1867//1867 1868//1868 1863//1863
f 1864//1864 1863//1863 1868//1868
f 1865//1865 1866//1866 1869//1869
f 1870//1870 1869//1869 1866//1866
f 1871//1871 1872//1872 1867//1867
f 1868//1868 1867//1867 1872//1872
f 1869//1869 1870//1870 1873//1873
f 1874//1874 1873//1873 1870//1870
f 1875//1875 1876//1876 1871//1871
f 1872//1872 1871//1871 1876//1876
f 1873//1873 1874//1874 1875//1875
f 1876//1876 1875//1875 1874//1874
f 1614//1614 1612//1612 1616//1616
f 1634//1634 1616//1616 1612//1612
f 1610//1610 1634//1634 1612//1612
f 1635//1635 1634//1634 1610//1610
f 1607//1607 1635//1635 1610//1610
f 1617//1617 1635//1635 1607//1607
f 1605//1605 1617//1617 1607//1607
f 1618//1618 1617//1617 1605//1605
f 1161//1161 1618//1618 1605//1605
f 1157//1157 1618//1618 1161//1161
f 1621//1621 1618//1618 1157//1157
f 1159//1159 1621//1621 1157//1157
f 1163//1163 1621//1621 1159//1159
f 1168//1168 1621//1621 1163//1163
f 1172//1172 1621//1621 1168//1168
f 1176//1176 1621//1621 1172//1172
f 1623//1623 1621//1621 1176//1176
f 1180//1180 1623//1623 1176//1176
f 1184//1184 1623//1623 1180//1180
f 1188//1188 1623//1623 1184//1184
f 1192//1192 1623//1623 1188//1188
f 1196//1196 1623//1623 1192//1192
f 1200//1200 1623//1623 1196//1196
f 1625//1625 1623//1623 1200//1200
f 1605//1605 1603//1603 1161//1161
f 1165//1165 1161//1161 1603//1603
f 1601//1601 1165//1165 1603//1603
f 1169//1169 1165//1165 1601//1601
f 1173//1173 1169//1169 1601//1601
f 1178//1178 1173//1173 1601//1601
f 1182//1182 1178//1178 1601//1601
f 1186//1186 1182//1182 1601//1601
f 1190//1190 1186//1186 1601//1601
f 1599//1599 1190//1190 1601//1601
f 1194//1194 1190//1190 1599//1599
f 1198//1198 1194//1194 1599//1599
f 1202//1202 1198//1198 1599//1599
f 1204//1204 1202//1202 1599//1599
f 1200//1200 1204//1204 1599//1599
f 1597//1597 1200//1200 1599//1599
f 1625//1625 1200//1200 1597//1597
f 1627//1627 1625//1625 1597//1597
f 1595//1595 1627//1627 1597//1597
f 1629//1629 1627//1627 1595//1595
f 1593//1593 1629//1629 1595//1595
f 1631//1631 1629//1629 1593//1593
f 1589//1589 1631//1631 1593//1593
f 1591//1591 1631//1631 1589//1589
f 1589//1589 1631//1631 1591//1591
f 1593//1593 1631//1631 1589//1589
f 1593//1593 1629//1629 1631//1631
f 1595//1595 1629//1629 1593//1593
f 1595//1595 1627//1627 1629//1629
f 1597//1597 1627//1627 1595//1595
f 1597//1597 1625//1625 1627//1627
f 1597//1597 1200//1200 1625//1625
f 1599//1599 1200//1200 1597//1597
f 1599//1599 1204//1204 1200//1200
f 1599//1599 1202//1202 1204//1204
f 1599//1599 1198//1198 1202//1202
f 1599//1599 1194//1194 1198//1198
f 1599//1599 1190//1190 1194//1194
f 1601//1601 1190//1190 1599//1599
f 1601//1601 1186//1186 1190//1190
f 1601//1601 1182//1182 1186//1186
f 1601//1601 1178//1178 1182//1182
f 1601//1601 1173//1173 1178//1178
f 1601//1601 1169//1169 1173//1173
f 1601//1601 1165//1165 1169//1169
f 1603//1603 1165//1165 1601//1601
f 1603//1603 1161//1161 1165//1165
f 1161//1161 1603//1603 1605//1605
f 1200//1200 1623//1623 1625//1625
f 1196//1196 1623//1623 1200//1200
f 1192//1192 1623//1623 1196//1196
f 1188//1188 1623//1623 1192//1192
f 1184//1184 1623//1623 1188//1188
f 1180//1180 1623//1623 1184//1184
f 1176//1176 1623//1623 1180//1180
f 1176//1176 1621//1621 1623//1623
f 1172//1172 1621//1621 1176//1176
f 1168//1168 1621//1621 1172//1172
f 1163//1163 1621//1621 1168//1168
f 1159//1159 1621//1621 1163//1163
f 1157//1157 1621//1621 1159//1159
f 1157//1157 1618//1618 1621//1621
f 1161//1161 1618//1618 1157//1157
f 1605//1605 1618//1618 1161//1161
f 1605//1605 1617//1617 1618//1618
f 1607//1607 1617//1617 1605//1605
f 1607//1607 1635//1635 1617//1617
f 1610//1610 1635//1635 1607//1607
f 1610//1610 1634//1634 1635//1635
f 1612//1612 1634//1634 1610//1610
f 1612//1612 1616//1616 1634//1634
f 1616//1616 1612//1612 1614//1614
f 103//103 241//241 907//907
f 241//241 103//103 111//111
f 103//103 908//908 101//101
f 908//908 103//103 907//907
f 908//908 241//241 240//240
f 241//241 908//908 907//907
f 108//108 908//908 240//240
f 908//908 108//108 101//101
f 1877//1877 1878//1878 1879//1879
f 1880//1880 1879//1879 1878//1878
f 1881//1881 1882//1882 1877//1877
f 1878//1878 1877//1877 1882//1882
f 1883//1883 1884//1884 1881//1881
f 1882//1882 1881//1881 1884//1884
f 1883//1883 1885//1885 1884//1884
f 1886//1886 1884//1884 1885//1885
f 1885//1885 1887//1887 1886//1886
f 1888//1888 1886//1886 1887//1887
f 1887//1887 1889//1889 1888//1888
f 1890//1890 1888//1888 1889//1889
f 1889//1889 1891//1891 1890//1890
f 1892//1892 1890//1890 1891//1891
f 1891//1891 1893//1893 1892//1892
f 1894//1894 1892//1892 1893//1893
f 1893//1893 1895//1895 1894//1894
f 1896//1896 1894//1894 1895//1895
f 1896//1896 1895//1895 1897//1897
f 1898//1898 1897//1897 1895//1895
f 1897//1897 1898//1898 1899//1899
f 1900//1900 1899//1899 1898//1898
f 1899//1899 1900//1900 1901//1901
f 1902//1902 1901//1901 1900//1900
f 1901//1901 1902//1902 1903//1903
f 1904//1904 1903//1903 1902//1902
f 1905//1905 1906//1906 1907//1907
f 1908//1908 1907//1907 1906//1906
f 1906//1906 1909//1909 1908//1908
f 1910//1910 1908//1908 1909//1909
f 1909//1909 1911//1911 1910//1910
f 1912//1912 1910//1910 1911//1911
f 1911//1911 1913//1913 1912//1912
f 1914//1914 1912//1912 1913//1913
f 1913//1913 1915//1915 1914//1914
f 1916//1916 1914//1914 1915//1915
f 1917//1917 1918//1918 1915//1915
f 1916//1916 1915//1915 1918//1918
f 1919//1919 1920//1920 1917//1917
f 1918//1918 1917//1917 1920//1920
f 1879//1879 1880//1880 1919//1919
f 1920//1920 1919//1919 1880//1880
f 1903//1903 1904//1904 1921//1921
f 1922//1922 1921//1921 1904//1904
f 1923//1923 1905//1905 1924//1924
f 1907//1907 1924//1924 1905//1905
f 1901//1901 1903//1903 1899//1899
f 1897//1897 1899//1899 1903//1903
f 1921//1921 1897//1897 1903//1903
f 1896//1896 1897//1897 1921//1921
f 1924//1924 1896//1896 1921//1921
f 1894//1894 1896//1896 1924//1924
f 1907//1907 1894//1894 1924//1924
f 1892//1892 1894//1894 1907//1907
f 1908//1908 1892//1892 1907//1907
f 1890//1890 1892//1892 1908//1908
f 1910//1910 1890//1890 1908//1908
f 1888//1888 1890//1890 1910//1910
f 1912//1912 1888//1888 1910//1910
f 1886//1886 1888//1888 1912//1912
f 1914//1914 1886//1886 1912//1912
f 1884//1884 1886//1886 1914//1914
f 1916//1916 1884//1884 1914//1914
f 1882//1882 1884//1884 1916//1916
f 1918//1918 1882//1882 1916//1916
f 1878//1878 1882//1882 1918//1918
f 1920//1920 1878//1878 1918//1918
f 1880//1880 1878//1878 1920//1920
f 1921//1921 1922//1922 1924//1924
f 1923//1923 1924//1924 1922//1922
f 1925//1925 1926//1926 1927//1927
f 1928//1928 1927//1927 1926//1926
f 1929//1929 1930//1930 1925//1925
f 1926//1926 1925//1925 1930//1930
f 1927//1927 1928//1928 1931//1931
f 1932//1932 1931//1931 1928//1928
f 1933//1933 1934//1934 1929//1929
f 1930//1930 1929//1929 1934//1934
f 1931//1931 1932//1932 1935//1935
f 1936//1936 1935//1935 1932//1932
f 1937//1937 1938//1938 1933//1933
f 1934//1934 1933//1933 1938//1938
f 1936//1936 1939//1939 1935//1935
f 1940//1940 1935//1935 1939//1939
f 1941//1941 1938//1938 1942//1942
f 1937//1937 1942//1942 1938//1938
f 1939//1939 1943//1943 1940//1940
f 1944//1944 1940//1940 1943//1943
f 1945//1945 1941//1941 1946//1946
f 1942//1942 1946//1946 1941//1941
f 1943//1943 1947//1947 1944//1944
f 1948//1948 1944//1944 1947//1947
f 1949//1949 1945//1945 1950//1950
f 1946//1946 1950//1950 1945//1945
f 1947//1947 1951//1951 1948//1948
f 1952//1952 1948//1948 1951//1951
f 1953//1953 1949//1949 1954//1954
f 1950//1950 1954//1954 1949//1949
f 1951//1951 1955//1955 1952//1952
f 1956//1956 1952//1952 1955//1955
f 1957//1957 1953//1953 1958//1958
f 1954//1954 1958//1958 1953//1953
f 1955//1955 1959//1959 1956//1956
f 1960//1960 1956//1956 1959//1959
f 1961//1961 1957//1957 1962//1962
f 1958//1958 1962//1962 1957//1957
f 1963//1963 1964//1964 1959//1959
f 1960//1960 1959//1959 1964//1964
f 1961//1961 1962//1962 1965//1965
f 1966//1966 1965//1965 1962//1962
f 1967//1967 1968//1968 1963//1963
f 1964//1964 1963//1963 1968//1968
f 1965//1965 1966//1966 1969//1969
f 1970//1970 1969//1969 1966//1966
f 1971//1971 1972//1972 1967//1967
f 1968//1968 1967//1967 1972//1972
f 1969//1969 1970//1970 1971//1971
f 1972//1972 1971//1971 1970//1970
f 1902//1902 1900//1900 1904//1904
f 1922//1922 1904//1904 1900//1900
f 1898//1898 1922//1922 1900//1900
f 1923//1923 1922//1922 1898//1898
f 1895//1895 1923//1923 1898//1898
f 1905//1905 1923//1923 1895//1895
f 1893//1893 1905//1905 1895//1895
f 1906//1906 1905//1905 1893//1893
f 1925//1925 1906//1906 1893//1893
f 1927//1927 1906//1906 1925//1925
f 1909//1909 1906//1906 1927//1927
f 1931//1931 1909//1909 1927//1927
f 1935//1935 1909//1909 1931//1931
f 1940//1940 1909//1909 1935//1935
f 1944//1944 1909//1909 1940//1940
f 1948//1948 1909//1909 1944//1944
f 1911//1911 1909//1909 1948//1948
f 1952//1952 1911//1911 1948//1948
f 1956//1956 1911//1911 1952//1952
f 1960//1960 1911//1911 1956//1956
f 1964//1964 1911//1911 1960//1960
f 1968//1968 1911//1911 1964//1964
f 1972//1972 1911//1911 1968//1968
f 1913//1913 1911//1911 1972//1972
f 1893//1893 1891//1891 1925//1925
f 1929//1929 1925//1925 1891//1891
f 1889//1889 1929//1929 1891//1891
f 1933//1933 1929//1929 1889//1889
f 1937//1937 1933//1933 1889//1889
f 1942//1942 1937//1937 1889//1889
f 1946//1946 1942//1942 1889//1889
f 1950//1950 1946//1946 1889//1889
f 1954//1954 1950//1950 1889//1889
f 1887//1887 1954//1954 1889//1889
f 1958//1958 1954//1954 1887//1887
f 1962//1962 1958//1958 1887//1887
f 1966//1966 1962//1962 1887//1887
f 1970//1970 1966//1966 1887//1887
f 1972//1972 1970//1970 1887//1887
f 1885//1885 1972//1972 1887//1887
f 1913//1913 1972//1972 1885//1885
f 1915//1915 1913//1913 1885//1885
f 1883//1883 1915//1915 1885//1885
f 1917//1917 1915//1915 1883//1883
f 1881//1881 1917//1917 1883//1883
f 1919//1919 1917//1917 1881//1881
f 1877//1877 1919//1919 1881//1881
f 1879//1879 1919//1919 1877//1877
f 1877//1877 1919//1919 1879//1879
f 1881//1881 1919//1919 1877//1877
f 1881//1881 1917//1917 1919//1919
f 1883//1883 1917//1917 1881//1881
f 1883//1883 1915//1915 1917//1917
f 1885//1885 1915//1915 1883//1883
f 1885//1885 1913//1913 1915//1915
f 1885//1885 1972//1972 1913//1913
f 1887//1887 1972//1972 1885//1885
f 1887//1887 1970//1970 1972//1972
f 1887//1887 1966//1966 1970//1970
f 1887//1887 1962//1962 1966//1966
f 1887//1887 1958//1958 1962//1962
f 1887//1887 1954//1954 1958//1958
f 1889//1889 1954//1954 1887//1887
f 1889//1889 1950//1950 1954//1954
f 1889//1889 1946//1946 1950//1950
f 1889//1889 1942//1942 1946//1946
f 1889//1889 1937//1937 1942//1942
f 1889//1889 1933//1933 1937//1937
f 1889//1889 1929//1929 1933//1933
f 1891//1891 1929//1929 1889//1889
f 1891//1891 1925//1925 1929//1929
f 1925//1925 1891//1891 1893//1893
f 1972//1972 1911//1911 1913//1913
f 1968//1968 1911//1911 1972//1972
f 1964//1964 1911//1911 1968//1968
f 1960//1960 1911//1911 1964//1964
f 1956//1956 1911//1911 1960//1960
f 1952//1952 1911//1911 1956//1956
f 1948//1948 1911//1911 1952//1952
f 1948//1948 1909//1909 1911//1911
f 1944//1944 1909//1909 1948//1948
f 1940//1940 1909//1909 1944//1944
f 1935//1935 1909//1909 1940//1940
f 1931//1931 1909//1909 1935//1935
f 1927//1927 1909//1909 1931//1931
f 1927//1927 1906//1906 1909//1909
f 1925//1925 1906//1906 1927//1927
f 1893//1893 1906//1906 1925//1925
f 1893//1893 1905//1905 1906//1906
f 1895//1895 1905//1905 1893//1893
f 1895//1895 1923//1923 1905//1905
f 1898//1898 1923//1923 1895//1895
f 1898//1898 1922//1922 1923//1923
f 1900//1900 1922//1922 1898//1898
f 1900//1900 1904//1904 1922//1922
f 1904//1904 1900//1900 1902//1902
f 1973//1973 1974//1974 1975//1975
f 1976//1976 1975//1975 1974//1974
f 1977//1977 1973//1973 1978//1978
f 1975//1975 1978//1978 1973//1973
f 1974//1974 1979//1979 1976//1976
f 1980//1980 1976//1976 1979//1979
f 1981//1981 1977//1977 1982//1982
f 1978//1978 1982//1982 1977//1977
f 1983//1983 1984//1984 1979//1979
f 1980//1980 1979//1979 1984//1984
f 1985//1985 1981//1981 1986//1986
f 1982//1982 1986//1986 1981//1981
f 1987//1987 1988//1988 1983//1983
f 1984//1984 1983//1983 1988//1988
f 1989//1989 1985//1985 1990//1990
f 1986//1986 1990//1990 1985//1985
f 1991//1991 1992//1992 1987//1987
f 1988//1988 1987//1987 1992//1992
f 1993//1993 1994//1994 1990//1990
f 1989//1989 1990//1990 1994//1994
f 1995//1995 1996//1996 1991//1991
f 1992//1992 1991//1991 1996//1996
f 1997//1997 1998//1998 1993//1993
f 1994//1994 1993//1993 1998//1998
f 1999//1999 2000//2000 1995//1995
f 1996//1996 1995//1995 2000//2000
f 2001//2001 2002//2002 1997//1997
f 1998//1998 1997//1997 2002//2002
f 2003//2003 2004//2004 1999//1999
f 2000//2000 1999//1999 2004//2004
f 2005//2005 2006//2006 2001//2001
f 2002//2002 2001//2001 2006//2006
f 2003//2003 2007//2007 2004//2004
f 2008//2008 2004//2004 2007//2007
f 2009//2009 2010//2010 2005//2005
f 2006//2006 2005//2005 2010//2010
f 2007//2007 2011//2011 2008//2008
f 2012//2012 2008//2008 2011//2011
f 2013//2013 2014//2014 2009//2009
f 2010//2010 2009//2009 2014//2014
f 2011//2011 2015//2015 2012//2012
f 2016//2016 2012//2012 2015//2015
f 2017//2017 2014//2014 2018//2018
f 2013//2013 2018//2018 2014//2014
f 2015//2015 2019//2019 2016//2016
f 2020//2020 2016//2016 2019//2019
f 2019//2019 2017//2017 2020//2020
f 2018//2018 2020//2020 2017//2017
f 2021//2021 2022//2022 2023//2023
f 2024//2024 2023//2023 2022//2022
f 2025//2025 2026//2026 2021//2021
f 2022//2022 2021//2021 2026//2026
f 2027//2027 2028//2028 2029//2029
f 2030//2030 2029//2029 2028//2028
f 2028//2028 2031//2031 2030//2030
f 2032//2032 2030//2030 2031//2031
f 2031//2031 2033//2033 2032//2032
f 2034//2034 2032//2032 2033//2033
f 2033//2033 2035//2035 2034//2034
f 2036//2036 2034//2034 2035//2035
f 2036//2036 2035//2035 2037//2037
f 2038//2038 2037//2037 2035//2035
f 2037//2037 2038//2038 2039//2039
f 2040//2040 2039//2039 2038//2038
f 2039//2039 2040//2040 2041//2041
f 2042//2042 2041//2041 2040//2040
f 2041//2041 2042//2042 2043//2043
f 2044//2044 2043//2043 2042//2042
f 2043//2043 2044//2044 2045//2045
f 2046//2046 2045//2045 2044//2044
f 2045//2045 2046//2046 2047//2047
f 2048//2048 2047//2047 2046//2046
f 2048//2048 2049//2049 2047//2047
f 2050//2050 2047//2047 2049//2049
f 2049//2049 2051//2051 2050//2050
f 2052//2052 2050//2050 2051//2051
f 2051//2051 2053//2053 2052//2052
f 2054//2054 2052//2052 2053//2053
f 2053//2053 2055//2055 2054//2054
f 2056//2056 2054//2054 2055//2055
f 2055//2055 2057//2057 2056//2056
f 2058//2058 2056//2056 2057//2057
f 2057//2057 2059//2059 2058//2058
f 2060//2060 2058//2058 2059//2059
f 2061//2061 2062//2062 2059//2059
f 2060//2060 2059//2059 2062//2062
f 2063//2063 2064//2064 2061//2061
f 2062//2062 2061//2061 2064//2064
f 2023//2023 2024//2024 2063//2063
f 2064//2064 2063//2063 2024//2024
f 2065//2065 2066//2066 2025//2025
f 2026//2026 2025//2025 2066//2066
f 2067//2067 2027//2027 2068//2068
f 2029//2029 2068//2068 2027//2027
f 2041//2041 2043//2043 2039//2039
f 2037//2037 2039//2039 2043//2043
f 2045//2045 2037//2037 2043//2043
f 2036//2036 2037//2037 2045//2045
f 2047//2047 2036//2036 2045//2045
f 2034//2034 2036//2036 2047//2047
f 2050//2050 2034//2034 2047//2047
f 2032//2032 2034//2034 2050//2050
f 2052//2052 2032//2032 2050//2050
f 2030//2030 2032//2032 2052//2052
f 2054//2054 2030//2030 2052//2052
f 2029//2029 2030//2030 2054//2054
f 2056//2056 2029//2029 2054//2054
f 2068//2068 2029//2029 2056//2056
f 2058//2058 2068//2068 2056//2056
f 2066//2066 2068//2068 2058//2058
f 2060//2060 2066//2066 2058//2058
f 2026//2026 2066//2066 2060//2060
f 2062//2062 2026//2026 2060//2060
f 2022//2022 2026//2026 2062//2062
f 2064//2064 2022//2022 2062//2062
f 2024//2024 2022//2022 2064//2064
f 2065//2065 2067//2067 2066//2066
f 2068//2068 2066//2066 2067//2067
f 1752//1752 1750//1750 1754//1754
f 1756//1756 1754//1754 1750//1750
f 1748//1748 1756//1756 1750//1750
f 1758//1758 1756//1756 1748//1748
f 1745//1745 1758//1758 1748//1748
f 1759//1759 1758//1758 1745//1745
f 1743//1743 1759//1759 1745//1745
f 1761//1761 1759//1759 1743//1743
f 1387//1387 1761//1761 1743//1743
f 1391//1391 1761//1761 1387//1387
f 1763//1763 1761//1761 1391//1391
f 1395//1395 1763//1763 1391//1391
f 1394//1394 1763//1763 1395//1395
f 1390//1390 1763//1763 1394//1394
f 1386//1386 1763//1763 1390//1390
f 1382//1382 1763//1763 1386//1386
f 1765//1765 1763//1763 1382//1382
f 1378//1378 1765//1765 1382//1382
f 1374//1374 1765//1765 1378//1378
f 1370//1370 1765//1765 1374//1374
f 1366//1366 1765//1765 1370//1370
f 1362//1362 1765//1765 1366//1366
f 1358//1358 1765//1765 1362//1362
f 1767//1767 1765//1765 1358//1358
f 1743//1743 1741//1741 1387//1387
f 1383//1383 1387//1387 1741//1741
f 1739//1739 1383//1383 1741//1741
f 1379//1379 1383//1383 1739//1739
f 1376//1376 1379//1379 1739//1739
f 1372//1372 1376//1376 1739//1739
f 1368//1368 1372//1372 1739//1739
f 1364//1364 1368//1368 1739//1739
f 1360//1360 1364//1364 1739//1739
f 1737//1737 1360//1360 1739//1739
f 1356//1356 1360//1360 1737//1737
f 1350//1350 1356//1356 1737//1737
f 1352//1352 1350//1350 1737//1737
f 1354//1354 1352//1352 1737//1737
f 1358//1358 1354//1354 1737//1737
f 1734//1734 1358//1358 1737//1737
f 1767//1767 1358//1358 1734//1734
f 1769//1769 1767//1767 1734//1734
f 1733//1733 1769//1769 1734//1734
f 1771//1771 1769//1769 1733//1733
f 1779//1779 1771//1771 1733//1733
f 1773//1773 1771//1771 1779//1779
f 1777//1777 1773//1773 1779//1779
f 1775//1775 1773//1773 1777//1777
f 1777//1777 1773//1773 1775//1775
f 1779//1779 1773//1773 1777//1777
f 1779//1779 1771//1771 1773//1773
f 1733//1733 1771//1771 1779//1779
f 1733//1733 1769//1769 1771//1771
f 1734//1734 1769//1769 1733//1733
f 1734//1734 1767//1767 1769//1769
f 1734//1734 1358//1358 1767//1767
f 1737//1737 1358//1358 1734//1734
f 1737//1737 1354//1354 1358//1358
f 1737//1737 1352//1352 1354//1354
f 1737//1737 1350//1350 1352//1352
f 1737//1737 1356//1356 1350//1350
f 1737//1737 1360//1360 1356//1356
f 1739//1739 1360//1360 1737//1737
f 1739//1739 1364//1364 1360//1360
f 1739//1739 1368//1368 1364//1364
f 1739//1739 1372//1372 1368//1368
f 1739//1739 1376//1376 1372//1372
f 1739//1739 1379//1379 1376//1376
f 1739//1739 1383//1383 1379//1379
f 1741//1741 1383//1383 1739//1739
f 1741//1741 1387//1387 1383//1383
f 1387//1387 1741//1741 1743//1743
f 1358//1358 1765//1765 1767//1767
f 1362//1362 1765//1765 1358//1358
f 1366//1366 1765//1765 1362//1362
f 1370//1370 1765//1765 1366//1366
f 1374//1374 1765//1765 1370//1370
f 1378//1378 1765//1765 1374//1374
f 1382//1382 1765//1765 1378//1378
f 1382//1382 1763//1763 1765//1765
f 1386//1386 1763//1763 1382//1382
f 1390//1390 1763//1763 1386//1386
f 1394//1394 1763//1763 1390//1390
f 1395//1395 1763//1763 1394//1394
f 1391//1391 1763//1763 1395//1395
f 1391//1391 1761//1761 1763//1763
f 1387//1387 1761//1761 1391//1391
f 1743//1743 1761//1761 1387//1387
f 1743//1743 1759//1759 1761//1761
f 1745//1745 1759//1759 1743//1743
f 1745//1745 1758//1758 1759//1759
f 1748//1748 1758//1758 1745//1745
f 1748//1748 1756//1756 1758//1758
f 1750//1750 1756//1756 1748//1748
f 1750//1750 1754//1754 1756//1756
f 1754//1754 1750//1750 1752//1752
f 990//990 988//988 992//992
f 994//994 992//992 988//988
f 986//986 994//994 988//988
f 996//996 994//994 986//986
f 983//983 996//996 986//986
f 997//997 996//996 983//983
f 981//981 997//997 983//983
f 999//999 997//997 981//981
f 1113//1113 999//999 981//981
f 1109//1109 999//999 1113//1113
f 1001//1001 999//999 1109//1109
f 1111//1111 1001//1001 1109//1109
f 1115//1115 1001//1001 1111//1111
f 1120//1120 1001//1001 1115//1115
f 1124//1124 1001//1001 1120//1120
f 1128//1128 1001//1001 1124//1124
f 1003//1003 1001//1001 1128//1128
f 1132//1132 1003//1003 1128//1128
f 1136//1136 1003//1003 1132//1132
f 1140//1140 1003//1003 1136//1136
f 1144//1144 1003//1003 1140//1140
f 1148//1148 1003//1003 1144//1144
f 1152//1152 1003//1003 1148//1148
f 1005//1005 1003//1003 1152//1152
f 981//981 979//979 1113//1113
f 1117//1117 1113//1113 979//979
f 977//977 1117//1117 979//979
f 1121//1121 1117//1117 977//977
f 1125//1125 1121//1121 977//977
f 1130//1130 1125//1125 977//977
f 1134//1134 1130//1130 977//977
f 1138//1138 1134//1134 977//977
f 1142//1142 1138//1138 977//977
f 975//975 1142//1142 977//977
f 1146//1146 1142//1142 975//975
f 1150//1150 1146//1146 975//975
f 1154//1154 1150//1150 975//975
f 1156//1156 1154//1154 975//975
f 1152//1152 1156//1156 975//975
f 973//973 1152//1152 975//975
f 1005//1005 1152//1152 973//973
f 1007//1007 1005//1005 973//973
f 971//971 1007//1007 973//973
f 1009//1009 1007//1007 971//971
f 969//969 1009//1009 971//971
f 1011//1011 1009//1009 969//969
f 965//965 1011//1011 969//969
f 967//967 1011//1011 965//965
f 965//965 1011//1011 967//967
f 969//969 1011//1011 965//965
f 969//969 1009//1009 1011//1011
f 971//971 1009//1009 969//969
f 971//971 1007//1007 1009//1009
f 973//973 1007//1007 971//971
f 973//973 1005//1005 1007//1007
f 973//973 1152//1152 1005//1005
f 975//975 1152//1152 973//973
f 975//975 1156//1156 1152//1152
f 975//975 1154//1154 1156//1156
f 975//975 1150//1150 1154//1154
f 975//975 1146//1146 1150//1150
f 975//975 1142//1142 1146//1146
f 977//977 1142//1142 975//975
f 977//977 1138//1138 1142//1142
f 977//977 1134//1134 1138//1138
f 977//977 1130//1130 1134//1134
f 977//977 1125//1125 1130//1130
f 977//977 1121//1121 1125//1125
f 977//977 1117//1117 1121//1121
f 979//979 1117//1117 977//977
f 979//979 1113//1113 1117//1117
f 1113//1113 979//979 981//981
f 1152//1152 1003//1003 1005//1005
f 1148//1148 1003//1003 1152//1152
f 1144//1144 1003//1003 1148//1148
f 1140//1140 1003//1003 1144//1144
f 1136//1136 1003//1003 1140//1140
f 1132//1132 1003//1003 1136//1136
f 1128//1128 1003//1003 1132//1132
f 1128//1128 1001//1001 1003//1003
f 1124//1124 1001//1001 1128//1128
f 1120//1120 1001//1001 1124//1124
f 1115//1115 1001//1001 1120//1120
f 1111//1111 1001//1001 1115//1115
f 1109//1109 1001//1001 1111//1111
f 1109//1109 999//999 1001//1001
f 1113//1113 999//999 1109//1109
f 981//981 999//999 1113//1113
f 981//981 997//997 999//999
f 983//983 997//997 981//981
f 983//983 996//996 997//997
f 986//986 996//996 983//983
f 986//986 994//994 996//996
f 988//988 994//994 986//986
f 988//988 992//992 994//994
f 992//992 988//988 990//990
f 249//249 910//910 237//237
f 910//910 249//249 909//909
f 910//910 232//232 237//237
f 232//232 910//910 911//911
f 912//912 232//232 911//911
f 232//232 912//912 238//238
f 909//909 912//912 249//249
f 238//238 249//249 912//912
f 912//912 249//249 238//238
f 249//249 912//912 909//909
f 911//911 239//239 912//912
f 911//911 233//233 239//239
f 911//911 235//235 233//233
f 911//911 236//236 235//235
f 236//236 244//244 245//245
f 236//236 246//246 244//244
f 236//236 247//247 246//246
f 236//236 248//248 247//247
f 236//236 910//910 248//248
f 910//910 236//236 911//911
f 240//240 912//912 239//239
f 241//241 912//912 240//240
f 242//242 912//912 241//241
f 243//243 912//912 242//242
f 250//250 912//912 243//243
f 251//251 912//912 250//250
f 248//248 912//912 251//251
f 248//248 909//909 912//912
f 909//909 248//248 910//910
f 239//239 233//233 913//913
f 635//635 629//629 632//632
f 682//682 961//961 676//676
f 950//950 676//676 961//961
f 960//960 961//961 682//682
f 959//959 960//960 682//682
f 958//958 959//959 682//682
f 686//686 958//958 682//682
f 957//957 958//958 686//686
f 956//956 957//957 686//686
f 955//955 956//956 686//686
f 954//954 955//955 686//686
f 953//953 954//954 686//686
f 952//952 953//953 686//686
f 681//681 952//952 686//686
f 951//951 952//952 681//681
f 938//938 951//951 681//681
f 667//667 670//670 664//664
f 661//661 664//664 670//670
f 673//673 661//661 670//670
f 659//659 661//661 673//673
f 677//677 659//659 673//673
f 656//656 659//659 677//677
f 676//676 656//656 677//677
f 950//950 656//656 676//676
f 949//949 656//656 950//950
f 653//653 656//656 949//949
f 948//948 653//653 949//949
f 947//947 653//653 948//948
f 946//946 653//653 947//947
f 650//650 653//653 946//946
f 945//945 650//650 946//946
f 944//944 650//650 945//945
f 647//647 650//650 944//944
f 943//943 647//647 944//944
f 942//942 647//647 943//943
f 941//941 647//647 942//942
f 644//644 647//647 941//941
f 940//940 644//644 941//941
f 939//939 644//644 940//940
f 938//938 644//644 939//939
f 681//681 644//644 938//938
f 675//675 644//644 681//681
f 641//641 644//644 675//675
f 638//638 641//641 675//675
f 635//635 638//638 675//675
f 629//629 635//635 675//675
f 672//672 629//629 675//675
f 626//626 629//629 672//672
f 623//623 626//626 672//672
f 669//669 623//623 672//672
f 620//620 623//623 669//669
f 666//666 620//620 669//669
f 617//617 620//620 666//666
f 663//663 617//617 666//666
f 614//614 617//617 663//663
f 660//660 614//614 663//663
f 611//611 614//614 660//660
f 608//608 611//611 660//660
f 657//657 608//608 660//660
f 605//605 608//608 657//657
f 654//654 605//605 657//657
f 602//602 605//605 654//654
f 651//651 602//602 654//654
f 599//599 602//602 651//651
f 648//648 599//599 651//651
f 596//596 599//599 648//648
f 645//645 596//596 648//648
f 593//593 596//596 645//645
f 590//590 593//593 645//645
f 642//642 590//590 645//645
f 639//639 590//590 642//642
f 587//587 590//590 639//639
f 584//584 587//587 639//639
f 636//636 584//584 639//639
f 581//581 584//584 636//636
f 578//578 581//581 636//636
f 633//633 578//578 636//636
f 573//573 578//578 633//633
f 569//569 573//573 633//633
f 630//630 569//569 633//633
f 565//565 569//569 630//630
f 627//627 565//565 630//630
f 561//561 565//565 627//627
f 624//624 561//561 627//627
f 621//621 561//561 624//624
f 557//557 561//561 621//621
f 618//618 557//557 621//621
f 553//553 557//557 618//618
f 615//615 553//553 618//618
f 549//549 553//553 615//615
f 612//612 549//549 615//615
f 545//545 549//549 612//612
f 609//609 545//545 612//612
f 606//606 545//545 609//609
f 603//603 545//545 606//606
f 600//600 545//545 603//603
f 937//937 545//545 600//600
f 541//541 545//545 937//937
f 926//926 937//937 600//600
f 936//936 541//541 937//937
f 935//935 541//541 936//936
f 934//934 541//541 935//935
f 933//933 541//541 934//934
f 932//932 541//541 933//933
f 537//537 541//541 932//932
f 931//931 537//537 932//932
f 930//930 537//537 931//931
f 929//929 537//537 930//930
f 535//535 537//537 929//929
f 928//928 535//535 929//929
f 534//534 535//535 928//928
f 927//927 534//534 928//928
f 914//914 534//534 927//927
f 600//600 597//597 926//926
f 925//925 926//926 597//597
f 924//924 925//925 597//597
f 923//923 924//924 597//597
f 594//594 923//923 597//597
f 922//922 923//923 594//594
f 921//921 922//922 594//594
f 920//920 921//921 594//594
f 591//591 920//920 594//594
f 919//919 920//920 591//591
f 918//918 919//919 591//591
f 917//917 918//918 591//591
f 588//588 917//917 591//591
f 916//916 917//917 588//588
f 915//915 916//916 588//588
f 914//914 915//915 588//588
f 534//534 914//914 588//588
f 539//539 534//534 588//588
f 585//585 539//539 588//588
f 543//543 539//539 585//585
f 547//547 543//543 585//585
f 582//582 547//547 585//585
f 551//551 547//547 582//582
f 555//555 551//551 582//582
f 559//559 555//555 582//582
f 579//579 559//559 582//582
f 563//563 559//559 579//579
f 567//567 563//563 579//579
f 576//576 567//567 579//579
f 571//571 567//567 576//576
f 2042//2042 2040//2040 2044//2044
f 2046//2046 2044//2044 2040//2040
f 2038//2038 2046//2046 2040//2040
f 2048//2048 2046//2046 2038//2038
f 2035//2035 2048//2048 2038//2038
f 2049//2049 2048//2048 2035//2035
f 2033//2033 2049//2049 2035//2035
f 2051//2051 2049//2049 2033//2033
f 2001//2001 2051//2051 2033//2033
f 1997//1997 2051//2051 2001//2001
f 2053//2053 2051//2051 1997//1997
f 1993//1993 2053//2053 1997//1997
f 1990//1990 2053//2053 1993//1993
f 1986//1986 2053//2053 1990//1990
f 1982//1982 2053//2053 1986//1986
f 1978//1978 2053//2053 1982//1982
f 2055//2055 2053//2053 1978//1978
f 1975//1975 2055//2055 1978//1978
f 1976//1976 2055//2055 1975//1975
f 1980//1980 2055//2055 1976//1976
f 1984//1984 2055//2055 1980//1980
f 1988//1988 2055//2055 1984//1984
f 1992//1992 2055//2055 1988//1988
f 2057//2057 2055//2055 1992//1992
f 2033//2033 2031//2031 2001//2001
f 2005//2005 2001//2001 2031//2031
f 2028//2028 2005//2005 2031//2031
f 2009//2009 2005//2005 2028//2028
f 2013//2013 2009//2009 2028//2028
f 2018//2018 2013//2013 2028//2028
f 2020//2020 2018//2018 2028//2028
f 2016//2016 2020//2020 2028//2028
f 2012//2012 2016//2016 2028//2028
f 2027//2027 2012//2012 2028//2028
f 2008//2008 2012//2012 2027//2027
f 2004//2004 2008//2008 2027//2027
f 2000//2000 2004//2004 2027//2027
f 1996//1996 2000//2000 2027//2027
f 1992//1992 1996//1996 2027//2027
f 2067//2067 1992//1992 2027//2027
f 2057//2057 1992//1992 2067//2067
f 2059//2059 2057//2057 2067//2067
f 2065//2065 2059//2059 2067//2067
f 2061//2061 2059//2059 2065//2065
f 2025//2025 2061//2061 2065//2065
f 2063//2063 2061//2061 2025//2025
f 2021//2021 2063//2063 2025//2025
f 2023//2023 2063//2063 2021//2021
f 2021//2021 2063//2063 2023//2023
f 2025//2025 2063//2063 2021//2021
f 2025//2025 2061//2061 2063//2063
f 2065//2065 2061//2061 2025//2025
f 2065//2065 2059//2059 2061//2061
f 2067//2067 2059//2059 2065//2065
f 2067//2067 2057//2057 2059//2059
f 2067//2067 1992//1992 2057//2057
f 2027//2027 1992//1992 2067//2067
f 2027//2027 1996//1996 1992//1992
f 2027//2027 2000//2000 1996//1996
f 2027//2027 2004//2004 2000//2000
f 2027//2027 2008//2008 2004//2004
f 2027//2027 2012//2012 2008//2008
f 2028//2028 2012//2012 2027//2027
f 2028//2028 2016//2016 2012//2012
f 2028//2028 2020//2020 2016//2016
f 2028//2028 2018//2018 2020//2020
f 2028//2028 2013//2013 2018//2018
f 2028//2028 2009//2009 2013//2013
f 2028//2028 2005//2005 2009//2009
f 2031//2031 2005//2005 2028//2028
f 2031//2031 2001//2001 2005//2005
f 2001//2001 2031//2031 2033//2033
f 1992//1992 2055//2055 2057//2057
f 1988//1988 2055//2055 1992//1992
f 1984//1984 2055//2055 1988//1988
f 1980//1980 2055//2055 1984//1984
f 1976//1976 2055//2055 1980//1980
f 1975//1975 2055//2055 1976//1976
f 1978//1978 2055//2055 1975//1975
f 1978//1978 2053//2053 2055//2055
f 1982//1982 2053//2053 1978//1978
f 1986//1986 2053//2053 1982//1982
f 1990//1990 2053//2053 1986//1986
f 1993//1993 2053//2053 1990//1990
f 1997//1997 2053//2053 1993//1993
f 1997//1997 2051//2051 2053//2053
f 2001//2001 2051//2051 1997//1997
f 2033//2033 2051//2051 2001//2001
f 2033//2033 2049//2049 2051//2051
f 2035//2035 2049//2049 2033//2033
f 2035//2035 2048//2048 2049//2049
f 2038//2038 2048//2048 2035//2035
f 2038//2038 2046//2046 2048//2048
f 2040//2040 2046//2046 2038//2038
f 2040//2040 2044//2044 2046//2046
f 2044//2044 2040//2040 2042//2042
f 102//102 239//239 913//913
f 239//239 102//102 109//109
f 102//102 233//233 100//100
f 233//233 102//102 913//913
f 1562//1562 1560//1560 1564//1564
f 1566//1566 1564//1564 1560//1560
f 1558//1558 1566//1566 1560//1560
f 1568//1568 1566//1566 1558//1558
f 1555//1555 1568//1568 1558//1558
f 1569//1569 1568//1568 1555//1555
f 1553//1553 1569//1569 1555//1555
f 1571//1571 1569//1569 1553//1553
f 1329//1329 1571//1571 1553//1553
f 1325//1325 1571//1571 1329//1329
f 1573//1573 1571//1571 1325//1325
f 1321//1321 1573//1573 1325//1325
f 1318//1318 1573//1573 1321//1321
f 1314//1314 1573//1573 1318//1318
f 1310//1310 1573//1573 1314//1314
f 1306//1306 1573//1573 1310//1310
f 1575//1575 1573//1573 1306//1306
f 1303//1303 1575//1575 1306//1306
f 1304//1304 1575//1575 1303//1303
f 1308//1308 1575//1575 1304//1304
f 1312//1312 1575//1575 1308//1308
f 1316//1316 1575//1575 1312//1312
f 1320//1320 1575//1575 1316//1316
f 1577//1577 1575//1575 1320//1320
f 1553//1553 1551//1551 1329//1329
f 1333//1333 1329//1329 1551//1551
f 1548//1548 1333//1333 1551//1551
f 1337//1337 1333//1333 1548//1548
f 1341//1341 1337//1337 1548//1548
f 1346//1346 1341//1341 1548//1548
f 1348//1348 1346//1346 1548//1548
f 1344//1344 1348//1348 1548//1548
f 1340//1340 1344//1344 1548//1548
f 1547//1547 1340//1340 1548//1548
f 1336//1336 1340//1340 1547//1547
f 1332//1332 1336//1336 1547//1547
f 1328//1328 1332//1332 1547//1547
f 1324//1324 1328//1328 1547//1547
f 1320//1320 1324//1324 1547//1547
f 1587//1587 1320//1320 1547//1547
f 1577//1577 1320//1320 1587//1587
f 1579//1579 1577//1577 1587//1587
f 1585//1585 1579//1579 1587//1587
f 1581//1581 1579//1579 1585//1585
f 1545//1545 1581//1581 1585//1585
f 1583//1583 1581//1581 1545//1545
f 1541//1541 1583//1583 1545//1545
f 1543//1543 1583//1583 1541//1541
f 1541//1541 1583//1583 1543//1543
f 1545//1545 1583//1583 1541//1541
f 1545//1545 1581//1581 1583//1583
f 1585//1585 1581//1581 1545//1545
f 1585//1585 1579//1579 1581//1581
f 1587//1587 1579//1579 1585//1585
f 1587//1587 1577//1577 1579//1579
f 1587//1587 1320//1320 1577//1577
f 1547//1547 1320//1320 1587//1587
f 1547//1547 1324//1324 1320//1320
f 1547//1547 1328//1328 1324//1324
f 1547//1547 1332//1332 1328//1328
f 1547//1547 1336//1336 1332//1332
f 1547//1547 1340//1340 1336//1336
f 1548//1548 1340//1340 1547//1547
f 1548//1548 1344//1344 1340//1340
f 1548//1548 1348//1348 1344//1344
f 1548//1548 1346//1346 1348//1348
f 1548//1548 1341//1341 1346//1346
f 1548//1548 1337//1337 1341//1341
f 1548//1548 1333//1333 1337//1337
f 1551//1551 1333//1333 1548//1548
f 1551//1551 1329//1329 1333//1333
f 1329//1329 1551//1551 1553//1553
f 1320//1320 1575//1575 1577//1577
f 1316//1316 1575//1575 1320//1320
f 1312//1312 1575//1575 1316//1316
f 1308//1308 1575//1575 1312//1312
f 1304//1304 1575//1575 1308//1308
f 1303//1303 1575//1575 1304//1304
f 1306//1306 1575//1575 1303//1303
f 1306//1306 1573//1573 1575//1575
f 1310//1310 1573//1573 1306//1306
f 1314//1314 1573//1573 1310//1310
f 1318//1318 1573//1573 1314//1314
f 1321//1321 1573//1573 1318//1318
f 1325//1325 1573//1573 1321//1321
f 1325//1325 1571//1571 1573//1573
f 1329//1329 1571//1571 1325//1325
f 1553//1553 1571//1571 1329//1329
f 1553//1553 1569//1569 1571//1571
f 1555//1555 1569//1569 1553//1553
f 1555//1555 1568//1568 1569//1569
f 1558//1558 1568//1568 1555//1555
f 1558//1558 1566//1566 1568//1568
f 1560//1560 1566//1566 1558//1558
f 1560//1560 1564//1564 1566//1566
f 1564//1564 1560//1560 1562//1562
f 1806//1806 1804//1804 1808//1808
f 1826//1826 1808//1808 1804//1804
f 1802//1802 1826//1826 1804//1804
f 1827//1827 1826//1826 1802//1802
f 1799//1799 1827//1827 1802//1802
f 1809//1809 1827//1827 1799//1799
f 1797//1797 1809//1809 1799//1799
f 1810//1810 1809//1809 1797//1797
f 1829//1829 1810//1810 1797//1797
f 1831//1831 1810//1810 1829//1829
f 1813//1813 1810//1810 1831//1831
f 1835//1835 1813//1813 1831//1831
f 1839//1839 1813//1813 1835//1835
f 1844//1844 1813//1813 1839//1839
f 1848//1848 1813//1813 1844//1844
f 1852//1852 1813//1813 1848//1848
f 1815//1815 1813//1813 1852//1852
f 1856//1856 1815//1815 1852//1852
f 1860//1860 1815//1815 1856//1856
f 1864//1864 1815//1815 1860//1860
f 1868//1868 1815//1815 1864//1864
f 1872//1872 1815//1815 1868//1868
f 1876//1876 1815//1815 1872//1872
f 1817//1817 1815//1815 1876//1876
f 1797//1797 1795//1795 1829//1829
f 1833//1833 1829//1829 1795//1795
f 1793//1793 1833//1833 1795//1795
f 1837//1837 1833//1833 1793//1793
f 1841//1841 1837//1837 1793//1793
f 1846//1846 1841//1841 1793//1793
f 1850//1850 1846//1846 1793//1793
f 1854//1854 1850//1850 1793//1793
f 1858//1858 1854//1854 1793//1793
f 1791//1791 1858//1858 1793//1793
f 1862//1862 1858//1858 1791//1791
f 1866//1866 1862//1862 1791//1791
f 1870//1870 1866//1866 1791//1791
f 1874//1874 1870//1870 1791//1791
f 1876//1876 1874//1874 1791//1791
f 1789//1789 1876//1876 1791//1791
f 1817//1817 1876//1876 1789//1789
f 1819//1819 1817//1817 1789//1789
f 1787//1787 1819//1819 1789//1789
f 1821//1821 1819//1819 1787//1787
f 1785//1785 1821//1821 1787//1787
f 1823//1823 1821//1821 1785//1785
f 1781//1781 1823//1823 1785//1785
f 1783//1783 1823//1823 1781//1781
f 1781//1781 1823//1823 1783//1783
f 1785//1785 1823//1823 1781//1781
f 1785//1785 1821//1821 1823//1823
f 1787//1787 1821//1821 1785//1785
f 1787//1787 1819//1819 1821//1821
f 1789//1789 1819//1819 1787//1787
f 1789//1789 1817//1817 1819//1819
f 1789//1789 1876//1876 1817//1817
f 1791//1791 1876//1876 1789//1789
f 1791//1791 1874//1874 1876//1876
f 1791//1791 1870//1870 1874//1874
f 1791//1791 1866//1866 1870//1870
f 1791//1791 1862//1862 1866//1866
f 1791//1791 1858//1858 1862//1862
f 1793//1793 1858//1858 1791//1791
f 1793//1793 1854//1854 1858//1858
f 1793//1793 1850//1850 1854//1854
f 1793//1793 1846//1846 1850//1850
f 1793//1793 1841//1841 1846//1846
f 1793//1793 1837//1837 1841//1841
f 1793//1793 1833//1833 1837//1837
f 1795//1795 1833//1833 1793//1793
f 1795//1795 1829//1829 1833//1833
f 1829//1829 1795//1795 1797//1797
f 1876//1876 1815//1815 1817//1817
f 1872//1872 1815//1815 1876//1876
f 1868//1868 1815//1815 1872//1872
f 1864//1864 1815//1815 1868//1868
f 1860//1860 1815//1815 1864//1864
f 1856//1856 1815//1815 1860//1860
f 1852//1852 1815//1815 1856//1856
f 1852//1852 1813//1813 1815//1815
f 1848//1848 1813//1813 1852//1852
f 1844//1844 1813//1813 1848//1848
f 1839//1839 1813//1813 1844//1844
f 1835//1835 1813//1813 1839//1839
f 1831//1831 1813//1813 1835//1835
f 1831//1831 1810//1810 1813//1813
f 1829//1829 1810//1810 1831//1831
f 1797//1797 1810//1810 1829//1829
f 1797//1797 1809//1809 1810//1810
f 1799//1799 1809//1809 1797//1797
f 1799//1799 1827//1827 1809//1809
f 1802//1802 1827//1827 1799//1799
f 1802//1802 1826//1826 1827//1827
f 1804//1804 1826//1826 1802//1802
f 1804//1804 1808//1808 1826//1826
f 1808//1808 1804//1804 1806//1806
f 1492//1492 1490//1490 1468//1468
f 1470//1470 1468//1468 1490//1490
f 1466//1466 1470//1470 1490//1490
f 1472//1472 1470//1470 1466//1466
f 1463//1463 1472//1472 1466//1466
f 1473//1473 1472//1472 1463//1463
f 1461//1461 1473//1473 1463//1463
f 1475//1475 1473//1473 1461//1461
f 1101//1101 1475//1475 1461//1461
f 1097//1097 1475//1475 1101//1101
f 1477//1477 1475//1475 1097//1097
f 1093//1093 1477//1477 1097//1097
f 1090//1090 1477//1477 1093//1093
f 1086//1086 1477//1477 1090//1090
f 1082//1082 1477//1477 1086//1086
f 1078//1078 1477//1477 1082//1082
f 1479//1479 1477//1477 1078//1078
f 1074//1074 1479//1479 1078//1078
f 1070//1070 1479//1479 1074//1074
f 1066//1066 1479//1479 1070//1070
f 1064//1064 1479//1479 1066//1066
f 1062//1062 1479//1479 1064//1064
f 1068//1068 1479//1479 1062//1062
f 1481//1481 1479//1479 1068//1068
f 1461//1461 1459//1459 1101//1101
f 1105//1105 1101//1101 1459//1459
f 1457//1457 1105//1105 1459//1459
f 1107//1107 1105//1105 1457//1457
f 1104//1104 1107//1107 1457//1457
f 1100//1100 1104//1104 1457//1457
f 1096//1096 1100//1100 1457//1457
f 1092//1092 1096//1096 1457//1457
f 1088//1088 1092//1092 1457//1457
f 1455//1455 1088//1088 1457//1457
f 1084//1084 1088//1088 1455//1455
f 1080//1080 1084//1084 1455//1455
f 1076//1076 1080//1080 1455//1455
f 1072//1072 1076//1076 1455//1455
f 1068//1068 1072//1072 1455//1455
f 1453//1453 1068//1068 1455//1455
f 1481//1481 1068//1068 1453//1453
f 1483//1483 1481//1481 1453//1453
f 1451//1451 1483//1483 1453//1453
f 1485//1485 1483//1483 1451//1451
f 1449//1449 1485//1485 1451//1451
f 1487//1487 1485//1485 1449//1449
f 1445//1445 1487//1487 1449//1449
f 1447//1447 1487//1487 1445//1445
f 1445//1445 1487//1487 1447//1447
f 1449//1449 1487//1487 1445//1445
f 1449//1449 1485//1485 1487//1487
f 1451//1451 1485//1485 1449//1449
f 1451//1451 1483//1483 1485//1485
f 1453//1453 1483//1483 1451//1451
f 1453//1453 1481//1481 1483//1483
f 1453//1453 1068//1068 1481//1481
f 1455//1455 1068//1068 1453//1453
f 1455//1455 1072//1072 1068//1068
f 1455//1455 1076//1076 1072//1072
f 1455//1455 1080//1080 1076//1076
f 1455//1455 1084//1084 1080//1080
f 1455//1455 1088//1088 1084//1084
f 1457//1457 1088//1088 1455//1455
f 1457//1457 1092//1092 1088//1088
f 1457//1457 1096//1096 1092//1092
f 1457//1457 1100//1100 1096//1096
f 1457//1457 1104//1104 1100//1100
f 1457//1457 1107//1107 1104//1104
f 1457//1457 1105//1105 1107//1107
f 1459//1459 1105//1105 1457//1457
f 1459//1459 1101//1101 1105//1105
f 1101//1101 1459//1459 1461//1461
f 1068//1068 1479//1479 1481//1481
f 1062//1062 1479//1479 1068//1068
f 1064//1064 1479//1479 1062//1062
f 1066//1066 1479//1479 1064//1064
f 1070//1070 1479//1479 1066//1066
f 1074//1074 1479//1479 1070//1070
f 1078//1078 1479//1479 1074//1074
f 1078//1078 1477//1477 1479//1479
f 1082//1082 1477//1477 1078//1078
f 1086//1086 1477//1477 1082//1082
f 1090//1090 1477//1477 1086//1086
f 1093//1093 1477//1477 1090//1090
f 1097//1097 1477//1477 1093//1093
f 1097//1097 1475//1475 1477//1477
f 1101//1101 1475//1475 1097//1097
f 1461//1461 1475//1475 1101//1101
f 1461//1461 1473//1473 1475//1475
f 1463//1463 1473//1473 1461//1461
f 1463//1463 1472//1472 1473//1473
f 1466//1466 1472//1472 1463//1463
f 1466//1466 1470//1470 1472//1472
f 1490//1490 1470//1470 1466//1466
f 1490//1490 1468//1468 1470//1470
f 1468//1468 1490//1490 1492//1492
f 1422//1422 1420//1420 1442//1442
f 1444//1444 1442//1442 1420//1420
f 1418//1418 1444//1444 1420//1420
f 1423//1423 1444//1444 1418//1418
f 1415//1415 1423//1423 1418//1418
f 1424//1424 1423//1423 1415//1415
f 1413//1413 1424//1424 1415//1415
f 1427//1427 1424//1424 1413//1413
f 893//893 1427//1427 1413//1413
f 889//889 1427//1427 893//893
f 1429//1429 1427//1427 889//889
f 885//885 1429//1429 889//889
f 882//882 1429//1429 885//885
f 878//878 1429//1429 882//882
f 874//874 1429//1429 878//878
f 870//870 1429//1429 874//874
f 1431//1431 1429//1429 870//870
f 866//866 1431//1431 870//870
f 862//862 1431//1431 866//866
f 860//860 1431//1431 862//862
f 858//858 1431//1431 860//860
f 864//864 1431//1431 858//858
f 868//868 1431//1431 864//864
f 1433//1433 1431//1431 868//868
f 1413//1413 1411//1411 893//893
f 897//897 893//893 1411//1411
f 1409//1409 897//897 1411//1411
f 901//901 897//897 1409//1409
f 904//904 901//901 1409//1409
f 900//900 904//904 1409//1409
f 896//896 900//900 1409//1409
f 892//892 896//896 1409//1409
f 888//888 892//892 1409//1409
f 1407//1407 888//888 1409//1409
f 884//884 888//888 1407//1407
f 880//880 884//884 1407//1407
f 876//876 880//880 1407//1407
f 872//872 876//876 1407//1407
f 868//868 872//872 1407//1407
f 1405//1405 868//868 1407//1407
f 1433//1433 868//868 1405//1405
f 1435//1435 1433//1433 1405//1405
f 1403//1403 1435//1435 1405//1405
f 1437//1437 1435//1435 1403//1403
f 1401//1401 1437//1437 1403//1403
f 1439//1439 1437//1437 1401//1401
f 1397//1397 1439//1439 1401//1401
f 1399//1399 1439//1439 1397//1397
f 1397//1397 1439//1439 1399//1399
f 1401//1401 1439//1439 1397//1397
f 1401//1401 1437//1437 1439//1439
f 1403//1403 1437//1437 1401//1401
f 1403//1403 1435//1435 1437//1437
f 1405//1405 1435//1435 1403//1403
f 1405//1405 1433//1433 1435//1435
f 1405//1405 868//868 1433//1433
f 1407//1407 868//868 1405//1405
f 1407//1407 872//872 868//868
f 1407//1407 876//876 872//872
f 1407//1407 880//880 876//876
f 1407//1407 884//884 880//880
f 1407//1407 888//888 884//884
f 1409//1409 888//888 1407//1407
f 1409//1409 892//892 888//888
f 1409//1409 896//896 892//892
f 1409//1409 900//900 896//896
f 1409//1409 904//904 900//900
f 1409//1409 901//901 904//904
f 1409//1409 897//897 901//901
f 1411//1411 897//897 1409//1409
f 1411//1411 893//893 897//897
f 893//893 1411//1411 1413//1413
f 868//868 1431//1431 1433//1433
f 864//864 1431//1431 868//868
f 858//858 1431//1431 864//864
f 860//860 1431//1431 858//858
f 862//862 1431//1431 860//860
f 866//866 1431//1431 862//862
f 870//870 1431//1431 866//866
f 870//870 1429//1429 1431//1431
f 874//874 1429//1429 870//870
f 878//878 1429//1429 874//874
f 882//882 1429//1429 878//878
f 885//885 1429//1429 882//882
f 889//889 1429//1429 885//885
f 889//889 1427//1427 1429//1429
f 893//893 1427//1427 889//889
f 1413//1413 1427//1427 893//893
f 1413//1413 1424//1424 1427//1427
f 1415//1415 1424//1424 1413//1413
f 1415//1415 1423//1423 1424//1424
f 1418//1418 1423//1423 1415//1415
f 1418//1418 1444//1444 1423//1423
f 1420//1420 1444//1444 1418//1418
f 1420//1420 1442//1442 1444//1444
f 1442//1442 1420//1420 1422//1422
f 183//183 181//181 182//182
f 180//180 182//182 181//181
f 179//179 180//180 181//181
f 178//178 180//180 179//179
f 177//177 178//178 179//179
f 176//176 178//178 177//177
f 175//175 176//176 177//177
f 174//174 176//176 175//175
f 173//173 174//174 175//175
f 172//172 174//174 173//173
f 171//171 172//172 173//173
f 170//170 172//172 171//171
f 169//169 170//170 171//171
f 168//168 170//170 169//169
f 167//167 168//168 169//169
f 166//166 168//168 167//167
f 165//165 166//166 167//167
f 164//164 166//166 165//165
f 163//163 164//164 165//165
f 161//161 164//164 163//163
f 160//160 161//161 163//163
f 162//162 161//161 160//160
f 237//237 232//232 236//236
f 235//235 236//236 232//232
f 233//233 235//235 232//232
f 234//234 233//233 232//232
f 243//243 242//242 238//238
f 241//241 238//238 242//242
f 240//240 238//238 241//241
f 239//239 238//238 240//240
f 234//234 238//238 239//239
f 232//232 238//238 234//234
f 249//249 237//237 248//248
f 236//236 248//248 237//237
f 247//247 248//248 236//236
f 246//246 247//247 236//236
f 244//244 246//246 236//236
f 245//245 244//244 236//236
f 249//249 248//248 238//238
f 251//251 238//238 248//248
f 250//250 238//238 251//251
f 243//243 238//238 250//250
f 207//207 205//205 206//206
f 204//204 206//206 205//205
f 203//203 204//204 205//205
f 202//202 204//204 203//203
f 201//201 202//202 203//203
f 200//200 202//202 201//201
f 199//199 200//200 201//201
f 198//198 200//200 199//199
f 197//197 198//198 199//199
f 196//196 198//198 197//197
f 195//195 196//196 197//197
f 194//194 196//196 195//195
f 193//193 194//194 195//195
f 192//192 194//194 193//193
f 191//191 192//192 193//193
f 190//190 192//192 191//191
f 189//189 190//190 191//191
f 188//188 190//190 189//189
f 187//187 188//188 189//189
f 185//185 188//188 187//187
f 184//184 185//185 187//187
f 186//186 185//185 184//184
f 97//97 244//244 962//962
f 244//244 97//97 99//99
f 963//963 97//97 962//962
f 97//97 963//963 94//94
f 92//92 963//963 246//246
f 963//963 92//92 94//94
f 962//962 867//867 963//963
f 962//962 863//863 867//867
f 962//962 857//857 863//863
f 962//962 859//859 857//857
f 962//962 861//861 859//859
f 962//962 865//865 861//861
f 962//962 869//869 865//865
f 962//962 873//873 869//869
f 890//890 244//244 894//894
f 886//886 244//244 890//890
f 881//881 244//244 886//886
f 877//877 244//244 881//881
f 873//873 244//244 877//877
f 244//244 873//873 962//962
f 871//871 963//963 867//867
f 875//875 963//963 871//871
f 879//879 963//963 875//875
f 883//883 963//963 879//879
f 887//887 963//963 883//883
f 891//891 963//963 887//887
f 895//895 963//963 891//891
f 244//244 898//898 894//894
f 244//244 902//902 898//898
f 244//244 903//903 902//902
f 244//244 899//899 903//903
f 895//895 246//246 963//963
f 899//899 246//246 895//895
f 246//246 899//899 244//244
f 90//90 82//82 91//91
f 84//84 91//91 82//82
f 89//89 82//82 90//90
f 88//88 82//82 89//89
f 81//81 82//82 88//88
f 87//87 84//84 82//82
f 2//2 84//84 87//87
f 3//3 84//84 2//2
f 86//86 84//84 3//3
f 83//83 84//84 86//86
f 85//85 84//84 83//83
f 79//79 80//80 81//81
f 82//82 81//81 80//80
f 2//2 80//80 79//79
f 78//78 2//2 79//79
f 77//77 2//2 78//78
f 76//76 2//2 77//77
f 75//75 2//2 76//76
f 74//74 2//2 75//75
f 73//73 2//2 74//74
f 55//55 2//2 73//73
f 72//72 55//55 73//73
f 71//71 55//55 72//72
f 68//68 55//55 71//71
f 70//70 68//68 71//71
f 69//69 68//68 70//70
f 67//67 68//68 69//69
f 63//63 68//68 67//67
f 66//66 63//63 67//67
f 65//65 63//63 66//66
f 64//64 63//63 65//65
f 62//62 63//63 64//64
f 59//59 63//63 62//62
f 61//61 59//59 62//62
f 60//60 59//59 61//61
f 56//56 59//59 60//60
f 57//57 59//59 56//56
f 58//58 57//57 56//56
f 54//54 2//2 55//55
f 53//53 2//2 54//54
f 52//52 2//2 53//53
f 51//51 2//2 52//52
f 50//50 2//2 51//51
f 49//49 2//2 50//50
f 48//48 2//2 49//49
f 47//47 2//2 48//48
f 46//46 2//2 47//47
f 45//45 2//2 46//46
f 30//30 2//2 45//45
f 44//44 30//30 45//45
f 42//42 30//30 44//44
f 43//43 42//42 44//44
f 41//41 42//42 43//43
f 39//39 42//42 41//41
f 40//40 39//39 41//41
f 38//38 39//39 40//40
f 36//36 39//39 38//38
f 37//37 36//36 38//38
f 35//35 36//36 37//37
f 32//32 36//36 35//35
f 34//34 32//32 35//35
f 31//31 32//32 34//34
f 33//33 32//32 31//31
f 29//29 2//2 30//30
f 28//28 2//2 29//29
f 27//27 2//2 28//28
f 26//26 2//2 27//27
f 25//25 2//2 26//26
f 24//24 2//2 25//25
f 23//23 2//2 24//24
f 22//22 2//2 23//23
f 21//21 2//2 22//22
f 20//20 2//2 21//21
f 19//19 2//2 20//20
f 18//18 2//2 19//19
f 17//17 2//2 18//18
f 16//16 2//2 17//17
f 15//15 2//2 16//16
f 14//14 2//2 15//15
f 13//13 2//2 14//14
f 12//12 2//2 13//13
f 11//11 2//2 12//12
f 10//10 2//2 11//11
f 9//9 2//2 10//10
f 8//8 2//2 9//9
f 7//7 2//2 8//8
f 6//6 2//2 7//7
f 5//5 2//2 6//6
f 4//4 2//2 5//5
f 1//1 2//2 4//4
f 3//3 2//2 1//1
f 91//91 84//84 397//397
f 451//451 397//397 84//84
f 1514//1514 1512//1512 1516//1516
f 1518//1518 1516//1516 1512//1512
f 1540//1540 1518//1518 1512//1512
f 1520//1520 1518//1518 1540//1540
f 1537//1537 1520//1520 1540//1540
f 1521//1521 1520//1520 1537//1537
f 1509//1509 1521//1521 1537//1537
f 1523//1523 1521//1521 1509//1509
f 1269//1269 1523//1523 1509//1509
f 1265//1265 1523//1523 1269//1269
f 1525//1525 1523//1523 1265//1265
f 1261//1261 1525//1525 1265//1265
f 1258//1258 1525//1525 1261//1261
f 1255//1255 1525//1525 1258//1258
f 1256//1256 1525//1525 1255//1255
f 1260//1260 1525//1525 1256//1256
f 1527//1527 1525//1525 1260//1260
f 1264//1264 1527//1527 1260//1260
f 1268//1268 1527//1527 1264//1264
f 1272//1272 1527//1527 1268//1268
f 1276//1276 1527//1527 1272//1272
f 1280//1280 1527//1527 1276//1276
f 1284//1284 1527//1527 1280//1280
f 1529//1529 1527//1527 1284//1284
f 1509//1509 1507//1507 1269//1269
f 1273//1273 1269//1269 1507//1507
f 1505//1505 1273//1273 1507//1507
f 1277//1277 1273//1273 1505//1505
f 1281//1281 1277//1277 1505//1505
f 1286//1286 1281//1281 1505//1505
f 1290//1290 1286//1286 1505//1505
f 1294//1294 1290//1290 1505//1505
f 1298//1298 1294//1294 1505//1505
f 1503//1503 1298//1298 1505//1505
f 1300//1300 1298//1298 1503//1503
f 1296//1296 1300//1300 1503//1503
f 1292//1292 1296//1296 1503//1503
f 1288//1288 1292//1292 1503//1503
f 1284//1284 1288//1288 1503//1503
f 1501//1501 1284//1284 1503//1503
f 1529//1529 1284//1284 1501//1501
f 1531//1531 1529//1529 1501//1501
f 1499//1499 1531//1531 1501//1501
f 1533//1533 1531//1531 1499//1499
f 1497//1497 1533//1533 1499//1499
f 1535//1535 1533//1533 1497//1497
f 1493//1493 1535//1535 1497//1497
f 1495//1495 1535//1535 1493//1493
f 1493//1493 1535//1535 1495//1495
f 1497//1497 1535//1535 1493//1493
f 1497//1497 1533//1533 1535//1535
f 1499//1499 1533//1533 1497//1497
f 1499//1499 1531//1531 1533//1533
f 1501//1501 1531//1531 1499//1499
f 1501//1501 1529//1529 1531//1531
f 1501//1501 1284//1284 1529//1529
f 1503//1503 1284//1284 1501//1501
f 1503//1503 1288//1288 1284//1284
f 1503//1503 1292//1292 1288//1288
f 1503//1503 1296//1296 1292//1292
f 1503//1503 1300//1300 1296//1296
f 1503//1503 1298//1298 1300//1300
f 1505//1505 1298//1298 1503//1503
f 1505//1505 1294//1294 1298//1298
f 1505//1505 1290//1290 1294//1294
f 1505//1505 1286//1286 1290//1290
f 1505//1505 1281//1281 1286//1286
f 1505//1505 1277//1277 1281//1281
f 1505//1505 1273//1273 1277//1277
f 1507//1507 1273//1273 1505//1505
f 1507//1507 1269//1269 1273//1273
f 1269//1269 1507//1507 1509//1509
f 1284//1284 1527//1527 1529//1529
f 1280//1280 1527//1527 1284//1284
f 1276//1276 1527//1527 1280//1280
f 1272//1272 1527//1527 1276//1276
f 1268//1268 1527//1527 1272//1272
f 1264//1264 1527//1527 1268//1268
f 1260//1260 1527//1527 1264//1264
f 1260//1260 1525//1525 1527//1527
f 1256//1256 1525//1525 1260//1260
f 1255//1255 1525//1525 1256//1256
f 1258//1258 1525//1525 1255//1255
f 1261//1261 1525//1525 1258//1258
f 1265//1265 1525//1525 1261//1261
f 1265//1265 1523//1523 1525//1525
f 1269//1269 1523//1523 1265//1265
f 1509//1509 1523//1523 1269//1269
f 1509//1509 1521//1521 1523//1523
f 1537//1537 1521//1521 1509//1509
f 1537//1537 1520//1520 1521//1521
f 1540//1540 1520//1520 1537//1537
f 1540//1540 1518//1518 1520//1520
f 1512//1512 1518//1518 1540//1540
f 1512//1512 1516//1516 1518//1518
f 1516//1516 1512//1512 1514//1514
f 735//735 733//733 730//730
f 728//728 730//730 733//733
f 725//725 730//730 728//728
f 720//720 725//725 728//728
f 716//716 720//720 728//728
f 723//723 716//716 728//728
f 713//713 716//716 723//723
f 717//717 713//713 723//723
f 710//710 713//713 717//717
f 714//714 710//710 717//717
f 707//707 710//710 714//714
f 711//711 707//707 714//714
f 704//704 707//707 711//711
f 708//708 704//704 711//711
f 701//701 704//704 708//708
f 698//698 701//701 708//708
f 705//705 698//698 708//708
f 695//695 698//698 705//705
f 702//702 695//695 705//705
f 692//692 695//695 702//702
f 699//699 692//692 702//702
f 689//689 692//692 699//699
f 696//696 689//689 699//699
f 685//685 689//689 696//696
f 693//693 685//685 696//696
f 679//679 685//685 693//693
f 690//690 679//679 693//693
f 678//678 679//679 690//690
f 683//683 678//678 690//690
f 687//687 683//683 690//690
f 964//964 106//106 235//235
f 106//106 964//964 98//98
f 236//236 964//964 235//235
f 964//964 236//236 245//245
f 96//96 964//964 245//245
f 964//964 96//96 98//98
f 856//856 574//574 855//855
f 308//308 574//574 856//856
f 574//574 308//308 309//309
f 840//840 855//855 574//574
f 394//394 855//855 840//840
f 855//855 394//394 396//396
f 224//224 217//217 219//219
f 217//217 224//224 226//226
f 229//229 222//222 221//221
f 222//222 229//229 231//231
f 966//966 967//967 968//968
f 967//967 966//966 965//965
f 970//970 965//965 966//966
f 965//965 970//970 969//969
f 972//972 969//969 970//970
f 969//969 972//972 971//971
f 973//973 972//972 974//974
f 972//972 973//973 971//971
f 975//975 974//974 976//976
f 974//974 975//975 973//973
f 977//977 976//976 978//978
f 976//976 977//977 975//975
f 979//979 978//978 980//980
f 978//978 979//979 977//977
f 981//981 980//980 982//982
f 980//980 981//981 979//979
f 983//983 982//982 984//984
f 982//982 983//983 981//981
f 983//983 985//985 986//986
f 985//985 983//983 984//984
f 986//986 987//987 988//988
f 987//987 986//986 985//985
f 988//988 989//989 990//990
f 989//989 988//988 987//987
f 990//990 991//991 992//992
f 991//991 990//990 989//989
f 992//992 993//993 994//994
f 993//993 992//992 991//991
f 994//994 995//995 996//996
f 995//995 994//994 993//993
f 997//997 995//995 998//998
f 995//995 997//997 996//996
f 999//999 998//998 1000//1000
f 998//998 999//999 997//997
f 1001//1001 1000//1000 1002//1002
f 1000//1000 1001//1001 999//999
f 1003//1003 1002//1002 1004//1004
f 1002//1002 1003//1003 1001//1001
f 1005//1005 1004//1004 1006//1006
f 1004//1004 1005//1005 1003//1003
f 1007//1007 1006//1006 1008//1008
f 1006//1006 1007//1007 1005//1005
f 1010//1010 1007//1007 1008//1008
f 1007//1007 1010//1010 1009//1009
f 1012//1012 1009//1009 1010//1010
f 1009//1009 1012//1012 1011//1011
f 968//968 1011//1011 1012//1012
f 1011//1011 968//968 967//967
f 1012//1012 966//966 968//968
f 1010//1010 966//966 1012//1012
f 1010//1010 970//970 966//966
f 1008//1008 970//970 1010//1010
f 1008//1008 972//972 970//970
f 1006//1006 972//972 1008//1008
f 1006//1006 974//974 972//972
f 1004//1004 974//974 1006//1006
f 1004//1004 976//976 974//974
f 1002//1002 976//976 1004//1004
f 1002//1002 978//978 976//976
f 1000//1000 978//978 1002//1002
f 1000//1000 980//980 978//978
f 998//998 980//980 1000//1000
f 998//998 982//982 980//980
f 995//995 982//982 998//998
f 995//995 984//984 982//982
f 993//993 984//984 995//995
f 993//993 985//985 984//984
f 991//991 985//985 993//993
f 991//991 987//987 985//985
f 987//987 991//991 989//989
f 1014//1014 1015//1015 1016//1016
f 1015//1015 1014//1014 1013//1013
f 1018//1018 1013//1013 1014//1014
f 1013//1013 1018//1018 1017//1017
f 1016//1016 1019//1019 1020//1020
f 1019//1019 1016//1016 1015//1015
f 1022//1022 1017//1017 1018//1018
f 1017//1017 1022//1022 1021//1021
f 1020//1020 1023//1023 1024//1024
f 1023//1023 1020//1020 1019//1019
f 1026//1026 1021//1021 1022//1022
f 1021//1021 1026//1026 1025//1025
f 1027//1027 1023//1023 1028//1028
f 1023//1023 1027//1027 1024//1024
f 1026//1026 1030//1030 1025//1025
f 1030//1030 1026//1026 1029//1029
f 1031//1031 1028//1028 1032//1032
f 1028//1028 1031//1031 1027//1027
f 1029//1029 1034//1034 1030//1030
f 1034//1034 1029//1029 1033//1033
f 1035//1035 1032//1032 1036//1036
f 1032//1032 1035//1035 1031//1031
f 1033//1033 1038//1038 1034//1034
f 1038//1038 1033//1033 1037//1037
f 1039//1039 1036//1036 1040//1040
f 1036//1036 1039//1039 1035//1035
f 1037//1037 1042//1042 1038//1038
f 1042//1042 1037//1037 1041//1041
f 1043//1043 1040//1040 1044//1044
f 1040//1040 1043//1043 1039//1039
f 1041//1041 1046//1046 1042//1042
f 1046//1046 1041//1041 1045//1045
f 1047//1047 1044//1044 1048//1048
f 1044//1044 1047//1047 1043//1043
f 1045//1045 1050//1050 1046//1046
f 1050//1050 1045//1045 1049//1049
f 1052//1052 1047//1047 1048//1048
f 1047//1047 1052//1052 1051//1051
f 1050//1050 1053//1053 1054//1054
f 1053//1053 1050//1050 1049//1049
f 1056//1056 1051//1051 1052//1052
f 1051//1051 1056//1056 1055//1055
f 1054//1054 1057//1057 1058//1058
f 1057//1057 1054//1054 1053//1053
f 1060//1060 1055//1055 1056//1056
f 1055//1055 1060//1060 1059//1059
f 1058//1058 1059//1059 1060//1060
f 1059//1059 1058//1058 1057//1057
f 1062//1062 1063//1063 1064//1064
f 1063//1063 1062//1062 1061//1061
f 1064//1064 1065//1065 1066//1066
f 1065//1065 1064//1064 1063//1063
f 1068//1068 1061//1061 1062//1062
f 1061//1061 1068//1068 1067//1067
f 1065//1065 1070//1070 1066//1066
f 1070//1070 1065//1065 1069//1069
f 1072//1072 1067//1067 1068//1068
f 1067//1067 1072//1072 1071//1071
f 1069//1069 1074//1074 1070//1070
f 1074//1074 1069//1069 1073//1073
f 1076//1076 1071//1071 1072//1072
f 1071//1071 1076//1076 1075//1075
f 1073//1073 1078//1078 1074//1074
f 1078//1078 1073//1073 1077//1077
f 1080//1080 1075//1075 1076//1076
f 1075//1075 1080//1080 1079//1079
f 1077//1077 1082//1082 1078//1078
f 1082//1082 1077//1077 1081//1081
f 1083//1083 1080//1080 1084//1084
f 1080//1080 1083//1083 1079//1079
f 1081//1081 1086//1086 1082//1082
f 1086//1086 1081//1081 1085//1085
f 1087//1087 1084//1084 1088//1088
f 1084//1084 1087//1087 1083//1083
f 1085//1085 1090//1090 1086//1086
f 1090//1090 1085//1085 1089//1089
f 1091//1091 1088//1088 1092//1092
f 1088//1088 1091//1091 1087//1087
f 1094//1094 1090//1090 1089//1089
f 1090//1090 1094//1094 1093//1093
f 1095//1095 1092//1092 1096//1096
f 1092//1092 1095//1095 1091//1091
f 1098//1098 1093//1093 1094//1094
f 1093//1093 1098//1098 1097//1097
f 1099//1099 1096//1096 1100//1100
f 1096//1096 1099//1099 1095//1095
f 1102//1102 1097//1097 1098//1098
f 1097//1097 1102//1102 1101//1101
f 1103//1103 1100//1100 1104//1104
f 1100//1100 1103//1103 1099//1099
f 1106//1106 1101//1101 1102//1102
f 1101//1101 1106//1106 1105//1105
f 1103//1103 1107//1107 1108//1108
f 1107//1107 1103//1103 1104//1104
f 1108//1108 1105//1105 1106//1106
f 1105//1105 1108//1108 1107//1107
f 1110//1110 1111//1111 1112//1112
f 1111//1111 1110//1110 1109//1109
f 1114//1114 1109//1109 1110//1110
f 1109//1109 1114//1114 1113//1113
f 1112//1112 1115//1115 1116//1116
f 1115//1115 1112//1112 1111//1111
f 1118//1118 1113//1113 1114//1114
f 1113//1113 1118//1118 1117//1117
f 1119//1119 1115//1115 1120//1120
f 1115//1115 1119//1119 1116//1116
f 1122//1122 1117//1117 1118//1118
f 1117//1117 1122//1122 1121//1121
f 1123//1123 1120//1120 1124//1124
f 1120//1120 1123//1123 1119//1119
f 1126//1126 1121//1121 1122//1122
f 1121//1121 1126//1126 1125//1125
f 1127//1127 1124//1124 1128//1128
f 1124//1124 1127//1127 1123//1123
f 1126//1126 1130//1130 1125//1125
f 1130//1130 1126//1126 1129//1129
f 1131//1131 1128//1128 1132//1132
f 1128//1128 1131//1131 1127//1127
f 1129//1129 1134//1134 1130//1130
f 1134//1134 1129//1129 1133//1133
f 1135//1135 1132//1132 1136//1136
f 1132//1132 1135//1135 1131//1131
f 1133//1133 1138//1138 1134//1134
f 1138//1138 1133//1133 1137//1137
f 1139//1139 1136//1136 1140//1140
f 1136//1136 1139//1139 1135//1135
f 1137//1137 1142//1142 1138//1138
f 1142//1142 1137//1137 1141//1141
f 1144//1144 1139//1139 1140//1140
f 1139//1139 1144//1144 1143//1143
f 1141//1141 1146//1146 1142//1142
f 1146//1146 1141//1141 1145//1145
f 1148//1148 1143//1143 1144//1144
f 1143//1143 1148//1148 1147//1147
f 1145//1145 1150//1150 1146//1146
f 1150//1150 1145//1145 1149//1149
f 1152//1152 1147//1147 1148//1148
f 1147//1147 1152//1152 1151//1151
f 1150//1150 1153//1153 1154//1154
f 1153//1153 1150//1150 1149//1149
f 1156//1156 1151//1151 1152//1152
f 1151//1151 1156//1156 1155//1155
f 1154//1154 1155//1155 1156//1156
f 1155//1155 1154//1154 1153//1153
f 1158//1158 1159//1159 1160//1160
f 1159//1159 1158//1158 1157//1157
f 1162//1162 1157//1157 1158//1158
f 1157//1157 1162//1162 1161//1161
f 1160//1160 1163//1163 1164//1164
f 1163//1163 1160//1160 1159//1159
f 1166//1166 1161//1161 1162//1162
f 1161//1161 1166//1166 1165//1165
f 1167//1167 1163//1163 1168//1168
f 1163//1163 1167//1167 1164//1164
f 1170//1170 1165//1165 1166//1166
f 1165//1165 1170//1170 1169//1169
f 1171//1171 1168//1168 1172//1172
f 1168//1168 1171//1171 1167//1167
f 1174//1174 1169//1169 1170//1170
f 1169//1169 1174//1174 1173//1173
f 1175//1175 1172//1172 1176//1176
f 1172//1172 1175//1175 1171//1171
f 1174//1174 1178//1178 1173//1173
f 1178//1178 1174//1174 1177//1177
f 1179//1179 1176//1176 1180//1180
f 1176//1176 1179//1179 1175//1175
f 1177//1177 1182//1182 1178//1178
f 1182//1182 1177//1177 1181//1181
f 1183//1183 1180//1180 1184//1184
f 1180//1180 1183//1183 1179//1179
f 1181//1181 1186//1186 1182//1182
f 1186//1186 1181//1181 1185//1185
f 1187//1187 1184//1184 1188//1188
f 1184//1184 1187//1187 1183//1183
f 1185//1185 1190//1190 1186//1186
f 1190//1190 1185//1185 1189//1189
f 1192//1192 1187//1187 1188//1188
f 1187//1187 1192//1192 1191//1191
f 1189//1189 1194//1194 1190//1190
f 1194//1194 1189//1189 1193//1193
f 1196//1196 1191//1191 1192//1192
f 1191//1191 1196//1196 1195//1195
f 1193//1193 1198//1198 1194//1194
f 1198//1198 1193//1193 1197//1197
f 1200//1200 1195//1195 1196//1196
f 1195//1195 1200//1200 1199//1199
f 1198//1198 1201//1201 1202//1202
f 1201//1201 1198//1198 1197//1197
f 1204//1204 1199//1199 1200//1200
f 1199//1199 1204//1204 1203//1203
f 1202//1202 1203//1203 1204//1204
f 1203//1203 1202//1202 1201//1201
f 1206//1206 1207//1207 1208//1208
f 1207//1207 1206//1206 1205//1205
f 1210//1210 1205//1205 1206//1206
f 1205//1205 1210//1210 1209//1209
f 1212//1212 1209//1209 1210//1210
f 1209//1209 1212//1212 1211//1211
f 1213//1213 1212//1212 1214//1214
f 1212//1212 1213//1213 1211//1211
f 1215//1215 1214//1214 1216//1216
f 1214//1214 1215//1215 1213//1213
f 1217//1217 1216//1216 1218//1218
f 1216//1216 1217//1217 1215//1215
f 1219//1219 1218//1218 1220//1220
f 1218//1218 1219//1219 1217//1217
f 1221//1221 1220//1220 1222//1222
f 1220//1220 1221//1221 1219//1219
f 1223//1223 1222//1222 1224//1224
f 1222//1222 1223//1223 1221//1221
f 1223//1223 1225//1225 1226//1226
f 1225//1225 1223//1223 1224//1224
f 1226//1226 1227//1227 1228//1228
f 1227//1227 1226//1226 1225//1225
f 1228//1228 1229//1229 1230//1230
f 1229//1229 1228//1228 1227//1227
f 1230//1230 1231//1231 1232//1232
f 1231//1231 1230//1230 1229//1229
f 1234//1234 1235//1235 1236//1236
f 1235//1235 1234//1234 1233//1233
f 1237//1237 1236//1236 1238//1238
f 1236//1236 1237//1237 1234//1234
f 1239//1239 1238//1238 1240//1240
f 1238//1238 1239//1239 1237//1237
f 1241//1241 1240//1240 1242//1242
f 1240//1240 1241//1241 1239//1239
f 1243//1243 1242//1242 1244//1244
f 1242//1242 1243//1243 1241//1241
f 1246//1246 1243//1243 1244//1244
f 1243//1243 1246//1246 1245//1245
f 1248//1248 1245//1245 1246//1246
f 1245//1245 1248//1248 1247//1247
f 1208//1208 1247//1247 1248//1248
f 1247//1247 1208//1208 1207//1207
f 1232//1232 1249//1249 1250//1250
f 1249//1249 1232//1232 1231//1231
f 1233//1233 1252//1252 1235//1235
f 1252//1252 1233//1233 1251//1251
f 1248//1248 1206//1206 1208//1208
f 1246//1246 1206//1206 1248//1248
f 1246//1246 1210//1210 1206//1206
f 1244//1244 1210//1210 1246//1246
f 1244//1244 1212//1212 1210//1210
f 1242//1242 1212//1212 1244//1244
f 1242//1242 1214//1214 1212//1212
f 1240//1240 1214//1214 1242//1242
f 1240//1240 1216//1216 1214//1214
f 1238//1238 1216//1216 1240//1240
f 1238//1238 1218//1218 1216//1216
f 1236//1236 1218//1218 1238//1238
f 1236//1236 1220//1220 1218//1218
f 1235//1235 1220//1220 1236//1236
f 1235//1235 1222//1222 1220//1220
f 1252//1252 1222//1222 1235//1235
f 1252//1252 1224//1224 1222//1222
f 1249//1249 1224//1224 1252//1252
f 1249//1249 1225//1225 1224//1224
f 1231//1231 1225//1225 1249//1249
f 1231//1231 1227//1227 1225//1225
f 1227//1227 1231//1231 1229//1229
f 1250//1250 1252//1252 1251//1251
f 1252//1252 1250//1250 1249//1249
f 1254//1254 1255//1255 1256//1256
f 1255//1255 1254//1254 1253//1253
f 1253//1253 1258//1258 1255//1255
f 1258//1258 1253//1253 1257//1257
f 1259//1259 1256//1256 1260//1260
f 1256//1256 1259//1259 1254//1254
f 1262//1262 1258//1258 1257//1257
f 1258//1258 1262//1262 1261//1261
f 1263//1263 1260//1260 1264//1264
f 1260//1260 1263//1263 1259//1259
f 1266//1266 1261//1261 1262//1262
f 1261//1261 1266//1266 1265//1265
f 1267//1267 1264//1264 1268//1268
f 1264//1264 1267//1267 1263//1263
f 1270//1270 1265//1265 1266//1266
f 1265//1265 1270//1270 1269//1269
f 1271//1271 1268//1268 1272//1272
f 1268//1268 1271//1271 1267//1267
f 1274//1274 1269//1269 1270//1270
f 1269//1269 1274//1274 1273//1273
f 1276//1276 1271//1271 1272//1272
f 1271//1271 1276//1276 1275//1275
f 1278//1278 1273//1273 1274//1274
f 1273//1273 1278//1278 1277//1277
f 1280//1280 1275//1275 1276//1276
f 1275//1275 1280//1280 1279//1279
f 1282//1282 1277//1277 1278//1278
f 1277//1277 1282//1282 1281//1281
f 1284//1284 1279//1279 1280//1280
f 1279//1279 1284//1284 1283//1283
f 1282//1282 1286//1286 1281//1281
f 1286//1286 1282//1282 1285//1285
f 1288//1288 1283//1283 1284//1284
f 1283//1283 1288//1288 1287//1287
f 1285//1285 1290//1290 1286//1286
f 1290//1290 1285//1285 1289//1289
f 1292//1292 1287//1287 1288//1288
f 1287//1287 1292//1292 1291//1291
f 1289//1289 1294//1294 1290//1290
f 1294//1294 1289//1289 1293//1293
f 1296//1296 1291//1291 1292//1292
f 1291//1291 1296//1296 1295//1295
f 1293//1293 1298//1298 1294//1294
f 1298//1298 1293//1293 1297//1297
f 1299//1299 1296//1296 1300//1300
f 1296//1296 1299//1299 1295//1295
f 1297//1297 1300//1300 1298//1298
f 1300//1300 1297//1297 1299//1299
f 1302//1302 1303//1303 1304//1304
f 1303//1303 1302//1302 1301//1301
f 1301//1301 1306//1306 1303//1303
f 1306//1306 1301//1301 1305//1305
f 1307//1307 1304//1304 1308//1308
f 1304//1304 1307//1307 1302//1302
f 1305//1305 1310//1310 1306//1306
f 1310//1310 1305//1305 1309//1309
f 1312//1312 1307//1307 1308//1308
f 1307//1307 1312//1312 1311//1311
f 1309//1309 1314//1314 1310//1310
f 1314//1314 1309//1309 1313//1313
f 1316//1316 1311//1311 1312//1312
f 1311//1311 1316//1316 1315//1315
f 1313//1313 1318//1318 1314//1314
f 1318//1318 1313//1313 1317//1317
f 1320//1320 1315//1315 1316//1316
f 1315//1315 1320//1320 1319//1319
f 1322//1322 1318//1318 1317//1317
f 1318//1318 1322//1322 1321//1321
f 1324//1324 1319//1319 1320//1320
f 1319//1319 1324//1324 1323//1323
f 1326//1326 1321//1321 1322//1322
f 1321//1321 1326//1326 1325//1325
f 1328//1328 1323//1323 1324//1324
f 1323//1323 1328//1328 1327//1327
f 1330//1330 1325//1325 1326//1326
f 1325//1325 1330//1330 1329//1329
f 1332//1332 1327//1327 1328//1328
f 1327//1327 1332//1332 1331//1331
f 1334//1334 1329//1329 1330//1330
f 1329//1329 1334//1334 1333//1333
f 1335//1335 1332//1332 1336//1336
f 1332//1332 1335//1335 1331//1331
f 1338//1338 1333//1333 1334//1334
f 1333//1333 1338//1338 1337//1337
f 1339//1339 1336//1336 1340//1340
f 1336//1336 1339//1339 1335//1335
f 1342//1342 1337//1337 1338//1338
f 1337//1337 1342//1342 1341//1341
f 1343//1343 1340//1340 1344//1344
f 1340//1340 1343//1343 1339//1339
f 1342//1342 1346//1346 1341//1341
f 1346//1346 1342//1342 1345//1345
f 1347//1347 1344//1344 1348//1348
f 1344//1344 1347//1347 1343//1343
f 1345//1345 1348//1348 1346//1346
f 1348//1348 1345//1345 1347//1347
f 1350//1350 1351//1351 1352//1352
f 1351//1351 1350//1350 1349//1349
f 1352//1352 1353//1353 1354//1354
f 1353//1353 1352//1352 1351//1351
f 1355//1355 1350//1350 1356//1356
f 1350//1350 1355//1355 1349//1349
f 1354//1354 1357//1357 1358//1358
f 1357//1357 1354//1354 1353//1353
f 1359//1359 1356//1356 1360//1360
f 1356//1356 1359//1359 1355//1355
f 1358//1358 1361//1361 1362//1362
f 1361//1361 1358//1358 1357//1357
f 1363//1363 1360//1360 1364//1364
f 1360//1360 1363//1363 1359//1359
f 1362//1362 1365//1365 1366//1366
f 1365//1365 1362//1362 1361//1361
f 1367//1367 1364//1364 1368//1368
f 1364//1364 1367//1367 1363//1363
f 1366//1366 1369//1369 1370//1370
f 1369//1369 1366//1366 1365//1365
f 1371//1371 1368//1368 1372//1372
f 1368//1368 1371//1371 1367//1367
f 1369//1369 1374//1374 1370//1370
f 1374//1374 1369//1369 1373//1373
f 1375//1375 1372//1372 1376//1376
f 1372//1372 1375//1375 1371//1371
f 1373//1373 1378//1378 1374//1374
f 1378//1378 1373//1373 1377//1377
f 1375//1375 1379//1379 1380//1380
f 1379//1379 1375//1375 1376//1376
f 1377//1377 1382//1382 1378//1378
f 1382//1382 1377//1377 1381//1381
f 1380//1380 1383//1383 1384//1384
f 1383//1383 1380//1380 1379//1379
f 1381//1381 1386//1386 1382//1382
f 1386//1386 1381//1381 1385//1385
f 1384//1384 1387//1387 1388//1388
f 1387//1387 1384//1384 1383//1383
f 1385//1385 1390//1390 1386//1386
f 1390//1390 1385//1385 1389//1389
f 1388//1388 1391//1391 1392//1392
f 1391//1391 1388//1388 1387//1387
f 1389//1389 1394//1394 1390//1390
f 1394//1394 1389//1389 1393//1393
f 1392//1392 1395//1395 1396//1396
f 1395//1395 1392//1392 1391//1391
f 1396//1396 1394//1394 1393//1393
f 1394//1394 1396//1396 1395//1395
f 858//858 859//859 860//860
f 859//859 858//858 857//857
f 859//859 862//862 860//860
f 862//862 859//859 861//861
f 864//864 857//857 858//858
f 857//857 864//864 863//863
f 861//861 866//866 862//862
f 866//866 861//861 865//865
f 868//868 863//863 864//864
f 863//863 868//868 867//867
f 865//865 870//870 866//866
f 870//870 865//865 869//869
f 872//872 867//867 868//868
f 867//867 872//872 871//871
f 869//869 874//874 870//870
f 874//874 869//869 873//873
f 876//876 871//871 872//872
f 871//871 876//876 875//875
f 873//873 878//878 874//874
f 878//878 873//873 877//877
f 880//880 875//875 876//876
f 875//875 880//880 879//879
f 877//877 882//882 878//878
f 882//882 877//877 881//881
f 883//883 880//880 884//884
f 880//880 883//883 879//879
f 886//886 882//882 881//881
f 882//882 886//886 885//885
f 887//887 884//884 888//888
f 884//884 887//887 883//883
f 890//890 885//885 886//886
f 885//885 890//890 889//889
f 891//891 888//888 892//892
f 888//888 891//891 887//887
f 894//894 889//889 890//890
f 889//889 894//894 893//893
f 895//895 892//892 896//896
f 892//892 895//895 891//891
f 898//898 893//893 894//894
f 893//893 898//898 897//897
f 899//899 896//896 900//900
f 896//896 899//899 895//895
f 902//902 897//897 898//898
f 897//897 902//902 901//901
f 903//903 900//900 904//904
f 900//900 903//903 899//899
f 903//903 901//901 902//902
f 901//901 903//903 904//904
f 1398//1398 1399//1399 1400//1400
f 1399//1399 1398//1398 1397//1397
f 1402//1402 1397//1397 1398//1398
f 1397//1397 1402//1402 1401//1401
f 1404//1404 1401//1401 1402//1402
f 1401//1401 1404//1404 1403//1403
f 1405//1405 1404//1404 1406//1406
f 1404//1404 1405//1405 1403//1403
f 1407//1407 1406//1406 1408//1408
f 1406//1406 1407//1407 1405//1405
f 1409//1409 1408//1408 1410//1410
f 1408//1408 1409//1409 1407//1407
f 1411//1411 1410//1410 1412//1412
f 1410//1410 1411//1411 1409//1409
f 1413//1413 1412//1412 1414//1414
f 1412//1412 1413//1413 1411//1411
f 1415//1415 1414//1414 1416//1416
f 1414//1414 1415//1415 1413//1413
f 1415//1415 1417//1417 1418//1418
f 1417//1417 1415//1415 1416//1416
f 1418//1418 1419//1419 1420//1420
f 1419//1419 1418//1418 1417//1417
f 1420//1420 1421//1421 1422//1422
f 1421//1421 1420//1420 1419//1419
f 1424//1424 1425//1425 1426//1426
f 1425//1425 1424//1424 1423//1423
f 1427//1427 1426//1426 1428//1428
f 1426//1426 1427//1427 1424//1424
f 1429//1429 1428//1428 1430//1430
f 1428//1428 1429//1429 1427//1427
f 1431//1431 1430//1430 1432//1432
f 1430//1430 1431//1431 1429//1429
f 1433//1433 1432//1432 1434//1434
f 1432//1432 1433//1433 1431//1431
f 1435//1435 1434//1434 1436//1436
f 1434//1434 1435//1435 1433//1433
f 1438//1438 1435//1435 1436//1436
f 1435//1435 1438//1438 1437//1437
f 1440//1440 1437//1437 1438//1438
f 1437//1437 1440//1440 1439//1439
f 1400//1400 1439//1439 1440//1440
f 1439//1439 1400//1400 1399//1399
f 1422//1422 1441//1441 1442//1442
f 1441//1441 1422//1422 1421//1421
f 1444//1444 1425//1425 1423//1423
f 1425//1425 1444//1444 1443//1443
f 1440//1440 1398//1398 1400//1400
f 1438//1438 1398//1398 1440//1440
f 1438//1438 1402//1402 1398//1398
f 1436//1436 1402//1402 1438//1438
f 1436//1436 1404//1404 1402//1402
f 1434//1434 1404//1404 1436//1436
f 1434//1434 1406//1406 1404//1404
f 1432//1432 1406//1406 1434//1434
f 1432//1432 1408//1408 1406//1406
f 1430//1430 1408//1408 1432//1432
f 1430//1430 1410//1410 1408//1408
f 1428//1428 1410//1410 1430//1430
f 1428//1428 1412//1412 1410//1410
f 1426//1426 1412//1412 1428//1428
f 1426//1426 1414//1414 1412//1412
f 1425//1425 1414//1414 1426//1426
f 1425//1425 1416//1416 1414//1414
f 1443//1443 1416//1416 1425//1425
f 1443//1443 1417//1417 1416//1416
f 1441//1441 1417//1417 1443//1443
f 1441//1441 1419//1419 1417//1417
f 1419//1419 1441//1441 1421//1421
f 1442//1442 1443//1443 1444//1444
f 1443//1443 1442//1442 1441//1441
f 1446//1446 1447//1447 1448//1448
f 1447//1447 1446//1446 1445//1445
f 1450//1450 1445//1445 1446//1446
f 1445//1445 1450//1450 1449//1449
f 1452//1452 1449//1449 1450//1450
f 1449//1449 1452//1452 1451//1451
f 1453//1453 1452//1452 1454//1454
f 1452//1452 1453//1453 1451//1451
f 1455//1455 1454//1454 1456//1456
f 1454//1454 1455//1455 1453//1453
f 1457//1457 1456//1456 1458//1458
f 1456//1456 1457//1457 1455//1455
f 1459//1459 1458//1458 1460//1460
f 1458//1458 1459//1459 1457//1457
f 1461//1461 1460//1460 1462//1462
f 1460//1460 1461//1461 1459//1459
f 1463//1463 1462//1462 1464//1464
f 1462//1462 1463//1463 1461//1461
f 1463//1463 1465//1465 1466//1466
f 1465//1465 1463//1463 1464//1464
f 1468//1468 1469//1469 1470//1470
f 1469//1469 1468//1468 1467//1467
f 1470//1470 1471//1471 1472//1472
f 1471//1471 1470//1470 1469//1469
f 1473//1473 1471//1471 1474//1474
f 1471//1471 1473//1473 1472//1472
f 1475//1475 1474//1474 1476//1476
f 1474//1474 1475//1475 1473//1473
f 1477//1477 1476//1476 1478//1478
f 1476//1476 1477//1477 1475//1475
f 1479//1479 1478//1478 1480//1480
f 1478//1478 1479//1479 1477//1477
f 1481//1481 1480//1480 1482//1482
f 1480//1480 1481//1481 1479//1479
f 1483//1483 1482//1482 1484//1484
f 1482//1482 1483//1483 1481//1481
f 1486//1486 1483//1483 1484//1484
f 1483//1483 1486//1486 1485//1485
f 1488//1488 1485//1485 1486//1486
f 1485//1485 1488//1488 1487//1487
f 1448//1448 1487//1487 1488//1488
f 1487//1487 1448//1448 1447//1447
f 1466//1466 1489//1489 1490//1490
f 1489//1489 1466//1466 1465//1465
f 1492//1492 1467//1467 1468//1468
f 1467//1467 1492//1492 1491//1491
f 1488//1488 1446//1446 1448//1448
f 1486//1486 1446//1446 1488//1488
f 1486//1486 1450//1450 1446//1446
f 1484//1484 1450//1450 1486//1486
f 1484//1484 1452//1452 1450//1450
f 1482//1482 1452//1452 1484//1484
f 1482//1482 1454//1454 1452//1452
f 1480//1480 1454//1454 1482//1482
f 1480//1480 1456//1456 1454//1454
f 1478//1478 1456//1456 1480//1480
f 1478//1478 1458//1458 1456//1456
f 1476//1476 1458//1458 1478//1478
f 1476//1476 1460//1460 1458//1458
f 1474//1474 1460//1460 1476//1476
f 1474//1474 1462//1462 1460//1460
f 1471//1471 1462//1462 1474//1474
f 1471//1471 1464//1464 1462//1462
f 1469//1469 1464//1464 1471//1471
f 1469//1469 1465//1465 1464//1464
f 1467//1467 1465//1465 1469//1469
f 1467//1467 1489//1489 1465//1465
f 1489//1489 1467//1467 1491//1491
f 1490//1490 1491//1491 1492//1492
f 1491//1491 1490//1490 1489//1489
f 1494//1494 1495//1495 1496//1496
f 1495//1495 1494//1494 1493//1493
f 1498//1498 1493//1493 1494//1494
f 1493//1493 1498//1498 1497//1497
f 1500//1500 1497//1497 1498//1498
f 1497//1497 1500//1500 1499//1499
f 1501//1501 1500//1500 1502//1502
f 1500//1500 1501//1501 1499//1499
f 1503//1503 1502//1502 1504//1504
f 1502//1502 1503//1503 1501//1501
f 1505//1505 1504//1504 1506//1506
f 1504//1504 1505//1505 1503//1503
f 1507//1507 1506//1506 1508//1508
f 1506//1506 1507//1507 1505//1505
f 1509//1509 1508//1508 1510//1510
f 1508//1508 1509//1509 1507//1507
f 1512//1512 1513//1513 1514//1514
f 1513//1513 1512//1512 1511//1511
f 1514//1514 1515//1515 1516//1516
f 1515//1515 1514//1514 1513//1513
f 1516//1516 1517//1517 1518//1518
f 1517//1517 1516//1516 1515//1515
f 1518//1518 1519//1519 1520//1520
f 1519//1519 1518//1518 1517//1517
f 1521//1521 1519//1519 1522//1522
f 1519//1519 1521//1521 1520//1520
f 1523//1523 1522//1522 1524//1524
f 1522//1522 1523//1523 1521//1521
f 1525//1525 1524//1524 1526//1526
f 1524//1524 1525//1525 1523//1523
f 1527//1527 1526//1526 1528//1528
f 1526//1526 1527//1527 1525//1525
f 1529//1529 1528//1528 1530//1530
f 1528//1528 1529//1529 1527//1527
f 1531//1531 1530//1530 1532//1532
f 1530//1530 1531//1531 1529//1529
f 1534//1534 1531//1531 1532//1532
f 1531//1531 1534//1534 1533//1533
f 1536//1536 1533//1533 1534//1534
f 1533//1533 1536//1536 1535//1535
f 1496//1496 1535//1535 1536//1536
f 1535//1535 1496//1496 1495//1495
f 1537//1537 1510//1510 1538//1538
f 1510//1510 1537//1537 1509//1509
f 1540//1540 1511//1511 1512//1512
f 1511//1511 1540//1540 1539//1539
f 1536//1536 1494//1494 1496//1496
f 1534//1534 1494//1494 1536//1536
f 1534//1534 1498//1498 1494//1494
f 1532//1532 1498//1498 1534//1534
f 1532//1532 1500//1500 1498//1498
f 1530//1530 1500//1500 1532//1532
f 1530//1530 1502//1502 1500//1500
f 1528//1528 1502//1502 1530//1530
f 1528//1528 1504//1504 1502//1502
f 1526//1526 1504//1504 1528//1528
f 1526//1526 1506//1506 1504//1504
f 1524//1524 1506//1506 1526//1526
f 1524//1524 1508//1508 1506//1506
f 1522//1522 1508//1508 1524//1524
f 1522//1522 1510//1510 1508//1508
f 1519//1519 1510//1510 1522//1522
f 1519//1519 1538//1538 1510//1510
f 1517//1517 1538//1538 1519//1519
f 1517//1517 1539//1539 1538//1538
f 1515//1515 1539//1539 1517//1517
f 1515//1515 1511//1511 1539//1539
f 1511//1511 1515//1515 1513//1513
f 1537//1537 1539//1539 1540//1540
f 1539//1539 1537//1537 1538//1538
f 1542//1542 1543//1543 1544//1544
f 1543//1543 1542//1542 1541//1541
f 1546//1546 1541//1541 1542//1542
f 1541//1541 1546//1546 1545//1545
f 1548//1548 1549//1549 1550//1550
f 1549//1549 1548//1548 1547//1547
f 1551//1551 1550//1550 1552//1552
f 1550//1550 1551//1551 1548//1548
f 1553//1553 1552//1552 1554//1554
f 1552//1552 1553//1553 1551//1551
f 1555//1555 1554//1554 1556//1556
f 1554//1554 1555//1555 1553//1553
f 1555//1555 1557//1557 1558//1558
f 1557//1557 1555//1555 1556//1556
f 1558//1558 1559//1559 1560//1560
f 1559//1559 1558//1558 1557//1557
f 1560//1560 1561//1561 1562//1562
f 1561//1561 1560//1560 1559//1559
f 1562//1562 1563//1563 1564//1564
f 1563//1563 1562//1562 1561//1561
f 1564//1564 1565//1565 1566//1566
f 1565//1565 1564//1564 1563//1563
f 1566//1566 1567//1567 1568//1568
f 1567//1567 1566//1566 1565//1565
f 1569//1569 1567//1567 1570//1570
f 1567//1567 1569//1569 1568//1568
f 1571//1571 1570//1570 1572//1572
f 1570//1570 1571//1571 1569//1569
f 1573//1573 1572//1572 1574//1574
f 1572//1572 1573//1573 1571//1571
f 1575//1575 1574//1574 1576//1576
f 1574//1574 1575//1575 1573//1573
f 1577//1577 1576//1576 1578//1578
f 1576//1576 1577//1577 1575//1575
f 1579//1579 1578//1578 1580//1580
f 1578//1578 1579//1579 1577//1577
f 1582//1582 1579//1579 1580//1580
f 1579//1579 1582//1582 1581//1581
f 1584//1584 1581//1581 1582//1582
f 1581//1581 1584//1584 1583//1583
f 1544//1544 1583//1583 1584//1584
f 1583//1583 1544//1544 1543//1543
f 1586//1586 1545//1545 1546//1546
f 1545//1545 1586//1586 1585//1585
f 1547//1547 1588//1588 1549//1549
f 1588//1588 1547//1547 1587//1587
f 1584//1584 1542//1542 1544//1544
f 1582//1582 1542//1542 1584//1584
f 1582//1582 1546//1546 1542//1542
f 1580//1580 1546//1546 1582//1582
f 1580//1580 1586//1586 1546//1546
f 1578//1578 1586//1586 1580//1580
f 1578//1578 1588//1588 1586//1586
f 1576//1576 1588//1588 1578//1578
f 1576//1576 1549//1549 1588//1588
f 1574//1574 1549//1549 1576//1576
f 1574//1574 1550//1550 1549//1549
f 1572//1572 1550//1550 1574//1574
f 1572//1572 1552//1552 1550//1550
f 1570//1570 1552//1552 1572//1572
f 1570//1570 1554//1554 1552//1552
f 1567//1567 1554//1554 1570//1570
f 1567//1567 1556//1556 1554//1554
f 1565//1565 1556//1556 1567//1567
f 1565//1565 1557//1557 1556//1556
f 1563//1563 1557//1557 1565//1565
f 1563//1563 1559//1559 1557//1557
f 1559//1559 1563//1563 1561//1561
f 1587//1587 1586//1586 1588//1588
f 1586//1586 1587//1587 1585//1585
f 1590//1590 1591//1591 1592//1592
f 1591//1591 1590//1590 1589//1589
f 1594//1594 1589//1589 1590//1590
f 1589//1589 1594//1594 1593//1593
f 1596//1596 1593//1593 1594//1594
f 1593//1593 1596//1596 1595//1595
f 1597//1597 1596//1596 1598//1598
f 1596//1596 1597//1597 1595//1595
f 1599//1599 1598//1598 1600//1600
f 1598//1598 1599//1599 1597//1597
f 1601//1601 1600//1600 1602//1602
f 1600//1600 1601//1601 1599//1599
f 1603//1603 1602//1602 1604//1604
f 1602//1602 1603//1603 1601//1601
f 1605//1605 1604//1604 1606//1606
f 1604//1604 1605//1605 1603//1603
f 1607//1607 1606//1606 1608//1608
f 1606//1606 1607//1607 1605//1605
f 1607//1607 1609//1609 1610//1610
f 1609//1609 1607//1607 1608//1608
f 1610//1610 1611//1611 1612//1612
f 1611//1611 1610//1610 1609//1609
f 1612//1612 1613//1613 1614//1614
f 1613//1613 1612//1612 1611//1611
f 1614//1614 1615//1615 1616//1616
f 1615//1615 1614//1614 1613//1613
f 1618//1618 1619//1619 1620//1620
f 1619//1619 1618//1618 1617//1617
f 1621//1621 1620//1620 1622//1622
f 1620//1620 1621//1621 1618//1618
f 1623//1623 1622//1622 1624//1624
f 1622//1622 1623//1623 1621//1621
f 1625//1625 1624//1624 1626//1626
f 1624//1624 1625//1625 1623//1623
f 1627//1627 1626//1626 1628//1628
f 1626//1626 1627//1627 1625//1625
f 1630//1630 1627//1627 1628//1628
f 1627//1627 1630//1630 1629//1629
f 1632//1632 1629//1629 1630//1630
f 1629//1629 1632//1632 1631//1631
f 1592//1592 1631//1631 1632//1632
f 1631//1631 1592//1592 1591//1591
f 1616//1616 1633//1633 1634//1634
f 1633//1633 1616//1616 1615//1615
f 1617//1617 1636//1636 1619//1619
f 1636//1636 1617//1617 1635//1635
f 1632//1632 1590//1590 1592//1592
f 1630//1630 1590//1590 1632//1632
f 1630//1630 1594//1594 1590//1590
f 1628//1628 1594//1594 1630//1630
f 1628//1628 1596//1596 1594//1594
f 1626//1626 1596//1596 1628//1628
f 1626//1626 1598//1598 1596//1596
f 1624//1624 1598//1598 1626//1626
f 1624//1624 1600//1600 1598//1598
f 1622//1622 1600//1600 1624//1624
f 1622//1622 1602//1602 1600//1600
f 1620//1620 1602//1602 1622//1622
f 1620//1620 1604//1604 1602//1602
f 1619//1619 1604//1604 1620//1620
f 1619//1619 1606//1606 1604//1604
f 1636//1636 1606//1606 1619//1619
f 1636//1636 1608//1608 1606//1606
f 1633//1633 1608//1608 1636//1636
f 1633//1633 1609//1609 1608//1608
f 1615//1615 1609//1609 1633//1633
f 1615//1615 1611//1611 1609//1609
f 1611//1611 1615//1615 1613//1613
f 1634//1634 1636//1636 1635//1635
f 1636//1636 1634//1634 1633//1633
f 1638//1638 1639//1639 1640//1640
f 1639//1639 1638//1638 1637//1637
f 1642//1642 1637//1637 1638//1638
f 1637//1637 1642//1642 1641//1641
f 1640//1640 1643//1643 1644//1644
f 1643//1643 1640//1640 1639//1639
f 1646//1646 1641//1641 1642//1642
f 1641//1641 1646//1646 1645//1645
f 1644//1644 1647//1647 1648//1648
f 1647//1647 1644//1644 1643//1643
f 1650//1650 1645//1645 1646//1646
f 1645//1645 1650//1650 1649//1649
f 1651//1651 1647//1647 1652//1652
f 1647//1647 1651//1651 1648//1648
f 1650//1650 1654//1654 1649//1649
f 1654//1654 1650//1650 1653//1653
f 1655//1655 1652//1652 1656//1656
f 1652//1652 1655//1655 1651//1651
f 1653//1653 1658//1658 1654//1654
f 1658//1658 1653//1653 1657//1657
f 1659//1659 1656//1656 1660//1660
f 1656//1656 1659//1659 1655//1655
f 1657//1657 1662//1662 1658//1658
f 1662//1662 1657//1657 1661//1661
f 1663//1663 1660//1660 1664//1664
f 1660//1660 1663//1663 1659//1659
f 1661//1661 1666//1666 1662//1662
f 1666//1666 1661//1661 1665//1665
f 1667//1667 1664//1664 1668//1668
f 1664//1664 1667//1667 1663//1663
f 1665//1665 1670//1670 1666//1666
f 1670//1670 1665//1665 1669//1669
f 1671//1671 1668//1668 1672//1672
f 1668//1668 1671//1671 1667//1667
f 1669//1669 1674//1674 1670//1670
f 1674//1674 1669//1669 1673//1673
f 1676//1676 1671//1671 1672//1672
f 1671//1671 1676//1676 1675//1675
f 1674//1674 1677//1677 1678//1678
f 1677//1677 1674//1674 1673//1673
f 1680//1680 1675//1675 1676//1676
f 1675//1675 1680//1680 1679//1679
f 1678//1678 1681//1681 1682//1682
f 1681//1681 1678//1678 1677//1677
f 1684//1684 1679//1679 1680//1680
f 1679//1679 1684//1684 1683//1683
f 1682//1682 1683//1683 1684//1684
f 1683//1683 1682//1682 1681//1681
f 1686//1686 1687//1687 1688//1688
f 1687//1687 1686//1686 1685//1685
f 1690//1690 1685//1685 1686//1686
f 1685//1685 1690//1690 1689//1689
f 1692//1692 1689//1689 1690//1690
f 1689//1689 1692//1692 1691//1691
f 1693//1693 1692//1692 1694//1694
f 1692//1692 1693//1693 1691//1691
f 1695//1695 1694//1694 1696//1696
f 1694//1694 1695//1695 1693//1693
f 1697//1697 1696//1696 1698//1698
f 1696//1696 1697//1697 1695//1695
f 1699//1699 1698//1698 1700//1700
f 1698//1698 1699//1699 1697//1697
f 1701//1701 1700//1700 1702//1702
f 1700//1700 1701//1701 1699//1699
f 1703//1703 1702//1702 1704//1704
f 1702//1702 1703//1703 1701//1701
f 1703//1703 1705//1705 1706//1706
f 1705//1705 1703//1703 1704//1704
f 1706//1706 1707//1707 1708//1708
f 1707//1707 1706//1706 1705//1705
f 1708//1708 1709//1709 1710//1710
f 1709//1709 1708//1708 1707//1707
f 1710//1710 1711//1711 1712//1712
f 1711//1711 1710//1710 1709//1709
f 1714//1714 1715//1715 1716//1716
f 1715//1715 1714//1714 1713//1713
f 1717//1717 1716//1716 1718//1718
f 1716//1716 1717//1717 1714//1714
f 1719//1719 1718//1718 1720//1720
f 1718//1718 1719//1719 1717//1717
f 1721//1721 1720//1720 1722//1722
f 1720//1720 1721//1721 1719//1719
f 1723//1723 1722//1722 1724//1724
f 1722//1722 1723//1723 1721//1721
f 1726//1726 1723//1723 1724//1724
f 1723//1723 1726//1726 1725//1725
f 1728//1728 1725//1725 1726//1726
f 1725//1725 1728//1728 1727//1727
f 1688//1688 1727//1727 1728//1728
f 1727//1727 1688//1688 1687//1687
f 1712//1712 1729//1729 1730//1730
f 1729//1729 1712//1712 1711//1711
f 1713//1713 1732//1732 1715//1715
f 1732//1732 1713//1713 1731//1731
f 1728//1728 1686//1686 1688//1688
f 1726//1726 1686//1686 1728//1728
f 1726//1726 1690//1690 1686//1686
f 1724//1724 1690//1690 1726//1726
f 1724//1724 1692//1692 1690//1690
f 1722//1722 1692//1692 1724//1724
f 1722//1722 1694//1694 1692//1692
f 1720//1720 1694//1694 1722//1722
f 1720//1720 1696//1696 1694//1694
f 1718//1718 1696//1696 1720//1720
f 1718//1718 1698//1698 1696//1696
f 1716//1716 1698//1698 1718//1718
f 1716//1716 1700//1700 1698//1698
f 1715//1715 1700//1700 1716//1716
f 1715//1715 1702//1702 1700//1700
f 1732//1732 1702//1702 1715//1715
f 1732//1732 1704//1704 1702//1702
f 1729//1729 1704//1704 1732//1732
f 1729//1729 1705//1705 1704//1704
f 1711//1711 1705//1705 1729//1729
f 1711//1711 1707//1707 1705//1705
f 1707//1707 1711//1711 1709//1709
f 1730//1730 1732//1732 1731//1731
f 1732//1732 1730//1730 1729//1729
f 1734//1734 1735//1735 1736//1736
f 1735//1735 1734//1734 1733//1733
f 1737//1737 1736//1736 1738//1738
f 1736//1736 1737//1737 1734//1734
f 1739//1739 1738//1738 1740//1740
f 1738//1738 1739//1739 1737//1737
f 1741//1741 1740//1740 1742//1742
f 1740//1740 1741//1741 1739//1739
f 1743//1743 1742//1742 1744//1744
f 1742//1742 1743//1743 1741//1741
f 1745//1745 1744//1744 1746//1746
f 1744//1744 1745//1745 1743//1743
f 1745//1745 1747//1747 1748//1748
f 1747//1747 1745//1745 1746//1746
f 1748//1748 1749//1749 1750//1750
f 1749//1749 1748//1748 1747//1747
f 1750//1750 1751//1751 1752//1752
f 1751//1751 1750//1750 1749//1749
f 1752//1752 1753//1753 1754//1754
f 1753//1753 1752//1752 1751//1751
f 1754//1754 1755//1755 1756//1756
f 1755//1755 1754//1754 1753//1753
f 1756//1756 1757//1757 1758//1758
f 1757//1757 1756//1756 1755//1755
f 1759//1759 1757//1757 1760//1760
f 1757//1757 1759//1759 1758//1758
f 1761//1761 1760//1760 1762//1762
f 1760//1760 1761//1761 1759//1759
f 1763//1763 1762//1762 1764//1764
f 1762//1762 1763//1763 1761//1761
f 1765//1765 1764//1764 1766//1766
f 1764//1764 1765//1765 1763//1763
f 1767//1767 1766//1766 1768//1768
f 1766//1766 1767//1767 1765//1765
f 1769//1769 1768//1768 1770//1770
f 1768//1768 1769//1769 1767//1767
f 1772//1772 1769//1769 1770//1770
f 1769//1769 1772//1772 1771//1771
f 1774//1774 1771//1771 1772//1772
f 1771//1771 1774//1774 1773//1773
f 1776//1776 1773//1773 1774//1774
f 1773//1773 1776//1776 1775//1775
f 1778//1778 1775//1775 1776//1776
f 1775//1775 1778//1778 1777//1777
f 1735//1735 1779//1779 1780//1780
f 1779//1779 1735//1735 1733//1733
f 1774//1774 1778//1778 1776//1776
f 1772//1772 1778//1778 1774//1774
f 1772//1772 1780//1780 1778//1778
f 1770//1770 1780//1780 1772//1772
f 1770//1770 1735//1735 1780//1780
f 1768//1768 1735//1735 1770//1770
f 1768//1768 1736//1736 1735//1735
f 1766//1766 1736//1736 1768//1768
f 1766//1766 1738//1738 1736//1736
f 1764//1764 1738//1738 1766//1766
f 1764//1764 1740//1740 1738//1738
f 1762//1762 1740//1740 1764//1764
f 1762//1762 1742//1742 1740//1740
f 1760//1760 1742//1742 1762//1762
f 1760//1760 1744//1744 1742//1742
f 1757//1757 1744//1744 1760//1760
f 1757//1757 1746//1746 1744//1744
f 1755//1755 1746//1746 1757//1757
f 1755//1755 1747//1747 1746//1746
f 1753//1753 1747//1747 1755//1755
f 1753//1753 1749//1749 1747//1747
f 1749//1749 1753//1753 1751//1751
f 1780//1780 1777//1777 1778//1778
f 1777//1777 1780//1780 1779//1779
f 1782//1782 1783//1783 1784//1784
f 1783//1783 1782//1782 1781//1781
f 1786//1786 1781//1781 1782//1782
f 1781//1781 1786//1786 1785//1785
f 1788//1788 1785//1785 1786//1786
f 1785//1785 1788//1788 1787//1787
f 1789//1789 1788//1788 1790//1790
f 1788//1788 1789//1789 1787//1787
f 1791//1791 1790//1790 1792//1792
f 1790//1790 1791//1791 1789//1789
f 1793//1793 1792//1792 1794//1794
f 1792//1792 1793//1793 1791//1791
f 1795//1795 1794//1794 1796//1796
f 1794//1794 1795//1795 1793//1793
f 1797//1797 1796//1796 1798//1798
f 1796//1796 1797//1797 1795//1795
f 1799//1799 1798//1798 1800//1800
f 1798//1798 1799//1799 1797//1797
f 1799//1799 1801//1801 1802//1802
f 1801//1801 1799//1799 1800//1800
f 1802//1802 1803//1803 1804//1804
f 1803//1803 1802//1802 1801//1801
f 1804//1804 1805//1805 1806//1806
f 1805//1805 1804//1804 1803//1803
f 1806//1806 1807//1807 1808//1808
f 1807//1807 1806//1806 1805//1805
f 1810//1810 1811//1811 1812//1812
f 1811//1811 1810//1810 1809//1809
f 1813//1813 1812//1812 1814//1814
f 1812//1812 1813//1813 1810//1810
f 1815//1815 1814//1814 1816//1816
f 1814//1814 1815//1815 1813//1813
f 1817//1817 1816//1816 1818//1818
f 1816//1816 1817//1817 1815//1815
f 1819//1819 1818//1818 1820//1820
f 1818//1818 1819//1819 1817//1817
f 1822//1822 1819//1819 1820//1820
f 1819//1819 1822//1822 1821//1821
f 1824//1824 1821//1821 1822//1822
f 1821//1821 1824//1824 1823//1823
f 1784//1784 1823//1823 1824//1824
f 1823//1823 1784//1784 1783//1783
f 1808//1808 1825//1825 1826//1826
f 1825//1825 1808//1808 1807//1807
f 1809//1809 1828//1828 1811//1811
f 1828//1828 1809//1809 1827//1827
f 1824//1824 1782//1782 1784//1784
f 1822//1822 1782//1782 1824//1824
f 1822//1822 1786//1786 1782//1782
f 1820//1820 1786//1786 1822//1822
f 1820//1820 1788//1788 1786//1786
f 1818//1818 1788//1788 1820//1820
f 1818//1818 1790//1790 1788//1788
f 1816//1816 1790//1790 1818//1818
f 1816//1816 1792//1792 1790//1790
f 1814//1814 1792//1792 1816//1816
f 1814//1814 1794//1794 1792//1792
f 1812//1812 1794//1794 1814//1814
f 1812//1812 1796//1796 1794//1794
f 1811//1811 1796//1796 1812//1812
f 1811//1811 1798//1798 1796//1796
f 1828//1828 1798//1798 1811//1811
f 1828//1828 1800//1800 1798//1798
f 1825//1825 1800//1800 1828//1828
f 1825//1825 1801//1801 1800//1800
f 1807//1807 1801//1801 1825//1825
f 1807//1807 1803//1803 1801//1801
f 1803//1803 1807//1807 1805//1805
f 1826//1826 1828//1828 1827//1827
f 1828//1828 1826//1826 1825//1825
f 1830//1830 1831//1831 1832//1832
f 1831//1831 1830//1830 1829//1829
f 1834//1834 1829//1829 1830//1830
f 1829//1829 1834//1834 1833//1833
f 1832//1832 1835//1835 1836//1836
f 1835//1835 1832//1832 1831//1831
f 1838//1838 1833//1833 1834//1834
f 1833//1833 1838//1838 1837//1837
f 1836//1836 1839//1839 1840//1840
f 1839//1839 1836//1836 1835//1835
f 1842//1842 1837//1837 1838//1838
f 1837//1837 1842//1842 1841//1841
f 1843//1843 1839//1839 1844//1844
f 1839//1839 1843//1843 1840//1840
f 1842//1842 1846//1846 1841//1841
f 1846//1846 1842//1842 1845//1845
f 1847//1847 1844//1844 1848//1848
f 1844//1844 1847//1847 1843//1843
f 1845//1845 1850//1850 1846//1846
f 1850//1850 1845//1845 1849//1849
f 1851//1851 1848//1848 1852//1852
f 1848//1848 1851//1851 1847//1847
f 1849//1849 1854//1854 1850//1850
f 1854//1854 1849//1849 1853//1853
f 1855//1855 1852//1852 1856//1856
f 1852//1852 1855//1855 1851//1851
f 1853//1853 1858//1858 1854//1854
f 1858//1858 1853//1853 1857//1857
f 1859//1859 1856//1856 1860//1860
f 1856//1856 1859//1859 1855//1855
f 1857//1857 1862//1862 1858//1858
f 1862//1862 1857//1857 1861//1861
f 1863//1863 1860//1860 1864//1864
f 1860//1860 1863//1863 1859//1859
f 1861//1861 1866//1866 1862//1862
f 1866//1866 1861//1861 1865//1865
f 1868//1868 1863//1863 1864//1864
f 1863//1863 1868//1868 1867//1867
f 1866//1866 1869//1869 1870//1870
f 1869//1869 1866//1866 1865//1865
f 1872//1872 1867//1867 1868//1868
f 1867//1867 1872//1872 1871//1871
f 1870//1870 1873//1873 1874//1874
f 1873//1873 1870//1870 1869//1869
f 1876//1876 1871//1871 1872//1872
f 1871//1871 1876//1876 1875//1875
f 1874//1874 1875//1875 1876//1876
f 1875//1875 1874//1874 1873//1873
f 1878//1878 1879//1879 1880//1880
f 1879//1879 1878//1878 1877//1877
f 1882//1882 1877//1877 1878//1878
f 1877//1877 1882//1882 1881//1881
f 1884//1884 1881//1881 1882//1882
f 1881//1881 1884//1884 1883//1883
f 1885//1885 1884//1884 1886//1886
f 1884//1884 1885//1885 1883//1883
f 1887//1887 1886//1886 1888//1888
f 1886//1886 1887//1887 1885//1885
f 1889//1889 1888//1888 1890//1890
f 1888//1888 1889//1889 1887//1887
f 1891//1891 1890//1890 1892//1892
f 1890//1890 1891//1891 1889//1889
f 1893//1893 1892//1892 1894//1894
f 1892//1892 1893//1893 1891//1891
f 1895//1895 1894//1894 1896//1896
f 1894//1894 1895//1895 1893//1893
f 1895//1895 1897//1897 1898//1898
f 1897//1897 1895//1895 1896//1896
f 1898//1898 1899//1899 1900//1900
f 1899//1899 1898//1898 1897//1897
f 1900//1900 1901//1901 1902//1902
f 1901//1901 1900//1900 1899//1899
f 1902//1902 1903//1903 1904//1904
f 1903//1903 1902//1902 1901//1901
f 1906//1906 1907//1907 1908//1908
f 1907//1907 1906//1906 1905//1905
f 1909//1909 1908//1908 1910//1910
f 1908//1908 1909//1909 1906//1906
f 1911//1911 1910//1910 1912//1912
f 1910//1910 1911//1911 1909//1909
f 1913//1913 1912//1912 1914//1914
f 1912//1912 1913//1913 1911//1911
f 1915//1915 1914//1914 1916//1916
f 1914//1914 1915//1915 1913//1913
f 1918//1918 1915//1915 1916//1916
f 1915//1915 1918//1918 1917//1917
f 1920//1920 1917//1917 1918//1918
f 1917//1917 1920//1920 1919//1919
f 1880//1880 1919//1919 1920//1920
f 1919//1919 1880//1880 1879//1879
f 1904//1904 1921//1921 1922//1922
f 1921//1921 1904//1904 1903//1903
f 1905//1905 1924//1924 1907//1907
f 1924//1924 1905//1905 1923//1923
f 1920//1920 1878//1878 1880//1880
f 1918//1918 1878//1878 1920//1920
f 1918//1918 1882//1882 1878//1878
f 1916//1916 1882//1882 1918//1918
f 1916//1916 1884//1884 1882//1882
f 1914//1914 1884//1884 1916//1916
f 1914//1914 1886//1886 1884//1884
f 1912//1912 1886//1886 1914//1914
f 1912//1912 1888//1888 1886//1886
f 1910//1910 1888//1888 1912//1912
f 1910//1910 1890//1890 1888//1888
f 1908//1908 1890//1890 1910//1910
f 1908//1908 1892//1892 1890//1890
f 1907//1907 1892//1892 1908//1908
f 1907//1907 1894//1894 1892//1892
f 1924//1924 1894//1894 1907//1907
f 1924//1924 1896//1896 1894//1894
f 1921//1921 1896//1896 1924//1924
f 1921//1921 1897//1897 1896//1896
f 1903//1903 1897//1897 1921//1921
f 1903//1903 1899//1899 1897//1897
f 1899//1899 1903//1903 1901//1901
f 1922//1922 1924//1924 1923//1923
f 1924//1924 1922//1922 1921//1921
f 1926//1926 1927//1927 1928//1928
f 1927//1927 1926//1926 1925//1925
f 1930//1930 1925//1925 1926//1926
f 1925//1925 1930//1930 1929//1929
f 1928//1928 1931//1931 1932//1932
f 1931//1931 1928//1928 1927//1927
f 1934//1934 1929//1929 1930//1930
f 1929//1929 1934//1934 1933//1933
f 1932//1932 1935//1935 1936//1936
f 1935//1935 1932//1932 1931//1931
f 1938//1938 1933//1933 1934//1934
f 1933//1933 1938//1938 1937//1937
f 1939//1939 1935//1935 1940//1940
f 1935//1935 1939//1939 1936//1936
f 1938//1938 1942//1942 1937//1937
f 1942//1942 1938//1938 1941//1941
f 1943//1943 1940//1940 1944//1944
f 1940//1940 1943//1943 1939//1939
f 1941//1941 1946//1946 1942//1942
f 1946//1946 1941//1941 1945//1945
f 1947//1947 1944//1944 1948//1948
f 1944//1944 1947//1947 1943//1943
f 1945//1945 1950//1950 1946//1946
f 1950//1950 1945//1945 1949//1949
f 1951//1951 1948//1948 1952//1952
f 1948//1948 1951//1951 1947//1947
f 1949//1949 1954//1954 1950//1950
f 1954//1954 1949//1949 1953//1953
f 1955//1955 1952//1952 1956//1956
f 1952//1952 1955//1955 1951//1951
f 1953//1953 1958//1958 1954//1954
f 1958//1958 1953//1953 1957//1957
f 1959//1959 1956//1956 1960//1960
f 1956//1956 1959//1959 1955//1955
f 1957//1957 1962//1962 1958//1958
f 1962//1962 1957//1957 1961//1961
f 1964//1964 1959//1959 1960//1960
f 1959//1959 1964//1964 1963//1963
f 1962//1962 1965//1965 1966//1966
f 1965//1965 1962//1962 1961//1961
f 1968//1968 1963//1963 1964//1964
f 1963//1963 1968//1968 1967//1967
f 1966//1966 1969//1969 1970//1970
f 1969//1969 1966//1966 1965//1965
f 1972//1972 1967//1967 1968//1968
f 1967//1967 1972//1972 1971//1971
f 1970//1970 1971//1971 1972//1972
f 1971//1971 1970//1970 1969//1969
f 1974//1974 1975//1975 1976//1976
f 1975//1975 1974//1974 1973//1973
f 1973//1973 1978//1978 1975//1975
f 1978//1978 1973//1973 1977//1977
f 1979//1979 1976//1976 1980//1980
f 1976//1976 1979//1979 1974//1974
f 1977//1977 1982//1982 1978//1978
f 1982//1982 1977//1977 1981//1981
f 1984//1984 1979//1979 1980//1980
f 1979//1979 1984//1984 1983//1983
f 1981//1981 1986//1986 1982//1982
f 1986//1986 1981//1981 1985//1985
f 1988//1988 1983//1983 1984//1984
f 1983//1983 1988//1988 1987//1987
f 1985//1985 1990//1990 1986//1986
f 1990//1990 1985//1985 1989//1989
f 1992//1992 1987//1987 1988//1988
f 1987//1987 1992//1992 1991//1991
f 1994//1994 1990//1990 1989//1989
f 1990//1990 1994//1994 1993//1993
f 1996//1996 1991//1991 1992//1992
f 1991//1991 1996//1996 1995//1995
f 1998//1998 1993//1993 1994//1994
f 1993//1993 1998//1998 1997//1997
f 2000//2000 1995//1995 1996//1996
f 1995//1995 2000//2000 1999//1999
f 2002//2002 1997//1997 1998//1998
f 1997//1997 2002//2002 2001//2001
f 2004//2004 1999//1999 2000//2000
f 1999//1999 2004//2004 2003//2003
f 2006//2006 2001//2001 2002//2002
f 2001//2001 2006//2006 2005//2005
f 2007//2007 2004//2004 2008//2008
f 2004//2004 2007//2007 2003//2003
f 2010//2010 2005//2005 2006//2006
f 2005//2005 2010//2010 2009//2009
f 2011//2011 2008//2008 2012//2012
f 2008//2008 2011//2011 2007//2007
f 2014//2014 2009//2009 2010//2010
f 2009//2009 2014//2014 2013//2013
f 2015//2015 2012//2012 2016//2016
f 2012//2012 2015//2015 2011//2011
f 2014//2014 2018//2018 2013//2013
f 2018//2018 2014//2014 2017//2017
f 2019//2019 2016//2016 2020//2020
f 2016//2016 2019//2019 2015//2015
f 2017//2017 2020//2020 2018//2018
f 2020//2020 2017//2017 2019//2019
f 2022//2022 2023//2023 2024//2024
f 2023//2023 2022//2022 2021//2021
f 2026//2026 2021//2021 2022//2022
f 2021//2021 2026//2026 2025//2025
f 2028//2028 2029//2029 2030//2030
f 2029//2029 2028//2028 2027//2027
f 2031//2031 2030//2030 2032//2032
f 2030//2030 2031//2031 2028//2028
f 2033//2033 2032//2032 2034//2034
f 2032//2032 2033//2033 2031//2031
f 2035//2035 2034//2034 2036//2036
f 2034//2034 2035//2035 2033//2033
f 2035//2035 2037//2037 2038//2038
f 2037//2037 2035//2035 2036//2036
f 2038//2038 2039//2039 2040//2040
f 2039//2039 2038//2038 2037//2037
f 2040//2040 2041//2041 2042//2042
f 2041//2041 2040//2040 2039//2039
f 2042//2042 2043//2043 2044//2044
f 2043//2043 2042//2042 2041//2041
f 2044//2044 2045//2045 2046//2046
f 2045//2045 2044//2044 2043//2043
f 2046//2046 2047//2047 2048//2048
f 2047//2047 2046//2046 2045//2045
f 2049//2049 2047//2047 2050//2050
f 2047//2047 2049//2049 2048//2048
f 2051//2051 2050//2050 2052//2052
f 2050//2050 2051//2051 2049//2049
f 2053//2053 2052//2052 2054//2054
f 2052//2052 2053//2053 2051//2051
f 2055//2055 2054//2054 2056//2056
f 2054//2054 2055//2055 2053//2053
f 2057//2057 2056//2056 2058//2058
f 2056//2056 2057//2057 2055//2055
f 2059//2059 2058//2058 2060//2060
f 2058//2058 2059//2059 2057//2057
f 2062//2062 2059//2059 2060//2060
f 2059//2059 2062//2062 2061//2061
f 2064//2064 2061//2061 2062//2062
f 2061//2061 2064//2064 2063//2063
f 2024//2024 2063//2063 2064//2064
f 2063//2063 2024//2024 2023//2023
f 2066//2066 2025//2025 2026//2026
f 2025//2025 2066//2066 2065//2065
f 2027//2027 2068//2068 2029//2029
f 2068//2068 2027//2027 2067//2067
f 2064//2064 2022//2022 2024//2024
f 2062//2062 2022//2022 2064//2064
f 2062//2062 2026//2026 2022//2022
f 2060//2060 2026//2026 2062//2062
f 2060//2060 2066//2066 2026//2026
f 2058//2058 2066//2066 2060//2060
f 2058//2058 2068//2068 2066//2066
f 2056//2056 2068//2068 2058//2058
f 2056//2056 2029//2029 2068//2068
f 2054//2054 2029//2029 2056//2056
f 2054//2054 2030//2030 2029//2029
f 2052//2052 2030//2030 2054//2054
f 2052//2052 2032//2032 2030//2030
f 2050//2050 2032//2032 2052//2052
f 2050//2050 2034//2034 2032//2032
f 2047//2047 2034//2034 2050//2050
f 2047//2047 2036//2036 2034//2034
f 2045//2045 2036//2036 2047//2047
f 2045//2045 2037//2037 2036//2036
f 2043//2043 2037//2037 2045//2045
f 2043//2043 2039//2039 2037//2037
f 2039//2039 2043//2043 2041//2041
f 2067//2067 2066//2066 2068//2068
f 2066//2066 2067//2067 2065//2065
f 212//212 308//308 856//856
f 308//308 212//212 215//215
f 208//208 855//855 396//396
f 855//855 208//208 210//210
f 855//855 212//212 856//856
f 212//212 855//855 210//210
f 216//216 209//209 211//211
f 209//209 216//216 218//218
f 209//209 220//220 213//213
f 220//220 209//209 218//218
f 220//220 214//214 213//213
f 214//214 220//220 223//223
f 306//306 225//225 227//227
f 225//225 306//306 304//304
f 305//305 228//228 230//230
f 228//228 305//305 307//307
f 225//225 305//305 230//230
f 305//305 225//225 304//304