# https://github.com/mikedh/trimesh
v 0.02383200 -0.00946000 0.00569200
v 0.02383800 -0.00869200 0.00577200
v 0.02383800 -0.00946000 0.00577200
v 0.02383200 -0.00869200 0.00569200
v 0.02382300 -0.00869200 0.00585100
v 0.02382300 -0.00946000 0.00585100
v 0.02378800 -0.00869200 0.00592300
v 0.02378800 -0.00946000 0.00592300
v 0.02373600 -0.00869200 0.00598400
v 0.02373600 -0.00946000 0.00598400
v 0.02366900 -0.00946000 0.00602900
v 0.02366900 -0.00869200 0.00602900
v 0.02359400 -0.00946000 0.00605500
v 0.02359400 -0.00869200 0.00605500
v 0.02351400 -0.00946000 0.00606100
v 0.02351400 -0.00869200 0.00606100
v 0.02343500 -0.00946000 0.00604600
v 0.02343500 -0.00869200 0.00604600
v 0.02336300 -0.00946000 0.00601100
v 0.02336300 -0.00869200 0.00601100
v 0.02330200 -0.00946000 0.00595900
v 0.02330200 -0.00869200 0.00595900
v 0.02325700 -0.00869200 0.00589300
v 0.02325700 -0.00946000 0.00589300
v 0.02323000 -0.00869200 0.00581700
v 0.02323000 -0.00946000 0.00581700
v 0.02322400 -0.00869200 0.00573700
v 0.02322400 -0.00946000 0.00573700
v 0.02323900 -0.00869200 0.00565800
v 0.02323900 -0.00946000 0.00565800
v 0.02327400 -0.00869200 0.00558600
v 0.02327400 -0.00946000 0.00558600
v 0.02332700 -0.00869200 0.00552500
v 0.02332700 -0.00946000 0.00552500
v 0.02339300 -0.00946000 0.00548000
v 0.02339300 -0.00869200 0.00548000
v 0.02346900 -0.00946000 0.00545400
v 0.02346900 -0.00869200 0.00545400
v 0.02354900 -0.00946000 0.00544800
v 0.02354900 -0.00869200 0.00544800
v 0.02362700 -0.00946000 0.00546300
v 0.02362700 -0.00869200 0.00546300
v 0.02370000 -0.00946000 0.00549800
v 0.02370000 -0.00869200 0.00549800
v 0.02376000 -0.00946000 0.00555000
v 0.02376000 -0.00869200 0.00555000
v 0.02380600 -0.00946000 0.00561600
v 0.02380600 -0.00869200 0.00561600
v 0.02690000 -0.00946000 0.00583400
v 0.02690000 -0.00946000 0.00567500
v 0.02691100 -0.00946000 0.00575500
v 0.02687000 -0.00946000 0.00590800
v 0.02687000 -0.00946000 0.00560100
v 0.02682100 -0.00946000 0.00597200
v 0.02682100 -0.00946000 0.00553700
v 0.02675700 -0.00946000 0.00602100
v 0.02675700 -0.00946000 0.00548800
v 0.02668300 -0.00946000 0.00605100
v 0.02668300 -0.00946000 0.00545800
v 0.02660400 -0.00946000 0.00606200
v 0.02660400 -0.00946000 0.00544700
v 0.02652400 -0.00946000 0.00605100
v 0.02652400 -0.00946000 0.00545800
v 0.02645000 -0.00946000 0.00602100
v 0.02645000 -0.00946000 0.00548800
v 0.02638600 -0.00946000 0.00597200
v 0.02638600 -0.00946000 0.00553700
v 0.02633800 -0.00946000 0.00590800
v 0.02633800 -0.00946000 0.00560100
v 0.02630700 -0.00946000 0.00583400
v 0.02630700 -0.00946000 0.00567500
v 0.02629600 -0.00946000 0.00575500
v 0.02687000 -0.00869200 0.00590800
v 0.02690000 -0.00869200 0.00583400
v 0.02682100 -0.00869200 0.00597200
v 0.02675700 -0.00869200 0.00602100
v 0.02668300 -0.00869200 0.00605100
v 0.02660400 -0.00869200 0.00606200
v 0.02652400 -0.00869200 0.00605100
v 0.02645000 -0.00869200 0.00602100
v 0.02638600 -0.00869200 0.00597200
v 0.02633800 -0.00869200 0.00590800
v 0.02630700 -0.00869200 0.00583400
v 0.02629600 -0.00869200 0.00575500
v 0.02630700 -0.00869200 0.00567500
v 0.02633800 -0.00869200 0.00560100
v 0.02638600 -0.00869200 0.00553700
v 0.02645000 -0.00869200 0.00548800
v 0.02652400 -0.00869200 0.00545800
v 0.02660400 -0.00869200 0.00544700
v 0.02668300 -0.00869200 0.00545800
v 0.02675700 -0.00869200 0.00548800
v 0.02682100 -0.00869200 0.00553700
v 0.02687000 -0.00869200 0.00560100
v 0.02690000 -0.00869200 0.00567500
v 0.02691100 -0.00869200 0.00575500
v -0.02565800 -0.00946000 0.00580600
v -0.02568100 -0.00869200 0.00588300
v -0.02568100 -0.00946000 0.00588300
v -0.02565800 -0.00869200 0.00580600
v -0.02572400 -0.00869200 0.00595100
v -0.02572400 -0.00946000 0.00595100
v -0.02578300 -0.00946000 0.00600500
v -0.02578300 -0.00869200 0.00600500
v -0.02585400 -0.00946000 0.00604300
v -0.02585400 -0.00869200 0.00604300
v -0.02593200 -0.00869200 0.00606000
v -0.02593200 -0.00946000 0.00606000
v -0.02601200 -0.00946000 0.00605700
v -0.02601200 -0.00869200 0.00605700
v -0.02608900 -0.00946000 0.00603400
v -0.02608900 -0.00869200 0.00603400
v -0.02615700 -0.00869200 0.00599100
v -0.02615700 -0.00946000 0.00599100
v -0.02621100 -0.00869200 0.00593200
v -0.02621100 -0.00946000 0.00593200
v -0.02624900 -0.00869200 0.00586100
v -0.02624900 -0.00946000 0.00586100
v -0.02626700 -0.00869200 0.00578300
v -0.02626700 -0.00946000 0.00578300
v -0.02626400 -0.00869200 0.00570300
v -0.02626400 -0.00946000 0.00570300
v -0.02624000 -0.00869200 0.00562600
v -0.02624000 -0.00946000 0.00562600
v -0.02619700 -0.00869200 0.00555900
v -0.02619700 -0.00946000 0.00555900
v -0.02613800 -0.00946000 0.00550400
v -0.02613800 -0.00869200 0.00550400
v -0.02606800 -0.00869200 0.00546600
v -0.02606800 -0.00946000 0.00546600
v -0.02598900 -0.00946000 0.00544900
v -0.02598900 -0.00869200 0.00544900
v -0.02590900 -0.00946000 0.00545200
v -0.02590900 -0.00869200 0.00545200
v -0.02583300 -0.00869200 0.00547500
v -0.02583300 -0.00946000 0.00547500
v -0.02576500 -0.00946000 0.00551800
v -0.02576500 -0.00869200 0.00551800
v -0.02571000 -0.00869200 0.00557700
v -0.02571000 -0.00946000 0.00557700
v -0.02567300 -0.00869200 0.00564800
v -0.02567300 -0.00946000 0.00564800
v -0.02565500 -0.00946000 0.00572600
v -0.02565500 -0.00869200 0.00572600
v -0.02259700 -0.00946000 0.00565600
v -0.02258200 -0.00869200 0.00573500
v -0.02258200 -0.00946000 0.00573500
v -0.02259700 -0.00869200 0.00565600
v -0.02258700 -0.00869200 0.00581500
v -0.02258700 -0.00946000 0.00581500
v -0.02261300 -0.00869200 0.00589100
v -0.02261300 -0.00946000 0.00589100
v -0.02265800 -0.00869200 0.00595700
v -0.02265800 -0.00946000 0.00595700
v -0.02271800 -0.00946000 0.00601000
v -0.02271800 -0.00869200 0.00601000
v -0.02279000 -0.00946000 0.00604600
v -0.02279000 -0.00869200 0.00604600
v -0.02286800 -0.00946000 0.00606100
v -0.02286800 -0.00869200 0.00606100
v -0.02294900 -0.00946000 0.00605600
v -0.02294900 -0.00869200 0.00605600
v -0.02302400 -0.00946000 0.00603000
v -0.02302400 -0.00869200 0.00603000
v -0.02309100 -0.00946000 0.00598500
v -0.02309100 -0.00869200 0.00598500
v -0.02314400 -0.00869200 0.00592500
v -0.02314400 -0.00946000 0.00592500
v -0.02317900 -0.00869200 0.00585300
v -0.02317900 -0.00946000 0.00585300
v -0.02319500 -0.00869200 0.00577400
v -0.02319500 -0.00946000 0.00577400
v -0.02319000 -0.00869200 0.00569400
v -0.02319000 -0.00946000 0.00569400
v -0.02316400 -0.00869200 0.00561800
v -0.02316400 -0.00946000 0.00561800
v -0.02311900 -0.00869200 0.00555200
v -0.02311900 -0.00946000 0.00555200
v -0.02305900 -0.00946000 0.00549900
v -0.02305900 -0.00869200 0.00549900
v -0.02298700 -0.00946000 0.00546300
v -0.02298700 -0.00869200 0.00546300
v -0.02290800 -0.00946000 0.00544800
v -0.02290800 -0.00869200 0.00544800
v -0.02282800 -0.00946000 0.00545300
v -0.02282800 -0.00869200 0.00545300
v -0.02275200 -0.00946000 0.00547900
v -0.02275200 -0.00869200 0.00547900
v -0.02268600 -0.00946000 0.00552400
v -0.02268600 -0.00869200 0.00552400
v -0.02263300 -0.00946000 0.00558400
v -0.02263300 -0.00869200 0.00558400
v 0.03836200 0.00915400 -0.01926000
v 0.03836200 0.00915400 -0.00825100
v 0.03854800 0.00923100 -0.01926000
v 0.03854800 0.00923100 -0.00825100
v 0.03816400 0.00912800 -0.01926000
v 0.03816400 0.00912800 -0.00825100
v 0.03796500 0.00915400 -0.01926000
v 0.03796500 0.00915400 -0.00825100
v 0.03778000 0.00923100 -0.01926000
v 0.03778000 0.00923100 -0.00825100
v 0.03762100 0.00935300 -0.01926000
v 0.03762100 0.00935300 -0.00825100
v 0.03749800 0.00951200 -0.01926000
v 0.03749800 0.00951200 -0.00825100
v 0.03742200 0.00969700 -0.01926000
v 0.03742200 0.00969700 -0.00825100
v 0.03739600 0.00989600 -0.01926000
v 0.03739600 0.00989600 -0.00825100
v 0.03742200 0.01009500 -0.01926000
v 0.03742200 0.01009500 -0.00825100
v 0.03749800 0.01028000 -0.01926000
v 0.03749800 0.01028000 -0.00825100
v 0.03762100 0.01043900 -0.01926000
v 0.03762100 0.01043900 -0.00825100
v 0.03778000 0.01056100 -0.00825100
v 0.03778000 0.01056100 -0.01926000
v 0.03796500 0.01063800 -0.00825100
v 0.03796500 0.01063800 -0.01926000
v 0.03816400 0.01066400 -0.00825100
v 0.03816400 0.01066400 -0.01926000
v 0.03836200 0.01063800 -0.00825100
v 0.03836200 0.01063800 -0.01926000
v 0.03854800 0.01056100 -0.00825100
v 0.03854800 0.01056100 -0.01926000
v 0.03870700 0.01043900 -0.00825100
v 0.03870700 0.01043900 -0.01926000
v 0.03882900 0.01028000 -0.01926000
v 0.03882900 0.01028000 -0.00825100
v 0.03890600 0.01009500 -0.01926000
v 0.03890600 0.01009500 -0.00825100
v 0.03893200 0.00989600 -0.01926000
v 0.03893200 0.00989600 -0.00825100
v 0.03890600 0.00969700 -0.01926000
v 0.03890600 0.00969700 -0.00825100
v 0.03882900 0.00951200 -0.01926000
v 0.03882900 0.00951200 -0.00825100
v 0.03870700 0.00935300 -0.01926000
v 0.03870700 0.00935300 -0.00825100
v 0.00106300 -0.00720100 -0.01936300
v 0.00098700 -0.00738600 -0.01936300
v 0.00106300 -0.00720100 -0.01926000
v 0.00098700 -0.00738600 -0.01926000
v 0.00106300 -0.00720100 -0.00825100
v 0.00098700 -0.00738600 -0.00825100
v 0.00086500 -0.00754500 -0.01936300
v 0.00086500 -0.00754500 -0.01926000
v 0.00086500 -0.00754500 -0.00825100
v 0.00070500 -0.00766700 -0.01936300
v 0.00070500 -0.00766700 -0.01926000
v 0.00070500 -0.00766700 -0.00825100
v 0.00052000 -0.00774400 -0.01936300
v 0.00052000 -0.00774400 -0.01926000
v 0.00052000 -0.00774400 -0.00825100
v 0.00032100 -0.00777000 -0.01936300
v 0.00032100 -0.00777000 -0.01926000
v 0.00032100 -0.00777000 -0.00825100
v 0.00012300 -0.00774400 -0.01936300
v 0.00012300 -0.00774400 -0.01926000
v 0.00012300 -0.00774400 -0.00825100
v -0.00006300 -0.00766700 -0.01936300
v -0.00006300 -0.00766700 -0.01926000
v -0.00006300 -0.00766700 -0.00825100
v -0.00022200 -0.00754500 -0.01936300
v -0.00022200 -0.00754500 -0.01926000
v -0.00022200 -0.00754500 -0.00825100
v -0.00034400 -0.00738600 -0.01936300
v -0.00034400 -0.00738600 -0.01926000
v -0.00034400 -0.00738600 -0.00825100
v -0.00042100 -0.00720100 -0.01936300
v -0.00042100 -0.00720100 -0.01926000
v -0.00042100 -0.00720100 -0.00825100
v -0.00044700 -0.00700200 -0.01936300
v -0.00044700 -0.00700200 -0.01926000
v -0.00044700 -0.00700200 -0.00825100
v -0.00042100 -0.00680300 -0.01936300
v -0.00042100 -0.00680300 -0.01926000
v -0.00042100 -0.00680300 -0.00825100
v -0.00006300 -0.00633700 -0.00825100
v -0.00006300 -0.00633700 -0.01926000
v 0.00012300 -0.00626000 -0.00825100
v -0.00006300 -0.00633700 -0.01936300
v 0.00012300 -0.00626000 -0.01936300
v 0.00012300 -0.00626000 -0.01926000
v 0.00032100 -0.00623400 -0.00825100
v 0.00032100 -0.00623400 -0.01936300
v 0.00032100 -0.00623400 -0.01926000
v 0.00052000 -0.00626000 -0.00825100
v 0.00052000 -0.00626000 -0.01936300
v 0.00052000 -0.00626000 -0.01926000
v 0.00070500 -0.00633700 -0.00825100
v 0.00070500 -0.00633700 -0.01936300
v 0.00070500 -0.00633700 -0.01926000
v 0.00086500 -0.00645900 -0.00825100
v 0.00086500 -0.00645900 -0.01936300
v 0.00086500 -0.00645900 -0.01926000
v 0.00098700 -0.00661800 -0.01936300
v 0.00098700 -0.00661800 -0.01926000
v 0.00098700 -0.00661800 -0.00825100
v 0.00106300 -0.00680300 -0.01936300
v 0.00106300 -0.00680300 -0.01926000
v 0.00106300 -0.00680300 -0.00825100
v 0.00109000 -0.00700200 -0.01936300
v 0.00109000 -0.00700200 -0.01926000
v 0.00109000 -0.00700200 -0.00825100
v -0.00034400 -0.00661800 -0.01936300
v -0.00034400 -0.00661800 -0.01926000
v -0.00034400 -0.00661800 -0.00825100
v -0.00022200 -0.00645900 -0.01936300
v -0.00022200 -0.00645900 -0.00825100
v -0.00022200 -0.00645900 -0.01926000
v 0.03915300 -0.00726700 -0.01936300
v 0.03905100 -0.00751400 -0.01936300
v 0.03915300 -0.00726700 -0.01926000
v 0.03905100 -0.00751400 -0.01926000
v 0.03888800 -0.00772600 -0.01936300
v 0.03888800 -0.00772600 -0.01926000
v 0.03867600 -0.00788900 -0.01936300
v 0.03867600 -0.00788900 -0.01926000
v 0.03842900 -0.00799100 -0.01936300
v 0.03842900 -0.00799100 -0.01926000
v 0.03816400 -0.00802600 -0.01936300
v 0.03816400 -0.00802600 -0.01926000
v 0.03789900 -0.00799100 -0.01936300
v 0.03789900 -0.00799100 -0.01926000
v 0.03765200 -0.00788900 -0.01936300
v 0.03765200 -0.00788900 -0.01926000
v 0.03744000 -0.00772600 -0.01936300
v 0.03744000 -0.00772600 -0.01926000
v 0.03727700 -0.00751400 -0.01936300
v 0.03727700 -0.00751400 -0.01926000
v 0.03717400 -0.00726700 -0.01936300
v 0.03717400 -0.00726700 -0.01926000
v 0.03713900 -0.00700200 -0.01936300
v 0.03713900 -0.00700200 -0.01926000
v 0.03717400 -0.00673700 -0.01936300
v 0.03717400 -0.00673700 -0.01926000
v 0.03727700 -0.00649000 -0.01936300
v 0.03727700 -0.00649000 -0.01926000
v 0.03744000 -0.00627800 -0.01936300
v 0.03744000 -0.00627800 -0.01926000
v 0.03816400 -0.00597800 -0.01926000
v 0.03816400 -0.00597800 -0.01936300
v 0.03842900 -0.00601300 -0.01926000
v 0.03842900 -0.00601300 -0.01936300
v 0.03867600 -0.00611500 -0.01926000
v 0.03867600 -0.00611500 -0.01936300
v 0.03888800 -0.00627800 -0.01926000
v 0.03888800 -0.00627800 -0.01936300
v 0.03905100 -0.00649000 -0.01936300
v 0.03905100 -0.00649000 -0.01926000
v 0.03915300 -0.00673700 -0.01936300
v 0.03915300 -0.00673700 -0.01926000
v 0.03918800 -0.00700200 -0.01936300
v 0.03918800 -0.00700200 -0.01926000
v 0.03765200 -0.00611500 -0.01926000
v 0.03765200 -0.00611500 -0.01936300
v 0.03789900 -0.00601300 -0.01936300
v 0.03816400 -0.00623400 -0.01936300
v 0.03836200 -0.00626000 -0.01936300
v 0.03854800 -0.00633700 -0.01936300
v 0.03870700 -0.00645900 -0.01936300
v 0.03882900 -0.00661800 -0.01936300
v 0.03890600 -0.00680300 -0.01936300
v 0.03893200 -0.00700200 -0.01936300
v 0.03890600 -0.00720100 -0.01936300
v 0.03882900 -0.00738600 -0.01936300
v 0.03870700 -0.00754500 -0.01936300
v 0.03854800 -0.00766700 -0.01936300
v 0.03836200 -0.00774400 -0.01936300
v 0.03816400 -0.00777000 -0.01936300
v 0.03796500 -0.00626000 -0.01936300
v 0.03778000 -0.00633700 -0.01936300
v 0.03762100 -0.00645900 -0.01936300
v 0.03749800 -0.00661800 -0.01936300
v 0.03742200 -0.00680300 -0.01936300
v 0.03739600 -0.00700200 -0.01936300
v 0.03742200 -0.00720100 -0.01936300
v 0.03749800 -0.00738600 -0.01936300
v 0.03762100 -0.00754500 -0.01936300
v 0.03778000 -0.00766700 -0.01936300
v 0.03796500 -0.00774400 -0.01936300
v 0.03789900 -0.00601300 -0.01926000
v 0.03816400 -0.00623400 -0.01926000
v 0.03796500 -0.00626000 -0.01926000
v 0.03778000 -0.00633700 -0.01926000
v 0.03762100 -0.00645900 -0.01926000
v 0.03749800 -0.00661800 -0.01926000
v 0.03742200 -0.00680300 -0.01926000
v 0.03739600 -0.00700200 -0.01926000
v 0.03742200 -0.00720100 -0.01926000
v 0.03749800 -0.00738600 -0.01926000
v 0.03762100 -0.00754500 -0.01926000
v 0.03778000 -0.00766700 -0.01926000
v 0.03796500 -0.00774400 -0.01926000
v 0.03816400 -0.00777000 -0.01926000
v 0.03836200 -0.00626000 -0.01926000
v 0.03854800 -0.00633700 -0.01926000
v 0.03870700 -0.00645900 -0.01926000
v 0.03882900 -0.00661800 -0.01926000
v 0.03890600 -0.00680300 -0.01926000
v 0.03893200 -0.00700200 -0.01926000
v 0.03890600 -0.00720100 -0.01926000
v 0.03882900 -0.00738600 -0.01926000
v 0.03870700 -0.00754500 -0.01926000
v 0.03854800 -0.00766700 -0.01926000
v 0.03836200 -0.00774400 -0.01926000
v 0.00025300 0.01091800 -0.01926000
v 0.00052000 0.01090100 -0.01926000
v -0.00000900 0.01086600 -0.01926000
v 0.00077300 0.01081500 -0.01926000
v -0.00024900 0.01074700 -0.01926000
v 0.00099600 0.01066700 -0.01926000
v 0.00032100 0.01066400 -0.01926000
v -0.00044900 0.01057000 -0.01926000
v 0.00012300 0.01063800 -0.01926000
v -0.00006300 0.01056100 -0.01926000
v -0.00059800 0.01034800 -0.01926000
v -0.00022200 0.01043900 -0.01926000
v -0.00034400 0.01028000 -0.01926000
v -0.00068300 0.01009500 -0.01926000
v -0.00042100 0.01009500 -0.01926000
v -0.00044700 0.00989600 -0.01926000
v -0.00070000 0.00982800 -0.01926000
v -0.00042100 0.00969700 -0.01926000
v -0.00064800 0.00956600 -0.01926000
v -0.00034400 0.00951200 -0.01926000
v -0.00052900 0.00932600 -0.01926000
v -0.00022200 0.00935300 -0.01926000
v -0.00006300 0.00923100 -0.01926000
v -0.00035300 0.00912500 -0.01926000
v 0.00012300 0.00915400 -0.01926000
v 0.00032100 0.00912800 -0.01926000
v 0.00117200 0.01046600 -0.01926000
v 0.00052000 0.01063800 -0.01926000
v 0.00070500 0.01056100 -0.01926000
v 0.00086500 0.01043900 -0.01926000
v 0.00129100 0.01022700 -0.01926000
v 0.00098700 0.01028000 -0.01926000
v 0.00106300 0.01009500 -0.01926000
v 0.00134300 0.00996500 -0.01926000
v 0.00109000 0.00989600 -0.01926000
v 0.00132600 0.00969800 -0.01926000
v 0.00106300 0.00969700 -0.01926000
v 0.00124100 0.00944400 -0.01926000
v 0.00098700 0.00951200 -0.01926000
v 0.00086500 0.00935300 -0.01926000
v 0.00109200 0.00922200 -0.01926000
v 0.00070500 0.00923100 -0.01926000
v 0.00052000 0.00915400 -0.01926000
v 0.00089200 0.00904500 -0.01926000
v -0.00013000 0.00897700 -0.01926000
v 0.00065200 0.00892700 -0.01926000
v 0.00012300 0.00889100 -0.01926000
v 0.00039000 0.00887400 -0.01926000
v 0.00077300 0.01081500 -0.01936300
v 0.00099600 0.01066700 -0.01936300
v 0.00052000 0.01090100 -0.01936300
v 0.00025300 0.01091800 -0.01936300
v -0.00000900 0.01086600 -0.01936300
v -0.00024900 0.01074700 -0.01936300
v -0.00044900 0.01057000 -0.01936300
v -0.00059800 0.01034800 -0.01936300
v -0.00068300 0.01009500 -0.01936300
v -0.00070000 0.00982800 -0.01936300
v -0.00064800 0.00956600 -0.01936300
v -0.00052900 0.00932600 -0.01936300
v -0.00035300 0.00912500 -0.01936300
v -0.00013000 0.00897700 -0.01936300
v 0.00012300 0.00889100 -0.01936300
v 0.00039000 0.00887400 -0.01936300
v 0.00065200 0.00892700 -0.01936300
v 0.00089200 0.00904500 -0.01936300
v 0.00109200 0.00922200 -0.01936300
v 0.00124100 0.00944400 -0.01936300
v 0.00132600 0.00969800 -0.01936300
v 0.00134300 0.00996500 -0.01936300
v 0.00129100 0.01022700 -0.01936300
v 0.00117200 0.01046600 -0.01936300
v 0.00032100 0.01066400 -0.01936300
v 0.00052000 0.01063800 -0.01936300
v 0.00070500 0.01056100 -0.01936300
v 0.00086500 0.01043900 -0.01936300
v 0.00098700 0.01028000 -0.01936300
v 0.00106300 0.01009500 -0.01936300
v 0.00109000 0.00989600 -0.01936300
v 0.00106300 0.00969700 -0.01936300
v 0.00098700 0.00951200 -0.01936300
v 0.00086500 0.00935300 -0.01936300
v 0.00070500 0.00923100 -0.01936300
v 0.00052000 0.00915400 -0.01936300
v 0.00032100 0.00912800 -0.01936300
v 0.00012300 0.01063800 -0.01936300
v -0.00006300 0.01056100 -0.01936300
v -0.00022200 0.01043900 -0.01936300
v -0.00034400 0.01028000 -0.01936300
v -0.00042100 0.01009500 -0.01936300
v -0.00044700 0.00989600 -0.01936300
v -0.00042100 0.00969700 -0.01936300
v -0.00034400 0.00951200 -0.01936300
v -0.00022200 0.00935300 -0.01936300
v -0.00006300 0.00923100 -0.01936300
v 0.00012300 0.00915400 -0.01936300
v -0.03659100 -0.00725100 -0.01936300
v -0.03668700 -0.00748400 -0.01936300
v -0.03659100 -0.00725100 -0.01926000
v -0.03668700 -0.00748400 -0.01926000
v -0.03684000 -0.00768300 -0.01936300
v -0.03684000 -0.00768300 -0.01926000
v -0.03704000 -0.00783600 -0.01936300
v -0.03704000 -0.00783600 -0.01926000
v -0.03727200 -0.00793200 -0.01936300
v -0.03727200 -0.00793200 -0.01926000
v -0.03752100 -0.00796500 -0.01936300
v -0.03752100 -0.00796500 -0.01926000
v -0.03777000 -0.00793200 -0.01936300
v -0.03777000 -0.00793200 -0.01926000
v -0.03800200 -0.00783600 -0.01936300
v -0.03800200 -0.00783600 -0.01926000
v -0.03820100 -0.00768300 -0.01936300
v -0.03820100 -0.00768300 -0.01926000
v -0.03835400 -0.00748400 -0.01936300
v -0.03835400 -0.00748400 -0.01926000
v -0.03845100 -0.00725100 -0.01936300
v -0.03845100 -0.00725100 -0.01926000
v -0.03848300 -0.00700200 -0.01936300
v -0.03848300 -0.00700200 -0.01926000
v -0.03845100 -0.00675300 -0.01936300
v -0.03845100 -0.00675300 -0.01926000
v -0.03800200 -0.00616900 -0.01926000
v -0.03800200 -0.00616900 -0.01936300
v -0.03777000 -0.00607200 -0.01926000
v -0.03777000 -0.00607200 -0.01936300
v -0.03752100 -0.00604000 -0.01926000
v -0.03752100 -0.00604000 -0.01936300
v -0.03727200 -0.00607200 -0.01926000
v -0.03727200 -0.00607200 -0.01936300
v -0.03704000 -0.00616900 -0.01926000
v -0.03704000 -0.00616900 -0.01936300
v -0.03684000 -0.00632200 -0.01926000
v -0.03684000 -0.00632200 -0.01936300
v -0.03668700 -0.00652100 -0.01936300
v -0.03668700 -0.00652100 -0.01926000
v -0.03659100 -0.00675300 -0.01936300
v -0.03659100 -0.00675300 -0.01926000
v -0.03655800 -0.00700200 -0.01936300
v -0.03655800 -0.00700200 -0.01926000
v -0.03835400 -0.00652100 -0.01936300
v -0.03835400 -0.00652100 -0.01926000
v -0.03734200 -0.00625500 -0.01936300
v -0.03754200 -0.00623400 -0.01936300
v -0.03715500 -0.00632700 -0.01936300
v -0.03699300 -0.00644500 -0.01936300
v -0.03686600 -0.00660000 -0.01936300
v -0.03678400 -0.00678300 -0.01936300
v -0.03675300 -0.00698200 -0.01936300
v -0.03677400 -0.00718100 -0.01936300
v -0.03684500 -0.00736800 -0.01936300
v -0.03696300 -0.00753100 -0.01936300
v -0.03711900 -0.00765700 -0.01936300
v -0.03730200 -0.00773900 -0.01936300
v -0.03750000 -0.00777000 -0.01936300
v -0.03820100 -0.00632200 -0.01936300
v -0.03774000 -0.00626600 -0.01936300
v -0.03792300 -0.00634800 -0.01936300
v -0.03807800 -0.00647400 -0.01936300
v -0.03819600 -0.00663600 -0.01936300
v -0.03826800 -0.00682300 -0.01936300
v -0.03828900 -0.00702300 -0.01936300
v -0.03825700 -0.00722100 -0.01936300
v -0.03817500 -0.00740400 -0.01936300
v -0.03804900 -0.00756000 -0.01936300
v -0.03788700 -0.00767800 -0.01936300
v -0.03770000 -0.00774900 -0.01936300
v -0.03820100 -0.00632200 -0.01926000
v -0.03754200 -0.00623400 -0.01926000
v -0.03774000 -0.00626600 -0.01926000
v -0.03792300 -0.00634800 -0.01926000
v -0.03807800 -0.00647400 -0.01926000
v -0.03819600 -0.00663600 -0.01926000
v -0.03826800 -0.00682300 -0.01926000
v -0.03828900 -0.00702300 -0.01926000
v -0.03825700 -0.00722100 -0.01926000
v -0.03817500 -0.00740400 -0.01926000
v -0.03804900 -0.00756000 -0.01926000
v -0.03788700 -0.00767800 -0.01926000
v -0.03770000 -0.00774900 -0.01926000
v -0.03750000 -0.00777000 -0.01926000
v -0.03734200 -0.00625500 -0.01926000
v -0.03715500 -0.00632700 -0.01926000
v -0.03699300 -0.00644500 -0.01926000
v -0.03686600 -0.00660000 -0.01926000
v -0.03678400 -0.00678300 -0.01926000
v -0.03675300 -0.00698200 -0.01926000
v -0.03677400 -0.00718100 -0.01926000
v -0.03684500 -0.00736800 -0.01926000
v -0.03696300 -0.00753100 -0.01926000
v -0.03711900 -0.00765700 -0.01926000
v -0.03730200 -0.00773900 -0.01926000
v 0.00131100 -0.00726700 -0.01936300
v 0.00120800 -0.00751400 -0.01936300
v 0.00131100 -0.00726700 -0.01926000
v 0.00120800 -0.00751400 -0.01926000
v 0.00104600 -0.00772600 -0.01936300
v 0.00104600 -0.00772600 -0.01926000
v 0.00083400 -0.00788900 -0.01936300
v 0.00083400 -0.00788900 -0.01926000
v 0.00058700 -0.00799100 -0.01936300
v 0.00058700 -0.00799100 -0.01926000
v 0.00032100 -0.00802600 -0.01936300
v 0.00032100 -0.00802600 -0.01926000
v 0.00005600 -0.00799100 -0.01936300
v 0.00005600 -0.00799100 -0.01926000
v -0.00019100 -0.00788900 -0.01936300
v -0.00019100 -0.00788900 -0.01926000
v -0.00040300 -0.00772600 -0.01936300
v -0.00040300 -0.00772600 -0.01926000
v -0.00056600 -0.00751400 -0.01936300
v -0.00056600 -0.00751400 -0.01926000
v -0.00066800 -0.00726700 -0.01936300
v -0.00066800 -0.00726700 -0.01926000
v -0.00070300 -0.00700200 -0.01936300
v -0.00070300 -0.00700200 -0.01926000
v -0.00066800 -0.00673700 -0.01936300
v -0.00066800 -0.00673700 -0.01926000
v -0.00056600 -0.00649000 -0.01936300
v -0.00056600 -0.00649000 -0.01926000
v 0.00005600 -0.00601300 -0.01926000
v 0.00005600 -0.00601300 -0.01936300
v 0.00032100 -0.00597800 -0.01926000
v 0.00032100 -0.00597800 -0.01936300
v 0.00058700 -0.00601300 -0.01926000
v 0.00058700 -0.00601300 -0.01936300
v 0.00083400 -0.00611500 -0.01926000
v 0.00083400 -0.00611500 -0.01936300
v 0.00104600 -0.00627800 -0.01926000
v 0.00104600 -0.00627800 -0.01936300
v 0.00120800 -0.00649000 -0.01936300
v 0.00120800 -0.00649000 -0.01926000
v 0.00131100 -0.00673700 -0.01936300
v 0.00131100 -0.00673700 -0.01926000
v 0.00134600 -0.00700200 -0.01936300
v 0.00134600 -0.00700200 -0.01926000
v -0.00040300 -0.00627800 -0.01936300
v -0.00040300 -0.00627800 -0.01926000
v -0.00019100 -0.00611500 -0.01936300
v -0.00019100 -0.00611500 -0.01926000
v 0.03890600 -0.00720100 -0.00825100
v 0.03882900 -0.00738600 -0.00825100
v 0.03870700 -0.00754500 -0.00825100
v 0.03796500 -0.00774400 -0.00825100
v 0.03816400 -0.00777000 -0.00825100
v 0.03778000 -0.00766700 -0.00825100
v 0.03762100 -0.00754500 -0.00825100
v 0.03749800 -0.00738600 -0.00825100
v 0.03742200 -0.00720100 -0.00825100
v 0.03739600 -0.00700200 -0.00825100
v 0.03742200 -0.00680300 -0.00825100
v 0.03749800 -0.00661800 -0.00825100
v 0.03762100 -0.00645900 -0.00825100
v 0.03778000 -0.00633700 -0.00825100
v 0.03796500 -0.00626000 -0.00825100
v 0.03816400 -0.00623400 -0.00825100
v 0.03836200 -0.00626000 -0.00825100
v 0.03854800 -0.00633700 -0.00825100
v 0.03870700 -0.00645900 -0.00825100
v 0.03882900 -0.00661800 -0.00825100
v 0.03890600 -0.00680300 -0.00825100
v 0.03893200 -0.00700200 -0.00825100
v 0.03854800 -0.00766700 -0.00825100
v 0.03836200 -0.00774400 -0.00825100
v -0.03758100 0.01066200 -0.01936300
v -0.03777700 0.01062000 -0.01936300
v -0.03738100 0.01065100 -0.01936300
v -0.03719000 0.01058900 -0.01936300
v -0.03795600 0.01052900 -0.01936300
v -0.03702200 0.01048000 -0.01936300
v -0.03810500 0.01039500 -0.01936300
v -0.03688800 0.01033100 -0.01936300
v -0.03821400 0.01022700 -0.01936300
v -0.03679700 0.01015200 -0.01936300
v -0.03827600 0.01003600 -0.01936300
v -0.03675500 0.00995600 -0.01936300
v -0.03828700 0.00983600 -0.01936300
v -0.03676600 0.00975600 -0.01936300
v -0.03824500 0.00964000 -0.01936300
v -0.03682800 0.00956500 -0.01936300
v -0.03815400 0.00946100 -0.01936300
v -0.03693700 0.00939700 -0.01936300
v -0.03802000 0.00931200 -0.01936300
v -0.03708600 0.00926300 -0.01936300
v -0.03785200 0.00920300 -0.01936300
v -0.03726500 0.00917200 -0.01936300
v -0.03766100 0.00914100 -0.01936300
v -0.03746100 0.00913000 -0.01936300
v -0.03679700 0.01015200 -0.01926000
v -0.03675500 0.00995600 -0.01926000
v -0.03679700 0.01015200 -0.00825100
v -0.03675500 0.00995600 -0.00825100
v -0.03676600 0.00975600 -0.01926000
v -0.03676600 0.00975600 -0.00825100
v -0.03682800 0.00956500 -0.01926000
v -0.03682800 0.00956500 -0.00825100
v -0.03693700 0.00939700 -0.01926000
v -0.03693700 0.00939700 -0.00825100
v -0.03708600 0.00926300 -0.01926000
v -0.03708600 0.00926300 -0.00825100
v -0.03726500 0.00917200 -0.01926000
v -0.03726500 0.00917200 -0.00825100
v -0.03746100 0.00913000 -0.01926000
v -0.03746100 0.00913000 -0.00825100
v -0.03766100 0.00914100 -0.01926000
v -0.03766100 0.00914100 -0.00825100
v -0.03785200 0.00920300 -0.01926000
v -0.03785200 0.00920300 -0.00825100
v -0.03802000 0.00931200 -0.01926000
v -0.03802000 0.00931200 -0.00825100
v -0.03815400 0.00946100 -0.01926000
v -0.03815400 0.00946100 -0.00825100
v -0.03824500 0.00964000 -0.01926000
v -0.03824500 0.00964000 -0.00825100
v -0.03828700 0.00983600 -0.01926000
v -0.03828700 0.00983600 -0.00825100
v -0.03827600 0.01003600 -0.01926000
v -0.03827600 0.01003600 -0.00825100
v -0.03821400 0.01022700 -0.01926000
v -0.03821400 0.01022700 -0.00825100
v -0.03810500 0.01039500 -0.01926000
v -0.03810500 0.01039500 -0.00825100
v -0.03795600 0.01052900 -0.00825100
v -0.03795600 0.01052900 -0.01926000
v -0.03777700 0.01062000 -0.00825100
v -0.03777700 0.01062000 -0.01926000
v -0.03758100 0.01066200 -0.00825100
v -0.03758100 0.01066200 -0.01926000
v -0.03738100 0.01065100 -0.00825100
v -0.03738100 0.01065100 -0.01926000
v -0.03719000 0.01058900 -0.00825100
v -0.03719000 0.01058900 -0.01926000
v -0.03702200 0.01048000 -0.00825100
v -0.03702200 0.01048000 -0.01926000
v -0.03688800 0.01033100 -0.01926000
v -0.03688800 0.01033100 -0.00825100
v -0.03678400 -0.00678300 -0.00825100
v -0.03675300 -0.00698200 -0.00825100
v -0.03711900 -0.00765700 -0.00825100
v -0.03696300 -0.00753100 -0.00825100
v -0.03730200 -0.00773900 -0.00825100
v -0.03750000 -0.00777000 -0.00825100
v -0.03770000 -0.00774900 -0.00825100
v -0.03788700 -0.00767800 -0.00825100
v -0.03804900 -0.00756000 -0.00825100
v -0.03817500 -0.00740400 -0.00825100
v -0.03825700 -0.00722100 -0.00825100
v -0.03828900 -0.00702300 -0.00825100
v -0.03826800 -0.00682300 -0.00825100
v -0.03819600 -0.00663600 -0.00825100
v -0.03807800 -0.00647400 -0.00825100
v -0.03792300 -0.00634800 -0.00825100
v -0.03774000 -0.00626600 -0.00825100
v -0.03754200 -0.00623400 -0.00825100
v -0.03734200 -0.00625500 -0.00825100
v -0.03715500 -0.00632700 -0.00825100
v -0.03699300 -0.00644500 -0.00825100
v -0.03686600 -0.00660000 -0.00825100
v -0.03677400 -0.00718100 -0.00825100
v -0.03684500 -0.00736800 -0.00825100
v 0.00106300 0.00969700 -0.00825100
v 0.00098700 0.00951200 -0.00825100
v 0.00086500 0.00935300 -0.00825100
v 0.00070500 0.00923100 -0.00825100
v 0.00052000 0.00915400 -0.00825100
v 0.00032100 0.00912800 -0.00825100
v 0.00012300 0.00915400 -0.00825100
v -0.00006300 0.00923100 -0.00825100
v -0.00022200 0.00935300 -0.00825100
v -0.00034400 0.00951200 -0.00825100
v -0.00042100 0.00969700 -0.00825100
v -0.00044700 0.00989600 -0.00825100
v -0.00042100 0.01009500 -0.00825100
v -0.00034400 0.01028000 -0.00825100
v -0.00022200 0.01043900 -0.00825100
v -0.00006300 0.01056100 -0.00825100
v 0.00012300 0.01063800 -0.00825100
v 0.00032100 0.01066400 -0.00825100
v 0.00052000 0.01063800 -0.00825100
v 0.00070500 0.01056100 -0.00825100
v 0.00086500 0.01043900 -0.00825100
v 0.00098700 0.01028000 -0.00825100
v 0.00106300 0.01009500 -0.00825100
v 0.00109000 0.00989600 -0.00825100
v -0.03653200 0.00963100 -0.01936300
v -0.03663400 0.00938400 -0.01936300
v -0.03653200 0.00963100 -0.01926000
v -0.03663400 0.00938400 -0.01926000
v -0.03679700 0.00917200 -0.01936300
v -0.03679700 0.00917200 -0.01926000
v -0.03778600 0.00890700 -0.01936300
v -0.03778600 0.00890700 -0.01926000
v -0.03752100 0.00887200 -0.01936300
v -0.03752100 0.00887200 -0.01926000
v -0.03803300 0.00900900 -0.01936300
v -0.03803300 0.00900900 -0.01926000
v -0.03824500 0.00917200 -0.01936300
v -0.03824500 0.00917200 -0.01926000
v -0.03840800 0.00938400 -0.01936300
v -0.03840800 0.00938400 -0.01926000
v -0.03851000 0.00963100 -0.01936300
v -0.03851000 0.00963100 -0.01926000
v -0.03854500 0.00989600 -0.01936300
v -0.03854500 0.00989600 -0.01926000
v -0.03851000 0.01016100 -0.01936300
v -0.03851000 0.01016100 -0.01926000
v -0.03840800 0.01040800 -0.01936300
v -0.03840800 0.01040800 -0.01926000
v -0.03824500 0.01062000 -0.01936300
v -0.03824500 0.01062000 -0.01926000
v -0.03803300 0.01078300 -0.01926000
v -0.03803300 0.01078300 -0.01936300
v -0.03778600 0.01088600 -0.01926000
v -0.03778600 0.01088600 -0.01936300
v -0.03752100 0.01092000 -0.01926000
v -0.03752100 0.01092000 -0.01936300
v -0.03725600 0.01088600 -0.01926000
v -0.03725600 0.01088600 -0.01936300
v -0.03700900 0.01078300 -0.01926000
v -0.03700900 0.01078300 -0.01936300
v -0.03679700 0.01062000 -0.01926000
v -0.03679700 0.01062000 -0.01936300
v -0.03663400 0.01040800 -0.01936300
v -0.03663400 0.01040800 -0.01926000
v -0.03653200 0.01016100 -0.01936300
v -0.03653200 0.01016100 -0.01926000
v -0.03649700 0.00989600 -0.01936300
v -0.03649700 0.00989600 -0.01926000
v -0.03700900 0.00900900 -0.01936300
v -0.03700900 0.00900900 -0.01926000
v -0.03725600 0.00890700 -0.01936300
v -0.03725600 0.00890700 -0.01926000
v 0.03881200 0.01068900 -0.01926000
v 0.03899500 0.01049500 -0.01926000
v 0.03912100 0.01025900 -0.01926000
v 0.03918300 0.00999900 -0.01926000
v 0.03917400 0.00973200 -0.01926000
v 0.03909700 0.00947600 -0.01926000
v 0.03895700 0.00924800 -0.01926000
v 0.03876200 0.00906500 -0.01926000
v 0.03751600 0.00910300 -0.01926000
v 0.03774300 0.00896200 -0.01926000
v 0.03852600 0.00893900 -0.01926000
v 0.03799900 0.00888500 -0.01926000
v 0.03826600 0.00887700 -0.01926000
v 0.03806100 0.01091500 -0.01926000
v 0.03780100 0.01085400 -0.01926000
v 0.03832800 0.01090700 -0.01926000
v 0.03858400 0.01083000 -0.01926000
v 0.03756500 0.01072700 -0.01926000
v 0.03737100 0.01054400 -0.01926000
v 0.03723000 0.01031700 -0.01926000
v 0.03715300 0.01006100 -0.01926000
v 0.03714500 0.00979400 -0.01926000
v 0.03720600 0.00953300 -0.01926000
v 0.03733200 0.00929800 -0.01926000
v -0.04878600 0.01143200 0.00575500
v -0.02479600 0.01143200 0.00575500
v -0.04878600 -0.00792400 0.00575500
v -0.02479600 -0.00792400 0.00575500
v -0.02402800 0.01143200 0.00575500
v -0.00006300 0.01143200 0.00575500
v -0.02402800 -0.00792400 0.00575500
v -0.00006300 -0.00792400 0.00575500
v 0.04942900 0.01143200 0.00575500
v 0.02546400 0.01143200 0.00575500
v 0.04942900 -0.00792400 0.00575500
v 0.02546400 -0.00792400 0.00575500
v 0.00070500 0.01143200 0.00575500
v 0.02469600 0.01143200 0.00575500
v 0.00070500 -0.00792400 0.00575500
v 0.02469600 -0.00792400 0.00575500
v -0.04609800 -0.00830800 -0.00354000
v -0.04609800 -0.00830800 0.01504900
v -0.02749700 -0.00830800 -0.00354000
v -0.02749700 -0.00830800 0.01504900
v 0.00339400 -0.00830800 -0.00354000
v 0.00339400 -0.00830800 0.01504900
v 0.02199500 -0.00830800 -0.00354000
v 0.02199500 -0.00830800 0.01504900
v -0.02135200 -0.00830800 -0.00354000
v -0.02135200 -0.00830800 0.01504900
v -0.00275100 -0.00830800 -0.00354000
v -0.00275100 -0.00830800 0.01504900
v 0.02814000 -0.00830800 -0.00354000
v 0.02814000 -0.00830800 0.01504900
v 0.04674100 -0.00830800 -0.00354000
v 0.04674100 -0.00830800 0.01504900
v 0.05019700 0.01168800 0.01976000
v -0.04955500 -0.00879400 0.01976000
v 0.05019700 -0.00879400 0.01976000
v -0.04955500 0.01168800 0.01976000
v -0.04955500 0.01168800 -0.00661200
v -0.04955500 -0.00792400 0.01812100
v -0.04955500 0.01168800 0.01812100
v -0.04955500 -0.00792400 -0.00661200
v 0.05019700 0.01168800 -0.00825100
v 0.05019700 0.01168800 0.01812100
v 0.05019700 0.01168800 -0.00661200
v -0.04955500 0.01168800 -0.00825100
v 0.05019700 -0.00879400 -0.00825100
v -0.04955500 -0.00879400 -0.00825100
v 0.05019700 -0.00879400 0.01812100
v 0.05019700 -0.00792400 0.01812100
v 0.02469600 -0.00792400 0.01812100
v 0.02469600 0.01143200 0.01812100
v 0.00070500 0.01143200 0.01812100
v 0.00070500 -0.00792400 0.01812100
v -0.00006300 -0.00792400 0.01812100
v -0.00006300 0.01143200 0.01812100
v -0.02402800 0.01143200 0.01812100
v -0.02402800 -0.00792400 0.01812100
v -0.02479600 -0.00792400 0.01812100
v -0.02479600 0.01143200 0.01812100
v -0.04878600 0.01143200 0.01812100
v -0.04878600 -0.00792400 0.01812100
v -0.04955500 -0.00879400 0.01812100
v 0.05019700 -0.00792400 -0.00661200
v -0.04955500 -0.00879400 -0.00661200
v -0.04878600 -0.00792400 -0.00661200
v -0.04878600 0.01143200 -0.00661200
v -0.02479600 0.01143200 -0.00661200
v -0.02479600 -0.00792400 -0.00661200
v -0.02402800 -0.00792400 -0.00661200
v -0.02402800 0.01143200 -0.00661200
v -0.00006300 0.01143200 -0.00661200
v -0.00006300 -0.00792400 -0.00661200
v 0.00070500 -0.00792400 -0.00661200
v 0.00070500 0.01143200 -0.00661200
v 0.02469600 0.01143200 -0.00661200
v 0.02469600 -0.00792400 -0.00661200
v 0.05019700 -0.00879400 -0.00661200
v 0.02546400 -0.00792400 0.01812100
v 0.02546400 -0.00792400 -0.00661200
v 0.02546400 0.01143200 0.01812100
v 0.04942900 -0.00792400 0.01812100
v 0.04942900 0.01143200 0.01812100
v 0.04942900 -0.00792400 -0.00661200
v 0.04942900 0.01143200 -0.00661200
v 0.02546400 0.01143200 -0.00661200
v 0.04674100 -0.00869200 0.01504900
v 0.04674100 -0.00869200 -0.00354000
v 0.02814000 -0.00869200 -0.00354000
v 0.02814000 -0.00869200 0.01504900
v 0.04674100 -0.00792400 -0.00354000
v 0.04674100 -0.00792400 0.01504900
v 0.02814000 -0.00792400 -0.00354000
v 0.02814000 -0.00792400 0.01504900
v 0.04981300 -0.00869200 -0.00661200
v 0.04981300 -0.00792400 0.01812100
v 0.04981300 -0.00869200 0.01812100
v 0.04981300 -0.00792400 -0.00661200
v 0.02506700 -0.00869200 0.01812100
v 0.02506700 -0.00869200 -0.00661200
v -0.04917000 -0.00792400 -0.00661200
v -0.04917000 -0.00869200 0.01812100
v -0.04917000 -0.00792400 0.01812100
v -0.04917000 -0.00869200 -0.00661200
v -0.02442400 -0.00792400 -0.00661200
v -0.02749700 -0.00792400 -0.00354000
v -0.02442400 -0.00792400 0.01812100
v -0.04609800 -0.00792400 -0.00354000
v -0.02749700 -0.00792400 0.01504900
v -0.04609800 -0.00792400 0.01504900
v 0.00032100 -0.00792400 -0.00661200
v -0.00275100 -0.00792400 -0.00354000
v 0.00032100 -0.00792400 0.01812100
v -0.02135200 -0.00792400 -0.00354000
v -0.02135200 -0.00792400 0.01504900
v -0.00275100 -0.00792400 0.01504900
v 0.02506700 -0.00792400 -0.00661200
v 0.02199500 -0.00792400 -0.00354000
v 0.02506700 -0.00792400 0.01812100
v 0.00339400 -0.00792400 -0.00354000
v 0.00339400 -0.00792400 0.01504900
v 0.02199500 -0.00792400 0.01504900
v 0.02199500 -0.00869200 0.01504900
v 0.00339400 -0.00869200 0.01504900
v 0.00032100 -0.00869200 0.01812100
v 0.00339400 -0.00869200 -0.00354000
v 0.02199500 -0.00869200 -0.00354000
v 0.00032100 -0.00869200 -0.00661200
v -0.02442400 -0.00869200 -0.00661200
v -0.02442400 -0.00869200 0.01812100
v -0.02749700 -0.00869200 0.01504900
v -0.04609800 -0.00869200 0.01504900
v -0.04609800 -0.00869200 -0.00354000
v -0.02749700 -0.00869200 -0.00354000
v -0.00275100 -0.00869200 0.01504900
v -0.02135200 -0.00869200 0.01504900
v -0.02135200 -0.00869200 -0.00354000
v -0.00275100 -0.00869200 -0.00354000
vn 0.71863155 -0.67959993 -0.14735206
vn 0.73315388 0.67880229 0.04138640
vn 0.73315388 -0.67880229 0.04138640
vn 0.71863155 0.67959993 -0.14735206
vn 0.69724120 0.67856190 0.23110271
vn 0.69724120 -0.67856190 0.23110271
vn 0.61383150 0.67973623 0.40145927
vn 0.61383150 -0.67973623 0.40145927
vn 0.48937793 0.67767825 0.54887287
vn 0.48937793 -0.67767825 0.54887287
vn 0.32748818 -0.67929316 0.65674370
vn 0.32748818 0.67929316 0.65674370
vn 0.14889600 -0.67917915 0.71871111
vn 0.14889600 0.67917915 0.71871111
vn -0.04138640 -0.67880229 0.73315388
vn -0.04138640 0.67880229 0.73315388
vn -0.23110271 -0.67856190 0.69724120
vn -0.23110271 0.67856190 0.69724120
vn -0.40145927 -0.67973623 0.61383150
vn -0.40145927 0.67973623 0.61383150
vn -0.54666965 -0.67839503 0.49084873
vn -0.54666965 0.67839503 0.49084873
vn -0.65427260 0.67936268 0.33225549
vn -0.65427260 -0.67936268 0.33225549
vn -0.71884879 0.67839107 0.15179581
vn -0.71884879 -0.67839107 0.15179581
vn -0.73315388 0.67880229 -0.04138640
vn -0.73315388 -0.67880229 -0.04138640
vn -0.69724120 0.67856190 -0.23110271
vn -0.69724120 -0.67856190 -0.23110271
vn -0.61268434 0.67876491 -0.40484084
vn -0.61268434 -0.67876491 -0.40484084
vn -0.48767307 0.67936507 -0.54830473
vn -0.48767307 -0.67936507 -0.54830473
vn -0.32891164 -0.67815484 -0.65720861
vn -0.32891164 0.67815484 -0.65720861
vn -0.14735206 -0.67959993 -0.71863155
vn -0.14735206 0.67959993 -0.71863155
vn 0.04226013 -0.67856056 -0.73332779
vn 0.04226013 0.67856056 -0.73332779
vn 0.22980728 -0.67936028 -0.69689183
vn 0.22980728 0.67936028 -0.69689183
vn 0.40301880 -0.67833759 -0.61435654
vn 0.40301880 0.67833759 -0.61435654
vn 0.54484467 -0.68029766 -0.49024421
vn 0.54484467 0.68029766 -0.49024421
vn 0.65637646 -0.67710170 -0.33272094
vn 0.65637646 0.67710170 -0.33272094
vn 0.70785799 -0.68042293 0.18963572
vn 0.70817824 -0.68024611 -0.18907355
vn 0.73550533 -0.67751864 0.00062805
vn 0.63799199 -0.67820884 0.36469026
vn 0.63799199 -0.67820884 -0.36469026
vn 0.51934056 -0.67865364 0.51934056
vn 0.51934056 -0.67865364 -0.51934056
vn 0.36469026 -0.67820884 0.63799199
vn 0.36469026 -0.67820884 -0.63799199
vn 0.18963572 -0.68042293 0.70785799
vn 0.18963572 -0.68042293 -0.70785799
vn 0.00062805 -0.67751864 0.73550533
vn 0.00062805 -0.67751864 -0.73550533
vn -0.18907355 -0.68024611 0.70817824
vn -0.18907355 -0.68024611 -0.70817824
vn -0.36469026 -0.67820884 0.63799199
vn -0.36469026 -0.67820884 -0.63799199
vn -0.52258002 -0.67763401 0.51741886
vn -0.52258002 -0.67763401 -0.51741886
vn -0.63591558 -0.68042439 0.36418956
vn -0.63591558 -0.68042439 -0.36418956
vn -0.70781820 -0.67922913 0.19401337
vn -0.70814076 -0.67905306 -0.19345182
vn -0.73550533 -0.67751864 0.00062805
vn 0.63799199 0.67820884 0.36469026
vn 0.70785799 0.68042293 0.18963572
vn 0.51934056 0.67865364 0.51934056
vn 0.36469026 0.67820884 0.63799199
vn 0.18963572 0.68042293 0.70785799
vn 0.00062805 0.67751864 0.73550533
vn -0.18907355 0.68024611 0.70817824
vn -0.36469026 0.67820884 0.63799199
vn -0.52258002 0.67763401 0.51741886
vn -0.63591558 0.68042439 0.36418956
vn -0.70781820 0.67922913 0.19401337
vn -0.73550533 0.67751864 0.00062805
vn -0.70814076 0.67905306 -0.19345182
vn -0.63591558 0.68042439 -0.36418956
vn -0.52258002 0.67763401 -0.51741886
vn -0.36469026 0.67820884 -0.63799199
vn -0.18907355 0.68024611 -0.70817824
vn 0.00062805 0.67751864 -0.73550533
vn 0.18963572 0.68042293 -0.70785799
vn 0.36469026 0.67820884 -0.63799199
vn 0.51934056 0.67865364 -0.51934056
vn 0.63799199 0.67820884 -0.36469026
vn 0.70817824 0.68024611 -0.18907355
vn 0.73550533 0.67751864 0.00062805
vn 0.72356773 -0.67980469 0.11964664
vn 0.66932629 0.67766112 0.30459435
vn 0.66932629 -0.67766112 0.30459435
vn 0.72356773 0.67980469 0.11964664
vn 0.56341429 0.67846802 0.47142919
vn 0.56341429 -0.67846802 0.47142919
vn 0.42374760 -0.68011711 0.59822963
vn 0.42374760 0.68011711 0.59822963
vn 0.25433844 -0.67733100 0.69031490
vn 0.25433844 0.67733100 0.69031490
vn 0.06485495 0.67987778 0.73045194
vn 0.06485495 -0.67987778 0.73045194
vn -0.11964664 -0.67980469 0.72356773
vn -0.11964664 0.67980469 0.72356773
vn -0.30459435 -0.67766112 0.66932629
vn -0.30459435 0.67766112 0.66932629
vn -0.47142919 0.67846802 0.56341429
vn -0.47142919 -0.67846802 0.56341429
vn -0.59822963 0.68011711 0.42374760
vn -0.59822963 -0.68011711 0.42374760
vn -0.68766787 0.67858410 0.25814051
vn -0.68766787 -0.67858410 0.25814051
vn -0.73120245 0.67861889 0.06942178
vn -0.73120245 -0.67861889 0.06942178
vn -0.72396159 0.67857963 -0.12413420
vn -0.72396159 -0.67857963 -0.12413420
vn -0.66602235 0.67819151 -0.31059701
vn -0.66602235 -0.67819151 -0.31059701
vn -0.56282471 0.68010389 -0.46977339
vn -0.56282471 -0.68010389 -0.46977339
vn -0.42842362 -0.67978406 -0.59527039
vn -0.42842362 0.67978406 -0.59527039
vn -0.25575294 0.67645562 -0.69065058
vn -0.25575294 -0.67645562 -0.69065058
vn -0.06387042 -0.68015031 -0.73028496
vn -0.06387042 0.68015031 -0.73028496
vn 0.12100735 -0.67943245 -0.72369107
vn 0.12100735 0.67943245 -0.72369107
vn 0.30565831 0.67803101 -0.66846611
vn 0.30565831 -0.67803101 -0.66846611
vn 0.46829181 -0.67941024 -0.56489336
vn 0.46829181 0.67941024 -0.56489336
vn 0.60019444 0.67803933 -0.42429859
vn 0.60019444 -0.67803933 -0.42429859
vn 0.68809325 0.67971950 -0.25398638
vn 0.68809325 -0.67971950 -0.25398638
vn 0.73120245 -0.67861889 -0.06942178
vn 0.73120245 0.67861889 -0.06942178
vn 0.69694175 -0.67741476 -0.23533262
vn 0.73169555 0.68008632 -0.04587177
vn 0.73169555 -0.68008632 -0.04587177
vn 0.69694175 0.67741476 -0.23533262
vn 0.72069695 0.67831812 0.14310986
vn 0.72069695 -0.67831812 0.14310986
vn 0.65720861 0.67815484 0.32891164
vn 0.65720861 -0.67815484 0.32891164
vn 0.54970934 0.68021167 0.48490383
vn 0.54970934 -0.68021167 0.48490383
vn 0.41059544 -0.67907190 0.60850040
vn 0.41059544 0.67907190 0.60850040
vn 0.23607965 -0.67765549 0.69645490
vn 0.23607965 0.67765549 0.69645490
vn 0.04702183 -0.67992294 0.73177438
vn 0.04702183 0.67992294 0.73177438
vn -0.14439229 -0.67782038 0.72090943
vn -0.14439229 0.67782038 0.72090943
vn -0.32748818 -0.67929316 0.65674370
vn -0.32748818 0.67929316 0.65674370
vn -0.48342310 -0.67949024 0.55190137
vn -0.48342310 0.67949024 0.55190137
vn -0.61166783 0.67792265 0.40777855
vn -0.61166783 -0.67792265 0.40777855
vn -0.69471805 0.67981877 0.23497503
vn -0.69471805 -0.67981877 0.23497503
vn -0.73256468 0.67882826 0.05041014
vn -0.73256468 -0.67882826 0.05041014
vn -0.72069695 0.67831812 -0.14310986
vn -0.72069695 -0.67831812 -0.14310986
vn -0.65720861 0.67815484 -0.32891164
vn -0.65720861 -0.67815484 -0.32891164
vn -0.54970934 0.68021167 -0.48490383
vn -0.54970934 -0.68021167 -0.48490383
vn -0.41059544 -0.67907190 -0.60850040
vn -0.41059544 0.67907190 -0.60850040
vn -0.23533262 -0.67741476 -0.69694175
vn -0.23533262 0.67741476 -0.69694175
vn -0.04587177 -0.68008632 -0.73169555
vn -0.04587177 0.68008632 -0.73169555
vn 0.14310986 -0.67831812 -0.72069695
vn 0.14310986 0.67831812 -0.72069695
vn 0.32891164 -0.67815484 -0.65720861
vn 0.32891164 0.67815484 -0.65720861
vn 0.48490383 -0.68021167 -0.54970934
vn 0.48490383 0.68021167 -0.54970934
vn 0.60850040 -0.67907190 -0.41059544
vn 0.60850040 0.67907190 -0.41059544
vn -0.00000000 0.00000000 -0.00000000
vn 0.00000000 -0.00000000 -0.00000000
vn 0.00000000 -0.00000000 0.00000000
vn -0.00000000 0.00000000 0.00000000
vn -0.00000000 0.00000000 -0.00000000
vn 0.00000000 -0.00000000 0.00000000
vn -0.00000000 -0.00000000 0.00000000
vn 0.00000000 0.00000000 -0.00000000
vn 0.00000000 0.00000000 -0.00000000
vn -0.00000000 -0.00000000 0.00000000
vn 0.00000000 0.00000000 0.00000000
vn -0.00000000 -0.00000000 0.00000000
vn 0.00000000 0.00000000 0.00000000
vn -0.00000000 -0.00000000 0.00000000
vn -0.00000000 -0.00000000 0.00000000
vn 0.00000000 0.00000000 -0.00000000
vn 0.00000000 -0.00000000 0.00000000
vn 0.00000000 0.00000000 -0.00000000
vn 0.00000000 -0.00000000 0.00000000
vn -0.00000000 0.00000000 -0.00000000
vn -0.00000000 0.00000000 0.00000000
vn 0.00000000 -0.00000000 0.00000000
vn -0.00000000 0.00000000 0.00000000
vn 0.00000000 -0.00000000 0.00000000
vn 0.00000000 -0.00000000 0.00000000
vn -0.00000000 0.00000000 0.00000000
vn -0.00000000 0.00000000 -0.00000000
vn 0.00000000 -0.00000000 -0.00000000
vn -0.00000000 -0.00000000 0.00000000
vn 0.00000000 0.00000000 -0.00000000
vn -0.00000000 -0.00000000 0.00000000
vn 0.00000000 0.00000000 0.00000000
vn 0.00000000 0.00000000 -0.00000000
vn -0.00000000 -0.00000000 -0.00000000
vn 0.00000000 0.00000000 -0.00000000
vn -0.00000000 -0.00000000 0.00000000
vn -0.00000000 -0.00000000 -0.00000000
vn 0.00000000 0.00000000 0.00000000
vn 0.00000000 0.00000000 -0.00000000
vn -0.00000000 -0.00000000 -0.00000000
vn 0.00000000 0.00000000 -0.00000000
vn -0.00000000 -0.00000000 0.00000000
vn -0.00000000 0.00000000 -0.00000000
vn 0.00000000 -0.00000000 0.00000000
vn 0.00000000 -0.00000000 0.00000000
vn -0.00000000 0.00000000 0.00000000
vn 0.00000000 -0.00000000 0.00000000
vn -0.00000000 0.00000000 0.00000000
vn 0.00000000 -0.00000000 0.00000000
vn 0.00000000 -0.00000000 -0.00000000
vn 0.00000000 -0.00000000 0.00000000
vn 0.00000000 -0.00000000 0.00000000
vn -0.00000000 0.00000000 -0.00000000
vn -0.00000000 0.00000000 0.00000000
vn -0.00000000 -0.00000000 0.00000000
vn 0.00000000 -0.00000000 0.00000000
vn -0.00000000 0.00000000 -0.00000000
vn -0.00000000 0.00000000 -0.00000000
vn 0.00000000 -0.00000000 -0.00000000
vn -0.00000000 -0.00000000 0.00000000
vn 0.00000000 -0.00000000 0.00000000
vn -0.00000000 0.00000000 -0.00000000
vn -0.00000000 0.00000000 0.00000000
vn -0.00000000 0.00000000 0.00000000
vn 0.00000000 -0.00000000 -0.00000000
vn -0.00000000 0.00000000 -0.00000000
vn -0.00000000 -0.00000000 -0.00000000
vn -0.00000000 -0.00000000 0.00000000
vn 0.00000000 0.00000000 -0.00000000
vn 0.00000000 -0.00000000 0.00000000
vn -0.00000000 -0.00000000 -0.00000000
vn -0.00000000 0.00000000 0.00000000
vn 0.00000000 -0.00000000 0.00000000
vn -0.00000000 -0.00000000 0.00000000
vn 0.00000000 0.00000000 -0.00000000
vn 0.00000000 0.00000000 -0.00000000
vn -0.00000000 -0.00000000 -0.00000000
vn 0.00000000 0.00000000 0.00000000
vn -0.00000000 -0.00000000 -0.00000000
vn -0.00000000 -0.00000000 -0.00000000
vn 0.00000000 0.00000000 -0.00000000
vn 0.00000000 0.00000000 0.00000000
vn -0.00000000 -0.00000000 0.00000000
vn 0.00000000 0.00000000 -0.00000000
vn 0.00000000 -0.00000000 -0.00000000
vn -0.00000000 0.00000000 0.00000000
vn 0.00000000 -0.00000000 0.00000000
vn 0.00000000 -0.00000000 -0.00000000
vn -0.38245707 0.92397193 -0.00156647
vn -0.00000000 0.00000000 0.00000000
vn 0.38075969 -0.92467403 0.00000000
vn -0.13072636 0.99127947 -0.01660216
vn 0.13020739 -0.99137648 0.01478901
vn -0.00000000 0.00000000 -0.00000000
vn 0.12882228 0.99165851 0.00426884
vn -0.12956664 -0.99154084 -0.00769718
vn -0.00000000 -0.00000000 -0.00000000
vn 0.38258856 0.92384282 -0.01185063
vn -0.38400001 -0.92327708 0.01016988
vn 0.00000000 0.00000000 0.00000000
vn 0.60312821 0.79764113 0.00223381
vn -0.60632033 -0.79522015 -0.00075598
vn -0.00000000 0.00000000 0.00000000
vn 0.00000000 0.00000000 -0.00000000
vn -0.00000000 0.00000000 0.00000000
vn 0.00000000 0.00000000 0.00000000
vn 0.00000000 0.00000000 0.00000000
vn -0.00000000 -0.00000000 -0.00000000
vn 0.00000000 -0.00000000 0.00000000
vn 0.00000000 0.00000000 -0.00000000
vn -0.00000000 -0.00000000 0.00000000
vn -0.00000000 -0.00000000 -0.00000000
vn 0.00000000 0.00000000 -0.00000000
vn -0.00000000 -0.00000000 0.00000000
vn -0.00000000 0.00000000 0.00000000
vn -0.00000000 0.00000000 0.00000000
vn 0.00000000 -0.00000000 -0.00000000
vn -0.60842772 0.79359810 -0.00421526
vn 0.00000000 -0.00000000 -0.00000000
vn 0.60750512 -0.79431370 0.00181075
vn -0.00000000 0.00000000 0.00000000
vn -0.00000000 0.00000000 0.00000000
vn 0.00000000 0.00000000 0.00000000
vn 0.00000000 -0.00000000 0.00000000
vn 0.00000000 -0.00000000 -0.00000000
vn -0.00000000 0.00000000 -0.00000000
vn -0.00000000 0.00000000 0.00000000
vn -0.00000000 0.00000000 0.00000000
vn -0.00000000 -0.00000000 0.00000000
vn 0.00000000 0.00000000 -0.00000000
vn -0.00000000 0.00000000 0.00000000
vn 0.00000000 -0.00000000 -0.00000000
vn -0.00000000 0.00000000 0.00000000
vn 0.00000000 0.00000000 -0.00000000
vn 0.00000000 0.00000000 -0.00000000
vn 0.00000000 0.00000000 -0.00000000
vn 0.00000000 0.00000000 -0.00000000
vn -0.00000000 -0.00000000 0.00000000
vn -0.00000000 -0.00000000 -0.00000000
vn 0.00000000 0.00000000 0.00000000
vn 0.00000000 0.00000000 0.00000000
vn -0.00000000 -0.00000000 -0.00000000
vn 0.00000000 -0.00000000 0.00000000
vn -0.00000000 0.00000000 -0.00000000
vn -0.00000000 0.00000000 -0.00000000
vn 0.00000000 -0.00000000 0.00000000
vn 0.00000000 -0.00000000 -0.00000000
vn -0.00000000 0.00000000 -0.00000000
vn -0.00000000 0.00000000 0.00000000
vn 0.00000000 -0.00000000 -0.00000000
vn -0.00000000 -0.00000000 -0.00000000
vn 0.00000000 0.00000000 0.00000000
vn -0.00000000 0.00000000 0.00000000
vn -0.00000000 -0.00000000 -0.00000000
vn -0.00000000 -0.00000000 0.00000000
vn -0.00000000 -0.00000000 0.00000000
vn 0.00000000 0.00000000 -0.00000000
vn -0.00000000 -0.00000000 0.00000000
vn 0.00000000 0.00000000 0.00000000
vn -0.00000000 -0.00000000 0.00000000
vn -0.00000000 -0.00000000 0.00000000
vn 0.00000000 0.00000000 -0.00000000
vn 0.00000000 0.00000000 -0.00000000
vn -0.00000000 -0.00000000 0.00000000
vn 0.00000000 -0.00000000 -0.00000000
vn 0.00000000 -0.00000000 -0.00000000
vn 0.00000000 -0.00000000 -0.00000000
vn 0.12880381 0.99160633 0.01124587
vn -0.38430018 -0.92315993 -0.00943969
vn 0.60830107 0.79370178 -0.00270254
vn 0.00000000 0.00000000 0.00000000
vn 0.00000000 0.00000000 -0.00000000
vn -0.00000000 0.00000000 -0.00000000
vn 0.00000000 0.00000000 -0.00000000
vn 0.00000000 -0.00000000 0.00000000
vn -0.00000000 0.00000000 -0.00000000
vn 0.00000000 -0.00000000 0.00000000
vn -0.00000000 0.00000000 0.00000000
vn -0.00000000 0.00000000 0.00000000
vn -0.00000000 0.00000000 -0.00000000
vn -0.13243315 0.99118049 -0.00476344
vn -0.38578432 0.92258824 0.00118396
vn -0.60865027 0.79343849 0.00045113
vn 0.00000000 -0.00000000 0.00000000
vn -0.00000000 0.00000000 -0.00000000
vn 0.00000000 -0.00000000 0.00000000
vn 0.00000000 0.00000000 -0.00000000
vn -0.00000000 -0.00000000 -0.00000000
vn 0.00000000 0.00000000 0.00000000
vn 0.00000000 0.00000000 -0.00000000
vn -0.00000000 -0.00000000 0.00000000
vn -0.00000000 -0.00000000 0.00000000
vn -0.13019935 -0.99145328 -0.00827762
vn 0.12958004 -0.99156336 0.00333357
vn 0.38421335 -0.92324135 0.00234665
vn 0.60532408 -0.79597819 -0.00121445
vn -0.00000000 0.00000000 -0.00000000
vn -0.00000000 0.00000000 0.00000000
vn -0.00000000 -0.00000000 -0.00000000
vn -0.00000000 -0.00000000 0.00000000
vn -0.00000000 -0.00000000 -0.00000000
vn -0.00000000 -0.00000000 0.00000000
vn 0.00000000 0.00000000 -0.00000000
vn -0.00000000 -0.00000000 0.00000000
vn 0.00000000 -0.00000000 -0.00000000
vn 0.38250492 0.92386848 0.01253076
vn -0.60876567 -0.79334919 0.00119674
vn 0.00000000 0.00000000 -0.00000000
vn 0.00000000 0.00000000 -0.00000000
vn 0.00000000 0.00000000 0.00000000
vn 0.00000000 0.00000000 0.00000000
vn 0.00000000 -0.00000000 -0.00000000
vn 0.00000000 -0.00000000 -0.00000000
vn 0.00000000 -0.00000000 -0.00000000
vn 0.00000000 -0.00000000 -0.00000000
vn 0.00000000 -0.00000000 0.00000000
vn -0.00000000 0.00000000 0.00000000
vn -0.00000000 -0.00000000 0.00000000
vn -0.00000000 0.00000000 -0.00000000
vn -0.00000000 0.00000000 -0.00000000
vn 0.00000000 -0.00000000 -0.00000000
vn 0.00000000 0.00000000 -0.00000000
vn -0.12955293 -0.99143589 -0.01645956
vn -0.00000000 0.00000000 0.00000000
vn 0.13015522 -0.99097931 0.03193146
vn -0.38285268 0.92380642 -0.00235140
vn 0.00000000 -0.00000000 0.00000000
vn 0.60708838 -0.79463340 -0.00120615
vn -0.00000000 0.00000000 -0.00000000
vn 0.00000000 -0.00000000 0.00000000
vn -0.00000000 0.00000000 0.00000000
vn -0.00000000 -0.00000000 0.00000000
vn -0.00000000 -0.00000000 0.00000000
vn -0.00000000 -0.00000000 0.00000000
vn 0.00000000 0.00000000 -0.00000000
vn -0.00000000 -0.00000000 -0.00000000
vn -0.00000000 -0.00000000 -0.00000000
vn -0.00000000 -0.00000000 0.00000000
vn -0.00000000 -0.00000000 -0.00000000
vn 0.00000000 0.00000000 0.00000000
vn -0.00000000 -0.00000000 0.00000000
vn 0.00000000 -0.00000000 -0.00000000
vn -0.00000000 -0.00000000 0.00000000
vn -0.38450544 -0.92311027 0.00479449
vn -0.60649003 -0.79509109 0.00000000
vn -0.00000000 -0.00000000 -0.00000000
vn -0.00000000 0.00000000 -0.00000000
vn 0.00000000 0.00000000 0.00000000
vn 0.00000000 0.00000000 -0.00000000
vn 0.00000000 0.00000000 0.00000000
vn 0.00000000 0.00000000 -0.00000000
vn -0.00000000 0.00000000 0.00000000
vn 0.00000000 -0.00000000 0.00000000
vn 0.00000000 -0.00000000 0.00000000
vn 0.00000000 -0.00000000 -0.00000000
vn 0.00000000 -0.00000000 0.00000000
vn 0.00000000 0.00000000 -0.00000000
vn 0.00000000 -0.00000000 -0.00000000
vn -0.00000000 0.00000000 -0.00000000
vn -0.00000000 -0.00000000 0.00000000
vn -0.00000000 0.00000000 0.00000000
vn 0.00000000 0.00000000 0.00000000
vn 0.00000000 0.00000000 -0.00000000
vn -0.00000000 0.00000000 0.00000000
vn 0.00000000 0.00000000 0.00000000
vn 0.00000000 -0.00000000 -0.00000000
vn 0.00000000 0.00000000 0.00000000
vn 0.00000000 -0.00000000 -0.00000000
vn 0.00000000 -0.00000000 -0.00000000
vn 0.00000000 0.00000000 0.00000000
vn 0.00000000 -0.00000000 0.00000000
vn -0.00000000 0.00000000 -0.00000000
vn -0.00000000 0.00000000 -0.00000000
vn 0.00000000 0.00000000 -0.00000000
vn -0.00000000 -0.00000000 -0.00000000
vn 0.00000000 0.00000000 0.00000000
vn -0.00000000 -0.00000000 0.00000000
vn 0.00000000 0.00000000 -0.00000000
vn -0.00000000 0.00000000 0.00000000
vn 0.00000000 -0.00000000 0.00000000
vn 0.00000000 0.00000000 -0.00000000
vn 0.00000000 0.00000000 0.00000000
vn -0.00000000 0.00000000 0.00000000
vn -0.00000000 0.00000000 0.00000000
vn 0.00000000 -0.00000000 0.00000000
vn -0.00000000 -0.00000000 0.00000000
vn 0.00000000 -0.00000000 0.00000000
vn 0.00000000 0.00000000 -0.00000000
vn 0.12882343 0.99166736 0.00060984
vn 0.38241974 0.92398837 -0.00079022
vn 0.60317113 0.79761161 -0.00055833
vn 0.00000000 0.00000000 0.00000000
vn -0.00000000 -0.00000000 -0.00000000
vn 0.00000000 0.00000000 -0.00000000
vn 0.00000000 0.00000000 0.00000000
vn 0.00000000 -0.00000000 0.00000000
vn 0.00000000 -0.00000000 0.00000000
vn -0.00000000 -0.00000000 0.00000000
vn -0.00000000 0.00000000 -0.00000000
vn 0.00000000 -0.00000000 -0.00000000
vn -0.00000000 0.00000000 0.00000000
vn -0.13068076 0.99093369 -0.03119228
vn 0.38076773 -0.92466983 0.00127814
vn -0.60878193 0.79333588 0.00165492
vn 0.00000000 -0.00000000 -0.00000000
vn 0.00000000 0.00000000 -0.00000000
vn -0.00000000 0.00000000 -0.00000000
vn -0.00000000 -0.00000000 0.00000000
vn 0.00000000 0.00000000 -0.00000000
vn 0.00000000 -0.00000000 0.00000000
vn -0.00000000 -0.00000000 0.00000000
vn 0.00000000 0.00000000 -0.00000000
vn 0.00000000 -0.00000000 0.00000000
vn -0.00000000 0.00000000 0.00000000
vn -0.00000000 0.00000000 -0.00000000
vn 0.00000000 -0.00000000 0.00000000
vn 0.00000000 -0.00000000 0.00000000
vn -0.00000000 0.00000000 -0.00000000
vn 0.00000000 -0.00000000 0.00000000
vn -0.00000000 0.00000000 -0.00000000
vn 0.00000000 -0.00000000 -0.00000000
vn -0.00000000 0.00000000 0.00000000
vn -0.00000000 0.00000000 0.00000000
vn 0.00000000 0.00000000 -0.00000000
vn 0.00000000 0.00000000 -0.00000000
vn -0.00000000 -0.00000000 0.00000000
vn 0.00000000 0.00000000 0.00000000
vn 0.00000000 -0.00000000 0.00000000
vn 0.00000000 0.00000000 0.00000000
vn -0.00000000 -0.00000000 -0.00000000
vn -0.00000000 -0.00000000 -0.00000000
vn 0.00000000 0.00000000 -0.00000000
vn 0.00000000 0.00000000 -0.00000000
vn -0.00000000 -0.00000000 -0.00000000
vn -0.00000000 -0.00000000 -0.00000000
vn 0.00000000 0.00000000 -0.00000000
vn 0.00000000 -0.00000000 0.00000000
vn -0.00000000 0.00000000 -0.00000000
vn -0.00000000 0.00000000 0.00000000
vn 0.00000000 -0.00000000 0.00000000
vn 0.00000000 -0.00000000 -0.00000000
vn -0.00000000 0.00000000 0.00000000
vn -0.00000000 0.00000000 0.00000000
vn 0.00000000 0.00000000 0.00000000
vn 0.00000000 0.00000000 -0.00000000
vn -0.00000000 -0.00000000 0.00000000
vn -0.00000000 -0.00000000 0.00000000
vn 0.00000000 0.00000000 -0.00000000
vn 0.00000000 0.00000000 0.00000000
vn -0.00000000 -0.00000000 0.00000000
vn 0.00000000 0.00000000 -0.00000000
vn -0.00000000 -0.00000000 -0.00000000
vn 0.00000000 0.00000000 0.00000000
vn -0.00000000 -0.00000000 0.00000000
vn -0.00000000 -0.00000000 0.00000000
vn 0.00000000 0.00000000 0.00000000
vn 0.00000000 -0.00000000 -0.00000000
vn -0.00000000 0.00000000 0.00000000
vn 0.35943901 0.93316377 -0.00299616
vn -0.10559684 -0.99433374 -0.01223574
vn -0.59570942 -0.80316321 0.00769055
vn -0.00000000 -0.00000000 -0.00000000
vn -0.00000000 -0.00000000 -0.00000000
vn -0.00000000 0.00000000 -0.00000000
vn -0.00000000 0.00000000 0.00000000
vn 0.00000000 -0.00000000 0.00000000
vn -0.00000000 0.00000000 0.00000000
vn 0.00000000 -0.00000000 -0.00000000
vn 0.00000000 -0.00000000 0.00000000
vn -0.00000000 0.00000000 -0.00000000
vn -0.00000000 -0.00000000 -0.00000000
vn -0.00000000 0.00000000 -0.00000000
vn -0.15943989 0.98720099 0.00362314
vn -0.40823944 0.91287342 -0.00163610
vn 0.63083705 -0.77591020 0.00282346
vn -0.00000000 0.00000000 -0.00000000
vn 0.00000000 -0.00000000 0.00000000
vn 0.00000000 0.00000000 -0.00000000
vn -0.00000000 -0.00000000 0.00000000
vn 0.00000000 0.00000000 0.00000000
vn -0.00000000 -0.00000000 0.00000000
vn 0.00000000 0.00000000 0.00000000
vn 0.00000000 0.00000000 0.00000000
vn 0.00000000 -0.00000000 0.00000000
vn 0.10438015 0.99440363 0.01631598
vn 0.15952188 -0.98719359 -0.00125630
vn 0.40857289 -0.91272476 -0.00130469
vn -0.63234634 0.77468561 0.00055926
vn -0.00000000 0.00000000 -0.00000000
vn -0.00000000 0.00000000 0.00000000
vn -0.00000000 -0.00000000 0.00000000
vn -0.00000000 -0.00000000 0.00000000
vn -0.00000000 -0.00000000 -0.00000000
vn -0.00000000 -0.00000000 0.00000000
vn -0.00000000 -0.00000000 -0.00000000
vn -0.00000000 -0.00000000 0.00000000
vn 0.00000000 -0.00000000 0.00000000
vn -0.35932373 -0.93317881 -0.00798526
vn 0.58835986 0.80858643 -0.00454551
vn -0.00000000 0.00000000 0.00000000
vn 0.00000000 0.00000000 -0.00000000
vn 0.00000000 0.00000000 0.00000000
vn 0.00000000 0.00000000 -0.00000000
vn -0.00000000 0.00000000 -0.00000000
vn 0.00000000 -0.00000000 -0.00000000
vn 0.00000000 -0.00000000 -0.00000000
vn 0.00000000 -0.00000000 0.00000000
vn 0.00000000 -0.00000000 0.00000000
vn 0.00000000 -0.00000000 0.00000000
vn 0.00000000 -0.00000000 -0.00000000
vn 0.00000000 0.00000000 0.00000000
vn 0.00000000 -0.00000000 0.00000000
vn 0.00000000 0.00000000 0.00000000
vn 0.00000000 0.00000000 0.00000000
vn 0.00000000 -0.00000000 0.00000000
vn 0.00000000 0.00000000 -0.00000000
vn -0.00000000 0.00000000 -0.00000000
vn 0.00000000 -0.00000000 0.00000000
vn 0.00000000 0.00000000 0.00000000
vn 0.00000000 0.00000000 -0.00000000
vn 0.00000000 0.00000000 -0.00000000
vn -0.00000000 -0.00000000 0.00000000
vn -0.00000000 -0.00000000 0.00000000
vn 0.00000000 0.00000000 -0.00000000
vn 0.00000000 0.00000000 -0.00000000
vn 0.00000000 -0.00000000 0.00000000
vn -0.00000000 -0.00000000 0.00000000
vn 0.00000000 0.00000000 0.00000000
vn 0.00000000 0.00000000 -0.00000000
vn -0.00000000 -0.00000000 -0.00000000
vn 0.00000000 0.00000000 -0.00000000
vn -0.00000000 0.00000000 0.00000000
vn -0.00000000 0.00000000 -0.00000000
vn 0.00000000 -0.00000000 0.00000000
vn 0.00000000 -0.00000000 -0.00000000
vn -0.00000000 0.00000000 0.00000000
vn 0.00000000 -0.00000000 0.00000000
vn -0.00000000 0.00000000 0.00000000
vn 0.00000000 0.00000000 -0.00000000
vn 0.00000000 0.00000000 0.00000000
vn -0.00000000 -0.00000000 -0.00000000
vn 0.00000000 0.00000000 -0.00000000
vn 0.00000000 0.00000000 0.00000000
vn -0.00000000 -0.00000000 -0.00000000
vn 0.00000000 0.00000000 -0.00000000
vn 0.00000000 0.00000000 0.00000000
vn 0.00000000 0.00000000 -0.00000000
vn -0.00000000 0.00000000 0.00000000
vn -0.00000000 -0.00000000 0.00000000
vn 0.00000000 0.00000000 0.00000000
vn 0.00000000 0.00000000 0.00000000
vn -0.00000000 0.00000000 -0.00000000
vn 0.00000000 0.00000000 0.00000000
vn 0.00000000 -0.00000000 -0.00000000
vn 0.00000000 -0.00000000 -0.00000000
vn -0.00000000 0.00000000 0.00000000
vn -0.00000000 0.00000000 0.00000000
vn -0.00000000 0.00000000 0.00000000
vn -0.00000000 -0.00000000 0.00000000
vn -0.00000000 -0.00000000 -0.00000000
vn -0.00000000 0.00000000 0.00000000
vn -0.00000000 0.00000000 0.00000000
vn 0.00000000 0.00000000 0.00000000
vn 0.00000000 0.00000000 0.00000000
vn 0.00000000 0.00000000 -0.00000000
vn 0.00000000 -0.00000000 -0.00000000
vn 0.00000000 -0.00000000 -0.00000000
vn 0.00000000 -0.00000000 -0.00000000
vn 0.00000000 -0.00000000 -0.00000000
vn 0.00000000 -0.00000000 -0.00000000
vn -0.00000000 0.00000000 -0.00000000
vn -0.00000000 -0.00000000 0.00000000
vn -0.00000000 -0.00000000 0.00000000
vn 0.00000000 0.00000000 0.00000000
vn -0.00000000 0.00000000 0.00000000
vn -0.00000000 -0.00000000 0.00000000
vn -0.00000000 -0.00000000 0.00000000
vn -0.00000000 -0.00000000 -0.00000000
vn -0.00000000 0.00000000 0.00000000
vn -0.00000000 0.00000000 -0.00000000
vn -0.00000000 -0.00000000 -0.00000000
vn 0.20756721 -0.97817976 -0.00895558
vn -0.30701091 -0.95162495 0.01242004
vn 0.54646477 0.83748209 0.00000000
vn -0.45318753 0.89140851 -0.00345382
vn 0.00000000 0.00000000 0.00000000
vn -0.66863663 0.74358760 0.00159360
vn 0.00000000 0.00000000 0.00000000
vn 0.00000000 -0.00000000 0.00000000
vn 0.00000000 0.00000000 0.00000000
vn -0.00000000 0.00000000 -0.00000000
vn -0.00000000 -0.00000000 -0.00000000
vn 0.00000000 0.00000000 0.00000000
vn 0.00000000 -0.00000000 -0.00000000
vn 0.00000000 0.00000000 0.00000000
vn -0.00000000 0.00000000 -0.00000000
vn -0.00000000 -0.00000000 -0.00000000
vn 0.00000000 -0.00000000 -0.00000000
vn -0.00000000 -0.00000000 -0.00000000
vn -0.00000000 0.00000000 0.00000000
vn 0.00000000 0.00000000 0.00000000
vn 0.00000000 -0.00000000 0.00000000
vn -0.00000000 0.00000000 0.00000000
vn 0.00000000 -0.00000000 -0.00000000
vn 0.00000000 0.00000000 0.00000000
vn 0.00000000 0.00000000 0.00000000
vn -0.00000000 -0.00000000 0.00000000
vn -0.00000000 -0.00000000 0.00000000
vn 0.00000000 -0.00000000 -0.00000000
vn -0.00000000 0.00000000 -0.00000000
vn 0.00000000 -0.00000000 0.00000000
vn -0.00000000 -0.00000000 -0.00000000
vn -0.00000000 0.00000000 -0.00000000
vn 0.00000000 -0.00000000 0.00000000
vn 0.00000000 -0.00000000 -0.00000000
vn -0.00000000 0.00000000 0.00000000
vn 0.00000000 -0.00000000 0.00000000
vn -0.00000000 0.00000000 0.00000000
vn 0.00000000 -0.00000000 0.00000000
vn -0.00000000 0.00000000 -0.00000000
vn -0.00000000 -0.00000000 0.00000000
vn 0.00000000 0.00000000 -0.00000000
vn -0.00000000 -0.00000000 -0.00000000
vn -0.00000000 -0.00000000 -0.00000000
vn 0.00000000 0.00000000 0.00000000
vn 0.00000000 0.00000000 0.00000000
vn 0.00000000 0.00000000 0.00000000
vn -0.00000000 -0.00000000 0.00000000
vn -0.00000000 -0.00000000 -0.00000000
vn 0.00000000 0.00000000 0.00000000
vn -0.00000000 -0.00000000 -0.00000000
vn 0.00000000 0.00000000 -0.00000000
vn -0.00000000 0.00000000 0.00000000
vn 0.00000000 -0.00000000 0.00000000
vn -0.00000000 0.00000000 -0.00000000
vn 0.00000000 0.00000000 0.00000000
vn 0.67024041 -0.74214386 -0.00052741
vn -0.00000000 0.00000000 -0.00000000
vn 0.00000000 -0.00000000 -0.00000000
vn 0.45337294 -0.89131630 0.00286812
vn 0.00000000 -0.00000000 -0.00000000
vn -0.20957860 0.97778381 0.00395329
vn -0.00000000 0.00000000 0.00000000
vn 0.00000000 0.00000000 -0.00000000
vn -0.00000000 0.00000000 0.00000000
vn 0.30863294 0.95117999 0.00152641
vn -0.00000000 -0.00000000 0.00000000
vn -0.54394809 -0.83911867 -0.00058020
vn 0.00000000 0.00000000 -0.00000000
vn 0.00000000 0.00000000 -0.00000000
vn -0.00000000 -0.00000000 0.00000000
vn 0.00000000 0.00000000 -0.00000000
vn -0.00000000 -0.00000000 0.00000000
vn -0.00000000 -0.00000000 -0.00000000
vn -0.00000000 0.00000000 -0.00000000
vn -0.00000000 0.00000000 0.00000000
vn -0.00000000 0.00000000 -0.00000000
vn -0.00000000 0.00000000 0.00000000
vn 0.00000000 0.00000000 0.00000000
vn 0.00000000 0.00000000 -0.00000000
vn 0.00000000 0.00000000 -0.00000000
vn 0.00000000 0.00000000 0.00000000
vn 0.00000000 0.00000000 0.00000000
vn 0.00000000 -0.00000000 0.00000000
vn 0.00000000 -0.00000000 -0.00000000
vn 0.00000000 -0.00000000 0.00000000
vn 0.00000000 -0.00000000 0.00000000
vn -0.00000000 0.00000000 0.00000000
vn -0.00000000 0.00000000 0.00000000
vn -0.00000000 -0.00000000 -0.00000000
vn 0.00000000 0.00000000 -0.00000000
vn -0.00000000 -0.00000000 -0.00000000
vn -0.00000000 -0.00000000 -0.00000000
vn -0.00000000 -0.00000000 -0.00000000
vn -0.00000000 0.00000000 0.00000000
vn -0.00000000 0.00000000 -0.00000000
vn -0.00000000 0.00000000 -0.00000000
vn -0.00000000 0.00000000 0.00000000
vn -0.00000000 0.00000000 -0.00000000
vn -0.00000000 -0.00000000 0.00000000
vn -0.00000000 0.00000000 0.00000000
vn -0.00000000 0.00000000 -0.00000000
vn 0.00000000 0.00000000 0.00000000
vn -0.00000000 0.00000000 0.00000000
vn 0.00000000 0.00000000 -0.00000000
vn 0.00000000 0.00000000 0.00000000
vn 0.00000000 0.00000000 -0.00000000
vn 0.00000000 -0.00000000 -0.00000000
vn 0.00000000 -0.00000000 -0.00000000
vn 0.00000000 -0.00000000 0.00000000
vn 0.00000000 -0.00000000 0.00000000
vn 0.00000000 -0.00000000 0.00000000
vn -0.00000000 0.00000000 0.00000000
vn -0.00000000 0.00000000 -0.00000000
vn -0.00000000 -0.00000000 -0.00000000
vn 0.00000000 0.00000000 -0.00000000
vn 0.00000000 0.00000000 -0.00000000
vn -0.00000000 -0.00000000 0.00000000
vn -0.00000000 -0.00000000 0.00000000
vn -0.00000000 -0.00000000 0.00000000
vn -0.00000000 0.00000000 0.00000000
vn -0.00000000 0.00000000 0.00000000
vn 0.00000000 0.00000000 0.00000000
vn 0.00000000 -0.00000000 0.00000000
vn 0.00000000 -0.00000000 0.00000000
vn -0.00000000 0.00000000 -0.00000000
vn 0.00000000 0.00000000 0.00000000
vn -0.00000000 -0.00000000 -0.00000000
vn -0.00000000 0.00000000 0.00000000
vn 0.00000000 -0.00000000 -0.00000000
vn -0.00000000 -0.00000000 -0.00000000
vn 0.00000000 0.00000000 -0.00000000
vn -0.00000000 0.00000000 0.00000000
vn 0.00000000 -0.00000000 -0.00000000
vn 0.00000000 0.00000000 -0.00000000
vn -0.00000000 -0.00000000 -0.00000000
vn 0.00000000 -0.00000000 -0.00000000
vn 0.00000000 0.00000000 -0.00000000
vn 0.00000000 0.00000000 0.00000000
vn 0.00000000 0.00000000 -0.00000000
vn 0.00000000 -0.00000000 0.00000000
vn 0.00000000 0.00000000 -0.00000000
vn -0.00000000 0.00000000 0.00000000
vn 0.00000000 -0.00000000 0.00000000
vn -0.00000000 0.00000000 0.00000000
vn 0.00000000 -0.00000000 -0.00000000
vn -0.00000000 0.00000000 0.00000000
vn 0.00000000 -0.00000000 -0.00000000
vn 0.00000000 -0.00000000 -0.00000000
vn -0.00000000 0.00000000 -0.00000000
vn 0.00000000 0.00000000 0.00000000
vn -0.00000000 -0.00000000 -0.00000000
vn 0.00000000 0.00000000 0.00000000
vn -0.00000000 -0.00000000 0.00000000
vn -0.00000000 -0.00000000 -0.00000000
vn 0.00000000 0.00000000 0.00000000
vn -0.00000000 -0.00000000 0.00000000
vn -0.00000000 -0.00000000 -0.00000000
vn -0.00000000 -0.00000000 0.00000000
vn 0.00000000 0.00000000 0.00000000
vn 0.00000000 0.00000000 0.00000000
vn 0.00000000 0.00000000 -0.00000000
vn 0.00000000 0.00000000 0.00000000
vn 0.00000000 0.00000000 -0.00000000
vn -0.00000000 0.00000000 0.00000000
vn 0.00000000 -0.00000000 0.00000000
vn 0.00000000 -0.00000000 0.00000000
vn -0.00000000 0.00000000 -0.00000000
vn 0.00000000 0.00000000 0.00000000
vn 0.00000000 0.00000000 -0.00000000
vn 0.00000000 0.00000000 0.00000000
vn 0.00000000 0.00000000 0.00000000
vn 0.00000000 0.00000000 -0.00000000
vn 0.00000000 0.00000000 0.00000000
vn 0.00000000 0.00000000 0.00000000
vn 0.00000000 0.00000000 0.00000000
vn 0.00000000 0.00000000 0.00000000
vn 0.00000000 0.00000000 0.00000000
vn 0.00000000 0.00000000 0.00000000
vn 0.00000000 0.00000000 0.00000000
vn 0.00000000 0.00000000 -0.00000000
vn 0.00000000 0.00000000 0.00000000
vn 0.00000000 0.00000000 -0.00000000
vn 0.00000000 0.00000000 -0.00000000
vn 0.00000000 0.00000000 0.00000000
vn 0.00000000 0.00000000 0.00000000
vn 0.00000000 0.00000000 -0.00000000
vn 0.00000000 0.00000000 -0.00000000
vn 0.00000000 0.00000000 -0.00000000
vn 0.00000000 0.00000000 -0.00000000
vn 0.00000000 0.00000000 0.00000000
vn 0.00000000 0.00000000 -0.00000000
vn 0.70710678 -0.70710678 0.00000000
vn -0.70710678 -0.70710678 -0.00000000
vn 0.70710678 -0.70710678 -0.00000000
vn -0.70710678 -0.70710678 0.00000000
vn 0.70710678 -0.70710678 -0.00000000
vn -0.70710678 -0.70710678 0.00000000
vn 1.00000000 0.00000000 0.00000000
vn -0.70710678 -0.70710678 -0.00000000
vn -0.70710678 -0.70710678 0.00000000
vn 0.70710678 -0.70710678 -0.00000000
vn -0.70710678 -0.70710678 -0.00000000
vn 1.00000000 0.00000000 0.00000000
vn 0.70710678 -0.70710678 -0.00000000
vn -0.70710678 -0.70710678 0.00000000
vn 1.00000000 0.00000000 0.00000000
vn -0.70710678 -0.70710678 -0.00000000
vn 0.70710678 0.00000000 0.70710678
vn 0.70710678 0.00000000 -0.70710678
vn -0.70710678 0.00000000 0.70710678
vn -0.70710678 0.00000000 -0.70710678
vn 0.70710678 0.00000000 0.70710678
vn 0.70710678 0.00000000 -0.70710678
vn -0.70710678 0.00000000 0.70710678
vn -0.70710678 0.00000000 -0.70710678
vn 0.70710678 0.00000000 0.70710678
vn 0.70710678 0.00000000 -0.70710678
vn -0.70710678 0.00000000 0.70710678
vn -0.70710678 0.00000000 -0.70710678
vn 0.70710678 0.00000000 0.70710678
vn 0.70710678 0.00000000 -0.70710678
vn -0.70710678 0.00000000 0.70710678
vn -0.70710678 0.00000000 -0.70710678
vn 0.57735027 0.57735027 0.57735027
vn -0.57735027 -0.57735027 0.57735027
vn 0.57735027 -0.57735027 0.57735027
vn -0.57735027 0.57735027 0.57735027
vn -0.70710678 0.70710678 0.00000000
vn -0.90453403 -0.30151134 -0.30151134
vn -0.70710678 0.70710678 0.00000000
vn -0.57735027 -0.57735027 0.57735027
vn 0.57735027 0.57735027 -0.57735027
vn 1.00000000 0.00000000 0.00000000
vn 1.00000000 0.00000000 0.00000000
vn -0.57735027 0.57735027 -0.57735027
vn 0.57735027 -0.57735027 -0.57735027
vn -0.57735027 -0.57735027 -0.57735027
vn 0.57735027 -0.57735027 -0.57735027
vn 0.90453403 -0.30151134 -0.30151134
vn -0.30151134 -0.30151134 -0.90453403
vn -0.57735027 -0.57735027 -0.57735027
vn 0.57735027 -0.57735027 -0.57735027
vn 0.30151134 -0.30151134 -0.90453403
vn -0.30151134 -0.30151134 -0.90453403
vn -0.57735027 -0.57735027 -0.57735027
vn 0.57735027 -0.57735027 -0.57735027
vn 0.30151134 -0.30151134 -0.90453403
vn -0.30151134 -0.30151134 -0.90453403
vn -0.57735027 -0.57735027 -0.57735027
vn 0.57735027 -0.57735027 -0.57735027
vn 0.30151134 -0.30151134 -0.90453403
vn -0.57735027 -0.57735027 -0.57735027
vn 0.57735027 -0.57735027 0.57735027
vn -0.57735027 -0.57735027 0.57735027
vn 0.30151134 -0.30151134 0.90453403
vn 0.57735027 -0.57735027 0.57735027
vn -0.57735027 -0.57735027 0.57735027
vn -0.30151134 -0.30151134 0.90453403
vn 0.30151134 -0.30151134 0.90453403
vn 0.57735027 -0.57735027 0.57735027
vn -0.57735027 -0.57735027 0.57735027
vn -0.30151134 -0.30151134 0.90453403
vn 0.30151134 -0.30151134 0.90453403
vn 0.57735027 -0.57735027 0.57735027
vn -0.57735027 -0.57735027 0.57735027
vn -0.30151134 -0.30151134 0.90453403
vn 0.57735027 -0.57735027 0.57735027
vn 0.30151134 -0.30151134 -0.90453403
vn 0.30151134 -0.30151134 0.90453403
vn 0.57735027 -0.57735027 -0.57735027
vn -0.30151134 -0.30151134 -0.90453403
vn -0.57735027 -0.57735027 -0.57735027
vn -0.30151134 -0.30151134 0.90453403
vn -0.57735027 -0.57735027 0.57735027
vn 0.57735027 -0.57735027 0.57735027
vn -0.30151134 -0.90453403 -0.30151134
vn -0.30151134 -0.90453403 0.30151134
vn 0.30151134 -0.90453403 0.30151134
vn 0.30151134 -0.90453403 -0.30151134
vn -0.30151134 0.90453403 0.30151134
vn -0.30151134 0.90453403 -0.30151134
vn 0.30151134 0.90453403 0.30151134
vn 0.30151134 0.90453403 -0.30151134
vn 0.57735027 -0.57735027 -0.57735027
vn 0.57735027 0.57735027 0.57735027
vn 0.57735027 -0.57735027 0.57735027
vn 0.57735027 0.57735027 -0.57735027
vn 0.00000000 -1.00000000 0.00000000
vn 0.00000000 -1.00000000 0.00000000
vn -0.57735027 0.57735027 -0.57735027
vn -0.57735027 -0.57735027 0.57735027
vn -0.57735027 0.57735027 0.57735027
vn -0.57735027 -0.57735027 -0.57735027
vn 0.00000000 0.70710678 -0.70710678
vn -0.30151134 0.90453403 0.30151134
vn 0.00000000 0.70710678 0.70710678
vn 0.30151134 0.90453403 0.30151134
vn -0.30151134 0.90453403 -0.30151134
vn 0.30151134 0.90453403 -0.30151134
vn 0.00000000 0.70710678 -0.70710678
vn -0.30151134 0.90453403 0.30151134
vn 0.00000000 0.70710678 0.70710678
vn 0.30151134 0.90453403 0.30151134
vn 0.30151134 0.90453403 -0.30151134
vn -0.30151134 0.90453403 -0.30151134
vn 0.00000000 0.70710678 -0.70710678
vn -0.30151134 0.90453403 0.30151134
vn 0.00000000 0.70710678 0.70710678
vn 0.30151134 0.90453403 0.30151134
vn 0.30151134 0.90453403 -0.30151134
vn -0.30151134 0.90453403 -0.30151134
vn -0.30151134 -0.90453403 -0.30151134
vn 0.30151134 -0.90453403 -0.30151134
vn 0.00000000 -1.00000000 0.00000000
vn 0.30151134 -0.90453403 0.30151134
vn -0.30151134 -0.90453403 0.30151134
vn 0.00000000 -1.00000000 0.00000000
vn 0.00000000 -1.00000000 0.00000000
vn 0.00000000 -1.00000000 0.00000000
vn -0.30151134 -0.90453403 -0.30151134
vn 0.30151134 -0.90453403 -0.30151134
vn 0.30151134 -0.90453403 0.30151134
vn -0.30151134 -0.90453403 0.30151134
vn -0.30151134 -0.90453403 -0.30151134
vn 0.30151134 -0.90453403 -0.30151134
vn 0.30151134 -0.90453403 0.30151134
vn -0.30151134 -0.90453403 0.30151134
f 1//1 2//2 3//3
f 2//2 1//1 4//4
f 3//3 5//5 6//6
f 5//5 3//3 2//2
f 6//6 7//7 8//8
f 7//7 6//6 5//5
f 8//8 9//9 10//10
f 9//9 8//8 7//7
f 9//9 11//11 10//10
f 11//11 9//9 12//12
f 12//12 13//13 11//11
f 13//13 12//12 14//14
f 14//14 15//15 13//13
f 15//15 14//14 16//16
f 16//16 17//17 15//15
f 17//17 16//16 18//18
f 18//18 19//19 17//17
f 19//19 18//18 20//20
f 20//20 21//21 19//19
f 21//21 20//20 22//22
f 23//23 21//21 22//22
f 21//21 23//23 24//24
f 25//25 24//24 23//23
f 24//24 25//25 26//26
f 27//27 26//26 25//25
f 26//26 27//27 28//28
f 29//29 28//28 27//27
f 28//28 29//29 30//30
f 31//31 30//30 29//29
f 30//30 31//31 32//32
f 33//33 32//32 31//31
f 32//32 33//33 34//34
f 33//33 35//35 34//34
f 35//35 33//33 36//36
f 36//36 37//37 35//35
f 37//37 36//36 38//38
f 38//38 39//39 37//37
f 39//39 38//38 40//40
f 40//40 41//41 39//39
f 41//41 40//40 42//42
f 42//42 43//43 41//41
f 43//43 42//42 44//44
f 44//44 45//45 43//43
f 45//45 44//44 46//46
f 6//6 1//1 3//3
f 6//6 47//47 1//1
f 8//8 47//47 6//6
f 8//8 45//45 47//47
f 10//10 45//45 8//8
f 10//10 43//43 45//45
f 11//11 43//43 10//10
f 11//11 41//41 43//43
f 13//13 41//41 11//11
f 13//13 39//39 41//41
f 15//15 39//39 13//13
f 15//15 37//37 39//39
f 17//17 37//37 15//15
f 17//17 35//35 37//37
f 19//19 35//35 17//17
f 19//19 34//34 35//35
f 21//21 34//34 19//19
f 21//21 32//32 34//34
f 24//24 32//32 21//21
f 24//24 30//30 32//32
f 26//26 30//30 24//24
f 30//30 26//26 28//28
f 47//47 4//4 1//1
f 4//4 47//47 48//48
f 4//4 5//5 2//2
f 48//48 5//5 4//4
f 48//48 7//7 5//5
f 46//46 7//7 48//48
f 46//46 9//9 7//7
f 44//44 9//9 46//46
f 44//44 12//12 9//9
f 42//42 12//12 44//44
f 42//42 14//14 12//12
f 40//40 14//14 42//42
f 40//40 16//16 14//14
f 38//38 16//16 40//40
f 38//38 18//18 16//16
f 36//36 18//18 38//38
f 36//36 20//20 18//18
f 33//33 20//20 36//36
f 33//33 22//22 20//20
f 31//31 22//22 33//33
f 31//31 23//23 22//22
f 29//29 23//23 31//31
f 29//29 25//25 23//23
f 25//25 29//29 27//27
f 45//45 48//48 47//47
f 48//48 45//45 46//46
f 49//49 50//50 51//51
f 52//52 50//50 49//49
f 52//52 53//53 50//50
f 54//54 53//53 52//52
f 54//54 55//55 53//53
f 56//56 55//55 54//54
f 56//56 57//57 55//55
f 58//58 57//57 56//56
f 58//58 59//59 57//57
f 60//60 59//59 58//58
f 60//60 61//61 59//59
f 62//62 61//61 60//60
f 62//62 63//63 61//61
f 64//64 63//63 62//62
f 64//64 65//65 63//63
f 66//66 65//65 64//64
f 66//66 67//67 65//65
f 68//68 67//67 66//66
f 68//68 69//69 67//67
f 70//70 69//69 68//68
f 70//70 71//71 69//69
f 71//71 70//70 72//72
f 49//49 73//73 52//52
f 73//73 49//49 74//74
f 52//52 75//75 54//54
f 75//75 52//52 73//73
f 75//75 56//56 54//54
f 56//56 75//75 76//76
f 76//76 58//58 56//56
f 58//58 76//76 77//77
f 58//58 78//78 60//60
f 78//78 58//58 77//77
f 78//78 62//62 60//60
f 62//62 78//78 79//79
f 62//62 80//80 64//64
f 80//80 62//62 79//79
f 80//80 66//66 64//64
f 66//66 80//80 81//81
f 82//82 66//66 81//81
f 66//66 82//82 68//68
f 83//83 68//68 82//82
f 68//68 83//83 70//70
f 84//84 70//70 83//83
f 70//70 84//84 72//72
f 85//85 72//72 84//84
f 72//72 85//85 71//71
f 86//86 71//71 85//85
f 71//71 86//86 69//69
f 87//87 69//69 86//86
f 69//69 87//87 67//67
f 87//87 65//65 67//67
f 65//65 87//87 88//88
f 88//88 63//63 65//65
f 63//63 88//88 89//89
f 89//89 61//61 63//63
f 61//61 89//89 90//90
f 90//90 59//59 61//61
f 59//59 90//90 91//91
f 91//91 57//57 59//59
f 57//57 91//91 92//92
f 92//92 55//55 57//57
f 55//55 92//92 93//93
f 55//55 94//94 53//53
f 94//94 55//55 93//93
f 53//53 95//95 50//50
f 95//95 53//53 94//94
f 50//50 96//96 51//51
f 96//96 50//50 95//95
f 51//51 74//74 49//49
f 74//74 51//51 96//96
f 95//95 74//74 96//96
f 94//94 74//74 95//95
f 94//94 73//73 74//74
f 93//93 73//73 94//94
f 93//93 75//75 73//73
f 92//92 75//75 93//93
f 92//92 76//76 75//75
f 91//91 76//76 92//92
f 91//91 77//77 76//76
f 90//90 77//77 91//91
f 90//90 78//78 77//77
f 89//89 78//78 90//90
f 89//89 79//79 78//78
f 88//88 79//79 89//89
f 88//88 80//80 79//79
f 87//87 80//80 88//88
f 87//87 81//81 80//80
f 86//86 81//81 87//87
f 86//86 82//82 81//81
f 85//85 82//82 86//86
f 85//85 83//83 82//82
f 83//83 85//85 84//84
f 97//97 98//98 99//99
f 98//98 97//97 100//100
f 99//99 101//101 102//102
f 101//101 99//99 98//98
f 101//101 103//103 102//102
f 103//103 101//101 104//104
f 104//104 105//105 103//103
f 105//105 104//104 106//106
f 105//105 107//107 108//108
f 107//107 105//105 106//106
f 107//107 109//109 108//108
f 109//109 107//107 110//110
f 110//110 111//111 109//109
f 111//111 110//110 112//112
f 111//111 113//113 114//114
f 113//113 111//111 112//112
f 115//115 114//114 113//113
f 114//114 115//115 116//116
f 117//117 116//116 115//115
f 116//116 117//117 118//118
f 119//119 118//118 117//117
f 118//118 119//119 120//120
f 121//121 120//120 119//119
f 120//120 121//121 122//122
f 123//123 122//122 121//121
f 122//122 123//123 124//124
f 125//125 124//124 123//123
f 124//124 125//125 126//126
f 125//125 127//127 126//126
f 127//127 125//125 128//128
f 127//127 129//129 130//130
f 129//129 127//127 128//128
f 129//129 131//131 130//130
f 131//131 129//129 132//132
f 132//132 133//133 131//131
f 133//133 132//132 134//134
f 133//133 135//135 136//136
f 135//135 133//133 134//134
f 135//135 137//137 136//136
f 137//137 135//135 138//138
f 137//137 139//139 140//140
f 139//139 137//137 138//138
f 140//140 141//141 142//142
f 141//141 140//140 139//139
f 97//97 142//142 143//143
f 99//99 142//142 97//97
f 99//99 140//140 142//142
f 102//102 140//140 99//99
f 102//102 137//137 140//140
f 103//103 137//137 102//102
f 103//103 136//136 137//137
f 105//105 136//136 103//103
f 105//105 133//133 136//136
f 108//108 133//133 105//105
f 108//108 131//131 133//133
f 109//109 131//131 108//108
f 109//109 130//130 131//131
f 111//111 130//130 109//109
f 111//111 127//127 130//130
f 114//114 127//127 111//111
f 114//114 126//126 127//127
f 116//116 126//126 114//114
f 116//116 124//124 126//126
f 118//118 124//124 116//116
f 118//118 122//122 124//124
f 122//122 118//118 120//120
f 143//143 100//100 97//97
f 100//100 143//143 144//144
f 141//141 100//100 144//144
f 141//141 98//98 100//100
f 139//139 98//98 141//141
f 139//139 101//101 98//98
f 138//138 101//101 139//139
f 138//138 104//104 101//101
f 135//135 104//104 138//138
f 135//135 106//106 104//104
f 134//134 106//106 135//135
f 134//134 107//107 106//106
f 132//132 107//107 134//134
f 132//132 110//110 107//107
f 129//129 110//110 132//132
f 129//129 112//112 110//110
f 128//128 112//112 129//129
f 128//128 113//113 112//112
f 125//125 113//113 128//128
f 125//125 115//115 113//113
f 123//123 115//115 125//125
f 123//123 117//117 115//115
f 121//121 117//117 123//123
f 117//117 121//121 119//119
f 142//142 144//144 143//143
f 144//144 142//142 141//141
f 145//145 146//146 147//147
f 146//146 145//145 148//148
f 147//147 149//149 150//150
f 149//149 147//147 146//146
f 150//150 151//151 152//152
f 151//151 150//150 149//149
f 152//152 153//153 154//154
f 153//153 152//152 151//151
f 153//153 155//155 154//154
f 155//155 153//153 156//156
f 156//156 157//157 155//155
f 157//157 156//156 158//158
f 158//158 159//159 157//157
f 159//159 158//158 160//160
f 160//160 161//161 159//159
f 161//161 160//160 162//162
f 162//162 163//163 161//161
f 163//163 162//162 164//164
f 164//164 165//165 163//163
f 165//165 164//164 166//166
f 167//167 165//165 166//166
f 165//165 167//167 168//168
f 169//169 168//168 167//167
f 168//168 169//169 170//170
f 171//171 170//170 169//169
f 170//170 171//171 172//172
f 173//173 172//172 171//171
f 172//172 173//173 174//174
f 175//175 174//174 173//173
f 174//174 175//175 176//176
f 177//177 176//176 175//175
f 176//176 177//177 178//178
f 177//177 179//179 178//178
f 179//179 177//177 180//180
f 180//180 181//181 179//179
f 181//181 180//180 182//182
f 182//182 183//183 181//181
f 183//183 182//182 184//184
f 184//184 185//185 183//183
f 185//185 184//184 186//186
f 186//186 187//187 185//185
f 187//187 186//186 188//188
f 188//188 189//189 187//187
f 189//189 188//188 190//190
f 150//150 145//145 147//147
f 152//152 145//145 150//150
f 152//152 191//191 145//145
f 154//154 191//191 152//152
f 154//154 189//189 191//191
f 155//155 189//189 154//154
f 155//155 187//187 189//189
f 157//157 187//187 155//155
f 157//157 185//185 187//187
f 159//159 185//185 157//157
f 159//159 183//183 185//185
f 161//161 183//183 159//159
f 161//161 181//181 183//183
f 163//163 181//181 161//161
f 163//163 179//179 181//181
f 165//165 179//179 163//163
f 165//165 178//178 179//179
f 168//168 178//178 165//165
f 168//168 176//176 178//178
f 170//170 176//176 168//168
f 170//170 174//174 176//176
f 174//174 170//170 172//172
f 191//191 148//148 145//145
f 148//148 191//191 192//192
f 148//148 149//149 146//146
f 148//148 151//151 149//149
f 192//192 151//151 148//148
f 192//192 153//153 151//151
f 190//190 153//153 192//192
f 190//190 156//156 153//153
f 188//188 156//156 190//190
f 188//188 158//158 156//156
f 186//186 158//158 188//188
f 186//186 160//160 158//158
f 184//184 160//160 186//186
f 184//184 162//162 160//160
f 182//182 162//162 184//184
f 182//182 164//164 162//162
f 180//180 164//164 182//182
f 180//180 166//166 164//164
f 177//177 166//166 180//180
f 177//177 167//167 166//166
f 175//175 167//167 177//177
f 175//175 169//169 167//167
f 173//173 169//169 175//175
f 169//169 173//173 171//171
f 189//189 192//192 191//191
f 192//192 189//189 190//190
f 193//193 194//194 195//195
f 196//196 195//195 194//194
f 194//194 195//195 196//196
f 195//195 194//194 193//193
f 197//197 198//198 193//193
f 194//194 193//193 198//198
f 198//198 193//193 194//194
f 193//193 198//198 197//197
f 199//199 200//200 197//197
f 198//198 197//197 200//200
f 200//200 197//197 198//198
f 197//197 200//200 199//199
f 201//201 202//202 199//199
f 200//200 199//199 202//202
f 202//202 199//199 200//200
f 199//199 202//202 201//201
f 203//203 204//204 201//201
f 202//202 201//201 204//204
f 204//204 201//201 202//202
f 201//201 204//204 203//203
f 203//203 205//205 204//204
f 206//206 204//204 205//205
f 205//205 204//204 206//206
f 204//204 205//205 203//203
f 205//205 207//207 206//206
f 208//208 206//206 207//207
f 207//207 206//206 208//208
f 206//206 207//207 205//205
f 207//207 209//209 208//208
f 210//210 208//208 209//209
f 209//209 208//208 210//210
f 208//208 209//209 207//207
f 209//209 211//211 210//210
f 212//212 210//210 211//211
f 211//211 210//210 212//212
f 210//210 211//211 209//209
f 211//211 213//213 212//212
f 214//214 212//212 213//213
f 213//213 212//212 214//214
f 212//212 213//213 211//211
f 213//213 215//215 214//214
f 216//216 214//214 215//215
f 215//215 214//214 216//216
f 214//214 215//215 213//213
f 216//216 215//215 217//217
f 218//218 217//217 215//215
f 215//215 217//217 218//218
f 217//217 215//215 216//216
f 217//217 218//218 219//219
f 220//220 219//219 218//218
f 218//218 219//219 220//220
f 219//219 218//218 217//217
f 219//219 220//220 221//221
f 222//222 221//221 220//220
f 220//220 221//221 222//222
f 221//221 220//220 219//219
f 221//221 222//222 223//223
f 224//224 223//223 222//222
f 222//222 223//223 224//224
f 223//223 222//222 221//221
f 223//223 224//224 225//225
f 226//226 225//225 224//224
f 224//224 225//225 226//226
f 225//225 224//224 223//223
f 225//225 226//226 227//227
f 228//228 227//227 226//226
f 226//226 227//227 228//228
f 227//227 226//226 225//225
f 228//228 229//229 227//227
f 230//230 227//227 229//229
f 229//229 227//227 230//230
f 227//227 229//229 228//228
f 229//229 231//231 230//230
f 232//232 230//230 231//231
f 231//231 230//230 232//232
f 230//230 231//231 229//229
f 231//231 233//233 232//232
f 234//234 232//232 233//233
f 233//233 232//232 234//234
f 232//232 233//233 231//231
f 233//233 235//235 234//234
f 236//236 234//234 235//235
f 235//235 234//234 236//236
f 234//234 235//235 233//233
f 235//235 237//237 236//236
f 238//238 236//236 237//237
f 237//237 236//236 238//238
f 236//236 237//237 235//235
f 222//222 220//220 224//224
f 226//226 224//224 220//220
f 218//218 226//226 220//220
f 228//228 226//226 218//218
f 215//215 228//228 218//218
f 229//229 228//228 215//215
f 213//213 229//229 215//215
f 231//231 229//229 213//213
f 211//211 231//231 213//213
f 233//233 231//231 211//211
f 209//209 233//233 211//211
f 207//207 233//233 209//209
f 235//235 233//233 207//207
f 205//205 235//235 207//207
f 237//237 235//235 205//205
f 203//203 237//237 205//205
f 239//239 237//237 203//203
f 201//201 239//239 203//203
f 195//195 239//239 201//201
f 199//199 195//195 201//201
f 193//193 195//195 199//199
f 197//197 193//193 199//199
f 199//199 193//193 197//197
f 199//199 195//195 193//193
f 201//201 195//195 199//199
f 201//201 239//239 195//195
f 203//203 239//239 201//201
f 203//203 237//237 239//239
f 205//205 237//237 203//203
f 205//205 235//235 237//237
f 207//207 235//235 205//205
f 207//207 233//233 235//235
f 209//209 233//233 207//207
f 211//211 233//233 209//209
f 211//211 231//231 233//233
f 213//213 231//231 211//211
f 213//213 229//229 231//231
f 215//215 229//229 213//213
f 215//215 228//228 229//229
f 218//218 228//228 215//215
f 218//218 226//226 228//228
f 220//220 226//226 218//218
f 220//220 224//224 226//226
f 224//224 220//220 222//222
f 195//195 196//196 239//239
f 240//240 239//239 196//196
f 196//196 239//239 240//240
f 239//239 196//196 195//195
f 221//221 223//223 219//219
f 217//217 219//219 223//223
f 225//225 217//217 223//223
f 227//227 217//217 225//225
f 216//216 217//217 227//227
f 214//214 216//216 227//227
f 230//230 214//214 227//227
f 212//212 214//214 230//230
f 232//232 212//212 230//230
f 234//234 212//212 232//232
f 210//210 212//212 234//234
f 208//208 210//210 234//234
f 236//236 208//208 234//234
f 206//206 208//208 236//236
f 238//238 206//206 236//236
f 204//204 206//206 238//238
f 240//240 204//204 238//238
f 202//202 204//204 240//240
f 196//196 202//202 240//240
f 200//200 202//202 196//196
f 194//194 200//200 196//196
f 198//198 200//200 194//194
f 194//194 200//200 198//198
f 196//196 200//200 194//194
f 196//196 202//202 200//200
f 240//240 202//202 196//196
f 240//240 204//204 202//202
f 238//238 204//204 240//240
f 238//238 206//206 204//204
f 236//236 206//206 238//238
f 236//236 208//208 206//206
f 234//234 208//208 236//236
f 234//234 210//210 208//208
f 234//234 212//212 210//210
f 232//232 212//212 234//234
f 230//230 212//212 232//232
f 230//230 214//214 212//212
f 227//227 214//214 230//230
f 227//227 216//216 214//214
f 227//227 217//217 216//216
f 225//225 217//217 227//227
f 223//223 217//217 225//225
f 223//223 219//219 217//217
f 219//219 223//223 221//221
f 237//237 239//239 238//238
f 240//240 238//238 239//239
f 239//239 238//238 240//240
f 238//238 239//239 237//237
f 241//241 242//242 243//243
f 244//244 243//243 242//242
f 245//245 243//243 244//244
f 246//246 245//245 244//244
f 244//244 245//245 246//246
f 244//244 243//243 245//245
f 242//242 243//243 244//244
f 243//243 242//242 241//241
f 242//242 247//247 244//244
f 248//248 244//244 247//247
f 246//246 244//244 248//248
f 249//249 246//246 248//248
f 248//248 246//246 249//249
f 248//248 244//244 246//246
f 247//247 244//244 248//248
f 244//244 247//247 242//242
f 250//250 251//251 247//247
f 252//252 247//247 251//251
f 249//249 247//247 252//252
f 248//248 247//247 249//249
f 249//249 247//247 248//248
f 252//252 247//247 249//249
f 251//251 247//247 252//252
f 247//247 251//251 250//250
f 253//253 254//254 250//250
f 255//255 250//250 254//254
f 252//252 250//250 255//255
f 251//251 250//250 252//252
f 252//252 250//250 251//251
f 255//255 250//250 252//252
f 254//254 250//250 255//255
f 250//250 254//254 253//253
f 256//256 257//257 253//253
f 258//258 253//253 257//257
f 255//255 253//253 258//258
f 254//254 253//253 255//255
f 255//255 253//253 254//254
f 258//258 253//253 255//255
f 257//257 253//253 258//258
f 253//253 257//257 256//256
f 259//259 260//260 256//256
f 261//261 256//256 260//260
f 258//258 256//256 261//261
f 257//257 256//256 258//258
f 258//258 256//256 257//257
f 261//261 256//256 258//258
f 260//260 256//256 261//261
f 256//256 260//260 259//259
f 262//262 263//263 259//259
f 264//264 259//259 263//263
f 261//261 259//259 264//264
f 260//260 259//259 261//261
f 261//261 259//259 260//260
f 264//264 259//259 261//261
f 263//263 259//259 264//264
f 259//259 263//263 262//262
f 265//265 266//266 262//262
f 267//267 262//262 266//266
f 264//264 262//262 267//267
f 263//263 262//262 264//264
f 264//264 262//262 263//263
f 267//267 262//262 264//264
f 266//266 262//262 267//267
f 262//262 266//266 265//265
f 265//265 268//268 266//266
f 269//269 266//266 268//268
f 267//267 266//266 269//269
f 270//270 267//267 269//269
f 269//269 267//267 270//270
f 269//269 266//266 267//267
f 268//268 266//266 269//269
f 266//266 268//268 265//265
f 268//268 271//271 269//269
f 272//272 269//269 271//271
f 270//270 269//269 272//272
f 273//273 270//270 272//272
f 272//272 270//270 273//273
f 272//272 269//269 270//270
f 271//271 269//269 272//272
f 269//269 271//271 268//268
f 271//271 274//274 272//272
f 275//275 272//272 274//274
f 273//273 272//272 275//275
f 276//276 273//273 275//275
f 275//275 273//273 276//276
f 275//275 272//272 273//273
f 274//274 272//272 275//275
f 272//272 274//274 271//271
f 274//274 277//277 275//275
f 278//278 275//275 277//277
f 276//276 275//275 278//278
f 279//279 276//276 278//278
f 278//278 276//276 279//279
f 278//278 275//275 276//276
f 277//277 275//275 278//278
f 275//275 277//277 274//274
f 280//280 281//281 282//282
f 283//283 282//282 281//281
f 284//284 282//282 283//283
f 285//285 282//282 284//284
f 284//284 282//282 285//285
f 283//283 282//282 284//284
f 281//281 282//282 283//283
f 282//282 281//281 280//280
f 282//282 285//285 286//286
f 284//284 286//286 285//285
f 287//287 286//286 284//284
f 288//288 286//286 287//287
f 287//287 286//286 288//288
f 284//284 286//286 287//287
f 285//285 286//286 284//284
f 286//286 285//285 282//282
f 286//286 288//288 289//289
f 287//287 289//289 288//288
f 290//290 289//289 287//287
f 291//291 289//289 290//290
f 290//290 289//289 291//291
f 287//287 289//289 290//290
f 288//288 289//289 287//287
f 289//289 288//288 286//286
f 289//289 291//291 292//292
f 290//290 292//292 291//291
f 293//293 292//292 290//290
f 294//294 292//292 293//293
f 293//293 292//292 294//294
f 290//290 292//292 293//293
f 291//291 292//292 290//290
f 292//292 291//291 289//289
f 292//292 294//294 295//295
f 293//293 295//295 294//294
f 296//296 295//295 293//293
f 297//297 295//295 296//296
f 296//296 295//295 297//297
f 293//293 295//295 296//296
f 294//294 295//295 293//293
f 295//295 294//294 292//292
f 296//296 298//298 297//297
f 299//299 297//297 298//298
f 295//295 297//297 299//299
f 300//300 295//295 299//299
f 299//299 295//295 300//300
f 299//299 297//297 295//295
f 298//298 297//297 299//299
f 297//297 298//298 296//296
f 298//298 301//301 299//299
f 302//302 299//299 301//301
f 300//300 299//299 302//302
f 303//303 300//300 302//302
f 302//302 300//300 303//303
f 302//302 299//299 300//300
f 301//301 299//299 302//302
f 299//299 301//301 298//298
f 301//301 304//304 302//302
f 305//305 302//302 304//304
f 303//303 302//302 305//305
f 306//306 303//303 305//305
f 305//305 303//303 306//306
f 305//305 302//302 303//303
f 304//304 302//302 305//305
f 302//302 304//304 301//301
f 304//304 241//241 305//305
f 243//243 305//305 241//241
f 306//306 305//305 243//243
f 245//245 306//306 243//243
f 243//243 306//306 245//245
f 243//243 305//305 306//306
f 241//241 305//305 243//243
f 305//305 241//241 304//304
f 277//277 307//307 278//278
f 308//308 278//278 307//307
f 279//279 278//278 308//308
f 309//309 279//279 308//308
f 308//308 279//279 309//309
f 308//308 278//278 279//279
f 307//307 278//278 308//308
f 278//278 307//307 277//277
f 287//287 284//284 290//290
f 293//293 290//290 284//284
f 283//283 293//293 284//284
f 296//296 293//293 283//283
f 310//310 296//296 283//283
f 298//298 296//296 310//310
f 307//307 298//298 310//310
f 301//301 298//298 307//307
f 277//277 301//301 307//307
f 304//304 301//301 277//277
f 274//274 304//304 277//277
f 241//241 304//304 274//274
f 271//271 241//241 274//274
f 242//242 241//241 271//271
f 268//268 242//242 271//271
f 247//247 242//242 268//268
f 265//265 247//247 268//268
f 250//250 247//247 265//265
f 262//262 250//250 265//265
f 253//253 250//250 262//262
f 259//259 253//253 262//262
f 256//256 253//253 259//259
f 259//259 253//253 256//256
f 262//262 253//253 259//259
f 262//262 250//250 253//253
f 265//265 250//250 262//262
f 265//265 247//247 250//250
f 268//268 247//247 265//265
f 268//268 242//242 247//247
f 271//271 242//242 268//268
f 271//271 241//241 242//242
f 274//274 241//241 271//271
f 274//274 304//304 241//241
f 277//277 304//304 274//274
f 277//277 301//301 304//304
f 307//307 301//301 277//277
f 307//307 298//298 301//301
f 310//310 298//298 307//307
f 310//310 296//296 298//298
f 283//283 296//296 310//310
f 283//283 293//293 296//296
f 284//284 293//293 283//283
f 284//284 290//290 293//293
f 290//290 284//284 287//287
f 311//311 312//312 280//280
f 310//310 280//280 312//312
f 283//283 280//280 310//310
f 281//281 280//280 283//283
f 283//283 280//280 281//281
f 310//310 280//280 283//283
f 312//312 280//280 310//310
f 280//280 312//312 311//311
f 286//286 289//289 282//282
f 280//280 282//282 289//289
f 292//292 280//280 289//289
f 311//311 280//280 292//292
f 295//295 311//311 292//292
f 309//309 311//311 295//295
f 300//300 309//309 295//295
f 279//279 309//309 300//300
f 303//303 279//279 300//300
f 276//276 279//279 303//303
f 306//306 276//276 303//303
f 273//273 276//276 306//306
f 245//245 273//273 306//306
f 270//270 273//273 245//245
f 246//246 270//270 245//245
f 267//267 270//270 246//246
f 249//249 267//267 246//246
f 264//264 267//267 249//249
f 252//252 264//264 249//249
f 261//261 264//264 252//252
f 255//255 261//261 252//252
f 258//258 261//261 255//255
f 255//255 261//261 258//258
f 252//252 261//261 255//255
f 252//252 264//264 261//261
f 249//249 264//264 252//252
f 249//249 267//267 264//264
f 246//246 267//267 249//249
f 246//246 270//270 267//267
f 245//245 270//270 246//246
f 245//245 273//273 270//270
f 306//306 273//273 245//245
f 306//306 276//276 273//273
f 303//303 276//276 306//306
f 303//303 279//279 276//276
f 300//300 279//279 303//303
f 300//300 309//309 279//279
f 295//295 309//309 300//300
f 295//295 311//311 309//309
f 292//292 311//311 295//295
f 292//292 280//280 311//311
f 289//289 280//280 292//292
f 289//289 282//282 280//280
f 282//282 289//289 286//286
f 307//307 310//310 308//308
f 312//312 308//308 310//310
f 309//309 308//308 312//312
f 311//311 309//309 312//312
f 312//312 309//309 311//311
f 312//312 308//308 309//309
f 310//310 308//308 312//312
f 308//308 310//310 307//307
f 313//313 314//314 315//315
f 316//316 315//315 314//314
f 314//314 315//315 316//316
f 315//315 314//314 313//313
f 314//314 317//317 316//316
f 318//318 316//316 317//317
f 317//317 316//316 318//318
f 316//316 317//317 314//314
f 319//319 320//320 317//317
f 318//318 317//317 320//320
f 320//320 317//317 318//318
f 317//317 320//320 319//319
f 321//321 322//322 319//319
f 320//320 319//319 322//322
f 322//322 319//319 320//320
f 319//319 322//322 321//321
f 323//323 324//324 321//321
f 322//322 321//321 324//324
f 324//324 321//321 322//322
f 321//321 324//324 323//323
f 325//325 326//326 323//323
f 324//324 323//323 326//326
f 326//326 323//323 324//324
f 323//323 326//326 325//325
f 327//327 328//328 325//325
f 326//326 325//325 328//328
f 328//328 325//325 326//326
f 325//325 328//328 327//327
f 329//329 330//330 327//327
f 328//328 327//327 330//330
f 330//330 327//327 328//328
f 327//327 330//330 329//329
f 329//329 331//331 330//330
f 332//332 330//330 331//331
f 331//331 330//330 332//332
f 330//330 331//331 329//329
f 331//331 333//333 332//332
f 334//334 332//332 333//333
f 333//333 332//332 334//334
f 332//332 333//333 331//331
f 333//333 335//335 334//334
f 336//336 334//334 335//335
f 335//335 334//334 336//336
f 334//334 335//335 333//333
f 335//335 337//337 336//336
f 338//338 336//336 337//337
f 337//337 336//336 338//338
f 336//336 337//337 335//335
f 337//337 339//339 338//338
f 340//340 338//338 339//339
f 339//339 338//338 340//340
f 338//338 339//339 337//337
f 339//339 341//341 340//340
f 342//342 340//340 341//341
f 341//341 340//340 342//342
f 340//340 341//341 339//339
f 343//343 344//344 345//345
f 346//346 345//345 344//344
f 344//344 345//345 346//346
f 345//345 344//344 343//343
f 345//345 346//346 347//347
f 348//348 347//347 346//346
f 346//346 347//347 348//348
f 347//347 346//346 345//345
f 347//347 348//348 349//349
f 350//350 349//349 348//348
f 348//348 349//349 350//350
f 349//349 348//348 347//347
f 350//350 351//351 349//349
f 352//352 349//349 351//351
f 351//351 349//349 352//352
f 349//349 351//351 350//350
f 351//351 353//353 352//352
f 354//354 352//352 353//353
f 353//353 352//352 354//354
f 352//352 353//353 351//351
f 353//353 355//355 354//354
f 356//356 354//354 355//355
f 355//355 354//354 356//356
f 354//354 355//355 353//353
f 355//355 313//313 356//356
f 315//315 356//356 313//313
f 313//313 356//356 315//315
f 356//356 313//313 355//355
f 342//342 341//341 357//357
f 358//358 357//357 341//341
f 341//341 357//357 358//358
f 357//357 341//341 342//342
f 344//344 359//359 346//346
f 348//348 346//346 359//359
f 358//358 348//348 359//359
f 350//350 348//348 358//358
f 360//360 350//350 358//358
f 361//361 350//350 360//360
f 362//362 350//350 361//361
f 351//351 350//350 362//362
f 363//363 351//351 362//362
f 364//364 351//351 363//363
f 353//353 351//351 364//364
f 365//365 353//353 364//364
f 355//355 353//353 365//365
f 366//366 355//355 365//365
f 313//313 355//355 366//366
f 367//367 313//313 366//366
f 368//368 313//313 367//367
f 314//314 313//313 368//368
f 369//369 314//314 368//368
f 317//317 314//314 369//369
f 370//370 317//317 369//369
f 371//371 317//317 370//370
f 319//319 317//317 371//371
f 372//372 319//319 371//371
f 358//358 341//341 360//360
f 373//373 360//360 341//341
f 374//374 373//373 341//341
f 339//339 374//374 341//341
f 375//375 374//374 339//339
f 376//376 375//375 339//339
f 337//337 376//376 339//339
f 377//377 376//376 337//337
f 335//335 377//377 337//337
f 378//378 377//377 335//335
f 379//379 378//378 335//335
f 333//333 379//379 335//335
f 380//380 379//379 333//333
f 331//331 380//380 333//333
f 381//381 380//380 331//331
f 329//329 381//381 331//331
f 382//382 381//381 329//329
f 383//383 382//382 329//329
f 327//327 383//383 329//329
f 372//372 383//383 327//327
f 319//319 372//372 327//327
f 321//321 319//319 327//327
f 325//325 321//321 327//327
f 323//323 321//321 325//325
f 325//325 321//321 323//323
f 327//327 321//321 325//325
f 327//327 319//319 321//321
f 327//327 372//372 319//319
f 327//327 383//383 372//372
f 329//329 383//383 327//327
f 329//329 382//382 383//383
f 329//329 381//381 382//382
f 331//331 381//381 329//329
f 331//331 380//380 381//381
f 333//333 380//380 331//331
f 333//333 379//379 380//380
f 335//335 379//379 333//333
f 335//335 378//378 379//379
f 335//335 377//377 378//378
f 337//337 377//377 335//335
f 337//337 376//376 377//377
f 339//339 376//376 337//337
f 339//339 375//375 376//376
f 339//339 374//374 375//375
f 341//341 374//374 339//339
f 341//341 373//373 374//374
f 341//341 360//360 373//373
f 360//360 341//341 358//358
f 371//371 319//319 372//372
f 371//371 317//317 319//319
f 370//370 317//317 371//371
f 369//369 317//317 370//370
f 369//369 314//314 317//317
f 368//368 314//314 369//369
f 368//368 313//313 314//314
f 367//367 313//313 368//368
f 366//366 313//313 367//367
f 366//366 355//355 313//313
f 365//365 355//355 366//366
f 365//365 353//353 355//355
f 364//364 353//353 365//365
f 364//364 351//351 353//353
f 363//363 351//351 364//364
f 362//362 351//351 363//363
f 362//362 350//350 351//351
f 361//361 350//350 362//362
f 360//360 350//350 361//361
f 358//358 350//350 360//360
f 358//358 348//348 350//350
f 359//359 348//348 358//358
f 359//359 346//346 348//348
f 346//346 359//359 344//344
f 384//384 359//359 343//343
f 344//344 343//343 359//359
f 359//359 343//343 344//344
f 343//343 359//359 384//384
f 343//343 345//345 384//384
f 357//357 384//384 345//345
f 347//347 357//357 345//345
f 342//342 357//357 347//347
f 385//385 342//342 347//347
f 386//386 342//342 385//385
f 387//387 342//342 386//386
f 340//340 342//342 387//387
f 388//388 340//340 387//387
f 389//389 340//340 388//388
f 338//338 340//340 389//389
f 390//390 338//338 389//389
f 336//336 338//338 390//390
f 391//391 336//336 390//390
f 334//334 336//336 391//391
f 392//392 334//334 391//391
f 393//393 334//334 392//392
f 332//332 334//334 393//393
f 394//394 332//332 393//393
f 330//330 332//332 394//394
f 395//395 330//330 394//394
f 396//396 330//330 395//395
f 328//328 330//330 396//396
f 397//397 328//328 396//396
f 347//347 349//349 385//385
f 398//398 385//385 349//349
f 399//399 398//398 349//349
f 352//352 399//399 349//349
f 400//400 399//399 352//352
f 401//401 400//400 352//352
f 354//354 401//401 352//352
f 402//402 401//401 354//354
f 356//356 402//402 354//354
f 403//403 402//402 356//356
f 404//404 403//403 356//356
f 315//315 404//404 356//356
f 405//405 404//404 315//315
f 316//316 405//405 315//315
f 406//406 405//405 316//316
f 318//318 406//406 316//316
f 407//407 406//406 318//318
f 408//408 407//407 318//318
f 320//320 408//408 318//318
f 397//397 408//408 320//320
f 328//328 397//397 320//320
f 326//326 328//328 320//320
f 322//322 326//326 320//320
f 324//324 326//326 322//322
f 322//322 326//326 324//324
f 320//320 326//326 322//322
f 320//320 328//328 326//326
f 320//320 397//397 328//328
f 320//320 408//408 397//397
f 318//318 408//408 320//320
f 318//318 407//407 408//408
f 318//318 406//406 407//407
f 316//316 406//406 318//318
f 316//316 405//405 406//406
f 315//315 405//405 316//316
f 315//315 404//404 405//405
f 356//356 404//404 315//315
f 356//356 403//403 404//404
f 356//356 402//402 403//403
f 354//354 402//402 356//356
f 354//354 401//401 402//402
f 352//352 401//401 354//354
f 352//352 400//400 401//401
f 352//352 399//399 400//400
f 349//349 399//399 352//352
f 349//349 398//398 399//399
f 349//349 385//385 398//398
f 385//385 349//349 347//347
f 396//396 328//328 397//397
f 396//396 330//330 328//328
f 395//395 330//330 396//396
f 394//394 330//330 395//395
f 394//394 332//332 330//330
f 393//393 332//332 394//394
f 393//393 334//334 332//332
f 392//392 334//334 393//393
f 391//391 334//334 392//392
f 391//391 336//336 334//334
f 390//390 336//336 391//391
f 390//390 338//338 336//336
f 389//389 338//338 390//390
f 389//389 340//340 338//338
f 388//388 340//340 389//389
f 387//387 340//340 388//388
f 387//387 342//342 340//340
f 386//386 342//342 387//387
f 385//385 342//342 386//386
f 347//347 342//342 385//385
f 347//347 357//357 342//342
f 345//345 357//357 347//347
f 345//345 384//384 357//357
f 384//384 345//345 343//343
f 357//357 358//358 384//384
f 359//359 384//384 358//358
f 358//358 384//384 359//359
f 384//384 358//358 357//357
f 409//409 410//410 411//411
f 412//412 411//411 410//410
f 413//413 411//411 412//412
f 414//414 413//413 412//412
f 415//415 413//413 414//414
f 416//416 413//413 415//415
f 417//417 416//416 415//415
f 418//418 416//416 417//417
f 419//419 416//416 418//418
f 420//420 419//419 418//418
f 421//421 419//419 420//420
f 422//422 419//419 421//421
f 423//423 422//422 421//421
f 424//424 422//422 423//423
f 425//425 422//422 424//424
f 426//426 425//425 424//424
f 427//427 425//425 426//426
f 428//428 427//427 426//426
f 429//429 427//427 428//428
f 430//430 429//429 428//428
f 431//431 429//429 430//430
f 432//432 429//429 431//431
f 433//433 432//432 431//431
f 434//434 432//432 433//433
f 435//435 436//436 414//414
f 415//415 414//414 436//436
f 437//437 436//436 435//435
f 438//438 437//437 435//435
f 439//439 438//438 435//435
f 440//440 438//438 439//439
f 441//441 440//440 439//439
f 442//442 441//441 439//439
f 443//443 441//441 442//442
f 444//444 443//443 442//442
f 445//445 443//443 444//444
f 446//446 445//445 444//444
f 447//447 445//445 446//446
f 448//448 447//447 446//446
f 449//449 448//448 446//446
f 450//450 448//448 449//449
f 451//451 450//450 449//449
f 452//452 451//451 449//449
f 434//434 451//451 452//452
f 432//432 434//434 452//452
f 453//453 432//432 452//452
f 454//454 453//453 452//452
f 455//455 453//453 454//454
f 456//456 455//455 454//454
f 454//454 455//455 456//456
f 454//454 453//453 455//455
f 452//452 453//453 454//454
f 452//452 432//432 453//453
f 452//452 434//434 432//432
f 452//452 451//451 434//434
f 449//449 451//451 452//452
f 449//449 450//450 451//451
f 449//449 448//448 450//450
f 446//446 448//448 449//449
f 446//446 447//447 448//448
f 446//446 445//445 447//447
f 444//444 445//445 446//446
f 444//444 443//443 445//445
f 442//442 443//443 444//444
f 442//442 441//441 443//443
f 439//439 441//441 442//442
f 439//439 440//440 441//441
f 439//439 438//438 440//440
f 435//435 438//438 439//439
f 435//435 437//437 438//438
f 435//435 436//436 437//437
f 436//436 414//414 415//415
f 414//414 436//436 435//435
f 433//433 432//432 434//434
f 431//431 432//432 433//433
f 431//431 429//429 432//432
f 430//430 429//429 431//431
f 428//428 429//429 430//430
f 428//428 427//427 429//429
f 426//426 427//427 428//428
f 426//426 425//425 427//427
f 424//424 425//425 426//426
f 424//424 422//422 425//425
f 423//423 422//422 424//424
f 421//421 422//422 423//423
f 421//421 419//419 422//422
f 420//420 419//419 421//421
f 418//418 419//419 420//420
f 418//418 416//416 419//419
f 417//417 416//416 418//418
f 415//415 416//416 417//417
f 415//415 413//413 416//416
f 414//414 413//413 415//415
f 412//412 413//413 414//414
f 412//412 411//411 413//413
f 410//410 411//411 412//412
f 411//411 410//410 409//409
f 412//412 457//457 414//414
f 458//458 414//414 457//457
f 457//457 414//414 458//458
f 414//414 457//457 412//412
f 410//410 459//459 412//412
f 457//457 412//412 459//459
f 459//459 412//412 457//457
f 412//412 459//459 410//410
f 409//409 460//460 410//410
f 459//459 410//410 460//460
f 460//460 410//410 459//459
f 410//410 460//460 409//409
f 411//411 461//461 409//409
f 460//460 409//409 461//461
f 461//461 409//409 460//460
f 409//409 461//461 411//411
f 413//413 462//462 411//411
f 461//461 411//411 462//462
f 462//462 411//411 461//461
f 411//411 462//462 413//413
f 416//416 463//463 413//413
f 462//462 413//413 463//463
f 463//463 413//413 462//462
f 413//413 463//463 416//416
f 464//464 463//463 419//419
f 416//416 419//419 463//463
f 463//463 419//419 416//416
f 419//419 463//463 464//464
f 465//465 464//464 422//422
f 419//419 422//422 464//464
f 464//464 422//422 419//419
f 422//422 464//464 465//465
f 466//466 465//465 425//425
f 422//422 425//425 465//465
f 465//465 425//425 422//422
f 425//425 465//465 466//466
f 467//467 466//466 427//427
f 425//425 427//427 466//466
f 466//466 427//427 425//425
f 427//427 466//466 467//467
f 468//468 467//467 429//429
f 427//427 429//429 467//467
f 467//467 429//429 427//427
f 429//429 467//467 468//468
f 469//469 468//468 432//432
f 429//429 432//432 468//468
f 468//468 432//432 429//429
f 432//432 468//468 469//469
f 469//469 432//432 470//470
f 453//453 470//470 432//432
f 432//432 470//470 453//453
f 470//470 432//432 469//469
f 470//470 453//453 471//471
f 455//455 471//471 453//453
f 453//453 471//471 455//455
f 471//471 453//453 470//470
f 471//471 455//455 472//472
f 456//456 472//472 455//455
f 455//455 472//472 456//456
f 472//472 455//455 471//471
f 472//472 456//456 473//473
f 454//454 473//473 456//456
f 456//456 473//473 454//454
f 473//473 456//456 472//472
f 473//473 454//454 474//474
f 452//452 474//474 454//454
f 454//454 474//474 452//452
f 474//474 454//454 473//473
f 474//474 452//452 475//475
f 449//449 475//475 452//452
f 452//452 475//475 449//449
f 475//475 452//452 474//474
f 476//476 475//475 446//446
f 449//449 446//446 475//475
f 475//475 446//446 449//449
f 446//446 475//475 476//476
f 477//477 476//476 444//444
f 446//446 444//444 476//476
f 476//476 444//444 446//446
f 444//444 476//476 477//477
f 478//478 477//477 442//442
f 444//444 442//442 477//477
f 477//477 442//442 444//444
f 442//442 477//477 478//478
f 479//479 478//478 439//439
f 442//442 439//439 478//478
f 478//478 439//439 442//442
f 439//439 478//478 479//479
f 480//480 479//479 435//435
f 439//439 435//435 479//479
f 479//479 435//435 439//439
f 435//435 479//479 480//480
f 458//458 480//480 414//414
f 435//435 414//414 480//480
f 480//480 414//414 435//435
f 414//414 480//480 458//458
f 481//481 482//482 458//458
f 480//480 458//458 482//482
f 483//483 480//480 482//482
f 484//484 480//480 483//483
f 479//479 480//480 484//484
f 485//485 479//479 484//484
f 486//486 479//479 485//485
f 478//478 479//479 486//486
f 487//487 478//478 486//486
f 477//477 478//478 487//487
f 488//488 477//477 487//487
f 476//476 477//477 488//488
f 489//489 476//476 488//488
f 490//490 476//476 489//489
f 475//475 476//476 490//490
f 491//491 475//475 490//490
f 492//492 475//475 491//491
f 474//474 475//475 492//492
f 493//493 474//474 492//492
f 469//469 474//474 493//493
f 470//470 474//474 469//469
f 473//473 474//474 470//470
f 471//471 473//473 470//470
f 472//472 473//473 471//471
f 460//460 461//461 459//459
f 457//457 459//459 461//461
f 462//462 457//457 461//461
f 458//458 457//457 462//462
f 481//481 458//458 462//462
f 463//463 481//481 462//462
f 494//494 481//481 463//463
f 495//495 494//494 463//463
f 464//464 495//495 463//463
f 496//496 495//495 464//464
f 497//497 496//496 464//464
f 465//465 497//497 464//464
f 498//498 497//497 465//465
f 499//499 498//498 465//465
f 466//466 499//499 465//465
f 500//500 499//499 466//466
f 467//467 500//500 466//466
f 501//501 500//500 467//467
f 468//468 501//501 467//467
f 502//502 501//501 468//468
f 503//503 502//502 468//468
f 469//469 503//503 468//468
f 504//504 503//503 469//469
f 493//493 504//504 469//469
f 469//469 504//504 493//493
f 469//469 503//503 504//504
f 468//468 503//503 469//469
f 468//468 502//502 503//503
f 468//468 501//501 502//502
f 467//467 501//501 468//468
f 467//467 500//500 501//501
f 466//466 500//500 467//467
f 466//466 499//499 500//500
f 465//465 499//499 466//466
f 465//465 498//498 499//499
f 465//465 497//497 498//498
f 464//464 497//497 465//465
f 464//464 496//496 497//497
f 464//464 495//495 496//496
f 463//463 495//495 464//464
f 463//463 494//494 495//495
f 463//463 481//481 494//494
f 462//462 481//481 463//463
f 462//462 458//458 481//481
f 462//462 457//457 458//458
f 461//461 457//457 462//462
f 461//461 459//459 457//457
f 459//459 461//461 460//460
f 471//471 473//473 472//472
f 470//470 473//473 471//471
f 470//470 474//474 473//473
f 469//469 474//474 470//470
f 493//493 474//474 469//469
f 492//492 474//474 493//493
f 492//492 475//475 474//474
f 491//491 475//475 492//492
f 490//490 475//475 491//491
f 490//490 476//476 475//475
f 489//489 476//476 490//490
f 488//488 476//476 489//489
f 488//488 477//477 476//476
f 487//487 477//477 488//488
f 487//487 478//478 477//477
f 486//486 478//478 487//487
f 486//486 479//479 478//478
f 485//485 479//479 486//486
f 484//484 479//479 485//485
f 484//484 480//480 479//479
f 483//483 480//480 484//484
f 482//482 480//480 483//483
f 482//482 458//458 480//480
f 458//458 482//482 481//481
f 505//505 506//506 507//507
f 508//508 507//507 506//506
f 506//506 507//507 508//508
f 507//507 506//506 505//505
f 506//506 509//509 508//508
f 510//510 508//508 509//509
f 509//509 508//508 510//510
f 508//508 509//509 506//506
f 511//511 512//512 509//509
f 510//510 509//509 512//512
f 512//512 509//509 510//510
f 509//509 512//512 511//511
f 513//513 514//514 511//511
f 512//512 511//511 514//514
f 514//514 511//511 512//512
f 511//511 514//514 513//513
f 515//515 516//516 513//513
f 514//514 513//513 516//516
f 516//516 513//513 514//514
f 513//513 516//516 515//515
f 517//517 518//518 515//515
f 516//516 515//515 518//518
f 518//518 515//515 516//516
f 515//515 518//518 517//517
f 519//519 520//520 517//517
f 518//518 517//517 520//520
f 520//520 517//517 518//518
f 517//517 520//520 519//519
f 521//521 522//522 519//519
f 520//520 519//519 522//522
f 522//522 519//519 520//520
f 519//519 522//522 521//521
f 521//521 523//523 522//522
f 524//524 522//522 523//523
f 523//523 522//522 524//524
f 522//522 523//523 521//521
f 523//523 525//525 524//524
f 526//526 524//524 525//525
f 525//525 524//524 526//526
f 524//524 525//525 523//523
f 525//525 527//527 526//526
f 528//528 526//526 527//527
f 527//527 526//526 528//528
f 526//526 527//527 525//525
f 527//527 529//529 528//528
f 530//530 528//528 529//529
f 529//529 528//528 530//530
f 528//528 529//529 527//527
f 531//531 532//532 533//533
f 534//534 533//533 532//532
f 532//532 533//533 534//534
f 533//533 532//532 531//531
f 533//533 534//534 535//535
f 536//536 535//535 534//534
f 534//534 535//535 536//536
f 535//535 534//534 533//533
f 535//535 536//536 537//537
f 538//538 537//537 536//536
f 536//536 537//537 538//538
f 537//537 536//536 535//535
f 537//537 538//538 539//539
f 540//540 539//539 538//538
f 538//538 539//539 540//540
f 539//539 538//538 537//537
f 539//539 540//540 541//541
f 542//542 541//541 540//540
f 540//540 541//541 542//542
f 541//541 540//540 539//539
f 542//542 543//543 541//541
f 544//544 541//541 543//543
f 543//543 541//541 544//544
f 541//541 543//543 542//542
f 543//543 545//545 544//544
f 546//546 544//544 545//545
f 545//545 544//544 546//546
f 544//544 545//545 543//543
f 545//545 547//547 546//546
f 548//548 546//546 547//547
f 547//547 546//546 548//548
f 546//546 547//547 545//545
f 547//547 505//505 548//548
f 507//507 548//548 505//505
f 505//505 548//548 507//507
f 548//548 505//505 547//547
f 529//529 549//549 530//530
f 550//550 530//530 549//549
f 549//549 530//530 550//550
f 530//530 549//549 529//529
f 536//536 534//534 538//538
f 540//540 538//538 534//534
f 532//532 540//540 534//534
f 551//551 540//540 532//532
f 542//542 540//540 551//551
f 552//552 551//551 532//532
f 553//553 542//542 551//551
f 543//543 542//542 553//553
f 554//554 543//543 553//553
f 555//555 543//543 554//554
f 545//545 543//543 555//555
f 556//556 545//545 555//555
f 547//547 545//545 556//556
f 557//557 547//547 556//556
f 558//558 547//547 557//557
f 505//505 547//547 558//558
f 559//559 505//505 558//558
f 506//506 505//505 559//559
f 560//560 506//506 559//559
f 509//509 506//506 560//560
f 561//561 509//509 560//560
f 562//562 509//509 561//561
f 511//511 509//509 562//562
f 563//563 511//511 562//562
f 532//532 564//564 552//552
f 565//565 552//552 564//564
f 566//566 565//565 564//564
f 549//549 566//566 564//564
f 567//567 566//566 549//549
f 568//568 567//567 549//549
f 529//529 568//568 549//549
f 569//569 568//568 529//529
f 527//527 569//569 529//529
f 570//570 569//569 527//527
f 525//525 570//570 527//527
f 571//571 570//570 525//525
f 572//572 571//571 525//525
f 523//523 572//572 525//525
f 573//573 572//572 523//523
f 521//521 573//573 523//523
f 574//574 573//573 521//521
f 575//575 574//574 521//521
f 519//519 575//575 521//521
f 563//563 575//575 519//519
f 511//511 563//563 519//519
f 513//513 511//511 519//519
f 517//517 513//513 519//519
f 515//515 513//513 517//517
f 517//517 513//513 515//515
f 519//519 513//513 517//517
f 519//519 511//511 513//513
f 519//519 563//563 511//511
f 519//519 575//575 563//563
f 521//521 575//575 519//519
f 521//521 574//574 575//575
f 521//521 573//573 574//574
f 523//523 573//573 521//521
f 523//523 572//572 573//573
f 525//525 572//572 523//523
f 525//525 571//571 572//572
f 525//525 570//570 571//571
f 527//527 570//570 525//525
f 527//527 569//569 570//570
f 529//529 569//569 527//527
f 529//529 568//568 569//569
f 549//549 568//568 529//529
f 549//549 567//567 568//568
f 549//549 566//566 567//567
f 564//564 566//566 549//549
f 564//564 565//565 566//566
f 564//564 552//552 565//565
f 552//552 564//564 532//532
f 562//562 511//511 563//563
f 562//562 509//509 511//511
f 561//561 509//509 562//562
f 560//560 509//509 561//561
f 560//560 506//506 509//509
f 559//559 506//506 560//560
f 559//559 505//505 506//506
f 558//558 505//505 559//559
f 558//558 547//547 505//505
f 557//557 547//547 558//558
f 556//556 547//547 557//557
f 556//556 545//545 547//547
f 555//555 545//545 556//556
f 555//555 543//543 545//545
f 554//554 543//543 555//555
f 553//553 543//543 554//554
f 553//553 542//542 543//543
f 551//551 542//542 553//553
f 532//532 551//551 552//552
f 551//551 540//540 542//542
f 532//532 540//540 551//551
f 534//534 540//540 532//532
f 534//534 538//538 540//540
f 538//538 534//534 536//536
f 576//576 564//564 531//531
f 532//532 531//531 564//564
f 564//564 531//531 532//532
f 531//531 564//564 576//576
f 531//531 577//577 576//576
f 578//578 576//576 577//577
f 579//579 576//576 578//578
f 550//550 576//576 579//579
f 580//580 550//550 579//579
f 581//581 550//550 580//580
f 530//530 550//550 581//581
f 582//582 530//530 581//581
f 528//528 530//530 582//582
f 583//583 528//528 582//582
f 526//526 528//528 583//583
f 584//584 526//526 583//583
f 585//585 526//526 584//584
f 524//524 526//526 585//585
f 586//586 524//524 585//585
f 522//522 524//524 586//586
f 587//587 522//522 586//586
f 588//588 522//522 587//587
f 520//520 522//522 588//588
f 589//589 520//520 588//588
f 512//512 520//520 589//589
f 514//514 520//520 512//512
f 518//518 520//520 514//514
f 516//516 518//518 514//514
f 535//535 537//537 533//533
f 539//539 533//533 537//537
f 531//531 533//533 539//539
f 590//590 531//531 539//539
f 541//541 590//590 539//539
f 577//577 531//531 590//590
f 591//591 590//590 541//541
f 544//544 591//591 541//541
f 592//592 591//591 544//544
f 593//593 592//592 544//544
f 546//546 593//593 544//544
f 594//594 593//593 546//546
f 548//548 594//594 546//546
f 595//595 594//594 548//548
f 596//596 595//595 548//548
f 507//507 596//596 548//548
f 597//597 596//596 507//507
f 508//508 597//597 507//507
f 598//598 597//597 508//508
f 510//510 598//598 508//508
f 599//599 598//598 510//510
f 600//600 599//599 510//510
f 512//512 600//600 510//510
f 589//589 600//600 512//512
f 512//512 600//600 589//589
f 510//510 600//600 512//512
f 510//510 599//599 600//600
f 510//510 598//598 599//599
f 508//508 598//598 510//510
f 508//508 597//597 598//598
f 507//507 597//597 508//508
f 507//507 596//596 597//597
f 548//548 596//596 507//507
f 548//548 595//595 596//596
f 548//548 594//594 595//595
f 546//546 594//594 548//548
f 546//546 593//593 594//594
f 544//544 593//593 546//546
f 544//544 592//592 593//593
f 544//544 591//591 592//592
f 541//541 591//591 544//544
f 541//541 590//590 591//591
f 590//590 531//531 577//577
f 539//539 590//590 541//541
f 539//539 531//531 590//590
f 539//539 533//533 531//531
f 537//537 533//533 539//539
f 533//533 537//537 535//535
f 514//514 518//518 516//516
f 514//514 520//520 518//518
f 512//512 520//520 514//514
f 589//589 520//520 512//512
f 588//588 520//520 589//589
f 588//588 522//522 520//520
f 587//587 522//522 588//588
f 586//586 522//522 587//587
f 586//586 524//524 522//522
f 585//585 524//524 586//586
f 585//585 526//526 524//524
f 584//584 526//526 585//585
f 583//583 526//526 584//584
f 583//583 528//528 526//526
f 582//582 528//528 583//583
f 582//582 530//530 528//528
f 581//581 530//530 582//582
f 581//581 550//550 530//530
f 580//580 550//550 581//581
f 579//579 550//550 580//580
f 579//579 576//576 550//550
f 578//578 576//576 579//579
f 577//577 576//576 578//578
f 576//576 577//577 531//531
f 549//549 564//564 550//550
f 576//576 550//550 564//564
f 564//564 550//550 576//576
f 550//550 564//564 549//549
f 601//601 602//602 603//603
f 604//604 603//603 602//602
f 602//602 603//603 604//604
f 603//603 602//602 601//601
f 602//602 605//605 604//604
f 606//606 604//604 605//605
f 605//605 604//604 606//606
f 604//604 605//605 602//602
f 607//607 608//608 605//605
f 606//606 605//605 608//608
f 608//608 605//605 606//606
f 605//605 608//608 607//607
f 609//609 610//610 607//607
f 608//608 607//607 610//610
f 610//610 607//607 608//608
f 607//607 610//610 609//609
f 611//611 612//612 609//609
f 610//610 609//609 612//612
f 612//612 609//609 610//610
f 609//609 612//612 611//611
f 613//613 614//614 611//611
f 612//612 611//611 614//614
f 614//614 611//611 612//612
f 611//611 614//614 613//613
f 615//615 616//616 613//613
f 614//614 613//613 616//616
f 616//616 613//613 614//614
f 613//613 616//616 615//615
f 617//617 618//618 615//615
f 616//616 615//615 618//618
f 618//618 615//615 616//616
f 615//615 618//618 617//617
f 617//617 619//619 618//618
f 620//620 618//618 619//619
f 619//619 618//618 620//620
f 618//618 619//619 617//617
f 619//619 621//621 620//620
f 622//622 620//620 621//621
f 621//621 620//620 622//622
f 620//620 621//621 619//619
f 621//621 623//623 622//622
f 624//624 622//622 623//623
f 623//623 622//622 624//624
f 622//622 623//623 621//621
f 623//623 625//625 624//624
f 626//626 624//624 625//625
f 625//625 624//624 626//626
f 624//624 625//625 623//623
f 625//625 627//627 626//626
f 628//628 626//626 627//627
f 627//627 626//626 628//628
f 626//626 627//627 625//625
f 629//629 630//630 631//631
f 632//632 631//631 630//630
f 630//630 631//631 632//632
f 631//631 630//630 629//629
f 631//631 632//632 633//633
f 634//634 633//633 632//632
f 632//632 633//633 634//634
f 633//633 632//632 631//631
f 633//633 634//634 635//635
f 636//636 635//635 634//634
f 634//634 635//635 636//636
f 635//635 634//634 633//633
f 635//635 636//636 637//637
f 638//638 637//637 636//636
f 636//636 637//637 638//638
f 637//637 636//636 635//635
f 638//638 639//639 637//637
f 640//640 637//637 639//639
f 639//639 637//637 640//640
f 637//637 639//639 638//638
f 639//639 641//641 640//640
f 642//642 640//640 641//641
f 641//641 640//640 642//642
f 640//640 641//641 639//639
f 641//641 643//643 642//642
f 644//644 642//642 643//643
f 643//643 642//642 644//644
f 642//642 643//643 641//641
f 643//643 601//601 644//644
f 603//603 644//644 601//601
f 601//601 644//644 603//603
f 644//644 601//601 643//643
f 627//627 645//645 628//628
f 646//646 628//628 645//645
f 645//645 628//628 646//646
f 628//628 645//645 627//627
f 632//632 630//630 634//634
f 636//636 634//634 630//630
f 647//647 636//636 630//630
f 638//638 636//636 647//647
f 287//287 638//638 647//647
f 290//290 638//638 287//287
f 293//293 638//638 290//290
f 639//639 638//638 293//293
f 296//296 639//639 293//293
f 298//298 639//639 296//296
f 641//641 639//639 298//298
f 301//301 641//641 298//298
f 643//643 641//641 301//301
f 304//304 643//643 301//301
f 601//601 643//643 304//304
f 241//241 601//601 304//304
f 242//242 601//601 241//241
f 602//602 601//601 242//242
f 247//247 602//602 242//242
f 605//605 602//602 247//247
f 250//250 605//605 247//247
f 253//253 605//605 250//250
f 607//607 605//605 253//253
f 256//256 607//607 253//253
f 647//647 645//645 287//287
f 284//284 287//287 645//645
f 283//283 284//284 645//645
f 627//627 283//283 645//645
f 310//310 283//283 627//627
f 307//307 310//310 627//627
f 625//625 307//307 627//627
f 277//277 307//307 625//625
f 623//623 277//277 625//625
f 274//274 277//277 623//623
f 271//271 274//274 623//623
f 621//621 271//271 623//623
f 268//268 271//271 621//621
f 619//619 268//268 621//621
f 265//265 268//268 619//619
f 617//617 265//265 619//619
f 262//262 265//265 617//617
f 259//259 262//262 617//617
f 615//615 259//259 617//617
f 256//256 259//259 615//615
f 607//607 256//256 615//615
f 609//609 607//607 615//615
f 613//613 609//609 615//615
f 611//611 609//609 613//613
f 613//613 609//609 611//611
f 615//615 609//609 613//613
f 615//615 607//607 609//609
f 615//615 256//256 607//607
f 615//615 259//259 256//256
f 617//617 259//259 615//615
f 617//617 262//262 259//259
f 617//617 265//265 262//262
f 619//619 265//265 617//617
f 619//619 268//268 265//265
f 621//621 268//268 619//619
f 621//621 271//271 268//268
f 623//623 271//271 621//621
f 623//623 274//274 271//271
f 623//623 277//277 274//274
f 625//625 277//277 623//623
f 625//625 307//307 277//277
f 627//627 307//307 625//625
f 627//627 310//310 307//307
f 627//627 283//283 310//310
f 645//645 283//283 627//627
f 645//645 284//284 283//283
f 645//645 287//287 284//284
f 287//287 645//645 647//647
f 253//253 607//607 256//256
f 253//253 605//605 607//607
f 250//250 605//605 253//253
f 247//247 605//605 250//250
f 247//247 602//602 605//605
f 242//242 602//602 247//247
f 242//242 601//601 602//602
f 241//241 601//601 242//242
f 304//304 601//601 241//241
f 304//304 643//643 601//601
f 301//301 643//643 304//304
f 301//301 641//641 643//643
f 298//298 641//641 301//301
f 298//298 639//639 641//641
f 296//296 639//639 298//298
f 293//293 639//639 296//296
f 293//293 638//638 639//639
f 290//290 638//638 293//293
f 287//287 638//638 290//290
f 647//647 638//638 287//287
f 647//647 636//636 638//638
f 630//630 636//636 647//647
f 630//630 634//634 636//636
f 634//634 630//630 632//632
f 648//648 647//647 629//629
f 630//630 629//629 647//647
f 647//647 629//629 630//630
f 629//629 647//647 648//648
f 648//648 288//288 646//646
f 285//285 646//646 288//288
f 281//281 646//646 285//285
f 628//628 646//646 281//281
f 312//312 628//628 281//281
f 308//308 628//628 312//312
f 626//626 628//628 308//308
f 278//278 626//626 308//308
f 624//624 626//626 278//278
f 275//275 624//624 278//278
f 622//622 624//624 275//275
f 272//272 622//622 275//275
f 269//269 622//622 272//272
f 620//620 622//622 269//269
f 266//266 620//620 269//269
f 618//618 620//620 266//266
f 263//263 618//618 266//266
f 260//260 618//618 263//263
f 616//616 618//618 260//260
f 257//257 616//616 260//260
f 631//631 633//633 629//629
f 635//635 629//629 633//633
f 648//648 629//629 635//635
f 637//637 648//648 635//635
f 288//288 648//648 637//637
f 291//291 288//288 637//637
f 294//294 291//291 637//637
f 640//640 294//294 637//637
f 297//297 294//294 640//640
f 299//299 297//297 640//640
f 642//642 299//299 640//640
f 302//302 299//299 642//642
f 644//644 302//302 642//642
f 305//305 302//302 644//644
f 243//243 305//305 644//644
f 603//603 243//243 644//644
f 244//244 243//243 603//603
f 604//604 244//244 603//603
f 248//248 244//244 604//604
f 606//606 248//248 604//604
f 251//251 248//248 606//606
f 254//254 251//251 606//606
f 608//608 254//254 606//606
f 257//257 254//254 608//608
f 616//616 257//257 608//608
f 614//614 616//616 608//608
f 610//610 614//614 608//608
f 612//612 614//614 610//610
f 610//610 614//614 612//612
f 608//608 614//614 610//610
f 608//608 616//616 614//614
f 608//608 257//257 616//616
f 608//608 254//254 257//257
f 606//606 254//254 608//608
f 606//606 251//251 254//254
f 606//606 248//248 251//251
f 604//604 248//248 606//606
f 604//604 244//244 248//248
f 603//603 244//244 604//604
f 603//603 243//243 244//244
f 644//644 243//243 603//603
f 644//644 305//305 243//243
f 644//644 302//302 305//305
f 642//642 302//302 644//644
f 642//642 299//299 302//302
f 640//640 299//299 642//642
f 640//640 297//297 299//299
f 640//640 294//294 297//297
f 637//637 294//294 640//640
f 637//637 291//291 294//294
f 637//637 288//288 291//291
f 637//637 648//648 288//288
f 635//635 648//648 637//637
f 635//635 629//629 648//648
f 633//633 629//629 635//635
f 629//629 633//633 631//631
f 260//260 616//616 257//257
f 260//260 618//618 616//616
f 263//263 618//618 260//260
f 266//266 618//618 263//263
f 266//266 620//620 618//618
f 269//269 620//620 266//266
f 269//269 622//622 620//620
f 272//272 622//622 269//269
f 275//275 622//622 272//272
f 275//275 624//624 622//622
f 278//278 624//624 275//275
f 278//278 626//626 624//624
f 308//308 626//626 278//278
f 308//308 628//628 626//626
f 312//312 628//628 308//308
f 281//281 628//628 312//312
f 281//281 646//646 628//628
f 285//285 646//646 281//281
f 288//288 646//646 285//285
f 646//646 288//288 648//648
f 646//646 645//645 648//648
f 647//647 648//648 645//645
f 645//645 648//648 647//647
f 648//648 645//645 646//646
f 367//367 368//368 404//404
f 405//405 404//404 368//368
f 649//649 404//404 405//405
f 650//650 649//649 405//405
f 405//405 649//649 650//650
f 405//405 404//404 649//649
f 368//368 404//404 405//405
f 404//404 368//368 367//367
f 368//368 369//369 405//405
f 406//406 405//405 369//369
f 650//650 405//405 406//406
f 651//651 650//650 406//406
f 406//406 650//650 651//651
f 406//406 405//405 650//650
f 369//369 405//405 406//406
f 405//405 369//369 368//368
f 383//383 396//396 372//372
f 652//652 372//372 396//396
f 653//653 372//372 652//652
f 397//397 372//372 653//653
f 653//653 372//372 397//397
f 652//652 372//372 653//653
f 396//396 372//372 652//652
f 372//372 396//396 383//383
f 382//382 395//395 383//383
f 654//654 383//383 395//395
f 652//652 383//383 654//654
f 396//396 383//383 652//652
f 652//652 383//383 396//396
f 654//654 383//383 652//652
f 395//395 383//383 654//654
f 383//383 395//395 382//382
f 381//381 394//394 382//382
f 655//655 382//382 394//394
f 654//654 382//382 655//655
f 395//395 382//382 654//654
f 654//654 382//382 395//395
f 655//655 382//382 654//654
f 394//394 382//382 655//655
f 382//382 394//394 381//381
f 381//381 380//380 394//394
f 393//393 394//394 380//380
f 655//655 394//394 393//393
f 656//656 655//655 393//393
f 393//393 655//655 656//656
f 393//393 394//394 655//655
f 380//380 394//394 393//393
f 394//394 380//380 381//381
f 380//380 379//379 393//393
f 392//392 393//393 379//379
f 656//656 393//393 392//392
f 657//657 656//656 392//392
f 392//392 656//656 657//657
f 392//392 393//393 656//656
f 379//379 393//393 392//392
f 393//393 379//379 380//380
f 379//379 378//378 392//392
f 391//391 392//392 378//378
f 657//657 392//392 391//391
f 658//658 657//657 391//391
f 391//391 657//657 658//658
f 391//391 392//392 657//657
f 378//378 392//392 391//391
f 392//392 378//378 379//379
f 378//378 377//377 391//391
f 390//390 391//391 377//377
f 658//658 391//391 390//390
f 659//659 658//658 390//390
f 390//390 658//658 659//659
f 390//390 391//391 658//658
f 377//377 391//391 390//390
f 391//391 377//377 378//378
f 377//377 376//376 390//390
f 389//389 390//390 376//376
f 659//659 390//390 389//389
f 660//660 659//659 389//389
f 389//389 659//659 660//660
f 389//389 390//390 659//659
f 376//376 390//390 389//389
f 390//390 376//376 377//377
f 376//376 375//375 389//389
f 388//388 389//389 375//375
f 660//660 389//389 388//388
f 661//661 660//660 388//388
f 388//388 660//660 661//661
f 388//388 389//389 660//660
f 375//375 389//389 388//388
f 389//389 375//375 376//376
f 661//661 388//388 662//662
f 375//375 662//662 388//388
f 374//374 662//662 375//375
f 387//387 662//662 374//374
f 374//374 662//662 387//387
f 375//375 662//662 374//374
f 388//388 662//662 375//375
f 662//662 388//388 661//661
f 662//662 387//387 663//663
f 374//374 663//663 387//387
f 373//373 663//663 374//374
f 386//386 663//663 373//373
f 373//373 663//663 386//386
f 374//374 663//663 373//373
f 387//387 663//663 374//374
f 663//663 387//387 662//662
f 663//663 386//386 664//664
f 373//373 664//664 386//386
f 360//360 664//664 373//373
f 385//385 664//664 360//360
f 360//360 664//664 385//385
f 373//373 664//664 360//360
f 386//386 664//664 373//373
f 664//664 386//386 663//663
f 664//664 385//385 665//665
f 360//360 665//665 385//385
f 361//361 665//665 360//360
f 398//398 665//665 361//361
f 361//361 665//665 398//398
f 360//360 665//665 361//361
f 385//385 665//665 360//360
f 665//665 385//385 664//664
f 665//665 398//398 666//666
f 361//361 666//666 398//398
f 362//362 666//666 361//361
f 399//399 666//666 362//362
f 362//362 666//666 399//399
f 361//361 666//666 362//362
f 398//398 666//666 361//361
f 666//666 398//398 665//665
f 666//666 399//399 667//667
f 362//362 667//667 399//399
f 363//363 667//667 362//362
f 400//400 667//667 363//363
f 363//363 667//667 400//400
f 362//362 667//667 363//363
f 399//399 667//667 362//362
f 667//667 399//399 666//666
f 363//363 364//364 400//400
f 401//401 400//400 364//364
f 667//667 400//400 401//401
f 668//668 667//667 401//401
f 401//401 667//667 668//668
f 401//401 400//400 667//667
f 364//364 400//400 401//401
f 400//400 364//364 363//363
f 364//364 365//365 401//401
f 402//402 401//401 365//365
f 668//668 401//401 402//402
f 669//669 668//668 402//402
f 402//402 668//668 669//669
f 402//402 401//401 668//668
f 365//365 401//401 402//402
f 401//401 365//365 364//364
f 365//365 366//366 402//402
f 403//403 402//402 366//366
f 669//669 402//402 403//403
f 670//670 669//669 403//403
f 403//403 669//669 670//670
f 403//403 402//402 669//669
f 366//366 402//402 403//403
f 402//402 366//366 365//365
f 366//366 367//367 403//403
f 404//404 403//403 367//367
f 670//670 403//403 404//404
f 649//649 670//670 404//404
f 404//404 670//670 649//649
f 404//404 403//403 670//670
f 367//367 403//403 404//404
f 403//403 367//367 366//366
f 370//370 407//407 369//369
f 671//671 369//369 407//407
f 651//651 369//369 671//671
f 406//406 369//369 651//651
f 651//651 369//369 406//406
f 671//671 369//369 651//651
f 407//407 369//369 671//671
f 369//369 407//407 370//370
f 360//360 373//373 361//361
f 362//362 361//361 373//373
f 374//374 362//362 373//373
f 363//363 362//362 374//374
f 375//375 363//363 374//374
f 364//364 363//363 375//375
f 376//376 364//364 375//375
f 365//365 364//364 376//376
f 377//377 365//365 376//376
f 366//366 365//365 377//377
f 378//378 366//366 377//377
f 367//367 366//366 378//378
f 379//379 367//367 378//378
f 368//368 367//367 379//379
f 380//380 368//368 379//379
f 369//369 368//368 380//380
f 381//381 369//369 380//380
f 370//370 369//369 381//381
f 382//382 370//370 381//381
f 371//371 370//370 382//382
f 383//383 371//371 382//382
f 372//372 371//371 383//383
f 383//383 371//371 372//372
f 382//382 371//371 383//383
f 382//382 370//370 371//371
f 381//381 370//370 382//382
f 381//381 369//369 370//370
f 380//380 369//369 381//381
f 380//380 368//368 369//369
f 379//379 368//368 380//380
f 379//379 367//367 368//368
f 378//378 367//367 379//379
f 378//378 366//366 367//367
f 377//377 366//366 378//378
f 377//377 365//365 366//366
f 376//376 365//365 377//377
f 376//376 364//364 365//365
f 375//375 364//364 376//376
f 375//375 363//363 364//364
f 374//374 363//363 375//375
f 374//374 362//362 363//363
f 373//373 362//362 374//374
f 373//373 361//361 362//362
f 361//361 373//373 360//360
f 372//372 397//397 371//371
f 653//653 371//371 397//397
f 672//672 371//371 653//653
f 408//408 371//371 672//672
f 672//672 371//371 408//408
f 653//653 371//371 672//672
f 397//397 371//371 653//653
f 371//371 397//397 372//372
f 664//664 665//665 663//663
f 666//666 663//663 665//665
f 662//662 663//663 666//666
f 661//661 662//662 666//666
f 667//667 661//661 666//666
f 660//660 661//661 667//667
f 668//668 660//660 667//667
f 659//659 660//660 668//668
f 669//669 659//659 668//668
f 658//658 659//659 669//669
f 670//670 658//658 669//669
f 657//657 658//658 670//670
f 649//649 657//657 670//670
f 656//656 657//657 649//649
f 650//650 656//656 649//649
f 655//655 656//656 650//650
f 651//651 655//655 650//650
f 654//654 655//655 651//651
f 671//671 654//654 651//651
f 652//652 654//654 671//671
f 672//672 652//652 671//671
f 653//653 652//652 672//672
f 672//672 652//652 653//653
f 671//671 652//652 672//672
f 671//671 654//654 652//652
f 651//651 654//654 671//671
f 651//651 655//655 654//654
f 650//650 655//655 651//651
f 650//650 656//656 655//655
f 649//649 656//656 650//650
f 649//649 657//657 656//656
f 670//670 657//657 649//649
f 670//670 658//658 657//657
f 669//669 658//658 670//670
f 669//669 659//659 658//658
f 668//668 659//659 669//669
f 668//668 660//660 659//659
f 667//667 660//660 668//668
f 667//667 661//661 660//660
f 666//666 661//661 667//667
f 666//666 662//662 661//661
f 666//666 663//663 662//662
f 665//665 663//663 666//666
f 663//663 665//665 664//664
f 371//371 408//408 370//370
f 672//672 370//370 408//408
f 671//671 370//370 672//672
f 407//407 370//370 671//671
f 671//671 370//370 407//407
f 672//672 370//370 671//671
f 408//408 370//370 672//672
f 370//370 408//408 371//371
f 673//673 674//674 675//675
f 676//676 675//675 674//674
f 677//677 676//676 674//674
f 678//678 676//676 677//677
f 679//679 678//678 677//677
f 680//680 678//678 679//679
f 681//681 680//680 679//679
f 682//682 680//680 681//681
f 683//683 682//682 681//681
f 684//684 682//682 683//683
f 685//685 684//684 683//683
f 686//686 684//684 685//685
f 687//687 686//686 685//685
f 688//688 686//686 687//687
f 689//689 688//688 687//687
f 690//690 688//688 689//689
f 691//691 690//690 689//689
f 692//692 690//690 691//691
f 693//693 692//692 691//691
f 694//694 692//692 693//693
f 695//695 694//694 693//693
f 696//696 694//694 695//695
f 695//695 694//694 696//696
f 693//693 694//694 695//695
f 693//693 692//692 694//694
f 691//691 692//692 693//693
f 691//691 690//690 692//692
f 689//689 690//690 691//691
f 689//689 688//688 690//690
f 687//687 688//688 689//689
f 687//687 686//686 688//688
f 685//685 686//686 687//687
f 685//685 684//684 686//686
f 683//683 684//684 685//685
f 683//683 682//682 684//684
f 681//681 682//682 683//683
f 681//681 680//680 682//682
f 679//679 680//680 681//681
f 679//679 678//678 680//680
f 677//677 678//678 679//679
f 677//677 676//676 678//678
f 674//674 676//676 677//677
f 674//674 675//675 676//676
f 675//675 674//674 673//673
f 682//682 684//684 697//697
f 698//698 697//697 684//684
f 699//699 697//697 698//698
f 700//700 699//699 698//698
f 698//698 699//699 700//700
f 698//698 697//697 699//699
f 684//684 697//697 698//698
f 697//697 684//684 682//682
f 684//684 686//686 698//698
f 701//701 698//698 686//686
f 700//700 698//698 701//701
f 702//702 700//700 701//701
f 701//701 700//700 702//702
f 701//701 698//698 700//700
f 686//686 698//698 701//701
f 698//698 686//686 684//684
f 686//686 688//688 701//701
f 703//703 701//701 688//688
f 702//702 701//701 703//703
f 704//704 702//702 703//703
f 703//703 702//702 704//704
f 703//703 701//701 702//702
f 688//688 701//701 703//703
f 701//701 688//688 686//686
f 688//688 690//690 703//703
f 705//705 703//703 690//690
f 704//704 703//703 705//705
f 706//706 704//704 705//705
f 705//705 704//704 706//706
f 705//705 703//703 704//704
f 690//690 703//703 705//705
f 703//703 690//690 688//688
f 692//692 707//707 690//690
f 708//708 690//690 707//707
f 706//706 690//690 708//708
f 705//705 690//690 706//706
f 706//706 690//690 705//705
f 708//708 690//690 706//706
f 707//707 690//690 708//708
f 690//690 707//707 692//692
f 694//694 709//709 692//692
f 710//710 692//692 709//709
f 708//708 692//692 710//710
f 707//707 692//692 708//708
f 708//708 692//692 707//707
f 710//710 692//692 708//708
f 709//709 692//692 710//710
f 692//692 709//709 694//694
f 696//696 711//711 694//694
f 712//712 694//694 711//711
f 710//710 694//694 712//712
f 709//709 694//694 710//710
f 710//710 694//694 709//709
f 712//712 694//694 710//710
f 711//711 694//694 712//712
f 694//694 711//711 696//696
f 695//695 713//713 696//696
f 714//714 696//696 713//713
f 712//712 696//696 714//714
f 711//711 696//696 712//712
f 712//712 696//696 711//711
f 714//714 696//696 712//712
f 713//713 696//696 714//714
f 696//696 713//713 695//695
f 693//693 715//715 695//695
f 716//716 695//695 715//715
f 714//714 695//695 716//716
f 713//713 695//695 714//714
f 714//714 695//695 713//713
f 716//716 695//695 714//714
f 715//715 695//695 716//716
f 695//695 715//715 693//693
f 691//691 717//717 693//693
f 718//718 693//693 717//717
f 716//716 693//693 718//718
f 715//715 693//693 716//716
f 716//716 693//693 715//715
f 718//718 693//693 716//716
f 717//717 693//693 718//718
f 693//693 717//717 691//691
f 691//691 689//689 717//717
f 719//719 717//717 689//689
f 718//718 717//717 719//719
f 720//720 718//718 719//719
f 719//719 718//718 720//720
f 719//719 717//717 718//718
f 689//689 717//717 719//719
f 717//717 689//689 691//691
f 689//689 687//687 719//719
f 721//721 719//719 687//687
f 720//720 719//719 721//721
f 722//722 720//720 721//721
f 721//721 720//720 722//722
f 721//721 719//719 720//720
f 687//687 719//719 721//721
f 719//719 687//687 689//689
f 687//687 685//685 721//721
f 723//723 721//721 685//685
f 722//722 721//721 723//723
f 724//724 722//722 723//723
f 723//723 722//722 724//724
f 723//723 721//721 722//722
f 685//685 721//721 723//723
f 721//721 685//685 687//687
f 685//685 683//683 723//723
f 725//725 723//723 683//683
f 724//724 723//723 725//725
f 726//726 724//724 725//725
f 725//725 724//724 726//726
f 725//725 723//723 724//724
f 683//683 723//723 725//725
f 723//723 683//683 685//685
f 683//683 681//681 725//725
f 727//727 725//725 681//681
f 726//726 725//725 727//727
f 728//728 726//726 727//727
f 727//727 726//726 728//728
f 727//727 725//725 726//726
f 681//681 725//725 727//727
f 725//725 681//681 683//683
f 681//681 679//679 727//727
f 729//729 727//727 679//679
f 728//728 727//727 729//729
f 730//730 728//728 729//729
f 729//729 728//728 730//730
f 729//729 727//727 728//728
f 679//679 727//727 729//729
f 727//727 679//679 681//681
f 730//730 729//729 731//731
f 679//679 731//731 729//729
f 677//677 731//731 679//679
f 732//732 731//731 677//677
f 677//677 731//731 732//732
f 679//679 731//731 677//677
f 729//729 731//731 679//679
f 731//731 729//729 730//730
f 731//731 732//732 733//733
f 677//677 733//733 732//732
f 674//674 733//733 677//677
f 734//734 733//733 674//674
f 674//674 733//733 734//734
f 677//677 733//733 674//674
f 732//732 733//733 677//677
f 733//733 732//732 731//731
f 733//733 734//734 735//735
f 674//674 735//735 734//734
f 673//673 735//735 674//674
f 736//736 735//735 673//673
f 673//673 735//735 736//736
f 674//674 735//735 673//673
f 734//734 735//735 674//674
f 735//735 734//734 733//733
f 735//735 736//736 737//737
f 673//673 737//737 736//736
f 675//675 737//737 673//673
f 738//738 737//737 675//675
f 675//675 737//737 738//738
f 673//673 737//737 675//675
f 736//736 737//737 673//673
f 737//737 736//736 735//735
f 737//737 738//738 739//739
f 675//675 739//739 738//738
f 676//676 739//739 675//675
f 740//740 739//739 676//676
f 676//676 739//739 740//740
f 675//675 739//739 676//676
f 738//738 739//739 675//675
f 739//739 738//738 737//737
f 739//739 740//740 741//741
f 676//676 741//741 740//740
f 678//678 741//741 676//676
f 742//742 741//741 678//678
f 678//678 741//741 742//742
f 676//676 741//741 678//678
f 740//740 741//741 676//676
f 741//741 740//740 739//739
f 678//678 680//680 742//742
f 743//743 742//742 680//680
f 741//741 742//742 743//743
f 744//744 741//741 743//743
f 743//743 741//741 744//744
f 743//743 742//742 741//741
f 680//680 742//742 743//743
f 742//742 680//680 678//678
f 680//680 682//682 743//743
f 697//697 743//743 682//682
f 744//744 743//743 697//697
f 699//699 744//744 697//697
f 697//697 744//744 699//699
f 697//697 743//743 744//744
f 682//682 743//743 697//697
f 743//743 682//682 680//680
f 735//735 737//737 733//733
f 739//739 733//733 737//737
f 731//731 733//733 739//739
f 741//741 731//731 739//739
f 730//730 731//731 741//741
f 744//744 730//730 741//741
f 728//728 730//730 744//744
f 699//699 728//728 744//744
f 726//726 728//728 699//699
f 700//700 726//726 699//699
f 724//724 726//726 700//700
f 702//702 724//724 700//700
f 722//722 724//724 702//702
f 704//704 722//722 702//702
f 720//720 722//722 704//704
f 706//706 720//720 704//704
f 718//718 720//720 706//706
f 708//708 718//718 706//706
f 716//716 718//718 708//708
f 710//710 716//716 708//708
f 714//714 716//716 710//710
f 712//712 714//714 710//710
f 710//710 714//714 712//712
f 710//710 716//716 714//714
f 708//708 716//716 710//710
f 708//708 718//718 716//716
f 706//706 718//718 708//708
f 706//706 720//720 718//718
f 704//704 720//720 706//706
f 704//704 722//722 720//720
f 702//702 722//722 704//704
f 702//702 724//724 722//722
f 700//700 724//724 702//702
f 700//700 726//726 724//724
f 699//699 726//726 700//700
f 699//699 728//728 726//726
f 744//744 728//728 699//699
f 744//744 730//730 728//728
f 741//741 730//730 744//744
f 741//741 731//731 730//730
f 739//739 731//731 741//741
f 739//739 733//733 731//731
f 737//737 733//733 739//739
f 733//733 737//737 735//735
f 556//556 557//557 594//594
f 595//595 594//594 557//557
f 745//745 594//594 595//595
f 746//746 745//745 595//595
f 595//595 745//745 746//746
f 595//595 594//594 745//745
f 557//557 594//594 595//595
f 594//594 557//557 556//556
f 561//561 599//599 560//560
f 747//747 560//560 599//599
f 748//748 560//560 747//747
f 598//598 560//560 748//748
f 748//748 560//560 598//598
f 747//747 560//560 748//748
f 599//599 560//560 747//747
f 560//560 599//599 561//561
f 562//562 600//600 561//561
f 749//749 561//561 600//600
f 747//747 561//561 749//749
f 599//599 561//561 747//747
f 747//747 561//561 599//599
f 749//749 561//561 747//747
f 600//600 561//561 749//749
f 561//561 600//600 562//562
f 563//563 589//589 562//562
f 750//750 562//562 589//589
f 749//749 562//562 750//750
f 600//600 562//562 749//749
f 749//749 562//562 600//600
f 750//750 562//562 749//749
f 589//589 562//562 750//750
f 562//562 589//589 563//563
f 575//575 588//588 563//563
f 751//751 563//563 588//588
f 750//750 563//563 751//751
f 589//589 563//563 750//750
f 750//750 563//563 589//589
f 751//751 563//563 750//750
f 588//588 563//563 751//751
f 563//563 588//588 575//575
f 574//574 587//587 575//575
f 752//752 575//575 587//587
f 751//751 575//575 752//752
f 588//588 575//575 751//751
f 751//751 575//575 588//588
f 752//752 575//575 751//751
f 587//587 575//575 752//752
f 575//575 587//587 574//574
f 573//573 586//586 574//574
f 753//753 574//574 586//586
f 752//752 574//574 753//753
f 587//587 574//574 752//752
f 752//752 574//574 587//587
f 753//753 574//574 752//752
f 586//586 574//574 753//753
f 574//574 586//586 573//573
f 573//573 572//572 586//586
f 585//585 586//586 572//572
f 753//753 586//586 585//585
f 754//754 753//753 585//585
f 585//585 753//753 754//754
f 585//585 586//586 753//753
f 572//572 586//586 585//585
f 586//586 572//572 573//573
f 572//572 571//571 585//585
f 584//584 585//585 571//571
f 754//754 585//585 584//584
f 755//755 754//754 584//584
f 584//584 754//754 755//755
f 584//584 585//585 754//754
f 571//571 585//585 584//584
f 585//585 571//571 572//572
f 571//571 570//570 584//584
f 583//583 584//584 570//570
f 755//755 584//584 583//583
f 756//756 755//755 583//583
f 583//583 755//755 756//756
f 583//583 584//584 755//755
f 570//570 584//584 583//583
f 584//584 570//570 571//571
f 570//570 569//569 583//583
f 582//582 583//583 569//569
f 756//756 583//583 582//582
f 757//757 756//756 582//582
f 582//582 756//756 757//757
f 582//582 583//583 756//756
f 569//569 583//583 582//582
f 583//583 569//569 570//570
f 569//569 568//568 582//582
f 581//581 582//582 568//568
f 757//757 582//582 581//581
f 758//758 757//757 581//581
f 581//581 757//757 758//758
f 581//581 582//582 757//757
f 568//568 582//582 581//581
f 582//582 568//568 569//569
f 568//568 567//567 581//581
f 580//580 581//581 567//567
f 758//758 581//581 580//580
f 759//759 758//758 580//580
f 580//580 758//758 759//759
f 580//580 581//581 758//758
f 567//567 581//581 580//580
f 581//581 567//567 568//568
f 759//759 580//580 760//760
f 567//567 760//760 580//580
f 566//566 760//760 567//567
f 579//579 760//760 566//566
f 566//566 760//760 579//579
f 567//567 760//760 566//566
f 580//580 760//760 567//567
f 760//760 580//580 759//759
f 760//760 579//579 761//761
f 566//566 761//761 579//579
f 565//565 761//761 566//566
f 578//578 761//761 565//565
f 565//565 761//761 578//578
f 566//566 761//761 565//565
f 579//579 761//761 566//566
f 761//761 579//579 760//760
f 761//761 578//578 762//762
f 565//565 762//762 578//578
f 552//552 762//762 565//565
f 577//577 762//762 552//552
f 552//552 762//762 577//577
f 565//565 762//762 552//552
f 578//578 762//762 565//565
f 762//762 578//578 761//761
f 762//762 577//577 763//763
f 552//552 763//763 577//577
f 551//551 763//763 552//552
f 590//590 763//763 551//551
f 551//551 763//763 590//590
f 552//552 763//763 551//551
f 577//577 763//763 552//552
f 763//763 577//577 762//762
f 763//763 590//590 764//764
f 551//551 764//764 590//590
f 553//553 764//764 551//551
f 591//591 764//764 553//553
f 553//553 764//764 591//591
f 551//551 764//764 553//553
f 590//590 764//764 551//551
f 764//764 590//590 763//763
f 764//764 591//591 765//765
f 553//553 765//765 591//591
f 554//554 765//765 553//553
f 592//592 765//765 554//554
f 554//554 765//765 592//592
f 553//553 765//765 554//554
f 591//591 765//765 553//553
f 765//765 591//591 764//764
f 554//554 555//555 592//592
f 593//593 592//592 555//555
f 765//765 592//592 593//593
f 766//766 765//765 593//593
f 593//593 765//765 766//766
f 593//593 592//592 765//765
f 555//555 592//592 593//593
f 592//592 555//555 554//554
f 555//555 556//556 593//593
f 594//594 593//593 556//556
f 766//766 593//593 594//594
f 745//745 766//766 594//594
f 594//594 766//766 745//745
f 594//594 593//593 766//766
f 556//556 593//593 594//594
f 593//593 556//556 555//555
f 557//557 558//558 595//595
f 596//596 595//595 558//558
f 746//746 595//595 596//596
f 767//767 746//746 596//596
f 596//596 746//746 767//767
f 596//596 595//595 746//746
f 558//558 595//595 596//596
f 595//595 558//558 557//557
f 552//552 565//565 551//551
f 553//553 551//551 565//565
f 566//566 553//553 565//565
f 554//554 553//553 566//566
f 567//567 554//554 566//566
f 555//555 554//554 567//567
f 568//568 555//555 567//567
f 556//556 555//555 568//568
f 569//569 556//556 568//568
f 557//557 556//556 569//569
f 570//570 557//557 569//569
f 558//558 557//557 570//570
f 571//571 558//558 570//570
f 559//559 558//558 571//571
f 572//572 559//559 571//571
f 560//560 559//559 572//572
f 573//573 560//560 572//572
f 561//561 560//560 573//573
f 574//574 561//561 573//573
f 562//562 561//561 574//574
f 575//575 562//562 574//574
f 563//563 562//562 575//575
f 575//575 562//562 563//563
f 574//574 562//562 575//575
f 574//574 561//561 562//562
f 573//573 561//561 574//574
f 573//573 560//560 561//561
f 572//572 560//560 573//573
f 572//572 559//559 560//560
f 571//571 559//559 572//572
f 571//571 558//558 559//559
f 570//570 558//558 571//571
f 570//570 557//557 558//558
f 569//569 557//557 570//570
f 569//569 556//556 557//557
f 568//568 556//556 569//569
f 568//568 555//555 556//556
f 567//567 555//555 568//568
f 567//567 554//554 555//555
f 566//566 554//554 567//567
f 566//566 553//553 554//554
f 565//565 553//553 566//566
f 565//565 551//551 553//553
f 551//551 565//565 552//552
f 559//559 560//560 597//597
f 598//598 597//597 560//560
f 768//768 597//597 598//598
f 748//748 768//768 598//598
f 598//598 768//768 748//748
f 598//598 597//597 768//768
f 560//560 597//597 598//598
f 597//597 560//560 559//559
f 762//762 763//763 761//761
f 764//764 761//761 763//763
f 760//760 761//761 764//764
f 765//765 760//760 764//764
f 759//759 760//760 765//765
f 766//766 759//759 765//765
f 758//758 759//759 766//766
f 745//745 758//758 766//766
f 757//757 758//758 745//745
f 746//746 757//757 745//745
f 756//756 757//757 746//746
f 767//767 756//756 746//746
f 755//755 756//756 767//767
f 768//768 755//755 767//767
f 754//754 755//755 768//768
f 748//748 754//754 768//768
f 753//753 754//754 748//748
f 747//747 753//753 748//748
f 752//752 753//753 747//747
f 749//749 752//752 747//747
f 751//751 752//752 749//749
f 750//750 751//751 749//749
f 749//749 751//751 750//750
f 749//749 752//752 751//751
f 747//747 752//752 749//749
f 747//747 753//753 752//752
f 748//748 753//753 747//747
f 748//748 754//754 753//753
f 768//768 754//754 748//748
f 768//768 755//755 754//754
f 767//767 755//755 768//768
f 767//767 756//756 755//755
f 746//746 756//756 767//767
f 746//746 757//757 756//756
f 745//745 757//757 746//746
f 745//745 758//758 757//757
f 766//766 758//758 745//745
f 766//766 759//759 758//758
f 765//765 759//759 766//766
f 765//765 760//760 759//759
f 764//764 760//760 765//765
f 764//764 761//761 760//760
f 763//763 761//761 764//764
f 761//761 763//763 762//762
f 558//558 559//559 596//596
f 597//597 596//596 559//559
f 767//767 596//596 597//597
f 768//768 767//767 597//597
f 597//597 767//767 768//768
f 597//597 596//596 767//767
f 559//559 596//596 597//597
f 596//596 559//559 558//558
f 481//481 494//494 482//482
f 483//483 482//482 494//494
f 495//495 483//483 494//494
f 484//484 483//483 495//495
f 496//496 484//484 495//495
f 485//485 484//484 496//496
f 497//497 485//485 496//496
f 486//486 485//485 497//497
f 498//498 486//486 497//497
f 487//487 486//486 498//498
f 499//499 487//487 498//498
f 500//500 487//487 499//499
f 488//488 487//487 500//500
f 501//501 488//488 500//500
f 489//489 488//488 501//501
f 502//502 489//489 501//501
f 490//490 489//489 502//502
f 503//503 490//490 502//502
f 491//491 490//490 503//503
f 492//492 491//491 503//503
f 504//504 492//492 503//503
f 493//493 492//492 504//504
f 504//504 492//492 493//493
f 503//503 492//492 504//504
f 503//503 491//491 492//492
f 503//503 490//490 491//491
f 502//502 490//490 503//503
f 502//502 489//489 490//490
f 501//501 489//489 502//502
f 501//501 488//488 489//489
f 500//500 488//488 501//501
f 500//500 487//487 488//488
f 499//499 487//487 500//500
f 498//498 487//487 499//499
f 498//498 486//486 487//487
f 497//497 486//486 498//498
f 497//497 485//485 486//486
f 496//496 485//485 497//497
f 496//496 484//484 485//485
f 495//495 484//484 496//496
f 495//495 483//483 484//484
f 494//494 483//483 495//495
f 494//494 482//482 483//483
f 482//482 494//494 481//481
f 488//488 489//489 445//445
f 447//447 445//445 489//489
f 769//769 445//445 447//447
f 770//770 769//769 447//447
f 447//447 769//769 770//770
f 447//447 445//445 769//769
f 489//489 445//445 447//447
f 445//445 489//489 488//488
f 489//489 490//490 447//447
f 448//448 447//447 490//490
f 770//770 447//447 448//448
f 771//771 770//770 448//448
f 448//448 770//770 771//771
f 448//448 447//447 770//770
f 490//490 447//447 448//448
f 447//447 490//490 489//489
f 491//491 450//450 490//490
f 772//772 490//490 450//450
f 771//771 490//490 772//772
f 448//448 490//490 771//771
f 771//771 490//490 448//448
f 772//772 490//490 771//771
f 450//450 490//490 772//772
f 490//490 450//450 491//491
f 492//492 451//451 491//491
f 773//773 491//491 451//451
f 772//772 491//491 773//773
f 450//450 491//491 772//772
f 772//772 491//491 450//450
f 773//773 491//491 772//772
f 451//451 491//491 773//773
f 491//491 451//451 492//492
f 493//493 434//434 492//492
f 774//774 492//492 434//434
f 773//773 492//492 774//774
f 451//451 492//492 773//773
f 773//773 492//492 451//451
f 774//774 492//492 773//773
f 434//434 492//492 774//774
f 492//492 434//434 493//493
f 504//504 433//433 493//493
f 775//775 493//493 433//433
f 774//774 493//493 775//775
f 434//434 493//493 774//774
f 774//774 493//493 434//434
f 775//775 493//493 774//774
f 433//433 493//493 775//775
f 493//493 433//433 504//504
f 503//503 431//431 504//504
f 776//776 504//504 431//431
f 775//775 504//504 776//776
f 433//433 504//504 775//775
f 775//775 504//504 433//433
f 776//776 504//504 775//775
f 431//431 504//504 776//776
f 504//504 431//431 503//503
f 502//502 430//430 503//503
f 777//777 503//503 430//430
f 776//776 503//503 777//777
f 431//431 503//503 776//776
f 776//776 503//503 431//431
f 777//777 503//503 776//776
f 430//430 503//503 777//777
f 503//503 430//430 502//502
f 502//502 501//501 430//430
f 428//428 430//430 501//501
f 777//777 430//430 428//428
f 778//778 777//777 428//428
f 428//428 777//777 778//778
f 428//428 430//430 777//777
f 501//501 430//430 428//428
f 430//430 501//501 502//502
f 501//501 500//500 428//428
f 426//426 428//428 500//500
f 778//778 428//428 426//426
f 779//779 778//778 426//426
f 426//426 778//778 779//779
f 426//426 428//428 778//778
f 500//500 428//428 426//426
f 428//428 500//500 501//501
f 500//500 499//499 426//426
f 424//424 426//426 499//499
f 779//779 426//426 424//424
f 780//780 779//779 424//424
f 424//424 779//779 780//780
f 424//424 426//426 779//779
f 499//499 426//426 424//424
f 426//426 499//499 500//500
f 499//499 498//498 424//424
f 423//423 424//424 498//498
f 780//780 424//424 423//423
f 781//781 780//780 423//423
f 423//423 780//780 781//781
f 423//423 424//424 780//780
f 498//498 424//424 423//423
f 424//424 498//498 499//499
f 498//498 497//497 423//423
f 421//421 423//423 497//497
f 781//781 423//423 421//421
f 782//782 781//781 421//421
f 421//421 781//781 782//782
f 421//421 423//423 781//781
f 497//497 423//423 421//421
f 423//423 497//497 498//498
f 497//497 496//496 421//421
f 420//420 421//421 496//496
f 782//782 421//421 420//420
f 783//783 782//782 420//420
f 420//420 782//782 783//783
f 420//420 421//421 782//782
f 496//496 421//421 420//420
f 421//421 496//496 497//497
f 783//783 420//420 784//784
f 496//496 784//784 420//420
f 495//495 784//784 496//496
f 418//418 784//784 495//495
f 495//495 784//784 418//418
f 496//496 784//784 495//495
f 420//420 784//784 496//496
f 784//784 420//420 783//783
f 784//784 418//418 785//785
f 495//495 785//785 418//418
f 494//494 785//785 495//495
f 417//417 785//785 494//494
f 494//494 785//785 417//417
f 495//495 785//785 494//494
f 418//418 785//785 495//495
f 785//785 418//418 784//784
f 785//785 417//417 786//786
f 494//494 786//786 417//417
f 481//481 786//786 494//494
f 415//415 786//786 481//481
f 481//481 786//786 415//415
f 494//494 786//786 481//481
f 417//417 786//786 494//494
f 786//786 417//417 785//785
f 786//786 415//415 787//787
f 481//481 787//787 415//415
f 482//482 787//787 481//481
f 436//436 787//787 482//482
f 482//482 787//787 436//436
f 481//481 787//787 482//482
f 415//415 787//787 481//481
f 787//787 415//415 786//786
f 787//787 436//436 788//788
f 482//482 788//788 436//436
f 483//483 788//788 482//482
f 437//437 788//788 483//483
f 483//483 788//788 437//437
f 482//482 788//788 483//483
f 436//436 788//788 482//482
f 788//788 436//436 787//787
f 788//788 437//437 789//789
f 483//483 789//789 437//437
f 484//484 789//789 483//483
f 438//438 789//789 484//484
f 484//484 789//789 438//438
f 483//483 789//789 484//484
f 437//437 789//789 483//483
f 789//789 437//437 788//788
f 484//484 485//485 438//438
f 440//440 438//438 485//485
f 789//789 438//438 440//440
f 790//790 789//789 440//440
f 440//440 789//789 790//790
f 440//440 438//438 789//789
f 485//485 438//438 440//440
f 438//438 485//485 484//484
f 485//485 486//486 440//440
f 441//441 440//440 486//486
f 790//790 440//440 441//441
f 791//791 790//790 441//441
f 441//441 790//790 791//791
f 441//441 440//440 790//790
f 486//486 440//440 441//441
f 440//440 486//486 485//485
f 486//486 487//487 441//441
f 443//443 441//441 487//487
f 791//791 441//441 443//443
f 792//792 791//791 443//443
f 443//443 791//791 792//792
f 443//443 441//441 791//791
f 487//487 441//441 443//443
f 441//441 487//487 486//486
f 487//487 488//488 443//443
f 445//445 443//443 488//488
f 792//792 443//443 445//445
f 769//769 792//792 445//445
f 445//445 792//792 769//769
f 445//445 443//443 792//792
f 488//488 443//443 445//445
f 443//443 488//488 487//487
f 786//786 787//787 785//785
f 784//784 785//785 787//787
f 788//788 784//784 787//787
f 789//789 784//784 788//788
f 783//783 784//784 789//789
f 782//782 783//783 789//789
f 790//790 782//782 789//789
f 781//781 782//782 790//790
f 791//791 781//781 790//790
f 792//792 781//781 791//791
f 780//780 781//781 792//792
f 779//779 780//780 792//792
f 769//769 779//779 792//792
f 778//778 779//779 769//769
f 770//770 778//778 769//769
f 777//777 778//778 770//770
f 771//771 777//777 770//770
f 776//776 777//777 771//771
f 772//772 776//776 771//771
f 775//775 776//776 772//772
f 773//773 775//775 772//772
f 774//774 775//775 773//773
f 773//773 775//775 774//774
f 772//772 775//775 773//773
f 772//772 776//776 775//775
f 771//771 776//776 772//772
f 771//771 777//777 776//776
f 770//770 777//777 771//771
f 770//770 778//778 777//777
f 769//769 778//778 770//770
f 769//769 779//779 778//778
f 792//792 779//779 769//769
f 792//792 780//780 779//779
f 792//792 781//781 780//780
f 791//791 781//781 792//792
f 790//790 781//781 791//791
f 790//790 782//782 781//781
f 789//789 782//782 790//790
f 789//789 783//783 782//782
f 789//789 784//784 783//783
f 788//788 784//784 789//789
f 787//787 784//784 788//788
f 787//787 785//785 784//784
f 785//785 787//787 786//786
f 793//793 794//794 795//795
f 796//796 795//795 794//794
f 794//794 795//795 796//796
f 795//795 794//794 793//793
f 794//794 797//797 796//796
f 798//798 796//796 797//797
f 797//797 796//796 798//798
f 796//796 797//797 794//794
f 799//799 800//800 801//801
f 802//802 801//801 800//800
f 800//800 801//801 802//802
f 801//801 800//800 799//799
f 803//803 804//804 799//799
f 800//800 799//799 804//804
f 804//804 799//799 800//800
f 799//799 804//804 803//803
f 805//805 806//806 803//803
f 804//804 803//803 806//806
f 806//806 803//803 804//804
f 803//803 806//806 805//805
f 805//805 807//807 806//806
f 808//808 806//806 807//807
f 807//807 806//806 808//808
f 806//806 807//807 805//805
f 807//807 809//809 808//808
f 810//810 808//808 809//809
f 809//809 808//808 810//810
f 808//808 809//809 807//807
f 809//809 811//811 810//810
f 812//812 810//810 811//811
f 811//811 810//810 812//812
f 810//810 811//811 809//809
f 811//811 813//813 812//812
f 814//814 812//812 813//813
f 813//813 812//812 814//814
f 812//812 813//813 811//811
f 813//813 815//815 814//814
f 816//816 814//814 815//815
f 815//815 814//814 816//816
f 814//814 815//815 813//813
f 815//815 817//817 816//816
f 818//818 816//816 817//817
f 817//817 816//816 818//818
f 816//816 817//817 815//815
f 818//818 817//817 819//819
f 820//820 819//819 817//817
f 817//817 819//819 820//820
f 819//819 817//817 818//818
f 819//819 820//820 821//821
f 822//822 821//821 820//820
f 820//820 821//821 822//822
f 821//821 820//820 819//819
f 821//821 822//822 823//823
f 824//824 823//823 822//822
f 822//822 823//823 824//824
f 823//823 822//822 821//821
f 823//823 824//824 825//825
f 826//826 825//825 824//824
f 824//824 825//825 826//826
f 825//825 824//824 823//823
f 825//825 826//826 827//827
f 828//828 827//827 826//826
f 826//826 827//827 828//828
f 827//827 826//826 825//825
f 827//827 828//828 829//829
f 830//830 829//829 828//828
f 828//828 829//829 830//830
f 829//829 828//828 827//827
f 830//830 831//831 829//829
f 832//832 829//829 831//831
f 831//831 829//829 832//832
f 829//829 831//831 830//830
f 831//831 833//833 832//832
f 834//834 832//832 833//833
f 833//833 832//832 834//834
f 832//832 833//833 831//831
f 833//833 835//835 834//834
f 836//836 834//834 835//835
f 835//835 834//834 836//836
f 834//834 835//835 833//833
f 835//835 793//793 836//836
f 795//795 836//836 793//793
f 793//793 836//836 795//795
f 836//836 793//793 835//835
f 837//837 838//838 797//797
f 798//798 797//797 838//838
f 838//838 797//797 798//798
f 797//797 838//838 837//837
f 824//824 822//822 826//826
f 828//828 826//826 822//822
f 820//820 828//828 822//822
f 830//830 828//828 820//820
f 675//675 830//830 820//820
f 673//673 675//675 820//820
f 676//676 830//830 675//675
f 831//831 830//830 676//676
f 678//678 831//831 676//676
f 680//680 831//831 678//678
f 833//833 831//831 680//680
f 682//682 833//833 680//680
f 835//835 833//833 682//682
f 684//684 835//835 682//682
f 686//686 835//835 684//684
f 793//793 835//835 686//686
f 688//688 793//793 686//686
f 794//794 793//793 688//688
f 690//690 794//794 688//688
f 692//692 794//794 690//690
f 797//797 794//794 692//692
f 694//694 797//797 692//692
f 696//696 797//797 694//694
f 837//837 797//797 696//696
f 820//820 817//817 673//673
f 674//674 673//673 817//817
f 815//815 674//674 817//817
f 677//677 674//674 815//815
f 679//679 677//677 815//815
f 813//813 679//679 815//815
f 681//681 679//679 813//813
f 683//683 681//681 813//813
f 811//811 683//683 813//813
f 685//685 683//683 811//811
f 809//809 685//685 811//811
f 687//687 685//685 809//809
f 689//689 687//687 809//809
f 807//807 689//689 809//809
f 691//691 689//689 807//807
f 805//805 691//691 807//807
f 693//693 691//691 805//805
f 695//695 693//693 805//805
f 803//803 695//695 805//805
f 696//696 695//695 803//803
f 837//837 696//696 803//803
f 839//839 837//837 803//803
f 799//799 839//839 803//803
f 801//801 839//839 799//799
f 799//799 839//839 801//801
f 803//803 839//839 799//799
f 803//803 837//837 839//839
f 803//803 696//696 837//837
f 803//803 695//695 696//696
f 805//805 695//695 803//803
f 805//805 693//693 695//695
f 805//805 691//691 693//693
f 807//807 691//691 805//805
f 807//807 689//689 691//691
f 809//809 689//689 807//807
f 809//809 687//687 689//689
f 809//809 685//685 687//687
f 811//811 685//685 809//809
f 811//811 683//683 685//685
f 813//813 683//683 811//811
f 813//813 681//681 683//683
f 813//813 679//679 681//681
f 815//815 679//679 813//813
f 815//815 677//677 679//679
f 815//815 674//674 677//677
f 817//817 674//674 815//815
f 817//817 673//673 674//674
f 673//673 817//817 820//820
f 696//696 797//797 837//837
f 694//694 797//797 696//696
f 692//692 797//797 694//694
f 692//692 794//794 797//797
f 690//690 794//794 692//692
f 688//688 794//794 690//690
f 688//688 793//793 794//794
f 686//686 793//793 688//688
f 686//686 835//835 793//793
f 684//684 835//835 686//686
f 682//682 835//835 684//684
f 682//682 833//833 835//835
f 680//680 833//833 682//682
f 680//680 831//831 833//833
f 678//678 831//831 680//680
f 676//676 831//831 678//678
f 676//676 830//830 831//831
f 675//675 830//830 676//676
f 820//820 675//675 673//673
f 820//820 830//830 675//675
f 820//820 828//828 830//830
f 822//822 828//828 820//820
f 822//822 826//826 828//828
f 826//826 822//822 824//824
f 801//801 802//802 839//839
f 840//840 839//839 802//802
f 802//802 839//839 840//840
f 839//839 802//802 801//801
f 819//819 736//736 818//818
f 734//734 818//818 736//736
f 816//816 818//818 734//734
f 732//732 816//816 734//734
f 729//729 816//816 732//732
f 814//814 816//816 729//729
f 727//727 814//814 729//729
f 725//725 814//814 727//727
f 812//812 814//814 725//725
f 723//723 812//812 725//725
f 810//810 812//812 723//723
f 721//721 810//810 723//723
f 719//719 810//810 721//721
f 808//808 810//810 719//719
f 717//717 808//808 719//719
f 806//806 808//808 717//717
f 715//715 806//806 717//717
f 713//713 806//806 715//715
f 804//804 806//806 713//713
f 711//711 804//804 713//713
f 823//823 825//825 821//821
f 827//827 821//821 825//825
f 819//819 821//821 827//827
f 829//829 819//819 827//827
f 738//738 819//819 829//829
f 736//736 819//819 738//738
f 740//740 738//738 829//829
f 832//832 740//740 829//829
f 742//742 740//740 832//832
f 743//743 742//742 832//832
f 834//834 743//743 832//832
f 697//697 743//743 834//834
f 836//836 697//697 834//834
f 698//698 697//697 836//836
f 701//701 698//698 836//836
f 795//795 701//701 836//836
f 703//703 701//701 795//795
f 796//796 703//703 795//795
f 705//705 703//703 796//796
f 707//707 705//705 796//796
f 798//798 707//707 796//796
f 709//709 707//707 798//798
f 711//711 709//709 798//798
f 838//838 711//711 798//798
f 804//804 711//711 838//838
f 800//800 804//804 838//838
f 840//840 800//800 838//838
f 802//802 800//800 840//840
f 840//840 800//800 802//802
f 838//838 800//800 840//840
f 838//838 804//804 800//800
f 838//838 711//711 804//804
f 798//798 711//711 838//838
f 798//798 709//709 711//711
f 798//798 707//707 709//709
f 796//796 707//707 798//798
f 796//796 705//705 707//707
f 796//796 703//703 705//705
f 795//795 703//703 796//796
f 795//795 701//701 703//703
f 836//836 701//701 795//795
f 836//836 698//698 701//701
f 836//836 697//697 698//698
f 834//834 697//697 836//836
f 834//834 743//743 697//697
f 832//832 743//743 834//834
f 832//832 742//742 743//743
f 832//832 740//740 742//742
f 829//829 740//740 832//832
f 829//829 738//738 740//740
f 738//738 819//819 736//736
f 829//829 819//819 738//738
f 827//827 819//819 829//829
f 827//827 821//821 819//819
f 825//825 821//821 827//827
f 821//821 825//825 823//823
f 713//713 804//804 711//711
f 713//713 806//806 804//804
f 715//715 806//806 713//713
f 717//717 806//806 715//715
f 717//717 808//808 806//806
f 719//719 808//808 717//717
f 719//719 810//810 808//808
f 721//721 810//810 719//719
f 723//723 810//810 721//721
f 723//723 812//812 810//810
f 725//725 812//812 723//723
f 725//725 814//814 812//812
f 727//727 814//814 725//725
f 729//729 814//814 727//727
f 729//729 816//816 814//814
f 732//732 816//816 729//729
f 734//734 816//816 732//732
f 734//734 818//818 816//816
f 736//736 818//818 734//734
f 818//818 736//736 819//819
f 839//839 840//840 837//837
f 838//838 837//837 840//840
f 840//840 837//837 838//838
f 837//837 840//840 839//839
f 222//222 224//224 841//841
f 842//842 841//841 224//224
f 226//226 842//842 224//224
f 228//228 842//842 226//226
f 843//843 842//842 228//228
f 229//229 843//843 228//228
f 231//231 843//843 229//229
f 844//844 843//843 231//231
f 233//233 844//844 231//231
f 845//845 844//844 233//233
f 235//235 845//845 233//233
f 846//846 845//845 235//235
f 237//237 846//846 235//235
f 239//239 846//846 237//237
f 847//847 846//846 239//239
f 195//195 847//847 239//239
f 848//848 847//847 195//195
f 193//193 848//848 195//195
f 197//197 848//848 193//193
f 849//849 848//848 197//197
f 850//850 848//848 849//849
f 851//851 848//848 850//850
f 852//852 851//851 850//850
f 853//853 851//851 852//852
f 854//854 855//855 856//856
f 857//857 856//856 855//855
f 858//858 857//857 855//855
f 841//841 857//857 858//858
f 222//222 841//841 858//858
f 220//220 222//222 858//858
f 859//859 220//220 858//858
f 218//218 220//220 859//859
f 215//215 218//218 859//859
f 860//860 215//215 859//859
f 213//213 215//215 860//860
f 861//861 213//213 860//860
f 211//211 213//213 861//861
f 209//209 211//211 861//861
f 862//862 209//209 861//861
f 207//207 209//209 862//862
f 863//863 207//207 862//862
f 205//205 207//207 863//863
f 864//864 205//205 863//863
f 203//203 205//205 864//864
f 201//201 203//203 864//864
f 849//849 201//201 864//864
f 199//199 201//201 849//849
f 197//197 199//199 849//849
f 849//849 199//199 197//197
f 849//849 201//201 199//199
f 864//864 201//201 849//849
f 864//864 203//203 201//201
f 864//864 205//205 203//203
f 863//863 205//205 864//864
f 863//863 207//207 205//205
f 862//862 207//207 863//863
f 862//862 209//209 207//207
f 861//861 209//209 862//862
f 861//861 211//211 209//209
f 861//861 213//213 211//211
f 860//860 213//213 861//861
f 860//860 215//215 213//213
f 859//859 215//215 860//860
f 859//859 218//218 215//215
f 859//859 220//220 218//218
f 858//858 220//220 859//859
f 858//858 222//222 220//220
f 858//858 841//841 222//222
f 858//858 857//857 841//841
f 855//855 857//857 858//858
f 855//855 856//856 857//857
f 856//856 855//855 854//854
f 852//852 851//851 853//853
f 850//850 851//851 852//852
f 850//850 848//848 851//851
f 849//849 848//848 850//850
f 197//197 848//848 849//849
f 193//193 848//848 197//197
f 195//195 848//848 193//193
f 195//195 847//847 848//848
f 239//239 847//847 195//195
f 239//239 846//846 847//847
f 237//237 846//846 239//239
f 235//235 846//846 237//237
f 235//235 845//845 846//846
f 233//233 845//845 235//235
f 233//233 844//844 845//845
f 231//231 844//844 233//233
f 231//231 843//843 844//844
f 229//229 843//843 231//231
f 228//228 843//843 229//229
f 228//228 842//842 843//843
f 226//226 842//842 228//228
f 224//224 842//842 226//226
f 224//224 841//841 842//842
f 841//841 224//224 222//222
f 865//865 866//866 867//867
f 868//868 867//867 866//866
f 866//866 867//867 868//868
f 867//867 866//866 865//865
f 869//869 870//870 871//871
f 872//872 871//871 870//870
f 870//870 871//871 872//872
f 871//871 870//870 869//869
f 873//873 874//874 875//875
f 876//876 875//875 874//874
f 874//874 875//875 876//876
f 875//875 874//874 873//873
f 877//877 878//878 879//879
f 880//880 879//879 878//878
f 878//878 879//879 880//880
f 879//879 878//878 877//877
f 881//881 882//882 883//883
f 884//884 883//883 882//882
f 882//882 883//883 884//884
f 883//883 882//882 881//881
f 885//885 886//886 887//887
f 888//888 887//887 886//886
f 886//886 887//887 888//888
f 887//887 886//886 885//885
f 889//889 890//890 891//891
f 892//892 891//891 890//890
f 890//890 891//891 892//892
f 891//891 890//890 889//889
f 893//893 894//894 895//895
f 896//896 895//895 894//894
f 894//894 895//895 896//896
f 895//895 894//894 893//893
f 897//897 898//898 899//899
f 898//898 897//897 900//900
f 901//901 902//902 903//903
f 902//902 901//901 904//904
f 905//905 906//906 907//907
f 905//905 897//897 906//906
f 908//908 897//897 905//905
f 901//901 897//897 908//908
f 903//903 897//897 901//901
f 897//897 903//903 900//900
f 908//908 909//909 910//910
f 909//909 908//908 905//905
f 911//911 897//897 899//899
f 912//912 897//897 911//911
f 897//897 912//912 906//906
f 878//878 913//913 914//914
f 913//913 878//878 880//880
f 915//915 878//878 914//914
f 878//878 915//915 877//877
f 879//879 915//915 916//916
f 915//915 879//879 877//877
f 870//870 917//917 918//918
f 917//917 870//870 872//872
f 919//919 870//870 918//918
f 870//870 919//919 869//869
f 871//871 919//919 920//920
f 919//919 871//871 869//869
f 866//866 921//921 922//922
f 921//921 866//866 868//868
f 923//923 866//866 922//922
f 866//866 923//923 865//865
f 867//867 923//923 924//924
f 923//923 867//867 865//865
f 903//903 898//898 900//900
f 902//902 898//898 903//903
f 898//898 902//902 925//925
f 898//898 911//911 899//899
f 911//911 898//898 925//925
f 926//926 906//906 912//912
f 906//906 926//926 907//907
f 901//901 927//927 904//904
f 908//908 927//927 901//901
f 927//927 908//908 910//910
f 902//902 867//867 924//924
f 902//902 928//928 867//867
f 928//928 902//902 904//904
f 867//867 929//929 865//865
f 929//929 867//867 928//928
f 865//865 930//930 866//866
f 930//930 865//865 929//929
f 930//930 868//868 866//866
f 868//868 930//930 931//931
f 920//920 932//932 871//871
f 921//921 932//932 920//920
f 868//868 932//932 921//921
f 932//932 868//868 931//931
f 871//871 933//933 869//869
f 933//933 871//871 932//932
f 869//869 934//934 870//870
f 934//934 869//869 933//933
f 934//934 872//872 870//870
f 872//872 934//934 935//935
f 916//916 936//936 879//879
f 917//917 936//936 916//916
f 872//872 936//936 917//917
f 936//936 872//872 935//935
f 879//879 937//937 877//877
f 937//937 879//879 936//936
f 877//877 938//938 878//878
f 938//938 877//877 937//937
f 938//938 880//880 878//878
f 880//880 938//938 939//939
f 940//940 907//907 926//926
f 940//940 905//905 907//907
f 905//905 940//940 909//909
f 927//927 909//909 940//940
f 909//909 927//927 910//910
f 941//941 942//942 876//876
f 913//913 942//942 941//941
f 880//880 942//942 913//913
f 942//942 880//880 939//939
f 943//943 944//944 941//941
f 944//944 943//943 945//945
f 915//915 913//913 916//916
f 913//913 915//915 914//914
f 919//919 917//917 920//920
f 917//917 919//919 918//918
f 923//923 921//921 924//924
f 921//921 923//923 922//922
f 902//902 911//911 925//925
f 924//924 911//911 902//902
f 921//921 911//911 924//924
f 920//920 911//911 921//921
f 917//917 911//911 920//920
f 916//916 911//911 917//917
f 913//913 911//911 916//916
f 941//941 911//911 913//913
f 944//944 911//911 941//941
f 911//911 944//944 912//912
f 876//876 943//943 941//941
f 943//943 876//876 874//874
f 873//873 944//944 945//945
f 944//944 873//873 875//875
f 944//944 926//926 912//912
f 875//875 926//926 944//944
f 926//926 875//875 946//946
f 930//930 928//928 931//931
f 928//928 930//930 929//929
f 934//934 932//932 935//935
f 932//932 934//934 933//933
f 938//938 936//936 939//939
f 936//936 938//938 937//937
f 947//947 942//942 946//946
f 942//942 947//947 948//948
f 926//926 927//927 940//940
f 946//946 927//927 926//926
f 942//942 927//927 946//946
f 939//939 927//927 942//942
f 936//936 927//927 939//939
f 935//935 927//927 936//936
f 932//932 927//927 935//935
f 931//931 927//927 932//932
f 928//928 927//927 931//931
f 927//927 928//928 904//904
f 876//876 948//948 874//874
f 948//948 876//876 942//942
f 943//943 873//873 945//945
f 873//873 943//943 874//874
f 947//947 875//875 873//873
f 875//875 947//947 946//946
f 874//874 947//947 873//873
f 947//947 874//874 948//948
f 895//895 949//949 896//896
f 949//949 895//895 950//950
f 895//895 951//951 950//950
f 951//951 895//895 893//893
f 894//894 949//949 952//952
f 949//949 894//894 896//896
f 953//953 896//896 954//954
f 896//896 953//953 895//895
f 953//953 893//893 895//895
f 893//893 953//953 955//955
f 951//951 894//894 952//952
f 894//894 951//951 893//893
f 956//956 896//896 894//894
f 896//896 956//956 954//954
f 893//893 956//956 894//894
f 956//956 893//893 955//955
f 957//957 958//958 959//959
f 958//958 957//957 960//960
f 959//959 949//949 957//957
f 959//959 952//952 949//949
f 952//952 961//961 951//951
f 961//961 952//952 959//959
f 950//950 957//957 949//949
f 951//951 957//957 950//950
f 951//951 962//962 957//957
f 962//962 951//951 961//961
f 963//963 964//964 965//965
f 964//964 963//963 966//966
f 967//967 968//968 969//969
f 967//967 970//970 968//968
f 970//970 963//963 965//965
f 963//963 970//970 967//967
f 971//971 969//969 968//968
f 972//972 969//969 971//971
f 972//972 965//965 969//969
f 965//965 972//972 970//970
f 973//973 974//974 975//975
f 973//973 976//976 974//974
f 976//976 967//967 977//977
f 967//967 976//976 973//973
f 978//978 975//975 974//974
f 977//977 975//975 978//978
f 977//977 969//969 975//975
f 969//969 977//977 967//967
f 979//979 980//980 981//981
f 979//979 982//982 980//980
f 982//982 973//973 983//983
f 973//973 982//982 979//979
f 984//984 981//981 980//980
f 983//983 981//981 984//984
f 983//983 975//975 981//981
f 975//975 983//983 973//973
f 960//960 953//953 958//958
f 960//960 955//955 953//953
f 955//955 979//979 956//956
f 979//979 955//955 960//960
f 954//954 958//958 953//953
f 956//956 958//958 954//954
f 956//956 981//981 958//958
f 981//981 956//956 979//979
f 961//961 985//985 962//962
f 961//961 986//986 985//985
f 986//986 987//987 988//988
f 987//987 986//986 961//961
f 989//989 962//962 985//985
f 988//988 962//962 989//989
f 988//988 990//990 962//962
f 990//990 988//988 987//987
f 966//966 990//990 991//991
f 966//966 962//962 990//990
f 966//966 957//957 962//962
f 963//963 957//957 966//966
f 967//967 957//957 963//963
f 973//973 957//957 967//967
f 979//979 957//957 973//973
f 957//957 979//979 960//960
f 992//992 993//993 991//991
f 992//992 994//994 993//993
f 994//994 964//964 995//995
f 964//964 994//994 992//992
f 996//996 991//991 993//993
f 995//995 991//991 996//996
f 995//995 966//966 991//991
f 966//966 995//995 964//964
f 959//959 987//987 961//961
f 959//959 992//992 987//987
f 959//959 964//964 992//992
f 958//958 964//964 959//959
f 981//981 964//964 958//958
f 975//975 964//964 981//981
f 969//969 964//964 975//975
f 964//964 969//969 965//965
f 987//987 997//997 990//990
f 987//987 998//998 997//997
f 998//998 992//992 999//999
f 992//992 998//998 987//987
f 1000//1000 990//990 997//997
f 999//999 990//990 1000//1000
f 999//999 991//991 990//990
f 991//991 999//999 992//992
f 980//980 888//888 984//984
f 888//888 980//980 887//887
f 983//983 888//888 886//886
f 888//888 983//983 984//984
f 980//980 885//885 887//887
f 885//885 980//980 982//982
f 887//887 985//985 888//888
f 985//985 887//887 989//989
f 886//886 985//985 986//986
f 985//985 886//886 888//888
f 885//885 983//983 886//886
f 983//983 885//885 982//982
f 887//887 988//988 989//989
f 988//988 887//887 885//885
f 988//988 886//886 986//986
f 886//886 988//988 885//885
f 972//972 884//884 882//882
f 884//884 972//972 971//971
f 881//881 972//972 882//882
f 972//972 881//881 970//970
f 968//968 884//884 971//971
f 884//884 968//968 883//883
f 882//882 993//993 994//994
f 993//993 882//882 884//884
f 995//995 882//882 994//994
f 882//882 995//995 881//881
f 968//968 881//881 883//883
f 881//881 968//968 970//970
f 883//883 993//993 884//884
f 993//993 883//883 996//996
f 883//883 995//995 996//996
f 995//995 883//883 881//881
f 891//891 997//997 892//892
f 997//997 891//891 1000//1000
f 891//891 999//999 1000//1000
f 999//999 891//891 889//889
f 890//890 997//997 998//998
f 997//997 890//890 892//892
f 974//974 892//892 978//978
f 892//892 974//974 891//891
f 974//974 889//889 891//891
f 889//889 974//974 976//976
f 999//999 890//890 998//998
f 890//890 999//999 889//889
f 977//977 892//892 890//890
f 892//892 977//977 978//978
f 889//889 977//977 890//890
f 977//977 889//889 976//976