# https://github.com/mikedh/trimesh
v -0.00151700 -0.00030000 0.10169600
v -0.00145800 -0.00074700 0.10169600
v 0.00020800 -0.00030000 0.10184200
v -0.00145800 0.00014600 0.10169600
v -0.00128600 -0.00116300 0.10169600
v -0.00322900 -0.00030000 0.10143800
v -0.00311100 -0.00119000 0.10143800
v -0.00311100 0.00058900 0.10143800
v -0.00128600 0.00056200 0.10169600
v -0.00101100 -0.00152000 0.10169600
v -0.00276800 -0.00201900 0.10143800
v -0.00492000 -0.00030000 0.10107000
v -0.00474500 -0.00162800 0.10107000
v -0.00474500 0.00102700 0.10107000
v -0.00276800 0.00141800 0.10143800
v -0.00101100 0.00091900 0.10169600
v -0.00065400 -0.00179400 0.10169600
v -0.00222200 -0.00273100 0.10143800
v -0.00423300 -0.00286500 0.10107000
v -0.00658500 -0.00030000 0.10059500
v -0.00635300 -0.00205900 0.10059500
v -0.00635300 0.00145800 0.10059500
v -0.00423300 0.00226400 0.10107000
v -0.00222200 0.00213000 0.10143800
v -0.00065400 0.00119300 0.10169600
v -0.00023800 -0.00196700 0.10169600
v -0.00151000 -0.00327700 0.10143800
v -0.00341800 -0.00392700 0.10107000
v -0.00567400 -0.00369700 0.10059500
v -0.00821500 -0.00030000 0.10001200
v -0.00792800 -0.00248000 0.10001200
v -0.00792800 0.00188000 0.10001200
v -0.00567400 0.00309600 0.10059500
v -0.00341800 0.00332600 0.10107000
v -0.00151000 0.00267600 0.10143800
v -0.00023800 0.00136600 0.10169600
v 0.00020800 -0.00202500 0.10169600
v -0.00068100 -0.00362000 0.10143800
v -0.00235600 -0.00474200 0.10107000
v -0.00459500 -0.00510400 0.10059500
v -0.00708600 -0.00451200 0.10001200
v -0.00980400 -0.00030000 0.09932500
v -0.00946300 -0.00289200 0.09932500
v -0.00946300 0.00229100 0.09932500
v -0.00708600 0.00391100 0.10001200
v -0.00459500 0.00450300 0.10059500
v -0.00235600 0.00414100 0.10107000
v -0.00068100 0.00301900 0.10143800
v 0.00020800 0.00142500 0.10169600
v 0.00065500 -0.00196700 0.10169600
v 0.00020800 -0.00373700 0.10143800
v -0.00111900 -0.00525400 0.10107000
v -0.00318800 -0.00618300 0.10059500
v -0.00574800 -0.00625600 0.10001200
v -0.00846200 -0.00530600 0.09932500
v -0.01738600 -0.00554500 0.08380700
v -0.01787800 -0.00577700 0.08380700
v -0.01742900 -0.00545400 0.08401800
v -0.01792100 -0.00568700 0.08401800
v -0.01731800 -0.00568900 0.08362600
v -0.01781000 -0.00592200 0.08362600
v -0.01772100 -0.00611000 0.08348700
v -0.01722900 -0.00587700 0.08348700
v -0.01761700 -0.00632900 0.08339900
v -0.01712600 -0.00609600 0.08339900
v -0.01750600 -0.00656400 0.08337000
v -0.01701500 -0.00633200 0.08337000
v -0.01739500 -0.00679900 0.08339900
v -0.01690300 -0.00656700 0.08339900
v -0.01729100 -0.00701800 0.08348700
v -0.01680000 -0.00678600 0.08348700
v -0.01720200 -0.00720600 0.08362600
v -0.01671100 -0.00697400 0.08362600
v -0.01713400 -0.00735000 0.08380700
v -0.01664300 -0.00711800 0.08380700
v -0.01709100 -0.00744100 0.08401800
v -0.01660000 -0.00720900 0.08401800
v -0.01707700 -0.00747200 0.08424400
v -0.01658500 -0.00724000 0.08424400
v -0.01707700 -0.00747200 0.08598600
v -0.01658500 -0.00724000 0.08598600
v -0.01683100 -0.00735600 0.08598600
v -0.01767500 -0.00557000 0.08621200
v -0.01792100 -0.00568700 0.08621200
v -0.01763200 -0.00566100 0.08642400
v -0.01787800 -0.00577700 0.08642400
v -0.01756400 -0.00580500 0.08660500
v -0.01781000 -0.00592200 0.08660500
v -0.01772100 -0.00611000 0.08674400
v -0.01747500 -0.00599400 0.08674400
v -0.01761700 -0.00632900 0.08683100
v -0.01737100 -0.00621300 0.08683100
v -0.01750600 -0.00656400 0.08686100
v -0.01726000 -0.00644800 0.08686100
v -0.01739500 -0.00679900 0.08683100
v -0.01714900 -0.00668300 0.08683100
v -0.01729100 -0.00701800 0.08674400
v -0.01704600 -0.00690200 0.08674400
v -0.01720200 -0.00720600 0.08660500
v -0.01695700 -0.00709000 0.08660500
v -0.01713400 -0.00735000 0.08642400
v -0.01688800 -0.00723400 0.08642400
v -0.01709100 -0.00744100 0.08621200
v -0.01684500 -0.00732500 0.08621200
v -0.01683100 -0.00735600 0.09029200
v -0.01658500 -0.00724000 0.09320600
v -0.01134500 -0.00030000 0.09853700
v -0.01095100 -0.00329100 0.09853700
v -0.01095100 0.00269000 0.09853700
v -0.00846200 0.00470600 0.09932500
v -0.00574800 0.00565600 0.10001200
v -0.00318800 0.00558200 0.10059500
v -0.00111900 0.00465300 0.10107000
v 0.00020800 0.00313600 0.10143800
v 0.00065500 0.00136600 0.10169600
v 0.00107100 -0.00179400 0.10169600
v 0.00109800 -0.00362000 0.10143800
v 0.00020800 -0.00542900 0.10107000
v -0.00155000 -0.00686200 0.10059500
v -0.00400300 -0.00759500 0.10001200
v -0.00687100 -0.00738000 0.09932500
v -0.00979700 -0.00607700 0.09853700
v -0.01819500 -0.00547400 0.08192700
v -0.01745000 -0.00537600 0.08192700
v -0.01818800 -0.00552100 0.08220500
v -0.01744400 -0.00542300 0.08220500
v -0.01744400 -0.00542300 0.08424400
v -0.01793500 -0.00565600 0.08424400
v -0.01793500 -0.00565600 0.08598600
v -0.01769000 -0.00553900 0.08598600
v -0.01769000 -0.00553900 0.09029200
v -0.01744400 -0.00542300 0.09320600
v -0.01283200 -0.00030000 0.09765100
v -0.01238800 -0.00367600 0.09765100
v -0.01238800 0.00307500 0.09765100
v -0.00979700 0.00547600 0.09853700
v -0.00687100 0.00677900 0.09932500
v -0.00400300 0.00699400 0.10001200
v -0.00155000 0.00626100 0.10059500
v 0.00020800 0.00482800 0.10107000
v 0.00109800 0.00301900 0.10143800
v 0.00107100 0.00119300 0.10169600
v 0.00142800 -0.00152000 0.10169600
v 0.00192700 -0.00327700 0.10143800
v 0.00153600 -0.00525400 0.10107000
v 0.00020800 -0.00709300 0.10059500
v -0.00197200 -0.00843600 0.10001200
v -0.00479800 -0.00897100 0.09932500
v -0.00796100 -0.00847000 0.09853700
v -0.01821300 -0.00533700 0.08166900
v -0.01746800 -0.00523900 0.08166900
v -0.01818800 -0.00552100 0.08434300
v -0.01819500 -0.00547400 0.08462200
v -0.01821300 -0.00533700 0.08488100
v -0.01824100 -0.00511800 0.08144600
v -0.01824100 -0.00511800 0.08510200
v -0.01827900 -0.00483300 0.08127500
v -0.01827900 -0.00483300 0.08527300
v -0.01832300 -0.00450200 0.08116800
v -0.01832300 -0.00450200 0.08538100
v -0.01836900 -0.00414600 0.08113100
v -0.01836900 -0.00414600 0.08541700
v -0.01841600 -0.00379000 0.08116800
v -0.01841600 -0.00379000 0.08538100
v -0.01846000 -0.00345800 0.08127500
v -0.01846000 -0.00345800 0.08527300
v -0.01849700 -0.00317300 0.08144600
v -0.01849700 -0.00317300 0.08510200
v -0.01852600 -0.00295400 0.08166900
v -0.01852600 -0.00295400 0.08488100
v -0.01854400 -0.00281700 0.08192700
v -0.01854400 -0.00281700 0.08462200
v -0.01855100 -0.00277000 0.08220500
v -0.01855100 -0.00277000 0.08434300
v -0.01108500 -0.00682100 0.09765100
v -0.01843400 -0.00038300 0.07956100
v -0.01875500 -0.00042500 0.07956100
v -0.01841800 -0.00050200 0.07997200
v -0.01873900 -0.00054400 0.07997200
v -0.01839400 -0.00069000 0.08032600
v -0.01871400 -0.00073200 0.08032600
v -0.01836100 -0.00093600 0.08059800
v -0.01868200 -0.00097800 0.08059800
v -0.01864400 -0.00126400 0.08076800
v -0.01832400 -0.00122200 0.08076800
v -0.01860400 -0.00157100 0.08082600
v -0.01828300 -0.00152900 0.08082600
v -0.01856400 -0.00187800 0.08076800
v -0.01824300 -0.00183500 0.08076800
v -0.01852600 -0.00216400 0.08059800
v -0.01820500 -0.00212100 0.08059800
v -0.01849400 -0.00240900 0.08032600
v -0.01817300 -0.00236700 0.08032600
v -0.01846900 -0.00259800 0.07997200
v -0.01814800 -0.00255500 0.07997200
v -0.01845300 -0.00271600 0.07956100
v -0.01813200 -0.00267400 0.07956100
v -0.01844800 -0.00275700 0.07911900
v -0.01812700 -0.00271400 0.07911900
v -0.01817800 -0.00272100 0.08434300
v -0.01817200 -0.00276800 0.08462200
v -0.01815400 -0.00290500 0.08488100
v -0.01812500 -0.00312400 0.08510200
v -0.01808800 -0.00340900 0.08527300
v -0.01804400 -0.00374100 0.08538100
v -0.01799700 -0.00409700 0.08541700
v -0.01795000 -0.00445300 0.08538100
v -0.01790700 -0.00478400 0.08527300
v -0.01786900 -0.00506900 0.08510200
v -0.01784000 -0.00528800 0.08488100
v -0.01782200 -0.00542500 0.08462200
v -0.01781600 -0.00547200 0.08434300
v -0.01744400 -0.00542300 0.08434300
v -0.01744400 -0.00542300 0.08598600
v -0.01812700 -0.00271400 0.08220500
v -0.01812700 -0.00271400 0.08434300
v -0.01425900 -0.00030000 0.09667000
v -0.01376600 -0.00404500 0.09667000
v -0.01844800 -0.00275700 0.07572000
v -0.01845300 -0.00271600 0.07527900
v -0.01846900 -0.00259800 0.07486700
v -0.01849400 -0.00240900 0.07451400
v -0.01852600 -0.00216400 0.07424300
v -0.01856400 -0.00187800 0.07407300
v -0.01860400 -0.00157100 0.07401400
v -0.01864400 -0.00126400 0.07407300
v -0.01868200 -0.00097800 0.07424300
v -0.01871400 -0.00073200 0.07451400
v -0.01873900 -0.00054400 0.07486700
v -0.01875500 -0.00042500 0.07527900
v -0.01876000 -0.00038500 0.07572000
v -0.01876000 -0.00038500 0.07911900
v -0.01843900 -0.00034300 0.07911900
v -0.01376600 0.00344400 0.09667000
v -0.01108500 0.00622000 0.09765100
v -0.00796100 0.00786900 0.09853700
v -0.00479800 0.00837000 0.09932500
v -0.00197200 0.00783600 0.10001200
v 0.00020800 0.00649200 0.10059500
v 0.00153600 0.00465300 0.10107000
v 0.00192700 0.00267600 0.10143800
v 0.00142800 0.00091900 0.10169600
v 0.00170200 -0.00116300 0.10169600
v 0.00263900 -0.00273100 0.10143800
v 0.00277300 -0.00474200 0.10107000
v 0.00196600 -0.00686200 0.10059500
v 0.00020800 -0.00872300 0.10001200
v -0.00238300 -0.00997100 0.09932500
v -0.00556800 -0.01030600 0.09853700
v -0.00901300 -0.00952100 0.09765100
v -0.01749700 -0.00502000 0.08144600
v -0.01749400 -0.00504400 0.08147000
v -0.01753400 -0.00473500 0.08127500
v -0.01757800 -0.00440400 0.08116800
v -0.01762500 -0.00404800 0.08113100
v -0.01767200 -0.00369200 0.08116800
v -0.01771600 -0.00336000 0.08127500
v -0.01775300 -0.00307500 0.08144600
v -0.01778200 -0.00285600 0.08166900
v -0.01780000 -0.00271900 0.08192700
v -0.01780600 -0.00267200 0.08220500
v -0.01780600 -0.00267200 0.07911900
v -0.01780600 -0.00267200 0.07572000
v -0.01781100 -0.00263200 0.07527900
v -0.01782700 -0.00251300 0.07486700
v -0.01785200 -0.00232500 0.07451400
v -0.01788400 -0.00207900 0.07424300
v -0.01792200 -0.00179300 0.07407300
v -0.01796200 -0.00148600 0.07401400
v -0.01800300 -0.00117900 0.07407300
v -0.01804000 -0.00089300 0.07424300
v -0.01807300 -0.00064800 0.07451400
v -0.01809700 -0.00045900 0.07486700
v -0.01811300 -0.00034100 0.07527900
v -0.01811800 -0.00030000 0.07572000
v -0.01232100 -0.00753400 0.09667000
v -0.01812700 -0.00271400 0.08752100
v -0.01843900 -0.00034300 0.08752100
v -0.01781600 -0.00547200 0.08963000
v -0.01817800 -0.00272100 0.08963000
v -0.01780600 -0.00267200 0.09320600
v -0.01780600 -0.00267200 0.08434300
v -0.01561900 -0.00030000 0.09559900
v -0.01508000 -0.00439700 0.09559900
v -0.01313100 0.01231500 0.08380700
v -0.01357800 0.01262400 0.08380700
v -0.01307400 0.01239700 0.08401800
v -0.01352100 0.01270700 0.08401800
v -0.01366900 0.01249300 0.08362600
v -0.01322200 0.01218400 0.08362600
v -0.01378700 0.01232200 0.08348700
v -0.01334000 0.01201200 0.08348700
v -0.01392500 0.01212300 0.08339900
v -0.01347800 0.01181300 0.08339900
v -0.01407300 0.01190900 0.08337000
v -0.01362600 0.01160000 0.08337000
v -0.01422100 0.01169500 0.08339900
v -0.01377400 0.01138600 0.08339900
v -0.01435900 0.01149600 0.08348700
v -0.01391200 0.01118600 0.08348700
v -0.01447700 0.01132500 0.08362600
v -0.01403100 0.01101500 0.08362600
v -0.01456800 0.01119400 0.08380700
v -0.01412100 0.01088400 0.08380700
v -0.01462600 0.01111100 0.08401800
v -0.01417900 0.01080200 0.08401800
v -0.01464500 0.01108300 0.08424400
v -0.01419800 0.01077300 0.08424400
v -0.01464500 0.01108300 0.08598600
v -0.01419800 0.01077300 0.08598600
v -0.01442200 0.01092800 0.08598600
v -0.01329700 0.01255200 0.08621200
v -0.01352100 0.01270700 0.08621200
v -0.01335400 0.01247000 0.08642400
v -0.01357800 0.01262400 0.08642400
v -0.01366900 0.01249300 0.08660500
v -0.01344500 0.01233800 0.08660500
v -0.01378700 0.01232200 0.08674400
v -0.01356400 0.01216700 0.08674400
v -0.01392500 0.01212300 0.08683100
v -0.01370200 0.01196800 0.08683100
v -0.01407300 0.01190900 0.08686100
v -0.01385000 0.01175400 0.08686100
v -0.01422100 0.01169500 0.08683100
v -0.01399800 0.01154000 0.08683100
v -0.01435900 0.01149600 0.08674400
v -0.01413600 0.01134100 0.08674400
v -0.01447700 0.01132500 0.08660500
v -0.01425400 0.01117000 0.08660500
v -0.01456800 0.01119400 0.08642400
v -0.01434500 0.01103900 0.08642400
v -0.01462600 0.01111100 0.08621200
v -0.01440200 0.01095600 0.08621200
v -0.01442200 0.01092800 0.09029200
v -0.01419800 0.01077300 0.09320600
v -0.01597800 0.00894900 0.08339300
v -0.01627700 0.00907300 0.08339300
v -0.01602300 0.00883900 0.08368900
v -0.01632200 0.00896300 0.08368900
v -0.01609600 0.00866300 0.08394300
v -0.01639500 0.00878700 0.08394300
v -0.01649000 0.00855800 0.08413700
v -0.01619100 0.00843400 0.08413700
v -0.01660000 0.00829200 0.08426000
v -0.01630100 0.00816800 0.08426000
v -0.01671900 0.00800600 0.08430200
v -0.01642000 0.00788200 0.08430200
v -0.01683700 0.00772000 0.08426000
v -0.01653800 0.00759600 0.08426000
v -0.01694800 0.00745300 0.08413700
v -0.01664900 0.00732900 0.08413700
v -0.01704200 0.00722400 0.08394300
v -0.01674300 0.00710000 0.08394300
v -0.01711500 0.00704900 0.08368900
v -0.01681600 0.00692500 0.08368900
v -0.01716100 0.00693800 0.08339300
v -0.01686200 0.00681400 0.08339300
v -0.01717600 0.00690100 0.08307500
v -0.01687700 0.00677700 0.08307500
v -0.01811800 -0.00030000 0.07911900
v -0.01811800 -0.00030000 0.09320600
v -0.01508000 0.00379600 0.09559900
v -0.01232100 0.00693300 0.09667000
v -0.00901300 0.00892100 0.09765100
v -0.00556800 0.00970500 0.09853700
v -0.00238300 0.00937000 0.09932500
v 0.00020800 0.00812300 0.10001200
v 0.00196600 0.00626100 0.10059500
v 0.00277300 0.00414100 0.10107000
v 0.00263900 0.00213000 0.10143800
v 0.00170200 0.00056200 0.10169600
v 0.00187500 -0.00074700 0.10169600
v 0.00318500 -0.00201900 0.10143800
v 0.00383500 -0.00392700 0.10107000
v 0.00360500 -0.00618300 0.10059500
v 0.00238800 -0.00843600 0.10001200
v 0.00020800 -0.01031300 0.09932500
v -0.00278200 -0.01146000 0.09853700
v -0.00631200 -0.01159400 0.09765100
v -0.01592000 -0.00966100 0.08307500
v -0.01617600 -0.00985800 0.08307500
v -0.01589500 -0.00969300 0.08339300
v -0.01615200 -0.00989000 0.08339300
v -0.01582200 -0.00978800 0.08368900
v -0.01607900 -0.00998500 0.08368900
v -0.01570700 -0.00993900 0.08394300
v -0.01596300 -0.01013600 0.08394300
v -0.01581300 -0.01033200 0.08413700
v -0.01555600 -0.01013500 0.08413700
v -0.01563700 -0.01056100 0.08426000
v -0.01538000 -0.01036400 0.08426000
v -0.01544800 -0.01080700 0.08430200
v -0.01519200 -0.01061000 0.08430200
v -0.01526000 -0.01105200 0.08426000
v -0.01500300 -0.01085500 0.08426000
v -0.01508400 -0.01128100 0.08413700
v -0.01482800 -0.01108400 0.08413700
v -0.01493400 -0.01147800 0.08394300
v -0.01467700 -0.01128100 0.08394300
v -0.01481800 -0.01162800 0.08368900
v -0.01456100 -0.01143100 0.08368900
v -0.01474500 -0.01172300 0.08339300
v -0.01448800 -0.01152600 0.08339300
v -0.01472000 -0.01175600 0.08307500
v -0.01446400 -0.01155900 0.08307500
v -0.01472000 -0.01175600 0.08063000
v -0.01474500 -0.01172300 0.08031300
v -0.01481800 -0.01162800 0.08001700
v -0.01493400 -0.01147800 0.07976200
v -0.01508400 -0.01128100 0.07956700
v -0.01526000 -0.01105200 0.07944400
v -0.01544800 -0.01080700 0.07940300
v -0.01563700 -0.01056100 0.07944400
v -0.01581300 -0.01033200 0.07956700
v -0.01596300 -0.01013600 0.07976200
v -0.01607900 -0.00998500 0.08001700
v -0.01615200 -0.00989000 0.08031300
v -0.01617600 -0.00985800 0.08063000
v -0.01002200 -0.01053000 0.09667000
v -0.01749400 -0.00504400 -0.03426200
v -0.01811800 -0.00030000 -0.03426200
v -0.01566300 -0.00946400 0.08063000
v -0.01566300 -0.00946400 0.08307500
v -0.01349900 -0.00821400 0.09559900
v -0.01749400 -0.00504400 0.09320600
v -0.01690800 -0.00030000 0.09444300
v -0.01632400 -0.00473000 0.09444300
v -0.01305400 0.01242600 0.08220500
v -0.01351100 0.01302100 0.08220500
v -0.01301700 0.01245400 0.08192700
v -0.01347400 0.01305000 0.08192700
v -0.01305400 0.01242600 0.08424400
v -0.01350100 0.01273500 0.08424400
v -0.01350100 0.01273500 0.08598600
v -0.01327800 0.01258000 0.08598600
v -0.01327800 0.01258000 0.09029200
v -0.01305400 0.01242600 0.09320600
v -0.01717600 0.00690100 0.08063000
v -0.01716100 0.00693800 0.08031300
v -0.01711500 0.00704900 0.08001700
v -0.01704200 0.00722400 0.07976200
v -0.01694800 0.00745300 0.07956700
v -0.01683700 0.00772000 0.07944400
v -0.01671900 0.00800600 0.07940300
v -0.01660000 0.00829200 0.07944400
v -0.01649000 0.00855800 0.07956700
v -0.01639500 0.00878700 0.07976200
v -0.01632200 0.00896300 0.08001700
v -0.01627700 0.00907300 0.08031300
v -0.01626100 0.00911100 0.08063000
v -0.01626100 0.00911100 0.08307500
v -0.01596200 0.00898700 0.08307500
v -0.01687700 0.00677700 0.08911800
v -0.01596200 0.00898700 0.08911800
v -0.01657800 0.00665300 0.08307500
v -0.01657800 0.00665300 0.09320600
v -0.01657800 0.00665300 0.08063000
v -0.01656300 0.00669100 0.08031300
v -0.01651700 0.00680100 0.08001700
v -0.01644400 0.00697700 0.07976200
v -0.01635000 0.00720500 0.07956700
v -0.01623900 0.00747200 0.07944400
v -0.01612100 0.00775800 0.07940300
v -0.01600200 0.00804400 0.07944400
v -0.01589200 0.00831000 0.07956700
v -0.01579700 0.00853900 0.07976200
v -0.01572400 0.00871500 0.08001700
v -0.01567900 0.00882500 0.08031300
v -0.01566300 0.00886300 0.08063000
v -0.01749400 0.00444300 -0.03426200
v -0.01749400 0.00444300 0.09320600
v -0.01632400 0.00412900 0.09444300
v -0.01349900 0.00761300 0.09559900
v -0.01002200 0.00992900 0.09667000
v -0.00631200 0.01099300 0.09765100
v -0.00278200 0.01085900 0.09853700
v 0.00020800 0.00971200 0.09932500
v 0.00238800 0.00783600 0.10001200
v 0.00360500 0.00558200 0.10059500
v 0.00383500 0.00332600 0.10107000
v 0.00318500 0.00141800 0.10143800
v 0.00187500 0.00014600 0.10169600
v 0.00193300 -0.00030000 0.10169600
v 0.00352800 -0.00119000 0.10143800
v 0.00465000 -0.00286500 0.10107000
v 0.00501200 -0.00510400 0.10059500
v 0.00442000 -0.00759500 0.10001200
v 0.00280000 -0.00997100 0.09932500
v 0.00020800 -0.01185400 0.09853700
v -0.00316700 -0.01289700 0.09765100
v -0.01121400 -0.01525400 0.08364200
v -0.01101700 -0.01499700 0.08364200
v -0.01124700 -0.01522900 0.08333300
v -0.01105000 -0.01497200 0.08333300
v -0.01112000 -0.01532700 0.08393000
v -0.01092300 -0.01507000 0.08393000
v -0.01096900 -0.01544200 0.08417900
v -0.01077200 -0.01518600 0.08417900
v -0.01077200 -0.01559300 0.08436800
v -0.01057500 -0.01533600 0.08436800
v -0.01054400 -0.01576900 0.08448800
v -0.01034600 -0.01551200 0.08448800
v -0.01029800 -0.01595700 0.08452900
v -0.01010100 -0.01570000 0.08452900
v -0.01005200 -0.01614600 0.08448800
v -0.00985500 -0.01588900 0.08448800
v -0.00982300 -0.01632100 0.08436800
v -0.00962600 -0.01606500 0.08436800
v -0.00962700 -0.01647200 0.08417900
v -0.00943000 -0.01621500 0.08417900
v -0.00947600 -0.01658800 0.08393000
v -0.00927900 -0.01633100 0.08393000
v -0.00938100 -0.01666100 0.08364200
v -0.00918400 -0.01640400 0.08364200
v -0.00702500 -0.01282900 0.09667000
v -0.01446400 -0.01155900 0.08911800
v -0.01592000 -0.00966100 0.08911800
v -0.01566300 -0.00946400 0.09320600
v -0.01420700 -0.01136200 0.08307500
v -0.01420700 -0.01136200 0.09320600
v -0.01420700 -0.01136200 0.08063000
v -0.01423200 -0.01132900 0.08031300
v -0.01430400 -0.01123400 0.08001700
v -0.01442000 -0.01108400 0.07976200
v -0.01457100 -0.01088700 0.07956700
v -0.01474700 -0.01065800 0.07944400
v -0.01493500 -0.01041300 0.07940300
v -0.01512300 -0.01016700 0.07944400
v -0.01529900 -0.00993800 0.07956700
v -0.01545000 -0.00974200 0.07976200
v -0.01556600 -0.00959100 0.08001700
v -0.01563800 -0.00949600 0.08031300
v -0.01098300 -0.01149200 0.09559900
v -0.01566300 -0.00946400 -0.03426200
v -0.01461400 -0.00885800 0.09444300
v -0.01290700 0.01253900 0.08166900
v -0.01336400 0.01313400 0.08166900
v -0.01241100 0.01386600 0.08113100
v -0.01269500 0.01364700 0.08116800
v -0.01212600 0.01408400 0.08116800
v -0.01186000 0.01428800 0.08127500
v -0.01296100 0.01344300 0.08127500
v -0.01163200 0.01446300 0.08144600
v -0.01318900 0.01326800 0.08144600
v -0.01145700 0.01459700 0.08166900
v -0.01134700 0.01468200 0.08192700
v -0.01131000 0.01471000 0.08220500
v -0.01131000 0.01471000 0.08434300
v -0.01351100 0.01302100 0.08434300
v -0.01134700 0.01468200 0.08462200
v -0.01347400 0.01305000 0.08462200
v -0.01145700 0.01459700 0.08488100
v -0.01336400 0.01313400 0.08488100
v -0.01163200 0.01446300 0.08510200
v -0.01318900 0.01326800 0.08510200
v -0.01186000 0.01428800 0.08527300
v -0.01296100 0.01344300 0.08527300
v -0.01212600 0.01408400 0.08538100
v -0.01269500 0.01364700 0.08538100
v -0.01241100 0.01386600 0.08541700
v -0.00927900 0.01573000 0.08759900
v -0.00918400 0.01580300 0.08742400
v -0.00947600 0.01598700 0.08759900
v -0.00938100 0.01606000 0.08742400
v -0.00962700 0.01587100 0.08774800
v -0.00943000 0.01561400 0.08774800
v -0.00982300 0.01572000 0.08786300
v -0.00962600 0.01546400 0.08786300
v -0.01005200 0.01554500 0.08793600
v -0.00985500 0.01528800 0.08793600
v -0.01029800 0.01535600 0.08796000
v -0.01010100 0.01510000 0.08796000
v -0.01054400 0.01516800 0.08793600
v -0.01034600 0.01491100 0.08793600
v -0.01077200 0.01499200 0.08786300
v -0.01057500 0.01473600 0.08786300
v -0.01096900 0.01484100 0.08774800
v -0.01077200 0.01458500 0.08774800
v -0.01112000 0.01472600 0.08759900
v -0.01092300 0.01446900 0.08759900
v -0.01101700 0.01439600 0.08742400
v -0.01121400 0.01465300 0.08742400
v -0.01111900 0.01438400 0.08462200
v -0.01108100 0.01441300 0.08434300
v -0.01122900 0.01429900 0.08488100
v -0.01140400 0.01416500 0.08510200
v -0.01163200 0.01399000 0.08527300
v -0.01189700 0.01378700 0.08538100
v -0.01218200 0.01356800 0.08541700
v -0.01246700 0.01334900 0.08538100
v -0.01273200 0.01314600 0.08527300
v -0.01296000 0.01297100 0.08510200
v -0.01313500 0.01283600 0.08488100
v -0.01324500 0.01275200 0.08462200
v -0.01328300 0.01272300 0.08434300
v -0.01305400 0.01242600 0.08434300
v -0.01305400 0.01242600 0.08598600
v -0.01105000 0.01437200 0.08723800
v -0.01108100 0.01441300 0.08723800
v -0.01124700 0.01462800 0.08723800
v -0.01108100 0.01441300 0.08579700
v -0.01124700 0.01462800 0.08579700
v -0.01566300 0.00886300 0.08307500
v -0.01566300 0.00886300 0.09320600
v -0.01566300 0.00886300 -0.03426200
v -0.01461400 0.00825700 0.09444300
v -0.01098300 0.01089100 0.09559900
v -0.00702500 0.01222900 0.09667000
v -0.00316700 0.01229600 0.09765100
v 0.00020800 0.01125300 0.09853700
v 0.00280000 0.00937000 0.09932500
v 0.00442000 0.00699400 0.10001200
v 0.00501200 0.00450300 0.10059500
v 0.00465000 0.00226400 0.10107000
v 0.00352800 0.00058900 0.10143800
v 0.00364500 -0.00030000 0.10143800
v 0.00516200 -0.00162800 0.10107000
v 0.00609100 -0.00369700 0.10059500
v 0.00616400 -0.00625600 0.10001200
v 0.00521400 -0.00897100 0.09932500
v 0.00319900 -0.01146000 0.09853700
v 0.00020800 -0.01334100 0.09765100
v -0.00916500 -0.01678500 0.08742400
v -0.00904100 -0.01648600 0.08742400
v -0.00920300 -0.01677000 0.08723800
v -0.00907900 -0.01647100 0.08723800
v -0.00905500 -0.01683100 0.08759900
v -0.00893100 -0.01653200 0.08759900
v -0.00887900 -0.01690400 0.08774800
v -0.00875500 -0.01660500 0.08774800
v -0.00865000 -0.01699900 0.08786300
v -0.00852600 -0.01670000 0.08786300
v -0.00838400 -0.01710900 0.08793600
v -0.00826000 -0.01681000 0.08793600
v -0.00809800 -0.01722700 0.08796000
v -0.00797400 -0.01692900 0.08796000
v -0.00781200 -0.01734600 0.08793600
v -0.00768800 -0.01704700 0.08793600
v -0.00754500 -0.01745600 0.08786300
v -0.00742100 -0.01715700 0.08786300
v -0.00731600 -0.01755100 0.08774800
v -0.00719200 -0.01725200 0.08774800
v -0.00714100 -0.01762400 0.08759900
v -0.00701700 -0.01732500 0.08759900
v -0.00703000 -0.01767000 0.08742400
v -0.00690600 -0.01737100 0.08742400
v -0.00934900 -0.01668500 0.08333300
v -0.00915200 -0.01642900 0.08333300
v -0.01029800 -0.01595700 0.07975400
v -0.01005200 -0.01614600 0.07979500
v -0.01054400 -0.01576900 0.07979500
v -0.01077200 -0.01559300 0.07991400
v -0.00982300 -0.01632100 0.07991400
v -0.01096900 -0.01544200 0.08010500
v -0.00962700 -0.01647200 0.08010500
v -0.01112000 -0.01532700 0.08035200
v -0.00947600 -0.01658800 0.08035200
v -0.01121400 -0.01525400 0.08064000
v -0.00938100 -0.01666100 0.08064000
v -0.01124700 -0.01522900 0.08095000
v -0.00934900 -0.01668500 0.08095000
v -0.00699300 -0.01768500 0.08723800
v -0.00686900 -0.01738600 0.08723800
v -0.00809800 -0.01722700 0.08507400
v -0.00781200 -0.01734600 0.08509800
v -0.00838400 -0.01710900 0.08509800
v -0.00865000 -0.01699900 0.08517100
v -0.00754500 -0.01745600 0.08517100
v -0.00887900 -0.01690400 0.08528600
v -0.00731600 -0.01755100 0.08528600
v -0.00905500 -0.01683100 0.08543600
v -0.00714100 -0.01762400 0.08543600
v -0.00916500 -0.01678500 0.08561000
v -0.00703000 -0.01767000 0.08561000
v -0.00920300 -0.01677000 0.08579700
v -0.00699300 -0.01768500 0.08579700
v -0.00895500 -0.01617200 0.08579700
v -0.00895500 -0.01617200 0.08723800
v -0.00353600 -0.01427500 0.09667000
v -0.00895500 -0.01617200 0.08095000
v -0.00898700 -0.01614700 0.08064000
v -0.00908200 -0.01607400 0.08035200
v -0.00923300 -0.01595900 0.08010500
v -0.00942900 -0.01580800 0.07991400
v -0.00965800 -0.01563200 0.07979500
v -0.00990400 -0.01544400 0.07975400
v -0.01015000 -0.01525500 0.07979500
v -0.01037800 -0.01508000 0.07991400
v -0.01057500 -0.01492900 0.08010500
v -0.01072600 -0.01481300 0.08035200
v -0.01082100 -0.01474000 0.08064000
v -0.01085300 -0.01471600 0.08095000
v -0.01085300 -0.01471600 0.08333300
v -0.01105000 -0.01497200 0.08922200
v -0.00915200 -0.01642900 0.08922200
v -0.01085300 -0.01471600 0.09320600
v -0.00770500 -0.01400800 0.09559900
v -0.01275100 -0.01325900 -0.03426200
v -0.01275100 -0.01325900 0.09320600
v -0.01189400 -0.01240300 0.09444300
v -0.00480700 0.01763900 0.07988100
v -0.00469600 0.01768500 0.07946700
v -0.00493100 0.01793800 0.07988100
v -0.00482000 0.01798400 0.07946700
v -0.00498200 0.01756700 0.08023700
v -0.00510600 0.01786600 0.08023700
v -0.00521100 0.01747200 0.08051000
v -0.00533500 0.01777100 0.08051000
v -0.00560200 0.01766100 0.08068200
v -0.00547800 0.01736200 0.08068200
v -0.00588800 0.01754200 0.08074100
v -0.00576400 0.01724300 0.08074100
v -0.00617400 0.01742400 0.08068200
v -0.00605000 0.01712500 0.08068200
v -0.00644000 0.01731300 0.08051000
v -0.00631600 0.01701400 0.08051000
v -0.00654500 0.01691900 0.08023700
v -0.00666900 0.01721800 0.08023700
v -0.00672100 0.01684700 0.07988100
v -0.00684500 0.01714600 0.07988100
v -0.00683100 0.01680100 0.07946700
v -0.00695500 0.01710000 0.07946700
v -0.01082100 0.01414000 0.08561000
v -0.01121400 0.01465300 0.08561000
v -0.01072600 0.01421200 0.08543600
v -0.01112000 0.01472600 0.08543600
v -0.01096900 0.01484100 0.08528600
v -0.01057500 0.01432800 0.08528600
v -0.01077200 0.01499200 0.08517100
v -0.01037800 0.01447900 0.08517100
v -0.01054400 0.01516800 0.08509800
v -0.01015000 0.01465400 0.08509800
v -0.01029800 0.01535600 0.08507400
v -0.00990400 0.01484300 0.08507400
v -0.01005200 0.01554500 0.08509800
v -0.00965800 0.01503100 0.08509800
v -0.00982300 0.01572000 0.08517100
v -0.00942900 0.01520700 0.08517100
v -0.00962700 0.01587100 0.08528600
v -0.00923300 0.01535800 0.08528600
v -0.00947600 0.01598700 0.08543600
v -0.00908200 0.01547300 0.08543600
v -0.00898700 0.01554600 0.08561000
v -0.00938100 0.01606000 0.08561000
v -0.01275100 0.01265900 0.08147000
v -0.01273200 0.01267300 0.08144600
v -0.01250400 0.01284800 0.08127500
v -0.01223800 0.01305200 0.08116800
v -0.01195400 0.01327000 0.08113100
v -0.01166900 0.01348900 0.08116800
v -0.01140300 0.01369200 0.08127500
v -0.01117500 0.01386700 0.08144600
v -0.01100000 0.01400200 0.08166900
v -0.01089000 0.01408600 0.08192700
v -0.01085300 0.01411500 0.08220500
v -0.01085300 0.01411500 0.08434300
v -0.01085300 0.01411500 0.08579700
v -0.00895500 0.01557100 0.08579700
v -0.00934900 0.01608400 0.08579700
v -0.00934900 0.01608400 0.08723800
v -0.00915200 0.01582800 0.08723800
v -0.00686900 0.01678500 0.07902200
v -0.00699300 0.01708400 0.07902200
v -0.00915200 0.01582800 0.09079800
v -0.01105000 0.01437200 0.09012300
v -0.01105000 0.01437200 0.09079800
v -0.01108100 0.01441300 0.08963000
v -0.01328300 0.01272300 0.08963000
v -0.01085300 0.01411500 0.09320600
v -0.01085300 0.01411500 0.08723800
v -0.01275100 0.01265900 -0.03426200
v -0.01275100 0.01265900 0.09320600
v -0.01189400 0.01180200 0.09444300
v -0.00770500 0.01340700 0.09559900
v -0.00353600 0.01367400 0.09667000
v 0.00020800 0.01274000 0.09765100
v 0.00319900 0.01085900 0.09853700
v 0.00521400 0.00837000 0.09932500
v 0.00616400 0.00565600 0.10001200
v 0.00609100 0.00309600 0.10059500
v 0.00516200 0.00102700 0.10107000
v 0.00533700 -0.00030000 0.10107000
v 0.00677000 -0.00205900 0.10059500
v 0.00750300 -0.00451200 0.10001200
v 0.00728800 -0.00738000 0.09932500
v 0.00598500 -0.01030600 0.09853700
v 0.00358300 -0.01289700 0.09765100
v 0.00020800 -0.01476800 0.09667000
v -0.00907900 -0.01647100 0.09079800
v -0.00686900 -0.01738600 0.09079800
v -0.00895500 -0.01617200 0.09320600
v -0.00895500 -0.01617200 0.08333300
v -0.00674500 -0.01708700 0.08723800
v -0.00674500 -0.01708700 0.09320600
v -0.00674500 -0.01708700 0.08579700
v -0.00678300 -0.01707200 0.08561000
v -0.00689300 -0.01702600 0.08543600
v -0.00706900 -0.01695300 0.08528600
v -0.00729800 -0.01685800 0.08517100
v -0.00756400 -0.01674800 0.08509800
v -0.00785000 -0.01663000 0.08507400
v -0.00813600 -0.01651100 0.08509800
v -0.00840300 -0.01640100 0.08517100
v -0.00863100 -0.01630600 0.08528600
v -0.00880700 -0.01623300 0.08543600
v -0.00891700 -0.01618800 0.08561000
v -0.00388800 -0.01558900 0.09559900
v -0.00895500 -0.01617200 -0.03426200
v -0.00895500 -0.01617200 0.07463200
v -0.00835000 -0.01512300 0.09444300
v -0.00588800 0.01754200 0.07388100
v -0.00617400 0.01742400 0.07394000
v -0.00560200 0.01766100 0.07394000
v -0.00533500 0.01777100 0.07411200
v -0.00644000 0.01731300 0.07411200
v -0.00510600 0.01786600 0.07438500
v -0.00666900 0.01721800 0.07438500
v -0.00493100 0.01793800 0.07474100
v -0.00684500 0.01714600 0.07474100
v -0.00482000 0.01798400 0.07515500
v -0.00695500 0.01710000 0.07515500
v -0.00478300 0.01800000 0.07560000
v -0.00699300 0.01708400 0.07560000
v -0.00478300 0.01800000 0.07902200
v -0.00465900 0.01770100 0.07902200
v -0.00343400 0.01820000 0.07940300
v -0.00374100 0.01815900 0.07944400
v -0.00312700 0.01824000 0.07944400
v -0.00284100 0.01827800 0.07956700
v -0.00402700 0.01812200 0.07956700
v -0.00259500 0.01831000 0.07976200
v -0.00427200 0.01808900 0.07976200
v -0.00240700 0.01833500 0.08001700
v -0.00446100 0.01806400 0.08001700
v -0.00228800 0.01835000 0.08031300
v -0.00457900 0.01804900 0.08031300
v -0.00224800 0.01835600 0.08063000
v -0.00461900 0.01804400 0.08063000
v -0.00224800 0.01835600 0.08307500
v -0.00461900 0.01804400 0.08307500
v -0.00228800 0.01835000 0.08339300
v -0.00457900 0.01804900 0.08339300
v -0.00240700 0.01833500 0.08368900
v -0.00446100 0.01806400 0.08368900
v -0.00259500 0.01831000 0.08394300
v -0.00427200 0.01808900 0.08394300
v -0.00284100 0.01827800 0.08413700
v -0.00402700 0.01812200 0.08413700
v -0.00312700 0.01824000 0.08426000
v -0.00374100 0.01815900 0.08426000
v -0.00343400 0.01820000 0.08430200
v -0.00224600 0.01803000 0.08339300
v -0.00220600 0.01803500 0.08307500
v -0.00236400 0.01801400 0.08368900
v -0.00255300 0.01798900 0.08394300
v -0.00279800 0.01795700 0.08413700
v -0.00308400 0.01791900 0.08426000
v -0.00339100 0.01787900 0.08430200
v -0.00369800 0.01783800 0.08426000
v -0.00398400 0.01780100 0.08413700
v -0.00423000 0.01776800 0.08394300
v -0.00441800 0.01774400 0.08368900
v -0.00453700 0.01772800 0.08339300
v -0.00457700 0.01772300 0.08307500
v -0.00453500 0.01740200 0.08063000
v -0.00453500 0.01740200 0.08307500
v -0.00465900 0.01770100 0.08748200
v -0.00686900 0.01678500 0.08748200
v -0.00895500 0.01557100 -0.03426200
v -0.00895500 0.01557100 0.08723800
v -0.00895500 0.01557100 0.09320600
v -0.00674500 0.01648600 0.07902200
v -0.00674500 0.01648600 0.09320600
v -0.00674500 0.01648600 0.07560000
v -0.00670700 0.01650200 0.07515500
v -0.00659700 0.01654800 0.07474100
v -0.00642100 0.01662000 0.07438500
v -0.00619200 0.01671500 0.07411200
v -0.00592600 0.01682600 0.07394000
v -0.00564000 0.01694400 0.07388100
v -0.00535400 0.01706300 0.07394000
v -0.00508700 0.01717300 0.07411200
v -0.00485900 0.01726800 0.07438500
v -0.00468300 0.01734000 0.07474100
v -0.00457300 0.01738600 0.07515500
v -0.00453500 0.01740200 0.07560000
v -0.00835000 0.01452200 0.09444300
v -0.00388800 0.01498800 0.09559900
v 0.00020800 0.01416700 0.09667000
v 0.00358300 0.01229600 0.09765100
v 0.00598500 0.00970500 0.09853700
v 0.00728800 0.00677900 0.09932500
v 0.00750300 0.00391100 0.10001200
v 0.00677000 0.00145800 0.10059500
v 0.00700100 -0.00030000 0.10059500
v 0.00834400 -0.00248000 0.10001200
v 0.00887900 -0.00530600 0.09932500
v 0.00837800 -0.00847000 0.09853700
v 0.00672900 -0.01159400 0.09765100
v 0.00029300 -0.01926900 0.08307500
v 0.00033300 -0.01926400 0.08339300
v 0.00025100 -0.01894800 0.08307500
v 0.00029100 -0.01894300 0.08339300
v 0.00045200 -0.01924800 0.08368900
v 0.00040900 -0.01892700 0.08368900
v 0.00064000 -0.01922300 0.08394300
v 0.00059800 -0.01890200 0.08394300
v 0.00084300 -0.01887000 0.08413700
v 0.00088600 -0.01919100 0.08413700
v 0.00113000 -0.01883200 0.08426000
v 0.00117200 -0.01915300 0.08426000
v 0.00143600 -0.01879200 0.08430200
v 0.00147900 -0.01911300 0.08430200
v 0.00174300 -0.01875100 0.08426000
v 0.00178600 -0.01907200 0.08426000
v 0.00202900 -0.01871400 0.08413700
v 0.00207200 -0.01903500 0.08413700
v 0.00227500 -0.01868100 0.08394300
v 0.00231700 -0.01900200 0.08394300
v 0.00250600 -0.01897800 0.08368900
v 0.00246300 -0.01865700 0.08368900
v 0.00262400 -0.01896200 0.08339300
v 0.00258200 -0.01864100 0.08339300
v 0.00266400 -0.01895700 0.08307500
v 0.00262200 -0.01863600 0.08307500
v 0.00147900 -0.01911300 0.07940300
v 0.00178600 -0.01907200 0.07944400
v 0.00117200 -0.01915300 0.07944400
v 0.00088600 -0.01919100 0.07956700
v 0.00207200 -0.01903500 0.07956700
v 0.00064000 -0.01922300 0.07976200
v 0.00231700 -0.01900200 0.07976200
v 0.00045200 -0.01924800 0.08001700
v 0.00250600 -0.01897800 0.08001700
v 0.00033300 -0.01926400 0.08031300
v 0.00262400 -0.01896200 0.08031300
v 0.00029300 -0.01926900 0.08063000
v 0.00266400 -0.01895700 0.08063000
v 0.00395300 -0.01427500 0.09667000
v -0.00453500 -0.01800300 -0.03426200
v -0.00888000 -0.01620300 0.07401300
v -0.00865900 -0.01629400 0.07343600
v -0.00830800 -0.01644000 0.07294100
v -0.00785000 -0.01663000 0.07256000
v -0.00731700 -0.01685000 0.07232200
v -0.00674500 -0.01708700 0.07224000
v -0.00453500 -0.01800300 0.07463200
v -0.00461000 -0.01797200 0.07401300
v -0.00483100 -0.01788000 0.07343600
v -0.00518200 -0.01773500 0.07294100
v -0.00564000 -0.01754500 0.07256000
v -0.00617300 -0.01732400 0.07232200
v 0.00020800 -0.01862700 0.08063000
v 0.00020800 -0.01862700 0.08307500
v 0.00020800 -0.01612800 0.09559900
v -0.00453500 -0.01800300 0.09320600
v -0.00422200 -0.01683300 0.09444300
v 0.00495400 0.01778000 0.08462200
v 0.00500300 0.01815200 0.08462200
v 0.00481600 0.01779800 0.08488100
v 0.00486500 0.01817000 0.08488100
v 0.00459800 0.01782700 0.08510200
v 0.00464700 0.01819900 0.08510200
v 0.00431300 0.01786500 0.08527300
v 0.00436200 0.01823700 0.08527300
v 0.00398100 0.01790800 0.08538100
v 0.00403000 0.01828000 0.08538100
v 0.00362500 0.01795500 0.08541700
v 0.00367400 0.01832700 0.08541700
v 0.00326900 0.01800200 0.08538100
v 0.00331800 0.01837400 0.08538100
v 0.00293700 0.01804600 0.08527300
v 0.00298600 0.01841800 0.08527300
v 0.00265200 0.01808300 0.08510200
v 0.00270100 0.01845500 0.08510200
v 0.00243400 0.01811200 0.08488100
v 0.00248300 0.01848400 0.08488100
v 0.00229600 0.01813000 0.08462200
v 0.00234500 0.01850200 0.08462200
v 0.00225000 0.01813600 0.08434300
v 0.00227200 0.01830300 0.08434300
v 0.00229900 0.01850800 0.08434300
v 0.00127500 0.01843400 0.08337000
v 0.00101800 0.01846800 0.08339900
v 0.00153300 0.01840000 0.08339900
v 0.00177300 0.01836900 0.08348700
v 0.00077700 0.01850000 0.08348700
v 0.00198000 0.01834100 0.08362600
v 0.00057100 0.01852700 0.08362600
v 0.00213800 0.01832100 0.08380700
v 0.00041300 0.01854800 0.08380700
v 0.00223800 0.01830700 0.08401800
v 0.00031300 0.01856100 0.08401800
v 0.00227200 0.01830300 0.08424400
v 0.00027900 0.01856500 0.08424400
v 0.00027900 0.01856500 0.08598600
v 0.00227200 0.01830300 0.08598600
v 0.00223800 0.01830700 0.08621200
v 0.00031300 0.01856100 0.08621200
v 0.00213800 0.01832100 0.08642400
v 0.00041300 0.01854800 0.08642400
v 0.00198000 0.01834100 0.08660500
v 0.00057100 0.01852700 0.08660500
v 0.00177300 0.01836900 0.08674400
v 0.00077700 0.01850000 0.08674400
v 0.00153300 0.01840000 0.08683100
v 0.00101800 0.01846800 0.08683100
v 0.00127500 0.01843400 0.08686100
v 0.00225000 0.01813600 0.08598600
v 0.00220200 0.01803800 0.08621200
v 0.00210300 0.01805100 0.08642400
v 0.00194400 0.01807200 0.08660500
v 0.00173800 0.01809900 0.08674400
v 0.00149800 0.01813100 0.08683100
v 0.00124000 0.01816500 0.08686100
v 0.00098200 0.01819900 0.08683100
v 0.00074200 0.01823000 0.08674400
v 0.00053600 0.01825700 0.08660500
v 0.00037700 0.01827800 0.08642400
v 0.00027800 0.01829100 0.08621200
v 0.00024400 0.01829600 0.08598600
v 0.00223600 0.01803400 0.08598600
v 0.00020800 0.01802600 0.08424400
v 0.00020800 0.01802600 0.08598600
v -0.00453500 0.01740200 0.07902200
v -0.00449500 0.01740700 0.08031300
v -0.00437600 0.01742300 0.08001700
v -0.00418800 0.01744800 0.07976200
v -0.00394200 0.01748000 0.07956700
v -0.00365600 0.01751800 0.07944400
v -0.00334900 0.01755800 0.07940300
v -0.00304200 0.01759800 0.07944400
v -0.00275600 0.01763600 0.07956700
v -0.00251100 0.01766800 0.07976200
v -0.00232200 0.01769300 0.08001700
v -0.00220400 0.01770900 0.08031300
v -0.00216300 0.01771400 0.08063000
v -0.00216300 0.01771400 0.08307500
v -0.00453500 0.01740200 0.09320600
v -0.00220600 0.01803500 0.08911800
v -0.00457700 0.01772300 0.08911800
v -0.00216300 0.01771400 0.09320600
v -0.00453500 0.01740200 -0.03426200
v -0.00422200 0.01623200 0.09444300
v 0.00020800 0.01552700 0.09559900
v 0.00395300 0.01367400 0.09667000
v 0.00672900 0.01099300 0.09765100
v 0.00837800 0.00786900 0.09853700
v 0.00887900 0.00470600 0.09932500
v 0.00834400 0.00188000 0.10001200
v 0.00863100 -0.00030000 0.10001200
v 0.00987900 -0.00289200 0.09932500
v 0.01021400 -0.00607700 0.09853700
v 0.00942900 -0.00952100 0.09765100
v 0.00740900 -0.01768500 0.08307500
v 0.00744700 -0.01767000 0.08339300
v 0.00728600 -0.01738600 0.08307500
v 0.00732300 -0.01737100 0.08339300
v 0.00755700 -0.01762400 0.08368900
v 0.00743400 -0.01732500 0.08368900
v 0.00773300 -0.01755100 0.08394300
v 0.00760900 -0.01725200 0.08394300
v 0.00783800 -0.01715700 0.08413700
v 0.00796200 -0.01745600 0.08413700
v 0.00810500 -0.01704700 0.08426000
v 0.00822800 -0.01734600 0.08426000
v 0.00839100 -0.01692900 0.08430200
v 0.00851400 -0.01722700 0.08430200
v 0.00867700 -0.01681000 0.08426000
v 0.00880000 -0.01710900 0.08426000
v 0.00894300 -0.01670000 0.08413700
v 0.00906700 -0.01699900 0.08413700
v 0.00917200 -0.01660500 0.08394300
v 0.00929600 -0.01690400 0.08394300
v 0.00947100 -0.01683100 0.08368900
v 0.00934800 -0.01653200 0.08368900
v 0.00958200 -0.01678500 0.08339300
v 0.00945800 -0.01648600 0.08339300
v 0.00744200 -0.01282900 0.09667000
v 0.00025100 -0.01894800 0.08911800
v 0.00262200 -0.01863600 0.08911800
v 0.00020800 -0.01862700 0.09320600
v 0.00258000 -0.01831500 0.09320600
v 0.00258000 -0.01831500 0.08307500
v 0.00258000 -0.01831500 0.08063000
v 0.00254000 -0.01832000 0.08031300
v 0.00242100 -0.01833600 0.08001700
v 0.00223300 -0.01836100 0.07976200
v 0.00198700 -0.01839300 0.07956700
v 0.00170100 -0.01843100 0.07944400
v 0.00139400 -0.01847100 0.07940300
v 0.00108700 -0.01851100 0.07944400
v 0.00080100 -0.01854900 0.07956700
v 0.00055600 -0.01858100 0.07976200
v 0.00036700 -0.01860600 0.08001700
v 0.00024900 -0.01862200 0.08031300
v 0.00430500 -0.01558900 0.09559900
v 0.00020800 -0.01862700 -0.03426200
v -0.00217900 -0.01831400 0.09320600
v 0.00020800 -0.01741600 0.09444300
v 0.00945800 0.01588600 0.08742400
v 0.00958200 0.01618500 0.08742400
v 0.00934800 0.01593100 0.08759900
v 0.00947100 0.01623000 0.08759900
v 0.00917200 0.01600400 0.08774800
v 0.00929600 0.01630300 0.08774800
v 0.00894300 0.01609900 0.08786300
v 0.00906700 0.01639800 0.08786300
v 0.00867700 0.01620900 0.08793600
v 0.00880000 0.01650800 0.08793600
v 0.00839100 0.01632800 0.08796000
v 0.00851400 0.01662700 0.08796000
v 0.00810500 0.01644600 0.08793600
v 0.00822800 0.01674500 0.08793600
v 0.00783800 0.01655600 0.08786300
v 0.00796200 0.01685500 0.08786300
v 0.00760900 0.01665100 0.08774800
v 0.00773300 0.01695000 0.08774800
v 0.00743400 0.01672400 0.08759900
v 0.00755700 0.01702300 0.08759900
v 0.00732300 0.01677000 0.08742400
v 0.00744700 0.01706900 0.08742400
v 0.00224700 0.01775800 0.08192700
v 0.00220100 0.01776400 0.08220500
v 0.00234500 0.01850200 0.08192700
v 0.00229900 0.01850800 0.08220500
v 0.00238500 0.01774000 0.08166900
v 0.00248300 0.01848400 0.08166900
v 0.00260300 0.01771100 0.08144600
v 0.00270100 0.01845500 0.08144600
v 0.00288800 0.01767400 0.08127500
v 0.00298600 0.01841800 0.08127500
v 0.00322000 0.01763000 0.08116800
v 0.00331800 0.01837400 0.08116800
v 0.00357600 0.01758300 0.08113100
v 0.00367400 0.01832700 0.08113100
v 0.00393200 0.01753600 0.08116800
v 0.00403000 0.01828000 0.08116800
v 0.00426400 0.01749200 0.08127500
v 0.00436200 0.01823700 0.08127500
v 0.00454900 0.01745500 0.08144600
v 0.00464700 0.01819900 0.08144600
v 0.00476700 0.01742600 0.08166900
v 0.00486500 0.01817000 0.08166900
v 0.00490500 0.01740800 0.08192700
v 0.00500300 0.01815200 0.08192700
v 0.00024200 0.01802200 0.08401800
v 0.00034200 0.01800900 0.08380700
v 0.00050000 0.01798800 0.08362600
v 0.00070600 0.01796100 0.08348700
v 0.00094700 0.01792900 0.08339900
v 0.00120400 0.01789500 0.08337000
v 0.00146200 0.01786100 0.08339900
v 0.00170200 0.01783000 0.08348700
v 0.00190900 0.01780200 0.08362600
v 0.00206700 0.01778200 0.08380700
v 0.00216700 0.01776800 0.08401800
v 0.00220100 0.01776400 0.08424400
v 0.00495200 0.01740200 0.08220500
v 0.00505000 0.01814600 0.08220500
v 0.00505000 0.01814600 0.08434300
v 0.00500100 0.01777400 0.08434300
v 0.00728600 0.01678500 0.08723800
v 0.00740900 0.01708400 0.08723800
v 0.00500100 0.01777400 0.08963000
v 0.00225000 0.01813600 0.08963000
v 0.00220100 0.01776400 0.08434300
v 0.00220100 0.01776400 0.08598600
v 0.00220100 0.01776400 0.09320600
v 0.00223600 0.01803400 0.09029200
v 0.00024400 0.01829600 0.09029200
v 0.00020800 0.01802600 0.09320600
v 0.00020800 0.01802600 -0.03426200
v 0.00020800 0.01681500 0.09444300
v 0.00430500 0.01498800 0.09559900
v 0.00744200 0.01222900 0.09667000
v 0.00942900 0.00892100 0.09765100
v 0.01021400 0.00547600 0.09853700
v 0.00987900 0.00229100 0.09932500
v 0.01022000 -0.00030000 0.09932500
v 0.01136800 -0.00329100 0.09853700
v 0.01150200 -0.00682100 0.09765100
v 0.00976600 -0.01668500 0.08814100
v 0.00979800 -0.01666100 0.08829900
v 0.00956900 -0.01642900 0.08814100
v 0.00960100 -0.01640400 0.08829900
v 0.00969600 -0.01633100 0.08844700
v 0.00989300 -0.01658800 0.08844700
v 0.00984700 -0.01621500 0.08857400
v 0.01004400 -0.01647200 0.08857400
v 0.01004300 -0.01606500 0.08867200
v 0.01024000 -0.01632100 0.08867200
v 0.01027200 -0.01588900 0.08873300
v 0.01046900 -0.01614600 0.08873300
v 0.01051800 -0.01570000 0.08875400
v 0.01071500 -0.01595700 0.08875400
v 0.01076300 -0.01551200 0.08873300
v 0.01096000 -0.01576900 0.08873300
v 0.01099200 -0.01533600 0.08867200
v 0.01118900 -0.01559300 0.08867200
v 0.01118900 -0.01518600 0.08857400
v 0.01138600 -0.01544200 0.08857400
v 0.01133900 -0.01507000 0.08844700
v 0.01153600 -0.01532700 0.08844700
v 0.01143400 -0.01499700 0.08829900
v 0.01163100 -0.01525400 0.08829900
v 0.00961900 -0.01677000 0.08307500
v 0.00949600 -0.01647100 0.08307500
v 0.00851400 -0.01722700 0.07940300
v 0.00880000 -0.01710900 0.07944400
v 0.00822800 -0.01734600 0.07944400
v 0.00796200 -0.01745600 0.07956700
v 0.00906700 -0.01699900 0.07956700
v 0.00773300 -0.01755100 0.07976200
v 0.00929600 -0.01690400 0.07976200
v 0.00755700 -0.01762400 0.08001700
v 0.00947100 -0.01683100 0.08001700
v 0.00744700 -0.01767000 0.08031300
v 0.00958200 -0.01678500 0.08031300
v 0.00740900 -0.01768500 0.08063000
v 0.00961900 -0.01677000 0.08063000
v 0.01166400 -0.01522900 0.08814100
v 0.01146600 -0.01497200 0.08814100
v 0.01071500 -0.01595700 0.08630500
v 0.01096000 -0.01576900 0.08632500
v 0.01046900 -0.01614600 0.08632500
v 0.01024000 -0.01632100 0.08638600
v 0.01118900 -0.01559300 0.08638600
v 0.01004400 -0.01647200 0.08648400
v 0.01138600 -0.01544200 0.08648400
v 0.00989300 -0.01658800 0.08661100
v 0.01153600 -0.01532700 0.08661100
v 0.00979800 -0.01666100 0.08675900
v 0.01163100 -0.01525400 0.08675900
v 0.00976600 -0.01668500 0.08691800
v 0.01166400 -0.01522900 0.08691800
v 0.01043800 -0.01053000 0.09667000
v 0.00933400 -0.01618800 0.08031300
v 0.00937200 -0.01617200 0.08063000
v 0.00922400 -0.01623300 0.08001700
v 0.00904800 -0.01630600 0.07976200
v 0.00881900 -0.01640100 0.07956700
v 0.00855300 -0.01651100 0.07944400
v 0.00826700 -0.01663000 0.07940300
v 0.00798100 -0.01674800 0.07944400
v 0.00771400 -0.01685800 0.07956700
v 0.00748500 -0.01695300 0.07976200
v 0.00731000 -0.01702600 0.08001700
v 0.00719900 -0.01707200 0.08031300
v 0.00716200 -0.01708700 0.08063000
v 0.00716200 -0.01708700 0.08307500
v 0.00937200 -0.01617200 0.08691800
v 0.00937200 -0.01617200 0.08814100
v 0.00728600 -0.01738600 0.08911800
v 0.00949600 -0.01647100 0.08911800
v 0.00716200 -0.01708700 0.09320600
v 0.00812200 -0.01400800 0.09559900
v 0.00495200 -0.01800300 -0.03426200
v 0.00495200 -0.01800300 0.09320600
v 0.00463800 -0.01683300 0.09444300
v 0.00851400 0.01662700 0.08507400
v 0.00822800 0.01674500 0.08509800
v 0.00880000 0.01650800 0.08509800
v 0.00906700 0.01639800 0.08517100
v 0.00796200 0.01685500 0.08517100
v 0.00929600 0.01630300 0.08528600
v 0.00773300 0.01695000 0.08528600
v 0.00947100 0.01623000 0.08543600
v 0.00755700 0.01702300 0.08543600
v 0.00958200 0.01618500 0.08561000
v 0.00744700 0.01706900 0.08561000
v 0.00961900 0.01616900 0.08579700
v 0.00740900 0.01708400 0.08579700
v 0.00961900 0.01616900 0.08723800
v 0.00949600 0.01587000 0.08723800
v 0.00949600 0.01587000 0.09079800
v 0.00728600 0.01678500 0.09079800
v 0.00495200 0.01740200 -0.03426200
v 0.00495200 0.01740200 0.08434300
v 0.00495200 0.01740200 0.09320600
v 0.00716200 0.01648600 0.08723800
v 0.00716200 0.01648600 0.09320600
v 0.00716200 0.01648600 0.08579700
v 0.00719900 0.01647100 0.08561000
v 0.00731000 0.01642500 0.08543600
v 0.00748500 0.01635200 0.08528600
v 0.00771400 0.01625800 0.08517100
v 0.00798100 0.01614700 0.08509800
v 0.00826700 0.01602900 0.08507400
v 0.00855300 0.01591000 0.08509800
v 0.00881900 0.01580000 0.08517100
v 0.00904800 0.01570500 0.08528600
v 0.00922400 0.01563200 0.08543600
v 0.00933400 0.01558700 0.08561000
v 0.00937200 0.01557100 0.08579700
v 0.00463800 0.01623200 0.09444300
v 0.00812200 0.01340700 0.09559900
v 0.01043800 0.00992900 0.09667000
v 0.01150200 0.00622000 0.09765100
v 0.01136800 0.00269000 0.09853700
v 0.01176200 -0.00030000 0.09853700
v 0.01280400 -0.00367600 0.09765100
v 0.01342400 -0.01345600 0.08723800
v 0.01368100 -0.01365300 0.08723800
v 0.01344900 -0.01342400 0.08742400
v 0.01370600 -0.01362100 0.08742400
v 0.01352200 -0.01332900 0.08759900
v 0.01377800 -0.01352600 0.08759900
v 0.01363700 -0.01317800 0.08774800
v 0.01389400 -0.01337500 0.08774800
v 0.01378800 -0.01298200 0.08786300
v 0.01404500 -0.01317900 0.08786300
v 0.01396400 -0.01275300 0.08793600
v 0.01422000 -0.01295000 0.08793600
v 0.01415200 -0.01250800 0.08796000
v 0.01440900 -0.01270500 0.08796000
v 0.01434100 -0.01226200 0.08793600
v 0.01459700 -0.01245900 0.08793600
v 0.01451600 -0.01203300 0.08786300
v 0.01477300 -0.01223000 0.08786300
v 0.01466700 -0.01183700 0.08774800
v 0.01492400 -0.01203300 0.08774800
v 0.01478300 -0.01168600 0.08759900
v 0.01503900 -0.01188300 0.08759900
v 0.01511200 -0.01178800 0.08742400
v 0.01485500 -0.01159100 0.08742400
v 0.01513700 -0.01175600 0.08723800
v 0.01488000 -0.01155900 0.08723800
v 0.01368100 -0.01365300 0.08579700
v 0.01370600 -0.01362100 0.08561000
v 0.01377800 -0.01352600 0.08543600
v 0.01389400 -0.01337500 0.08528600
v 0.01404500 -0.01317900 0.08517100
v 0.01422000 -0.01295000 0.08509800
v 0.01440900 -0.01270500 0.08507400
v 0.01459700 -0.01245900 0.08509800
v 0.01477300 -0.01223000 0.08517100
v 0.01492400 -0.01203300 0.08528600
v 0.01503900 -0.01188300 0.08543600
v 0.01511200 -0.01178800 0.08561000
v 0.01513700 -0.01175600 0.08579700
v 0.01273700 -0.00753400 0.09667000
v 0.00956900 -0.01642900 0.09116200
v 0.01146600 -0.01497200 0.09116200
v 0.00937200 -0.01617200 0.09320600
v 0.00937200 -0.01617200 0.08307500
v 0.01316700 -0.01325900 0.08579700
v 0.01316700 -0.01325900 0.08723800
v 0.01127000 -0.01471600 0.09320600
v 0.01127000 -0.01471600 0.08814100
v 0.01127000 -0.01471600 0.08691800
v 0.01123700 -0.01474000 0.08675900
v 0.01114200 -0.01481300 0.08661100
v 0.01099200 -0.01492900 0.08648400
v 0.01079500 -0.01508000 0.08638600
v 0.01056600 -0.01525500 0.08632500
v 0.01032100 -0.01544400 0.08630500
v 0.01007500 -0.01563200 0.08632500
v 0.00984600 -0.01580800 0.08638600
v 0.00965000 -0.01595900 0.08648400
v 0.00949900 -0.01607400 0.08661100
v 0.00940400 -0.01614700 0.08675900
v 0.01140000 -0.01149200 0.09559900
v 0.00937200 -0.01617200 -0.03426200
v 0.00876600 -0.01512300 0.09444300
v 0.01482200 0.01139500 0.08598600
v 0.01482200 0.01139500 0.08424400
v 0.01480100 0.01142200 0.08621200
v 0.01480100 0.01142200 0.08401800
v 0.01474000 0.01150200 0.08642400
v 0.01474000 0.01150200 0.08380700
v 0.01464300 0.01162900 0.08660500
v 0.01464300 0.01162900 0.08362600
v 0.01451600 0.01179400 0.08674400
v 0.01451600 0.01179400 0.08348700
v 0.01436900 0.01198600 0.08683100
v 0.01436900 0.01198600 0.08339900
v 0.01421000 0.01219200 0.08686100
v 0.01421000 0.01219200 0.08337000
v 0.01405200 0.01239900 0.08683100
v 0.01405200 0.01239900 0.08339900
v 0.01390400 0.01259100 0.08674400
v 0.01390400 0.01259100 0.08348700
v 0.01377800 0.01275600 0.08660500
v 0.01377800 0.01275600 0.08362600
v 0.01368100 0.01288300 0.08642400
v 0.01368100 0.01288300 0.08380700
v 0.01361900 0.01296200 0.08621200
v 0.01361900 0.01296200 0.08401800
v 0.01359900 0.01299000 0.08598600
v 0.01359900 0.01299000 0.08424400
v 0.01634900 0.00912900 0.07878400
v 0.01664700 0.00935700 0.07878400
v 0.01626400 0.00923900 0.07921800
v 0.01656200 0.00946700 0.07921800
v 0.01613000 0.00941400 0.07959200
v 0.01642800 0.00964200 0.07959200
v 0.01595500 0.00964200 0.07987900
v 0.01625300 0.00987000 0.07987900
v 0.01575200 0.00990700 0.08005900
v 0.01604900 0.01013600 0.08005900
v 0.01553300 0.01019200 0.08012000
v 0.01583100 0.01042100 0.08012000
v 0.01531400 0.01047700 0.08005900
v 0.01561200 0.01070600 0.08005900
v 0.01511100 0.01074300 0.07987900
v 0.01540800 0.01097100 0.07987900
v 0.01493600 0.01097100 0.07959200
v 0.01523400 0.01119900 0.07959200
v 0.01509900 0.01137400 0.07921800
v 0.01480200 0.01114500 0.07921800
v 0.01501500 0.01148400 0.07878400
v 0.01471700 0.01125500 0.07878400
v 0.01498600 0.01152100 0.07831700
v 0.01468800 0.01129300 0.07831700
v 0.01468800 0.01129300 0.08424400
v 0.01468800 0.01129300 0.08598600
v 0.01460600 0.01123000 0.08598600
v 0.01458500 0.01125700 0.08621200
v 0.01452400 0.01133700 0.08642400
v 0.01442700 0.01146300 0.08660500
v 0.01430000 0.01162800 0.08674400
v 0.01415300 0.01182100 0.08683100
v 0.01399500 0.01202700 0.08686100
v 0.01383600 0.01223300 0.08683100
v 0.01368900 0.01242500 0.08674400
v 0.01356200 0.01259100 0.08660500
v 0.01346500 0.01271700 0.08642400
v 0.01340400 0.01279700 0.08621200
v 0.01338300 0.01282400 0.08598600
v 0.01316700 0.01265900 0.08424400
v 0.01316700 0.01265900 0.08598600
v 0.00937200 0.01557100 0.08723800
v 0.00937200 0.01557100 0.09320600
v 0.00937200 0.01557100 -0.03426200
v 0.00876600 0.01452200 0.09444300
v 0.01140000 0.01089100 0.09559900
v 0.01273700 0.00693300 0.09667000
v 0.01280400 0.00307500 0.09765100
v 0.01677300 -0.00975100 0.08434300
v 0.01677300 -0.00975100 0.08220500
v 0.01679100 -0.00970700 0.08462200
v 0.01679100 -0.00970700 0.08192700
v 0.01684500 -0.00957900 0.08488100
v 0.01684500 -0.00957900 0.08166900
v 0.01692900 -0.00937600 0.08510200
v 0.01692900 -0.00937600 0.08144600
v 0.01703900 -0.00911000 0.08527300
v 0.01703900 -0.00911000 0.08127500
v 0.01716700 -0.00880100 0.08538100
v 0.01716700 -0.00880100 0.08116800
v 0.01730400 -0.00846900 0.08541700
v 0.01730400 -0.00846900 0.08113100
v 0.01744200 -0.00813800 0.08538100
v 0.01744200 -0.00813800 0.08116800
v 0.01757000 -0.00782800 0.08527300
v 0.01757000 -0.00782800 0.08127500
v 0.01768000 -0.00756300 0.08510200
v 0.01768000 -0.00756300 0.08144600
v 0.01776400 -0.00735900 0.08488100
v 0.01776400 -0.00735900 0.08166900
v 0.01781700 -0.00723100 0.08462200
v 0.01781700 -0.00723100 0.08192700
v 0.01783500 -0.00718700 0.08434300
v 0.01783500 -0.00718700 0.08220500
v 0.01324900 -0.00030000 0.09765100
v 0.01642700 -0.00960700 0.08434300
v 0.01644500 -0.00956400 0.08462200
v 0.01649800 -0.00943600 0.08488100
v 0.01658200 -0.00923200 0.08510200
v 0.01669200 -0.00896700 0.08527300
v 0.01682000 -0.00865700 0.08538100
v 0.01695700 -0.00832600 0.08541700
v 0.01709500 -0.00799400 0.08538100
v 0.01722300 -0.00768500 0.08527300
v 0.01733300 -0.00741900 0.08510200
v 0.01741700 -0.00721600 0.08488100
v 0.01747000 -0.00708800 0.08462200
v 0.01764400 -0.00710800 0.08434300
v 0.01748900 -0.00704400 0.08434300
v 0.01748900 -0.00704400 0.08598600
v 0.01764400 -0.00710800 0.08598600
v 0.01740600 -0.00697300 0.08621200
v 0.01765700 -0.00707700 0.08621200
v 0.01744400 -0.00688000 0.08642400
v 0.01769500 -0.00698400 0.08642400
v 0.01750500 -0.00673200 0.08660500
v 0.01775700 -0.00683600 0.08660500
v 0.01758500 -0.00654000 0.08674400
v 0.01783600 -0.00664400 0.08674400
v 0.01767800 -0.00631600 0.08683100
v 0.01792900 -0.00642000 0.08683100
v 0.01777700 -0.00607600 0.08686100
v 0.01802800 -0.00618000 0.08686100
v 0.01787700 -0.00583600 0.08683100
v 0.01812800 -0.00594000 0.08683100
v 0.01796900 -0.00561200 0.08674400
v 0.01822100 -0.00571600 0.08674400
v 0.01804900 -0.00542000 0.08660500
v 0.01830000 -0.00552400 0.08660500
v 0.01836100 -0.00537600 0.08642400
v 0.01811000 -0.00527200 0.08642400
v 0.01840000 -0.00528300 0.08621200
v 0.01814900 -0.00517900 0.08621200
v 0.01739300 -0.00700400 0.08598600
v 0.01418300 -0.00404500 0.09667000
v 0.01342400 -0.01345600 0.09079800
v 0.01488000 -0.01155900 0.09079800
v 0.01316700 -0.01325900 0.09320600
v 0.01608000 -0.00946400 0.08220500
v 0.01608000 -0.00946400 0.08434300
v 0.01462400 -0.01136200 0.08723800
v 0.01462400 -0.01136200 0.09320600
v 0.01462400 -0.01136200 0.08579700
v 0.01459900 -0.01139400 0.08561000
v 0.01452600 -0.01148900 0.08543600
v 0.01441000 -0.01164000 0.08528600
v 0.01426000 -0.01183600 0.08517100
v 0.01408400 -0.01206500 0.08509800
v 0.01389500 -0.01231000 0.08507400
v 0.01370700 -0.01255600 0.08509800
v 0.01353100 -0.01278500 0.08517100
v 0.01338100 -0.01298200 0.08528600
v 0.01326500 -0.01313200 0.08543600
v 0.01319200 -0.01322700 0.08561000
v 0.01391500 -0.00821400 0.09559900
v 0.01316700 -0.01325900 -0.03426200
v 0.01231100 -0.01240300 0.09444300
v 0.01823900 0.00463000 0.08462200
v 0.01858600 0.00477400 0.08462200
v 0.01818600 0.00475800 0.08488100
v 0.01853300 0.00490200 0.08488100
v 0.01810200 0.00496200 0.08510200
v 0.01844900 0.00510600 0.08510200
v 0.01799200 0.00522700 0.08527300
v 0.01833900 0.00537100 0.08527300
v 0.01786400 0.00553700 0.08538100
v 0.01821100 0.00568000 0.08538100
v 0.01772600 0.00586800 0.08541700
v 0.01807300 0.00601200 0.08541700
v 0.01758900 0.00620000 0.08538100
v 0.01793600 0.00634400 0.08538100
v 0.01746100 0.00650900 0.08527300
v 0.01780800 0.00665300 0.08527300
v 0.01735100 0.00677500 0.08510200
v 0.01769800 0.00691800 0.08510200
v 0.01726700 0.00697800 0.08488100
v 0.01761300 0.00712200 0.08488100
v 0.01756000 0.00725000 0.08462200
v 0.01721400 0.00710600 0.08462200
v 0.01498600 0.01152100 0.07472400
v 0.01439100 0.01106400 0.07472400
v 0.01439100 0.01106400 0.07831700
v 0.01501500 0.01148400 0.07425700
v 0.01441900 0.01102700 0.07425700
v 0.01509900 0.01137400 0.07382200
v 0.01450400 0.01091700 0.07382200
v 0.01523400 0.01119900 0.07345000
v 0.01463800 0.01074200 0.07345000
v 0.01481300 0.01051400 0.07316300
v 0.01540800 0.01097100 0.07316300
v 0.01501700 0.01024900 0.07298300
v 0.01561200 0.01070600 0.07298300
v 0.01523500 0.00996400 0.07292000
v 0.01583100 0.01042100 0.07292000
v 0.01545400 0.00967900 0.07298300
v 0.01604900 0.01013600 0.07298300
v 0.01565700 0.00941300 0.07316300
v 0.01625300 0.00987000 0.07316300
v 0.01583200 0.00918500 0.07345000
v 0.01642800 0.00964200 0.07345000
v 0.01596700 0.00901000 0.07382200
v 0.01656200 0.00946700 0.07382200
v 0.01605100 0.00890000 0.07425700
v 0.01664700 0.00935700 0.07425700
v 0.01318800 0.01263100 0.08401800
v 0.01324900 0.01255200 0.08380700
v 0.01334700 0.01242500 0.08362600
v 0.01347300 0.01226000 0.08348700
v 0.01362100 0.01206800 0.08339900
v 0.01377900 0.01186100 0.08337000
v 0.01393700 0.01165500 0.08339900
v 0.01408500 0.01146300 0.08348700
v 0.01421100 0.01129800 0.08362600
v 0.01430900 0.01117100 0.08380700
v 0.01437000 0.01109100 0.08401800
v 0.01439100 0.01106400 0.08424400
v 0.01608000 0.00886300 0.07472400
v 0.01667500 0.00932000 0.07472400
v 0.01667500 0.00932000 0.07831700
v 0.01637800 0.00909100 0.07831700
v 0.01754200 0.00729400 0.08434300
v 0.01719600 0.00715000 0.08434300
v 0.01439100 0.01106400 0.08598600
v 0.01439100 0.01106400 0.09320600
v 0.01460600 0.01123000 0.08885500
v 0.01637800 0.00909100 0.08719800
v 0.01468800 0.01129300 0.08719800
v 0.01460600 0.01123000 0.09029200
v 0.01338300 0.01282400 0.09029200
v 0.01316700 0.01265900 0.09320600
v 0.01316700 0.01265900 -0.03426200
v 0.01231100 0.01180200 0.09444300
v 0.01391500 0.00761300 0.09559900
v 0.01418300 0.00344400 0.09667000
v 0.01841300 -0.00525200 0.08598600
v 0.01816200 -0.00514800 0.08598600
v 0.01764400 -0.00710800 0.08424400
v 0.01765700 -0.00707700 0.08401800
v 0.01769500 -0.00698400 0.08380700
v 0.01775700 -0.00683600 0.08362600
v 0.01783600 -0.00664400 0.08348700
v 0.01792900 -0.00642000 0.08339900
v 0.01802800 -0.00618000 0.08337000
v 0.01812800 -0.00594000 0.08339900
v 0.01822100 -0.00571600 0.08348700
v 0.01830000 -0.00552400 0.08362600
v 0.01836100 -0.00537600 0.08380700
v 0.01840000 -0.00528300 0.08401800
v 0.01841300 -0.00525200 0.08424400
v 0.01712400 -0.00694400 0.08192700
v 0.01714200 -0.00690000 0.08220500
v 0.01707100 -0.00707200 0.08166900
v 0.01698600 -0.00727600 0.08144600
v 0.01687600 -0.00754100 0.08127500
v 0.01674800 -0.00785000 0.08116800
v 0.01661100 -0.00818200 0.08113100
v 0.01647300 -0.00851400 0.08116800
v 0.01634500 -0.00882300 0.08127500
v 0.01623500 -0.00908800 0.08144600
v 0.01615100 -0.00929200 0.08166900
v 0.01609800 -0.00942000 0.08192700
v 0.01789800 -0.00507500 0.08401800
v 0.01791100 -0.00504400 0.08424400
v 0.01785900 -0.00516800 0.08380700
v 0.01779800 -0.00531600 0.08362600
v 0.01771800 -0.00550800 0.08348700
v 0.01762600 -0.00573200 0.08339900
v 0.01752600 -0.00597200 0.08337000
v 0.01742700 -0.00621200 0.08339900
v 0.01733400 -0.00643600 0.08348700
v 0.01725400 -0.00662800 0.08362600
v 0.01719300 -0.00677600 0.08380700
v 0.01715500 -0.00686900 0.08401800
v 0.01714200 -0.00690000 0.08424400
v 0.01854400 -0.00271400 0.08814100
v 0.01886500 -0.00275700 0.08814100
v 0.01854900 -0.00267400 0.08829900
v 0.01887000 -0.00271600 0.08829900
v 0.01856500 -0.00255500 0.08844700
v 0.01888500 -0.00259800 0.08844700
v 0.01858900 -0.00236700 0.08857400
v 0.01891000 -0.00240900 0.08857400
v 0.01862200 -0.00212100 0.08867200
v 0.01894300 -0.00216400 0.08867200
v 0.01865900 -0.00183500 0.08873300
v 0.01898000 -0.00187800 0.08873300
v 0.01870000 -0.00152900 0.08875400
v 0.01902100 -0.00157100 0.08875400
v 0.01874000 -0.00122200 0.08873300
v 0.01906100 -0.00126400 0.08873300
v 0.01877800 -0.00093600 0.08867200
v 0.01909900 -0.00097800 0.08867200
v 0.01881000 -0.00069000 0.08857400
v 0.01913100 -0.00073200 0.08857400
v 0.01883500 -0.00050200 0.08844700
v 0.01915600 -0.00054400 0.08844700
v 0.01917100 -0.00042500 0.08829900
v 0.01885100 -0.00038300 0.08829900
v 0.01467600 -0.00030000 0.09667000
v 0.01714200 -0.00690000 0.08434300
v 0.01714200 -0.00690000 0.08598600
v 0.01642700 -0.00960700 0.08963000
v 0.01748900 -0.00704400 0.08963000
v 0.01608000 -0.00946400 0.09320600
v 0.01739300 -0.00700400 0.09029200
v 0.01714200 -0.00690000 0.09320600
v 0.01816200 -0.00514800 0.09029200
v 0.01549700 -0.00439700 0.09559900
v 0.01608000 -0.00946400 -0.03426200
v 0.01503100 -0.00885800 0.09444300
v 0.01917700 -0.00038500 0.08814100
v 0.01885600 -0.00034300 0.08814100
v 0.01886500 -0.00275700 0.08691800
v 0.01887000 -0.00271600 0.08675900
v 0.01888500 -0.00259800 0.08661100
v 0.01891000 -0.00240900 0.08648400
v 0.01894300 -0.00216400 0.08638600
v 0.01898000 -0.00187800 0.08632500
v 0.01902100 -0.00157100 0.08630500
v 0.01906100 -0.00126400 0.08632500
v 0.01909900 -0.00097800 0.08638600
v 0.01913100 -0.00073200 0.08648400
v 0.01915600 -0.00054400 0.08661100
v 0.01917100 -0.00042500 0.08675900
v 0.01917700 -0.00038500 0.08691800
v 0.01860400 0.00473000 0.08434300
v 0.01860400 0.00473000 0.08220500
v 0.01858600 0.00477400 0.08192700
v 0.01853300 0.00490200 0.08166900
v 0.01844900 0.00510600 0.08144600
v 0.01833900 0.00537100 0.08127500
v 0.01821100 0.00568000 0.08116800
v 0.01807300 0.00601200 0.08113100
v 0.01793600 0.00634400 0.08116800
v 0.01780800 0.00665300 0.08127500
v 0.01769800 0.00691800 0.08144600
v 0.01761300 0.00712200 0.08166900
v 0.01756000 0.00725000 0.08192700
v 0.01754200 0.00729400 0.08220500
v 0.01825700 0.00458700 0.08434300
v 0.01886500 0.00215600 0.08723800
v 0.01886500 0.00215600 0.08579700
v 0.01885900 0.00219600 0.08742400
v 0.01885900 0.00219600 0.08561000
v 0.01884400 0.00231500 0.08759900
v 0.01884400 0.00231500 0.08543600
v 0.01881900 0.00250300 0.08774800
v 0.01881900 0.00250300 0.08528600
v 0.01878600 0.00274900 0.08786300
v 0.01878600 0.00274900 0.08517100
v 0.01874900 0.00303500 0.08793600
v 0.01874900 0.00303500 0.08509800
v 0.01870800 0.00334200 0.08796000
v 0.01870800 0.00334200 0.08507400
v 0.01866800 0.00364800 0.08793600
v 0.01866800 0.00364800 0.08509800
v 0.01863000 0.00393400 0.08786300
v 0.01863000 0.00393400 0.08517100
v 0.01859800 0.00418000 0.08774800
v 0.01859800 0.00418000 0.08528600
v 0.01857300 0.00436800 0.08759900
v 0.01857300 0.00436800 0.08543600
v 0.01855800 0.00448700 0.08742400
v 0.01855800 0.00448700 0.08561000
v 0.01855200 0.00452700 0.08723800
v 0.01855200 0.00452700 0.08579700
v 0.01854400 0.00211300 0.08723800
v 0.01853800 0.00215400 0.08742400
v 0.01852300 0.00227200 0.08759900
v 0.01849800 0.00246100 0.08774800
v 0.01846600 0.00270600 0.08786300
v 0.01842800 0.00299200 0.08793600
v 0.01838800 0.00329900 0.08796000
v 0.01834700 0.00360600 0.08793600
v 0.01830900 0.00389200 0.08786300
v 0.01827700 0.00413800 0.08774800
v 0.01825200 0.00432600 0.08759900
v 0.01823700 0.00444500 0.08742400
v 0.01823100 0.00448500 0.08723800
v 0.01791100 0.00444300 0.08579700
v 0.01791100 0.00444300 0.08723800
v 0.01825700 0.00458700 0.08963000
v 0.01719600 0.00715000 0.08963000
v 0.01608000 0.00886300 -0.03426200
v 0.01608000 0.00886300 0.07831700
v 0.01608000 0.00886300 0.09320600
v 0.01684900 0.00700600 0.08434300
v 0.01684900 0.00700600 0.09320600
v 0.01684900 0.00700600 0.08220500
v 0.01686700 0.00696300 0.08192700
v 0.01692000 0.00683500 0.08166900
v 0.01700400 0.00663100 0.08144600
v 0.01711400 0.00636600 0.08127500
v 0.01724200 0.00605600 0.08116800
v 0.01738000 0.00572500 0.08113100
v 0.01751700 0.00539300 0.08116800
v 0.01764500 0.00508400 0.08127500
v 0.01775500 0.00481800 0.08144600
v 0.01783900 0.00461500 0.08166900
v 0.01789300 0.00448700 0.08192700
v 0.01791100 0.00444300 0.08220500
v 0.01503100 0.00825700 0.09444300
v 0.01549700 0.00379600 0.09559900
v 0.01791100 -0.00504400 0.08598600
v 0.01791100 -0.00504400 0.09320600
v 0.01791100 -0.00504400 -0.03426200
v 0.01853000 -0.00034100 0.08675900
v 0.01853500 -0.00030000 0.08691800
v 0.01851400 -0.00045900 0.08661100
v 0.01848900 -0.00064800 0.08648400
v 0.01845700 -0.00089300 0.08638600
v 0.01841900 -0.00117900 0.08632500
v 0.01837900 -0.00148600 0.08630500
v 0.01833900 -0.00179300 0.08632500
v 0.01830100 -0.00207900 0.08638600
v 0.01826900 -0.00232500 0.08648400
v 0.01824400 -0.00251300 0.08661100
v 0.01822800 -0.00263200 0.08675900
v 0.01822300 -0.00267200 0.08691800
v 0.01822300 -0.00267200 0.08814100
v 0.01854400 -0.00271400 0.09116200
v 0.01885600 -0.00034300 0.09116200
v 0.01822300 -0.00267200 0.09320600
v 0.01603600 -0.00030000 0.09559900
v 0.01674100 -0.00473000 0.09444300
v 0.01853500 -0.00030000 0.08814100
v 0.01853500 -0.00030000 0.09320600
v 0.01791100 0.00444300 0.08434300
v 0.01791600 0.00440200 0.08561000
v 0.01793100 0.00428400 0.08543600
v 0.01795600 0.00409600 0.08528600
v 0.01798900 0.00385000 0.08517100
v 0.01802600 0.00356400 0.08509800
v 0.01806700 0.00325700 0.08507400
v 0.01810700 0.00295000 0.08509800
v 0.01814500 0.00266400 0.08517100
v 0.01817700 0.00241900 0.08528600
v 0.01820200 0.00223000 0.08543600
v 0.01821800 0.00211200 0.08561000
v 0.01822300 0.00207100 0.08579700
v 0.01822300 0.00207100 0.08723800
v 0.01791100 0.00444300 0.09320600
v 0.01854400 0.00211300 0.09079800
v 0.01823100 0.00448500 0.09079800
v 0.01822300 0.00207100 0.09320600
v 0.01791100 0.00444300 -0.03426200
v 0.01674100 0.00412900 0.09444300
v 0.01853500 -0.00030000 -0.03426200
v 0.01732400 -0.00030000 0.09444300
v -0.00220100 -0.01858500 0.07876600
v -0.00217900 -0.01831400 0.07876600
v -0.00220100 -0.01858500 0.08737900
v -0.00420400 -0.01842000 0.07876600
v -0.00416900 -0.01842300 0.07921800
v -0.00420400 -0.01842000 0.08737900
v -0.00406900 -0.01843100 0.07964100
v -0.00391000 -0.01844400 0.08000300
v -0.00370300 -0.01846100 0.08028100
v -0.00346100 -0.01848100 0.08045600
v -0.00320200 -0.01850200 0.08051500
v -0.00223500 -0.01858200 0.07921800
v -0.00233500 -0.01857400 0.07964100
v -0.00249400 -0.01856100 0.08000300
v -0.00270200 -0.01854300 0.08028100
v -0.00294300 -0.01852400 0.08045600
v -0.00418100 -0.01814900 0.09320600
v -0.00393300 -0.01871500 0.07404500
v -0.00409200 -0.01870200 0.07440700
v -0.00388800 -0.01817300 0.07404500
v -0.00404700 -0.01816000 0.07440700
v -0.00372500 -0.01873200 0.07376700
v -0.00368100 -0.01819000 0.07376700
v -0.00348400 -0.01875200 0.07359200
v -0.00343900 -0.01821000 0.07359200
v -0.00322500 -0.01877300 0.07353300
v -0.00318000 -0.01823100 0.07353300
v -0.00296500 -0.01879500 0.07359200
v -0.00292100 -0.01825300 0.07359200
v -0.00272400 -0.01881400 0.07376700
v -0.00267900 -0.01827300 0.07376700
v -0.00251700 -0.01883100 0.07404500
v -0.00247200 -0.01829000 0.07404500
v -0.00235700 -0.01884400 0.07440700
v -0.00231300 -0.01830300 0.07440700
v -0.00225700 -0.01885300 0.07483000
v -0.00221300 -0.01831100 0.07483000
v -0.00222300 -0.01885600 0.07528200
v -0.00217900 -0.01831400 0.07528200
v -0.00222300 -0.01885600 0.07876600
v -0.00225700 -0.01885300 0.07921800
v -0.00235700 -0.01884400 0.07964100
v -0.00251700 -0.01883100 0.08000300
v -0.00272400 -0.01881400 0.08028100
v -0.00296500 -0.01879500 0.08045600
v -0.00322500 -0.01877300 0.08051500
v -0.00348400 -0.01875200 0.08045600
v -0.00372500 -0.01873200 0.08028100
v -0.00393300 -0.01871500 0.08000300
v -0.00409200 -0.01870200 0.07964100
v -0.00419200 -0.01869400 0.07921800
v -0.00422600 -0.01869100 0.07876600
v -0.00418100 -0.01814900 0.07876600
v -0.00419200 -0.01869400 0.07483000
v -0.00414700 -0.01815200 0.07483000
v -0.00422600 -0.01869100 0.07528200
v -0.00418100 -0.01814900 0.07528200
v 0.03489900 0.01972800 -0.06449000
v 0.03489900 0.01972800 -0.07678700
v 0.02853300 0.02802400 -0.06449000
v 0.02853300 0.02802400 -0.07678700
v 0.02023700 0.03439000 -0.07678700
v 0.02023700 0.03439000 -0.06449000
v 0.01057600 0.03839200 -0.07678700
v 0.01057600 0.03839200 -0.06449000
v 0.00020800 0.03975700 -0.07678700
v 0.00020800 0.03975700 -0.06449000
v -0.01015900 0.03839200 -0.07678700
v -0.01015900 0.03839200 -0.06449000
v -0.01982000 0.03439000 -0.07678700
v -0.01982000 0.03439000 -0.06449000
v -0.02811600 0.02802400 -0.07678700
v -0.02811600 0.02802400 -0.06449000
v -0.03448200 0.01972800 -0.06449000
v -0.03448200 0.01972800 -0.07678700
v -0.03848400 0.01006700 -0.07678700
v -0.03848400 0.01006700 -0.06449000
v -0.03984900 -0.00030000 -0.06449000
v -0.03984900 -0.00030000 -0.07678700
v -0.03848400 -0.01066800 -0.07678700
v -0.03848400 -0.01066800 -0.06449000
v -0.03448200 -0.02032900 -0.07678700
v -0.03448200 -0.02032900 -0.06449000
v -0.02811600 -0.02862500 -0.07678700
v -0.02811600 -0.02862500 -0.06449000
v -0.01982000 -0.03499100 -0.07678700
v -0.01982000 -0.03499100 -0.06449000
v -0.01015900 -0.03899300 -0.07678700
v -0.01015900 -0.03899300 -0.06449000
v 0.00020800 -0.04035800 -0.07678700
v 0.00020800 -0.04035800 -0.06449000
v 0.01057600 -0.03899300 -0.07678700
v 0.01057600 -0.03899300 -0.06449000
v 0.02023700 -0.03499100 -0.07678700
v 0.02023700 -0.03499100 -0.06449000
v 0.02853300 -0.02862500 -0.07678700
v 0.02853300 -0.02862500 -0.06449000
v 0.03489900 -0.02032900 -0.06449000
v 0.03489900 -0.02032900 -0.07678700
v 0.03890100 -0.01066800 -0.06449000
v 0.03890100 -0.01066800 -0.07678700
v 0.03890100 0.01006700 -0.07678700
v 0.04026500 -0.00030000 -0.07678700
v 0.03890100 0.01006700 -0.06449000
v -0.03467100 -0.00030000 -0.06449000
v -0.03348300 0.00872700 -0.06449000
v -0.02999800 0.01713900 -0.06449000
v -0.02445500 0.02436300 -0.06449000
v -0.01723100 0.02990600 -0.06449000
v -0.00881900 0.03339100 -0.06449000
v 0.00020800 0.03457900 -0.06449000
v 0.00923600 0.03339100 -0.06449000
v 0.01764800 0.02990600 -0.06449000
v 0.02487200 0.02436300 -0.06449000
v 0.03041500 0.01713900 -0.06449000
v 0.03389900 0.00872700 -0.06449000
v 0.03508800 -0.00030000 -0.06449000
v 0.04026500 -0.00030000 -0.06449000
v -0.03348300 -0.00932800 -0.06449000
v -0.02999800 -0.01774000 -0.06449000
v -0.02445500 -0.02496400 -0.06449000
v -0.01723100 -0.03050700 -0.06449000
v -0.00881900 -0.03399100 -0.06449000
v 0.00020800 -0.03518000 -0.06449000
v 0.00923600 -0.03399100 -0.06449000
v 0.01764800 -0.03050700 -0.06449000
v 0.02487200 -0.02496400 -0.06449000
v 0.03041500 -0.01774000 -0.06449000
v 0.03389900 -0.00932800 -0.06449000
v -0.02104700 -0.00599600 -0.04267500
v -0.02179700 -0.00030000 -0.04267500
v -0.02097700 -0.00597700 -0.04492400
v -0.02172500 -0.00030000 -0.04492400
v -0.02097700 0.00537600 -0.04492400
v -0.02104700 0.00539500 -0.04267500
v -0.01884800 -0.01130300 -0.04267500
v -0.01878600 -0.01126700 -0.04492400
v -0.02113100 -0.00601800 -0.04716800
v -0.02188400 -0.00030000 -0.04716800
v -0.02113100 0.00541700 -0.04716800
v -0.01878600 0.01066600 -0.04492400
v -0.01884800 0.01070200 -0.04267500
v -0.01535100 -0.01586000 -0.04267500
v -0.01530100 -0.01580900 -0.04492400
v -0.01892400 -0.01134700 -0.04716800
v -0.02150600 -0.00611900 -0.04938400
v -0.02227200 -0.00030000 -0.04938400
v -0.02150600 0.00551800 -0.04938400
v -0.01892400 0.01074600 -0.04716800
v -0.01530100 0.01520900 -0.04492400
v -0.01535100 0.01525900 -0.04267500
v -0.01075800 -0.01929500 -0.04492400
v -0.01079400 -0.01935700 -0.04267500
v -0.01541300 -0.01592200 -0.04716800
v -0.01926000 -0.01154100 -0.04938400
v -0.02209900 -0.00627800 -0.05154900
v -0.02288600 -0.00030000 -0.05154900
v -0.02209900 0.00567700 -0.05154900
v -0.01926000 0.01094000 -0.04938400
v -0.01541300 0.01532100 -0.04716800
v -0.01075800 0.01869400 -0.04492400
v -0.01079400 0.01875600 -0.04267500
v -0.00546800 -0.02148600 -0.04492400
v -0.00548700 -0.02155600 -0.04267500
v -0.01083800 -0.01943300 -0.04716800
v -0.01568800 -0.01619700 -0.04938400
v -0.01979200 -0.01184800 -0.05154900
v -0.02290300 -0.00649300 -0.05363900
v -0.02371800 -0.00030000 -0.05363900
v -0.02290300 0.00589200 -0.05363900
v -0.01979200 0.01124700 -0.05154900
v -0.01568800 0.01559600 -0.04938400
v -0.01083800 0.01883200 -0.04716800
v -0.00546800 0.02088500 -0.04492400
v -0.00548700 0.02095500 -0.04267500
v 0.00020800 -0.02223300 -0.04492400
v 0.00020800 -0.02230500 -0.04267500
v -0.00550900 -0.02164000 -0.04716800
v -0.01103200 -0.01976900 -0.04938400
v -0.01612200 -0.01663000 -0.05154900
v -0.02051300 -0.01226400 -0.05363900
v -0.02391000 -0.00676300 -0.05563200
v -0.02476100 -0.00030000 -0.05563200
v -0.02391000 0.00616200 -0.05563200
v -0.02051300 0.01166300 -0.05363900
v -0.01612200 0.01603000 -0.05154900
v -0.01103200 0.01916800 -0.04938400
v -0.00550900 0.02103900 -0.04716800
v 0.00020800 0.02163300 -0.04492400
v 0.00020800 0.02170500 -0.04267500
v 0.00588500 -0.02148600 -0.04492400
v 0.00590400 -0.02155600 -0.04267500
v 0.00020800 -0.02239200 -0.04716800
v -0.00561000 -0.02201500 -0.04938400
v -0.01133900 -0.02030100 -0.05154900
v -0.01671000 -0.01721900 -0.05363900
v -0.02141600 -0.01278500 -0.05563200
v -0.02510900 -0.00708400 -0.05750900
v -0.02600200 -0.00030000 -0.05750900
v -0.02510900 0.00648300 -0.05750900
v -0.02141600 0.01218400 -0.05563200
v -0.01671000 0.01661800 -0.05363900
v -0.01133900 0.01970000 -0.05154900
v -0.00561000 0.02141400 -0.04938400
v 0.00020800 0.02179200 -0.04716800
v 0.00588500 0.02088500 -0.04492400
v 0.00590400 0.02095500 -0.04267500
v 0.01117500 -0.01929500 -0.04492400
v 0.01121100 -0.01935700 -0.04267500
v 0.00592600 -0.02164000 -0.04716800
v 0.00020800 -0.02278100 -0.04938400
v -0.00576900 -0.02260800 -0.05154900
v -0.01175500 -0.02102200 -0.05363900
v -0.01744700 -0.01795600 -0.05563200
v -0.02249100 -0.01340600 -0.05750900
v -0.02648800 -0.00745400 -0.05924800
v -0.02743000 -0.00030000 -0.05924800
v -0.02648800 0.00685300 -0.05924800
v -0.02249100 0.01280500 -0.05750900
v -0.01744700 0.01735500 -0.05563200
v -0.01175500 0.02042100 -0.05363900
v -0.00576900 0.02200700 -0.05154900
v 0.00020800 0.02218000 -0.04938400
v 0.00592600 0.02103900 -0.04716800
v 0.01117500 0.01869400 -0.04492400
v 0.01121100 0.01875600 -0.04267500
v 0.01571700 -0.01580900 -0.04492400
v 0.01576800 -0.01586000 -0.04267500
v 0.01125400 -0.01943300 -0.04716800
v 0.00602700 -0.02201500 -0.04938400
v 0.00020800 -0.02339500 -0.05154900
v -0.00598400 -0.02341200 -0.05363900
v -0.01227600 -0.02192400 -0.05563200
v -0.01832500 -0.01883400 -0.05750900
v -0.02372700 -0.01411900 -0.05924800
v -0.02902800 -0.00030000 -0.06083100
v -0.02803200 -0.00786700 -0.06083100
v -0.02803200 0.00726600 -0.06083100
v -0.02372700 0.01351900 -0.05924800
v -0.01832500 0.01823300 -0.05750900
v -0.01227600 0.02132300 -0.05563200
v -0.00598400 0.02281100 -0.05363900
v 0.00020800 0.02279400 -0.05154900
v 0.00602700 0.02141400 -0.04938400
v 0.01125400 0.01883200 -0.04716800
v 0.01571700 0.01520900 -0.04492400
v 0.01576800 0.01525900 -0.04267500
v 0.01926500 -0.01130300 -0.04267500
v 0.01920300 -0.01126700 -0.04492400
v 0.01583000 -0.01592200 -0.04716800
v 0.01144900 -0.01976900 -0.04938400
v 0.00618600 -0.02260800 -0.05154900
v 0.00020800 -0.02422700 -0.05363900
v -0.00625400 -0.02441900 -0.05563200
v -0.01289700 -0.02300000 -0.05750900
v -0.01933500 -0.01984300 -0.05924800
v -0.02511100 -0.01491900 -0.06083100
v -0.03078000 -0.00030000 -0.06224200
v -0.02972400 -0.00832100 -0.06224200
v -0.02972400 0.00772000 -0.06224200
v -0.02511100 0.01431800 -0.06083100
v -0.01933500 0.01924300 -0.05924800
v -0.01289700 0.02239900 -0.05750900
v -0.00625400 0.02381800 -0.05563200
v 0.00020800 0.02362600 -0.05363900
v 0.00618600 0.02200700 -0.05154900
v 0.01144900 0.01916800 -0.04938400
v 0.01583000 0.01532100 -0.04716800
v 0.01920300 0.01066600 -0.04492400
v 0.01926500 0.01070200 -0.04267500
v 0.02146300 -0.00599600 -0.04267500
v 0.02139400 -0.00597700 -0.04492400
v 0.01934100 -0.01134700 -0.04716800
v 0.01610400 -0.01619700 -0.04938400
v 0.01175500 -0.02030100 -0.05154900
v 0.00640100 -0.02341200 -0.05363900
v 0.00020800 -0.02527000 -0.05563200
v -0.00657500 -0.02561800 -0.05750900
v -0.01361100 -0.02423600 -0.05924800
v -0.02046500 -0.02097400 -0.06083100
v -0.02662800 -0.01579500 -0.06224200
v -0.03266800 -0.00030000 -0.06346600
v -0.03154800 -0.00880900 -0.06346600
v -0.03154800 0.00820900 -0.06346600
v -0.02662800 0.01519400 -0.06224200
v -0.02046500 0.02037300 -0.06083100
v -0.01361100 0.02363500 -0.05924800
v -0.00657500 0.02501700 -0.05750900
v 0.00020800 0.02466900 -0.05563200
v 0.00640100 0.02281100 -0.05363900
v 0.01175500 0.01970000 -0.05154900
v 0.01610400 0.01559600 -0.04938400
v 0.01934100 0.01074600 -0.04716800
v 0.02139400 0.00537600 -0.04492400
v 0.02146300 0.00539500 -0.04267500
v 0.02221300 -0.00030000 -0.04267500
v 0.02214100 -0.00030000 -0.04492400
v 0.02154800 -0.00601800 -0.04716800
v 0.01967700 -0.01154100 -0.04938400
v 0.01653800 -0.01663000 -0.05154900
v 0.01217200 -0.02102200 -0.05363900
v 0.00667100 -0.02441900 -0.05563200
v 0.00020800 -0.02651100 -0.05750900
v -0.00694500 -0.02699700 -0.05924800
v -0.01441000 -0.02562000 -0.06083100
v -0.02170400 -0.02221300 -0.06224200
v -0.02826300 -0.01673800 -0.06346600
v -0.02826300 0.01613800 -0.06346600
v -0.02170400 0.02161200 -0.06224200
v -0.01441000 0.02501900 -0.06083100
v -0.00694500 0.02639600 -0.05924800
v 0.00020800 0.02591000 -0.05750900
v 0.00667100 0.02381800 -0.05563200
v 0.01217200 0.02042100 -0.05363900
v 0.01653800 0.01603000 -0.05154900
v 0.01967700 0.01094000 -0.04938400
v 0.02154800 0.00541700 -0.04716800
v 0.02230000 -0.00030000 -0.04716800
v 0.02192300 -0.00611900 -0.04938400
v 0.02020900 -0.01184800 -0.05154900
v 0.01712700 -0.01721900 -0.05363900
v 0.01269300 -0.02192400 -0.05563200
v 0.00699200 -0.02561800 -0.05750900
v 0.00020800 -0.02793800 -0.05924800
v -0.00735900 -0.02854000 -0.06083100
v -0.01528600 -0.02713700 -0.06224200
v -0.02303900 -0.02354700 -0.06346600
v -0.02303900 0.02294700 -0.06346600
v -0.01528600 0.02653600 -0.06224200
v -0.00735900 0.02794000 -0.06083100
v 0.00020800 0.02733800 -0.05924800
v 0.00699200 0.02501700 -0.05750900
v 0.01269300 0.02132300 -0.05563200
v 0.01712700 0.01661800 -0.05363900
v 0.02020900 0.01124700 -0.05154900
v 0.02192300 0.00551800 -0.04938400
v 0.02268900 -0.00030000 -0.04938400
v 0.02251600 -0.00627800 -0.05154900
v 0.02092900 -0.01226400 -0.05363900
v 0.01786400 -0.01795600 -0.05563200
v 0.01331400 -0.02300000 -0.05750900
v 0.00736200 -0.02699700 -0.05924800
v 0.00020800 -0.02953700 -0.06083100
v -0.00781200 -0.03023300 -0.06224200
v -0.01623000 -0.02877200 -0.06346600
v -0.01623000 0.02817100 -0.06346600
v -0.00781200 0.02963200 -0.06224200
v 0.00020800 0.02893600 -0.06083100
v 0.00736200 0.02639600 -0.05924800
v 0.01331400 0.02239900 -0.05750900
v 0.01786400 0.01735500 -0.05563200
v 0.02092900 0.01166300 -0.05363900
v 0.02251600 0.00567700 -0.05154900
v 0.02330200 -0.00030000 -0.05154900
v 0.02332000 -0.00649300 -0.05363900
v 0.02183200 -0.01278500 -0.05563200
v 0.01874200 -0.01883400 -0.05750900
v 0.01402700 -0.02423600 -0.05924800
v 0.00777500 -0.02854000 -0.06083100
v 0.00020800 -0.03128900 -0.06224200
v -0.00830100 -0.03205600 -0.06346600
v -0.00830100 0.03145600 -0.06346600
v 0.00020800 0.03068800 -0.06224200
v 0.00777500 0.02794000 -0.06083100
v 0.01402700 0.02363500 -0.05924800
v 0.01874200 0.01823300 -0.05750900
v 0.02183200 0.01218400 -0.05563200
v 0.02332000 0.00589200 -0.05363900
v 0.02413500 -0.00030000 -0.05363900
v 0.02432700 -0.00676300 -0.05563200
v 0.02290700 -0.01340600 -0.05750900
v 0.01975100 -0.01984300 -0.05924800
v 0.01482600 -0.02562000 -0.06083100
v 0.00822900 -0.03023300 -0.06224200
v 0.00020800 -0.03317700 -0.06346600
v 0.00020800 0.03257600 -0.06346600
v 0.00822900 0.02963200 -0.06224200
v 0.01482600 0.02501900 -0.06083100
v 0.01975100 0.01924300 -0.05924800
v 0.02290700 0.01280500 -0.05750900
v 0.02432700 0.00616200 -0.05563200
v 0.02517700 -0.00030000 -0.05563200
v 0.02552600 -0.00708400 -0.05750900
v 0.02414400 -0.01411900 -0.05924800
v 0.02088200 -0.02097400 -0.06083100
v 0.01570300 -0.02713700 -0.06224200
v 0.00871700 -0.03205600 -0.06346600
v 0.00871700 0.03145600 -0.06346600
v 0.01570300 0.02653600 -0.06224200
v 0.02088200 0.02037300 -0.06083100
v 0.02414400 0.01351900 -0.05924800
v 0.02552600 0.00648300 -0.05750900
v 0.02641900 -0.00030000 -0.05750900
v 0.02690500 -0.00745400 -0.05924800
v 0.02552800 -0.01491900 -0.06083100
v 0.02212100 -0.02221300 -0.06224200
v 0.01664600 -0.02877200 -0.06346600
v 0.01664600 0.02817100 -0.06346600
v 0.02212100 0.02161200 -0.06224200
v 0.02552800 0.01431800 -0.06083100
v 0.02690500 0.00685300 -0.05924800
v 0.02784600 -0.00030000 -0.05924800
v 0.02844800 -0.00786700 -0.06083100
v 0.02704500 -0.01579500 -0.06224200
v 0.02345500 -0.02354700 -0.06346600
v 0.02345500 0.02294700 -0.06346600
v 0.02704500 0.01519400 -0.06224200
v 0.02844800 0.00726600 -0.06083100
v 0.02944500 -0.00030000 -0.06083100
v 0.03014100 -0.00832100 -0.06224200
v 0.02868000 -0.01673800 -0.06346600
v 0.02868000 0.01613800 -0.06346600
v 0.03014100 0.00772000 -0.06224200
v 0.03119700 -0.00030000 -0.06224200
v 0.03196400 -0.00880900 -0.06346600
v 0.03196400 0.00820900 -0.06346600
v 0.03308400 -0.00030000 -0.06346600
v 0.01942900 -0.01952100 -0.03426200
v 0.01942900 -0.01952100 -0.04267500
v 0.02374900 -0.01389200 -0.03426200
v 0.02374900 -0.01389200 -0.04267500
v 0.02374900 0.01329100 -0.03426200
v 0.02374900 0.01329100 -0.04267500
v 0.01942900 0.01892100 -0.03426200
v 0.01942900 0.01892100 -0.04267500
v 0.01380000 0.02324000 -0.04267500
v 0.01380000 0.02324000 -0.03426200
v 0.00724400 0.02595600 -0.04267500
v 0.00724400 0.02595600 -0.03426200
v 0.00020800 0.02688200 -0.04267500
v 0.00020800 0.02688200 -0.03426200
v -0.00682700 0.02595600 -0.04267500
v -0.00682700 0.02595600 -0.03426200
v -0.01338300 0.02324000 -0.04267500
v -0.01338300 0.02324000 -0.03426200
v -0.01901300 0.01892100 -0.04267500
v -0.01901300 0.01892100 -0.03426200
v -0.02333200 0.01329100 -0.04267500
v -0.02333200 0.01329100 -0.03426200
v -0.02604800 0.00673500 -0.04267500
v -0.02604800 0.00673500 -0.03426200
v -0.02697400 -0.00030000 -0.04267500
v -0.02697400 -0.00030000 -0.03426200
v -0.02604800 -0.00733600 -0.04267500
v -0.02604800 -0.00733600 -0.03426200
v -0.02333200 -0.01389200 -0.04267500
v -0.02333200 -0.01389200 -0.03426200
v -0.01901300 -0.01952100 -0.04267500
v -0.01901300 -0.01952100 -0.03426200
v -0.01338300 -0.02384100 -0.04267500
v -0.01338300 -0.02384100 -0.03426200
v -0.00682700 -0.02655700 -0.04267500
v -0.00682700 -0.02655700 -0.03426200
v 0.00020800 -0.02748300 -0.04267500
v 0.00020800 -0.02748300 -0.03426200
v 0.00724400 -0.02655700 -0.04267500
v 0.00724400 -0.02655700 -0.03426200
v 0.01380000 -0.02384100 -0.04267500
v 0.01380000 -0.02384100 -0.03426200
v 0.02646500 -0.00733600 -0.03426200
v 0.02646500 -0.00733600 -0.04267500
v 0.02646500 0.00673500 -0.04267500
v 0.02739100 -0.00030000 -0.04267500
v 0.02646500 0.00673500 -0.03426200
v 0.02739100 -0.00030000 -0.03426200
vn 0.00000000 -0.00000000 -0.00000000
vn -0.00000000 -0.00000000 0.00000000
vn 0.00000000 0.00000000 -0.00000000
vn 0.00000000 -0.00000000 -0.00000000
vn -0.00000000 0.00000000 0.00000000
vn 0.00000000 -0.00000000 0.00000000
vn 0.00000000 0.00000000 -0.00000000
vn -0.00000000 0.00000000 0.00000000
vn 0.00000000 -0.00000000 -0.00000000
vn -0.00000000 -0.00000000 0.00000000
vn -0.00000000 0.00000000 0.00000000
vn -0.00000000 -0.00000000 0.00000000
vn -0.00000000 0.00000000 0.00000000
vn -0.00000000 0.00000000 0.00000000
vn -0.00000000 -0.00000000 -0.00000000
vn -0.00000000 -0.00000000 0.00000000
vn -0.00000000 0.00000000 0.00000000
vn -0.00000000 0.00000000 -0.00000000
vn -0.00000000 0.00000000 -0.00000000
vn 0.00000000 -0.00000000 -0.00000000
vn 0.00000000 0.00000000 0.00000000
vn -0.00000000 0.00000000 0.00000000
vn 0.00000000 -0.00000000 -0.00000000
vn 0.00000000 -0.00000000 -0.00000000
vn -0.00000000 0.00000000 0.00000000
vn -0.00000000 -0.00000000 -0.00000000
vn 0.00000000 0.00000000 0.00000000
vn -0.00000000 -0.00000000 0.00000000
vn 0.00000000 0.00000000 -0.00000000
vn -0.00000000 0.00000000 -0.00000000
vn -0.00000000 -0.00000000 0.00000000
vn -0.00000000 -0.00000000 0.00000000
vn 0.00000000 -0.00000000 0.00000000
vn -0.00000000 -0.00000000 -0.00000000
vn -0.00000000 0.00000000 0.00000000
vn -0.00000000 -0.00000000 -0.00000000
vn 0.00000000 -0.00000000 0.00000000
vn 0.00000000 -0.00000000 -0.00000000
vn -0.00000000 0.00000000 0.00000000
vn -0.00000000 -0.00000000 -0.00000000
vn -0.00000000 -0.00000000 -0.00000000
vn -0.00000000 -0.00000000 0.00000000
vn 0.00000000 0.00000000 -0.00000000
vn 0.00000000 -0.00000000 -0.00000000
vn 0.00000000 0.00000000 -0.00000000
vn -0.00000000 0.00000000 0.00000000
vn -0.00000000 -0.00000000 -0.00000000
vn 0.00000000 -0.00000000 0.00000000
vn -0.00000000 0.00000000 0.00000000
vn 0.00000000 0.00000000 -0.00000000
vn -0.00000000 0.00000000 -0.00000000
vn -0.00000000 0.00000000 0.00000000
vn 0.00000000 0.00000000 -0.00000000
vn 0.00000000 -0.00000000 -0.00000000
vn -0.00000000 0.00000000 -0.00000000
vn 0.00000000 -0.00000000 0.00000000
vn -0.00000000 0.00000000 0.00000000
vn 0.00000000 0.00000000 -0.00000000
vn -0.00000000 0.00000000 -0.00000000
vn -0.00000000 -0.00000000 -0.00000000
vn 0.00000000 -0.00000000 0.00000000
vn 0.00000000 -0.00000000 0.00000000
vn 0.00000000 -0.00000000 0.00000000
vn 0.00000000 0.00000000 -0.00000000
vn 0.00000000 0.00000000 -0.00000000
vn -0.00000000 0.00000000 0.00000000
vn -0.00000000 0.00000000 0.00000000
vn -0.00000000 -0.00000000 -0.00000000
vn 0.00000000 -0.00000000 -0.00000000
vn -0.00000000 -0.00000000 0.00000000
vn -0.00000000 0.00000000 0.00000000
vn -0.00000000 -0.00000000 -0.00000000
vn -0.00000000 0.00000000 0.00000000
vn 0.00000000 0.00000000 0.00000000
vn -0.00000000 0.00000000 -0.00000000
vn -0.00000000 -0.00000000 0.00000000
vn -0.00000000 0.00000000 0.00000000
vn 0.00000000 0.00000000 0.00000000
vn -0.00000000 0.00000000 -0.00000000
vn -0.00000000 -0.00000000 0.00000000
vn 0.00000000 -0.00000000 0.00000000
vn -0.00000000 -0.00000000 0.00000000
vn -0.00000000 -0.00000000 0.00000000
vn 0.00000000 0.00000000 -0.00000000
vn 0.00000000 0.00000000 0.00000000
vn 0.00000000 -0.00000000 -0.00000000
vn 0.00000000 0.00000000 -0.00000000
vn 0.00000000 0.00000000 0.00000000
vn 0.00000000 0.00000000 0.00000000
vn 0.00000000 0.00000000 -0.00000000
vn 0.00000000 0.00000000 0.00000000
vn 0.00000000 0.00000000 -0.00000000
vn -0.00000000 -0.00000000 0.00000000
vn 0.00000000 0.00000000 0.00000000
vn -0.00000000 -0.00000000 0.00000000
vn 0.00000000 0.00000000 0.00000000
vn 0.00000000 0.00000000 0.00000000
vn -0.00000000 -0.00000000 0.00000000
vn 0.00000000 0.00000000 0.00000000
vn 0.00000000 -0.00000000 0.00000000
vn 0.00000000 0.00000000 0.00000000
vn 0.00000000 0.00000000 -0.00000000
vn 0.00000000 0.00000000 0.00000000
vn 0.00000000 0.00000000 -0.00000000
vn -0.00000000 -0.00000000 -0.00000000
vn 0.00000000 0.00000000 0.00000000
vn 0.00000000 0.00000000 -0.00000000
vn 0.00000000 0.00000000 0.00000000
vn 0.00000000 0.00000000 -0.00000000
vn -0.00000000 -0.00000000 -0.00000000
vn -0.00000000 0.00000000 0.00000000
vn 0.00000000 0.00000000 -0.00000000
vn -0.00000000 0.00000000 0.00000000
vn -0.00000000 -0.00000000 0.00000000
vn 0.00000000 -0.00000000 0.00000000
vn 0.00000000 -0.00000000 0.00000000
vn 0.00000000 -0.00000000 -0.00000000
vn 0.00000000 0.00000000 -0.00000000
vn -0.00000000 0.00000000 0.00000000
vn 0.00000000 0.00000000 -0.00000000
vn -0.00000000 0.00000000 0.00000000
vn -0.00000000 -0.00000000 0.00000000
vn -0.00000000 0.00000000 0.00000000
vn 0.00000000 0.00000000 0.00000000
vn 0.00000000 0.00000000 -0.00000000
vn -0.00000000 0.00000000 0.00000000
vn -0.00000000 0.00000000 0.00000000
vn -0.00000000 -0.00000000 0.00000000
vn -0.00000000 -0.00000000 0.00000000
vn -0.00000000 -0.00000000 -0.00000000
vn 0.00000000 0.00000000 0.00000000
vn -0.00000000 -0.00000000 0.00000000
vn -0.00000000 -0.00000000 0.00000000
vn -0.00000000 0.00000000 0.00000000
vn 0.00000000 0.00000000 0.00000000
vn -0.00000000 -0.00000000 -0.00000000
vn -0.00000000 0.00000000 -0.00000000
vn 0.00000000 0.00000000 0.00000000
vn -0.00000000 0.00000000 0.00000000
vn 0.00000000 0.00000000 -0.00000000
vn -0.00000000 -0.00000000 -0.00000000
vn 0.00000000 0.00000000 0.00000000
vn -0.00000000 -0.00000000 -0.00000000
vn 0.00000000 -0.00000000 0.00000000
vn 0.00000000 0.00000000 0.00000000
vn -0.00000000 0.00000000 -0.00000000
vn 0.00000000 -0.00000000 -0.00000000
vn -0.00000000 -0.00000000 0.00000000
vn -0.00000000 -0.00000000 -0.00000000
vn -0.00000000 0.00000000 0.00000000
vn 0.00000000 0.00000000 0.00000000
vn 0.00000000 -0.00000000 0.00000000
vn 0.00000000 0.00000000 -0.00000000
vn -0.00000000 0.00000000 -0.00000000
vn 0.00000000 0.00000000 0.00000000
vn -0.00000000 -0.00000000 0.00000000
vn -0.00000000 -0.00000000 -0.00000000
vn 0.00000000 -0.00000000 0.00000000
vn -0.00000000 0.00000000 0.00000000
vn -0.00000000 -0.00000000 0.00000000
vn 0.00000000 0.00000000 0.00000000
vn 0.00000000 0.00000000 0.00000000
vn -0.00000000 -0.00000000 0.00000000
vn -0.00000000 -0.00000000 -0.00000000
vn 0.00000000 0.00000000 -0.00000000
vn -0.00000000 -0.00000000 -0.00000000
vn 0.00000000 -0.00000000 0.00000000
vn 0.00000000 0.00000000 0.00000000
vn -0.00000000 -0.00000000 -0.00000000
vn -0.00000000 -0.00000000 0.00000000
vn -0.00000000 -0.00000000 -0.00000000
vn 0.00000000 0.00000000 0.00000000
vn -0.01341844 -0.00187670 -0.99990821
vn -0.00000000 -0.00000000 -0.00000000
vn 0.00000000 0.00000000 -0.00000000
vn 0.00000000 0.00000000 -0.00000000
vn -0.00000000 -0.00000000 -0.00000000
vn 0.00000000 0.00000000 0.00000000
vn 0.00000000 0.00000000 0.00000000
vn 0.00000000 0.00000000 -0.00000000
vn -0.00000000 -0.00000000 -0.00000000
vn 0.00000000 0.00000000 0.00000000
vn -0.00000000 0.00000000 0.00000000
vn 0.00000000 0.00000000 -0.00000000
vn 0.00000000 0.00000000 0.00000000
vn 0.00000000 0.00000000 0.00000000
vn 0.00000000 0.00000000 -0.00000000
vn -0.00000000 -0.00000000 0.00000000
vn 0.00000000 0.00000000 -0.00000000
vn 0.00000000 0.00000000 0.00000000
vn 0.00000000 0.00000000 0.00000000
vn 0.00000000 0.00000000 -0.00000000
vn 0.00000000 0.00000000 0.00000000
vn -0.00000000 -0.00000000 0.00000000
vn 0.00000000 0.00000000 -0.00000000
vn -0.00000000 -0.00000000 -0.00000000
vn -0.00000000 -0.00000000 -0.00000000
vn -0.00000000 -0.00000000 0.00000000
vn 0.00000000 -0.00000000 0.00000000
vn -0.00000000 -0.00000000 0.00000000
vn 0.00000000 0.00000000 0.00000000
vn 0.00000000 -0.00000000 -0.00000000
vn -0.00000000 -0.00000000 0.00000000
vn -0.00000000 -0.00000000 0.00000000
vn -0.00000000 0.00000000 0.00000000
vn -0.00000000 -0.00000000 -0.00000000
vn -0.00000000 -0.00000000 -0.00000000
vn -0.00000000 -0.00000000 0.00000000
vn -0.00000000 -0.00000000 -0.00000000
vn -0.00000000 -0.00000000 0.00000000
vn 0.00000000 0.00000000 0.00000000
vn -0.00000000 0.00000000 -0.00000000
vn 0.00000000 -0.00000000 0.00000000
vn -0.00000000 0.00000000 0.00000000
vn 0.03425792 0.00638230 0.99939265
vn -0.00000000 -0.00000000 0.00000000
vn 0.00000000 -0.00000000 -0.00000000
vn 0.00000000 0.00000000 -0.00000000
vn 0.00000000 0.00000000 0.00000000
vn -0.00000000 -0.00000000 -0.00000000
vn 0.00000000 0.00000000 0.00000000
vn 0.00000000 0.00000000 -0.00000000
vn 0.00000000 0.00000000 0.00000000
vn -0.00000000 -0.00000000 0.00000000
vn 0.00000000 0.00000000 -0.00000000
vn -0.00000000 -0.00000000 0.00000000
vn -0.00000000 -0.00000000 -0.00000000
vn -0.00000000 0.00000000 -0.00000000
vn 0.00000000 -0.00000000 0.00000000
vn -0.00000000 -0.00000000 -0.00000000
vn 0.00000000 0.00000000 -0.00000000
vn 0.04532127 -0.00337275 -0.99896677
vn 0.24324259 0.02293196 0.96969437
vn 0.00000000 -0.00000000 -0.00000000
vn 0.00000000 -0.00000000 0.00000000
vn -0.00000000 0.00000000 -0.00000000
vn 0.00000000 0.00000000 -0.00000000
vn 0.00000000 0.00000000 0.00000000
vn -0.00000000 0.00000000 0.00000000
vn 0.00000000 -0.00000000 -0.00000000
vn -0.00000000 -0.00000000 -0.00000000
vn 0.00000000 0.00000000 0.00000000
vn -0.00000000 0.00000000 -0.00000000
vn 0.00000000 0.00000000 -0.00000000
vn 0.00000000 0.00000000 0.00000000
vn -0.00000000 0.00000000 0.00000000
vn -0.00000000 0.00000000 0.00000000
vn -0.00000000 -0.00000000 -0.00000000
vn -0.00000000 0.00000000 0.00000000
vn 0.00000000 0.00000000 0.00000000
vn -0.00000000 -0.00000000 -0.00000000
vn -0.00000000 -0.00000000 0.00000000
vn 0.00000000 0.00000000 0.00000000
vn 0.00000000 0.00000000 -0.00000000
vn 0.00000000 0.00000000 -0.00000000
vn -0.00000000 -0.00000000 0.00000000
vn 0.00000000 0.00000000 0.00000000
vn -0.00000000 -0.00000000 -0.00000000
vn 0.99190634 0.12697127 -0.00033241
vn 0.00000000 0.00000000 -0.00000000
vn -0.00000000 -0.00000000 0.00000000
vn -0.00000000 0.00000000 -0.00000000
vn 0.99367802 0.11226651 -0.00047573
vn -0.99241288 -0.12294986 0.00011460
vn -0.00000000 -0.00000000 -0.00000000
vn 0.99175716 0.12812627 -0.00118351
vn 0.00000000 0.00000000 -0.00000000
vn -0.00000000 -0.00000000 -0.00000000
vn -0.00000000 -0.00000000 -0.00000000
vn 0.00000000 0.00000000 -0.00000000
vn -0.00000000 -0.00000000 0.00000000
vn 0.00000000 0.00000000 0.00000000
vn 0.00000000 0.00000000 -0.00000000
vn -0.99224169 -0.12432343 0.00034848
vn 0.99568008 -0.09285026 0.00000000
vn -0.00000000 -0.00000000 0.00000000
vn 0.00000000 -0.00000000 -0.00000000
vn -0.00000000 -0.00000000 0.00000000
vn 0.00000000 -0.00000000 0.00000000
vn 0.00000000 0.00000000 0.00000000
vn 0.99592638 0.09004115 -0.00482094
vn -0.00000000 -0.00000000 0.00000000
vn -0.00000000 0.00000000 0.00000000
vn -0.00000000 -0.00000000 0.00000000
vn -0.00000000 -0.00000000 0.00000000
vn -0.00000000 0.00000000 0.00000000
vn -0.00000000 0.00000000 0.00000000
vn -0.00000000 0.00000000 -0.00000000
vn -0.00000000 0.00000000 -0.00000000
vn 0.00000000 0.00000000 -0.00000000
vn -0.00000000 0.00000000 0.00000000
vn -0.00000000 -0.00000000 0.00000000
vn 0.00000000 -0.00000000 -0.00000000
vn 0.00000000 0.00000000 0.00000000
vn -0.00000000 0.00000000 0.00000000
vn 0.00000000 0.00000000 0.00000000
vn -0.00000000 0.00000000 0.00000000
vn 0.00000000 0.00000000 0.00000000
vn 0.00000000 0.00000000 0.00000000
vn -0.00000000 -0.00000000 -0.00000000
vn -0.00000000 0.00000000 0.00000000
vn 0.00000000 -0.00000000 -0.00000000
vn -0.00000000 0.00000000 -0.00000000
vn 0.00000000 0.00000000 0.00000000
vn -0.00000000 0.00000000 0.00000000
vn -0.00000000 -0.00000000 -0.00000000
vn 0.00000000 -0.00000000 0.00000000
vn 0.00000000 -0.00000000 -0.00000000
vn -0.00000000 0.00000000 -0.00000000
vn -0.00000000 -0.00000000 -0.00000000
vn -0.00000000 0.00000000 0.00000000
vn 0.00000000 -0.00000000 -0.00000000
vn 0.00000000 -0.00000000 -0.00000000
vn 0.00000000 -0.00000000 0.00000000
vn 0.00000000 -0.00000000 0.00000000
vn 0.00000000 -0.00000000 0.00000000
vn 0.00000000 0.00000000 0.00000000
vn 0.00000000 -0.00000000 -0.00000000
vn -0.00000000 0.00000000 -0.00000000
vn 0.00000000 -0.00000000 0.00000000
vn -0.00000000 0.00000000 -0.00000000
vn -0.00000000 0.00000000 0.00000000
vn -0.00000000 0.00000000 -0.00000000
vn -0.00000000 0.00000000 -0.00000000
vn 0.00000000 -0.00000000 0.00000000
vn 0.00000000 -0.00000000 -0.00000000
vn -0.00000000 0.00000000 0.00000000
vn -0.00000000 0.00000000 -0.00000000
vn -0.00000000 0.00000000 0.00000000
vn 0.00000000 -0.00000000 -0.00000000
vn -0.00000000 0.00000000 -0.00000000
vn 0.00000000 -0.00000000 -0.00000000
vn 0.00000000 -0.00000000 -0.00000000
vn 0.00000000 -0.00000000 0.00000000
vn -0.00000000 0.00000000 0.00000000
vn 0.00000000 -0.00000000 -0.00000000
vn 0.00000000 -0.00000000 0.00000000
vn 0.00000000 -0.00000000 0.00000000
vn 0.00000000 -0.00000000 -0.00000000
vn 0.00000000 -0.00000000 0.00000000
vn -0.00000000 0.00000000 -0.00000000
vn -0.00000000 0.00000000 0.00000000
vn 0.00000000 -0.00000000 -0.00000000
vn 0.00000000 -0.00000000 -0.00000000
vn -0.00000000 0.00000000 -0.00000000
vn 0.00000000 -0.00000000 0.00000000
vn 0.00000000 -0.00000000 -0.00000000
vn -0.00000000 0.00000000 -0.00000000
vn 0.00000000 -0.00000000 0.00000000
vn 0.00000000 -0.00000000 0.00000000
vn -0.00000000 0.00000000 0.00000000
vn 0.00000000 0.00000000 0.00000000
vn 0.00000000 -0.00000000 -0.00000000
vn -0.00000000 0.00000000 0.00000000
vn 0.00000000 -0.00000000 -0.00000000
vn 0.00000000 -0.00000000 0.00000000
vn -0.00000000 0.00000000 -0.00000000
vn -0.00000000 0.00000000 -0.00000000
vn -0.00000000 -0.00000000 0.00000000
vn -0.99084659 0.13499269 0.00000000
vn 0.99312953 0.11702028 0.00000000
vn 0.00000000 0.00000000 -0.00000000
vn -0.00000000 0.00000000 0.00000000
vn 0.00000000 -0.00000000 -0.00000000
vn -0.00000000 0.00000000 0.00000000
vn -0.00000000 0.00000000 0.00000000
vn -0.00000000 0.00000000 0.00000000
vn 0.00000000 0.00000000 0.00000000
vn -0.00000000 -0.00000000 0.00000000
vn 0.00000000 0.00000000 -0.00000000
vn 0.00000000 0.00000000 -0.00000000
vn -0.00000000 -0.00000000 0.00000000
vn 0.00000000 0.00000000 -0.00000000
vn 0.00000000 -0.00000000 -0.00000000
vn -0.00000000 0.00000000 -0.00000000
vn 0.00000000 0.00000000 -0.00000000
vn 0.00000000 0.00000000 -0.00000000
vn -0.00000000 -0.00000000 0.00000000
vn -0.00000000 -0.00000000 0.00000000
vn 0.02852000 0.03008704 0.99914032
vn -0.02696318 -0.02069267 -0.99942223
vn 0.00000000 0.00000000 -0.00000000
vn 0.00000000 0.00000000 0.00000000
vn 0.00000000 0.00000000 0.00000000
vn -0.00000000 -0.00000000 -0.00000000
vn 0.00000000 0.00000000 -0.00000000
vn 0.00000000 0.00000000 0.00000000
vn -0.00000000 -0.00000000 -0.00000000
vn 0.00000000 0.00000000 0.00000000
vn 0.00000000 0.00000000 0.00000000
vn -0.00000000 -0.00000000 0.00000000
vn 0.00000000 0.00000000 0.00000000
vn -0.00000000 -0.00000000 0.00000000
vn 0.00000000 0.00000000 -0.00000000
vn -0.00000000 -0.00000000 0.00000000
vn 0.00000000 0.00000000 -0.00000000
vn -0.00000000 -0.00000000 0.00000000
vn 0.00000000 0.00000000 -0.00000000
vn 0.00000000 0.00000000 0.00000000
vn 0.00000000 0.00000000 0.00000000
vn -0.00000000 -0.00000000 -0.00000000
vn -0.00000000 0.00000000 0.00000000
vn 0.00000000 0.00000000 0.00000000
vn -0.00000000 -0.00000000 -0.00000000
vn -0.03567799 -0.02754091 -0.99898377
vn 0.00000000 0.00000000 -0.00000000
vn -0.00000000 -0.00000000 0.00000000
vn 0.00000000 0.00000000 -0.00000000
vn -0.00000000 -0.00000000 0.00000000
vn -0.00000000 -0.00000000 0.00000000
vn -0.00000000 -0.00000000 -0.00000000
vn -0.00000000 -0.00000000 0.00000000
vn -0.00000000 -0.00000000 -0.00000000
vn -0.00000000 -0.00000000 0.00000000
vn -0.00000000 -0.00000000 -0.00000000
vn 0.00000000 -0.00000000 0.00000000
vn 0.00000000 0.00000000 -0.00000000
vn -0.00000000 -0.00000000 0.00000000
vn -0.00000000 -0.00000000 0.00000000
vn 0.00000000 0.00000000 0.00000000
vn -0.00000000 0.00000000 0.00000000
vn -0.78747236 -0.61634997 0.00007734
vn 0.00000000 0.00000000 0.00000000
vn 0.00000000 0.00000000 -0.00000000
vn 0.00000000 -0.00000000 -0.00000000
vn -0.00000000 -0.00000000 0.00000000
vn 0.00000000 0.00000000 -0.00000000
vn 0.00000000 0.00000000 0.00000000
vn -0.00000000 -0.00000000 -0.00000000
vn -0.00000000 -0.00000000 -0.00000000
vn 0.00000000 0.00000000 0.00000000
vn 0.00000000 0.00000000 0.00000000
vn -0.00000000 0.00000000 0.00000000
vn -0.00000000 0.00000000 0.00000000
vn -0.00000000 0.00000000 -0.00000000
vn 0.00000000 -0.00000000 -0.00000000
vn 0.00605457 0.00876868 0.99994322
vn 0.00000000 -0.00000000 -0.00000000
vn -0.00000000 0.00000000 -0.00000000
vn -0.00000000 0.00000000 0.00000000
vn 0.00000000 -0.00000000 -0.00000000
vn 0.00000000 -0.00000000 -0.00000000
vn -0.00000000 0.00000000 -0.00000000
vn 0.00000000 0.00000000 -0.00000000
vn -0.00000000 0.00000000 -0.00000000
vn -0.00000000 0.00000000 -0.00000000
vn -0.00000000 -0.00000000 0.00000000
vn 0.00000000 -0.00000000 -0.00000000
vn -0.00000000 0.00000000 0.00000000
vn -0.00000000 0.00000000 -0.00000000
vn -0.00000000 0.00000000 -0.00000000
vn 0.00000000 -0.00000000 0.00000000
vn -0.00000000 0.00000000 0.00000000
vn -0.00000000 0.00000000 -0.00000000
vn -0.00000000 0.00000000 0.00000000
vn 0.00000000 -0.00000000 -0.00000000
vn 0.00000000 -0.00000000 0.00000000
vn -0.00000000 0.00000000 0.00000000
vn -0.00000000 0.00000000 -0.00000000
vn -0.00000000 0.00000000 0.00000000
vn 0.00000000 -0.00000000 -0.00000000
vn -0.00000000 0.00000000 0.00000000
vn -0.00000000 0.00000000 -0.00000000
vn 0.92381465 -0.38281360 0.00449884
vn 0.00000000 -0.00000000 -0.00000000
vn -0.00000000 0.00000000 -0.00000000
vn 0.00000000 -0.00000000 0.00000000
vn 0.00000000 -0.00000000 -0.00000000
vn 0.00000000 -0.00000000 0.00000000
vn 0.00000000 -0.00000000 -0.00000000
vn -0.00000000 0.00000000 0.00000000
vn 0.00000000 -0.00000000 -0.00000000
vn 0.00000000 -0.00000000 -0.00000000
vn 0.00000000 0.00000000 0.00000000
vn 0.00000000 0.00000000 -0.00000000
vn -0.00000000 0.00000000 -0.00000000
vn 0.00000000 0.00000000 -0.00000000
vn 0.00000000 0.00000000 -0.00000000
vn -0.00000000 -0.00000000 0.00000000
vn -0.00000000 0.00000000 0.00000000
vn 0.00000000 0.00000000 0.00000000
vn 0.00000000 0.00000000 0.00000000
vn -0.00000000 -0.00000000 0.00000000
vn 0.00000000 -0.00000000 0.00000000
vn -0.00000000 -0.00000000 0.00000000
vn 0.00000000 -0.00000000 -0.00000000
vn 0.00000000 -0.00000000 0.00000000
vn -0.00000000 0.00000000 0.00000000
vn -0.00000000 0.00000000 -0.00000000
vn 0.00000000 0.00000000 0.00000000
vn 0.00000000 0.00000000 0.00000000
vn -0.00000000 -0.00000000 -0.00000000
vn 0.00000000 -0.00000000 0.00000000
vn 0.00000000 0.00000000 -0.00000000
vn 0.00000000 -0.00000000 -0.00000000
vn 0.00000000 0.00000000 0.00000000
vn -0.00000000 -0.00000000 0.00000000
vn 0.00000000 0.00000000 -0.00000000
vn 0.00000000 -0.00000000 0.00000000
vn -0.00000000 -0.00000000 0.00000000
vn 0.00000000 0.00000000 -0.00000000
vn -0.00000000 -0.00000000 0.00000000
vn -0.00000000 -0.00000000 0.00000000
vn -0.00000000 -0.00000000 -0.00000000
vn 0.00000000 0.00000000 0.00000000
vn -0.00000000 -0.00000000 -0.00000000
vn -0.00000000 -0.00000000 -0.00000000
vn -0.00000000 -0.00000000 -0.00000000
vn 0.00000000 0.00000000 -0.00000000
vn 0.00000000 0.00000000 -0.00000000
vn -0.00000000 0.00000000 -0.00000000
vn 0.00000000 0.00000000 0.00000000
vn -0.00000000 0.00000000 -0.00000000
vn -0.00000000 -0.00000000 0.00000000
vn 0.00000000 0.00000000 -0.00000000
vn 0.00000000 0.00000000 0.00000000
vn -0.00000000 -0.00000000 0.00000000
vn -0.00000000 -0.00000000 -0.00000000
vn 0.05285442 0.04465237 0.99760342
vn -0.00000000 -0.00000000 -0.00000000
vn 0.79811816 0.60250096 -0.00006053
vn -0.79794553 -0.60272950 -0.00027881
vn 0.00000000 0.00000000 0.00000000
vn 0.79144024 0.61124626 -0.00059843
vn 0.00000000 0.00000000 -0.00000000
vn -0.00000000 -0.00000000 0.00000000
vn 0.00000000 0.00000000 -0.00000000
vn 0.00000000 0.00000000 -0.00000000
vn -0.00000000 -0.00000000 0.00000000
vn -0.00000000 -0.00000000 0.00000000
vn 0.79898044 0.60135576 0.00122678
vn 0.78055585 0.62508604 0.00005160
vn 0.00000000 0.00000000 -0.00000000
vn 0.00000000 0.00000000 0.00000000
vn 0.00000000 0.00000000 -0.00000000
vn 0.00000000 -0.00000000 -0.00000000
vn 0.00000000 -0.00000000 0.00000000
vn -0.00000000 0.00000000 0.00000000
vn -0.00000000 0.00000000 0.00000000
vn 0.00000000 -0.00000000 0.00000000
vn 0.00000000 0.00000000 -0.00000000
vn -0.00000000 -0.00000000 0.00000000
vn -0.00000000 -0.00000000 0.00000000
vn -0.00000000 -0.00000000 -0.00000000
vn 0.00000000 -0.00000000 0.00000000
vn -0.00000000 0.00000000 -0.00000000
vn 0.00000000 0.00000000 0.00000000
vn -0.00000000 -0.00000000 0.00000000
vn -0.00000000 0.00000000 -0.00000000
vn 0.00000000 -0.00000000 -0.00000000
vn 0.00000000 -0.00000000 -0.00000000
vn 0.00000000 -0.00000000 -0.00000000
vn 0.00000000 -0.00000000 -0.00000000
vn -0.00000000 0.00000000 0.00000000
vn -0.00000000 0.00000000 -0.00000000
vn 0.00000000 -0.00000000 -0.00000000
vn 0.00000000 -0.00000000 0.00000000
vn -0.00000000 0.00000000 0.00000000
vn 0.00000000 -0.00000000 0.00000000
vn -0.00000000 0.00000000 -0.00000000
vn 0.00000000 -0.00000000 -0.00000000
vn -0.00000000 0.00000000 0.00000000
vn 0.00000000 0.00000000 0.00000000
vn -0.00000000 0.00000000 -0.00000000
vn -0.00000000 0.00000000 0.00000000
vn 0.00000000 -0.00000000 0.00000000
vn -0.00000000 0.00000000 0.00000000
vn -0.00000000 0.00000000 0.00000000
vn -0.00000000 0.00000000 -0.00000000
vn -0.00000000 0.00000000 0.00000000
vn 0.00000000 -0.00000000 0.00000000
vn -0.00000000 0.00000000 -0.00000000
vn 0.00000000 -0.00000000 0.00000000
vn -0.00000000 0.00000000 0.00000000
vn -0.00000000 0.00000000 -0.00000000
vn 0.00000000 0.00000000 -0.00000000
vn 0.00000000 -0.00000000 0.00000000
vn 0.00000000 -0.00000000 -0.00000000
vn 0.00000000 -0.00000000 0.00000000
vn -0.00000000 0.00000000 -0.00000000
vn 0.00000000 -0.00000000 0.00000000
vn 0.00000000 -0.00000000 -0.00000000
vn 0.00000000 0.00000000 0.00000000
vn 0.00000000 -0.00000000 -0.00000000
vn 0.00000000 -0.00000000 0.00000000
vn -0.00000000 0.00000000 -0.00000000
vn -0.00000000 0.00000000 0.00000000
vn 0.00000000 -0.00000000 -0.00000000
vn -0.00000000 0.00000000 0.00000000
vn -0.00000000 0.00000000 -0.00000000
vn -0.00000000 0.00000000 -0.00000000
vn -0.00000000 0.00000000 -0.00000000
vn 0.00000000 -0.00000000 0.00000000
vn 0.00000000 -0.00000000 0.00000000
vn -0.00000000 0.00000000 0.00000000
vn 0.00000000 0.00000000 0.00000000
vn -0.00000000 -0.00000000 0.00000000
vn -0.00000000 0.00000000 -0.00000000
vn -0.00000000 0.00000000 0.00000000
vn 0.00000000 -0.00000000 -0.00000000
vn -0.00000000 0.00000000 0.00000000
vn -0.00000000 0.00000000 -0.00000000
vn -0.78447120 0.62016525 -0.00000006
vn -0.00000000 0.00000000 0.00000000
vn -0.00000000 0.00000000 0.00000000
vn -0.00000000 -0.00000000 0.00000000
vn 0.00000000 0.00000000 0.00000000
vn 0.00000000 0.00000000 -0.00000000
vn -0.00000000 0.00000000 0.00000000
vn 0.00000000 0.00000000 0.00000000
vn -0.00000000 -0.00000000 0.00000000
vn 0.00000000 -0.00000000 -0.00000000
vn 0.00000000 0.00000000 -0.00000000
vn 0.00000000 -0.00000000 -0.00000000
vn -0.00000000 0.00000000 -0.00000000
vn 0.00000000 0.00000000 -0.00000000
vn 0.00000000 0.00000000 0.00000000
vn -0.00000000 0.00000000 -0.00000000
vn -0.00000000 0.00000000 -0.00000000
vn 0.00000000 -0.00000000 -0.00000000
vn 0.00000000 -0.00000000 0.00000000
vn -0.00000000 0.00000000 -0.00000000
vn -0.00000000 -0.00000000 -0.00000000
vn 0.00000000 0.00000000 0.00000000
vn 0.00000000 -0.00000000 -0.00000000
vn -0.00000000 -0.00000000 -0.00000000
vn 0.00000000 0.00000000 0.00000000
vn -0.00000000 -0.00000000 0.00000000
vn 0.00000000 0.00000000 -0.00000000
vn -0.00000000 0.00000000 0.00000000
vn -0.00000000 -0.00000000 0.00000000
vn 0.00000000 0.00000000 -0.00000000
vn 0.00000000 0.00000000 0.00000000
vn 0.00000000 0.00000000 -0.00000000
vn -0.00000000 -0.00000000 -0.00000000
vn -0.00000000 -0.00000000 0.00000000
vn 0.00000000 0.00000000 -0.00000000
vn -0.00000000 -0.00000000 0.00000000
vn -0.00000000 -0.00000000 -0.00000000
vn 0.00000000 0.00000000 0.00000000
vn 0.00000000 0.00000000 0.00000000
vn 0.00000000 0.00000000 0.00000000
vn -0.00000000 -0.00000000 0.00000000
vn -0.00000000 -0.00000000 0.00000000
vn -0.00000000 -0.00000000 0.00000000
vn 0.00000000 0.00000000 0.00000000
vn -0.00000000 -0.00000000 0.00000000
vn -0.00000000 0.00000000 -0.00000000
vn -0.00000000 -0.00000000 0.00000000
vn -0.00000000 -0.00000000 -0.00000000
vn 0.00000000 0.00000000 -0.00000000
vn 0.00000000 0.00000000 0.00000000
vn 0.00000000 0.00000000 0.00000000
vn -0.00000000 -0.00000000 -0.00000000
vn -0.00000000 -0.00000000 0.00000000
vn -0.00000000 -0.00000000 -0.00000000
vn 0.00000000 -0.00000000 -0.00000000
vn 0.00000000 -0.00000000 -0.00000000
vn 0.00000000 0.00000000 0.00000000
vn -0.00000000 -0.00000000 -0.00000000
vn 0.00000000 -0.00000000 -0.00000000
vn 0.00000000 0.00000000 0.00000000
vn -0.00000000 -0.00000000 0.00000000
vn -0.00000000 -0.00000000 -0.00000000
vn 0.00000000 0.00000000 -0.00000000
vn 0.00000000 0.00000000 0.00000000
vn -0.00000000 -0.00000000 0.00000000
vn 0.00000000 0.00000000 -0.00000000
vn -0.00000000 -0.00000000 -0.00000000
vn -0.00000000 -0.00000000 0.00000000
vn 0.00000000 0.00000000 -0.00000000
vn -0.00000000 0.00000000 0.00000000
vn 0.00000000 0.00000000 -0.00000000
vn 0.00000000 0.00000000 0.00000000
vn -0.00000000 -0.00000000 0.00000000
vn -0.00000000 -0.00000000 0.00000000
vn 0.00000000 0.00000000 -0.00000000
vn 0.00000000 -0.00000000 0.00000000
vn 0.00000000 0.00000000 -0.00000000
vn -0.00000000 -0.00000000 0.00000000
vn -0.00000000 -0.00000000 -0.00000000
vn 0.00000000 0.00000000 0.00000000
vn 0.00000000 0.00000000 0.00000000
vn 0.00000000 0.00000000 0.00000000
vn -0.00000000 -0.00000000 -0.00000000
vn -0.00000000 -0.00000000 0.00000000
vn 0.00000000 0.00000000 -0.00000000
vn 0.00000000 0.00000000 -0.00000000
vn -0.00000000 -0.00000000 -0.00000000
vn 0.00000000 0.00000000 0.00000000
vn 0.62675325 0.77920674 0.00415086
vn -0.62203338 -0.78297908 -0.00427059
vn -0.00000000 -0.00000000 0.00000000
vn -0.00000000 -0.00000000 0.00000000
vn 0.00000000 -0.00000000 0.00000000
vn 0.00000000 -0.00000000 -0.00000000
vn -0.00000000 0.00000000 0.00000000
vn -0.00000000 -0.00000000 0.00000000
vn 0.00000000 0.00000000 0.00000000
vn 0.00000000 0.00000000 -0.00000000
vn 0.00000000 -0.00000000 0.00000000
vn -0.00000000 0.00000000 -0.00000000
vn -0.00000000 -0.00000000 -0.00000000
vn 0.00000000 0.00000000 0.00000000
vn -0.00000000 0.00000000 -0.00000000
vn 0.00000000 0.00000000 0.00000000
vn -0.00000000 0.00000000 -0.00000000
vn -0.00000000 0.00000000 -0.00000000
vn -0.00000000 0.00000000 -0.00000000
vn -0.00000000 0.00000000 0.00000000
vn 0.00000000 -0.00000000 -0.00000000
vn 0.00000000 -0.00000000 0.00000000
vn 0.00000000 -0.00000000 -0.00000000
vn -0.00000000 0.00000000 -0.00000000
vn -0.00000000 0.00000000 0.00000000
vn 0.00000000 -0.00000000 0.00000000
vn 0.00000000 0.00000000 0.00000000
vn 0.00000000 -0.00000000 0.00000000
vn -0.00000000 0.00000000 0.00000000
vn -0.00000000 -0.00000000 -0.00000000
vn -0.00000000 0.00000000 -0.00000000
vn -0.00000000 -0.00000000 0.00000000
vn -0.00000000 0.00000000 -0.00000000
vn 0.00000000 -0.00000000 -0.00000000
vn 0.00000000 -0.00000000 0.00000000
vn -0.00000000 0.00000000 0.00000000
vn 0.00000000 -0.00000000 0.00000000
vn 0.00000000 -0.00000000 0.00000000
vn -0.00000000 -0.00000000 0.00000000
vn 0.00000000 -0.00000000 0.00000000
vn 0.00000000 -0.00000000 -0.00000000
vn 0.00000000 -0.00000000 -0.00000000
vn 0.00000000 -0.00000000 -0.00000000
vn -0.00000000 0.00000000 0.00000000
vn -0.00000000 0.00000000 -0.00000000
vn 0.00000000 -0.00000000 -0.00000000
vn -0.00000000 0.00000000 -0.00000000
vn -0.00000000 0.00000000 -0.00000000
vn -0.00000000 0.00000000 -0.00000000
vn -0.00000000 0.00000000 -0.00000000
vn -0.00000000 -0.00000000 0.00000000
vn -0.00000000 0.00000000 -0.00000000
vn 0.61281740 -0.79022410 0.00084317
vn 0.00000000 0.00000000 -0.00000000
vn -0.00000000 0.00000000 -0.00000000
vn 0.00000000 -0.00000000 0.00000000
vn 0.00000000 -0.00000000 -0.00000000
vn -0.00000000 0.00000000 -0.00000000
vn -0.00000000 0.00000000 -0.00000000
vn -0.00000000 0.00000000 -0.00000000
vn 0.00000000 -0.00000000 -0.00000000
vn -0.00000000 0.00000000 0.00000000
vn -0.00000000 0.00000000 0.00000000
vn 0.00000000 -0.00000000 0.00000000
vn 0.00000000 -0.00000000 0.00000000
vn 0.00000000 -0.00000000 0.00000000
vn -0.00000000 0.00000000 -0.00000000
vn 0.00000000 -0.00000000 0.00000000
vn -0.00000000 0.00000000 -0.00000000
vn 0.00000000 0.00000000 0.00000000
vn -0.00000000 0.00000000 -0.00000000
vn 0.00000000 -0.00000000 0.00000000
vn 0.00000000 0.00000000 -0.00000000
vn 0.00000000 -0.00000000 0.00000000
vn -0.00000000 -0.00000000 0.00000000
vn 0.00000000 0.00000000 -0.00000000
vn 0.00000000 -0.00000000 -0.00000000
vn 0.00000000 -0.00000000 -0.00000000
vn 0.00000000 0.00000000 -0.00000000
vn -0.00000000 -0.00000000 0.00000000
vn -0.61645165 0.78736081 0.00709409
vn -0.02757430 0.04679275 -0.99852396
vn 0.00000000 -0.00000000 0.00000000
vn 0.00000000 -0.00000000 0.00000000
vn 0.00000000 -0.00000000 0.00000000
vn 0.00000000 -0.00000000 -0.00000000
vn 0.00000000 0.00000000 -0.00000000
vn -0.00000000 0.00000000 -0.00000000
vn -0.00000000 0.00000000 -0.00000000
vn -0.00000000 0.00000000 0.00000000
vn 0.00000000 0.00000000 0.00000000
vn 0.00000000 0.00000000 0.00000000
vn 0.00000000 -0.00000000 -0.00000000
vn -0.00000000 -0.00000000 -0.00000000
vn -0.00000000 -0.00000000 0.00000000
vn -0.00000000 0.00000000 -0.00000000
vn 0.00000000 -0.00000000 -0.00000000
vn 0.00000000 -0.00000000 0.00000000
vn 0.00000000 0.00000000 0.00000000
vn 0.00000000 0.00000000 0.00000000
vn -0.00000000 0.00000000 0.00000000
vn 0.00000000 -0.00000000 -0.00000000
vn 0.00000000 0.00000000 0.00000000
vn 0.00000000 -0.00000000 0.00000000
vn 0.00000000 0.00000000 -0.00000000
vn 0.00000000 0.00000000 0.00000000
vn -0.00000000 -0.00000000 -0.00000000
vn 0.00000000 0.00000000 -0.00000000
vn 0.00000000 0.00000000 0.00000000
vn 0.00000000 0.00000000 -0.00000000
vn -0.00000000 -0.00000000 0.00000000
vn 0.00000000 0.00000000 -0.00000000
vn -0.00000000 -0.00000000 -0.00000000
vn 0.00000000 0.00000000 0.00000000
vn -0.00000000 -0.00000000 -0.00000000
vn -0.00000000 -0.00000000 0.00000000
vn -0.00000000 -0.00000000 0.00000000
vn 0.00000000 0.00000000 -0.00000000
vn -0.00000000 -0.00000000 -0.00000000
vn -0.00000000 0.00000000 -0.00000000
vn 0.00000000 -0.00000000 0.00000000
vn 0.00000000 -0.00000000 0.00000000
vn -0.00000000 0.00000000 0.00000000
vn -0.00000000 0.00000000 0.00000000
vn -0.00000000 0.00000000 0.00000000
vn -0.00000000 -0.00000000 0.00000000
vn 0.00000000 -0.00000000 0.00000000
vn -0.00000000 0.00000000 -0.00000000
vn -0.00000000 0.00000000 -0.00000000
vn 0.00000000 -0.00000000 -0.00000000
vn -0.00000000 -0.00000000 0.00000000
vn -0.00000000 -0.00000000 0.00000000
vn 0.00000000 0.00000000 0.00000000
vn -0.00000000 -0.00000000 -0.00000000
vn 0.00000000 -0.00000000 0.00000000
vn 0.00000000 -0.00000000 0.00000000
vn 0.00000000 0.00000000 0.00000000
vn 0.00000000 -0.00000000 0.00000000
vn 0.00000000 0.00000000 0.00000000
vn -0.00000000 0.00000000 0.00000000
vn 0.00000000 -0.00000000 -0.00000000
vn -0.00000000 -0.00000000 -0.00000000
vn -0.00000000 -0.00000000 0.00000000
vn -0.00000000 0.00000000 0.00000000
vn 0.00000000 -0.00000000 -0.00000000
vn 0.00000000 -0.00000000 0.00000000
vn 0.00000000 0.00000000 -0.00000000
vn -0.00000000 0.00000000 -0.00000000
vn -0.00000000 0.00000000 -0.00000000
vn -0.00000000 -0.00000000 0.00000000
vn 0.00000000 0.00000000 0.00000000
vn 0.00000000 0.00000000 -0.00000000
vn 0.00000000 0.00000000 0.00000000
vn 0.00000000 -0.00000000 0.00000000
vn -0.00000000 0.00000000 -0.00000000
vn 0.00000000 -0.00000000 0.00000000
vn 0.00000000 0.00000000 0.00000000
vn 0.00000000 -0.00000000 0.00000000
vn -0.00000000 0.00000000 0.00000000
vn 0.00000000 -0.00000000 -0.00000000
vn -0.00000000 0.00000000 -0.00000000
vn -0.00000000 0.00000000 -0.00000000
vn -0.00000000 -0.00000000 0.00000000
vn 0.00000000 -0.00000000 -0.00000000
vn 0.00000000 0.00000000 -0.00000000
vn -0.00000000 0.00000000 0.00000000
vn -0.00000000 0.00000000 -0.00000000
vn -0.00000000 0.00000000 0.00000000
vn -0.00000000 0.00000000 -0.00000000
vn -0.00000000 0.00000000 0.00000000
vn -0.00000000 0.00000000 -0.00000000
vn 0.00000000 -0.00000000 -0.00000000
vn -0.00000000 0.00000000 0.00000000
vn 0.00000000 -0.00000000 0.00000000
vn -0.00000000 -0.00000000 0.00000000
vn -0.00000000 -0.00000000 0.00000000
vn -0.00000000 0.00000000 0.00000000
vn 0.00000000 0.00000000 0.00000000
vn 0.00000000 -0.00000000 -0.00000000
vn -0.00000000 -0.00000000 0.00000000
vn 0.00000000 0.00000000 -0.00000000
vn 0.00000000 0.00000000 0.00000000
vn -0.00000000 -0.00000000 -0.00000000
vn -0.00000000 0.00000000 0.00000000
vn 0.00000000 -0.00000000 -0.00000000
vn 0.00000000 0.00000000 -0.00000000
vn -0.00000000 0.00000000 -0.00000000
vn -0.00000000 0.00000000 0.00000000
vn 0.38706886 -0.92204990 -0.00129626
vn -0.00000000 0.00000000 -0.00000000
vn 0.00000000 -0.00000000 -0.00000000
vn 0.00000000 -0.00000000 -0.00000000
vn 0.37975813 -0.92508554 -0.00071092
vn 0.38669953 -0.92220496 -0.00122086
vn -0.39385773 0.91917120 0.00062844
vn -0.00000000 0.00000000 0.00000000
vn -0.00000000 0.00000000 0.00000000
vn -0.00000000 0.00000000 0.00000000
vn -0.00000000 0.00000000 -0.00000000
vn 0.00000000 0.00000000 -0.00000000
vn 0.00000000 -0.00000000 0.00000000
vn 0.00000000 0.00000000 0.00000000
vn -0.00000000 -0.00000000 -0.00000000
vn 0.00000000 0.00000000 0.00000000
vn -0.00000000 0.00000000 -0.00000000
vn 0.00000000 0.00000000 -0.00000000
vn 0.00000000 0.00000000 -0.00000000
vn 0.00000000 -0.00000000 0.00000000
vn 0.00000000 -0.00000000 0.00000000
vn 0.00000000 -0.00000000 -0.00000000
vn -0.00000000 -0.00000000 0.00000000
vn 0.00000000 0.00000000 -0.00000000
vn 0.00000000 -0.00000000 -0.00000000
vn -0.00000000 0.00000000 0.00000000
vn -0.00000000 0.00000000 -0.00000000
vn 0.00000000 -0.00000000 -0.00000000
vn -0.00000000 -0.00000000 0.00000000
vn -0.00000000 0.00000000 0.00000000
vn -0.00000000 0.00000000 0.00000000
vn -0.00000000 -0.00000000 0.00000000
vn 0.00000000 -0.00000000 0.00000000
vn 0.00000000 -0.00000000 0.00000000
vn 0.00000000 -0.00000000 0.00000000
vn 0.00000000 -0.00000000 -0.00000000
vn -0.00000000 0.00000000 0.00000000
vn 0.00000000 -0.00000000 0.00000000
vn -0.00000000 0.00000000 0.00000000
vn 0.00000000 -0.00000000 0.00000000
vn 0.00000000 -0.00000000 0.00000000
vn 0.00000000 -0.00000000 0.00000000
vn -0.00000000 0.00000000 -0.00000000
vn 0.00000000 -0.00000000 -0.00000000
vn 0.00000000 -0.00000000 -0.00000000
vn 0.00000000 0.00000000 0.00000000
vn -0.00000000 0.00000000 -0.00000000
vn -0.00000000 0.00000000 -0.00000000
vn 0.00000000 -0.00000000 0.00000000
vn 0.00000000 -0.00000000 -0.00000000
vn 0.00000000 0.00000000 0.00000000
vn 0.00000000 -0.00000000 0.00000000
vn -0.00000000 0.00000000 0.00000000
vn 0.00000000 -0.00000000 0.00000000
vn -0.00000000 0.00000000 -0.00000000
vn 0.00000000 -0.00000000 -0.00000000
vn -0.00000000 0.00000000 0.00000000
vn -0.00000000 0.00000000 0.00000000
vn 0.00000000 -0.00000000 0.00000000
vn 0.00000000 -0.00000000 -0.00000000
vn 0.00000000 0.00000000 0.00000000
vn -0.38288844 -0.92379433 0.00069831
vn 0.38268437 0.92387914 -0.00005792
vn -0.00000000 -0.00000000 0.00000000
vn -0.00000000 -0.00000000 -0.00000000
vn -0.00000000 -0.00000000 -0.00000000
vn -0.00000000 -0.00000000 0.00000000
vn -0.00000000 -0.00000000 0.00000000
vn 0.00000000 0.00000000 0.00000000
vn -0.00000000 -0.00000000 -0.00000000
vn -0.00000000 -0.00000000 0.00000000
vn 0.00000000 0.00000000 -0.00000000
vn -0.00000000 -0.00000000 -0.00000000
vn 0.00000000 0.00000000 0.00000000
vn -0.00000000 0.00000000 -0.00000000
vn -0.00000000 0.00000000 0.00000000
vn 0.00000000 -0.00000000 -0.00000000
vn -0.06201868 -0.13795779 -0.98849448
vn -0.00000000 -0.00000000 0.00000000
vn -0.00000000 -0.00000000 0.00000000
vn 0.00000000 0.00000000 -0.00000000
vn -0.00000000 0.00000000 -0.00000000
vn 0.00000000 0.00000000 0.00000000
vn -0.00000000 -0.00000000 0.00000000
vn -0.00000000 0.00000000 0.00000000
vn 0.00000000 -0.00000000 -0.00000000
vn -0.00000000 0.00000000 -0.00000000
vn 0.00000000 0.00000000 -0.00000000
vn 0.00000000 0.00000000 0.00000000
vn 0.00000000 0.00000000 -0.00000000
vn 0.00000000 0.00000000 -0.00000000
vn 0.00000000 -0.00000000 -0.00000000
vn 0.00000000 0.00000000 0.00000000
vn -0.00000000 0.00000000 0.00000000
vn -0.00000000 -0.00000000 -0.00000000
vn 0.00000000 0.00000000 -0.00000000
vn -0.00000000 -0.00000000 0.00000000
vn -0.00000000 -0.00000000 0.00000000
vn 0.00000000 0.00000000 -0.00000000
vn 0.00000000 0.00000000 0.00000000
vn -0.00000000 -0.00000000 -0.00000000
vn -0.00000000 -0.00000000 0.00000000
vn 0.00000000 -0.00000000 0.00000000
vn 0.00000000 -0.00000000 0.00000000
vn 0.00000000 0.00000000 -0.00000000
vn -0.00000000 -0.00000000 0.00000000
vn -0.00000000 -0.00000000 0.00000000
vn 0.00000000 0.00000000 -0.00000000
vn -0.00000000 -0.00000000 -0.00000000
vn -0.00000000 -0.00000000 -0.00000000
vn -0.00000000 0.00000000 -0.00000000
vn 0.00000000 0.00000000 0.00000000
vn 0.00000000 -0.00000000 0.00000000
vn 0.00000000 0.00000000 0.00000000
vn -0.00000000 -0.00000000 -0.00000000
vn -0.00000000 0.00000000 0.00000000
vn 0.00000000 0.00000000 0.00000000
vn -0.00000000 -0.00000000 0.00000000
vn 0.00000000 -0.00000000 0.00000000
vn 0.00000000 0.00000000 0.00000000
vn -0.00000000 -0.00000000 0.00000000
vn -0.00000000 0.00000000 -0.00000000
vn 0.00000000 -0.00000000 -0.00000000
vn 0.00000000 0.00000000 0.00000000
vn 0.00000000 0.00000000 0.00000000
vn -0.00000000 0.00000000 0.00000000
vn -0.00000000 -0.00000000 0.00000000
vn 0.00000000 0.00000000 -0.00000000
vn 0.00000000 0.00000000 0.00000000
vn 0.00000000 0.00000000 0.00000000
vn 0.00000000 0.00000000 -0.00000000
vn -0.00000000 -0.00000000 -0.00000000
vn -0.00000000 0.00000000 0.00000000
vn 0.00000000 0.00000000 -0.00000000
vn 0.00000000 -0.00000000 0.00000000
vn -0.00000000 -0.00000000 0.00000000
vn -0.00000000 -0.00000000 -0.00000000
vn -0.00000000 -0.00000000 0.00000000
vn -0.00000000 -0.00000000 0.00000000
vn -0.00000000 -0.00000000 -0.00000000
vn -0.00000000 -0.00000000 0.00000000
vn -0.00000000 -0.00000000 -0.00000000
vn 0.00000000 0.00000000 -0.00000000
vn -0.00000000 0.00000000 0.00000000
vn 0.11807490 0.99300469 0.00000972
vn -0.00000000 -0.00000000 0.00000000
vn 0.00000000 0.00000000 0.00000000
vn -0.00000000 -0.00000000 0.00000000
vn 0.00000000 -0.00000000 0.00000000
vn 0.00000000 -0.00000000 0.00000000
vn -0.00000000 -0.00000000 0.00000000
vn 0.00000000 -0.00000000 -0.00000000
vn -0.00000000 0.00000000 -0.00000000
vn 0.00000000 -0.00000000 0.00000000
vn 0.00000000 -0.00000000 0.00000000
vn 0.00000000 -0.00000000 -0.00000000
vn -0.00000000 0.00000000 0.00000000
vn 0.00000000 -0.00000000 -0.00000000
vn -0.00000000 0.00000000 0.00000000
vn 0.00000000 0.00000000 0.00000000
vn 0.00000000 0.00000000 -0.00000000
vn -0.00000000 0.00000000 0.00000000
vn -0.00000000 -0.00000000 -0.00000000
vn -0.00000000 0.00000000 0.00000000
vn -0.00000000 -0.00000000 0.00000000
vn 0.00000000 -0.00000000 0.00000000
vn 0.00000000 0.00000000 0.00000000
vn 0.00000000 -0.00000000 -0.00000000
vn 0.00000000 0.00000000 0.00000000
vn -0.00000000 -0.00000000 -0.00000000
vn 0.00000000 0.00000000 -0.00000000
vn -0.00000000 -0.00000000 0.00000000
vn 0.00000000 -0.00000000 0.00000000
vn -0.00000000 -0.00000000 -0.00000000
vn 0.00000000 0.00000000 -0.00000000
vn 0.00000000 0.00000000 -0.00000000
vn 0.00000000 0.00000000 -0.00000000
vn 0.00000000 -0.00000000 -0.00000000
vn -0.00000000 0.00000000 0.00000000
vn 0.00000000 -0.00000000 0.00000000
vn -0.00000000 -0.00000000 0.00000000
vn 0.00000000 -0.00000000 -0.00000000
vn 0.00000000 0.00000000 -0.00000000
vn -0.00000000 0.00000000 0.00000000
vn -0.00000000 0.00000000 -0.00000000
vn 0.00000000 -0.00000000 -0.00000000
vn 0.00000000 -0.00000000 0.00000000
vn 0.00000000 -0.00000000 -0.00000000
vn 0.00000000 -0.00000000 0.00000000
vn 0.00000000 -0.00000000 0.00000000
vn 0.00000000 0.00000000 -0.00000000
vn 0.00000000 0.00000000 -0.00000000
vn -0.00000000 0.00000000 -0.00000000
vn 0.00000000 -0.00000000 -0.00000000
vn -0.00000000 0.00000000 -0.00000000
vn -0.00000000 0.00000000 0.00000000
vn 0.00000000 -0.00000000 -0.00000000
vn -0.00000000 0.00000000 0.00000000
vn 0.00000000 -0.00000000 -0.00000000
vn 0.00000000 -0.00000000 0.00000000
vn -0.00000000 -0.00000000 0.00000000
vn 0.00000000 -0.00000000 0.00000000
vn 0.00000000 0.00000000 -0.00000000
vn 0.00000000 0.00000000 0.00000000
vn -0.00000000 -0.00000000 -0.00000000
vn 0.00000000 0.00000000 0.00000000
vn -0.00000000 0.00000000 0.00000000
vn 0.13131562 -0.99134049 0.00049387
vn -0.13791306 0.99044036 0.00280833
vn 0.00000000 -0.00000000 -0.00000000
vn -0.00000000 0.00000000 -0.00000000
vn -0.00000000 0.00000000 -0.00000000
vn 0.00000000 -0.00000000 -0.00000000
vn -0.00000000 0.00000000 -0.00000000
vn -0.00000000 0.00000000 -0.00000000
vn 0.00000000 -0.00000000 0.00000000
vn 0.00000000 -0.00000000 -0.00000000
vn 0.12253242 -0.99246176 -0.00233760
vn 0.00000000 0.00000000 0.00000000
vn 0.00000000 -0.00000000 -0.00000000
vn 0.00303873 -0.00922098 0.99995287
vn 0.00000000 0.00000000 0.00000000
vn -0.00000000 -0.00000000 0.00000000
vn 0.00000000 0.00000000 -0.00000000
vn 0.00000000 0.00000000 -0.00000000
vn -0.00000000 -0.00000000 0.00000000
vn -0.00000000 -0.00000000 0.00000000
vn -0.00000000 -0.00000000 -0.00000000
vn 0.00000000 0.00000000 -0.00000000
vn 0.00000000 0.00000000 -0.00000000
vn -0.00000000 -0.00000000 -0.00000000
vn -0.00000000 -0.00000000 -0.00000000
vn 0.00000000 0.00000000 0.00000000
vn 0.00000000 0.00000000 0.00000000
vn 0.00000000 -0.00000000 0.00000000
vn -0.00000000 -0.00000000 -0.00000000
vn 0.00000000 0.00000000 0.00000000
vn 0.00000000 0.00000000 -0.00000000
vn 0.00000000 0.00000000 0.00000000
vn -0.00000000 -0.00000000 -0.00000000
vn 0.00000000 0.00000000 0.00000000
vn -0.00000000 -0.00000000 -0.00000000
vn -0.00000000 -0.00000000 -0.00000000
vn 0.00000000 0.00000000 0.00000000
vn 0.00000000 0.00000000 0.00000000
vn 0.00000000 0.00000000 0.00000000
vn -0.00000000 -0.00000000 -0.00000000
vn -0.00000000 0.00000000 -0.00000000
vn -0.00000000 -0.00000000 -0.00000000
vn 0.00000000 -0.00000000 0.00000000
vn -0.00000000 -0.00000000 0.00000000
vn -0.00000000 -0.00000000 -0.00000000
vn -0.00000000 -0.00000000 -0.00000000
vn -0.00000000 0.00000000 0.00000000
vn 0.00000000 0.00000000 -0.00000000
vn -0.00000000 -0.00000000 -0.00000000
vn 0.00000000 0.00000000 0.00000000
vn -0.00000000 -0.00000000 0.00000000
vn 0.00000000 0.00000000 0.00000000
vn 0.00000000 0.00000000 -0.00000000
vn -0.00000000 -0.00000000 0.00000000
vn 0.00000000 0.00000000 -0.00000000
vn -0.00000000 -0.00000000 -0.00000000
vn 0.00000000 0.00000000 -0.00000000
vn -0.12742098 -0.99184650 0.00209951
vn 0.00000000 0.00000000 -0.00000000
vn -0.12334222 -0.99236367 -0.00102046
vn 0.00000000 0.00000000 0.00000000
vn -0.00000000 -0.00000000 0.00000000
vn 0.00000000 0.00000000 0.00000000
vn 0.00000000 0.00000000 -0.00000000
vn 0.00000000 -0.00000000 0.00000000
vn -0.00000000 -0.00000000 -0.00000000
vn -0.00000000 -0.00000000 0.00000000
vn 0.00000000 0.00000000 -0.00000000
vn 0.00000000 0.00000000 -0.00000000
vn -0.00000000 0.00000000 0.00000000
vn 0.00000000 0.00000000 -0.00000000
vn -0.00000000 -0.00000000 0.00000000
vn 0.00000000 0.00000000 -0.00000000
vn 0.00000000 0.00000000 0.00000000
vn 0.00000000 0.00000000 -0.00000000
vn -0.00000000 -0.00000000 -0.00000000
vn -0.00000000 0.00000000 -0.00000000
vn 0.00000000 0.00000000 -0.00000000
vn -0.00000000 -0.00000000 0.00000000
vn 0.00000000 -0.00000000 -0.00000000
vn -0.00000000 0.00000000 0.00000000
vn 0.00000000 0.00000000 0.00000000
vn 0.00000000 -0.00000000 0.00000000
vn -0.00000000 -0.00000000 -0.00000000
vn 0.00000000 -0.00000000 -0.00000000
vn -0.00000000 0.00000000 -0.00000000
vn 0.00000000 0.00000000 0.00000000
vn 0.00000000 -0.00000000 -0.00000000
vn 0.00000000 -0.00000000 -0.00000000
vn -0.00000000 -0.00000000 -0.00000000
vn -0.00000000 0.00000000 0.00000000
vn -0.00000000 0.00000000 -0.00000000
vn 0.00000000 0.00000000 -0.00000000
vn -0.00000000 -0.00000000 -0.00000000
vn -0.00000000 -0.00000000 0.00000000
vn 0.00000000 -0.00000000 -0.00000000
vn -0.00000000 0.00000000 0.00000000
vn 0.00000000 -0.00000000 0.00000000
vn 0.00000000 -0.00000000 0.00000000
vn 0.00000000 -0.00000000 0.00000000
vn 0.00000000 0.00000000 0.00000000
vn -0.00000000 0.00000000 -0.00000000
vn 0.00000000 -0.00000000 0.00000000
vn 0.00000000 -0.00000000 0.00000000
vn -0.00000000 0.00000000 -0.00000000
vn 0.00000000 -0.00000000 0.00000000
vn -0.00000000 0.00000000 0.00000000
vn -0.00000000 -0.00000000 -0.00000000
vn -0.00000000 0.00000000 0.00000000
vn 0.00000000 0.00000000 -0.00000000
vn 0.00000000 -0.00000000 -0.00000000
vn 0.00000000 0.00000000 0.00000000
vn -0.00000000 0.00000000 -0.00000000
vn -0.00000000 0.00000000 -0.00000000
vn -0.00000000 0.00000000 0.00000000
vn 0.00000000 -0.00000000 -0.00000000
vn 0.00000000 -0.00000000 0.00000000
vn 0.00000000 0.00000000 0.00000000
vn 0.00000000 -0.00000000 -0.00000000
vn -0.00000000 0.00000000 -0.00000000
vn 0.00000000 -0.00000000 -0.00000000
vn -0.00000000 0.00000000 -0.00000000
vn -0.00000000 0.00000000 0.00000000
vn -0.00000000 0.00000000 -0.00000000
vn 0.00000000 -0.00000000 -0.00000000
vn 0.00000000 -0.00000000 0.00000000
vn -0.00000000 -0.00000000 -0.00000000
vn -0.00000000 0.00000000 0.00000000
vn 0.00000000 -0.00000000 0.00000000
vn 0.00000000 0.00000000 -0.00000000
vn -0.00000000 -0.00000000 -0.00000000
vn -0.00000000 -0.00000000 0.00000000
vn -0.00000000 -0.00000000 0.00000000
vn 0.00000000 -0.00000000 -0.00000000
vn -0.00000000 0.00000000 0.00000000
vn 0.00000000 -0.00000000 0.00000000
vn -0.00000000 0.00000000 0.00000000
vn 0.00000000 -0.00000000 -0.00000000
vn 0.00000000 -0.00000000 -0.00000000
vn -0.00000000 0.00000000 -0.00000000
vn -0.00000000 0.00000000 0.00000000
vn 0.00000000 -0.00000000 -0.00000000
vn 0.00000000 -0.00000000 0.00000000
vn -0.00000000 0.00000000 -0.00000000
vn 0.00000000 -0.00000000 -0.00000000
vn 0.00000000 0.00000000 0.00000000
vn 0.00000000 -0.00000000 -0.00000000
vn -0.00000000 0.00000000 -0.00000000
vn -0.00000000 0.00000000 -0.00000000
vn 0.00000000 -0.00000000 0.00000000
vn 0.00000000 -0.00000000 0.00000000
vn -0.00000000 0.00000000 -0.00000000
vn -0.00000000 0.00000000 0.00000000
vn 0.00000000 -0.00000000 -0.00000000
vn 0.00000000 -0.00000000 0.00000000
vn -0.00000000 0.00000000 0.00000000
vn 0.00000000 -0.00000000 0.00000000
vn 0.37679103 -0.92629819 0.00043516
vn -0.38407765 0.92329996 0.00124163
vn -0.00000000 0.00000000 -0.00000000
vn -0.00000000 0.00000000 0.00000000
vn -0.00000000 0.00000000 -0.00000000
vn -0.00000000 0.00000000 0.00000000
vn 0.00000000 -0.00000000 -0.00000000
vn -0.00000000 0.00000000 -0.00000000
vn 0.00000000 -0.00000000 0.00000000
vn 0.00000000 -0.00000000 0.00000000
vn 0.00000000 0.00000000 0.00000000
vn 0.00000000 -0.00000000 0.00000000
vn 0.00000000 -0.00000000 0.00000000
vn 0.00000000 0.00000000 0.00000000
vn 0.00000000 -0.00000000 -0.00000000
vn -0.12933882 0.99159762 0.00237401
vn 0.00000000 -0.00000000 -0.00000000
vn 0.00000000 0.00000000 -0.00000000
vn -0.00000000 -0.00000000 0.00000000
vn 0.00000000 0.00000000 -0.00000000
vn 0.00000000 0.00000000 -0.00000000
vn -0.00000000 -0.00000000 0.00000000
vn -0.00000000 -0.00000000 0.00000000
vn -0.00000000 -0.00000000 0.00000000
vn -0.00000000 0.00000000 -0.00000000
vn 0.00000000 0.00000000 -0.00000000
vn 0.00000000 0.00000000 0.00000000
vn -0.00000000 0.00000000 0.00000000
vn -0.00000000 -0.00000000 -0.00000000
vn 0.00000000 -0.00000000 -0.00000000
vn 0.00000000 0.00000000 0.00000000
vn -0.00000000 0.00000000 -0.00000000
vn 0.00000000 0.00000000 0.00000000
vn -0.00000000 -0.00000000 0.00000000
vn -0.00000000 -0.00000000 -0.00000000
vn 0.38577212 0.92259392 -0.00056757
vn -0.00000000 -0.00000000 0.00000000
vn 0.00000000 0.00000000 -0.00000000
vn -0.00000000 -0.00000000 0.00000000
vn 0.00000000 0.00000000 0.00000000
vn -0.00000000 -0.00000000 -0.00000000
vn -0.00000000 -0.00000000 0.00000000
vn -0.00000000 -0.00000000 0.00000000
vn 0.00000000 0.00000000 0.00000000
vn 0.00000000 0.00000000 0.00000000
vn 0.00000000 0.00000000 0.00000000
vn 0.00000000 0.00000000 -0.00000000
vn -0.00000000 -0.00000000 0.00000000
vn 0.00000000 0.00000000 -0.00000000
vn -0.00000000 -0.00000000 0.00000000
vn -0.00000000 -0.00000000 0.00000000
vn -0.38823969 -0.92155843 -0.00008082
vn -0.00000000 0.00000000 0.00000000
vn 0.00000000 -0.00000000 -0.00000000
vn 0.00000000 0.00000000 -0.00000000
vn 0.00000000 0.00000000 0.00000000
vn 0.00000000 0.00000000 0.00000000
vn 0.00000000 0.00000000 0.00000000
vn -0.00000000 0.00000000 0.00000000
vn 0.00000000 0.00000000 0.00000000
vn 0.00000000 -0.00000000 0.00000000
vn 0.00000000 -0.00000000 -0.00000000
vn 0.00000000 -0.00000000 0.00000000
vn -0.00000000 0.00000000 0.00000000
vn -0.00000000 0.00000000 0.00000000
vn 0.00000000 -0.00000000 0.00000000
vn 0.00000000 -0.00000000 -0.00000000
vn 0.00000000 -0.00000000 -0.00000000
vn 0.00000000 -0.00000000 -0.00000000
vn -0.00000000 0.00000000 -0.00000000
vn -0.00000000 0.00000000 -0.00000000
vn -0.00000000 0.00000000 0.00000000
vn 0.00000000 -0.00000000 0.00000000
vn -0.00000000 0.00000000 -0.00000000
vn 0.00000000 -0.00000000 -0.00000000
vn 0.00000000 -0.00000000 0.00000000
vn 0.00000000 -0.00000000 -0.00000000
vn -0.00000000 0.00000000 -0.00000000
vn -0.00000000 0.00000000 -0.00000000
vn -0.00000000 0.00000000 0.00000000
vn -0.00000000 0.00000000 -0.00000000
vn 0.00000000 0.00000000 0.00000000
vn 0.00000000 -0.00000000 -0.00000000
vn -0.00000000 0.00000000 -0.00000000
vn 0.00000000 -0.00000000 0.00000000
vn 0.04967700 -0.03763409 -0.99805605
vn -0.00000000 0.00000000 0.00000000
vn 0.00000000 0.00000000 0.00000000
vn -0.00000000 0.00000000 -0.00000000
vn 0.00000000 -0.00000000 -0.00000000
vn 0.00000000 -0.00000000 0.00000000
vn 0.00000000 -0.00000000 -0.00000000
vn -0.00000000 0.00000000 0.00000000
vn 0.00000000 -0.00000000 -0.00000000
vn 0.00000000 -0.00000000 0.00000000
vn -0.00000000 -0.00000000 0.00000000
vn -0.00000000 0.00000000 0.00000000
vn -0.00000000 0.00000000 -0.00000000
vn 0.00000000 -0.00000000 -0.00000000
vn 0.00000000 -0.00000000 0.00000000
vn -0.00000000 0.00000000 -0.00000000
vn 0.00000000 0.00000000 0.00000000
vn -0.00000000 -0.00000000 0.00000000
vn 0.00000000 0.00000000 0.00000000
vn 0.00000000 -0.00000000 -0.00000000
vn 0.00000000 -0.00000000 -0.00000000
vn -0.00000000 -0.00000000 -0.00000000
vn -0.00000000 -0.00000000 0.00000000
vn -0.00000000 0.00000000 -0.00000000
vn 0.00000000 -0.00000000 0.00000000
vn 0.00000000 -0.00000000 0.00000000
vn -0.00000000 0.00000000 0.00000000
vn -0.00000000 0.00000000 -0.00000000
vn 0.00000000 -0.00000000 -0.00000000
vn -0.00000000 0.00000000 0.00000000
vn -0.00000000 0.00000000 -0.00000000
vn 0.00000000 -0.00000000 -0.00000000
vn 0.00000000 -0.00000000 -0.00000000
vn -0.00000000 0.00000000 -0.00000000
vn -0.00000000 0.00000000 -0.00000000
vn 0.00000000 -0.00000000 0.00000000
vn 0.00000000 -0.00000000 -0.00000000
vn 0.00000000 0.00000000 0.00000000
vn 0.00000000 0.00000000 -0.00000000
vn -0.01228144 -0.00467864 -0.99991363
vn -0.00000000 -0.00000000 0.00000000
vn -0.00000000 -0.00000000 -0.00000000
vn 0.00000000 0.00000000 0.00000000
vn 0.00000000 0.00000000 0.00000000
vn 0.00000000 0.00000000 -0.00000000
vn 0.00000000 0.00000000 -0.00000000
vn -0.00000000 -0.00000000 0.00000000
vn -0.00000000 -0.00000000 -0.00000000
vn 0.00000000 0.00000000 0.00000000
vn 0.00000000 0.00000000 0.00000000
vn -0.00000000 -0.00000000 -0.00000000
vn 0.00000000 -0.00000000 0.00000000
vn 0.00000000 0.00000000 0.00000000
vn 0.00000000 0.00000000 -0.00000000
vn -0.00000000 -0.00000000 0.00000000
vn -0.00000000 -0.00000000 -0.00000000
vn 0.00000000 0.00000000 0.00000000
vn 0.00000000 0.00000000 -0.00000000
vn 0.00000000 0.00000000 0.00000000
vn 0.00000000 -0.00000000 0.00000000
vn 0.00000000 0.00000000 0.00000000
vn -0.00000000 -0.00000000 0.00000000
vn 0.00000000 0.00000000 -0.00000000
vn 0.00000000 0.00000000 -0.00000000
vn -0.00000000 -0.00000000 -0.00000000
vn -0.00000000 -0.00000000 0.00000000
vn 0.00000000 0.00000000 -0.00000000
vn 0.00000000 0.00000000 0.00000000
vn 0.00000000 0.00000000 0.00000000
vn -0.00000000 -0.00000000 -0.00000000
vn -0.00000000 -0.00000000 0.00000000
vn 0.00000000 0.00000000 0.00000000
vn -0.00000000 -0.00000000 0.00000000
vn -0.00000000 0.00000000 -0.00000000
vn 0.00000000 0.00000000 0.00000000
vn -0.00000000 -0.00000000 0.00000000
vn -0.00000000 -0.00000000 -0.00000000
vn 0.00000000 0.00000000 0.00000000
vn 0.00000000 0.00000000 0.00000000
vn -0.00000000 -0.00000000 0.00000000
vn 0.00000000 0.00000000 0.00000000
vn 0.00000000 0.00000000 -0.00000000
vn 0.00000000 0.00000000 -0.00000000
vn -0.00000000 -0.00000000 -0.00000000
vn -0.00000000 -0.00000000 0.00000000
vn -0.00000000 -0.00000000 -0.00000000
vn -0.00000000 -0.00000000 0.00000000
vn 0.09563570 0.09618612 0.99075832
vn 0.01229226 -0.01756037 0.99977024
vn -0.00000000 0.00000000 -0.00000000
vn -0.00000000 -0.00000000 -0.00000000
vn -0.00000000 -0.00000000 0.00000000
vn 0.00000000 0.00000000 0.00000000
vn -0.00000000 -0.00000000 0.00000000
vn -0.00000000 -0.00000000 -0.00000000
vn 0.00000000 0.00000000 -0.00000000
vn -0.00000000 -0.00000000 0.00000000
vn 0.00000000 0.00000000 0.00000000
vn 0.00000000 0.00000000 0.00000000
vn 0.00000000 0.00000000 0.00000000
vn -0.00000000 -0.00000000 -0.00000000
vn -0.00000000 -0.00000000 -0.00000000
vn 0.00000000 0.00000000 0.00000000
vn 0.00000000 0.00000000 -0.00000000
vn -0.00000000 -0.00000000 -0.00000000
vn -0.00000000 -0.00000000 0.00000000
vn 0.00000000 0.00000000 -0.00000000
vn -0.00000000 -0.00000000 0.00000000
vn -0.00000000 -0.00000000 0.00000000
vn 0.00000000 0.00000000 0.00000000
vn 0.00000000 0.00000000 -0.00000000
vn 0.00000000 0.00000000 0.00000000
vn -0.00000000 0.00000000 0.00000000
vn -0.00000000 0.00000000 -0.00000000
vn 0.00000000 -0.00000000 0.00000000
vn 0.00000000 -0.00000000 -0.00000000
vn 0.00000000 -0.00000000 0.00000000
vn -0.00000000 0.00000000 -0.00000000
vn 0.00000000 -0.00000000 0.00000000
vn 0.00000000 -0.00000000 0.00000000
vn 0.00000000 0.00000000 0.00000000
vn -0.00000000 0.00000000 0.00000000
vn 0.00000000 -0.00000000 0.00000000
vn 0.00000000 -0.00000000 -0.00000000
vn -0.00000000 0.00000000 -0.00000000
vn -0.00000000 0.00000000 -0.00000000
vn 0.00000000 -0.00000000 0.00000000
vn 0.00000000 -0.00000000 -0.00000000
vn -0.00000000 0.00000000 0.00000000
vn -0.00000000 0.00000000 0.00000000
vn 0.00000000 -0.00000000 0.00000000
vn -0.00000000 0.00000000 0.00000000
vn 0.00000000 -0.00000000 0.00000000
vn -0.00000000 0.00000000 0.00000000
vn 0.00000000 -0.00000000 0.00000000
vn -0.00000000 0.00000000 -0.00000000
vn 0.00000000 -0.00000000 -0.00000000
vn -0.00000000 0.00000000 0.00000000
vn -0.00000000 0.00000000 0.00000000
vn -0.00000000 0.00000000 -0.00000000
vn 0.00000000 -0.00000000 -0.00000000
vn -0.00000000 0.00000000 0.00000000
vn 0.00000000 -0.00000000 -0.00000000
vn 0.00000000 -0.00000000 0.00000000
vn 0.00000000 -0.00000000 -0.00000000
vn -0.00000000 0.00000000 -0.00000000
vn -0.00000000 0.00000000 -0.00000000
vn -0.00000000 0.00000000 -0.00000000
vn -0.00000000 0.00000000 0.00000000
vn 0.00000000 -0.00000000 -0.00000000
vn 0.00000000 -0.00000000 -0.00000000
vn 0.14449879 -0.05739906 -0.98783878
vn -0.04294565 0.01455427 0.99897139
vn -0.00142845 0.00000000 0.99999898
vn -0.00000000 0.00000000 -0.00000000
vn -0.00000000 0.00000000 -0.00000000
vn 0.00000000 -0.00000000 0.00000000
vn 0.00000000 -0.00000000 0.00000000
vn 0.00000000 -0.00000000 0.00000000
vn -0.00000000 0.00000000 -0.00000000
vn 0.00000000 -0.00000000 0.00000000
vn 0.00000000 -0.00000000 0.00000000
vn 0.00000000 0.00000000 -0.00000000
vn -0.00000000 0.00000000 -0.00000000
vn 0.00000000 -0.00000000 0.00000000
vn -0.00000000 0.00000000 0.00000000
vn -0.00000000 0.00000000 0.00000000
vn 0.00000000 -0.00000000 0.00000000
vn -0.00000000 0.00000000 0.00000000
vn 0.00000000 -0.00000000 0.00000000
vn -0.00000000 0.00000000 -0.00000000
vn 0.00000000 -0.00000000 -0.00000000
vn 0.00000000 -0.00000000 0.00000000
vn 0.00000000 0.00000000 0.00000000
vn -0.00000000 0.00000000 0.00000000
vn -0.00000000 0.00000000 -0.00000000
vn -0.00000000 0.00000000 0.00000000
vn 0.04943421 -0.03422369 -0.99819086
vn 0.00000000 0.00000000 -0.00000000
vn -0.00000000 0.00000000 0.00000000
vn -0.00000000 0.00000000 -0.00000000
vn 0.00000000 -0.00000000 0.00000000
vn -0.92243348 0.38615565 0.00053208
vn -0.00000000 0.00000000 0.00000000
vn -0.00564115 -0.00282058 0.99998011
vn 0.00000000 0.00000000 -0.00000000
vn -0.78886124 0.61457124 0.00037051
vn -0.79343799 0.60863999 0.00367624
vn 0.00000000 -0.00000000 -0.00000000
vn 0.00000000 -0.00000000 -0.00000000
vn -0.00000000 0.00000000 -0.00000000
vn 0.00000000 -0.00000000 -0.00000000
vn 0.79515229 -0.60640402 0.00264832
vn 0.00000000 -0.00000000 0.00000000
vn 0.00000000 -0.00000000 0.00000000
vn 0.00000000 -0.00000000 0.00000000
vn 0.00000000 -0.00000000 0.00000000
vn -0.78804565 0.61561677 -0.00021880
vn -0.00000000 -0.00000000 0.00000000
vn -0.00000000 0.00000000 -0.00000000
vn 0.00000000 0.00000000 -0.00000000
vn 0.00000000 0.00000000 0.00000000
vn 0.00000000 0.00000000 0.00000000
vn -0.00000000 -0.00000000 0.00000000
vn 0.00000000 0.00000000 0.00000000
vn -0.00000000 -0.00000000 0.00000000
vn -0.00000000 -0.00000000 0.00000000
vn 0.00000000 0.00000000 0.00000000
vn 0.00000000 0.00000000 0.00000000
vn -0.00000000 -0.00000000 -0.00000000
vn 0.00000000 0.00000000 0.00000000
vn 0.00000000 0.00000000 0.00000000
vn 0.00000000 0.00000000 -0.00000000
vn 0.00000000 0.00000000 0.00000000
vn 0.00000000 0.00000000 -0.00000000
vn -0.00000000 0.00000000 0.00000000
vn -0.00000000 -0.00000000 -0.00000000
vn 0.00000000 0.00000000 -0.00000000
vn 0.00000000 -0.00000000 0.00000000
vn -0.00000000 -0.00000000 0.00000000
vn 0.00000000 0.00000000 -0.00000000
vn 0.00000000 0.00000000 -0.00000000
vn 0.00000000 0.00000000 -0.00000000
vn -0.00000000 -0.00000000 -0.00000000
vn 0.79490249 0.60673716 0.00022586
vn -0.07152754 -0.08372905 -0.99391813
vn 0.00000000 0.00000000 0.00000000
vn -0.79591680 -0.60540480 -0.00121025
vn 0.00000000 0.00000000 0.00000000
vn 0.00000000 0.00000000 0.00000000
vn -0.00000000 -0.00000000 0.00000000
vn 0.80069976 0.59905655 0.00333844
vn -0.00000000 -0.00000000 0.00000000
vn -0.00000000 -0.00000000 -0.00000000
vn -0.00000000 -0.00000000 -0.00000000
vn 0.00000000 0.00000000 -0.00000000
vn -0.00000000 -0.00000000 0.00000000
vn -0.00000000 -0.00000000 0.00000000
vn -0.00000000 -0.00000000 -0.00000000
vn -0.00000000 -0.00000000 -0.00000000
vn 0.00000000 0.00000000 -0.00000000
vn 0.00000000 0.00000000 0.00000000
vn 0.00000000 0.00000000 0.00000000
vn -0.00000000 -0.00000000 -0.00000000
vn 0.79634678 0.60483953 -0.00097926
vn 0.00000000 0.00000000 0.00000000
vn 0.78210026 0.62315196 0.00090406
vn 0.00000000 -0.00000000 -0.00000000
vn -0.79158075 -0.61106446 0.00036954
vn 0.00000000 0.00000000 -0.00000000
vn 0.00000000 0.00000000 -0.00000000
vn 0.00000000 0.00000000 0.00000000
vn 0.00000000 0.00000000 0.00000000
vn 0.00000000 0.00000000 -0.00000000
vn -0.00000000 -0.00000000 -0.00000000
vn -0.00000000 -0.00000000 0.00000000
vn -0.00000000 -0.00000000 -0.00000000
vn 0.79469217 0.60700566 0.00291204
vn 0.00000000 0.00000000 0.00000000
vn -0.00000000 -0.00000000 -0.00000000
vn 0.00000000 0.00000000 -0.00000000
vn -0.00000000 -0.00000000 0.00000000
vn 0.00000000 0.00000000 0.00000000
vn 0.00000000 0.00000000 -0.00000000
vn 0.00000000 0.00000000 0.00000000
vn -0.01071030 -0.00455758 -0.99993226
vn 0.74603395 0.56729665 0.34872316
vn 0.00000000 0.00000000 0.00000000
vn 0.87275846 0.48425724 0.06154339
vn -0.00000000 -0.00000000 -0.00000000
vn -0.87251242 -0.48469236 -0.06160679
vn 0.00000000 0.00000000 0.00000000
vn 0.00000000 0.00000000 -0.00000000
vn 0.00000000 -0.00000000 -0.00000000
vn -0.78901730 -0.61437092 -0.00025626
vn 0.00000000 0.00000000 0.00000000
vn 0.00000000 0.00000000 0.00000000
vn 0.00000000 -0.00000000 0.00000000
vn -0.00000000 0.00000000 0.00000000
vn 0.00000000 -0.00000000 -0.00000000
vn -0.00000000 0.00000000 -0.00000000
vn 0.00000000 -0.00000000 0.00000000
vn -0.00000000 0.00000000 -0.00000000
vn 0.00000000 -0.00000000 0.00000000
vn -0.00000000 -0.00000000 -0.00000000
vn 0.00000000 -0.00000000 0.00000000
vn 0.00000000 -0.00000000 -0.00000000
vn -0.00000000 0.00000000 0.00000000
vn -0.00000000 0.00000000 0.00000000
vn -0.00000000 -0.00000000 0.00000000
vn 0.00000000 -0.00000000 0.00000000
vn 0.00000000 -0.00000000 0.00000000
vn -0.00000000 0.00000000 0.00000000
vn 0.92195944 -0.38728569 0.00076221
vn 0.92285110 -0.38515687 -0.00017845
vn 0.00000000 -0.00000000 -0.00000000
vn 0.00000000 -0.00000000 0.00000000
vn 0.00000000 -0.00000000 0.00000000
vn 0.00000000 -0.00000000 0.00000000
vn -0.00000000 0.00000000 0.00000000
vn -0.00000000 0.00000000 -0.00000000
vn -0.00000000 0.00000000 -0.00000000
vn 0.00000000 -0.00000000 -0.00000000
vn 0.92351575 -0.38355695 0.00164921
vn 0.92471989 -0.38064784 -0.00057946
vn -0.00000000 0.00000000 0.00000000
vn 0.92222201 -0.38666079 0.00000000
vn -0.00000000 0.00000000 -0.00000000
vn -0.00000000 0.00000000 0.00000000
vn -0.00000000 0.00000000 0.00000000
vn -0.00000000 0.00000000 0.00000000
vn -0.92591773 0.37770537 0.00387559
vn 0.00000000 -0.00000000 -0.00000000
vn 0.00000000 -0.00000000 0.00000000
vn 0.00000000 -0.00000000 -0.00000000
vn 0.00000000 -0.00000000 -0.00000000
vn 0.92230938 -0.38645234 -0.00001050
vn 0.92374796 -0.38300093 0.00000046
vn -0.00000000 0.00000000 0.00000000
vn -0.00000000 0.00000000 -0.00000000
vn 0.00000000 -0.00000000 -0.00000000
vn 0.00000000 -0.00000000 -0.00000000
vn -0.00000000 0.00000000 -0.00000000
vn 0.00000000 -0.00000000 0.00000000
vn 0.00000000 -0.00000000 0.00000000
vn -0.00000000 0.00000000 -0.00000000
vn 0.00000000 -0.00000000 -0.00000000
vn -0.00000000 0.00000000 -0.00000000
vn 0.00000000 -0.00000000 0.00000000
vn -0.00000000 0.00000000 0.00000000
vn 0.00000000 -0.00000000 -0.00000000
vn -0.00000000 0.00000000 -0.00000000
vn -0.00000000 0.00000000 -0.00000000
vn -0.00000000 0.00000000 0.00000000
vn -0.00000000 -0.00000000 -0.00000000
vn 0.00000000 -0.00000000 -0.00000000
vn 0.00000000 0.00000000 0.00000000
vn 0.00000000 0.00000000 0.00000000
vn 0.00000000 -0.00000000 0.00000000
vn 0.00000000 -0.00000000 -0.00000000
vn -0.00000000 0.00000000 0.00000000
vn 0.00000000 -0.00000000 -0.00000000
vn -0.00000000 -0.00000000 -0.00000000
vn -0.00000000 -0.00000000 0.00000000
vn -0.00000000 0.00000000 0.00000000
vn 0.00000000 -0.00000000 0.00000000
vn 0.00000000 0.00000000 -0.00000000
vn -0.00000000 0.00000000 0.00000000
vn -0.00000000 -0.00000000 -0.00000000
vn 0.00000000 0.00000000 -0.00000000
vn -0.00000000 0.00000000 -0.00000000
vn -0.00000000 0.00000000 -0.00000000
vn 0.78551577 -0.61884163 -0.00008434
vn 0.00000000 0.00000000 0.00000000
vn -0.00000000 0.00000000 0.00000000
vn -0.03861133 -0.00168793 0.99925288
vn 0.00000000 -0.00000000 -0.00000000
vn -0.00000000 0.00000000 0.00000000
vn 0.00000000 -0.00000000 -0.00000000
vn 0.00000000 -0.00000000 0.00000000
vn -0.00000000 0.00000000 0.00000000
vn -0.00000000 -0.00000000 0.00000000
vn 0.00000000 -0.00000000 -0.00000000
vn -0.00000000 0.00000000 0.00000000
vn -0.00000000 0.00000000 0.00000000
vn -0.00000000 0.00000000 -0.00000000
vn 0.00000000 -0.00000000 -0.00000000
vn 0.00000000 0.00000000 -0.00000000
vn -0.00000000 -0.00000000 0.00000000
vn -0.00000000 -0.00000000 0.00000000
vn -0.00000000 -0.00000000 -0.00000000
vn -0.00000000 0.00000000 0.00000000
vn 0.00000000 0.00000000 0.00000000
vn -0.00000000 -0.00000000 -0.00000000
vn -0.00000000 -0.00000000 0.00000000
vn -0.00000000 -0.00000000 -0.00000000
vn 0.00000000 0.00000000 -0.00000000
vn 0.00000000 0.00000000 0.00000000
vn -0.00000000 -0.00000000 -0.00000000
vn -0.00000000 -0.00000000 0.00000000
vn -0.00000000 -0.00000000 -0.00000000
vn -0.00000000 -0.00000000 0.00000000
vn -0.00000000 -0.00000000 0.00000000
vn -0.00000000 -0.00000000 -0.00000000
vn -0.00000000 -0.00000000 0.00000000
vn 0.00000000 0.00000000 -0.00000000
vn 0.00000000 0.00000000 -0.00000000
vn -0.00000000 -0.00000000 -0.00000000
vn 0.00000000 0.00000000 -0.00000000
vn -0.00000000 0.00000000 0.00000000
vn 0.00000000 -0.00000000 0.00000000
vn 0.00000000 -0.00000000 -0.00000000
vn -0.00000000 0.00000000 -0.00000000
vn -0.00000000 -0.00000000 0.00000000
vn 0.00000000 0.00000000 0.00000000
vn -0.00000000 -0.00000000 -0.00000000
vn 0.00000000 0.00000000 0.00000000
vn 0.00000000 0.00000000 -0.00000000
vn -0.00000000 -0.00000000 -0.00000000
vn -0.00000000 -0.00000000 0.00000000
vn -0.00000000 0.00000000 -0.00000000
vn -0.00000000 -0.00000000 0.00000000
vn 0.00000000 0.00000000 0.00000000
vn 0.00000000 0.00000000 0.00000000
vn -0.00000000 -0.00000000 -0.00000000
vn 0.00000000 0.00000000 -0.00000000
vn -0.00000000 0.00000000 0.00000000
vn 0.00000000 0.00000000 0.00000000
vn -0.00000000 -0.00000000 0.00000000
vn -0.00000000 -0.00000000 0.00000000
vn 0.00000000 0.00000000 -0.00000000
vn -0.00000000 -0.00000000 -0.00000000
vn 0.00000000 -0.00000000 0.00000000
vn -0.00000000 -0.00000000 -0.00000000
vn 0.00000000 0.00000000 0.00000000
vn -0.00000000 -0.00000000 -0.00000000
vn -0.00000000 -0.00000000 -0.00000000
vn 0.00000000 -0.00000000 0.00000000
vn 0.00000000 0.00000000 -0.00000000
vn 0.00000000 0.00000000 0.00000000
vn 0.00000000 0.00000000 0.00000000
vn -0.00000000 -0.00000000 -0.00000000
vn 0.01002553 0.00637136 0.99992944
vn -0.00000000 -0.00000000 0.00000000
vn -0.01530675 -0.00283927 -0.99987881
vn 0.00000000 0.00000000 -0.00000000
vn 0.00000000 -0.00000000 0.00000000
vn -0.92348397 -0.38363684 -0.00037699
vn 0.00000000 0.00000000 0.00000000
vn 0.00000000 0.00000000 -0.00000000
vn -0.00535623 -0.00247868 0.99998258
vn 0.00000000 -0.00000000 0.00000000
vn 0.92288136 0.38508436 0.00019510
vn 0.92500505 0.37995398 0.00079681
vn 0.00000000 0.00000000 0.00000000
vn 0.00000000 0.00000000 0.00000000
vn 0.00000000 0.00000000 -0.00000000
vn 0.00000000 0.00000000 -0.00000000
vn 0.00000000 0.00000000 -0.00000000
vn -0.00000000 -0.00000000 0.00000000
vn 0.00000000 0.00000000 0.00000000
vn 0.00000000 0.00000000 0.00000000
vn 0.00000000 0.00000000 0.00000000
vn 0.00000000 0.00000000 -0.00000000
vn 0.00000000 0.00000000 0.00000000
vn -0.00000000 -0.00000000 -0.00000000
vn 0.00000000 -0.00000000 -0.00000000
vn 0.00000000 -0.00000000 0.00000000
vn -0.00000000 -0.00000000 -0.00000000
vn -0.92098067 0.38960774 0.00065096
vn -0.00000000 0.00000000 -0.00000000
vn -0.99255860 0.12176791 -0.00009752
vn 0.00000000 -0.00000000 0.00000000
vn 0.00000000 -0.00000000 0.00000000
vn 0.00000000 -0.00000000 0.00000000
vn -0.00000000 0.00000000 0.00000000
vn 0.00000000 -0.00000000 0.00000000
vn -0.00000000 0.00000000 -0.00000000
vn -0.00000000 0.00000000 -0.00000000
vn -0.00000000 0.00000000 -0.00000000
vn -0.99059294 0.13683494 -0.00134769
vn -0.99256619 0.12170560 -0.00031707
vn -0.00000000 0.00000000 0.00000000
vn -0.00000000 0.00000000 0.00000000
vn 0.00000000 -0.00000000 0.00000000
vn 0.00000000 0.00000000 0.00000000
vn 0.00000000 -0.00000000 -0.00000000
vn -0.00000000 0.00000000 -0.00000000
vn -0.00000000 0.00000000 0.00000000
vn -0.00591099 -0.00052777 -0.99998239
vn 0.00000000 0.00000000 0.00000000
vn -0.00000000 0.00000000 0.00000000
vn 0.00000000 0.00000000 -0.00000000
vn -0.00000000 -0.00000000 0.00000000
vn 0.00000000 0.00000000 0.00000000
vn 0.00000000 0.00000000 -0.00000000
vn -0.00000000 -0.00000000 -0.00000000
vn 0.00000000 0.00000000 0.00000000
vn 0.00000000 0.00000000 0.00000000
vn 0.00000000 0.00000000 -0.00000000
vn 0.00000000 0.00000000 0.00000000
vn -0.00000000 -0.00000000 -0.00000000
vn -0.99288448 -0.11908098 0.00035454
vn -0.00000000 -0.00000000 0.00000000
vn -0.00000000 -0.00000000 0.00000000
vn -0.00000000 0.00000000 0.00000000
vn -0.00000000 -0.00000000 -0.00000000
vn -0.00000000 -0.00000000 0.00000000
vn 0.00000000 0.00000000 0.00000000
vn 0.99345318 0.11418909 -0.00340968
vn -0.00000000 -0.00000000 -0.00000000
vn 0.99219838 -0.12465822 -0.00164664
vn -0.00000000 0.00000000 0.00000000
vn 0.00000000 -0.00000000 0.00000000
vn -0.00000000 0.00000000 0.00000000
vn -0.00000000 0.00000000 -0.00000000
vn 0.00000000 -0.00000000 0.00000000
vn 0.00000000 0.00000000 -0.00000000
vn 0.00000000 0.00000000 0.00000000
vn -0.00000000 -0.00000000 -0.00000000
vn -0.00000000 -0.00000000 0.00000000
vn 0.00000000 0.00000000 -0.00000000
vn 0.00000000 0.00000000 0.00000000
vn -0.00000000 -0.00000000 -0.00000000
vn 0.00000000 0.00000000 0.00000000
vn 0.00000000 -0.00000000 0.00000000
vn -0.00000000 -0.00000000 -0.00000000
vn 0.00000000 0.00000000 0.00000000
vn 0.00000000 0.00000000 0.00000000
vn -0.00000000 0.00000000 -0.00000000
vn 0.00000000 0.00000000 0.00000000
vn 0.00000000 0.00000000 0.00000000
vn -0.00000000 0.00000000 0.00000000
vn -0.00000000 0.00000000 -0.00000000
vn -0.00000000 -0.00000000 0.00000000
vn -0.00000000 -0.00000000 0.00000000
vn -0.00000000 -0.00000000 -0.00000000
vn -0.00000000 0.00000000 0.00000000
vn 0.00000000 -0.00000000 -0.00000000
vn -0.00000000 0.00000000 -0.00000000
vn -0.00000000 0.00000000 0.00000000
vn 0.00000000 -0.00000000 -0.00000000
vn 0.00000000 0.00000000 0.00000000
vn 0.00000000 -0.00000000 0.00000000
vn 0.00000000 0.00000000 0.00000000
vn 0.00000000 0.00000000 0.00000000
vn -0.00000000 -0.00000000 -0.00000000
vn -0.00000000 0.00000000 0.00000000
vn 0.00000000 -0.00000000 -0.00000000
vn -0.00000000 0.00000000 0.00000000
vn 0.00000000 -0.00000000 -0.00000000
vn 0.00000000 0.00000000 0.00000000
vn -0.00000000 0.00000000 0.00000000
vn 0.00000000 0.00000000 -0.00000000
vn -0.00000000 -0.00000000 -0.00000000
vn 0.00000000 -0.00000000 -0.00000000
vn -0.00000000 0.00000000 -0.00000000
vn -0.00000000 -0.00000000 0.00000000
vn 0.00000000 0.00000000 0.00000000
vn 0.00000000 0.00000000 -0.00000000
vn -0.00000000 0.00000000 0.00000000
vn -0.00000000 -0.00000000 -0.00000000
vn -0.00000000 -0.00000000 0.00000000
vn -0.00000000 0.00000000 -0.00000000
vn 0.00000000 -0.00000000 -0.00000000
vn -0.00000000 0.00000000 0.00000000
vn 0.00000000 -0.00000000 -0.00000000
vn 0.00000000 0.00000000 0.00000000
vn -0.00000000 0.00000000 0.00000000
vn 0.00000000 0.00000000 0.00000000
vn -0.00000000 -0.00000000 0.00000000
vn -0.00000000 0.00000000 0.00000000
vn 0.00000000 -0.00000000 0.00000000
vn 0.00000000 0.00000000 0.00000000
vn -0.00000000 -0.00000000 -0.00000000
vn 0.00000000 -0.00000000 0.00000000
vn 0.00000000 0.00000000 -0.00000000
vn 0.00000000 -0.00000000 0.00000000
vn -0.00000000 -0.00000000 0.00000000
vn 0.00000000 0.00000000 -0.00000000
vn 0.00000000 -0.00000000 -0.00000000
vn -0.00000000 -0.00000000 0.00000000
vn -0.00000000 0.00000000 0.00000000
vn 0.00000000 0.00000000 0.00000000
vn -0.00000000 0.00000000 -0.00000000
vn 0.00000000 -0.00000000 0.00000000
vn -0.00000000 0.00000000 0.00000000
vn 0.00000000 -0.00000000 0.00000000
vn 0.00000000 0.00000000 0.00000000
vn 0.00000000 -0.00000000 -0.00000000
vn -0.00000000 -0.00000000 0.00000000
vn 0.00000000 0.00000000 -0.00000000
vn 0.00000000 0.00000000 0.00000000
vn 0.00000000 0.00000000 -0.00000000
vn 0.00000000 0.00000000 -0.00000000
vn 0.00000000 0.00000000 -0.00000000
vn -0.00000000 -0.00000000 -0.00000000
vn 0.00000000 -0.00000000 -0.00000000
vn 0.00000000 -0.00000000 0.00000000
vn 0.00000000 0.00000000 -0.00000000
vn 0.00000000 0.00000000 0.00000000
vn -0.00000000 0.00000000 -0.00000000
vn 0.00000000 -0.00000000 0.00000000
vn -0.00000000 0.00000000 -0.00000000
vn 0.00000000 0.00000000 -0.00000000
vn 0.00000000 -0.00000000 0.00000000
vn -0.00000000 0.00000000 0.00000000
vn 0.00000000 -0.00000000 -0.00000000
vn -0.00000000 0.00000000 0.00000000
vn 0.00000000 -0.00000000 0.00000000
vn -0.00000000 0.00000000 -0.00000000
vn 0.00000000 0.00000000 -0.00000000
vn 0.00000000 0.00000000 0.00000000
vn -0.00000000 -0.00000000 -0.00000000
vn -0.00000000 -0.00000000 -0.00000000
vn 0.00000000 -0.00000000 -0.00000000
vn 0.00000000 0.00000000 0.00000000
vn 0.00000000 -0.00000000 0.00000000
vn -0.00000000 0.00000000 -0.00000000
vn -0.00000000 0.00000000 0.00000000
vn 0.00000000 0.00000000 0.00000000
vn 0.00000000 0.00000000 -0.00000000
vn -0.00000000 0.00000000 0.00000000
vn 0.00000000 -0.00000000 -0.00000000
vn -0.00000000 -0.00000000 -0.00000000
vn 0.00000000 0.00000000 0.00000000
vn -0.00000000 0.00000000 -0.00000000
vn -0.00000000 0.00000000 0.00000000
vn -0.00000000 -0.00000000 0.00000000
vn -0.00000000 -0.00000000 0.00000000
vn -0.00000000 0.00000000 0.00000000
vn -0.00000000 -0.00000000 0.00000000
vn 0.00000000 0.00000000 0.00000000
vn 0.00000000 0.00000000 -0.00000000
vn 0.00000000 0.00000000 -0.00000000
vn 0.00000000 0.00000000 -0.00000000
vn 0.00000000 0.00000000 -0.00000000
vn 0.00000000 -0.00000000 0.00000000
vn -0.00000000 0.00000000 -0.00000000
vn 0.00000000 -0.00000000 -0.00000000
vn 0.00000000 -0.00000000 -0.00000000
vn 0.00000000 0.00000000 -0.00000000
vn -0.00000000 -0.00000000 -0.00000000
vn -0.00000000 -0.00000000 0.00000000
vn 0.00000000 0.00000000 -0.00000000
vn 0.00000000 0.00000000 0.00000000
vn 0.00000000 0.00000000 0.00000000
vn -0.00000000 0.00000000 0.00000000
vn -0.00000000 0.00000000 -0.00000000
vn -0.00000000 0.00000000 0.00000000
vn 0.00000000 -0.00000000 0.00000000
vn 0.00000000 0.00000000 -0.00000000
vn 0.00000000 -0.00000000 -0.00000000
vn -0.00000000 0.00000000 0.00000000
vn -0.00000000 -0.00000000 -0.00000000
vn 0.00000000 0.00000000 0.00000000
vn 0.00000000 0.00000000 -0.00000000
vn -0.00000000 0.00000000 -0.00000000
vn 0.00000000 0.00000000 0.00000000
vn -0.00000000 -0.00000000 0.00000000
vn -0.00000000 -0.00000000 -0.00000000
vn 0.00000000 0.00000000 0.00000000
vn 0.00000000 0.00000000 -0.00000000
vn -0.00000000 0.00000000 0.00000000
vn 0.00000000 -0.00000000 -0.00000000
vn 0.00000000 0.00000000 -0.00000000
vn 0.00000000 0.00000000 -0.00000000
vn 0.00000000 -0.00000000 0.00000000
vn 0.00000000 0.00000000 -0.00000000
vn -0.00000000 0.00000000 0.00000000
vn -0.00000000 0.00000000 -0.00000000
vn 0.00000000 -0.00000000 0.00000000
vn -0.00000000 0.00000000 0.00000000
vn 0.00000000 -0.00000000 -0.00000000
vn -0.00000000 -0.00000000 -0.00000000
vn 0.00000000 -0.00000000 0.00000000
vn -0.00000000 -0.00000000 0.00000000
vn -0.00000000 -0.00000000 0.00000000
vn -0.00000000 -0.00000000 0.00000000
vn 0.00000000 -0.00000000 0.00000000
vn -0.00000000 0.00000000 0.00000000
vn -0.00000000 -0.00000000 -0.00000000
vn -0.00000000 -0.00000000 -0.00000000
vn 0.00000000 -0.00000000 -0.00000000
vn 0.00000000 -0.00000000 -0.00000000
vn -0.00000000 0.00000000 0.00000000
vn 0.00000000 0.00000000 -0.00000000
vn 0.00000000 -0.00000000 0.00000000
vn -0.00000000 0.00000000 -0.00000000
vn 0.00000000 -0.00000000 0.00000000
vn -0.00000000 0.00000000 0.00000000
vn 0.00000000 0.00000000 -0.00000000
vn 0.00000000 0.00000000 -0.00000000
vn -0.00000000 -0.00000000 0.00000000
vn -0.00000000 -0.00000000 0.00000000
vn 0.00000000 0.00000000 0.00000000
vn 0.00000000 -0.00000000 -0.00000000
vn -0.00000000 0.00000000 -0.00000000
vn -0.00000000 -0.00000000 0.00000000
vn 0.00000000 0.00000000 0.00000000
vn -0.00000000 0.00000000 0.00000000
vn 0.00000000 0.00000000 -0.00000000
vn -0.00000000 -0.00000000 0.00000000
vn 0.00000000 -0.00000000 -0.00000000
vn -0.00000000 0.00000000 0.00000000
vn -0.00000000 -0.00000000 0.00000000
vn 0.00000000 0.00000000 0.00000000
vn -0.00000000 0.00000000 0.00000000
vn 0.00000000 -0.00000000 0.00000000
vn -0.00000000 -0.00000000 0.00000000
vn 0.00000000 0.00000000 -0.00000000
vn 0.00000000 -0.00000000 -0.00000000
vn -0.00000000 0.00000000 0.00000000
vn 0.00000000 -0.00000000 -0.00000000
vn 0.00000000 -0.00000000 -0.00000000
vn 0.00000000 -0.00000000 -0.00000000
vn -0.00000000 0.00000000 0.00000000
vn -0.00000000 0.00000000 0.00000000
vn -0.00000000 -0.00000000 0.00000000
vn 0.00000000 0.00000000 -0.00000000
vn -0.00000000 0.00000000 -0.00000000
vn 0.00000000 -0.00000000 0.00000000
vn 0.00000000 -0.00000000 0.00000000
vn 0.00000000 0.00000000 -0.00000000
vn -0.00000000 0.00000000 -0.00000000
vn 0.00000000 0.00000000 -0.00000000
vn 0.00000000 0.00000000 -0.00000000
vn 0.00000000 0.00000000 0.00000000
vn -0.00000000 -0.00000000 0.00000000
vn 0.00000000 0.00000000 -0.00000000
vn 0.00000000 -0.00000000 -0.00000000
vn -0.00000000 0.00000000 0.00000000
vn 0.00000000 0.00000000 -0.00000000
vn -0.00000000 -0.00000000 0.00000000
vn -0.00000000 0.00000000 0.00000000
vn 0.00000000 0.00000000 0.00000000
vn -0.00000000 -0.00000000 0.00000000
vn 0.00000000 0.00000000 -0.00000000
vn -0.00000000 -0.00000000 0.00000000
vn 0.00000000 -0.00000000 0.00000000
vn 0.00000000 -0.00000000 -0.00000000
vn 0.00000000 0.00000000 -0.00000000
vn -0.00000000 0.00000000 -0.00000000
vn -0.00000000 -0.00000000 0.00000000
vn 0.00000000 -0.00000000 0.00000000
vn -0.00000000 -0.00000000 0.00000000
vn -0.00000000 -0.00000000 0.00000000
vn 0.00000000 -0.00000000 -0.00000000
vn 0.00000000 -0.00000000 -0.00000000
vn -0.00000000 -0.00000000 0.00000000
vn -0.00000000 0.00000000 0.00000000
vn 0.00000000 -0.00000000 -0.00000000
vn 0.00000000 -0.00000000 -0.00000000
vn -0.00000000 -0.00000000 0.00000000
vn -0.00000000 0.00000000 0.00000000
vn 0.00000000 0.00000000 0.00000000
vn 0.00000000 0.00000000 0.00000000
vn 0.00000000 0.00000000 -0.00000000
vn -0.00000000 -0.00000000 0.00000000
vn 0.00000000 0.00000000 -0.00000000
vn 0.00000000 -0.00000000 -0.00000000
vn 0.00000000 -0.00000000 0.00000000
vn 0.00000000 0.00000000 0.00000000
vn 0.00000000 0.00000000 0.00000000
vn 0.00000000 -0.00000000 -0.00000000
vn 0.00000000 -0.00000000 0.00000000
vn -0.00000000 -0.00000000 0.00000000
vn -0.00000000 -0.00000000 0.00000000
vn 0.00000000 0.00000000 -0.00000000
vn -0.00000000 0.00000000 -0.00000000
vn 0.00000000 0.00000000 -0.00000000
vn 0.00000000 0.00000000 -0.00000000
vn -0.00000000 0.00000000 0.00000000
vn 0.00000000 -0.00000000 0.00000000
vn -0.00000000 0.00000000 -0.00000000
vn -0.00000000 -0.00000000 0.00000000
vn 0.00000000 -0.00000000 -0.00000000
vn 0.00000000 -0.00000000 -0.00000000
vn 0.00000000 -0.00000000 -0.00000000
vn 0.00000000 0.00000000 0.00000000
vn 0.00000000 0.00000000 0.00000000
vn -0.00000000 -0.00000000 -0.00000000
vn 0.00000000 0.00000000 0.00000000
vn -0.00000000 0.00000000 0.00000000
vn 0.00000000 0.00000000 0.00000000
vn 0.00000000 -0.00000000 -0.00000000
vn -0.00000000 0.00000000 0.00000000
vn 0.00000000 -0.00000000 0.00000000
vn -0.00000000 0.00000000 0.00000000
vn -0.00000000 0.00000000 0.00000000
vn -0.00000000 0.00000000 0.00000000
vn 0.00000000 -0.00000000 -0.00000000
vn -0.00000000 -0.00000000 0.00000000
vn -0.00000000 0.00000000 0.00000000
vn 0.00000000 -0.00000000 0.00000000
vn 0.00000000 -0.00000000 -0.00000000
vn 0.00000000 0.00000000 0.00000000
vn -0.00000000 0.00000000 0.00000000
vn 0.00000000 -0.00000000 0.00000000
vn 0.00000000 -0.00000000 0.00000000
vn -0.00000000 0.00000000 0.00000000
vn -0.00000000 0.00000000 0.00000000
vn -0.00000000 0.00000000 -0.00000000
vn 0.00000000 0.00000000 -0.00000000
vn -0.00000000 -0.00000000 0.00000000
vn -0.00000000 -0.00000000 -0.00000000
vn -0.00000000 -0.00000000 0.00000000
vn 0.00000000 0.00000000 0.00000000
vn -0.00000000 -0.00000000 0.00000000
vn -0.00000000 0.00000000 -0.00000000
vn 0.00000000 -0.00000000 0.00000000
vn -0.00000000 0.00000000 0.00000000
vn -0.00000000 0.00000000 -0.00000000
vn -0.00000000 -0.00000000 0.00000000
vn 0.00000000 -0.00000000 0.00000000
vn 0.00000000 0.00000000 -0.00000000
vn 0.00000000 -0.00000000 0.00000000
vn 0.00000000 0.00000000 -0.00000000
vn 0.00000000 0.00000000 -0.00000000
vn -0.00000000 -0.00000000 0.00000000
vn -0.00000000 0.00000000 0.00000000
vn 0.00000000 -0.00000000 -0.00000000
vn -0.00000000 -0.00000000 0.00000000
vn 0.00000000 -0.00000000 -0.00000000
vn 0.00000000 0.00000000 -0.00000000
vn -0.00000000 -0.00000000 -0.00000000
vn 0.00000000 0.00000000 0.00000000
vn 0.00000000 0.00000000 0.00000000
vn -0.00000000 -0.00000000 -0.00000000
vn 0.00000000 0.00000000 -0.00000000
vn 0.00000000 0.00000000 0.00000000
vn 0.00000000 0.00000000 0.00000000
vn -0.00000000 -0.00000000 -0.00000000
vn 0.00000000 -0.00000000 0.00000000
vn 0.00000000 0.00000000 -0.00000000
vn -0.00000000 -0.00000000 -0.00000000
vn -0.00000000 -0.00000000 0.00000000
vn -0.00000000 -0.00000000 0.00000000
vn 0.00000000 0.00000000 0.00000000
vn -0.00000000 -0.00000000 0.00000000
vn 0.00000000 0.00000000 0.00000000
vn -0.00000000 0.00000000 0.00000000
vn -0.00000000 0.00000000 0.00000000
vn -0.00000000 0.00000000 0.00000000
vn 0.00000000 0.00000000 0.00000000
vn 0.00000000 0.00000000 0.00000000
vn 0.00000000 -0.00000000 -0.00000000
vn -0.00000000 -0.00000000 -0.00000000
vn 0.00000000 0.00000000 0.00000000
vn 0.00000000 0.00000000 0.00000000
vn -0.00000000 0.00000000 -0.00000000
vn 0.00000000 -0.00000000 0.00000000
vn -0.00000000 -0.00000000 0.00000000
vn -0.00000000 0.00000000 -0.00000000
vn -0.00000000 0.00000000 0.00000000
vn 0.00000000 -0.00000000 0.00000000
vn 0.00000000 -0.00000000 -0.00000000
vn 0.00000000 -0.00000000 0.00000000
vn -0.00000000 0.00000000 -0.00000000
vn 0.00000000 -0.00000000 -0.00000000
vn -0.00000000 -0.00000000 -0.00000000
vn -0.00000000 -0.00000000 -0.00000000
vn 0.00000000 0.00000000 0.00000000
vn 0.00000000 0.00000000 0.00000000
vn 0.00000000 0.00000000 0.00000000
vn -0.00000000 0.00000000 -0.00000000
vn -0.00000000 -0.00000000 0.00000000
vn 0.00000000 -0.00000000 0.00000000
vn 0.00000000 -0.00000000 0.00000000
vn 0.00000000 -0.00000000 0.00000000
vn 0.00000000 -0.00000000 0.00000000
vn -0.00000000 0.00000000 -0.00000000
vn -0.00000000 0.00000000 -0.00000000
vn 0.00000000 0.00000000 0.00000000
vn 0.00000000 -0.00000000 -0.00000000
vn -0.00000000 0.00000000 0.00000000
vn 0.00000000 0.00000000 0.00000000
vn 0.00000000 -0.00000000 -0.00000000
vn -0.00000000 -0.00000000 -0.00000000
vn 0.00000000 0.00000000 0.00000000
vn 0.00000000 -0.00000000 0.00000000
vn 0.00000000 -0.00000000 -0.00000000
vn -0.00000000 0.00000000 -0.00000000
vn -0.00000000 0.00000000 -0.00000000
vn -0.00000000 0.00000000 -0.00000000
vn -0.00000000 0.00000000 -0.00000000
vn -0.00000000 0.00000000 0.00000000
vn -0.00000000 -0.00000000 0.00000000
vn 0.00000000 0.00000000 0.00000000
vn 0.00000000 0.00000000 0.00000000
vn -0.00000000 -0.00000000 -0.00000000
vn 0.00000000 0.00000000 0.00000000
vn -0.00000000 0.00000000 0.00000000
vn 0.00000000 0.00000000 -0.00000000
vn -0.00000000 0.00000000 -0.00000000
vn 0.00000000 -0.00000000 0.00000000
vn 0.00000000 -0.00000000 0.00000000
vn 0.00000000 0.00000000 0.00000000
vn 0.00000000 -0.00000000 0.00000000
vn -0.00000000 0.00000000 0.00000000
vn 0.00000000 -0.00000000 0.00000000
vn 0.00000000 -0.00000000 0.00000000
vn 0.00000000 -0.00000000 0.00000000
vn -0.00000000 -0.00000000 -0.00000000
vn 0.00000000 -0.00000000 0.00000000
vn -0.00000000 -0.00000000 -0.00000000
vn -0.00000000 0.00000000 -0.00000000
vn -0.00000000 -0.00000000 -0.00000000
vn -0.00000000 0.00000000 -0.00000000
vn 0.00000000 0.00000000 0.00000000
vn 0.00000000 -0.00000000 0.00000000
vn -0.00000000 0.00000000 0.00000000
vn 0.00000000 0.00000000 -0.00000000
vn 0.00000000 0.00000000 0.00000000
vn 0.00000000 -0.00000000 0.00000000
vn 0.00000000 0.00000000 0.00000000
vn 0.00000000 -0.00000000 0.00000000
vn 0.00000000 -0.00000000 0.00000000
vn -0.00000000 -0.00000000 -0.00000000
vn 0.00000000 0.00000000 0.00000000
vn 0.00000000 -0.00000000 0.00000000
vn -0.00000000 -0.00000000 -0.00000000
vn 0.00000000 0.00000000 -0.00000000
vn 0.00000000 0.00000000 0.00000000
vn 0.00000000 0.00000000 0.00000000
vn -0.00000000 -0.00000000 -0.00000000
vn -0.00000000 -0.00000000 -0.00000000
vn -0.00000000 -0.00000000 -0.00000000
vn -0.00000000 0.00000000 0.00000000
vn 0.00000000 0.00000000 0.00000000
vn 0.00000000 0.00000000 0.00000000
vn -0.00000000 0.00000000 -0.00000000
vn 0.00000000 0.00000000 0.00000000
vn 0.00000000 0.00000000 0.00000000
vn -0.00000000 -0.00000000 0.00000000
vn -0.00000000 0.00000000 0.00000000
vn 0.00000000 -0.00000000 -0.00000000
vn -0.00000000 -0.00000000 -0.00000000
vn 0.00000000 0.00000000 0.00000000
vn 0.00000000 0.00000000 0.00000000
vn 0.00000000 0.00000000 -0.00000000
vn -0.00000000 -0.00000000 0.00000000
vn -0.00000000 0.00000000 0.00000000
vn 0.00000000 -0.00000000 0.00000000
vn 0.00000000 -0.00000000 0.00000000
vn -0.00000000 0.00000000 -0.00000000
vn 0.00000000 0.00000000 0.00000000
vn -0.00000000 0.00000000 0.00000000
vn 0.00000000 0.00000000 0.00000000
vn 0.00000000 0.00000000 0.00000000
vn -0.00000000 0.00000000 -0.00000000
vn 0.00000000 -0.00000000 -0.00000000
vn -0.00000000 -0.00000000 -0.00000000
vn -0.00000000 -0.00000000 -0.00000000
vn -0.00000000 0.00000000 -0.00000000
vn 0.00000000 -0.00000000 0.00000000
vn 0.00000000 -0.00000000 0.00000000
vn 0.00000000 -0.00000000 0.00000000
vn 0.00000000 -0.00000000 -0.00000000
vn -0.00000000 -0.00000000 -0.00000000
vn -0.00000000 -0.00000000 0.00000000
vn 0.00000000 0.00000000 -0.00000000
vn 0.00000000 0.00000000 -0.00000000
vn -0.00000000 0.00000000 -0.00000000
vn -0.00000000 -0.00000000 0.00000000
vn -0.00000000 0.00000000 0.00000000
vn 0.00000000 0.00000000 0.00000000
vn -0.00000000 -0.00000000 0.00000000
vn 0.00000000 0.00000000 0.00000000
vn 0.00000000 -0.00000000 -0.00000000
vn 0.00000000 -0.00000000 0.00000000
vn -0.00000000 -0.00000000 -0.00000000
vn 0.00000000 0.00000000 0.00000000
vn 0.00000000 0.00000000 0.00000000
vn 0.00000000 0.00000000 0.00000000
vn -0.00000000 -0.00000000 -0.00000000
vn -0.00000000 -0.00000000 -0.00000000
vn 0.00000000 0.00000000 0.00000000
f 1//1 2//2 3//3
f 4//4 1//1 3//3
f 2//2 5//5 3//3
f 6//6 7//7 1//1
f 2//2 1//1 7//7
f 6//6 1//1 8//8
f 4//4 8//8 1//1
f 9//9 4//4 3//3
f 5//5 10//10 3//3
f 7//7 11//11 2//2
f 5//5 2//2 11//11
f 12//12 13//13 6//6
f 7//7 6//6 13//13
f 12//12 6//6 14//14
f 8//8 14//14 6//6
f 8//8 4//4 15//15
f 9//9 15//15 4//4
f 16//16 9//9 3//3
f 10//10 17//17 3//3
f 11//11 18//18 5//5
f 10//10 5//5 18//18
f 13//13 19//19 7//7
f 11//11 7//7 19//19
f 20//20 21//21 12//12
f 13//13 12//12 21//21
f 20//20 12//12 22//22
f 14//14 22//22 12//12
f 14//14 8//8 23//23
f 15//15 23//23 8//8
f 15//15 9//9 24//24
f 16//16 24//24 9//9
f 25//25 16//16 3//3
f 17//17 26//26 3//3
f 18//18 27//27 10//10
f 17//17 10//10 27//27
f 19//19 28//28 11//11
f 18//18 11//11 28//28
f 21//21 29//29 13//13
f 19//19 13//13 29//29
f 30//30 31//31 20//20
f 21//21 20//20 31//31
f 30//30 20//20 32//32
f 22//22 32//32 20//20
f 22//22 14//14 33//33
f 23//23 33//33 14//14
f 23//23 15//15 34//34
f 24//24 34//34 15//15
f 24//24 16//16 35//35
f 25//25 35//35 16//16
f 36//36 25//25 3//3
f 26//26 37//37 3//3
f 27//27 38//38 17//17
f 26//26 17//17 38//38
f 28//28 39//39 18//18
f 27//27 18//18 39//39
f 29//29 40//40 19//19
f 28//28 19//19 40//40
f 31//31 41//41 21//21
f 29//29 21//21 41//41
f 42//42 43//43 30//30
f 31//31 30//30 43//43
f 42//42 30//30 44//44
f 32//32 44//44 30//30
f 32//32 22//22 45//45
f 33//33 45//45 22//22
f 33//33 23//23 46//46
f 34//34 46//46 23//23
f 34//34 24//24 47//47
f 35//35 47//47 24//24
f 35//35 25//25 48//48
f 36//36 48//48 25//25
f 49//49 36//36 3//3
f 3//3 37//37 50//50
f 38//38 51//51 26//26
f 37//37 26//26 51//51
f 39//39 52//52 27//27
f 38//38 27//27 52//52
f 40//40 53//53 28//28
f 39//39 28//28 53//53
f 41//41 54//54 29//29
f 40//40 29//29 54//54
f 43//43 55//55 31//31
f 41//41 31//31 55//55
f 56//56 57//57 58//58
f 59//59 58//58 57//57
f 60//60 61//61 56//56
f 57//57 56//56 61//61
f 61//61 60//60 62//62
f 63//63 62//62 60//60
f 62//62 63//63 64//64
f 65//65 64//64 63//63
f 64//64 65//65 66//66
f 67//67 66//66 65//65
f 66//66 67//67 68//68
f 69//69 68//68 67//67
f 68//68 69//69 70//70
f 71//71 70//70 69//69
f 70//70 71//71 72//72
f 73//73 72//72 71//71
f 72//72 73//73 74//74
f 75//75 74//74 73//73
f 74//74 75//75 76//76
f 77//77 76//76 75//75
f 76//76 77//77 78//78
f 79//79 78//78 77//77
f 78//78 79//79 80//80
f 81//81 80//80 79//79
f 82//82 80//80 81//81
f 83//83 84//84 85//85
f 86//86 85//85 84//84
f 85//85 86//86 87//87
f 88//88 87//87 86//86
f 88//88 89//89 87//87
f 90//90 87//87 89//89
f 89//89 91//91 90//90
f 92//92 90//90 91//91
f 91//91 93//93 92//92
f 94//94 92//92 93//93
f 93//93 95//95 94//94
f 96//96 94//94 95//95
f 95//95 97//97 96//96
f 98//98 96//96 97//97
f 97//97 99//99 98//98
f 100//100 98//98 99//99
f 101//101 102//102 99//99
f 100//100 99//99 102//102
f 103//103 104//104 101//101
f 102//102 101//101 104//104
f 80//80 82//82 103//103
f 104//104 103//103 82//82
f 82//82 81//81 105//105
f 106//106 105//105 81//81
f 107//107 108//108 42//42
f 43//43 42//42 108//108
f 107//107 42//42 109//109
f 44//44 109//109 42//42
f 44//44 32//32 110//110
f 45//45 110//110 32//32
f 45//45 33//33 111//111
f 46//46 111//111 33//33
f 46//46 34//34 112//112
f 47//47 112//112 34//34
f 47//47 35//35 113//113
f 48//48 113//113 35//35
f 48//48 36//36 114//114
f 49//49 114//114 36//36
f 49//49 3//3 115//115
f 3//3 50//50 116//116
f 37//37 51//51 50//50
f 117//117 50//50 51//51
f 52//52 118//118 38//38
f 51//51 38//38 118//118
f 53//53 119//119 39//39
f 52//52 39//39 119//119
f 54//54 120//120 40//40
f 53//53 40//40 120//120
f 55//55 121//121 41//41
f 54//54 41//41 121//121
f 108//108 122//122 43//43
f 55//55 43//43 122//122
f 123//123 124//124 125//125
f 126//126 125//125 124//124
f 58//58 59//59 127//127
f 128//128 127//127 59//59
f 78//78 80//80 76//76
f 103//103 76//76 80//80
f 74//74 76//76 103//103
f 101//101 74//74 103//103
f 72//72 74//74 101//101
f 99//99 72//72 101//101
f 70//70 72//72 99//99
f 97//97 70//70 99//99
f 68//68 70//70 97//97
f 95//95 68//68 97//97
f 66//66 68//68 95//95
f 93//93 66//66 95//95
f 64//64 66//66 93//93
f 91//91 64//64 93//93
f 62//62 64//64 91//91
f 89//89 62//62 91//91
f 61//61 62//62 89//89
f 88//88 61//61 89//89
f 57//57 61//61 88//88
f 86//86 57//57 88//88
f 59//59 57//57 86//86
f 84//84 59//59 86//86
f 128//128 59//59 84//84
f 129//129 128//128 84//84
f 130//130 129//129 83//83
f 84//84 83//83 129//129
f 82//82 105//105 104//104
f 102//102 104//104 105//105
f 131//131 102//102 105//105
f 100//100 102//102 131//131
f 98//98 100//100 131//131
f 96//96 98//98 131//131
f 94//94 96//96 131//131
f 92//92 94//94 131//131
f 90//90 92//92 131//131
f 87//87 90//90 131//131
f 85//85 87//87 131//131
f 83//83 85//85 131//131
f 130//130 83//83 131//131
f 105//105 106//106 131//131
f 132//132 131//131 106//106
f 133//133 134//134 107//107
f 108//108 107//107 134//134
f 133//133 107//107 135//135
f 109//109 135//135 107//107
f 109//109 44//44 136//136
f 110//110 136//136 44//44
f 110//110 45//45 137//137
f 111//111 137//137 45//45
f 111//111 46//46 138//138
f 112//112 138//138 46//46
f 112//112 47//47 139//139
f 113//113 139//139 47//47
f 113//113 48//48 140//140
f 114//114 140//140 48//48
f 49//49 115//115 114//114
f 141//141 114//114 115//115
f 115//115 3//3 142//142
f 3//3 116//116 143//143
f 50//50 117//117 116//116
f 144//144 116//116 117//117
f 51//51 118//118 117//117
f 145//145 117//117 118//118
f 119//119 146//146 52//52
f 118//118 52//52 146//146
f 120//120 147//147 53//53
f 119//119 53//53 147//147
f 121//121 148//148 54//54
f 120//120 54//54 148//148
f 122//122 149//149 55//55
f 121//121 55//55 149//149
f 150//150 151//151 123//123
f 124//124 123//123 151//151
f 125//125 152//152 123//123
f 153//153 123//123 152//152
f 150//150 123//123 153//153
f 154//154 150//150 153//153
f 155//155 150//150 154//154
f 156//156 155//155 154//154
f 157//157 155//155 156//156
f 158//158 157//157 156//156
f 159//159 157//157 158//158
f 160//160 159//159 158//158
f 161//161 159//159 160//160
f 162//162 161//161 160//160
f 163//163 161//161 162//162
f 164//164 163//163 162//162
f 165//165 163//163 164//164
f 166//166 165//165 164//164
f 167//167 165//165 166//166
f 168//168 167//167 166//166
f 169//169 167//167 168//168
f 170//170 169//169 168//168
f 171//171 169//169 170//170
f 172//172 171//171 170//170
f 173//173 171//171 172//172
f 174//174 173//173 172//172
f 134//134 175//175 108//108
f 122//122 108//108 175//175
f 176//176 177//177 178//178
f 179//179 178//178 177//177
f 178//178 179//179 180//180
f 181//181 180//180 179//179
f 180//180 181//181 182//182
f 183//183 182//182 181//181
f 183//183 184//184 182//182
f 185//185 182//182 184//184
f 184//184 186//186 185//185
f 187//187 185//185 186//186
f 186//186 188//188 187//187
f 189//189 187//187 188//188
f 188//188 190//190 189//189
f 191//191 189//189 190//190
f 192//192 193//193 190//190
f 191//191 190//190 193//193
f 194//194 195//195 192//192
f 193//193 192//192 195//195
f 196//196 197//197 194//194
f 195//195 194//194 197//197
f 198//198 199//199 196//196
f 197//197 196//196 199//199
f 200//200 174//174 201//201
f 172//172 201//201 174//174
f 201//201 172//172 202//202
f 170//170 202//202 172//172
f 170//170 168//168 202//202
f 203//203 202//202 168//168
f 168//168 166//166 203//203
f 204//204 203//203 166//166
f 166//166 164//164 204//204
f 205//205 204//204 164//164
f 164//164 162//162 205//205
f 206//206 205//205 162//162
f 162//162 160//160 206//206
f 207//207 206//206 160//160
f 160//160 158//158 207//207
f 208//208 207//207 158//158
f 158//158 156//156 208//208
f 209//209 208//208 156//156
f 156//156 154//154 209//209
f 210//210 209//209 154//154
f 153//153 211//211 154//154
f 210//210 154//154 211//211
f 152//152 212//212 153//153
f 211//211 153//153 212//212
f 125//125 126//126 152//152
f 127//127 152//152 126//126
f 213//213 152//152 127//127
f 212//212 152//152 213//213
f 127//127 128//128 213//213
f 129//129 213//213 128//128
f 214//214 213//213 129//129
f 130//130 214//214 129//129
f 214//214 130//130 132//132
f 131//131 132//132 130//130
f 215//215 173//173 216//216
f 174//174 216//216 173//173
f 200//200 216//216 174//174
f 217//217 218//218 133//133
f 134//134 133//133 218//218
f 219//219 198//198 220//220
f 196//196 220//220 198//198
f 221//221 220//220 196//196
f 194//194 221//221 196//196
f 222//222 221//221 194//194
f 192//192 222//222 194//194
f 223//223 222//222 192//192
f 190//190 223//223 192//192
f 224//224 223//223 190//190
f 188//188 224//224 190//190
f 225//225 224//224 188//188
f 186//186 225//225 188//188
f 226//226 225//225 186//186
f 184//184 226//226 186//186
f 227//227 226//226 184//184
f 183//183 227//227 184//184
f 228//228 227//227 183//183
f 181//181 228//228 183//183
f 229//229 228//228 181//181
f 179//179 229//229 181//181
f 230//230 229//229 179//179
f 177//177 230//230 179//179
f 231//231 230//230 177//177
f 232//232 231//231 177//177
f 233//233 232//232 176//176
f 177//177 176//176 232//232
f 217//217 133//133 234//234
f 135//135 234//234 133//133
f 135//135 109//109 235//235
f 136//136 235//235 109//109
f 136//136 110//110 236//236
f 137//137 236//236 110//110
f 137//137 111//111 237//237
f 138//138 237//237 111//111
f 138//138 112//112 238//238
f 139//139 238//238 112//112
f 139//139 113//113 239//239
f 140//140 239//239 113//113
f 114//114 141//141 140//140
f 240//240 140//140 141//141
f 115//115 142//142 141//141
f 241//241 141//141 142//142
f 142//142 3//3 242//242
f 3//3 143//143 243//243
f 116//116 144//144 143//143
f 244//244 143//143 144//144
f 117//117 145//145 144//144
f 245//245 144//144 145//145
f 146//146 246//246 118//118
f 145//145 118//118 246//246
f 147//147 247//247 119//119
f 146//146 119//119 247//247
f 148//148 248//248 120//120
f 147//147 120//120 248//248
f 149//149 249//249 121//121
f 148//148 121//121 249//249
f 175//175 250//250 122//122
f 149//149 122//122 250//250
f 155//155 251//251 150//150
f 252//252 150//150 251//251
f 151//151 150//150 252//252
f 157//157 253//253 155//155
f 251//251 155//155 253//253
f 159//159 254//254 157//157
f 253//253 157//157 254//254
f 161//161 255//255 159//159
f 254//254 159//159 255//255
f 163//163 256//256 161//161
f 255//255 161//161 256//256
f 165//165 257//257 163//163
f 256//256 163//163 257//257
f 167//167 258//258 165//165
f 257//257 165//165 258//258
f 169//169 259//259 167//167
f 258//258 167//167 259//259
f 259//259 169//169 260//260
f 171//171 260//260 169//169
f 260//260 171//171 261//261
f 173//173 261//261 171//171
f 215//215 261//261 173//173
f 199//199 262//262 215//215
f 261//261 215//215 262//262
f 219//219 263//263 198//198
f 262//262 198//198 263//263
f 199//199 198//198 262//262
f 220//220 264//264 219//219
f 263//263 219//219 264//264
f 221//221 265//265 220//220
f 264//264 220//220 265//265
f 222//222 266//266 221//221
f 265//265 221//221 266//266
f 223//223 267//267 222//222
f 266//266 222//222 267//267
f 224//224 268//268 223//223
f 267//267 223//223 268//268
f 225//225 269//269 224//224
f 268//268 224//224 269//269
f 226//226 270//270 225//225
f 269//269 225//225 270//270
f 227//227 271//271 226//226
f 270//270 226//226 271//271
f 271//271 227//227 272//272
f 228//228 272//272 227//227
f 272//272 228//228 273//273
f 229//229 273//273 228//228
f 273//273 229//229 274//274
f 230//230 274//274 229//229
f 274//274 230//230 275//275
f 231//231 275//275 230//230
f 218//218 276//276 134//134
f 175//175 134//134 276//276
f 199//199 215//215 197//197
f 216//216 197//197 215//215
f 277//277 197//197 216//216
f 195//195 197//197 277//277
f 278//278 195//195 277//277
f 193//193 195//195 278//278
f 191//191 193//193 278//278
f 189//189 191//191 278//278
f 187//187 189//189 278//278
f 185//185 187//187 278//278
f 182//182 185//185 278//278
f 180//180 182//182 278//278
f 178//178 180//180 278//278
f 176//176 178//178 278//278
f 233//233 176//176 278//278
f 212//212 279//279 211//211
f 210//210 211//211 279//279
f 280//280 210//210 279//279
f 209//209 210//210 280//280
f 208//208 209//209 280//280
f 207//207 208//208 280//280
f 206//206 207//207 280//280
f 205//205 206//206 280//280
f 204//204 205//205 280//280
f 203//203 204//204 280//280
f 202//202 203//203 280//280
f 201//201 202//202 280//280
f 200//200 201//201 280//280
f 212//212 213//213 279//279
f 214//214 279//279 213//213
f 132//132 279//279 214//214
f 216//216 200//200 277//277
f 280//280 277//277 200//200
f 281//281 277//277 280//280
f 216//216 282//282 277//277
f 281//281 277//277 282//282
f 215//215 261//261 216//216
f 282//282 216//216 261//261
f 283//283 284//284 217//217
f 218//218 217//217 284//284
f 285//285 286//286 287//287
f 288//288 287//287 286//286
f 289//289 286//286 290//290
f 285//285 290//290 286//286
f 291//291 289//289 292//292
f 290//290 292//292 289//289
f 293//293 291//291 294//294
f 292//292 294//294 291//291
f 295//295 293//293 296//296
f 294//294 296//296 293//293
f 297//297 295//295 298//298
f 296//296 298//298 295//295
f 299//299 297//297 300//300
f 298//298 300//300 297//297
f 301//301 299//299 302//302
f 300//300 302//302 299//299
f 303//303 301//301 304//304
f 302//302 304//304 301//301
f 303//303 304//304 305//305
f 306//306 305//305 304//304
f 305//305 306//306 307//307
f 308//308 307//307 306//306
f 307//307 308//308 309//309
f 310//310 309//309 308//308
f 311//311 309//309 310//310
f 312//312 313//313 314//314
f 315//315 314//314 313//313
f 316//316 317//317 315//315
f 314//314 315//315 317//317
f 318//318 319//319 316//316
f 317//317 316//316 319//319
f 320//320 321//321 318//318
f 319//319 318//318 321//321
f 322//322 323//323 320//320
f 321//321 320//320 323//323
f 324//324 325//325 322//322
f 323//323 322//322 325//325
f 326//326 327//327 324//324
f 325//325 324//324 327//327
f 328//328 329//329 326//326
f 327//327 326//326 329//329
f 330//330 331//331 328//328
f 329//329 328//328 331//331
f 332//332 333//333 330//330
f 331//331 330//330 333//333
f 309//309 311//311 332//332
f 333//333 332//332 311//311
f 311//311 310//310 334//334
f 335//335 334//334 310//310
f 336//336 337//337 338//338
f 339//339 338//338 337//337
f 338//338 339//339 340//340
f 341//341 340//340 339//339
f 342//342 343//343 341//341
f 340//340 341//341 343//343
f 344//344 345//345 342//342
f 343//343 342//342 345//345
f 346//346 347//347 344//344
f 345//345 344//344 347//347
f 348//348 349//349 346//346
f 347//347 346//346 349//349
f 350//350 351//351 348//348
f 349//349 348//348 351//351
f 352//352 353//353 350//350
f 351//351 350//350 353//353
f 354//354 355//355 352//352
f 353//353 352//352 355//355
f 356//356 357//357 354//354
f 355//355 354//354 357//357
f 358//358 359//359 356//356
f 357//357 356//356 359//359
f 275//275 231//231 360//360
f 232//232 360//360 231//231
f 233//233 360//360 232//232
f 360//360 233//233 361//361
f 278//278 361//361 233//233
f 283//283 217//217 362//362
f 234//234 362//362 217//217
f 234//234 135//135 363//363
f 235//235 363//363 135//135
f 235//235 136//136 364//364
f 236//236 364//364 136//136
f 236//236 137//137 365//365
f 237//237 365//365 137//137
f 237//237 138//138 366//366
f 238//238 366//366 138//138
f 238//238 139//139 367//367
f 239//239 367//367 139//139
f 140//140 240//240 239//239
f 368//368 239//239 240//240
f 141//141 241//241 240//240
f 369//369 240//240 241//241
f 142//142 242//242 241//241
f 370//370 241//241 242//242
f 242//242 3//3 371//371
f 3//3 243//243 372//372
f 143//143 244//244 243//243
f 373//373 243//243 244//244
f 144//144 245//245 244//244
f 374//374 244//244 245//245
f 145//145 246//246 245//245
f 375//375 245//245 246//246
f 146//146 247//247 246//246
f 376//376 246//246 247//247
f 248//248 377//377 147//147
f 247//247 147//147 377//377
f 249//249 378//378 148//148
f 248//248 148//148 378//378
f 250//250 379//379 149//149
f 249//249 149//149 379//379
f 380//380 381//381 382//382
f 383//383 382//382 381//381
f 382//382 383//383 384//384
f 385//385 384//384 383//383
f 384//384 385//385 386//386
f 387//387 386//386 385//385
f 387//387 388//388 386//386
f 389//389 386//386 388//388
f 388//388 390//390 389//389
f 391//391 389//389 390//390
f 390//390 392//392 391//391
f 393//393 391//391 392//392
f 392//392 394//394 393//393
f 395//395 393//393 394//394
f 394//394 396//396 395//395
f 397//397 395//395 396//396
f 396//396 398//398 397//397
f 399//399 397//397 398//398
f 400//400 401//401 398//398
f 399//399 398//398 401//401
f 402//402 403//403 400//400
f 401//401 400//400 403//403
f 404//404 405//405 402//402
f 403//403 402//402 405//405
f 406//406 404//404 407//407
f 402//402 407//407 404//404
f 408//408 407//407 402//402
f 400//400 408//408 402//402
f 409//409 408//408 400//400
f 398//398 409//409 400//400
f 410//410 409//409 398//398
f 396//396 410//410 398//398
f 411//411 410//410 396//396
f 394//394 411//411 396//396
f 412//412 411//411 394//394
f 392//392 412//412 394//394
f 413//413 412//412 392//392
f 390//390 413//413 392//392
f 414//414 413//413 390//390
f 388//388 414//414 390//390
f 415//415 414//414 388//388
f 387//387 415//415 388//388
f 416//416 415//415 387//387
f 385//385 416//416 387//387
f 417//417 416//416 385//385
f 383//383 417//417 385//385
f 418//418 417//417 383//383
f 381//381 418//418 383//383
f 276//276 419//419 175//175
f 250//250 175//175 419//419
f 420//420 252//252 421//421
f 251//251 421//421 252//252
f 253//253 421//421 251//251
f 254//254 421//421 253//253
f 255//255 421//421 254//254
f 256//256 421//421 255//255
f 257//257 421//421 256//256
f 258//258 421//421 257//257
f 259//259 421//421 258//258
f 263//263 421//421 259//259
f 260//260 263//263 259//259
f 264//264 421//421 263//263
f 265//265 421//421 264//264
f 266//266 421//421 265//265
f 267//267 421//421 266//266
f 268//268 421//421 267//267
f 269//269 421//421 268//268
f 270//270 421//421 269//269
f 271//271 421//421 270//270
f 272//272 421//421 271//271
f 273//273 421//421 272//272
f 274//274 421//421 273//273
f 275//275 421//421 274//274
f 261//261 262//262 260//260
f 263//263 260//260 262//262
f 422//422 418//418 423//423
f 381//381 423//423 418//418
f 380//380 423//423 381//381
f 284//284 424//424 218//218
f 276//276 218//218 424//424
f 277//277 281//281 278//278
f 361//361 278//278 281//281
f 263//263 262//262 264//264
f 261//261 264//264 262//262
f 282//282 264//264 261//261
f 281//281 264//264 282//282
f 361//361 264//264 281//281
f 265//265 264//264 361//361
f 266//266 265//265 361//361
f 267//267 266//266 361//361
f 268//268 267//267 361//361
f 269//269 268//268 361//361
f 270//270 269//269 361//361
f 271//271 270//270 361//361
f 272//272 271//271 361//361
f 273//273 272//272 361//361
f 274//274 273//273 361//361
f 275//275 274//274 361//361
f 360//360 275//275 361//361
f 279//279 132//132 280//280
f 425//425 280//280 132//132
f 281//281 280//280 425//425
f 425//425 281//281 252//252
f 251//251 252//252 281//281
f 253//253 251//251 281//281
f 254//254 253//253 281//281
f 255//255 254//254 281//281
f 256//256 255//255 281//281
f 257//257 256//256 281//281
f 258//258 257//257 281//281
f 259//259 258//258 281//281
f 260//260 259//259 281//281
f 261//261 260//260 281//281
f 282//282 261//261 281//281
f 426//426 427//427 283//283
f 284//284 283//283 427//427
f 428//428 429//429 430//430
f 431//431 430//430 429//429
f 287//287 288//288 432//432
f 433//433 432//432 288//288
f 307//307 309//309 305//305
f 332//332 305//305 309//309
f 303//303 305//305 332//332
f 330//330 303//303 332//332
f 301//301 303//303 330//330
f 328//328 301//301 330//330
f 299//299 301//301 328//328
f 326//326 299//299 328//328
f 297//297 299//299 326//326
f 324//324 297//297 326//326
f 295//295 297//297 324//324
f 322//322 295//295 324//324
f 293//293 295//295 322//322
f 320//320 293//293 322//322
f 291//291 293//293 320//320
f 318//318 291//291 320//320
f 289//289 291//291 318//318
f 316//316 289//289 318//318
f 286//286 289//289 316//316
f 315//315 286//286 316//316
f 288//288 286//286 315//315
f 313//313 288//288 315//315
f 433//433 288//288 313//313
f 434//434 433//433 313//313
f 435//435 434//434 312//312
f 313//313 312//312 434//434
f 311//311 334//334 333//333
f 331//331 333//333 334//334
f 436//436 331//331 334//334
f 329//329 331//331 436//436
f 327//327 329//329 436//436
f 325//325 327//327 436//436
f 323//323 325//325 436//436
f 321//321 323//323 436//436
f 319//319 321//321 436//436
f 317//317 319//319 436//436
f 314//314 317//317 436//436
f 312//312 314//314 436//436
f 435//435 312//312 436//436
f 335//335 437//437 334//334
f 436//436 334//334 437//437
f 438//438 358//358 439//439
f 356//356 439//439 358//358
f 440//440 439//439 356//356
f 354//354 440//440 356//356
f 441//441 440//440 354//354
f 352//352 441//441 354//354
f 442//442 441//441 352//352
f 350//350 442//442 352//352
f 443//443 442//442 350//350
f 348//348 443//443 350//350
f 444//444 443//443 348//348
f 346//346 444//444 348//348
f 445//445 444//444 346//346
f 344//344 445//445 346//346
f 446//446 445//445 344//344
f 342//342 446//446 344//344
f 447//447 446//446 342//342
f 341//341 447//447 342//342
f 448//448 447//447 341//341
f 339//339 448//448 341//341
f 449//449 448//448 339//339
f 337//337 449//449 339//339
f 450//450 449//449 337//337
f 451//451 450//450 337//337
f 452//452 451//451 336//336
f 337//337 336//336 451//451
f 359//359 453//453 357//357
f 355//355 357//357 453//453
f 454//454 355//355 453//453
f 353//353 355//355 454//454
f 351//351 353//353 454//454
f 349//349 351//351 454//454
f 347//347 349//349 454//454
f 345//345 347//347 454//454
f 343//343 345//345 454//454
f 340//340 343//343 454//454
f 338//338 340//340 454//454
f 336//336 338//338 454//454
f 452//452 336//336 454//454
f 359//359 455//455 453//453
f 456//456 453//453 455//455
f 438//438 457//457 358//358
f 455//455 358//358 457//457
f 359//359 358//358 455//455
f 439//439 458//458 438//438
f 457//457 438//438 458//458
f 440//440 459//459 439//439
f 458//458 439//439 459//459
f 441//441 460//460 440//440
f 459//459 440//440 460//460
f 441//441 442//442 460//460
f 461//461 460//460 442//442
f 442//442 443//443 461//461
f 462//462 461//461 443//443
f 443//443 444//444 462//462
f 463//463 462//462 444//444
f 444//444 445//445 463//463
f 464//464 463//463 445//445
f 445//445 446//446 464//464
f 465//465 464//464 446//446
f 446//446 447//447 465//465
f 466//466 465//465 447//447
f 466//466 447//447 467//467
f 448//448 467//467 447//447
f 467//467 448//448 468//468
f 449//449 468//468 448//448
f 468//468 449//449 469//469
f 450//450 469//469 449//449
f 421//421 275//275 470//470
f 360//360 470//470 275//275
f 361//361 471//471 360//360
f 470//470 360//360 471//471
f 426//426 283//283 472//472
f 362//362 472//472 283//283
f 362//362 234//234 473//473
f 363//363 473//473 234//234
f 363//363 235//235 474//474
f 364//364 474//474 235//235
f 364//364 236//236 475//475
f 365//365 475//475 236//236
f 365//365 237//237 476//476
f 366//366 476//476 237//237
f 366//366 238//238 477//477
f 367//367 477//477 238//238
f 367//367 239//239 478//478
f 368//368 478//478 239//239
f 240//240 369//369 368//368
f 479//479 368//368 369//369
f 241//241 370//370 369//369
f 480//480 369//369 370//370
f 242//242 371//371 370//370
f 481//481 370//370 371//371
f 371//371 3//3 482//482
f 3//3 372//372 483//483
f 243//243 373//373 372//372
f 484//484 372//372 373//373
f 244//244 374//374 373//373
f 485//485 373//373 374//374
f 245//245 375//375 374//374
f 486//486 374//374 375//375
f 246//246 376//376 375//375
f 487//487 375//375 376//376
f 377//377 488//488 247//247
f 376//376 247//247 488//488
f 378//378 489//489 248//248
f 377//377 248//248 489//489
f 379//379 490//490 249//249
f 378//378 249//249 490//490
f 491//491 492//492 493//493
f 494//494 493//493 492//492
f 495//495 496//496 491//491
f 492//492 491//491 496//496
f 497//497 498//498 495//495
f 496//496 495//495 498//498
f 497//497 499//499 498//498
f 500//500 498//498 499//499
f 499//499 501//501 500//500
f 502//502 500//500 501//501
f 501//501 503//503 502//502
f 504//504 502//502 503//503
f 503//503 505//505 504//504
f 506//506 504//504 505//505
f 505//505 507//507 506//506
f 508//508 506//506 507//507
f 507//507 509//509 508//508
f 510//510 508//508 509//509
f 511//511 512//512 509//509
f 510//510 509//509 512//512
f 513//513 514//514 511//511
f 512//512 511//511 514//514
f 419//419 515//515 250//250
f 379//379 250//250 515//515
f 405//405 516//516 403//403
f 401//401 403//403 516//516
f 517//517 401//401 516//516
f 399//399 401//401 517//517
f 397//397 399//399 517//517
f 395//395 397//397 517//517
f 393//393 395//395 517//517
f 391//391 393//393 517//517
f 389//389 391//391 517//517
f 386//386 389//389 517//517
f 384//384 386//386 517//517
f 382//382 384//384 517//517
f 380//380 382//382 517//517
f 423//423 380//380 518//518
f 517//517 518//518 380//380
f 405//405 519//519 516//516
f 520//520 516//516 519//519
f 406//406 521//521 404//404
f 519//519 404//404 521//521
f 405//405 404//404 519//519
f 407//407 522//522 406//406
f 521//521 406//406 522//522
f 408//408 523//523 407//407
f 522//522 407//407 523//523
f 409//409 524//524 408//408
f 523//523 408//408 524//524
f 410//410 525//525 409//409
f 524//524 409//409 525//525
f 411//411 526//526 410//410
f 525//525 410//410 526//526
f 412//412 527//527 411//411
f 526//526 411//411 527//527
f 413//413 528//528 412//412
f 527//527 412//412 528//528
f 414//414 529//529 413//413
f 528//528 413//413 529//529
f 415//415 530//530 414//414
f 529//529 414//414 530//530
f 530//530 415//415 531//531
f 416//416 531//531 415//415
f 531//531 416//416 532//532
f 417//417 532//532 416//416
f 532//532 417//417 422//422
f 418//418 422//422 417//417
f 424//424 533//533 276//276
f 419//419 276//276 533//533
f 422//422 423//423 534//534
f 518//518 534//534 423//423
f 420//420 534//534 518//518
f 106//106 420//420 518//518
f 425//425 420//420 106//106
f 252//252 420//420 425//425
f 427//427 535//535 284//284
f 424//424 284//284 535//535
f 425//425 427//427 281//281
f 426//426 281//281 427//427
f 361//361 281//281 426//426
f 430//430 431//431 536//536
f 537//537 536//536 431//431
f 538//538 539//539 540//540
f 541//541 540//540 539//539
f 542//542 541//541 539//539
f 543//543 541//541 542//542
f 544//544 543//543 542//542
f 545//545 543//543 544//544
f 537//537 545//545 544//544
f 546//546 545//545 537//537
f 431//431 546//546 537//537
f 547//547 546//546 431//431
f 429//429 547//547 431//431
f 548//548 547//547 429//429
f 549//549 548//548 429//429
f 550//550 548//548 549//549
f 551//551 550//550 549//549
f 552//552 550//550 551//551
f 553//553 552//552 551//551
f 554//554 552//552 553//553
f 555//555 554//554 553//553
f 556//556 554//554 555//555
f 557//557 556//556 555//555
f 558//558 556//556 557//557
f 559//559 558//558 557//557
f 560//560 558//558 559//559
f 561//561 562//562 563//563
f 564//564 563//563 562//562
f 565//565 566//566 563//563
f 561//561 563//563 566//566
f 567//567 568//568 565//565
f 566//566 565//565 568//568
f 569//569 570//570 567//567
f 568//568 567//567 570//570
f 571//571 572//572 569//569
f 570//570 569//569 572//572
f 573//573 574//574 571//571
f 572//572 571//571 574//574
f 575//575 576//576 573//573
f 574//574 573//573 576//576
f 577//577 578//578 575//575
f 576//576 575//575 578//578
f 579//579 580//580 577//577
f 578//578 577//577 580//580
f 581//581 580//580 582//582
f 579//579 582//582 580//580
f 583//583 584//584 550//550
f 548//548 550//550 584//584
f 585//585 583//583 552//552
f 550//550 552//552 583//583
f 554//554 586//586 552//552
f 585//585 552//552 586//586
f 556//556 587//587 554//554
f 586//586 554//554 587//587
f 558//558 588//588 556//556
f 587//587 556//556 588//588
f 560//560 589//589 558//558
f 588//588 558//558 589//589
f 559//559 590//590 560//560
f 589//589 560//560 590//590
f 557//557 591//591 559//559
f 590//590 559//559 591//591
f 555//555 592//592 557//557
f 591//591 557//557 592//592
f 553//553 593//593 555//555
f 592//592 555//555 593//593
f 594//594 593//593 551//551
f 553//553 551//551 593//593
f 595//595 594//594 549//549
f 551//551 549//549 594//594
f 432//432 596//596 428//428
f 429//429 428//428 596//596
f 595//595 429//429 596//596
f 549//549 429//429 595//595
f 432//432 433//433 596//596
f 434//434 596//596 433//433
f 597//597 596//596 434//434
f 435//435 597//597 434//434
f 597//597 435//435 437//437
f 436//436 437//437 435//435
f 598//598 581//581 599//599
f 582//582 599//599 581//581
f 600//600 599//599 582//582
f 601//601 599//599 602//602
f 600//600 602//602 599//599
f 469//469 450//450 603//603
f 451//451 603//603 450//450
f 452//452 603//603 451//451
f 603//603 452//452 604//604
f 454//454 604//604 452//452
f 456//456 604//604 453//453
f 454//454 453//453 604//604
f 457//457 455//455 458//458
f 456//456 458//458 455//455
f 604//604 458//458 456//456
f 459//459 458//458 604//604
f 460//460 459//459 604//604
f 461//461 460//460 604//604
f 462//462 461//461 604//604
f 463//463 462//462 604//604
f 464//464 463//463 604//604
f 465//465 464//464 604//604
f 466//466 465//465 604//604
f 467//467 466//466 604//604
f 468//468 467//467 604//604
f 469//469 468//468 604//604
f 603//603 469//469 604//604
f 470//470 471//471 605//605
f 457//457 605//605 471//471
f 458//458 605//605 457//457
f 459//459 605//605 458//458
f 460//460 605//605 459//459
f 461//461 605//605 460//460
f 462//462 605//605 461//461
f 463//463 605//605 462//462
f 464//464 605//605 463//463
f 465//465 605//605 464//464
f 466//466 605//605 465//465
f 467//467 605//605 466//466
f 468//468 605//605 467//467
f 469//469 605//605 468//468
f 471//471 456//456 457//457
f 455//455 457//457 456//456
f 426//426 472//472 361//361
f 471//471 361//361 472//472
f 472//472 362//362 606//606
f 473//473 606//606 362//362
f 473//473 363//363 607//607
f 474//474 607//607 363//363
f 474//474 364//364 608//608
f 475//475 608//608 364//364
f 475//475 365//365 609//609
f 476//476 609//609 365//365
f 476//476 366//366 610//610
f 477//477 610//610 366//366
f 477//477 367//367 611//611
f 478//478 611//611 367//367
f 368//368 479//479 478//478
f 612//612 478//478 479//479
f 369//369 480//480 479//479
f 613//613 479//479 480//480
f 370//370 481//481 480//480
f 614//614 480//480 481//481
f 371//371 482//482 481//481
f 615//615 481//481 482//482
f 482//482 3//3 483//483
f 372//372 484//484 483//483
f 616//616 483//483 484//484
f 373//373 485//485 484//484
f 617//617 484//484 485//485
f 374//374 486//486 485//485
f 618//618 485//485 486//486
f 375//375 487//487 486//486
f 619//619 486//486 487//487
f 376//376 488//488 487//487
f 620//620 487//487 488//488
f 489//489 621//621 377//377
f 488//488 377//377 621//621
f 490//490 622//622 378//378
f 489//489 378//378 622//622
f 623//623 624//624 625//625
f 626//626 625//625 624//624
f 627//627 628//628 623//623
f 624//624 623//623 628//628
f 627//627 629//629 628//628
f 630//630 628//628 629//629
f 629//629 631//631 630//630
f 632//632 630//630 631//631
f 631//631 633//633 632//632
f 634//634 632//632 633//633
f 633//633 635//635 634//634
f 636//636 634//634 635//635
f 635//635 637//637 636//636
f 638//638 636//636 637//637
f 637//637 639//639 638//638
f 640//640 638//638 639//639
f 639//639 641//641 640//640
f 642//642 640//640 641//641
f 641//641 643//643 642//642
f 644//644 642//642 643//643
f 645//645 646//646 643//643
f 644//644 643//643 646//646
f 647//647 648//648 513//513
f 514//514 513//513 648//648
f 649//649 650//650 651//651
f 652//652 651//651 650//650
f 653//653 652//652 650//650
f 654//654 652//652 653//653
f 655//655 654//654 653//653
f 656//656 654//654 655//655
f 657//657 656//656 655//655
f 658//658 656//656 657//657
f 659//659 658//658 657//657
f 660//660 658//658 659//659
f 661//661 660//660 659//659
f 493//493 660//660 661//661
f 647//647 493//493 661//661
f 491//491 493//493 647//647
f 513//513 491//491 647//647
f 495//495 491//491 513//513
f 511//511 495//495 513//513
f 497//497 495//495 511//511
f 509//509 497//497 511//511
f 499//499 497//497 509//509
f 507//507 499//499 509//509
f 501//501 499//499 507//507
f 505//505 501//501 507//507
f 503//503 501//501 505//505
f 662//662 663//663 645//645
f 646//646 645//645 663//663
f 664//664 665//665 666//666
f 667//667 666//666 665//665
f 668//668 667//667 665//665
f 669//669 667//667 668//668
f 670//670 669//669 668//668
f 671//671 669//669 670//670
f 672//672 671//671 670//670
f 673//673 671//671 672//672
f 674//674 673//673 672//672
f 675//675 673//673 674//674
f 676//676 675//675 674//674
f 625//625 675//675 676//676
f 662//662 625//625 676//676
f 623//623 625//625 662//662
f 645//645 623//623 662//662
f 627//627 623//623 645//645
f 643//643 627//627 645//645
f 629//629 627//627 643//643
f 641//641 629//629 643//643
f 631//631 629//629 641//641
f 639//639 631//631 641//641
f 633//633 631//631 639//639
f 637//637 633//633 639//639
f 635//635 633//633 637//637
f 675//675 625//625 677//677
f 626//626 677//677 625//625
f 678//678 677//677 626//626
f 515//515 679//679 379//379
f 490//490 379//379 679//679
f 661//661 659//659 680//680
f 681//681 680//680 659//659
f 659//659 657//657 681//681
f 682//682 681//681 657//657
f 657//657 655//655 682//682
f 683//683 682//682 655//655
f 653//653 684//684 655//655
f 683//683 655//655 684//684
f 650//650 685//685 653//653
f 684//684 653//653 685//685
f 649//649 686//686 650//650
f 685//685 650//650 686//686
f 651//651 687//687 649//649
f 686//686 649//649 687//687
f 652//652 688//688 651//651
f 687//687 651//651 688//688
f 654//654 689//689 652//652
f 688//688 652//652 689//689
f 654//654 656//656 689//689
f 690//690 689//689 656//656
f 656//656 658//658 690//690
f 691//691 690//690 658//658
f 658//658 660//660 691//691
f 692//692 691//691 660//660
f 660//660 493//493 692//692
f 494//494 692//692 493//493
f 693//693 692//692 494//494
f 494//494 492//492 694//694
f 496//496 694//694 492//492
f 498//498 694//694 496//496
f 500//500 694//694 498//498
f 502//502 694//694 500//500
f 504//504 694//694 502//502
f 648//648 695//695 514//514
f 512//512 514//514 695//695
f 510//510 512//512 695//695
f 508//508 510//510 695//695
f 506//506 508//508 695//695
f 504//504 506//506 695//695
f 694//694 504//504 695//695
f 494//494 694//694 693//693
f 696//696 693//693 694//694
f 533//533 697//697 419//419
f 515//515 419//419 697//697
f 516//516 520//520 517//517
f 518//518 517//517 520//520
f 521//521 519//519 522//522
f 520//520 522//522 519//519
f 518//518 522//522 520//520
f 523//523 522//522 518//518
f 524//524 523//523 518//518
f 525//525 524//524 518//518
f 526//526 525//525 518//518
f 527//527 526//526 518//518
f 528//528 527//527 518//518
f 529//529 528//528 518//518
f 530//530 529//529 518//518
f 531//531 530//530 518//518
f 532//532 531//531 518//518
f 423//423 532//532 518//518
f 422//422 532//532 423//423
f 698//698 699//699 534//534
f 521//521 534//534 699//699
f 522//522 534//534 521//521
f 523//523 534//534 522//522
f 524//524 534//534 523//523
f 525//525 534//534 524//524
f 526//526 534//534 525//525
f 527//527 534//534 526//526
f 528//528 534//534 527//527
f 529//529 534//534 528//528
f 530//530 534//534 529//529
f 531//531 534//534 530//530
f 532//532 534//534 531//531
f 422//422 534//534 532//532
f 699//699 520//520 521//521
f 519//519 521//521 520//520
f 535//535 700//700 424//424
f 533//533 424//424 700//700
f 425//425 106//106 427//427
f 518//518 427//427 106//106
f 535//535 427//427 518//518
f 701//701 702//702 703//703
f 704//704 703//703 702//702
f 705//705 701//701 706//706
f 703//703 706//706 701//701
f 707//707 705//705 708//708
f 706//706 708//708 705//705
f 709//709 710//710 708//708
f 707//707 708//708 710//710
f 711//711 712//712 709//709
f 710//710 709//709 712//712
f 713//713 714//714 711//711
f 712//712 711//711 714//714
f 715//715 716//716 713//713
f 714//714 713//713 716//716
f 717//717 716//716 718//718
f 715//715 718//718 716//716
f 719//719 717//717 720//720
f 718//718 720//720 717//717
f 721//721 719//719 722//722
f 720//720 722//722 719//719
f 723//723 724//724 725//725
f 726//726 725//725 724//724
f 726//726 727//727 725//725
f 728//728 725//725 727//727
f 727//727 729//729 728//728
f 730//730 728//728 729//729
f 729//729 731//731 730//730
f 732//732 730//730 731//731
f 731//731 733//733 732//732
f 734//734 732//732 733//733
f 733//733 735//735 734//734
f 736//736 734//734 735//735
f 735//735 737//737 736//736
f 738//738 736//736 737//737
f 737//737 739//739 738//738
f 740//740 738//738 739//739
f 739//739 741//741 740//740
f 742//742 740//740 741//741
f 742//742 741//741 743//743
f 744//744 743//743 741//741
f 537//537 544//544 536//536
f 745//745 536//536 544//544
f 746//746 745//745 544//544
f 544//544 542//542 746//746
f 747//747 746//746 542//542
f 542//542 539//539 747//747
f 748//748 747//747 539//539
f 539//539 538//538 748//748
f 749//749 748//748 538//538
f 538//538 540//540 749//749
f 750//750 749//749 540//540
f 540//540 541//541 750//750
f 751//751 750//750 541//541
f 541//541 543//543 751//751
f 752//752 751//751 543//543
f 543//543 545//545 752//752
f 753//753 752//752 545//545
f 753//753 545//545 754//754
f 546//546 754//754 545//545
f 754//754 546//546 755//755
f 547//547 755//755 546//546
f 756//756 755//755 584//584
f 547//547 584//584 755//755
f 548//548 584//584 547//547
f 757//757 756//756 601//601
f 584//584 601//601 756//756
f 757//757 601//601 723//723
f 724//724 723//723 601//601
f 602//602 724//724 601//601
f 743//743 744//744 758//758
f 759//759 758//758 744//744
f 733//733 731//731 735//735
f 737//737 735//735 731//731
f 729//729 737//737 731//731
f 739//739 737//737 729//729
f 727//727 739//739 729//729
f 741//741 739//739 727//727
f 726//726 741//741 727//727
f 744//744 741//741 726//726
f 724//724 744//744 726//726
f 759//759 744//744 724//724
f 602//602 759//759 724//724
f 760//760 759//759 602//602
f 600//600 760//760 602//602
f 564//564 760//760 600//600
f 582//582 564//564 600//600
f 563//563 564//564 582//582
f 579//579 563//563 582//582
f 565//565 563//563 579//579
f 577//577 565//565 579//579
f 567//567 565//565 577//577
f 575//575 567//567 577//577
f 569//569 567//567 575//575
f 573//573 569//569 575//575
f 571//571 569//569 573//573
f 562//562 761//761 564//564
f 760//760 564//564 761//761
f 762//762 721//721 763//763
f 722//722 763//763 721//721
f 761//761 562//562 764//764
f 561//561 764//764 562//562
f 566//566 764//764 561//561
f 568//568 764//764 566//566
f 570//570 764//764 568//568
f 572//572 764//764 570//570
f 765//765 764//764 572//572
f 766//766 764//764 765//765
f 598//598 765//765 581//581
f 580//580 581//581 765//765
f 578//578 580//580 765//765
f 576//576 578//578 765//765
f 574//574 576//576 765//765
f 572//572 574//574 765//765
f 598//598 599//599 765//765
f 767//767 765//765 599//599
f 584//584 583//583 601//601
f 585//585 601//601 583//583
f 586//586 601//601 585//585
f 587//587 601//601 586//586
f 588//588 601//601 587//587
f 589//589 601//601 588//588
f 595//595 768//768 594//594
f 593//593 594//594 768//768
f 592//592 593//593 768//768
f 591//591 592//592 768//768
f 590//590 591//591 768//768
f 589//589 590//590 768//768
f 601//601 589//589 768//768
f 599//599 601//601 768//768
f 767//767 599//599 768//768
f 597//597 437//437 596//596
f 595//595 596//596 437//437
f 768//768 595//595 437//437
f 769//769 770//770 765//765
f 598//598 765//765 770//770
f 765//765 769//769 766//766
f 757//757 770//770 601//601
f 598//598 601//601 770//770
f 599//599 601//601 598//598
f 605//605 469//469 771//771
f 603//603 771//771 469//469
f 335//335 771//771 603//603
f 772//772 771//771 335//335
f 745//745 771//771 772//772
f 603//603 604//604 335//335
f 471//471 472//472 456//456
f 604//604 456//456 472//472
f 606//606 604//604 472//472
f 606//606 473//473 773//773
f 607//607 773//773 473//473
f 607//607 474//474 774//774
f 608//608 774//774 474//474
f 608//608 475//475 775//775
f 609//609 775//775 475//475
f 609//609 476//476 776//776
f 610//610 776//776 476//476
f 477//477 611//611 610//610
f 777//777 610//610 611//611
f 478//478 612//612 611//611
f 778//778 611//611 612//612
f 479//479 613//613 612//612
f 779//779 612//612 613//613
f 480//480 614//614 613//613
f 780//780 613//613 614//614
f 481//481 615//615 614//614
f 781//781 614//614 615//615
f 482//482 483//483 615//615
f 616//616 615//615 483//483
f 484//484 617//617 616//616
f 782//782 616//616 617//617
f 485//485 618//618 617//617
f 783//783 617//617 618//618
f 486//486 619//619 618//618
f 784//784 618//618 619//619
f 487//487 620//620 619//619
f 785//785 619//619 620//620
f 488//488 621//621 620//620
f 786//786 620//620 621//621
f 489//489 622//622 621//621
f 787//787 621//621 622//622
f 679//679 788//788 490//490
f 622//622 490//490 788//788
f 626//626 624//624 789//789
f 628//628 789//789 624//624
f 630//630 789//789 628//628
f 632//632 789//789 630//630
f 634//634 789//789 632//632
f 636//636 789//789 634//634
f 663//663 790//790 646//646
f 644//644 646//646 790//790
f 642//642 644//644 790//790
f 640//640 642//642 790//790
f 638//638 640//640 790//790
f 636//636 638//638 790//790
f 789//789 636//636 790//790
f 626//626 789//789 678//678
f 791//791 678//678 789//789
f 647//647 661//661 648//648
f 680//680 648//648 661//661
f 792//792 648//648 680//680
f 663//663 793//793 790//790
f 794//794 790//790 793//793
f 662//662 676//676 663//663
f 795//795 663//663 676//676
f 793//793 663//663 795//795
f 676//676 674//674 795//795
f 796//796 795//795 674//674
f 674//674 672//672 796//796
f 797//797 796//796 672//672
f 670//670 798//798 672//672
f 797//797 672//672 798//798
f 668//668 799//799 670//670
f 798//798 670//670 799//799
f 665//665 800//800 668//668
f 799//799 668//668 800//800
f 664//664 801//801 665//665
f 800//800 665//665 801//801
f 666//666 802//802 664//664
f 801//801 664//664 802//802
f 667//667 803//803 666//666
f 802//802 666//666 803//803
f 669//669 804//804 667//667
f 803//803 667//667 804//804
f 671//671 805//805 669//669
f 804//804 669//669 805//805
f 671//671 673//673 805//805
f 806//806 805//805 673//673
f 673//673 675//675 806//806
f 677//677 806//806 675//675
f 648//648 792//792 695//695
f 791//791 695//695 792//792
f 678//678 791//791 792//792
f 677//677 678//678 792//792
f 697//697 807//807 515//515
f 679//679 515//515 807//807
f 698//698 808//808 699//699
f 691//691 699//699 808//808
f 809//809 691//691 808//808
f 690//690 691//691 809//809
f 689//689 690//690 809//809
f 688//688 689//689 809//809
f 687//687 688//688 809//809
f 686//686 687//687 809//809
f 692//692 699//699 691//691
f 693//693 699//699 692//692
f 696//696 699//699 693//693
f 680//680 681//681 809//809
f 682//682 809//809 681//681
f 683//683 809//809 682//682
f 684//684 809//809 683//683
f 685//685 809//809 684//684
f 686//686 809//809 685//685
f 694//694 695//695 696//696
f 791//791 696//696 695//695
f 700//700 810//810 533//533
f 697//697 533//533 810//810
f 518//518 520//520 535//535
f 700//700 535//535 520//520
f 699//699 700//700 520//520
f 811//811 812//812 813//813
f 814//814 813//813 812//812
f 815//815 814//814 812//812
f 816//816 814//814 815//815
f 817//817 816//816 815//815
f 818//818 816//816 817//817
f 819//819 818//818 817//817
f 820//820 818//818 819//819
f 821//821 820//820 819//819
f 822//822 820//820 821//821
f 823//823 822//822 821//821
f 824//824 822//822 823//823
f 763//763 824//824 823//823
f 704//704 824//824 763//763
f 722//722 704//704 763//763
f 703//703 704//704 722//722
f 720//720 703//703 722//722
f 706//706 703//703 720//720
f 718//718 706//706 720//720
f 708//708 706//706 718//718
f 715//715 708//708 718//718
f 709//709 708//708 715//715
f 713//713 709//709 715//715
f 711//711 709//709 713//713
f 702//702 825//825 704//704
f 824//824 704//704 825//825
f 826//826 827//827 828//828
f 829//829 828//828 827//827
f 830//830 829//829 827//827
f 831//831 829//829 830//830
f 832//832 831//831 830//830
f 833//833 831//831 832//832
f 834//834 833//833 832//832
f 835//835 833//833 834//834
f 836//836 835//835 834//834
f 837//837 835//835 836//836
f 838//838 837//837 836//836
f 839//839 837//837 838//838
f 840//840 839//839 838//838
f 841//841 839//839 840//840
f 842//842 841//841 840//840
f 843//843 841//841 842//842
f 844//844 843//843 842//842
f 845//845 843//843 844//844
f 846//846 845//845 844//844
f 847//847 845//845 846//846
f 848//848 847//847 846//846
f 849//849 847//847 848//848
f 850//850 849//849 848//848
f 851//851 849//849 850//850
f 852//852 853//853 841//841
f 839//839 841//841 853//853
f 854//854 852//852 843//843
f 841//841 843//843 852//852
f 855//855 854//854 845//845
f 843//843 845//845 854//854
f 847//847 856//856 845//845
f 855//855 845//845 856//856
f 849//849 857//857 847//847
f 856//856 847//847 857//857
f 851//851 858//858 849//849
f 857//857 849//849 858//858
f 850//850 859//859 851//851
f 858//858 851//851 859//859
f 848//848 860//860 850//850
f 859//859 850//850 860//860
f 846//846 861//861 848//848
f 860//860 848//848 861//861
f 862//862 861//861 844//844
f 846//846 844//844 861//861
f 863//863 862//862 842//842
f 844//844 842//842 862//862
f 864//864 863//863 840//840
f 842//842 840//840 863//863
f 865//865 866//866 838//838
f 864//864 838//838 866//866
f 840//840 838//838 864//864
f 825//825 702//702 867//867
f 701//701 867//867 702//702
f 705//705 867//867 701//701
f 707//707 867//867 705//705
f 710//710 867//867 707//707
f 712//712 867//867 710//710
f 762//762 868//868 721//721
f 719//719 721//721 868//868
f 717//717 719//719 868//868
f 716//716 717//717 868//868
f 714//714 716//716 868//868
f 712//712 714//714 868//868
f 867//867 712//712 868//868
f 869//869 771//771 758//758
f 743//743 758//758 771//771
f 753//753 743//743 771//771
f 752//752 753//753 771//771
f 751//751 752//752 771//771
f 750//750 751//751 771//771
f 749//749 750//750 771//771
f 754//754 743//743 753//753
f 742//742 743//743 754//754
f 755//755 742//742 754//754
f 740//740 742//742 755//755
f 738//738 740//740 755//755
f 756//756 738//738 755//755
f 736//736 738//738 756//756
f 734//734 736//736 756//756
f 757//757 723//723 756//756
f 725//725 756//756 723//723
f 728//728 756//756 725//725
f 730//730 756//756 728//728
f 732//732 756//756 730//730
f 734//734 756//756 732//732
f 745//745 746//746 771//771
f 747//747 771//771 746//746
f 748//748 771//771 747//747
f 749//749 771//771 748//748
f 870//870 758//758 761//761
f 759//759 761//761 758//758
f 760//760 761//761 759//759
f 871//871 870//870 764//764
f 761//761 764//764 870//870
f 872//872 873//873 762//762
f 868//868 762//762 873//873
f 874//874 872//872 823//823
f 762//762 823//823 872//872
f 763//763 823//823 762//762
f 874//874 823//823 875//875
f 821//821 875//875 823//823
f 875//875 821//821 876//876
f 819//819 876//876 821//821
f 876//876 819//819 877//877
f 817//817 877//877 819//819
f 877//877 817//817 878//878
f 815//815 878//878 817//817
f 815//815 812//812 878//878
f 879//879 878//878 812//812
f 812//812 811//811 879//879
f 880//880 879//879 811//811
f 811//811 813//813 880//880
f 881//881 880//880 813//813
f 813//813 814//814 881//881
f 882//882 881//881 814//814
f 882//882 814//814 883//883
f 816//816 883//883 814//814
f 883//883 816//816 884//884
f 818//818 884//884 816//816
f 884//884 818//818 885//885
f 820//820 885//885 818//818
f 885//885 820//820 886//886
f 822//822 886//886 820//820
f 764//764 766//766 871//871
f 769//769 871//871 766//766
f 734//734 732//732 736//736
f 738//738 736//736 732//732
f 730//730 738//738 732//732
f 740//740 738//738 730//730
f 728//728 740//740 730//730
f 742//742 740//740 728//728
f 725//725 742//742 728//728
f 743//743 742//742 725//725
f 723//723 743//743 725//725
f 758//758 743//743 723//723
f 757//757 758//758 723//723
f 870//870 758//758 757//757
f 770//770 870//870 757//757
f 871//871 870//870 770//770
f 769//769 871//871 770//770
f 767//767 768//768 765//765
f 437//437 765//765 768//768
f 769//769 765//765 437//437
f 772//772 769//769 437//437
f 749//749 748//748 750//750
f 751//751 750//750 748//748
f 747//747 751//751 748//748
f 752//752 751//751 747//747
f 746//746 752//752 747//747
f 753//753 752//752 746//746
f 745//745 753//753 746//746
f 772//772 753//753 745//745
f 754//754 753//753 772//772
f 755//755 754//754 772//772
f 756//756 755//755 772//772
f 757//757 756//756 772//772
f 770//770 757//757 772//772
f 769//769 770//770 772//772
f 604//604 606//606 335//335
f 773//773 335//335 606//606
f 772//772 335//335 773//773
f 773//773 607//607 887//887
f 774//774 887//887 607//607
f 774//774 608//608 888//888
f 775//775 888//888 608//608
f 775//775 609//609 889//889
f 776//776 889//889 609//609
f 776//776 610//610 890//890
f 777//777 890//890 610//610
f 611//611 778//778 777//777
f 891//891 777//777 778//778
f 612//612 779//779 778//778
f 892//892 778//778 779//779
f 613//613 780//780 779//779
f 893//893 779//779 780//780
f 614//614 781//781 780//780
f 894//894 780//780 781//781
f 615//615 616//616 781//781
f 782//782 781//781 616//616
f 617//617 783//783 782//782
f 895//895 782//782 783//783
f 618//618 784//784 783//783
f 896//896 783//783 784//784
f 619//619 785//785 784//784
f 897//897 784//784 785//785
f 620//620 786//786 785//785
f 898//898 785//785 786//786
f 621//621 787//787 786//786
f 899//899 786//786 787//787
f 900//900 901//901 902//902
f 903//903 902//902 901//901
f 901//901 904//904 903//903
f 905//905 903//903 904//904
f 904//904 906//906 905//905
f 907//907 905//905 906//906
f 907//907 906//906 908//908
f 909//909 908//908 906//906
f 908//908 909//909 910//910
f 911//911 910//910 909//909
f 910//910 911//911 912//912
f 913//913 912//912 911//911
f 912//912 913//913 914//914
f 915//915 914//914 913//913
f 914//914 915//915 916//916
f 917//917 916//916 915//915
f 916//916 917//917 918//918
f 919//919 918//918 917//917
f 919//919 920//920 918//918
f 921//921 918//918 920//920
f 920//920 922//922 921//921
f 923//923 921//921 922//922
f 922//922 924//924 923//923
f 925//925 923//923 924//924
f 926//926 927//927 928//928
f 929//929 928//928 927//927
f 930//930 929//929 927//927
f 931//931 929//929 930//930
f 932//932 931//931 930//930
f 933//933 931//931 932//932
f 934//934 933//933 932//932
f 935//935 933//933 934//934
f 936//936 935//935 934//934
f 937//937 935//935 936//936
f 938//938 937//937 936//936
f 900//900 937//937 938//938
f 924//924 900//900 938//938
f 901//901 900//900 924//924
f 922//922 901//901 924//924
f 904//904 901//901 922//922
f 920//920 904//904 922//922
f 906//906 904//904 920//920
f 919//919 906//906 920//920
f 909//909 906//906 919//919
f 917//917 909//909 919//919
f 911//911 909//909 917//917
f 915//915 911//911 917//917
f 913//913 911//911 915//915
f 788//788 939//939 622//622
f 787//787 622//622 939//939
f 808//808 940//940 809//809
f 941//941 809//809 940//940
f 942//942 941//941 940//940
f 943//943 942//942 940//940
f 944//944 943//943 940//940
f 945//945 944//944 940//940
f 946//946 945//945 940//940
f 947//947 948//948 940//940
f 949//949 940//940 948//948
f 950//950 940//940 949//949
f 951//951 940//940 950//950
f 952//952 940//940 951//951
f 946//946 940//940 952//952
f 937//937 900//900 953//953
f 902//902 953//953 900//900
f 954//954 953//953 902//902
f 807//807 955//955 679//679
f 788//788 679//679 955//955
f 789//789 790//790 791//791
f 794//794 791//791 790//790
f 801//801 800//800 802//802
f 803//803 802//802 800//800
f 799//799 803//803 800//800
f 804//804 803//803 799//799
f 798//798 804//804 799//799
f 805//805 804//804 798//798
f 797//797 805//805 798//798
f 806//806 805//805 797//797
f 796//796 806//806 797//797
f 677//677 806//806 796//796
f 795//795 677//677 796//796
f 678//678 677//677 795//795
f 793//793 678//678 795//795
f 791//791 678//678 793//793
f 794//794 791//791 793//793
f 801//801 802//802 792//792
f 803//803 792//792 802//802
f 804//804 792//792 803//803
f 805//805 792//792 804//804
f 806//806 792//792 805//805
f 677//677 792//792 806//806
f 946//946 952//952 945//945
f 944//944 945//945 952//952
f 951//951 944//944 952//952
f 943//943 944//944 951//951
f 950//950 943//943 951//951
f 942//942 943//943 950//950
f 949//949 942//942 950//950
f 941//941 942//942 949//949
f 948//948 941//941 949//949
f 809//809 941//941 948//948
f 947//947 809//809 948//948
f 680//680 809//809 947//947
f 796//796 680//680 947//947
f 956//956 796//796 947//947
f 797//797 680//680 796//796
f 792//792 680//680 797//797
f 798//798 792//792 797//797
f 799//799 792//792 798//798
f 800//800 792//792 799//799
f 801//801 792//792 800//800
f 795//795 796//796 956//956
f 793//793 795//795 956//956
f 794//794 793//793 956//956
f 810//810 957//957 697//697
f 807//807 697//697 957//957
f 699//699 696//696 700//700
f 810//810 700//700 696//696
f 791//791 810//810 696//696
f 958//958 959//959 960//960
f 961//961 960//960 959//959
f 962//962 960//960 963//963
f 961//961 963//963 960//960
f 964//964 962//962 965//965
f 963//963 965//965 962//962
f 966//966 964//964 967//967
f 965//965 967//967 964//964
f 968//968 966//966 969//969
f 967//967 969//969 966//966
f 970//970 968//968 971//971
f 969//969 971//971 968//968
f 972//972 970//970 973//973
f 971//971 973//973 970//970
f 974//974 972//972 975//975
f 973//973 975//975 972//972
f 976//976 974//974 977//977
f 975//975 977//977 974//974
f 976//976 977//977 978//978
f 979//979 978//978 977//977
f 978//978 979//979 980//980
f 981//981 980//980 979//979
f 982//982 981//981 979//979
f 983//983 984//984 985//985
f 986//986 985//985 984//984
f 987//987 986//986 984//984
f 988//988 986//986 987//987
f 989//989 988//988 987//987
f 990//990 988//988 989//989
f 991//991 990//990 989//989
f 992//992 990//990 991//991
f 993//993 992//992 991//991
f 994//994 992//992 993//993
f 995//995 994//994 993//993
f 981//981 994//994 995//995
f 996//996 981//981 995//995
f 997//997 981//981 996//996
f 998//998 997//997 996//996
f 999//999 998//998 996//996
f 1000//1000 998//998 999//999
f 1001//1001 1000//1000 999//999
f 1002//1002 1000//1000 1001//1001
f 1003//1003 1002//1002 1001//1001
f 1004//1004 1002//1002 1003//1003
f 1005//1005 1004//1004 1003//1003
f 1006//1006 1004//1004 1005//1005
f 1007//1007 1006//1006 1005//1005
f 1008//1008 1006//1006 1007//1007
f 1009//1009 980//980 997//997
f 981//981 997//997 980//980
f 1010//1010 998//998 1011//1011
f 1000//1000 1011//1011 998//998
f 1011//1011 1000//1000 1012//1012
f 1002//1002 1012//1012 1000//1000
f 1013//1013 1012//1012 1004//1004
f 1002//1002 1004//1004 1012//1012
f 1014//1014 1013//1013 1006//1006
f 1004//1004 1006//1006 1013//1013
f 1015//1015 1014//1014 1008//1008
f 1006//1006 1008//1008 1014//1014
f 1016//1016 1015//1015 1007//1007
f 1008//1008 1007//1007 1015//1015
f 1017//1017 1016//1016 1005//1005
f 1007//1007 1005//1005 1016//1016
f 1018//1018 1017//1017 1003//1003
f 1005//1005 1003//1003 1017//1017
f 1018//1018 1003//1003 1019//1019
f 1001//1001 1019//1019 1003//1003
f 1019//1019 1001//1001 1020//1020
f 999//999 1020//1020 1001//1001
f 1020//1020 999//999 1021//1021
f 996//996 1021//1021 999//999
f 1022//1022 1009//1009 1010//1010
f 998//998 1010//1010 1009//1009
f 997//997 998//998 1009//1009
f 1023//1023 1024//1024 995//995
f 1021//1021 995//995 1024//1024
f 996//996 995//995 1021//1021
f 1025//1025 886//886 825//825
f 822//822 825//825 886//886
f 824//824 825//825 822//822
f 865//865 838//838 1026//1026
f 836//836 1026//1026 838//838
f 1026//1026 836//836 1027//1027
f 834//834 1027//1027 836//836
f 1027//1027 834//834 1028//1028
f 832//832 1028//1028 834//834
f 832//832 830//830 1028//1028
f 1029//1029 1028//1028 830//830
f 830//830 827//827 1029//1029
f 1030//1030 1029//1029 827//827
f 827//827 826//826 1030//1030
f 1031//1031 1030//1030 826//826
f 826//826 828//828 1031//1031
f 1032//1032 1031//1031 828//828
f 828//828 829//829 1032//1032
f 1033//1033 1032//1032 829//829
f 829//829 831//831 1033//1033
f 1034//1034 1033//1033 831//831
f 1034//1034 831//831 1035//1035
f 833//833 1035//1035 831//831
f 1035//1035 833//833 1036//1036
f 835//835 1036//1036 833//833
f 1036//1036 835//835 1037//1037
f 837//837 1037//1037 835//835
f 1038//1038 1037//1037 853//853
f 837//837 853//853 1037//1037
f 839//839 853//853 837//837
f 1039//1039 866//866 867//867
f 865//865 867//867 866//866
f 1025//1025 867//867 865//865
f 825//825 867//867 1025//1025
f 853//853 852//852 1040//1040
f 854//854 1040//1040 852//852
f 855//855 1040//1040 854//854
f 856//856 1040//1040 855//855
f 857//857 1040//1040 856//856
f 858//858 1040//1040 857//857
f 864//864 1041//1041 863//863
f 862//862 863//863 1041//1041
f 861//861 862//862 1041//1041
f 860//860 861//861 1041//1041
f 859//859 860//860 1041//1041
f 858//858 859//859 1041//1041
f 1040//1040 858//858 1041//1041
f 866//866 1039//1039 864//864
f 1041//1041 864//864 1039//1039
f 1042//1042 1038//1038 1040//1040
f 853//853 1040//1040 1038//1038
f 880//880 879//879 881//881
f 882//882 881//881 879//879
f 878//878 882//882 879//879
f 883//883 882//882 878//878
f 877//877 883//883 878//878
f 884//884 883//883 877//877
f 876//876 884//884 877//877
f 885//885 884//884 876//876
f 875//875 885//885 876//876
f 886//886 885//885 875//875
f 874//874 886//886 875//875
f 1025//1025 886//886 874//874
f 872//872 1025//1025 874//874
f 865//865 1025//1025 872//872
f 873//873 865//865 872//872
f 866//866 865//865 873//873
f 1039//1039 866//866 873//873
f 867//867 868//868 1039//1039
f 873//873 1039//1039 868//868
f 1043//1043 869//869 886//886
f 885//885 886//886 869//869
f 884//884 885//885 869//869
f 883//883 884//884 869//869
f 882//882 883//883 869//869
f 881//881 882//882 869//869
f 880//880 881//881 869//869
f 758//758 875//875 869//869
f 876//876 869//869 875//875
f 877//877 869//869 876//876
f 878//878 869//869 877//877
f 879//879 869//869 878//878
f 880//880 869//869 879//879
f 874//874 875//875 758//758
f 872//872 874//874 758//758
f 873//873 872//872 758//758
f 870//870 873//873 758//758
f 871//871 873//873 870//870
f 772//772 773//773 769//769
f 887//887 769//769 773//773
f 871//871 769//769 887//887
f 887//887 774//774 1044//1044
f 888//888 1044//1044 774//774
f 888//888 775//775 1045//1045
f 889//889 1045//1045 775//775
f 776//776 890//890 889//889
f 1046//1046 889//889 890//890
f 777//777 891//891 890//890
f 1047//1047 890//890 891//891
f 778//778 892//892 891//891
f 1048//1048 891//891 892//892
f 779//779 893//893 892//892
f 1049//1049 892//892 893//893
f 780//780 894//894 893//893
f 1050//1050 893//893 894//894
f 781//781 782//782 894//894
f 895//895 894//894 782//782
f 783//783 896//896 895//895
f 1051//1051 895//895 896//896
f 784//784 897//897 896//896
f 1052//1052 896//896 897//897
f 785//785 898//898 897//897
f 1053//1053 897//897 898//898
f 786//786 899//899 898//898
f 1054//1054 898//898 899//899
f 1055//1055 1056//1056 1057//1057
f 1058//1058 1057//1057 1056//1056
f 1056//1056 1059//1059 1058//1058
f 1060//1060 1058//1058 1059//1059
f 1059//1059 1061//1061 1060//1060
f 1062//1062 1060//1060 1061//1061
f 1062//1062 1061//1061 1063//1063
f 1064//1064 1063//1063 1061//1061
f 1063//1063 1064//1064 1065//1065
f 1066//1066 1065//1065 1064//1064
f 1065//1065 1066//1066 1067//1067
f 1068//1068 1067//1067 1066//1066
f 1067//1067 1068//1068 1069//1069
f 1070//1070 1069//1069 1068//1068
f 1069//1069 1070//1070 1071//1071
f 1072//1072 1071//1071 1070//1070
f 1071//1071 1072//1072 1073//1073
f 1074//1074 1073//1073 1072//1072
f 1074//1074 1075//1075 1073//1073
f 1076//1076 1073//1073 1075//1075
f 1075//1075 1077//1077 1076//1076
f 1078//1078 1076//1076 1077//1077
f 787//787 939//939 899//899
f 1079//1079 899//899 939//939
f 902//902 903//903 1080//1080
f 905//905 1080//1080 903//903
f 907//907 1080//1080 905//905
f 908//908 1080//1080 907//907
f 910//910 1080//1080 908//908
f 912//912 1080//1080 910//910
f 925//925 1081//1081 923//923
f 921//921 923//923 1081//1081
f 918//918 921//921 1081//1081
f 916//916 918//918 1081//1081
f 914//914 916//916 1081//1081
f 912//912 914//914 1081//1081
f 1080//1080 912//912 1081//1081
f 902//902 1080//1080 954//954
f 1082//1082 954//954 1080//1080
f 1081//1081 925//925 1083//1083
f 1084//1084 1083//1083 925//925
f 924//924 938//938 925//925
f 1085//1085 925//925 938//938
f 1084//1084 925//925 1085//1085
f 936//936 1086//1086 938//938
f 1085//1085 938//938 1086//1086
f 934//934 1087//1087 936//936
f 1086//1086 936//936 1087//1087
f 932//932 1088//1088 934//934
f 1087//1087 934//934 1088//1088
f 1089//1089 1088//1088 930//930
f 932//932 930//930 1088//1088
f 1090//1090 1089//1089 927//927
f 930//930 927//927 1089//1089
f 1091//1091 1090//1090 926//926
f 927//927 926//926 1090//1090
f 1092//1092 1091//1091 928//928
f 926//926 928//928 1091//1091
f 1093//1093 1092//1092 929//929
f 928//928 929//929 1092//1092
f 1094//1094 1093//1093 931//931
f 929//929 931//931 1093//1093
f 933//933 1095//1095 931//931
f 1094//1094 931//931 1095//1095
f 935//935 1096//1096 933//933
f 1095//1095 933//933 1096//1096
f 937//937 953//953 935//935
f 1096//1096 935//935 953//953
f 788//788 955//955 939//939
f 1097//1097 939//939 955//955
f 940//940 1098//1098 947//947
f 953//953 947//947 1098//1098
f 956//956 947//947 953//953
f 954//954 956//956 953//953
f 1099//1099 956//956 954//954
f 1099//1099 954//954 1082//1082
f 957//957 1100//1100 807//807
f 955//955 807//807 1100//1100
f 791//791 794//794 810//810
f 957//957 810//810 794//794
f 956//956 957//957 794//794
f 1101//1101 1102//1102 1103//1103
f 1104//1104 1103//1103 1102//1102
f 1105//1105 1103//1103 1106//1106
f 1104//1104 1106//1106 1103//1103
f 1107//1107 1105//1105 1108//1108
f 1106//1106 1108//1108 1105//1105
f 1109//1109 1107//1107 1110//1110
f 1108//1108 1110//1110 1107//1107
f 1111//1111 1109//1109 1112//1112
f 1110//1110 1112//1112 1109//1109
f 1113//1113 1111//1111 1114//1114
f 1112//1112 1114//1114 1111//1111
f 1115//1115 1113//1113 1116//1116
f 1114//1114 1116//1116 1113//1113
f 1117//1117 1115//1115 1118//1118
f 1116//1116 1118//1118 1115//1115
f 1119//1119 1117//1117 1120//1120
f 1118//1118 1120//1120 1117//1117
f 1119//1119 1120//1120 1121//1121
f 1122//1122 1121//1121 1120//1120
f 1123//1123 1124//1124 1125//1125
f 1126//1126 1125//1125 1124//1124
f 1127//1127 1123//1123 1128//1128
f 1125//1125 1128//1128 1123//1123
f 1127//1127 1128//1128 1129//1129
f 1130//1130 1129//1129 1128//1128
f 1129//1129 1130//1130 1131//1131
f 1132//1132 1131//1131 1130//1130
f 1131//1131 1132//1132 1133//1133
f 1134//1134 1133//1133 1132//1132
f 1133//1133 1134//1134 1135//1135
f 1136//1136 1135//1135 1134//1134
f 1135//1135 1136//1136 1137//1137
f 1138//1138 1137//1137 1136//1136
f 1137//1137 1138//1138 1139//1139
f 1140//1140 1139//1139 1138//1138
f 1139//1139 1140//1140 1141//1141
f 1142//1142 1141//1141 1140//1140
f 1141//1141 1142//1142 1143//1143
f 1144//1144 1143//1143 1142//1142
f 1145//1145 1143//1143 1146//1146
f 1144//1144 1146//1146 1143//1143
f 1147//1147 1023//1023 993//993
f 995//995 993//993 1023//1023
f 1148//1148 1147//1147 991//991
f 993//993 991//991 1147//1147
f 1149//1149 1148//1148 989//989
f 991//991 989//989 1148//1148
f 1149//1149 989//989 1150//1150
f 987//987 1150//1150 989//989
f 1150//1150 987//987 1151//1151
f 984//984 1151//1151 987//987
f 1151//1151 984//984 1152//1152
f 983//983 1152//1152 984//984
f 1152//1152 983//983 1153//1153
f 985//985 1153//1153 983//983
f 1153//1153 985//985 1154//1154
f 986//986 1154//1154 985//985
f 1154//1154 986//986 1155//1155
f 988//988 1155//1155 986//986
f 1156//1156 1155//1155 990//990
f 988//988 990//990 1155//1155
f 1157//1157 1156//1156 992//992
f 990//990 992//992 1156//1156
f 1158//1158 1157//1157 994//994
f 992//992 994//994 1157//1157
f 1158//1158 994//994 1124//1124
f 1126//1126 1124//1124 994//994
f 981//981 1126//1126 994//994
f 982//982 1126//1126 981//981
f 1159//1159 1145//1145 1160//1160
f 1146//1146 1160//1160 1145//1145
f 1136//1136 1134//1134 1138//1138
f 1140//1140 1138//1138 1134//1134
f 1132//1132 1140//1140 1134//1134
f 1142//1142 1140//1140 1132//1132
f 1130//1130 1142//1142 1132//1132
f 1144//1144 1142//1142 1130//1130
f 1128//1128 1144//1144 1130//1130
f 1146//1146 1144//1144 1128//1128
f 1125//1125 1146//1146 1128//1128
f 1160//1160 1146//1146 1125//1125
f 1126//1126 1160//1160 1125//1125
f 1161//1161 1160//1160 1126//1126
f 982//982 1161//1161 1126//1126
f 959//959 1161//1161 982//982
f 979//979 959//959 982//982
f 961//961 959//959 979//979
f 977//977 961//961 979//979
f 963//963 961//961 977//977
f 975//975 963//963 977//977
f 965//965 963//963 975//975
f 973//973 965//965 975//975
f 967//967 965//965 973//973
f 971//971 967//967 973//973
f 969//969 967//967 971//971
f 1162//1162 1161//1161 958//958
f 959//959 958//958 1161//1161
f 1121//1121 1122//1122 1163//1163
f 1164//1164 1163//1163 1122//1122
f 1162//1162 958//958 1165//1165
f 960//960 1165//1165 958//958
f 962//962 1165//1165 960//960
f 964//964 1165//1165 962//962
f 966//966 1165//1165 964//964
f 968//968 1165//1165 966//966
f 1009//1009 1165//1165 968//968
f 1166//1166 1165//1165 1009//1009
f 980//980 1009//1009 978//978
f 976//976 978//978 1009//1009
f 974//974 976//976 1009//1009
f 972//972 974//974 1009//1009
f 970//970 972//972 1009//1009
f 968//968 970//970 1009//1009
f 1158//1158 994//994 1167//1167
f 980//980 1167//1167 994//994
f 981//981 980//980 994//994
f 1168//1168 1167//1167 1022//1022
f 980//980 1022//1022 1167//1167
f 1009//1009 1022//1022 980//980
f 1168//1168 1169//1169 1022//1022
f 1170//1170 1022//1022 1169//1169
f 1022//1022 1010//1010 1170//1170
f 1011//1011 1170//1170 1010//1010
f 1012//1012 1170//1170 1011//1011
f 1013//1013 1170//1170 1012//1012
f 1014//1014 1170//1170 1013//1013
f 1015//1015 1170//1170 1014//1014
f 1021//1021 1171//1171 1020//1020
f 1019//1019 1020//1020 1171//1171
f 1018//1018 1019//1019 1171//1171
f 1017//1017 1018//1018 1171//1171
f 1016//1016 1017//1017 1171//1171
f 1015//1015 1016//1016 1171//1171
f 1170//1170 1015//1015 1171//1171
f 1024//1024 1172//1172 1021//1021
f 1171//1171 1021//1021 1172//1172
f 1022//1022 1170//1170 1009//1009
f 1166//1166 1009//1009 1170//1170
f 1170//1170 1169//1169 1166//1166
f 1173//1173 1043//1043 1023//1023
f 886//886 1023//1023 1043//1043
f 1035//1035 1023//1023 886//886
f 1034//1034 1035//1035 886//886
f 1033//1033 1034//1034 886//886
f 1032//1032 1033//1033 886//886
f 1025//1025 1032//1032 886//886
f 1031//1031 1032//1032 1025//1025
f 1036//1036 1023//1023 1035//1035
f 1037//1037 1023//1023 1036//1036
f 1038//1038 1023//1023 1037//1037
f 1042//1042 1023//1023 1038//1038
f 1024//1024 1023//1023 1042//1042
f 1172//1172 1024//1024 1042//1042
f 865//865 1026//1026 1025//1025
f 1027//1027 1025//1025 1026//1026
f 1028//1028 1025//1025 1027//1027
f 1029//1029 1025//1025 1028//1028
f 1030//1030 1025//1025 1029//1029
f 1031//1031 1025//1025 1030//1030
f 1031//1031 1030//1030 1032//1032
f 1033//1033 1032//1032 1030//1030
f 1029//1029 1033//1033 1030//1030
f 1034//1034 1033//1033 1029//1029
f 1028//1028 1034//1034 1029//1029
f 1035//1035 1034//1034 1028//1028
f 1027//1027 1035//1035 1028//1028
f 1036//1036 1035//1035 1027//1027
f 1026//1026 1036//1036 1027//1027
f 1037//1037 1036//1036 1026//1026
f 865//865 1037//1037 1026//1026
f 1038//1038 1037//1037 865//865
f 866//866 1038//1038 865//865
f 1042//1042 1038//1038 866//866
f 1039//1039 1042//1042 866//866
f 1040//1040 1041//1041 1042//1042
f 1039//1039 1042//1042 1041//1041
f 871//871 887//887 873//873
f 1044//1044 873//873 887//887
f 1039//1039 873//873 1044//1044
f 1044//1044 888//888 1174//1174
f 1045//1045 1174//1174 888//888
f 1045//1045 889//889 1175//1175
f 1046//1046 1175//1175 889//889
f 890//890 1047//1047 1046//1046
f 1176//1176 1046//1046 1047//1047
f 891//891 1048//1048 1047//1047
f 1177//1177 1047//1047 1048//1048
f 892//892 1049//1049 1048//1048
f 1178//1178 1048//1048 1049//1049
f 893//893 1050//1050 1049//1049
f 1179//1179 1049//1049 1050//1050
f 894//894 895//895 1050//1050
f 1051//1051 1050//1050 895//895
f 896//896 1052//1052 1051//1051
f 1180//1180 1051//1051 1052//1052
f 897//897 1053//1053 1052//1052
f 1181//1181 1052//1052 1053//1053
f 898//898 1054//1054 1053//1053
f 1182//1182 1053//1053 1054//1054
f 1183//1183 1184//1184 1185//1185
f 1186//1186 1185//1185 1184//1184
f 1186//1186 1184//1184 1187//1187
f 1188//1188 1187//1187 1184//1184
f 1187//1187 1188//1188 1189//1189
f 1190//1190 1189//1189 1188//1188
f 1189//1189 1190//1190 1191//1191
f 1192//1192 1191//1191 1190//1190
f 1191//1191 1192//1192 1193//1193
f 1194//1194 1193//1193 1192//1192
f 1193//1193 1194//1194 1195//1195
f 1196//1196 1195//1195 1194//1194
f 1195//1195 1196//1196 1197//1197
f 1198//1198 1197//1197 1196//1196
f 1197//1197 1198//1198 1199//1199
f 1200//1200 1199//1199 1198//1198
f 1199//1199 1200//1200 1201//1201
f 1202//1202 1201//1201 1200//1200
f 1201//1201 1202//1202 1203//1203
f 1204//1204 1203//1203 1202//1202
f 1203//1203 1204//1204 1205//1205
f 1206//1206 1205//1205 1204//1204
f 1077//1077 1207//1207 1078//1078
f 1208//1208 1078//1078 1207//1207
f 1209//1209 1210//1210 1211//1211
f 1212//1212 1211//1211 1210//1210
f 1213//1213 1212//1212 1210//1210
f 1214//1214 1212//1212 1213//1213
f 1215//1215 1214//1214 1213//1213
f 1216//1216 1214//1214 1215//1215
f 1217//1217 1216//1216 1215//1215
f 1218//1218 1216//1216 1217//1217
f 1219//1219 1218//1218 1217//1217
f 1220//1220 1218//1218 1219//1219
f 1221//1221 1220//1220 1219//1219
f 1055//1055 1220//1220 1221//1221
f 1207//1207 1055//1055 1221//1221
f 1056//1056 1055//1055 1207//1207
f 1077//1077 1056//1056 1207//1207
f 1059//1059 1056//1056 1077//1077
f 1075//1075 1059//1059 1077//1077
f 1061//1061 1059//1059 1075//1075
f 1074//1074 1061//1061 1075//1075
f 1064//1064 1061//1061 1074//1074
f 1072//1072 1064//1064 1074//1074
f 1066//1066 1064//1064 1072//1072
f 1070//1070 1066//1066 1072//1072
f 1068//1068 1066//1066 1070//1070
f 1206//1206 1222//1222 1205//1205
f 1223//1223 1205//1205 1222//1222
f 1224//1224 1225//1225 1226//1226
f 1227//1227 1226//1226 1225//1225
f 1228//1228 1227//1227 1225//1225
f 1229//1229 1227//1227 1228//1228
f 1230//1230 1229//1229 1228//1228
f 1231//1231 1229//1229 1230//1230
f 1232//1232 1231//1231 1230//1230
f 1233//1233 1231//1231 1232//1232
f 1234//1234 1233//1233 1232//1232
f 1235//1235 1233//1233 1234//1234
f 1236//1236 1235//1235 1234//1234
f 1183//1183 1235//1235 1236//1236
f 1222//1222 1183//1183 1236//1236
f 1184//1184 1183//1183 1222//1222
f 1206//1206 1184//1184 1222//1222
f 1188//1188 1184//1184 1206//1206
f 1204//1204 1188//1188 1206//1206
f 1190//1190 1188//1188 1204//1204
f 1202//1202 1190//1190 1204//1204
f 1192//1192 1190//1190 1202//1202
f 1200//1200 1192//1192 1202//1202
f 1194//1194 1192//1192 1200//1200
f 1198//1198 1194//1194 1200//1200
f 1196//1196 1194//1194 1198//1198
f 899//899 1079//1079 1054//1054
f 1237//1237 1054//1054 1079//1079
f 1219//1219 1238//1238 1221//1221
f 1239//1239 1221//1221 1238//1238
f 1217//1217 1240//1240 1219//1219
f 1238//1238 1219//1219 1240//1240
f 1215//1215 1241//1241 1217//1217
f 1240//1240 1217//1217 1241//1241
f 1242//1242 1241//1241 1213//1213
f 1215//1215 1213//1213 1241//1241
f 1243//1243 1242//1242 1210//1210
f 1213//1213 1210//1210 1242//1242
f 1244//1244 1243//1243 1209//1209
f 1210//1210 1209//1209 1243//1243
f 1245//1245 1244//1244 1211//1211
f 1209//1209 1211//1211 1244//1244
f 1246//1246 1245//1245 1212//1212
f 1211//1211 1212//1212 1245//1245
f 1247//1247 1246//1246 1214//1214
f 1212//1212 1214//1214 1246//1246
f 1216//1216 1248//1248 1214//1214
f 1247//1247 1214//1214 1248//1248
f 1218//1218 1249//1249 1216//1216
f 1248//1248 1216//1216 1249//1249
f 1220//1220 1250//1250 1218//1218
f 1249//1249 1218//1218 1250//1250
f 1220//1220 1055//1055 1250//1250
f 1057//1057 1250//1250 1055//1055
f 1251//1251 1250//1250 1057//1057
f 1235//1235 1183//1183 1252//1252
f 1185//1185 1252//1252 1183//1183
f 1253//1253 1252//1252 1185//1185
f 1057//1057 1058//1058 1254//1254
f 1060//1060 1254//1254 1058//1058
f 1062//1062 1254//1254 1060//1060
f 1063//1063 1254//1254 1062//1062
f 1065//1065 1254//1254 1063//1063
f 1067//1067 1254//1254 1065//1065
f 1208//1208 1255//1255 1078//1078
f 1076//1076 1078//1078 1255//1255
f 1073//1073 1076//1076 1255//1255
f 1071//1071 1073//1073 1255//1255
f 1069//1069 1071//1071 1255//1255
f 1067//1067 1069//1069 1255//1255
f 1254//1254 1067//1067 1255//1255
f 1057//1057 1254//1254 1251//1251
f 1256//1256 1251//1251 1254//1254
f 939//939 1097//1097 1079//1079
f 1257//1257 1079//1079 1097//1097
f 1091//1091 1090//1090 1092//1092
f 1093//1093 1092//1092 1090//1090
f 1089//1089 1093//1093 1090//1090
f 1094//1094 1093//1093 1089//1089
f 1088//1088 1094//1094 1089//1089
f 1095//1095 1094//1094 1088//1088
f 1087//1087 1095//1095 1088//1088
f 1096//1096 1095//1095 1087//1087
f 1086//1086 1096//1096 1087//1087
f 953//953 1096//1096 1086//1086
f 1085//1085 953//953 1086//1086
f 954//954 953//953 1085//1085
f 1084//1084 954//954 1085//1085
f 1082//1082 954//954 1084//1084
f 1083//1083 1082//1082 1084//1084
f 1080//1080 1081//1081 1082//1082
f 1083//1083 1082//1082 1081//1081
f 1098//1098 1258//1258 953//953
f 1096//1096 953//953 1258//1258
f 1095//1095 1096//1096 1258//1258
f 1094//1094 1095//1095 1258//1258
f 1093//1093 1094//1094 1258//1258
f 1092//1092 1093//1093 1258//1258
f 1091//1091 1092//1092 1258//1258
f 1259//1259 1086//1086 1258//1258
f 1087//1087 1258//1258 1086//1086
f 1088//1088 1258//1258 1087//1087
f 1089//1089 1258//1258 1088//1088
f 1090//1090 1258//1258 1089//1089
f 1091//1091 1258//1258 1090//1090
f 1085//1085 1086//1086 1259//1259
f 1084//1084 1085//1085 1259//1259
f 1083//1083 1084//1084 1259//1259
f 955//955 1100//1100 1097//1097
f 1260//1260 1097//1097 1100//1100
f 1099//1099 1082//1082 956//956
f 957//957 956//956 1082//1082
f 1100//1100 957//957 1082//1082
f 1261//1261 1262//1262 1263//1263
f 1264//1264 1263//1263 1262//1262
f 1265//1265 1264//1264 1262//1262
f 1266//1266 1264//1264 1265//1265
f 1267//1267 1266//1266 1265//1265
f 1268//1268 1266//1266 1267//1267
f 1269//1269 1268//1268 1267//1267
f 1270//1270 1268//1268 1269//1269
f 1271//1271 1270//1270 1269//1269
f 1272//1272 1270//1270 1271//1271
f 1273//1273 1272//1272 1271//1271
f 1274//1274 1272//1272 1273//1273
f 1164//1164 1274//1274 1273//1273
f 1102//1102 1274//1274 1164//1164
f 1122//1122 1102//1102 1164//1164
f 1104//1104 1102//1102 1122//1122
f 1120//1120 1104//1104 1122//1122
f 1106//1106 1104//1104 1120//1120
f 1118//1118 1106//1106 1120//1120
f 1108//1108 1106//1106 1118//1118
f 1116//1116 1108//1108 1118//1118
f 1110//1110 1108//1108 1116//1116
f 1114//1114 1110//1110 1116//1116
f 1112//1112 1110//1110 1114//1114
f 1275//1275 1274//1274 1101//1101
f 1102//1102 1101//1101 1274//1274
f 1275//1275 1101//1101 1276//1276
f 1103//1103 1276//1276 1101//1101
f 1105//1105 1276//1276 1103//1103
f 1107//1107 1276//1276 1105//1105
f 1109//1109 1276//1276 1107//1107
f 1111//1111 1276//1276 1109//1109
f 1163//1163 1277//1277 1121//1121
f 1119//1119 1121//1121 1277//1277
f 1117//1117 1119//1119 1277//1277
f 1115//1115 1117//1117 1277//1277
f 1113//1113 1115//1115 1277//1277
f 1111//1111 1113//1113 1277//1277
f 1276//1276 1111//1111 1277//1277
f 1278//1278 1173//1173 1159//1159
f 1145//1145 1159//1159 1173//1173
f 1143//1143 1145//1145 1173//1173
f 1141//1141 1143//1143 1173//1173
f 1139//1139 1141//1141 1173//1173
f 1137//1137 1139//1139 1173//1173
f 1135//1135 1137//1137 1173//1173
f 1152//1152 1153//1153 1124//1124
f 1154//1154 1124//1124 1153//1153
f 1155//1155 1124//1124 1154//1154
f 1156//1156 1124//1124 1155//1155
f 1157//1157 1124//1124 1156//1156
f 1158//1158 1124//1124 1157//1157
f 1023//1023 1147//1147 1173//1173
f 1148//1148 1173//1173 1147//1147
f 1149//1149 1173//1173 1148//1148
f 1127//1127 1173//1173 1149//1149
f 1129//1129 1173//1173 1127//1127
f 1131//1131 1173//1173 1129//1129
f 1133//1133 1173//1173 1131//1131
f 1135//1135 1173//1173 1133//1133
f 1123//1123 1127//1127 1149//1149
f 1124//1124 1123//1123 1149//1149
f 1150//1150 1124//1124 1149//1149
f 1151//1151 1124//1124 1150//1150
f 1152//1152 1124//1124 1151//1151
f 1279//1279 1159//1159 1162//1162
f 1160//1160 1162//1162 1159//1159
f 1161//1161 1162//1162 1160//1160
f 1280//1280 1279//1279 1165//1165
f 1162//1162 1165//1165 1279//1279
f 1281//1281 1282//1282 1163//1163
f 1277//1277 1163//1163 1282//1282
f 1283//1283 1281//1281 1273//1273
f 1163//1163 1273//1273 1281//1281
f 1164//1164 1273//1273 1163//1163
f 1284//1284 1283//1283 1271//1271
f 1273//1273 1271//1271 1283//1283
f 1285//1285 1284//1284 1269//1269
f 1271//1271 1269//1269 1284//1284
f 1285//1285 1269//1269 1286//1286
f 1267//1267 1286//1286 1269//1269
f 1286//1286 1267//1267 1287//1287
f 1265//1265 1287//1287 1267//1267
f 1287//1287 1265//1265 1288//1288
f 1262//1262 1288//1288 1265//1265
f 1288//1288 1262//1262 1289//1289
f 1261//1261 1289//1289 1262//1262
f 1289//1289 1261//1261 1290//1290
f 1263//1263 1290//1290 1261//1261
f 1290//1290 1263//1263 1291//1291
f 1264//1264 1291//1291 1263//1263
f 1291//1291 1264//1264 1292//1292
f 1266//1266 1292//1292 1264//1264
f 1292//1292 1266//1266 1293//1293
f 1268//1268 1293//1293 1266//1266
f 1294//1294 1293//1293 1270//1270
f 1268//1268 1270//1270 1293//1293
f 1295//1295 1294//1294 1272//1272
f 1270//1270 1272//1272 1294//1294
f 1165//1165 1166//1166 1280//1280
f 1169//1169 1280//1280 1166//1166
f 1135//1135 1133//1133 1137//1137
f 1139//1139 1137//1137 1133//1133
f 1131//1131 1139//1139 1133//1133
f 1141//1141 1139//1139 1131//1131
f 1129//1129 1141//1141 1131//1131
f 1143//1143 1141//1141 1129//1129
f 1127//1127 1143//1143 1129//1129
f 1145//1145 1143//1143 1127//1127
f 1123//1123 1145//1145 1127//1127
f 1159//1159 1145//1145 1123//1123
f 1124//1124 1159//1159 1123//1123
f 1279//1279 1159//1159 1124//1124
f 1158//1158 1279//1279 1124//1124
f 1167//1167 1279//1279 1158//1158
f 1280//1280 1279//1279 1167//1167
f 1168//1168 1280//1280 1167//1167
f 1169//1169 1280//1280 1168//1168
f 1152//1152 1151//1151 1153//1153
f 1154//1154 1153//1153 1151//1151
f 1150//1150 1154//1154 1151//1151
f 1155//1155 1154//1154 1150//1150
f 1149//1149 1155//1155 1150//1150
f 1156//1156 1155//1155 1149//1149
f 1148//1148 1156//1156 1149//1149
f 1157//1157 1156//1156 1148//1148
f 1147//1147 1157//1157 1148//1148
f 1158//1158 1157//1157 1147//1147
f 1023//1023 1158//1158 1147//1147
f 1167//1167 1158//1158 1023//1023
f 1024//1024 1167//1167 1023//1023
f 1168//1168 1167//1167 1024//1024
f 1169//1169 1168//1168 1024//1024
f 1172//1172 1169//1169 1024//1024
f 1170//1170 1171//1171 1169//1169
f 1172//1172 1169//1169 1171//1171
f 1172//1172 1042//1042 1174//1174
f 1039//1039 1174//1174 1042//1042
f 1044//1044 1174//1174 1039//1039
f 1045//1045 1175//1175 1174//1174
f 1296//1296 1174//1174 1175//1175
f 1046//1046 1176//1176 1175//1175
f 1297//1297 1175//1175 1176//1176
f 1047//1047 1177//1177 1176//1176
f 1298//1298 1176//1176 1177//1177
f 1048//1048 1178//1178 1177//1177
f 1299//1299 1177//1177 1178//1178
f 1049//1049 1179//1179 1178//1178
f 1300//1300 1178//1178 1179//1179
f 1050//1050 1051//1051 1179//1179
f 1180//1180 1179//1179 1051//1051
f 1052//1052 1181//1181 1180//1180
f 1301//1301 1180//1180 1181//1181
f 1053//1053 1182//1182 1181//1181
f 1302//1302 1181//1181 1182//1182
f 1303//1303 1304//1304 1305//1305
f 1306//1306 1305//1305 1304//1304
f 1305//1305 1306//1306 1307//1307
f 1308//1308 1307//1307 1306//1306
f 1307//1307 1308//1308 1309//1309
f 1310//1310 1309//1309 1308//1308
f 1309//1309 1310//1310 1311//1311
f 1312//1312 1311//1311 1310//1310
f 1311//1311 1312//1312 1313//1313
f 1314//1314 1313//1313 1312//1312
f 1313//1313 1314//1314 1315//1315
f 1316//1316 1315//1315 1314//1314
f 1315//1315 1316//1316 1317//1317
f 1318//1318 1317//1317 1316//1316
f 1317//1317 1318//1318 1319//1319
f 1320//1320 1319//1319 1318//1318
f 1319//1319 1320//1320 1321//1321
f 1322//1322 1321//1321 1320//1320
f 1321//1321 1322//1322 1323//1323
f 1324//1324 1323//1323 1322//1322
f 1325//1325 1326//1326 1324//1324
f 1323//1323 1324//1324 1326//1326
f 1327//1327 1328//1328 1325//1325
f 1326//1326 1325//1325 1328//1328
f 1304//1304 1329//1329 1306//1306
f 1330//1330 1306//1306 1329//1329
f 1308//1308 1306//1306 1330//1330
f 1331//1331 1308//1308 1330//1330
f 1310//1310 1308//1308 1331//1331
f 1332//1332 1310//1310 1331//1331
f 1312//1312 1310//1310 1332//1332
f 1333//1333 1312//1312 1332//1332
f 1314//1314 1312//1312 1333//1333
f 1334//1334 1314//1314 1333//1333
f 1316//1316 1314//1314 1334//1334
f 1335//1335 1316//1316 1334//1334
f 1318//1318 1316//1316 1335//1335
f 1336//1336 1318//1318 1335//1335
f 1320//1320 1318//1318 1336//1336
f 1337//1337 1320//1320 1336//1336
f 1322//1322 1320//1320 1337//1337
f 1338//1338 1322//1322 1337//1337
f 1324//1324 1322//1322 1338//1338
f 1339//1339 1324//1324 1338//1338
f 1325//1325 1324//1324 1339//1339
f 1340//1340 1325//1325 1339//1339
f 1327//1327 1325//1325 1340//1340
f 1341//1341 1327//1327 1340//1340
f 1054//1054 1237//1237 1182//1182
f 1342//1342 1182//1182 1237//1237
f 1185//1185 1186//1186 1343//1343
f 1187//1187 1343//1343 1186//1186
f 1189//1189 1343//1343 1187//1187
f 1191//1191 1343//1343 1189//1189
f 1193//1193 1343//1343 1191//1191
f 1195//1195 1343//1343 1193//1193
f 1223//1223 1344//1344 1205//1205
f 1203//1203 1205//1205 1344//1344
f 1201//1201 1203//1203 1344//1344
f 1199//1199 1201//1201 1344//1344
f 1197//1197 1199//1199 1344//1344
f 1195//1195 1197//1197 1344//1344
f 1343//1343 1195//1195 1344//1344
f 1185//1185 1343//1343 1253//1253
f 1345//1345 1253//1253 1343//1343
f 1207//1207 1221//1221 1208//1208
f 1239//1239 1208//1208 1221//1221
f 1346//1346 1208//1208 1239//1239
f 1347//1347 1329//1329 1348//1348
f 1304//1304 1348//1348 1329//1329
f 1303//1303 1348//1348 1304//1304
f 1344//1344 1223//1223 1349//1349
f 1350//1350 1349//1349 1223//1223
f 1222//1222 1236//1236 1223//1223
f 1351//1351 1223//1223 1236//1236
f 1350//1350 1223//1223 1351//1351
f 1234//1234 1352//1352 1236//1236
f 1351//1351 1236//1236 1352//1352
f 1353//1353 1352//1352 1232//1232
f 1234//1234 1232//1232 1352//1352
f 1354//1354 1353//1353 1230//1230
f 1232//1232 1230//1230 1353//1353
f 1355//1355 1354//1354 1228//1228
f 1230//1230 1228//1228 1354//1354
f 1356//1356 1355//1355 1225//1225
f 1228//1228 1225//1225 1355//1355
f 1357//1357 1356//1356 1224//1224
f 1225//1225 1224//1224 1356//1356
f 1358//1358 1357//1357 1226//1226
f 1224//1224 1226//1226 1357//1357
f 1359//1359 1358//1358 1227//1227
f 1226//1226 1227//1227 1358//1358
f 1360//1360 1359//1359 1229//1229
f 1227//1227 1229//1229 1359//1359
f 1361//1361 1360//1360 1231//1231
f 1229//1229 1231//1231 1360//1360
f 1362//1362 1361//1361 1233//1233
f 1231//1231 1233//1233 1361//1361
f 1235//1235 1252//1252 1233//1233
f 1362//1362 1233//1233 1252//1252
f 1255//1255 1208//1208 1345//1345
f 1346//1346 1345//1345 1208//1208
f 1252//1252 1345//1345 1346//1346
f 1253//1253 1345//1345 1252//1252
f 1079//1079 1257//1257 1237//1237
f 1363//1363 1237//1237 1257//1257
f 1258//1258 1364//1364 1259//1259
f 1249//1249 1259//1259 1364//1364
f 1248//1248 1249//1249 1364//1364
f 1247//1247 1248//1248 1364//1364
f 1246//1246 1247//1247 1364//1364
f 1245//1245 1246//1246 1364//1364
f 1244//1244 1245//1245 1364//1364
f 1250//1250 1259//1259 1249//1249
f 1251//1251 1259//1259 1250//1250
f 1256//1256 1259//1259 1251//1251
f 1239//1239 1238//1238 1364//1364
f 1240//1240 1364//1364 1238//1238
f 1241//1241 1364//1364 1240//1240
f 1242//1242 1364//1364 1241//1241
f 1243//1243 1364//1364 1242//1242
f 1244//1244 1364//1364 1243//1243
f 1244//1244 1243//1243 1245//1245
f 1246//1246 1245//1245 1243//1243
f 1242//1242 1246//1246 1243//1243
f 1247//1247 1246//1246 1242//1242
f 1241//1241 1247//1247 1242//1242
f 1248//1248 1247//1247 1241//1241
f 1240//1240 1248//1248 1241//1241
f 1249//1249 1248//1248 1240//1240
f 1238//1238 1249//1249 1240//1240
f 1250//1250 1249//1249 1238//1238
f 1239//1239 1250//1250 1238//1238
f 1251//1251 1250//1250 1239//1239
f 1346//1346 1251//1251 1239//1239
f 1256//1256 1251//1251 1346//1346
f 1252//1252 1256//1256 1346//1346
f 1253//1253 1256//1256 1252//1252
f 1345//1345 1256//1256 1253//1253
f 1254//1254 1255//1255 1256//1256
f 1345//1345 1256//1256 1255//1255
f 1097//1097 1260//1260 1257//1257
f 1365//1365 1257//1257 1260//1260
f 1082//1082 1083//1083 1100//1100
f 1259//1259 1100//1100 1083//1083
f 1260//1260 1100//1100 1259//1259
f 1366//1366 1367//1367 1368//1368
f 1369//1369 1368//1368 1367//1367
f 1370//1370 1368//1368 1369//1369
f 1371//1371 1370//1370 1369//1369
f 1372//1372 1370//1370 1371//1371
f 1373//1373 1372//1372 1371//1371
f 1374//1374 1372//1372 1373//1373
f 1375//1375 1374//1374 1373//1373
f 1376//1376 1374//1374 1375//1375
f 1377//1377 1376//1376 1375//1375
f 1378//1378 1376//1376 1377//1377
f 1379//1379 1378//1378 1377//1377
f 1380//1380 1378//1378 1379//1379
f 1381//1381 1380//1380 1379//1379
f 1382//1382 1380//1380 1381//1381
f 1383//1383 1382//1382 1381//1381
f 1384//1384 1382//1382 1383//1383
f 1385//1385 1384//1384 1383//1383
f 1386//1386 1384//1384 1385//1385
f 1387//1387 1386//1386 1385//1385
f 1388//1388 1386//1386 1387//1387
f 1389//1389 1388//1388 1387//1387
f 1390//1390 1388//1388 1389//1389
f 1391//1391 1390//1390 1389//1389
f 1392//1392 1393//1393 1394//1394
f 1395//1395 1394//1394 1393//1393
f 1394//1394 1395//1395 1396//1396
f 1397//1397 1396//1396 1395//1395
f 1398//1398 1396//1396 1399//1399
f 1397//1397 1399//1399 1396//1396
f 1400//1400 1398//1398 1401//1401
f 1399//1399 1401//1401 1398//1398
f 1402//1402 1400//1400 1403//1403
f 1401//1401 1403//1403 1400//1400
f 1404//1404 1402//1402 1405//1405
f 1403//1403 1405//1405 1402//1402
f 1406//1406 1404//1404 1407//1407
f 1405//1405 1407//1407 1404//1404
f 1408//1408 1406//1406 1409//1409
f 1407//1407 1409//1409 1406//1406
f 1410//1410 1411//1411 1409//1409
f 1408//1408 1409//1409 1411//1411
f 1412//1412 1413//1413 1410//1410
f 1411//1411 1410//1410 1413//1413
f 1414//1414 1415//1415 1412//1412
f 1413//1413 1412//1412 1415//1415
f 1416//1416 1367//1367 1417//1417
f 1366//1366 1417//1417 1367//1367
f 1418//1418 1417//1417 1419//1419
f 1366//1366 1419//1419 1417//1417
f 1368//1368 1419//1419 1366//1366
f 1419//1419 1368//1368 1420//1420
f 1370//1370 1420//1420 1368//1368
f 1421//1421 1420//1420 1372//1372
f 1370//1370 1372//1372 1420//1420
f 1422//1422 1421//1421 1374//1374
f 1372//1372 1374//1374 1421//1421
f 1423//1423 1422//1422 1376//1376
f 1374//1374 1376//1376 1422//1422
f 1424//1424 1423//1423 1378//1378
f 1376//1376 1378//1378 1423//1423
f 1425//1425 1424//1424 1380//1380
f 1378//1378 1380//1380 1424//1424
f 1426//1426 1425//1425 1382//1382
f 1380//1380 1382//1382 1425//1425
f 1427//1427 1426//1426 1384//1384
f 1382//1382 1384//1384 1426//1426
f 1428//1428 1427//1427 1386//1386
f 1384//1384 1386//1386 1427//1427
f 1388//1388 1429//1429 1386//1386
f 1428//1428 1386//1386 1429//1429
f 1390//1390 1430//1430 1388//1388
f 1429//1429 1388//1388 1430//1430
f 1391//1391 1431//1431 1390//1390
f 1432//1432 1390//1390 1431//1431
f 1430//1430 1390//1390 1432//1432
f 1433//1433 1295//1295 1275//1275
f 1272//1272 1275//1275 1295//1295
f 1274//1274 1275//1275 1272//1272
f 1433//1433 1275//1275 1434//1434
f 1276//1276 1434//1434 1275//1275
f 1276//1276 1277//1277 1434//1434
f 1282//1282 1434//1434 1277//1277
f 1289//1289 1288//1288 1290//1290
f 1291//1291 1290//1290 1288//1288
f 1287//1287 1291//1291 1288//1288
f 1292//1292 1291//1291 1287//1287
f 1286//1286 1292//1292 1287//1287
f 1293//1293 1292//1292 1286//1286
f 1285//1285 1293//1293 1286//1286
f 1294//1294 1293//1293 1285//1285
f 1284//1284 1294//1294 1285//1285
f 1295//1295 1294//1294 1284//1284
f 1283//1283 1295//1295 1284//1284
f 1433//1433 1295//1295 1283//1283
f 1281//1281 1433//1433 1283//1283
f 1434//1434 1433//1433 1281//1281
f 1282//1282 1434//1434 1281//1281
f 1435//1435 1278//1278 1295//1295
f 1294//1294 1295//1295 1278//1278
f 1293//1293 1294//1294 1278//1278
f 1292//1292 1293//1293 1278//1278
f 1159//1159 1292//1292 1278//1278
f 1291//1291 1292//1292 1159//1159
f 1290//1290 1291//1291 1159//1159
f 1279//1279 1290//1290 1159//1159
f 1289//1289 1290//1290 1279//1279
f 1280//1280 1284//1284 1279//1279
f 1285//1285 1279//1279 1284//1284
f 1286//1286 1279//1279 1285//1285
f 1287//1287 1279//1279 1286//1286
f 1288//1288 1279//1279 1287//1287
f 1289//1289 1279//1279 1288//1288
f 1283//1283 1284//1284 1280//1280
f 1281//1281 1283//1283 1280//1280
f 1282//1282 1281//1281 1280//1280
f 1280//1280 1169//1169 1296//1296
f 1172//1172 1296//1296 1169//1169
f 1174//1174 1296//1296 1172//1172
f 1175//1175 1297//1297 1296//1296
f 1436//1436 1296//1296 1297//1297
f 1176//1176 1298//1298 1297//1297
f 1437//1437 1297//1297 1298//1298
f 1177//1177 1299//1299 1298//1298
f 1438//1438 1298//1298 1299//1299
f 1178//1178 1300//1300 1299//1299
f 1439//1439 1299//1299 1300//1300
f 1179//1179 1180//1180 1300//1300
f 1301//1301 1300//1300 1180//1180
f 1440//1440 1441//1441 1442//1442
f 1443//1443 1442//1442 1441//1441
f 1444//1444 1442//1442 1443//1443
f 1445//1445 1444//1444 1443//1443
f 1446//1446 1444//1444 1445//1445
f 1447//1447 1446//1446 1445//1445
f 1448//1448 1446//1446 1447//1447
f 1449//1449 1448//1448 1447//1447
f 1450//1450 1448//1448 1449//1449
f 1451//1451 1450//1450 1449//1449
f 1452//1452 1450//1450 1451//1451
f 1453//1453 1452//1452 1451//1451
f 1454//1454 1452//1452 1453//1453
f 1455//1455 1454//1454 1453//1453
f 1456//1456 1454//1454 1455//1455
f 1457//1457 1456//1456 1455//1455
f 1458//1458 1456//1456 1457//1457
f 1459//1459 1458//1458 1457//1457
f 1460//1460 1458//1458 1459//1459
f 1461//1461 1460//1460 1459//1459
f 1462//1462 1460//1460 1461//1461
f 1463//1463 1462//1462 1461//1461
f 1464//1464 1462//1462 1463//1463
f 1465//1465 1464//1464 1463//1463
f 1181//1181 1302//1302 1301//1301
f 1466//1466 1301//1301 1302//1302
f 1467//1467 1440//1440 1468//1468
f 1442//1442 1468//1468 1440//1440
f 1468//1468 1442//1442 1469//1469
f 1444//1444 1469//1469 1442//1442
f 1469//1469 1444//1444 1470//1470
f 1446//1446 1470//1470 1444//1444
f 1470//1470 1446//1446 1471//1471
f 1448//1448 1471//1471 1446//1446
f 1471//1471 1448//1448 1472//1472
f 1450//1450 1472//1472 1448//1448
f 1472//1472 1450//1450 1473//1473
f 1452//1452 1473//1473 1450//1450
f 1473//1473 1452//1452 1474//1474
f 1454//1454 1474//1474 1452//1452
f 1474//1474 1454//1454 1475//1475
f 1456//1456 1475//1475 1454//1454
f 1475//1475 1456//1456 1476//1476
f 1458//1458 1476//1476 1456//1456
f 1476//1476 1458//1458 1477//1477
f 1460//1460 1477//1477 1458//1458
f 1462//1462 1478//1478 1460//1460
f 1477//1477 1460//1460 1478//1478
f 1464//1464 1479//1479 1462//1462
f 1480//1480 1462//1462 1479//1479
f 1478//1478 1462//1462 1480//1480
f 1480//1480 1479//1479 1481//1481
f 1482//1482 1481//1481 1479//1479
f 1483//1483 1484//1484 1485//1485
f 1486//1486 1485//1485 1484//1484
f 1485//1485 1486//1486 1487//1487
f 1488//1488 1487//1487 1486//1486
f 1487//1487 1488//1488 1489//1489
f 1490//1490 1489//1489 1488//1488
f 1489//1489 1490//1490 1491//1491
f 1492//1492 1491//1491 1490//1490
f 1491//1491 1492//1492 1493//1493
f 1494//1494 1493//1493 1492//1492
f 1493//1493 1494//1494 1495//1495
f 1496//1496 1495//1495 1494//1494
f 1495//1495 1496//1496 1497//1497
f 1498//1498 1497//1497 1496//1496
f 1497//1497 1498//1498 1499//1499
f 1500//1500 1499//1499 1498//1498
f 1501//1501 1502//1502 1500//1500
f 1499//1499 1500//1500 1502//1502
f 1503//1503 1504//1504 1501//1501
f 1502//1502 1501//1501 1504//1504
f 1505//1505 1481//1481 1483//1483
f 1482//1482 1483//1483 1481//1481
f 1484//1484 1483//1483 1482//1482
f 1182//1182 1342//1342 1302//1302
f 1506//1506 1302//1302 1342//1342
f 1303//1303 1305//1305 1507//1507
f 1307//1307 1507//1507 1305//1305
f 1508//1508 1507//1507 1307//1307
f 1309//1309 1508//1508 1307//1307
f 1311//1311 1508//1508 1309//1309
f 1313//1313 1508//1508 1311//1311
f 1315//1315 1508//1508 1313//1313
f 1317//1317 1508//1508 1315//1315
f 1319//1319 1508//1508 1317//1317
f 1321//1321 1508//1508 1319//1319
f 1323//1323 1508//1508 1321//1321
f 1326//1326 1508//1508 1323//1323
f 1328//1328 1508//1508 1326//1326
f 1348//1348 1303//1303 1509//1509
f 1507//1507 1509//1509 1303//1303
f 1510//1510 1441//1441 1511//1511
f 1440//1440 1511//1511 1441//1441
f 1467//1467 1511//1511 1440//1440
f 1328//1328 1512//1512 1508//1508
f 1513//1513 1508//1508 1512//1512
f 1341//1341 1514//1514 1327//1327
f 1512//1512 1327//1327 1514//1514
f 1328//1328 1327//1327 1512//1512
f 1340//1340 1515//1515 1341//1341
f 1514//1514 1341//1341 1515//1515
f 1339//1339 1516//1516 1340//1340
f 1515//1515 1340//1340 1516//1516
f 1517//1517 1516//1516 1338//1338
f 1339//1339 1338//1338 1516//1516
f 1518//1518 1517//1517 1337//1337
f 1338//1338 1337//1337 1517//1517
f 1519//1519 1518//1518 1336//1336
f 1337//1337 1336//1336 1518//1518
f 1520//1520 1519//1519 1335//1335
f 1336//1336 1335//1335 1519//1519
f 1521//1521 1520//1520 1334//1334
f 1335//1335 1334//1334 1520//1520
f 1522//1522 1521//1521 1333//1333
f 1334//1334 1333//1333 1521//1521
f 1523//1523 1522//1522 1332//1332
f 1333//1333 1332//1332 1522//1522
f 1524//1524 1523//1523 1331//1331
f 1332//1332 1331//1331 1523//1523
f 1524//1524 1331//1331 1525//1525
f 1330//1330 1525//1525 1331//1331
f 1525//1525 1330//1330 1347//1347
f 1329//1329 1347//1347 1330//1330
f 1237//1237 1363//1363 1342//1342
f 1526//1526 1342//1342 1363//1363
f 1343//1343 1344//1344 1345//1345
f 1349//1349 1345//1345 1344//1344
f 1357//1357 1356//1356 1358//1358
f 1359//1359 1358//1358 1356//1356
f 1355//1355 1359//1359 1356//1356
f 1360//1360 1359//1359 1355//1355
f 1354//1354 1360//1360 1355//1355
f 1361//1361 1360//1360 1354//1354
f 1353//1353 1361//1361 1354//1354
f 1362//1362 1361//1361 1353//1353
f 1352//1352 1362//1362 1353//1353
f 1252//1252 1362//1362 1352//1352
f 1351//1351 1252//1252 1352//1352
f 1253//1253 1252//1252 1351//1351
f 1350//1350 1253//1253 1351//1351
f 1345//1345 1253//1253 1350//1350
f 1349//1349 1345//1345 1350//1350
f 1364//1364 1527//1527 1239//1239
f 1347//1347 1239//1239 1527//1527
f 1346//1346 1239//1239 1347//1347
f 1358//1358 1346//1346 1347//1347
f 1359//1359 1346//1346 1358//1358
f 1360//1360 1346//1346 1359//1359
f 1361//1361 1346//1346 1360//1360
f 1362//1362 1346//1346 1361//1361
f 1252//1252 1346//1346 1362//1362
f 1357//1357 1358//1358 1347//1347
f 1348//1348 1355//1355 1347//1347
f 1356//1356 1347//1347 1355//1355
f 1357//1357 1347//1347 1356//1356
f 1354//1354 1355//1355 1348//1348
f 1353//1353 1354//1354 1348//1348
f 1352//1352 1353//1353 1348//1348
f 1351//1351 1352//1352 1348//1348
f 1350//1350 1351//1351 1348//1348
f 1509//1509 1350//1350 1348//1348
f 1349//1349 1350//1350 1509//1509
f 1257//1257 1365//1365 1363//1363
f 1528//1528 1363//1363 1365//1365
f 1260//1260 1259//1259 1365//1365
f 1256//1256 1365//1365 1259//1259
f 1345//1345 1365//1365 1256//1256
f 1529//1529 1530//1530 1531//1531
f 1532//1532 1531//1531 1530//1530
f 1533//1533 1531//1531 1534//1534
f 1532//1532 1534//1534 1531//1531
f 1535//1535 1533//1533 1536//1536
f 1534//1534 1536//1536 1533//1533
f 1537//1537 1535//1535 1538//1538
f 1536//1536 1538//1538 1535//1535
f 1539//1539 1537//1537 1540//1540
f 1538//1538 1540//1540 1537//1537
f 1541//1541 1539//1539 1542//1542
f 1540//1540 1542//1542 1539//1539
f 1543//1543 1541//1541 1544//1544
f 1542//1542 1544//1544 1541//1541
f 1545//1545 1543//1543 1546//1546
f 1544//1544 1546//1546 1543//1543
f 1547//1547 1545//1545 1548//1548
f 1546//1546 1548//1548 1545//1545
f 1549//1549 1550//1550 1548//1548
f 1547//1547 1548//1548 1550//1550
f 1551//1551 1552//1552 1414//1414
f 1553//1553 1414//1414 1552//1552
f 1415//1415 1414//1414 1553//1553
f 1554//1554 1555//1555 1551//1551
f 1552//1552 1551//1551 1555//1555
f 1556//1556 1557//1557 1554//1554
f 1555//1555 1554//1554 1557//1557
f 1558//1558 1559//1559 1556//1556
f 1557//1557 1556//1556 1559//1559
f 1559//1559 1558//1558 1560//1560
f 1561//1561 1560//1560 1558//1558
f 1560//1560 1561//1561 1562//1562
f 1563//1563 1562//1562 1561//1561
f 1562//1562 1563//1563 1564//1564
f 1565//1565 1564//1564 1563//1563
f 1564//1564 1565//1565 1566//1566
f 1567//1567 1566//1566 1565//1565
f 1566//1566 1567//1567 1568//1568
f 1569//1569 1568//1568 1567//1567
f 1568//1568 1569//1569 1570//1570
f 1571//1571 1570//1570 1569//1569
f 1570//1570 1571//1571 1572//1572
f 1573//1573 1572//1572 1571//1571
f 1572//1572 1573//1573 1574//1574
f 1575//1575 1574//1574 1573//1573
f 1389//1389 1576//1576 1391//1391
f 1431//1431 1391//1391 1576//1576
f 1387//1387 1577//1577 1389//1389
f 1576//1576 1389//1389 1577//1577
f 1577//1577 1387//1387 1578//1578
f 1385//1385 1578//1578 1387//1387
f 1578//1578 1385//1385 1579//1579
f 1383//1383 1579//1579 1385//1385
f 1579//1579 1383//1383 1580//1580
f 1381//1381 1580//1580 1383//1383
f 1580//1580 1381//1381 1581//1581
f 1379//1379 1581//1581 1381//1381
f 1581//1581 1379//1379 1582//1582
f 1377//1377 1582//1582 1379//1379
f 1582//1582 1377//1377 1583//1583
f 1375//1375 1583//1583 1377//1377
f 1583//1583 1375//1375 1584//1584
f 1373//1373 1584//1584 1375//1375
f 1584//1584 1373//1373 1585//1585
f 1371//1371 1585//1585 1373//1373
f 1585//1585 1371//1371 1586//1586
f 1369//1369 1586//1586 1371//1371
f 1586//1586 1369//1369 1587//1587
f 1367//1367 1587//1587 1369//1369
f 1416//1416 1587//1587 1367//1367
f 1415//1415 1553//1553 1416//1416
f 1587//1587 1416//1416 1553//1553
f 1574//1574 1575//1575 1588//1588
f 1589//1589 1588//1588 1575//1575
f 1590//1590 1589//1589 1393//1393
f 1575//1575 1393//1393 1589//1589
f 1395//1395 1393//1393 1575//1575
f 1573//1573 1395//1395 1575//1575
f 1397//1397 1395//1395 1573//1573
f 1571//1571 1397//1397 1573//1573
f 1399//1399 1397//1397 1571//1571
f 1569//1569 1399//1399 1571//1571
f 1401//1401 1399//1399 1569//1569
f 1567//1567 1401//1401 1569//1569
f 1403//1403 1401//1401 1567//1567
f 1565//1565 1403//1403 1567//1567
f 1405//1405 1403//1403 1565//1565
f 1563//1563 1405//1405 1565//1565
f 1407//1407 1405//1405 1563//1563
f 1561//1561 1407//1407 1563//1563
f 1409//1409 1407//1407 1561//1561
f 1558//1558 1409//1409 1561//1561
f 1410//1410 1409//1409 1558//1558
f 1556//1556 1410//1410 1558//1558
f 1412//1412 1410//1410 1556//1556
f 1554//1554 1412//1412 1556//1556
f 1414//1414 1412//1412 1554//1554
f 1551//1551 1414//1414 1554//1554
f 1591//1591 1590//1590 1392//1392
f 1393//1393 1392//1392 1590//1590
f 1592//1592 1593//1593 1549//1549
f 1550//1550 1549//1549 1593//1593
f 1594//1594 1418//1418 1595//1595
f 1596//1596 1595//1595 1418//1418
f 1591//1591 1392//1392 1597//1597
f 1394//1394 1597//1597 1392//1392
f 1598//1598 1597//1597 1394//1394
f 1396//1396 1598//1598 1394//1394
f 1398//1398 1598//1598 1396//1396
f 1400//1400 1598//1598 1398//1398
f 1402//1402 1598//1598 1400//1400
f 1404//1404 1598//1598 1402//1402
f 1406//1406 1598//1598 1404//1404
f 1408//1408 1598//1598 1406//1406
f 1411//1411 1598//1598 1408//1408
f 1413//1413 1598//1598 1411//1411
f 1415//1415 1598//1598 1413//1413
f 1417//1417 1598//1598 1415//1415
f 1416//1416 1417//1417 1415//1415
f 1417//1417 1418//1418 1598//1598
f 1596//1596 1598//1598 1418//1418
f 1416//1416 1587//1587 1417//1417
f 1594//1594 1417//1417 1587//1587
f 1418//1418 1417//1417 1594//1594
f 1599//1599 1596//1596 1600//1600
f 1420//1420 1600//1600 1596//1596
f 1419//1419 1420//1420 1596//1596
f 1418//1418 1419//1419 1596//1596
f 1421//1421 1600//1600 1420//1420
f 1422//1422 1600//1600 1421//1421
f 1423//1423 1600//1600 1422//1422
f 1424//1424 1600//1600 1423//1423
f 1425//1425 1600//1600 1424//1424
f 1426//1426 1600//1600 1425//1425
f 1427//1427 1600//1600 1426//1426
f 1428//1428 1600//1600 1427//1427
f 1429//1429 1600//1600 1428//1428
f 1430//1430 1600//1600 1429//1429
f 1430//1430 1432//1432 1600//1600
f 1601//1601 1600//1600 1432//1432
f 1596//1596 1599//1599 1595//1595
f 1602//1602 1435//1435 1431//1431
f 1295//1295 1431//1431 1435//1435
f 1432//1432 1431//1431 1295//1295
f 1433//1433 1432//1432 1295//1295
f 1601//1601 1432//1432 1433//1433
f 1434//1434 1601//1601 1433//1433
f 1296//1296 1436//1436 1280//1280
f 1282//1282 1280//1280 1436//1436
f 1434//1434 1282//1282 1436//1436
f 1297//1297 1437//1437 1436//1436
f 1603//1603 1436//1436 1437//1437
f 1298//1298 1438//1438 1437//1437
f 1604//1604 1437//1437 1438//1438
f 1299//1299 1439//1439 1438//1438
f 1605//1605 1438//1438 1439//1439
f 1300//1300 1301//1301 1439//1439
f 1466//1466 1439//1439 1301//1301
f 1606//1606 1607//1607 1503//1503
f 1504//1504 1503//1503 1607//1607
f 1482//1482 1479//1479 1484//1484
f 1608//1608 1484//1484 1479//1479
f 1609//1609 1484//1484 1608//1608
f 1486//1486 1484//1484 1609//1609
f 1610//1610 1486//1486 1609//1609
f 1488//1488 1486//1486 1610//1610
f 1611//1611 1488//1488 1610//1610
f 1490//1490 1488//1488 1611//1611
f 1612//1612 1490//1490 1611//1611
f 1492//1492 1490//1490 1612//1612
f 1613//1613 1492//1492 1612//1612
f 1494//1494 1492//1492 1613//1613
f 1614//1614 1494//1494 1613//1613
f 1496//1496 1494//1494 1614//1614
f 1615//1615 1496//1496 1614//1614
f 1498//1498 1496//1496 1615//1615
f 1616//1616 1498//1498 1615//1615
f 1500//1500 1498//1498 1616//1616
f 1617//1617 1500//1500 1616//1616
f 1501//1501 1500//1500 1617//1617
f 1618//1618 1501//1501 1617//1617
f 1503//1503 1501//1501 1618//1618
f 1619//1619 1503//1503 1618//1618
f 1606//1606 1503//1503 1619//1619
f 1620//1620 1606//1606 1619//1619
f 1463//1463 1621//1621 1465//1465
f 1622//1622 1465//1465 1621//1621
f 1461//1461 1623//1623 1463//1463
f 1621//1621 1463//1463 1623//1623
f 1624//1624 1623//1623 1459//1459
f 1461//1461 1459//1459 1623//1623
f 1625//1625 1624//1624 1457//1457
f 1459//1459 1457//1457 1624//1624
f 1626//1626 1625//1625 1455//1455
f 1457//1457 1455//1455 1625//1625
f 1627//1627 1626//1626 1453//1453
f 1455//1455 1453//1453 1626//1626
f 1628//1628 1627//1627 1451//1451
f 1453//1453 1451//1451 1627//1627
f 1629//1629 1628//1628 1449//1449
f 1451//1451 1449//1449 1628//1628
f 1630//1630 1629//1629 1447//1447
f 1449//1449 1447//1447 1629//1629
f 1631//1631 1630//1630 1445//1445
f 1447//1447 1445//1445 1630//1630
f 1631//1631 1445//1445 1632//1632
f 1443//1443 1632//1632 1445//1445
f 1632//1632 1443//1443 1510//1510
f 1441//1441 1510//1510 1443//1443
f 1619//1619 1633//1633 1620//1620
f 1634//1634 1620//1620 1633//1633
f 1618//1618 1635//1635 1619//1619
f 1633//1633 1619//1619 1635//1635
f 1617//1617 1636//1636 1618//1618
f 1635//1635 1618//1618 1636//1636
f 1637//1637 1636//1636 1616//1616
f 1617//1617 1616//1616 1636//1636
f 1638//1638 1637//1637 1615//1615
f 1616//1616 1615//1615 1637//1637
f 1639//1639 1638//1638 1614//1614
f 1615//1615 1614//1614 1638//1638
f 1640//1640 1639//1639 1613//1613
f 1614//1614 1613//1613 1639//1639
f 1641//1641 1640//1640 1612//1612
f 1613//1613 1612//1612 1640//1640
f 1642//1642 1641//1641 1611//1611
f 1612//1612 1611//1611 1641//1641
f 1642//1642 1611//1611 1643//1643
f 1610//1610 1643//1643 1611//1611
f 1643//1643 1610//1610 1644//1644
f 1609//1609 1644//1644 1610//1610
f 1644//1644 1609//1609 1645//1645
f 1608//1608 1645//1645 1609//1609
f 1465//1465 1622//1622 1464//1464
f 1608//1608 1464//1464 1622//1622
f 1479//1479 1464//1464 1608//1608
f 1608//1608 1622//1622 1645//1645
f 1646//1646 1647//1647 1648//1648
f 1649//1649 1648//1648 1647//1647
f 1648//1648 1649//1649 1650//1650
f 1651//1651 1650//1650 1649//1649
f 1650//1650 1651//1651 1652//1652
f 1653//1653 1652//1652 1651//1651
f 1652//1652 1653//1653 1654//1654
f 1655//1655 1654//1654 1653//1653
f 1654//1654 1655//1655 1656//1656
f 1657//1657 1656//1656 1655//1655
f 1656//1656 1657//1657 1658//1658
f 1659//1659 1658//1658 1657//1657
f 1658//1658 1659//1659 1660//1660
f 1661//1661 1660//1660 1659//1659
f 1660//1660 1661//1661 1662//1662
f 1663//1663 1662//1662 1661//1661
f 1662//1662 1663//1663 1664//1664
f 1665//1665 1664//1664 1663//1663
f 1664//1664 1665//1665 1666//1666
f 1667//1667 1666//1666 1665//1665
f 1668//1668 1669//1669 1667//1667
f 1666//1666 1667//1667 1669//1669
f 1302//1302 1506//1506 1466//1466
f 1670//1670 1466//1466 1506//1506
f 1645//1645 1608//1608 1671//1671
f 1479//1479 1671//1671 1608//1608
f 1480//1480 1671//1671 1479//1479
f 1671//1671 1480//1480 1672//1672
f 1481//1481 1672//1672 1480//1480
f 1505//1505 1672//1672 1481//1481
f 1467//1467 1468//1468 1673//1673
f 1469//1469 1673//1673 1468//1468
f 1674//1674 1673//1673 1469//1469
f 1470//1470 1674//1674 1469//1469
f 1471//1471 1674//1674 1470//1470
f 1472//1472 1674//1674 1471//1471
f 1473//1473 1674//1674 1472//1472
f 1474//1474 1674//1674 1473//1473
f 1475//1475 1674//1674 1474//1474
f 1476//1476 1674//1674 1475//1475
f 1477//1477 1674//1674 1476//1476
f 1478//1478 1674//1674 1477//1477
f 1480//1480 1674//1674 1478//1478
f 1481//1481 1674//1674 1480//1480
f 1511//1511 1467//1467 1675//1675
f 1673//1673 1675//1675 1467//1467
f 1505//1505 1672//1672 1676//1676
f 1677//1677 1676//1676 1672//1672
f 1505//1505 1483//1483 1676//1676
f 1485//1485 1676//1676 1483//1483
f 1678//1678 1676//1676 1485//1485
f 1487//1487 1678//1678 1485//1485
f 1489//1489 1678//1678 1487//1487
f 1491//1491 1678//1678 1489//1489
f 1493//1493 1678//1678 1491//1491
f 1495//1495 1678//1678 1493//1493
f 1497//1497 1678//1678 1495//1495
f 1499//1499 1678//1678 1497//1497
f 1502//1502 1678//1678 1499//1499
f 1504//1504 1678//1678 1502//1502
f 1607//1607 1678//1678 1504//1504
f 1481//1481 1505//1505 1674//1674
f 1676//1676 1674//1674 1505//1505
f 1677//1677 1674//1674 1676//1676
f 1342//1342 1526//1526 1506//1506
f 1679//1679 1506//1506 1526//1526
f 1507//1507 1508//1508 1509//1509
f 1513//1513 1509//1509 1508//1508
f 1509//1509 1348//1348 1513//1513
f 1347//1347 1513//1513 1348//1348
f 1525//1525 1513//1513 1347//1347
f 1524//1524 1513//1513 1525//1525
f 1523//1523 1513//1513 1524//1524
f 1522//1522 1513//1513 1523//1523
f 1521//1521 1513//1513 1522//1522
f 1520//1520 1513//1513 1521//1521
f 1519//1519 1513//1513 1520//1520
f 1518//1518 1513//1513 1519//1519
f 1517//1517 1513//1513 1518//1518
f 1516//1516 1513//1513 1517//1517
f 1515//1515 1513//1513 1516//1516
f 1514//1514 1513//1513 1515//1515
f 1512//1512 1513//1513 1514//1514
f 1513//1513 1512//1512 1675//1675
f 1514//1514 1675//1675 1512//1512
f 1527//1527 1680//1680 1347//1347
f 1525//1525 1347//1347 1680//1680
f 1524//1524 1525//1525 1680//1680
f 1523//1523 1524//1524 1680//1680
f 1522//1522 1523//1523 1680//1680
f 1521//1521 1522//1522 1680//1680
f 1520//1520 1521//1521 1680//1680
f 1519//1519 1520//1520 1680//1680
f 1518//1518 1519//1519 1680//1680
f 1517//1517 1518//1518 1680//1680
f 1516//1516 1517//1517 1680//1680
f 1515//1515 1516//1516 1680//1680
f 1514//1514 1515//1515 1680//1680
f 1675//1675 1514//1514 1680//1680
f 1511//1511 1675//1675 1680//1680
f 1510//1510 1511//1511 1680//1680
f 1363//1363 1528//1528 1526//1526
f 1681//1681 1526//1526 1528//1528
f 1365//1365 1345//1345 1528//1528
f 1349//1349 1528//1528 1345//1345
f 1509//1509 1528//1528 1349//1349
f 1682//1682 1683//1683 1668//1668
f 1669//1669 1668//1668 1683//1683
f 1647//1647 1684//1684 1649//1649
f 1685//1685 1649//1649 1684//1684
f 1651//1651 1649//1649 1685//1685
f 1686//1686 1651//1651 1685//1685
f 1653//1653 1651//1651 1686//1686
f 1687//1687 1653//1653 1686//1686
f 1655//1655 1653//1653 1687//1687
f 1688//1688 1655//1655 1687//1687
f 1657//1657 1655//1655 1688//1688
f 1689//1689 1657//1657 1688//1688
f 1659//1659 1657//1657 1689//1689
f 1690//1690 1659//1659 1689//1689
f 1661//1661 1659//1659 1690//1690
f 1691//1691 1661//1661 1690//1690
f 1663//1663 1661//1661 1691//1691
f 1692//1692 1663//1663 1691//1691
f 1665//1665 1663//1663 1692//1692
f 1693//1693 1665//1665 1692//1692
f 1667//1667 1665//1665 1693//1693
f 1694//1694 1667//1667 1693//1693
f 1668//1668 1667//1667 1694//1694
f 1695//1695 1668//1668 1694//1694
f 1682//1682 1668//1668 1695//1695
f 1696//1696 1682//1682 1695//1695
f 1697//1697 1698//1698 1530//1530
f 1699//1699 1530//1530 1698//1698
f 1532//1532 1530//1530 1699//1699
f 1700//1700 1532//1532 1699//1699
f 1534//1534 1532//1532 1700//1700
f 1701//1701 1534//1534 1700//1700
f 1536//1536 1534//1534 1701//1701
f 1702//1702 1536//1536 1701//1701
f 1538//1538 1536//1536 1702//1702
f 1703//1703 1538//1538 1702//1702
f 1540//1540 1538//1538 1703//1703
f 1704//1704 1540//1540 1703//1703
f 1542//1542 1540//1540 1704//1704
f 1705//1705 1542//1542 1704//1704
f 1544//1544 1542//1542 1705//1705
f 1706//1706 1544//1544 1705//1705
f 1546//1546 1544//1544 1706//1706
f 1707//1707 1546//1546 1706//1706
f 1548//1548 1546//1546 1707//1707
f 1708//1708 1548//1548 1707//1707
f 1549//1549 1548//1548 1708//1708
f 1709//1709 1549//1549 1708//1708
f 1592//1592 1549//1549 1709//1709
f 1710//1710 1592//1592 1709//1709
f 1711//1711 1697//1697 1529//1529
f 1530//1530 1529//1529 1697//1697
f 1712//1712 1713//1713 1714//1714
f 1715//1715 1714//1714 1713//1713
f 1716//1716 1714//1714 1715//1715
f 1717//1717 1716//1716 1715//1715
f 1718//1718 1716//1716 1717//1717
f 1719//1719 1718//1718 1717//1717
f 1720//1720 1718//1718 1719//1719
f 1721//1721 1720//1720 1719//1719
f 1722//1722 1720//1720 1721//1721
f 1723//1723 1722//1722 1721//1721
f 1724//1724 1722//1722 1723//1723
f 1725//1725 1724//1724 1723//1723
f 1726//1726 1724//1724 1725//1725
f 1727//1727 1726//1726 1725//1725
f 1728//1728 1726//1726 1727//1727
f 1729//1729 1728//1728 1727//1727
f 1730//1730 1728//1728 1729//1729
f 1731//1731 1730//1730 1729//1729
f 1732//1732 1730//1730 1731//1731
f 1733//1733 1732//1732 1731//1731
f 1734//1734 1732//1732 1733//1733
f 1735//1735 1734//1734 1733//1733
f 1736//1736 1734//1734 1735//1735
f 1737//1737 1736//1736 1735//1735
f 1738//1738 1712//1712 1739//1739
f 1714//1714 1739//1739 1712//1712
f 1739//1739 1714//1714 1740//1740
f 1716//1716 1740//1740 1714//1714
f 1741//1741 1740//1740 1718//1718
f 1716//1716 1718//1718 1740//1740
f 1742//1742 1741//1741 1720//1720
f 1718//1718 1720//1720 1741//1741
f 1743//1743 1742//1742 1722//1722
f 1720//1720 1722//1722 1742//1742
f 1744//1744 1743//1743 1724//1724
f 1722//1722 1724//1724 1743//1743
f 1745//1745 1744//1744 1726//1726
f 1724//1724 1726//1726 1744//1744
f 1746//1746 1745//1745 1728//1728
f 1726//1726 1728//1728 1745//1745
f 1747//1747 1746//1746 1730//1730
f 1728//1728 1730//1730 1746//1746
f 1748//1748 1747//1747 1732//1732
f 1730//1730 1732//1732 1747//1747
f 1734//1734 1749//1749 1732//1732
f 1748//1748 1732//1732 1749//1749
f 1736//1736 1750//1750 1734//1734
f 1749//1749 1734//1734 1750//1750
f 1737//1737 1751//1751 1736//1736
f 1752//1752 1736//1736 1751//1751
f 1750//1750 1736//1736 1752//1752
f 1711//1711 1529//1529 1753//1753
f 1531//1531 1753//1753 1529//1529
f 1754//1754 1753//1753 1531//1531
f 1533//1533 1754//1754 1531//1531
f 1535//1535 1754//1754 1533//1533
f 1537//1537 1754//1754 1535//1535
f 1539//1539 1754//1754 1537//1537
f 1541//1541 1754//1754 1539//1539
f 1543//1543 1754//1754 1541//1541
f 1545//1545 1754//1754 1543//1543
f 1547//1547 1754//1754 1545//1545
f 1550//1550 1754//1754 1547//1547
f 1593//1593 1754//1754 1550//1550
f 1587//1587 1553//1553 1586//1586
f 1552//1552 1586//1586 1553//1553
f 1755//1755 1602//1602 1588//1588
f 1574//1574 1588//1588 1602//1602
f 1572//1572 1574//1574 1602//1602
f 1570//1570 1572//1572 1602//1602
f 1568//1568 1570//1570 1602//1602
f 1566//1566 1568//1568 1602//1602
f 1564//1564 1566//1566 1602//1602
f 1562//1562 1564//1564 1602//1602
f 1560//1560 1562//1562 1602//1602
f 1559//1559 1560//1560 1602//1602
f 1557//1557 1559//1559 1602//1602
f 1555//1555 1557//1557 1602//1602
f 1552//1552 1555//1555 1602//1602
f 1586//1586 1552//1552 1602//1602
f 1585//1585 1586//1586 1602//1602
f 1584//1584 1585//1585 1602//1602
f 1583//1583 1584//1584 1602//1602
f 1582//1582 1583//1583 1602//1602
f 1581//1581 1582//1582 1602//1602
f 1580//1580 1581//1581 1602//1602
f 1579//1579 1580//1580 1602//1602
f 1578//1578 1579//1579 1602//1602
f 1577//1577 1578//1578 1602//1602
f 1576//1576 1577//1577 1602//1602
f 1431//1431 1576//1576 1602//1602
f 1588//1588 1589//1589 1756//1756
f 1590//1590 1756//1756 1589//1589
f 1591//1591 1756//1756 1590//1590
f 1756//1756 1591//1591 1757//1757
f 1597//1597 1757//1757 1591//1591
f 1593//1593 1758//1758 1754//1754
f 1759//1759 1754//1754 1758//1758
f 1710//1710 1760//1760 1592//1592
f 1758//1758 1592//1592 1760//1760
f 1593//1593 1592//1592 1758//1758
f 1709//1709 1761//1761 1710//1710
f 1760//1760 1710//1710 1761//1761
f 1708//1708 1762//1762 1709//1709
f 1761//1761 1709//1709 1762//1762
f 1762//1762 1708//1708 1763//1763
f 1707//1707 1763//1763 1708//1708
f 1763//1763 1707//1707 1764//1764
f 1706//1706 1764//1764 1707//1707
f 1764//1764 1706//1706 1765//1765
f 1705//1705 1765//1765 1706//1706
f 1765//1765 1705//1705 1766//1766
f 1704//1704 1766//1766 1705//1705
f 1766//1766 1704//1704 1767//1767
f 1703//1703 1767//1767 1704//1704
f 1767//1767 1703//1703 1768//1768
f 1702//1702 1768//1768 1703//1703
f 1768//1768 1702//1702 1769//1769
f 1701//1701 1769//1769 1702//1702
f 1769//1769 1701//1701 1770//1770
f 1700//1700 1770//1770 1701//1701
f 1770//1770 1700//1700 1771//1771
f 1699//1699 1771//1771 1700//1700
f 1771//1771 1699//1699 1772//1772
f 1698//1698 1772//1772 1699//1699
f 1757//1757 1756//1756 1595//1595
f 1588//1588 1595//1595 1756//1756
f 1574//1574 1595//1595 1588//1588
f 1572//1572 1595//1595 1574//1574
f 1570//1570 1595//1595 1572//1572
f 1568//1568 1595//1595 1570//1570
f 1566//1566 1595//1595 1568//1568
f 1564//1564 1595//1595 1566//1566
f 1562//1562 1595//1595 1564//1564
f 1560//1560 1595//1595 1562//1562
f 1559//1559 1595//1595 1560//1560
f 1557//1557 1595//1595 1559//1559
f 1555//1555 1595//1595 1557//1557
f 1594//1594 1595//1595 1555//1555
f 1552//1552 1587//1587 1555//1555
f 1594//1594 1555//1555 1587//1587
f 1553//1553 1587//1587 1552//1552
f 1757//1757 1597//1597 1595//1595
f 1598//1598 1595//1595 1597//1597
f 1596//1596 1595//1595 1598//1598
f 1594//1594 1587//1587 1595//1595
f 1586//1586 1595//1595 1587//1587
f 1601//1601 1595//1595 1586//1586
f 1585//1585 1601//1601 1586//1586
f 1584//1584 1601//1601 1585//1585
f 1583//1583 1601//1601 1584//1584
f 1582//1582 1601//1601 1583//1583
f 1581//1581 1601//1601 1582//1582
f 1580//1580 1601//1601 1581//1581
f 1579//1579 1601//1601 1580//1580
f 1578//1578 1601//1601 1579//1579
f 1577//1577 1601//1601 1578//1578
f 1576//1576 1601//1601 1577//1577
f 1431//1431 1601//1601 1576//1576
f 1432//1432 1601//1601 1431//1431
f 1595//1595 1599//1599 1601//1601
f 1600//1600 1601//1601 1599//1599
f 1436//1436 1603//1603 1434//1434
f 1601//1601 1434//1434 1603//1603
f 1437//1437 1604//1604 1603//1603
f 1773//1773 1603//1603 1604//1604
f 1438//1438 1605//1605 1604//1604
f 1774//1774 1604//1604 1605//1605
f 1439//1439 1466//1466 1605//1605
f 1670//1670 1605//1605 1466//1466
f 1607//1607 1775//1775 1678//1678
f 1776//1776 1678//1678 1775//1775
f 1620//1620 1634//1634 1606//1606
f 1775//1775 1606//1606 1634//1634
f 1607//1607 1606//1606 1775//1775
f 1510//1510 1680//1680 1632//1632
f 1777//1777 1632//1632 1680//1680
f 1631//1631 1632//1632 1777//1777
f 1630//1630 1631//1631 1777//1777
f 1629//1629 1630//1630 1777//1777
f 1628//1628 1629//1629 1777//1777
f 1627//1627 1628//1628 1777//1777
f 1626//1626 1627//1627 1777//1777
f 1625//1625 1626//1626 1777//1777
f 1624//1624 1625//1625 1777//1777
f 1623//1623 1624//1624 1777//1777
f 1621//1621 1623//1623 1777//1777
f 1622//1622 1621//1621 1777//1777
f 1645//1645 1622//1622 1777//1777
f 1644//1644 1645//1645 1777//1777
f 1643//1643 1644//1644 1777//1777
f 1642//1642 1643//1643 1777//1777
f 1641//1641 1642//1642 1777//1777
f 1640//1640 1641//1641 1777//1777
f 1639//1639 1640//1640 1777//1777
f 1638//1638 1639//1639 1777//1777
f 1637//1637 1638//1638 1777//1777
f 1636//1636 1637//1637 1777//1777
f 1635//1635 1636//1636 1777//1777
f 1633//1633 1635//1635 1777//1777
f 1634//1634 1633//1633 1777//1777
f 1695//1695 1778//1778 1696//1696
f 1779//1779 1696//1696 1778//1778
f 1694//1694 1780//1780 1695//1695
f 1778//1778 1695//1695 1780//1780
f 1781//1781 1780//1780 1693//1693
f 1694//1694 1693//1693 1780//1780
f 1782//1782 1781//1781 1692//1692
f 1693//1693 1692//1692 1781//1781
f 1783//1783 1782//1782 1691//1691
f 1692//1692 1691//1691 1782//1782
f 1784//1784 1783//1783 1690//1690
f 1691//1691 1690//1690 1783//1783
f 1785//1785 1784//1784 1689//1689
f 1690//1690 1689//1689 1784//1784
f 1786//1786 1785//1785 1688//1688
f 1689//1689 1688//1688 1785//1785
f 1787//1787 1786//1786 1687//1687
f 1688//1688 1687//1687 1786//1786
f 1788//1788 1787//1787 1686//1686
f 1687//1687 1686//1686 1787//1787
f 1788//1788 1686//1686 1789//1789
f 1685//1685 1789//1789 1686//1686
f 1789//1789 1685//1685 1790//1790
f 1684//1684 1790//1790 1685//1685
f 1790//1790 1684//1684 1791//1791
f 1647//1647 1791//1791 1684//1684
f 1646//1646 1791//1791 1647//1647
f 1646//1646 1648//1648 1792//1792
f 1650//1650 1792//1792 1648//1648
f 1793//1793 1792//1792 1650//1650
f 1652//1652 1793//1793 1650//1650
f 1654//1654 1793//1793 1652//1652
f 1656//1656 1793//1793 1654//1654
f 1658//1658 1793//1793 1656//1656
f 1660//1660 1793//1793 1658//1658
f 1662//1662 1793//1793 1660//1660
f 1664//1664 1793//1793 1662//1662
f 1666//1666 1793//1793 1664//1664
f 1669//1669 1793//1793 1666//1666
f 1683//1683 1793//1793 1669//1669
f 1791//1791 1646//1646 1794//1794
f 1792//1792 1794//1794 1646//1646
f 1506//1506 1679//1679 1670//1670
f 1795//1795 1670//1670 1679//1679
f 1677//1677 1671//1671 1672//1672
f 1675//1675 1511//1511 1677//1677
f 1510//1510 1677//1677 1511//1511
f 1632//1632 1677//1677 1510//1510
f 1631//1631 1677//1677 1632//1632
f 1630//1630 1677//1677 1631//1631
f 1629//1629 1677//1677 1630//1630
f 1628//1628 1677//1677 1629//1629
f 1627//1627 1677//1677 1628//1628
f 1626//1626 1677//1677 1627//1627
f 1625//1625 1677//1677 1626//1626
f 1624//1624 1677//1677 1625//1625
f 1623//1623 1677//1677 1624//1624
f 1621//1621 1677//1677 1623//1623
f 1622//1622 1677//1677 1621//1621
f 1671//1671 1677//1677 1622//1622
f 1645//1645 1671//1671 1622//1622
f 1673//1673 1674//1674 1675//1675
f 1677//1677 1675//1675 1674//1674
f 1775//1775 1633//1633 1634//1634
f 1677//1677 1672//1672 1776//1776
f 1645//1645 1776//1776 1672//1672
f 1644//1644 1776//1776 1645//1645
f 1643//1643 1776//1776 1644//1644
f 1642//1642 1776//1776 1643//1643
f 1641//1641 1776//1776 1642//1642
f 1640//1640 1776//1776 1641//1641
f 1639//1639 1776//1776 1640//1640
f 1638//1638 1776//1776 1639//1639
f 1637//1637 1776//1776 1638//1638
f 1636//1636 1776//1776 1637//1637
f 1635//1635 1776//1776 1636//1636
f 1633//1633 1776//1776 1635//1635
f 1775//1775 1776//1776 1633//1633
f 1672//1672 1671//1671 1645//1645
f 1676//1676 1678//1678 1677//1677
f 1776//1776 1677//1677 1678//1678
f 1526//1526 1681//1681 1679//1679
f 1796//1796 1679//1679 1681//1681
f 1528//1528 1509//1509 1681//1681
f 1513//1513 1681//1681 1509//1509
f 1675//1675 1681//1681 1513//1513
f 1683//1683 1797//1797 1793//1793
f 1798//1798 1793//1793 1797//1797
f 1696//1696 1779//1779 1682//1682
f 1797//1797 1682//1682 1779//1779
f 1683//1683 1682//1682 1797//1797
f 1772//1772 1698//1698 1799//1799
f 1697//1697 1799//1799 1698//1698
f 1711//1711 1799//1799 1697//1697
f 1735//1735 1800//1800 1737//1737
f 1751//1751 1737//1737 1800//1800
f 1733//1733 1801//1801 1735//1735
f 1800//1800 1735//1735 1801//1801
f 1801//1801 1733//1733 1802//1802
f 1731//1731 1802//1802 1733//1733
f 1802//1802 1731//1731 1803//1803
f 1729//1729 1803//1803 1731//1731
f 1803//1803 1729//1729 1804//1804
f 1727//1727 1804//1804 1729//1729
f 1804//1804 1727//1727 1805//1805
f 1725//1725 1805//1805 1727//1727
f 1805//1805 1725//1725 1806//1806
f 1723//1723 1806//1806 1725//1725
f 1806//1806 1723//1723 1807//1807
f 1721//1721 1807//1807 1723//1723
f 1807//1807 1721//1721 1808//1808
f 1719//1719 1808//1808 1721//1721
f 1808//1808 1719//1719 1809//1809
f 1717//1717 1809//1809 1719//1719
f 1809//1809 1717//1717 1810//1810
f 1715//1715 1810//1810 1717//1717
f 1810//1810 1715//1715 1811//1811
f 1713//1713 1811//1811 1715//1715
f 1811//1811 1713//1713 1812//1812
f 1712//1712 1812//1812 1713//1713
f 1738//1738 1812//1812 1712//1712
f 1799//1799 1711//1711 1751//1751
f 1753//1753 1751//1751 1711//1711
f 1752//1752 1751//1751 1753//1753
f 1813//1813 1752//1752 1753//1753
f 1738//1738 1739//1739 1814//1814
f 1740//1740 1814//1814 1739//1739
f 1815//1815 1814//1814 1740//1740
f 1741//1741 1815//1815 1740//1740
f 1742//1742 1815//1815 1741//1741
f 1743//1743 1815//1815 1742//1742
f 1744//1744 1815//1815 1743//1743
f 1745//1745 1815//1815 1744//1744
f 1746//1746 1815//1815 1745//1745
f 1747//1747 1815//1815 1746//1746
f 1748//1748 1815//1815 1747//1747
f 1749//1749 1815//1815 1748//1748
f 1750//1750 1815//1815 1749//1749
f 1750//1750 1752//1752 1815//1815
f 1813//1813 1815//1815 1752//1752
f 1812//1812 1738//1738 1816//1816
f 1814//1814 1816//1816 1738//1738
f 1752//1752 1751//1751 1813//1813
f 1799//1799 1813//1813 1751//1751
f 1759//1759 1813//1813 1799//1799
f 1772//1772 1759//1759 1799//1799
f 1771//1771 1759//1759 1772//1772
f 1770//1770 1759//1759 1771//1771
f 1769//1769 1759//1759 1770//1770
f 1768//1768 1759//1759 1769//1769
f 1767//1767 1759//1759 1768//1768
f 1766//1766 1759//1759 1767//1767
f 1765//1765 1759//1759 1766//1766
f 1764//1764 1759//1759 1765//1765
f 1763//1763 1759//1759 1764//1764
f 1762//1762 1759//1759 1763//1763
f 1761//1761 1759//1759 1762//1762
f 1760//1760 1759//1759 1761//1761
f 1758//1758 1759//1759 1760//1760
f 1813//1813 1753//1753 1759//1759
f 1754//1754 1759//1759 1753//1753
f 1759//1759 1758//1758 1757//1757
f 1760//1760 1757//1757 1758//1758
f 1817//1817 1755//1755 1772//1772
f 1771//1771 1772//1772 1755//1755
f 1770//1770 1771//1771 1755//1755
f 1769//1769 1770//1770 1755//1755
f 1768//1768 1769//1769 1755//1755
f 1767//1767 1768//1768 1755//1755
f 1766//1766 1767//1767 1755//1755
f 1765//1765 1766//1766 1755//1755
f 1764//1764 1765//1765 1755//1755
f 1763//1763 1764//1764 1755//1755
f 1762//1762 1763//1763 1755//1755
f 1761//1761 1762//1762 1755//1755
f 1760//1760 1761//1761 1755//1755
f 1757//1757 1760//1760 1755//1755
f 1756//1756 1757//1757 1755//1755
f 1588//1588 1756//1756 1755//1755
f 1603//1603 1773//1773 1601//1601
f 1595//1595 1601//1601 1773//1773
f 1757//1757 1595//1595 1773//1773
f 1604//1604 1774//1774 1773//1773
f 1818//1818 1773//1773 1774//1774
f 1605//1605 1670//1670 1774//1774
f 1795//1795 1774//1774 1670//1670
f 1775//1775 1634//1634 1776//1776
f 1777//1777 1776//1776 1634//1634
f 1794//1794 1776//1776 1777//1777
f 1790//1790 1794//1794 1777//1777
f 1819//1819 1790//1790 1777//1777
f 1791//1791 1794//1794 1790//1790
f 1789//1789 1790//1790 1819//1819
f 1788//1788 1789//1789 1819//1819
f 1787//1787 1788//1788 1819//1819
f 1786//1786 1787//1787 1819//1819
f 1785//1785 1786//1786 1819//1819
f 1784//1784 1785//1785 1819//1819
f 1783//1783 1784//1784 1819//1819
f 1782//1782 1783//1783 1819//1819
f 1781//1781 1782//1782 1819//1819
f 1780//1780 1781//1781 1819//1819
f 1778//1778 1780//1780 1819//1819
f 1779//1779 1778//1778 1819//1819
f 1794//1794 1791//1791 1798//1798
f 1790//1790 1798//1798 1791//1791
f 1789//1789 1798//1798 1790//1790
f 1788//1788 1798//1798 1789//1789
f 1787//1787 1798//1798 1788//1788
f 1786//1786 1798//1798 1787//1787
f 1785//1785 1798//1798 1786//1786
f 1784//1784 1798//1798 1785//1785
f 1783//1783 1798//1798 1784//1784
f 1782//1782 1798//1798 1783//1783
f 1781//1781 1798//1798 1782//1782
f 1780//1780 1798//1798 1781//1781
f 1778//1778 1798//1798 1780//1780
f 1779//1779 1798//1798 1778//1778
f 1797//1797 1798//1798 1779//1779
f 1792//1792 1793//1793 1794//1794
f 1798//1798 1794//1794 1793//1793
f 1679//1679 1796//1796 1795//1795
f 1820//1820 1795//1795 1796//1796
f 1681//1681 1675//1675 1796//1796
f 1677//1677 1796//1796 1675//1675
f 1776//1776 1796//1796 1677//1677
f 1798//1798 1797//1797 1816//1816
f 1779//1779 1816//1816 1797//1797
f 1819//1819 1817//1817 1779//1779
f 1811//1811 1779//1779 1817//1817
f 1816//1816 1779//1779 1811//1811
f 1812//1812 1816//1816 1811//1811
f 1810//1810 1811//1811 1817//1817
f 1809//1809 1810//1810 1817//1817
f 1808//1808 1809//1809 1817//1817
f 1807//1807 1808//1808 1817//1817
f 1806//1806 1807//1807 1817//1817
f 1805//1805 1806//1806 1817//1817
f 1804//1804 1805//1805 1817//1817
f 1803//1803 1804//1804 1817//1817
f 1802//1802 1803//1803 1817//1817
f 1801//1801 1802//1802 1817//1817
f 1800//1800 1801//1801 1817//1817
f 1751//1751 1800//1800 1817//1817
f 1799//1799 1751//1751 1817//1817
f 1772//1772 1799//1799 1817//1817
f 1752//1752 1800//1800 1751//1751
f 1816//1816 1812//1812 1813//1813
f 1811//1811 1813//1813 1812//1812
f 1810//1810 1813//1813 1811//1811
f 1809//1809 1813//1813 1810//1810
f 1808//1808 1813//1813 1809//1809
f 1807//1807 1813//1813 1808//1808
f 1806//1806 1813//1813 1807//1807
f 1805//1805 1813//1813 1806//1806
f 1804//1804 1813//1813 1805//1805
f 1803//1803 1813//1813 1804//1804
f 1802//1802 1813//1813 1803//1803
f 1801//1801 1813//1813 1802//1802
f 1800//1800 1813//1813 1801//1801
f 1752//1752 1813//1813 1800//1800
f 1816//1816 1814//1814 1813//1813
f 1815//1815 1813//1813 1814//1814
f 1773//1773 1818//1818 1757//1757
f 1759//1759 1757//1757 1818//1818
f 1813//1813 1759//1759 1818//1818
f 1774//1774 1795//1795 1818//1818
f 1820//1820 1818//1818 1795//1795
f 1776//1776 1794//1794 1796//1796
f 1820//1820 1796//1796 1794//1794
f 1798//1798 1820//1820 1794//1794
f 1798//1798 1816//1816 1820//1820
f 1818//1818 1820//1820 1816//1816
f 1813//1813 1818//1818 1816//1816
f 1821//1821 1822//1822 1823//1823
f 1099//1099 1823//1823 1822//1822
f 1824//1824 1825//1825 1826//1826
f 1827//1827 1826//1826 1825//1825
f 1828//1828 1826//1826 1827//1827
f 1829//1829 1826//1826 1828//1828
f 1830//1830 1826//1826 1829//1829
f 1831//1831 1826//1826 1830//1830
f 1821//1821 1823//1823 1832//1832
f 1833//1833 1832//1832 1823//1823
f 1834//1834 1833//1833 1823//1823
f 1835//1835 1834//1834 1823//1823
f 1836//1836 1835//1835 1823//1823
f 1831//1831 1836//1836 1823//1823
f 1826//1826 1831//1831 1823//1823
f 1826//1826 1823//1823 1837//1837
f 1099//1099 1837//1837 1823//1823
f 1838//1838 1839//1839 1840//1840
f 1841//1841 1840//1840 1839//1839
f 1842//1842 1838//1838 1843//1843
f 1840//1840 1843//1843 1838//1838
f 1842//1842 1843//1843 1844//1844
f 1845//1845 1844//1844 1843//1843
f 1844//1844 1845//1845 1846//1846
f 1847//1847 1846//1846 1845//1845
f 1846//1846 1847//1847 1848//1848
f 1849//1849 1848//1848 1847//1847
f 1848//1848 1849//1849 1850//1850
f 1851//1851 1850//1850 1849//1849
f 1852//1852 1850//1850 1853//1853
f 1851//1851 1853//1853 1850//1850
f 1854//1854 1852//1852 1855//1855
f 1853//1853 1855//1855 1852//1852
f 1856//1856 1854//1854 1857//1857
f 1855//1855 1857//1857 1854//1854
f 1858//1858 1856//1856 1859//1859
f 1857//1857 1859//1859 1856//1856
f 1860//1860 1858//1858 1821//1821
f 1859//1859 1821//1821 1858//1858
f 1822//1822 1821//1821 1859//1859
f 1860//1860 1821//1821 1861//1861
f 1832//1832 1861//1861 1821//1821
f 1861//1861 1832//1832 1862//1862
f 1833//1833 1862//1862 1832//1832
f 1862//1862 1833//1833 1863//1863
f 1834//1834 1863//1863 1833//1833
f 1863//1863 1834//1834 1864//1864
f 1835//1835 1864//1864 1834//1834
f 1865//1865 1864//1864 1836//1836
f 1835//1835 1836//1836 1864//1864
f 1866//1866 1865//1865 1831//1831
f 1836//1836 1831//1831 1865//1865
f 1867//1867 1866//1866 1830//1830
f 1831//1831 1830//1830 1866//1866
f 1868//1868 1867//1867 1829//1829
f 1830//1830 1829//1829 1867//1867
f 1868//1868 1829//1829 1869//1869
f 1828//1828 1869//1869 1829//1829
f 1869//1869 1828//1828 1870//1870
f 1827//1827 1870//1870 1828//1828
f 1870//1870 1827//1827 1871//1871
f 1825//1825 1871//1871 1827//1827
f 1871//1871 1825//1825 1872//1872
f 1824//1824 1872//1872 1825//1825
f 1824//1824 1826//1826 1873//1873
f 1837//1837 1873//1873 1826//1826
f 1839//1839 1874//1874 1841//1841
f 1875//1875 1841//1841 1874//1874
f 1846//1846 1848//1848 1844//1844
f 1842//1842 1844//1844 1848//1848
f 1850//1850 1842//1842 1848//1848
f 1838//1838 1842//1842 1850//1850
f 1852//1852 1838//1838 1850//1850
f 1839//1839 1838//1838 1852//1852
f 1854//1854 1839//1839 1852//1852
f 1874//1874 1839//1839 1854//1854
f 1856//1856 1874//1874 1854//1854
f 1876//1876 1874//1874 1856//1856
f 1858//1858 1876//1876 1856//1856
f 1872//1872 1876//1876 1858//1858
f 1860//1860 1872//1872 1858//1858
f 1871//1871 1872//1872 1860//1860
f 1861//1861 1871//1871 1860//1860
f 1870//1870 1871//1871 1861//1861
f 1862//1862 1870//1870 1861//1861
f 1869//1869 1870//1870 1862//1862
f 1863//1863 1869//1869 1862//1862
f 1868//1868 1869//1869 1863//1863
f 1864//1864 1868//1868 1863//1863
f 1867//1867 1868//1868 1864//1864
f 1865//1865 1867//1867 1864//1864
f 1866//1866 1867//1867 1865//1865
f 1876//1876 1872//1872 1877//1877
f 1824//1824 1877//1877 1872//1872
f 1873//1873 1877//1877 1824//1824
f 1874//1874 1876//1876 1875//1875
f 1877//1877 1875//1875 1876//1876
f 1878//1878 1879//1879 1880//1880
f 1881//1881 1880//1880 1879//1879
f 1881//1881 1882//1882 1880//1880
f 1883//1883 1880//1880 1882//1882
f 1882//1882 1884//1884 1883//1883
f 1885//1885 1883//1883 1884//1884
f 1884//1884 1886//1886 1885//1885
f 1887//1887 1885//1885 1886//1886
f 1886//1886 1888//1888 1887//1887
f 1889//1889 1887//1887 1888//1888
f 1888//1888 1890//1890 1889//1889
f 1891//1891 1889//1889 1890//1890
f 1890//1890 1892//1892 1891//1891
f 1893//1893 1891//1891 1892//1892
f 1894//1894 1893//1893 1895//1895
f 1892//1892 1895//1895 1893//1893
f 1896//1896 1897//1897 1895//1895
f 1894//1894 1895//1895 1897//1897
f 1898//1898 1897//1897 1899//1899
f 1896//1896 1899//1899 1897//1897
f 1900//1900 1901//1901 1899//1899
f 1898//1898 1899//1899 1901//1901
f 1902//1902 1903//1903 1900//1900
f 1901//1901 1900//1900 1903//1903
f 1904//1904 1905//1905 1902//1902
f 1903//1903 1902//1902 1905//1905
f 1904//1904 1906//1906 1905//1905
f 1907//1907 1905//1905 1906//1906
f 1906//1906 1908//1908 1907//1907
f 1909//1909 1907//1907 1908//1908
f 1908//1908 1910//1910 1909//1909
f 1911//1911 1909//1909 1910//1910
f 1910//1910 1912//1912 1911//1911
f 1913//1913 1911//1911 1912//1912
f 1912//1912 1914//1914 1913//1913
f 1915//1915 1913//1913 1914//1914
f 1914//1914 1916//1916 1915//1915
f 1917//1917 1915//1915 1916//1916
f 1917//1917 1916//1916 1918//1918
f 1919//1919 1918//1918 1916//1916
f 1918//1918 1919//1919 1920//1920
f 1921//1921 1920//1920 1919//1919
f 1899//1899 1896//1896 1900//1900
f 1895//1895 1900//1900 1896//1896
f 1902//1902 1900//1900 1895//1895
f 1892//1892 1902//1902 1895//1895
f 1904//1904 1902//1902 1892//1892
f 1890//1890 1904//1904 1892//1892
f 1906//1906 1904//1904 1890//1890
f 1888//1888 1906//1906 1890//1890
f 1908//1908 1906//1906 1888//1888
f 1910//1910 1908//1908 1888//1888
f 1886//1886 1910//1910 1888//1888
f 1912//1912 1910//1910 1886//1886
f 1884//1884 1912//1912 1886//1886
f 1914//1914 1912//1912 1884//1884
f 1882//1882 1914//1914 1884//1884
f 1916//1916 1914//1914 1882//1882
f 1881//1881 1916//1916 1882//1882
f 1919//1919 1916//1916 1881//1881
f 1879//1879 1919//1919 1881//1881
f 1921//1921 1919//1919 1879//1879
f 1922//1922 1921//1921 1879//1879
f 1923//1923 1921//1921 1922//1922
f 1924//1924 1922//1922 1878//1878
f 1879//1879 1878//1878 1922//1922
f 1898//1898 1901//1901 1897//1897
f 1894//1894 1897//1897 1901//1901
f 1925//1925 1894//1894 1901//1901
f 1926//1926 1894//1894 1925//1925
f 1893//1893 1894//1894 1926//1926
f 1927//1927 1893//1893 1926//1926
f 1928//1928 1893//1893 1927//1927
f 1891//1891 1893//1893 1928//1928
f 1929//1929 1891//1891 1928//1928
f 1889//1889 1891//1891 1929//1929
f 1930//1930 1889//1889 1929//1929
f 1887//1887 1889//1889 1930//1930
f 1931//1931 1887//1887 1930//1930
f 1932//1932 1887//1887 1931//1931
f 1885//1885 1887//1887 1932//1932
f 1933//1933 1885//1885 1932//1932
f 1883//1883 1885//1885 1933//1933
f 1934//1934 1883//1883 1933//1933
f 1880//1880 1883//1883 1934//1934
f 1935//1935 1880//1880 1934//1934
f 1878//1878 1880//1880 1935//1935
f 1936//1936 1878//1878 1935//1935
f 1937//1937 1878//1878 1936//1936
f 1924//1924 1878//1878 1937//1937
f 1920//1920 1924//1924 1937//1937
f 1938//1938 1924//1924 1920//1920
f 1901//1901 1903//1903 1925//1925
f 1939//1939 1925//1925 1903//1903
f 1905//1905 1939//1939 1903//1903
f 1940//1940 1939//1939 1905//1905
f 1941//1941 1940//1940 1905//1905
f 1907//1907 1941//1941 1905//1905
f 1942//1942 1941//1941 1907//1907
f 1909//1909 1942//1942 1907//1907
f 1943//1943 1942//1942 1909//1909
f 1911//1911 1943//1943 1909//1909
f 1944//1944 1943//1943 1911//1911
f 1913//1913 1944//1944 1911//1911
f 1945//1945 1944//1944 1913//1913
f 1946//1946 1945//1945 1913//1913
f 1915//1915 1946//1946 1913//1913
f 1947//1947 1946//1946 1915//1915
f 1917//1917 1947//1947 1915//1915
f 1948//1948 1947//1947 1917//1917
f 1918//1918 1948//1948 1917//1917
f 1949//1949 1948//1948 1918//1918
f 1937//1937 1949//1949 1918//1918
f 1920//1920 1937//1937 1918//1918
f 1920//1920 1921//1921 1938//1938
f 1923//1923 1938//1938 1921//1921
f 1923//1923 1922//1922 1938//1938
f 1924//1924 1938//1938 1922//1922
f 1950//1950 1951//1951 1952//1952
f 1953//1953 1952//1952 1951//1951
f 1953//1953 1951//1951 1954//1954
f 1955//1955 1954//1954 1951//1951
f 1956//1956 1950//1950 1957//1957
f 1952//1952 1957//1957 1950//1950
f 1958//1958 1952//1952 1959//1959
f 1953//1953 1959//1959 1952//1952
f 1959//1959 1953//1953 1960//1960
f 1954//1954 1960//1960 1953//1953
f 1954//1954 1955//1955 1961//1961
f 1962//1962 1961//1961 1955//1955
f 1963//1963 1956//1956 1964//1964
f 1957//1957 1964//1964 1956//1956
f 1965//1965 1957//1957 1958//1958
f 1952//1952 1958//1958 1957//1957
f 1966//1966 1958//1958 1967//1967
f 1959//1959 1967//1967 1958//1958
f 1967//1967 1959//1959 1968//1968
f 1960//1960 1968//1968 1959//1959
f 1954//1954 1961//1961 1960//1960
f 1969//1969 1960//1960 1961//1961
f 1961//1961 1962//1962 1970//1970
f 1971//1971 1970//1970 1962//1962
f 1964//1964 1972//1972 1963//1963
f 1973//1973 1963//1963 1972//1972
f 1974//1974 1964//1964 1965//1965
f 1957//1957 1965//1965 1964//1964
f 1975//1975 1965//1965 1966//1966
f 1958//1958 1966//1966 1965//1965
f 1976//1976 1966//1966 1977//1977
f 1967//1967 1977//1977 1966//1966
f 1977//1977 1967//1967 1978//1978
f 1968//1968 1978//1978 1967//1967
f 1960//1960 1969//1969 1968//1968
f 1979//1979 1968//1968 1969//1969
f 1961//1961 1970//1970 1969//1969
f 1980//1980 1969//1969 1970//1970
f 1981//1981 1970//1970 1982//1982
f 1971//1971 1982//1982 1970//1970
f 1972//1972 1983//1983 1973//1973
f 1984//1984 1973//1973 1983//1983
f 1974//1974 1985//1985 1964//1964
f 1972//1972 1964//1964 1985//1985
f 1986//1986 1974//1974 1975//1975
f 1965//1965 1975//1975 1974//1974
f 1987//1987 1975//1975 1976//1976
f 1966//1966 1976//1976 1975//1975
f 1988//1988 1976//1976 1989//1989
f 1977//1977 1989//1989 1976//1976
f 1989//1989 1977//1977 1990//1990
f 1978//1978 1990//1990 1977//1977
f 1968//1968 1979//1979 1978//1978
f 1991//1991 1978//1978 1979//1979
f 1969//1969 1980//1980 1979//1979
f 1992//1992 1979//1979 1980//1980
f 1993//1993 1980//1980 1981//1981
f 1970//1970 1981//1981 1980//1980
f 1994//1994 1981//1981 1995//1995
f 1982//1982 1995//1995 1981//1981
f 1983//1983 1996//1996 1984//1984
f 1997//1997 1984//1984 1996//1996
f 1985//1985 1998//1998 1972//1972
f 1983//1983 1972//1972 1998//1998
f 1986//1986 1999//1999 1974//1974
f 1985//1985 1974//1974 1999//1999
f 2000//2000 1986//1986 1987//1987
f 1975//1975 1987//1987 1986//1986
f 2001//2001 1987//1987 1988//1988
f 1976//1976 1988//1988 1987//1987
f 2002//2002 1988//1988 2003//2003
f 1989//1989 2003//2003 1988//1988
f 2003//2003 1989//1989 2004//2004
f 1990//1990 2004//2004 1989//1989
f 1978//1978 1991//1991 1990//1990
f 2005//2005 1990//1990 1991//1991
f 1979//1979 1992//1992 1991//1991
f 2006//2006 1991//1991 1992//1992
f 2007//2007 1992//1992 1993//1993
f 1980//1980 1993//1993 1992//1992
f 2008//2008 1993//1993 1994//1994
f 1981//1981 1994//1994 1993//1993
f 2009//2009 1994//1994 2010//2010
f 1995//1995 2010//2010 1994//1994
f 1996//1996 2011//2011 1997//1997
f 2012//2012 1997//1997 2011//2011
f 1998//1998 2013//2013 1983//1983
f 1996//1996 1983//1983 2013//2013
f 1999//1999 2014//2014 1985//1985
f 1998//1998 1985//1985 2014//2014
f 2000//2000 2015//2015 1986//1986
f 1999//1999 1986//1986 2015//2015
f 2016//2016 2000//2000 2001//2001
f 1987//1987 2001//2001 2000//2000
f 2017//2017 2001//2001 2002//2002
f 1988//1988 2002//2002 2001//2001
f 2018//2018 2002//2002 2019//2019
f 2003//2003 2019//2019 2002//2002
f 2003//2003 2004//2004 2019//2019
f 2020//2020 2019//2019 2004//2004
f 1990//1990 2005//2005 2004//2004
f 2021//2021 2004//2004 2005//2005
f 1991//1991 2006//2006 2005//2005
f 2022//2022 2005//2005 2006//2006
f 2023//2023 2006//2006 2007//2007
f 1992//1992 2007//2007 2006//2006
f 2024//2024 2007//2007 2008//2008
f 1993//1993 2008//2008 2007//2007
f 2025//2025 2008//2008 2009//2009
f 1994//1994 2009//2009 2008//2008
f 2026//2026 2009//2009 2027//2027
f 2010//2010 2027//2027 2009//2009
f 2011//2011 2028//2028 2012//2012
f 2029//2029 2012//2012 2028//2028
f 2013//2013 2030//2030 1996//1996
f 2011//2011 1996//1996 2030//2030
f 2014//2014 2031//2031 1998//1998
f 2013//2013 1998//1998 2031//2031
f 2015//2015 2032//2032 1999//1999
f 2014//2014 1999//1999 2032//2032
f 2016//2016 2033//2033 2000//2000
f 2015//2015 2000//2000 2033//2033
f 2034//2034 2016//2016 2017//2017
f 2001//2001 2017//2017 2016//2016
f 2035//2035 2017//2017 2018//2018
f 2002//2002 2018//2018 2017//2017
f 2036//2036 2018//2018 2037//2037
f 2019//2019 2037//2037 2018//2018
f 2037//2037 2019//2019 2038//2038
f 2020//2020 2038//2038 2019//2019
f 2004//2004 2021//2021 2020//2020
f 2039//2039 2020//2020 2021//2021
f 2005//2005 2022//2022 2021//2021
f 2040//2040 2021//2021 2022//2022
f 2041//2041 2022//2022 2023//2023
f 2006//2006 2023//2023 2022//2022
f 2042//2042 2023//2023 2024//2024
f 2007//2007 2024//2024 2023//2023
f 2043//2043 2024//2024 2025//2025
f 2008//2008 2025//2025 2024//2024
f 2044//2044 2025//2025 2026//2026
f 2009//2009 2026//2026 2025//2025
f 2045//2045 2026//2026 2046//2046
f 2027//2027 2046//2046 2026//2026
f 2028//2028 2047//2047 2029//2029
f 2048//2048 2029//2029 2047//2047
f 2030//2030 2049//2049 2011//2011
f 2028//2028 2011//2011 2049//2049
f 2031//2031 2050//2050 2013//2013
f 2030//2030 2013//2013 2050//2050
f 2032//2032 2051//2051 2014//2014
f 2031//2031 2014//2014 2051//2051
f 2033//2033 2052//2052 2015//2015
f 2032//2032 2015//2015 2052//2052
f 2034//2034 2053//2053 2016//2016
f 2033//2033 2016//2016 2053//2053
f 2054//2054 2034//2034 2035//2035
f 2017//2017 2035//2035 2034//2034
f 2055//2055 2035//2035 2036//2036
f 2018//2018 2036//2036 2035//2035
f 2056//2056 2057//2057 2037//2037
f 2036//2036 2037//2037 2057//2057
f 2056//2056 2037//2037 2058//2058
f 2038//2038 2058//2058 2037//2037
f 2020//2020 2039//2039 2038//2038
f 2059//2059 2038//2038 2039//2039
f 2021//2021 2040//2040 2039//2039
f 2060//2060 2039//2039 2040//2040
f 2061//2061 2040//2040 2041//2041
f 2022//2022 2041//2041 2040//2040
f 2062//2062 2041//2041 2042//2042
f 2023//2023 2042//2042 2041//2041
f 2063//2063 2042//2042 2043//2043
f 2024//2024 2043//2043 2042//2042
f 2064//2064 2043//2043 2044//2044
f 2025//2025 2044//2044 2043//2043
f 2065//2065 2044//2044 2045//2045
f 2026//2026 2045//2045 2044//2044
f 2066//2066 2045//2045 2067//2067
f 2046//2046 2067//2067 2045//2045
f 2048//2048 2047//2047 2068//2068
f 2069//2069 2068//2068 2047//2047
f 2049//2049 2070//2070 2028//2028
f 2047//2047 2028//2028 2070//2070
f 2050//2050 2071//2071 2030//2030
f 2049//2049 2030//2030 2071//2071
f 2051//2051 2072//2072 2031//2031
f 2050//2050 2031//2031 2072//2072
f 2052//2052 2073//2073 2032//2032
f 2051//2051 2032//2032 2073//2073
f 2053//2053 2074//2074 2033//2033
f 2052//2052 2033//2033 2074//2074
f 2054//2054 2075//2075 2034//2034
f 2053//2053 2034//2034 2075//2075
f 2055//2055 2076//2076 2035//2035
f 2054//2054 2035//2035 2076//2076
f 2057//2057 2077//2077 2036//2036
f 2055//2055 2036//2036 2077//2077
f 2078//2078 2079//2079 2056//2056
f 2057//2057 2056//2056 2079//2079
f 2078//2078 2056//2056 2080//2080
f 2058//2058 2080//2080 2056//2056
f 2058//2058 2038//2038 2081//2081
f 2059//2059 2081//2081 2038//2038
f 2059//2059 2039//2039 2082//2082
f 2060//2060 2082//2082 2039//2039
f 2083//2083 2060//2060 2061//2061
f 2040//2040 2061//2061 2060//2060
f 2084//2084 2061//2061 2062//2062
f 2041//2041 2062//2062 2061//2061
f 2085//2085 2062//2062 2063//2063
f 2042//2042 2063//2063 2062//2062
f 2086//2086 2063//2063 2064//2064
f 2043//2043 2064//2064 2063//2063
f 2087//2087 2064//2064 2065//2065
f 2044//2044 2065//2065 2064//2064
f 2088//2088 2065//2065 2066//2066
f 2045//2045 2066//2066 2065//2065
f 2089//2089 2066//2066 2090//2090
f 2067//2067 2090//2090 2066//2066
f 2068//2068 2069//2069 2091//2091
f 2092//2092 2091//2091 2069//2069
f 2070//2070 2093//2093 2047//2047
f 2069//2069 2047//2047 2093//2093
f 2071//2071 2094//2094 2049//2049
f 2070//2070 2049//2049 2094//2094
f 2072//2072 2095//2095 2050//2050
f 2071//2071 2050//2050 2095//2095
f 2073//2073 2096//2096 2051//2051
f 2072//2072 2051//2051 2096//2096
f 2074//2074 2097//2097 2052//2052
f 2073//2073 2052//2052 2097//2097
f 2075//2075 2098//2098 2053//2053
f 2074//2074 2053//2053 2098//2098
f 2076//2076 2099//2099 2054//2054
f 2075//2075 2054//2054 2099//2099
f 2077//2077 2100//2100 2055//2055
f 2076//2076 2055//2055 2100//2100
f 2079//2079 2101//2101 2057//2057
f 2077//2077 2057//2057 2101//2101
f 2102//2102 2103//2103 2078//2078
f 2079//2079 2078//2078 2103//2103
f 2102//2102 2078//2078 2104//2104
f 2080//2080 2104//2104 2078//2078
f 2080//2080 2058//2058 2105//2105
f 2081//2081 2105//2105 2058//2058
f 2081//2081 2059//2059 2106//2106
f 2082//2082 2106//2106 2059//2059
f 2082//2082 2060//2060 2107//2107
f 2083//2083 2107//2107 2060//2060
f 2108//2108 2083//2083 2084//2084
f 2061//2061 2084//2084 2083//2083
f 2109//2109 2084//2084 2085//2085
f 2062//2062 2085//2085 2084//2084
f 2110//2110 2085//2085 2086//2086
f 2063//2063 2086//2086 2085//2085
f 2111//2111 2086//2086 2087//2087
f 2064//2064 2087//2087 2086//2086
f 2112//2112 2087//2087 2088//2088
f 2065//2065 2088//2088 2087//2087
f 2089//2089 2113//2113 2066//2066
f 2088//2088 2066//2066 2113//2113
f 2114//2114 2089//2089 2115//2115
f 2090//2090 2115//2115 2089//2089
f 2091//2091 2092//2092 2116//2116
f 2117//2117 2116//2116 2092//2092
f 2093//2093 2118//2118 2069//2069
f 2092//2092 2069//2069 2118//2118
f 2094//2094 2119//2119 2070//2070
f 2093//2093 2070//2070 2119//2119
f 2095//2095 2120//2120 2071//2071
f 2094//2094 2071//2071 2120//2120
f 2096//2096 2121//2121 2072//2072
f 2095//2095 2072//2072 2121//2121
f 2097//2097 2122//2122 2073//2073
f 2096//2096 2073//2073 2122//2122
f 2098//2098 2123//2123 2074//2074
f 2097//2097 2074//2074 2123//2123
f 2099//2099 2124//2124 2075//2075
f 2098//2098 2075//2075 2124//2124
f 2100//2100 2125//2125 2076//2076
f 2099//2099 2076//2076 2125//2125
f 2101//2101 2126//2126 2077//2077
f 2100//2100 2077//2077 2126//2126
f 2103//2103 2127//2127 2079//2079
f 2101//2101 2079//2079 2127//2127
f 1925//1925 1939//1939 2102//2102
f 2103//2103 2102//2102 1939//1939
f 1925//1925 2102//2102 1926//1926
f 2104//2104 1926//1926 2102//2102
f 2104//2104 2080//2080 2128//2128
f 2105//2105 2128//2128 2080//2080
f 2105//2105 2081//2081 2129//2129
f 2106//2106 2129//2129 2081//2081
f 2106//2106 2082//2082 2130//2130
f 2107//2107 2130//2130 2082//2082
f 2131//2131 2107//2107 2108//2108
f 2083//2083 2108//2108 2107//2107
f 2132//2132 2108//2108 2109//2109
f 2084//2084 2109//2109 2108//2108
f 2133//2133 2109//2109 2110//2110
f 2085//2085 2110//2110 2109//2109
f 2134//2134 2110//2110 2111//2111
f 2086//2086 2111//2111 2110//2110
f 2135//2135 2111//2111 2112//2112
f 2087//2087 2112//2112 2111//2111
f 2113//2113 2136//2136 2088//2088
f 2112//2112 2088//2088 2136//2136
f 2114//2114 2137//2137 2089//2089
f 2113//2113 2089//2089 2137//2137
f 2116//2116 2117//2117 2115//2115
f 2114//2114 2115//2115 2117//2117
f 2118//2118 2138//2138 2092//2092
f 2117//2117 2092//2092 2138//2138
f 2119//2119 2139//2139 2093//2093
f 2118//2118 2093//2093 2139//2139
f 2120//2120 2140//2140 2094//2094
f 2119//2119 2094//2094 2140//2140
f 2121//2121 2141//2141 2095//2095
f 2120//2120 2095//2095 2141//2141
f 2122//2122 2142//2142 2096//2096
f 2121//2121 2096//2096 2142//2142
f 2123//2123 2143//2143 2097//2097
f 2122//2122 2097//2097 2143//2143
f 2124//2124 2144//2144 2098//2098
f 2123//2123 2098//2098 2144//2144
f 2125//2125 2145//2145 2099//2099
f 2124//2124 2099//2099 2145//2145
f 2126//2126 2146//2146 2100//2100
f 2125//2125 2100//2100 2146//2146
f 2127//2127 2147//2147 2101//2101
f 2126//2126 2101//2101 2147//2147
f 1939//1939 1940//1940 2103//2103
f 2127//2127 2103//2103 1940//1940
f 1926//1926 2104//2104 1927//1927
f 2128//2128 1927//1927 2104//2104
f 2128//2128 2105//2105 2148//2148
f 2129//2129 2148//2148 2105//2105
f 2129//2129 2106//2106 2149//2149
f 2130//2130 2149//2149 2106//2106
f 2130//2130 2107//2107 2150//2150
f 2131//2131 2150//2150 2107//2107
f 2151//2151 2131//2131 2132//2132
f 2108//2108 2132//2132 2131//2131
f 2152//2152 2132//2132 2133//2133
f 2109//2109 2133//2133 2132//2132
f 2153//2153 2133//2133 2134//2134
f 2110//2110 2134//2134 2133//2133
f 2154//2154 2134//2134 2135//2135
f 2111//2111 2135//2135 2134//2134
f 2136//2136 2155//2155 2112//2112
f 2135//2135 2112//2112 2155//2155
f 2137//2137 2156//2156 2113//2113
f 2136//2136 2113//2113 2156//2156
f 2138//2138 2137//2137 2117//2117
f 2114//2114 2117//2117 2137//2137
f 2139//2139 2157//2157 2118//2118
f 2138//2138 2118//2118 2157//2157
f 2140//2140 2158//2158 2119//2119
f 2139//2139 2119//2119 2158//2158
f 2141//2141 2159//2159 2120//2120
f 2140//2140 2120//2120 2159//2159
f 2142//2142 2160//2160 2121//2121
f 2141//2141 2121//2121 2160//2160
f 2143//2143 2161//2161 2122//2122
f 2142//2142 2122//2122 2161//2161
f 2144//2144 2162//2162 2123//2123
f 2143//2143 2123//2123 2162//2162
f 2145//2145 2163//2163 2124//2124
f 2144//2144 2124//2124 2163//2163
f 2146//2146 2164//2164 2125//2125
f 2145//2145 2125//2125 2164//2164
f 2147//2147 2165//2165 2126//2126
f 2146//2146 2126//2126 2165//2165
f 1940//1940 1941//1941 2127//2127
f 2147//2147 2127//2127 1941//1941
f 1927//1927 2128//2128 1928//1928
f 2148//2148 1928//1928 2128//2128
f 2148//2148 2129//2129 2166//2166
f 2149//2149 2166//2166 2129//2129
f 2149//2149 2130//2130 2167//2167
f 2150//2150 2167//2167 2130//2130
f 2150//2150 2131//2131 2168//2168
f 2151//2151 2168//2168 2131//2131
f 2169//2169 2151//2151 2152//2152
f 2132//2132 2152//2152 2151//2151
f 2170//2170 2152//2152 2153//2153
f 2133//2133 2153//2153 2152//2152
f 2171//2171 2153//2153 2154//2154
f 2134//2134 2154//2154 2153//2153
f 2155//2155 2172//2172 2135//2135
f 2154//2154 2135//2135 2172//2172
f 2156//2156 2173//2173 2136//2136
f 2155//2155 2136//2136 2173//2173
f 2138//2138 2157//2157 2137//2137
f 2156//2156 2137//2137 2157//2157
f 2158//2158 2174//2174 2139//2139
f 2157//2157 2139//2139 2174//2174
f 2159//2159 2175//2175 2140//2140
f 2158//2158 2140//2140 2175//2175
f 2160//2160 2176//2176 2141//2141
f 2159//2159 2141//2141 2176//2176
f 2161//2161 2177//2177 2142//2142
f 2160//2160 2142//2142 2177//2177
f 2162//2162 2178//2178 2143//2143
f 2161//2161 2143//2143 2178//2178
f 2144//2144 2163//2163 2162//2162
f 2179//2179 2162//2162 2163//2163
f 2164//2164 2180//2180 2145//2145
f 2163//2163 2145//2145 2180//2180
f 2165//2165 2181//2181 2146//2146
f 2164//2164 2146//2146 2181//2181
f 1941//1941 1942//1942 2147//2147
f 2165//2165 2147//2147 1942//1942
f 1928//1928 2148//2148 1929//1929
f 2166//2166 1929//1929 2148//2148
f 2166//2166 2149//2149 2182//2182
f 2167//2167 2182//2182 2149//2149
f 2167//2167 2150//2150 2183//2183
f 2168//2168 2183//2183 2150//2150
f 2168//2168 2151//2151 2184//2184
f 2169//2169 2184//2184 2151//2151
f 2185//2185 2169//2169 2170//2170
f 2152//2152 2170//2170 2169//2169
f 2186//2186 2170//2170 2171//2171
f 2153//2153 2171//2171 2170//2170
f 2172//2172 2187//2187 2154//2154
f 2171//2171 2154//2154 2187//2187
f 2173//2173 2188//2188 2155//2155
f 2172//2172 2155//2155 2188//2188
f 2174//2174 2173//2173 2157//2157
f 2156//2156 2157//2157 2173//2173
f 2175//2175 2189//2189 2158//2158
f 2174//2174 2158//2158 2189//2189
f 2176//2176 2190//2190 2159//2159
f 2175//2175 2159//2159 2190//2190
f 2177//2177 2191//2191 2160//2160
f 2176//2176 2160//2160 2191//2191
f 2161//2161 2178//2178 2177//2177
f 2192//2192 2177//2177 2178//2178
f 2162//2162 2179//2179 2178//2178
f 2193//2193 2178//2178 2179//2179
f 2163//2163 2180//2180 2179//2179
f 2194//2194 2179//2179 2180//2180
f 2181//2181 2195//2195 2164//2164
f 2180//2180 2164//2164 2195//2195
f 1942//1942 1943//1943 2165//2165
f 2181//2181 2165//2165 1943//1943
f 1929//1929 2166//2166 1930//1930
f 2182//2182 1930//1930 2166//2166
f 2182//2182 2167//2167 2196//2196
f 2183//2183 2196//2196 2167//2167
f 2168//2168 2184//2184 2183//2183
f 2197//2197 2183//2183 2184//2184
f 2169//2169 2185//2185 2184//2184
f 2198//2198 2184//2184 2185//2185
f 2170//2170 2186//2186 2185//2185
f 2199//2199 2185//2185 2186//2186
f 2187//2187 2200//2200 2171//2171
f 2186//2186 2171//2171 2200//2200
f 2188//2188 2201//2201 2172//2172
f 2187//2187 2172//2172 2201//2201
f 2189//2189 2188//2188 2174//2174
f 2173//2173 2174//2174 2188//2188
f 2190//2190 2202//2202 2175//2175
f 2189//2189 2175//2175 2202//2202
f 2191//2191 2203//2203 2176//2176
f 2190//2190 2176//2176 2203//2203
f 2177//2177 2192//2192 2191//2191
f 2204//2204 2191//2191 2192//2192
f 2178//2178 2193//2193 2192//2192
f 2205//2205 2192//2192 2193//2193
f 2179//2179 2194//2194 2193//2193
f 2206//2206 2193//2193 2194//2194
f 2195//2195 2207//2207 2180//2180
f 2194//2194 2180//2180 2207//2207
f 1943//1943 1944//1944 2181//2181
f 2195//2195 2181//2181 1944//1944
f 1930//1930 2182//2182 1931//1931
f 2196//2196 1931//1931 2182//2182
f 2196//2196 2183//2183 2208//2208
f 2197//2197 2208//2208 2183//2183
f 2184//2184 2198//2198 2197//2197
f 2209//2209 2197//2197 2198//2198
f 2185//2185 2199//2199 2198//2198
f 2210//2210 2198//2198 2199//2199
f 2186//2186 2200//2200 2199//2199
f 2211//2211 2199//2199 2200//2200
f 2201//2201 2212//2212 2187//2187
f 2200//2200 2187//2187 2212//2212
f 2202//2202 2201//2201 2189//2189
f 2188//2188 2189//2189 2201//2201
f 2203//2203 2213//2213 2190//2190
f 2202//2202 2190//2190 2213//2213
f 2204//2204 2214//2214 2191//2191
f 2203//2203 2191//2191 2214//2214
f 2192//2192 2205//2205 2204//2204
f 2215//2215 2204//2204 2205//2205
f 2193//2193 2206//2206 2205//2205
f 2216//2216 2205//2205 2206//2206
f 2194//2194 2207//2207 2206//2206
f 2217//2217 2206//2206 2207//2207
f 2195//2195 1944//1944 2207//2207
f 1945//1945 2207//2207 1944//1944
f 2196//2196 2208//2208 1931//1931
f 1932//1932 1931//1931 2208//2208
f 2197//2197 2209//2209 2208//2208
f 2218//2218 2208//2208 2209//2209
f 2198//2198 2210//2210 2209//2209
f 2219//2219 2209//2209 2210//2210
f 2199//2199 2211//2211 2210//2210
f 2220//2220 2210//2210 2211//2211
f 2212//2212 2221//2221 2200//2200
f 2211//2211 2200//2200 2221//2221
f 2213//2213 2212//2212 2202//2202
f 2201//2201 2202//2202 2212//2212
f 2214//2214 2222//2222 2203//2203
f 2213//2213 2203//2203 2222//2222
f 2204//2204 2215//2215 2214//2214
f 2223//2223 2214//2214 2215//2215
f 2205//2205 2216//2216 2215//2215
f 2224//2224 2215//2215 2216//2216
f 2206//2206 2217//2217 2216//2216
f 2225//2225 2216//2216 2217//2217
f 2207//2207 1945//1945 2217//2217
f 1946//1946 2217//2217 1945//1945
f 2208//2208 2218//2218 1932//1932
f 1933//1933 1932//1932 2218//2218
f 2209//2209 2219//2219 2218//2218
f 2226//2226 2218//2218 2219//2219
f 2210//2210 2220//2220 2219//2219
f 2227//2227 2219//2219 2220//2220
f 2211//2211 2221//2221 2220//2220
f 2228//2228 2220//2220 2221//2221
f 2222//2222 2221//2221 2213//2213
f 2212//2212 2213//2213 2221//2221
f 2214//2214 2223//2223 2222//2222
f 2229//2229 2222//2222 2223//2223
f 2215//2215 2224//2224 2223//2223
f 2230//2230 2223//2223 2224//2224
f 2216//2216 2225//2225 2224//2224
f 2231//2231 2224//2224 2225//2225
f 2217//2217 1946//1946 2225//2225
f 1947//1947 2225//2225 1946//1946
f 2218//2218 2226//2226 1933//1933
f 1934//1934 1933//1933 2226//2226
f 2219//2219 2227//2227 2226//2226
f 2232//2232 2226//2226 2227//2227
f 2220//2220 2228//2228 2227//2227
f 2233//2233 2227//2227 2228//2228
f 2221//2221 2222//2222 2228//2228
f 2229//2229 2228//2228 2222//2222
f 2223//2223 2230//2230 2229//2229
f 2234//2234 2229//2229 2230//2230
f 2224//2224 2231//2231 2230//2230
f 2235//2235 2230//2230 2231//2231
f 2225//2225 1947//1947 2231//2231
f 1948//1948 2231//2231 1947//1947
f 2226//2226 2232//2232 1934//1934
f 1935//1935 1934//1934 2232//2232
f 2227//2227 2233//2233 2232//2232
f 2236//2236 2232//2232 2233//2233
f 2228//2228 2229//2229 2233//2233
f 2234//2234 2233//2233 2229//2229
f 2230//2230 2235//2235 2234//2234
f 2237//2237 2234//2234 2235//2235
f 2231//2231 1948//1948 2235//2235
f 1949//1949 2235//2235 1948//1948
f 2232//2232 2236//2236 1935//1935
f 1936//1936 1935//1935 2236//2236
f 2233//2233 2234//2234 2236//2236
f 2237//2237 2236//2236 2234//2234
f 2235//2235 1949//1949 2237//2237
f 1937//1937 2237//2237 1949//1949
f 2236//2236 2237//2237 1936//1936
f 1937//1937 1936//1936 2237//2237
f 2238//2238 2239//2239 2240//2240
f 2241//2241 2240//2240 2239//2239
f 2242//2242 2243//2243 2244//2244
f 2245//2245 2244//2244 2243//2243
f 2245//2245 2246//2246 2244//2244
f 2247//2247 2244//2244 2246//2246
f 2246//2246 2248//2248 2247//2247
f 2249//2249 2247//2247 2248//2248
f 2248//2248 2250//2250 2249//2249
f 2251//2251 2249//2249 2250//2250
f 2250//2250 2252//2252 2251//2251
f 2253//2253 2251//2251 2252//2252
f 2252//2252 2254//2254 2253//2253
f 2255//2255 2253//2253 2254//2254
f 2254//2254 2256//2256 2255//2255
f 2257//2257 2255//2255 2256//2256
f 2258//2258 2259//2259 2256//2256
f 2257//2257 2256//2256 2259//2259
f 2260//2260 2261//2261 2258//2258
f 2259//2259 2258//2258 2261//2261
f 2262//2262 2263//2263 2260//2260
f 2261//2261 2260//2260 2263//2263
f 2264//2264 2265//2265 2262//2262
f 2263//2263 2262//2262 2265//2265
f 2266//2266 2267//2267 2264//2264
f 2265//2265 2264//2264 2267//2267
f 2268//2268 2269//2269 2266//2266
f 2267//2267 2266//2266 2269//2269
f 2268//2268 2270//2270 2269//2269
f 2271//2271 2269//2269 2270//2270
f 2270//2270 2272//2272 2271//2271
f 2273//2273 2271//2271 2272//2272
f 2272//2272 2274//2274 2273//2273
f 2275//2275 2273//2273 2274//2274
f 2274//2274 2276//2276 2275//2275
f 2277//2277 2275//2275 2276//2276
f 2276//2276 2278//2278 2277//2277
f 2279//2279 2277//2277 2278//2278
f 2278//2278 2239//2239 2279//2279
f 2238//2238 2279//2279 2239//2239
f 2240//2240 2241//2241 2280//2280
f 2281//2281 2280//2280 2241//2241
f 1951//1951 1950//1950 2266//2266
f 2268//2268 2266//2266 1950//1950
f 1956//1956 2268//2268 1950//1950
f 2270//2270 2268//2268 1956//1956
f 1963//1963 2270//2270 1956//1956
f 1973//1973 2270//2270 1963//1963
f 2272//2272 2270//2270 1973//1973
f 1984//1984 2272//2272 1973//1973
f 2274//2274 2272//2272 1984//1984
f 1997//1997 2274//2274 1984//1984
f 2276//2276 2274//2274 1997//1997
f 2012//2012 2276//2276 1997//1997
f 2029//2029 2276//2276 2012//2012
f 2278//2278 2276//2276 2029//2029
f 2048//2048 2278//2278 2029//2029
f 2239//2239 2278//2278 2048//2048
f 2068//2068 2239//2239 2048//2048
f 2091//2091 2239//2239 2068//2068
f 2241//2241 2239//2239 2091//2091
f 2116//2116 2241//2241 2091//2091
f 2262//2262 2260//2260 2264//2264
f 2258//2258 2264//2264 2260//2260
f 2266//2266 2264//2264 2258//2258
f 1951//1951 2266//2266 2258//2258
f 1955//1955 1951//1951 2258//2258
f 2256//2256 1955//1955 2258//2258
f 1962//1962 1955//1955 2256//2256
f 2254//2254 1962//1962 2256//2256
f 1971//1971 1962//1962 2254//2254
f 1982//1982 1971//1971 2254//2254
f 2252//2252 1982//1982 2254//2254
f 1995//1995 1982//1982 2252//2252
f 2250//2250 1995//1995 2252//2252
f 2010//2010 1995//1995 2250//2250
f 2027//2027 2010//2010 2250//2250
f 2248//2248 2027//2027 2250//2250
f 2046//2046 2027//2027 2248//2248
f 2246//2246 2046//2046 2248//2248
f 2067//2067 2046//2046 2246//2246
f 2245//2245 2067//2067 2246//2246
f 2090//2090 2067//2067 2245//2245
f 2115//2115 2090//2090 2245//2245
f 2243//2243 2115//2115 2245//2245
f 2116//2116 2115//2115 2243//2243
f 2241//2241 2116//2116 2243//2243
f 2281//2281 2241//2241 2243//2243
f 2282//2282 2281//2281 2243//2243
f 2283//2283 2281//2281 2282//2282
f 2284//2284 2282//2282 2242//2242
f 2243//2243 2242//2242 2282//2282
f 2263//2263 2265//2265 2261//2261
f 2259//2259 2261//2261 2265//2265
f 2267//2267 2259//2259 2265//2265
f 2257//2257 2259//2259 2267//2267
f 2269//2269 2257//2257 2267//2267
f 421//421 2257//2257 2269//2269
f 470//470 2257//2257 421//421
f 2255//2255 2257//2257 470//470
f 605//605 2255//2255 470//470
f 771//771 2255//2255 605//605
f 2253//2253 2255//2255 771//771
f 869//869 2253//2253 771//771
f 1043//1043 2253//2253 869//869
f 2251//2251 2253//2253 1043//1043
f 1173//1173 2251//2251 1043//1043
f 1278//1278 2251//2251 1173//1173
f 2249//2249 2251//2251 1278//1278
f 1435//1435 2249//2249 1278//1278
f 2247//2247 2249//2249 1435//1435
f 1602//1602 2247//2247 1435//1435
f 1755//1755 2247//2247 1602//1602
f 2244//2244 2247//2247 1755//1755
f 1817//1817 2244//2244 1755//1755
f 1819//1819 2244//2244 1817//1817
f 2238//2238 2244//2244 1819//1819
f 2240//2240 2244//2244 2238//2238
f 2242//2242 2244//2244 2240//2240
f 2280//2280 2242//2242 2240//2240
f 2284//2284 2242//2242 2280//2280
f 2285//2285 2284//2284 2280//2280
f 2271//2271 420//420 2269//2269
f 421//421 2269//2269 420//420
f 534//534 420//420 2271//2271
f 698//698 534//534 2271//2271
f 2273//2273 698//698 2271//2271
f 808//808 698//698 2273//2273
f 940//940 808//808 2273//2273
f 2275//2275 940//940 2273//2273
f 1098//1098 940//940 2275//2275
f 2277//2277 1098//1098 2275//2275
f 1258//1258 1098//1098 2277//2277
f 1364//1364 1258//1258 2277//2277
f 2279//2279 1364//1364 2277//2277
f 1527//1527 1364//1364 2279//2279
f 1680//1680 1527//1527 2279//2279
f 2238//2238 1680//1680 2279//2279
f 1777//1777 1680//1680 2238//2238
f 1819//1819 1777//1777 2238//2238
f 2280//2280 2281//2281 2285//2285
f 2283//2283 2285//2285 2281//2281
f 2285//2285 2283//2283 2284//2284
f 2282//2282 2284//2284 2283//2283
f 1879//1879 1880//1880 1881//1881
f 1880//1880 1879//1879 1878//1878
f 1882//1882 1880//1880 1883//1883
f 1880//1880 1882//1882 1881//1881
f 1884//1884 1883//1883 1885//1885
f 1883//1883 1884//1884 1882//1882
f 1886//1886 1885//1885 1887//1887
f 1885//1885 1886//1886 1884//1884
f 1888//1888 1887//1887 1889//1889
f 1887//1887 1888//1888 1886//1886
f 1890//1890 1889//1889 1891//1891
f 1889//1889 1890//1890 1888//1888
f 1892//1892 1891//1891 1893//1893
f 1891//1891 1892//1892 1890//1890
f 1893//1893 1895//1895 1892//1892
f 1895//1895 1893//1893 1894//1894
f 1897//1897 1895//1895 1894//1894
f 1895//1895 1897//1897 1896//1896
f 1897//1897 1899//1899 1896//1896
f 1899//1899 1897//1897 1898//1898
f 1901//1901 1899//1899 1898//1898
f 1899//1899 1901//1901 1900//1900
f 1903//1903 1900//1900 1901//1901
f 1900//1900 1903//1903 1902//1902
f 1905//1905 1902//1902 1903//1903
f 1902//1902 1905//1905 1904//1904
f 1906//1906 1905//1905 1907//1907
f 1905//1905 1906//1906 1904//1904
f 1908//1908 1907//1907 1909//1909
f 1907//1907 1908//1908 1906//1906
f 1910//1910 1909//1909 1911//1911
f 1909//1909 1910//1910 1908//1908
f 1912//1912 1911//1911 1913//1913
f 1911//1911 1912//1912 1910//1910
f 1914//1914 1913//1913 1915//1915
f 1913//1913 1914//1914 1912//1912
f 1916//1916 1915//1915 1917//1917
f 1915//1915 1916//1916 1914//1914
f 1916//1916 1918//1918 1919//1919
f 1918//1918 1916//1916 1917//1917
f 1919//1919 1920//1920 1921//1921
f 1920//1920 1919//1919 1918//1918
f 1922//1922 1921//1921 1923//1923
f 1879//1879 1921//1921 1922//1922
f 1879//1879 1919//1919 1921//1921
f 1881//1881 1919//1919 1879//1879
f 1881//1881 1916//1916 1919//1919
f 1882//1882 1916//1916 1881//1881
f 1882//1882 1914//1914 1916//1916
f 1884//1884 1914//1914 1882//1882
f 1884//1884 1912//1912 1914//1914
f 1886//1886 1912//1912 1884//1884
f 1886//1886 1910//1910 1912//1912
f 1888//1888 1910//1910 1886//1886
f 1888//1888 1908//1908 1910//1910
f 1888//1888 1906//1906 1908//1908
f 1890//1890 1906//1906 1888//1888
f 1890//1890 1904//1904 1906//1906
f 1892//1892 1904//1904 1890//1890
f 1892//1892 1902//1902 1904//1904
f 1895//1895 1902//1902 1892//1892
f 1895//1895 1900//1900 1902//1902
f 1896//1896 1900//1900 1895//1895
f 1900//1900 1896//1896 1899//1899
f 1922//1922 1878//1878 1879//1879
f 1878//1878 1922//1922 1924//1924
f 1918//1918 1937//1937 1920//1920
f 1918//1918 1949//1949 1937//1937
f 1918//1918 1948//1948 1949//1949
f 1917//1917 1948//1948 1918//1918
f 1917//1917 1947//1947 1948//1948
f 1915//1915 1947//1947 1917//1917
f 1915//1915 1946//1946 1947//1947
f 1913//1913 1946//1946 1915//1915
f 1913//1913 1945//1945 1946//1946
f 1913//1913 1944//1944 1945//1945
f 1911//1911 1944//1944 1913//1913
f 1911//1911 1943//1943 1944//1944
f 1909//1909 1943//1943 1911//1911
f 1909//1909 1942//1942 1943//1943
f 1907//1907 1942//1942 1909//1909
f 1907//1907 1941//1941 1942//1942
f 1905//1905 1941//1941 1907//1907
f 1905//1905 1940//1940 1941//1941
f 1905//1905 1939//1939 1940//1940
f 1903//1903 1939//1939 1905//1905
f 1903//1903 1925//1925 1939//1939
f 1925//1925 1903//1903 1901//1901
f 1920//1920 1924//1924 1938//1938
f 1937//1937 1924//1924 1920//1920
f 1937//1937 1878//1878 1924//1924
f 1936//1936 1878//1878 1937//1937
f 1935//1935 1878//1878 1936//1936
f 1935//1935 1880//1880 1878//1878
f 1934//1934 1880//1880 1935//1935
f 1934//1934 1883//1883 1880//1880
f 1933//1933 1883//1883 1934//1934
f 1933//1933 1885//1885 1883//1883
f 1932//1932 1885//1885 1933//1933
f 1932//1932 1887//1887 1885//1885
f 1931//1931 1887//1887 1932//1932
f 1930//1930 1887//1887 1931//1931
f 1930//1930 1889//1889 1887//1887
f 1929//1929 1889//1889 1930//1930
f 1929//1929 1891//1891 1889//1889
f 1928//1928 1891//1891 1929//1929
f 1928//1928 1893//1893 1891//1891
f 1927//1927 1893//1893 1928//1928
f 1926//1926 1893//1893 1927//1927
f 1926//1926 1894//1894 1893//1893
f 1925//1925 1894//1894 1926//1926
f 1901//1901 1894//1894 1925//1925
f 1901//1901 1897//1897 1894//1894
f 1897//1897 1901//1901 1898//1898
f 1921//1921 1938//1938 1923//1923
f 1938//1938 1921//1921 1920//1920
f 1922//1922 1938//1938 1924//1924
f 1938//1938 1922//1922 1923//1923
f 1951//1951 1952//1952 1953//1953
f 1952//1952 1951//1951 1950//1950
f 1951//1951 1954//1954 1955//1955
f 1954//1954 1951//1951 1953//1953
f 1950//1950 1957//1957 1952//1952
f 1957//1957 1950//1950 1956//1956
f 1952//1952 1959//1959 1953//1953
f 1959//1959 1952//1952 1958//1958
f 1953//1953 1960//1960 1954//1954
f 1960//1960 1953//1953 1959//1959
f 1955//1955 1961//1961 1962//1962
f 1961//1961 1955//1955 1954//1954
f 1956//1956 1964//1964 1957//1957
f 1964//1964 1956//1956 1963//1963
f 1957//1957 1958//1958 1952//1952
f 1958//1958 1957//1957 1965//1965
f 1958//1958 1967//1967 1959//1959
f 1967//1967 1958//1958 1966//1966
f 1959//1959 1968//1968 1960//1960
f 1968//1968 1959//1959 1967//1967
f 1961//1961 1960//1960 1969//1969
f 1960//1960 1961//1961 1954//1954
f 1962//1962 1970//1970 1971//1971
f 1970//1970 1962//1962 1961//1961
f 1972//1972 1963//1963 1973//1973
f 1963//1963 1972//1972 1964//1964
f 1964//1964 1965//1965 1957//1957
f 1965//1965 1964//1964 1974//1974
f 1965//1965 1966//1966 1958//1958
f 1966//1966 1965//1965 1975//1975
f 1966//1966 1977//1977 1967//1967
f 1977//1977 1966//1966 1976//1976
f 1967//1967 1978//1978 1968//1968
f 1978//1978 1967//1967 1977//1977
f 1969//1969 1968//1968 1979//1979
f 1968//1968 1969//1969 1960//1960
f 1970//1970 1969//1969 1980//1980
f 1969//1969 1970//1970 1961//1961
f 1970//1970 1982//1982 1971//1971
f 1982//1982 1970//1970 1981//1981
f 1983//1983 1973//1973 1984//1984
f 1973//1973 1983//1983 1972//1972
f 1985//1985 1964//1964 1972//1972
f 1964//1964 1985//1985 1974//1974
f 1974//1974 1975//1975 1965//1965
f 1975//1975 1974//1974 1986//1986
f 1975//1975 1976//1976 1966//1966
f 1976//1976 1975//1975 1987//1987
f 1976//1976 1989//1989 1977//1977
f 1989//1989 1976//1976 1988//1988
f 1977//1977 1990//1990 1978//1978
f 1990//1990 1977//1977 1989//1989
f 1979//1979 1978//1978 1991//1991
f 1978//1978 1979//1979 1968//1968
f 1980//1980 1979//1979 1992//1992
f 1979//1979 1980//1980 1969//1969
f 1980//1980 1981//1981 1970//1970
f 1981//1981 1980//1980 1993//1993
f 1981//1981 1995//1995 1982//1982
f 1995//1995 1981//1981 1994//1994
f 1996//1996 1984//1984 1997//1997
f 1984//1984 1996//1996 1983//1983
f 1998//1998 1972//1972 1983//1983
f 1972//1972 1998//1998 1985//1985
f 1999//1999 1974//1974 1985//1985
f 1974//1974 1999//1999 1986//1986
f 1986//1986 1987//1987 1975//1975
f 1987//1987 1986//1986 2000//2000
f 1987//1987 1988//1988 1976//1976
f 1988//1988 1987//1987 2001//2001
f 1988//1988 2003//2003 1989//1989
f 2003//2003 1988//1988 2002//2002
f 1989//1989 2004//2004 1990//1990
f 2004//2004 1989//1989 2003//2003
f 1991//1991 1990//1990 2005//2005
f 1990//1990 1991//1991 1978//1978
f 1992//1992 1991//1991 2006//2006
f 1991//1991 1992//1992 1979//1979
f 1992//1992 1993//1993 1980//1980
f 1993//1993 1992//1992 2007//2007
f 1993//1993 1994//1994 1981//1981
f 1994//1994 1993//1993 2008//2008
f 1994//1994 2010//2010 1995//1995
f 2010//2010 1994//1994 2009//2009
f 2011//2011 1997//1997 2012//2012
f 1997//1997 2011//2011 1996//1996
f 2013//2013 1983//1983 1996//1996
f 1983//1983 2013//2013 1998//1998
f 2014//2014 1985//1985 1998//1998
f 1985//1985 2014//2014 1999//1999
f 2015//2015 1986//1986 1999//1999
f 1986//1986 2015//2015 2000//2000
f 2000//2000 2001//2001 1987//1987
f 2001//2001 2000//2000 2016//2016
f 2001//2001 2002//2002 1988//1988
f 2002//2002 2001//2001 2017//2017
f 2002//2002 2019//2019 2003//2003
f 2019//2019 2002//2002 2018//2018
f 2004//2004 2019//2019 2020//2020
f 2019//2019 2004//2004 2003//2003
f 2005//2005 2004//2004 2021//2021
f 2004//2004 2005//2005 1990//1990
f 2006//2006 2005//2005 2022//2022
f 2005//2005 2006//2006 1991//1991
f 2006//2006 2007//2007 1992//1992
f 2007//2007 2006//2006 2023//2023
f 2007//2007 2008//2008 1993//1993
f 2008//2008 2007//2007 2024//2024
f 2008//2008 2009//2009 1994//1994
f 2009//2009 2008//2008 2025//2025
f 2009//2009 2027//2027 2010//2010
f 2027//2027 2009//2009 2026//2026
f 2028//2028 2012//2012 2029//2029
f 2012//2012 2028//2028 2011//2011
f 2030//2030 1996//1996 2011//2011
f 1996//1996 2030//2030 2013//2013
f 2031//2031 1998//1998 2013//2013
f 1998//1998 2031//2031 2014//2014
f 2032//2032 1999//1999 2014//2014
f 1999//1999 2032//2032 2015//2015
f 2033//2033 2000//2000 2015//2015
f 2000//2000 2033//2033 2016//2016
f 2016//2016 2017//2017 2001//2001
f 2017//2017 2016//2016 2034//2034
f 2017//2017 2018//2018 2002//2002
f 2018//2018 2017//2017 2035//2035
f 2018//2018 2037//2037 2019//2019
f 2037//2037 2018//2018 2036//2036
f 2019//2019 2038//2038 2020//2020
f 2038//2038 2019//2019 2037//2037
f 2021//2021 2020//2020 2039//2039
f 2020//2020 2021//2021 2004//2004
f 2022//2022 2021//2021 2040//2040
f 2021//2021 2022//2022 2005//2005
f 2022//2022 2023//2023 2006//2006
f 2023//2023 2022//2022 2041//2041
f 2023//2023 2024//2024 2007//2007
f 2024//2024 2023//2023 2042//2042
f 2024//2024 2025//2025 2008//2008
f 2025//2025 2024//2024 2043//2043
f 2025//2025 2026//2026 2009//2009
f 2026//2026 2025//2025 2044//2044
f 2026//2026 2046//2046 2027//2027
f 2046//2046 2026//2026 2045//2045
f 2047//2047 2029//2029 2048//2048
f 2029//2029 2047//2047 2028//2028
f 2049//2049 2011//2011 2028//2028
f 2011//2011 2049//2049 2030//2030
f 2050//2050 2013//2013 2030//2030
f 2013//2013 2050//2050 2031//2031
f 2051//2051 2014//2014 2031//2031
f 2014//2014 2051//2051 2032//2032
f 2052//2052 2015//2015 2032//2032
f 2015//2015 2052//2052 2033//2033
f 2053//2053 2016//2016 2033//2033
f 2016//2016 2053//2053 2034//2034
f 2034//2034 2035//2035 2017//2017
f 2035//2035 2034//2034 2054//2054
f 2035//2035 2036//2036 2018//2018
f 2036//2036 2035//2035 2055//2055
f 2057//2057 2037//2037 2036//2036
f 2037//2037 2057//2057 2056//2056
f 2037//2037 2058//2058 2038//2038
f 2058//2058 2037//2037 2056//2056
f 2039//2039 2038//2038 2059//2059
f 2038//2038 2039//2039 2020//2020
f 2040//2040 2039//2039 2060//2060
f 2039//2039 2040//2040 2021//2021
f 2040//2040 2041//2041 2022//2022
f 2041//2041 2040//2040 2061//2061
f 2041//2041 2042//2042 2023//2023
f 2042//2042 2041//2041 2062//2062
f 2042//2042 2043//2043 2024//2024
f 2043//2043 2042//2042 2063//2063
f 2043//2043 2044//2044 2025//2025
f 2044//2044 2043//2043 2064//2064
f 2044//2044 2045//2045 2026//2026
f 2045//2045 2044//2044 2065//2065
f 2045//2045 2067//2067 2046//2046
f 2067//2067 2045//2045 2066//2066
f 2047//2047 2068//2068 2069//2069
f 2068//2068 2047//2047 2048//2048
f 2070//2070 2028//2028 2047//2047
f 2028//2028 2070//2070 2049//2049
f 2071//2071 2030//2030 2049//2049
f 2030//2030 2071//2071 2050//2050
f 2072//2072 2031//2031 2050//2050
f 2031//2031 2072//2072 2051//2051
f 2073//2073 2032//2032 2051//2051
f 2032//2032 2073//2073 2052//2052
f 2074//2074 2033//2033 2052//2052
f 2033//2033 2074//2074 2053//2053
f 2075//2075 2034//2034 2053//2053
f 2034//2034 2075//2075 2054//2054
f 2076//2076 2035//2035 2054//2054
f 2035//2035 2076//2076 2055//2055
f 2077//2077 2036//2036 2055//2055
f 2036//2036 2077//2077 2057//2057
f 2079//2079 2056//2056 2057//2057
f 2056//2056 2079//2079 2078//2078
f 2056//2056 2080//2080 2058//2058
f 2080//2080 2056//2056 2078//2078
f 2038//2038 2081//2081 2059//2059
f 2081//2081 2038//2038 2058//2058
f 2039//2039 2082//2082 2060//2060
f 2082//2082 2039//2039 2059//2059
f 2060//2060 2061//2061 2040//2040
f 2061//2061 2060//2060 2083//2083
f 2061//2061 2062//2062 2041//2041
f 2062//2062 2061//2061 2084//2084
f 2062//2062 2063//2063 2042//2042
f 2063//2063 2062//2062 2085//2085
f 2063//2063 2064//2064 2043//2043
f 2064//2064 2063//2063 2086//2086
f 2064//2064 2065//2065 2044//2044
f 2065//2065 2064//2064 2087//2087
f 2065//2065 2066//2066 2045//2045
f 2066//2066 2065//2065 2088//2088
f 2066//2066 2090//2090 2067//2067
f 2090//2090 2066//2066 2089//2089
f 2069//2069 2091//2091 2092//2092
f 2091//2091 2069//2069 2068//2068
f 2093//2093 2047//2047 2069//2069
f 2047//2047 2093//2093 2070//2070
f 2094//2094 2049//2049 2070//2070
f 2049//2049 2094//2094 2071//2071
f 2095//2095 2050//2050 2071//2071
f 2050//2050 2095//2095 2072//2072
f 2096//2096 2051//2051 2072//2072
f 2051//2051 2096//2096 2073//2073
f 2097//2097 2052//2052 2073//2073
f 2052//2052 2097//2097 2074//2074
f 2098//2098 2053//2053 2074//2074
f 2053//2053 2098//2098 2075//2075
f 2099//2099 2054//2054 2075//2075
f 2054//2054 2099//2099 2076//2076
f 2100//2100 2055//2055 2076//2076
f 2055//2055 2100//2100 2077//2077
f 2101//2101 2057//2057 2077//2077
f 2057//2057 2101//2101 2079//2079
f 2103//2103 2078//2078 2079//2079
f 2078//2078 2103//2103 2102//2102
f 2078//2078 2104//2104 2080//2080
f 2104//2104 2078//2078 2102//2102
f 2058//2058 2105//2105 2081//2081
f 2105//2105 2058//2058 2080//2080
f 2059//2059 2106//2106 2082//2082
f 2106//2106 2059//2059 2081//2081
f 2060//2060 2107//2107 2083//2083
f 2107//2107 2060//2060 2082//2082
f 2083//2083 2084//2084 2061//2061
f 2084//2084 2083//2083 2108//2108
f 2084//2084 2085//2085 2062//2062
f 2085//2085 2084//2084 2109//2109
f 2085//2085 2086//2086 2063//2063
f 2086//2086 2085//2085 2110//2110
f 2086//2086 2087//2087 2064//2064
f 2087//2087 2086//2086 2111//2111
f 2087//2087 2088//2088 2065//2065
f 2088//2088 2087//2087 2112//2112
f 2113//2113 2066//2066 2088//2088
f 2066//2066 2113//2113 2089//2089
f 2089//2089 2115//2115 2090//2090
f 2115//2115 2089//2089 2114//2114
f 2092//2092 2116//2116 2117//2117
f 2116//2116 2092//2092 2091//2091
f 2118//2118 2069//2069 2092//2092
f 2069//2069 2118//2118 2093//2093
f 2119//2119 2070//2070 2093//2093
f 2070//2070 2119//2119 2094//2094
f 2120//2120 2071//2071 2094//2094
f 2071//2071 2120//2120 2095//2095
f 2121//2121 2072//2072 2095//2095
f 2072//2072 2121//2121 2096//2096
f 2122//2122 2073//2073 2096//2096
f 2073//2073 2122//2122 2097//2097
f 2123//2123 2074//2074 2097//2097
f 2074//2074 2123//2123 2098//2098
f 2124//2124 2075//2075 2098//2098
f 2075//2075 2124//2124 2099//2099
f 2125//2125 2076//2076 2099//2099
f 2076//2076 2125//2125 2100//2100
f 2126//2126 2077//2077 2100//2100
f 2077//2077 2126//2126 2101//2101
f 2127//2127 2079//2079 2101//2101
f 2079//2079 2127//2127 2103//2103
f 1939//1939 2102//2102 2103//2103
f 2102//2102 1939//1939 1925//1925
f 2102//2102 1926//1926 2104//2104
f 1926//1926 2102//2102 1925//1925
f 2080//2080 2128//2128 2105//2105
f 2128//2128 2080//2080 2104//2104
f 2081//2081 2129//2129 2106//2106
f 2129//2129 2081//2081 2105//2105
f 2082//2082 2130//2130 2107//2107
f 2130//2130 2082//2082 2106//2106
f 2107//2107 2108//2108 2083//2083
f 2108//2108 2107//2107 2131//2131
f 2108//2108 2109//2109 2084//2084
f 2109//2109 2108//2108 2132//2132
f 2109//2109 2110//2110 2085//2085
f 2110//2110 2109//2109 2133//2133
f 2110//2110 2111//2111 2086//2086
f 2111//2111 2110//2110 2134//2134
f 2111//2111 2112//2112 2087//2087
f 2112//2112 2111//2111 2135//2135
f 2136//2136 2088//2088 2112//2112
f 2088//2088 2136//2136 2113//2113
f 2137//2137 2089//2089 2113//2113
f 2089//2089 2137//2137 2114//2114
f 2117//2117 2115//2115 2114//2114
f 2115//2115 2117//2117 2116//2116
f 2138//2138 2092//2092 2117//2117
f 2092//2092 2138//2138 2118//2118
f 2139//2139 2093//2093 2118//2118
f 2093//2093 2139//2139 2119//2119
f 2140//2140 2094//2094 2119//2119
f 2094//2094 2140//2140 2120//2120
f 2141//2141 2095//2095 2120//2120
f 2095//2095 2141//2141 2121//2121
f 2142//2142 2096//2096 2121//2121
f 2096//2096 2142//2142 2122//2122
f 2143//2143 2097//2097 2122//2122
f 2097//2097 2143//2143 2123//2123
f 2144//2144 2098//2098 2123//2123
f 2098//2098 2144//2144 2124//2124
f 2145//2145 2099//2099 2124//2124
f 2099//2099 2145//2145 2125//2125
f 2146//2146 2100//2100 2125//2125
f 2100//2100 2146//2146 2126//2126
f 2147//2147 2101//2101 2126//2126
f 2101//2101 2147//2147 2127//2127
f 1940//1940 2103//2103 2127//2127
f 2103//2103 1940//1940 1939//1939
f 2104//2104 1927//1927 2128//2128
f 1927//1927 2104//2104 1926//1926
f 2105//2105 2148//2148 2129//2129
f 2148//2148 2105//2105 2128//2128
f 2106//2106 2149//2149 2130//2130
f 2149//2149 2106//2106 2129//2129
f 2107//2107 2150//2150 2131//2131
f 2150//2150 2107//2107 2130//2130
f 2131//2131 2132//2132 2108//2108
f 2132//2132 2131//2131 2151//2151
f 2132//2132 2133//2133 2109//2109
f 2133//2133 2132//2132 2152//2152
f 2133//2133 2134//2134 2110//2110
f 2134//2134 2133//2133 2153//2153
f 2134//2134 2135//2135 2111//2111
f 2135//2135 2134//2134 2154//2154
f 2155//2155 2112//2112 2135//2135
f 2112//2112 2155//2155 2136//2136
f 2156//2156 2113//2113 2136//2136
f 2113//2113 2156//2156 2137//2137
f 2137//2137 2117//2117 2114//2114
f 2117//2117 2137//2137 2138//2138
f 2157//2157 2118//2118 2138//2138
f 2118//2118 2157//2157 2139//2139
f 2158//2158 2119//2119 2139//2139
f 2119//2119 2158//2158 2140//2140
f 2159//2159 2120//2120 2140//2140
f 2120//2120 2159//2159 2141//2141
f 2160//2160 2121//2121 2141//2141
f 2121//2121 2160//2160 2142//2142
f 2161//2161 2122//2122 2142//2142
f 2122//2122 2161//2161 2143//2143
f 2162//2162 2123//2123 2143//2143
f 2123//2123 2162//2162 2144//2144
f 2163//2163 2124//2124 2144//2144
f 2124//2124 2163//2163 2145//2145
f 2164//2164 2125//2125 2145//2145
f 2125//2125 2164//2164 2146//2146
f 2165//2165 2126//2126 2146//2146
f 2126//2126 2165//2165 2147//2147
f 1941//1941 2127//2127 2147//2147
f 2127//2127 1941//1941 1940//1940
f 2128//2128 1928//1928 2148//2148
f 1928//1928 2128//2128 1927//1927
f 2129//2129 2166//2166 2149//2149
f 2166//2166 2129//2129 2148//2148
f 2130//2130 2167//2167 2150//2150
f 2167//2167 2130//2130 2149//2149
f 2131//2131 2168//2168 2151//2151
f 2168//2168 2131//2131 2150//2150
f 2151//2151 2152//2152 2132//2132
f 2152//2152 2151//2151 2169//2169
f 2152//2152 2153//2153 2133//2133
f 2153//2153 2152//2152 2170//2170
f 2153//2153 2154//2154 2134//2134
f 2154//2154 2153//2153 2171//2171
f 2172//2172 2135//2135 2154//2154
f 2135//2135 2172//2172 2155//2155
f 2173//2173 2136//2136 2155//2155
f 2136//2136 2173//2173 2156//2156
f 2157//2157 2137//2137 2156//2156
f 2137//2137 2157//2157 2138//2138
f 2174//2174 2139//2139 2157//2157
f 2139//2139 2174//2174 2158//2158
f 2175//2175 2140//2140 2158//2158
f 2140//2140 2175//2175 2159//2159
f 2176//2176 2141//2141 2159//2159
f 2141//2141 2176//2176 2160//2160
f 2177//2177 2142//2142 2160//2160
f 2142//2142 2177//2177 2161//2161
f 2178//2178 2143//2143 2161//2161
f 2143//2143 2178//2178 2162//2162
f 2163//2163 2162//2162 2179//2179
f 2162//2162 2163//2163 2144//2144
f 2180//2180 2145//2145 2163//2163
f 2145//2145 2180//2180 2164//2164
f 2181//2181 2146//2146 2164//2164
f 2146//2146 2181//2181 2165//2165
f 1942//1942 2147//2147 2165//2165
f 2147//2147 1942//1942 1941//1941
f 2148//2148 1929//1929 2166//2166
f 1929//1929 2148//2148 1928//1928
f 2149//2149 2182//2182 2167//2167
f 2182//2182 2149//2149 2166//2166
f 2150//2150 2183//2183 2168//2168
f 2183//2183 2150//2150 2167//2167
f 2151//2151 2184//2184 2169//2169
f 2184//2184 2151//2151 2168//2168
f 2169//2169 2170//2170 2152//2152
f 2170//2170 2169//2169 2185//2185
f 2170//2170 2171//2171 2153//2153
f 2171//2171 2170//2170 2186//2186
f 2187//2187 2154//2154 2171//2171
f 2154//2154 2187//2187 2172//2172
f 2188//2188 2155//2155 2172//2172
f 2155//2155 2188//2188 2173//2173
f 2173//2173 2157//2157 2156//2156
f 2157//2157 2173//2173 2174//2174
f 2189//2189 2158//2158 2174//2174
f 2158//2158 2189//2189 2175//2175
f 2190//2190 2159//2159 2175//2175
f 2159//2159 2190//2190 2176//2176
f 2191//2191 2160//2160 2176//2176
f 2160//2160 2191//2191 2177//2177
f 2178//2178 2177//2177 2192//2192
f 2177//2177 2178//2178 2161//2161
f 2179//2179 2178//2178 2193//2193
f 2178//2178 2179//2179 2162//2162
f 2180//2180 2179//2179 2194//2194
f 2179//2179 2180//2180 2163//2163
f 2195//2195 2164//2164 2180//2180
f 2164//2164 2195//2195 2181//2181
f 1943//1943 2165//2165 2181//2181
f 2165//2165 1943//1943 1942//1942
f 2166//2166 1930//1930 2182//2182
f 1930//1930 2166//2166 1929//1929
f 2167//2167 2196//2196 2183//2183
f 2196//2196 2167//2167 2182//2182
f 2184//2184 2183//2183 2197//2197
f 2183//2183 2184//2184 2168//2168
f 2185//2185 2184//2184 2198//2198
f 2184//2184 2185//2185 2169//2169
f 2186//2186 2185//2185 2199//2199
f 2185//2185 2186//2186 2170//2170
f 2200//2200 2171//2171 2186//2186
f 2171//2171 2200//2200 2187//2187
f 2201//2201 2172//2172 2187//2187
f 2172//2172 2201//2201 2188//2188
f 2188//2188 2174//2174 2173//2173
f 2174//2174 2188//2188 2189//2189
f 2202//2202 2175//2175 2189//2189
f 2175//2175 2202//2202 2190//2190
f 2203//2203 2176//2176 2190//2190
f 2176//2176 2203//2203 2191//2191
f 2192//2192 2191//2191 2204//2204
f 2191//2191 2192//2192 2177//2177
f 2193//2193 2192//2192 2205//2205
f 2192//2192 2193//2193 2178//2178
f 2194//2194 2193//2193 2206//2206
f 2193//2193 2194//2194 2179//2179
f 2207//2207 2180//2180 2194//2194
f 2180//2180 2207//2207 2195//2195
f 1944//1944 2181//2181 2195//2195
f 2181//2181 1944//1944 1943//1943
f 2182//2182 1931//1931 2196//2196
f 1931//1931 2182//2182 1930//1930
f 2183//2183 2208//2208 2197//2197
f 2208//2208 2183//2183 2196//2196
f 2198//2198 2197//2197 2209//2209
f 2197//2197 2198//2198 2184//2184
f 2199//2199 2198//2198 2210//2210
f 2198//2198 2199//2199 2185//2185
f 2200//2200 2199//2199 2211//2211
f 2199//2199 2200//2200 2186//2186
f 2212//2212 2187//2187 2200//2200
f 2187//2187 2212//2212 2201//2201
f 2201//2201 2189//2189 2188//2188
f 2189//2189 2201//2201 2202//2202
f 2213//2213 2190//2190 2202//2202
f 2190//2190 2213//2213 2203//2203
f 2214//2214 2191//2191 2203//2203
f 2191//2191 2214//2214 2204//2204
f 2205//2205 2204//2204 2215//2215
f 2204//2204 2205//2205 2192//2192
f 2206//2206 2205//2205 2216//2216
f 2205//2205 2206//2206 2193//2193
f 2207//2207 2206//2206 2217//2217
f 2206//2206 2207//2207 2194//2194
f 1944//1944 2207//2207 1945//1945
f 2207//2207 1944//1944 2195//2195
f 2208//2208 1931//1931 1932//1932
f 1931//1931 2208//2208 2196//2196
f 2209//2209 2208//2208 2218//2218
f 2208//2208 2209//2209 2197//2197
f 2210//2210 2209//2209 2219//2219
f 2209//2209 2210//2210 2198//2198
f 2211//2211 2210//2210 2220//2220
f 2210//2210 2211//2211 2199//2199
f 2221//2221 2200//2200 2211//2211
f 2200//2200 2221//2221 2212//2212
f 2212//2212 2202//2202 2201//2201
f 2202//2202 2212//2212 2213//2213
f 2222//2222 2203//2203 2213//2213
f 2203//2203 2222//2222 2214//2214
f 2215//2215 2214//2214 2223//2223
f 2214//2214 2215//2215 2204//2204
f 2216//2216 2215//2215 2224//2224
f 2215//2215 2216//2216 2205//2205
f 2217//2217 2216//2216 2225//2225
f 2216//2216 2217//2217 2206//2206
f 1945//1945 2217//2217 1946//1946
f 2217//2217 1945//1945 2207//2207
f 2218//2218 1932//1932 1933//1933
f 1932//1932 2218//2218 2208//2208
f 2219//2219 2218//2218 2226//2226
f 2218//2218 2219//2219 2209//2209
f 2220//2220 2219//2219 2227//2227
f 2219//2219 2220//2220 2210//2210
f 2221//2221 2220//2220 2228//2228
f 2220//2220 2221//2221 2211//2211
f 2221//2221 2213//2213 2212//2212
f 2213//2213 2221//2221 2222//2222
f 2223//2223 2222//2222 2229//2229
f 2222//2222 2223//2223 2214//2214
f 2224//2224 2223//2223 2230//2230
f 2223//2223 2224//2224 2215//2215
f 2225//2225 2224//2224 2231//2231
f 2224//2224 2225//2225 2216//2216
f 1946//1946 2225//2225 1947//1947
f 2225//2225 1946//1946 2217//2217
f 2226//2226 1933//1933 1934//1934
f 1933//1933 2226//2226 2218//2218
f 2227//2227 2226//2226 2232//2232
f 2226//2226 2227//2227 2219//2219
f 2228//2228 2227//2227 2233//2233
f 2227//2227 2228//2228 2220//2220
f 2222//2222 2228//2228 2229//2229
f 2228//2228 2222//2222 2221//2221
f 2230//2230 2229//2229 2234//2234
f 2229//2229 2230//2230 2223//2223
f 2231//2231 2230//2230 2235//2235
f 2230//2230 2231//2231 2224//2224
f 1947//1947 2231//2231 1948//1948
f 2231//2231 1947//1947 2225//2225
f 2232//2232 1934//1934 1935//1935
f 1934//1934 2232//2232 2226//2226
f 2233//2233 2232//2232 2236//2236
f 2232//2232 2233//2233 2227//2227
f 2229//2229 2233//2233 2234//2234
f 2233//2233 2229//2229 2228//2228
f 2235//2235 2234//2234 2237//2237
f 2234//2234 2235//2235 2230//2230
f 1948//1948 2235//2235 1949//1949
f 2235//2235 1948//1948 2231//2231
f 2236//2236 1935//1935 1936//1936
f 1935//1935 2236//2236 2232//2232
f 2234//2234 2236//2236 2237//2237
f 2236//2236 2234//2234 2233//2233
f 1949//1949 2237//2237 1937//1937
f 2237//2237 1949//1949 2235//2235
f 2237//2237 1936//1936 1937//1937
f 1936//1936 2237//2237 2236//2236
f 2239//2239 2240//2240 2241//2241
f 2240//2240 2239//2239 2238//2238
f 2243//2243 2244//2244 2245//2245
f 2244//2244 2243//2243 2242//2242
f 2246//2246 2244//2244 2247//2247
f 2244//2244 2246//2246 2245//2245
f 2248//2248 2247//2247 2249//2249
f 2247//2247 2248//2248 2246//2246
f 2250//2250 2249//2249 2251//2251
f 2249//2249 2250//2250 2248//2248
f 2252//2252 2251//2251 2253//2253
f 2251//2251 2252//2252 2250//2250
f 2254//2254 2253//2253 2255//2255
f 2253//2253 2254//2254 2252//2252
f 2256//2256 2255//2255 2257//2257
f 2255//2255 2256//2256 2254//2254
f 2259//2259 2256//2256 2257//2257
f 2256//2256 2259//2259 2258//2258
f 2261//2261 2258//2258 2259//2259
f 2258//2258 2261//2261 2260//2260
f 2263//2263 2260//2260 2261//2261
f 2260//2260 2263//2263 2262//2262
f 2265//2265 2262//2262 2263//2263
f 2262//2262 2265//2265 2264//2264
f 2267//2267 2264//2264 2265//2265
f 2264//2264 2267//2267 2266//2266
f 2269//2269 2266//2266 2267//2267
f 2266//2266 2269//2269 2268//2268
f 2270//2270 2269//2269 2271//2271
f 2269//2269 2270//2270 2268//2268
f 2272//2272 2271//2271 2273//2273
f 2271//2271 2272//2272 2270//2270
f 2274//2274 2273//2273 2275//2275
f 2273//2273 2274//2274 2272//2272
f 2276//2276 2275//2275 2277//2277
f 2275//2275 2276//2276 2274//2274
f 2278//2278 2277//2277 2279//2279
f 2277//2277 2278//2278 2276//2276
f 2239//2239 2279//2279 2238//2238
f 2279//2279 2239//2239 2278//2278
f 2241//2241 2280//2280 2281//2281
f 2280//2280 2241//2241 2240//2240
f 2282//2282 2281//2281 2283//2283
f 2243//2243 2281//2281 2282//2282
f 2243//2243 2241//2241 2281//2281
f 2243//2243 2116//2116 2241//2241
f 2243//2243 2115//2115 2116//2116
f 2245//2245 2115//2115 2243//2243
f 2245//2245 2090//2090 2115//2115
f 2245//2245 2067//2067 2090//2090
f 2246//2246 2067//2067 2245//2245
f 2246//2246 2046//2046 2067//2067
f 2248//2248 2046//2046 2246//2246
f 2248//2248 2027//2027 2046//2046
f 2250//2250 2027//2027 2248//2248
f 2250//2250 2010//2010 2027//2027
f 2250//2250 1995//1995 2010//2010
f 2252//2252 1995//1995 2250//2250
f 2252//2252 1982//1982 1995//1995
f 2254//2254 1982//1982 2252//2252
f 2254//2254 1971//1971 1982//1982
f 2254//2254 1962//1962 1971//1971
f 2256//2256 1962//1962 2254//2254
f 2256//2256 1955//1955 1962//1962
f 2258//2258 1955//1955 2256//2256
f 2258//2258 1951//1951 1955//1955
f 2258//2258 2266//2266 1951//1951
f 2258//2258 2264//2264 2266//2266
f 2260//2260 2264//2264 2258//2258
f 2264//2264 2260//2260 2262//2262
f 2091//2091 2241//2241 2116//2116
f 2091//2091 2239//2239 2241//2241
f 2068//2068 2239//2239 2091//2091
f 2048//2048 2239//2239 2068//2068
f 2048//2048 2278//2278 2239//2239
f 2029//2029 2278//2278 2048//2048
f 2029//2029 2276//2276 2278//2278
f 2012//2012 2276//2276 2029//2029
f 1997//1997 2276//2276 2012//2012
f 1997//1997 2274//2274 2276//2276
f 1984//1984 2274//2274 1997//1997
f 1984//1984 2272//2272 2274//2274
f 1973//1973 2272//2272 1984//1984
f 1973//1973 2270//2270 2272//2272
f 1963//1963 2270//2270 1973//1973
f 1956//1956 2270//2270 1963//1963
f 1956//1956 2268//2268 2270//2270
f 1950//1950 2268//2268 1956//1956
f 1950//1950 2266//2266 2268//2268
f 2266//2266 1950//1950 1951//1951
f 2282//2282 2242//2242 2243//2243
f 2242//2242 2282//2282 2284//2284
f 2238//2238 1777//1777 1819//1819
f 2238//2238 1680//1680 1777//1777
f 2279//2279 1680//1680 2238//2238
f 2279//2279 1527//1527 1680//1680
f 2279//2279 1364//1364 1527//1527
f 2277//2277 1364//1364 2279//2279
f 2277//2277 1258//1258 1364//1364
f 2277//2277 1098//1098 1258//1258
f 2275//2275 1098//1098 2277//2277
f 2275//2275 940//940 1098//1098
f 2273//2273 940//940 2275//2275
f 2273//2273 808//808 940//940
f 2273//2273 698//698 808//808
f 2271//2271 698//698 2273//2273
f 2271//2271 534//534 698//698
f 2271//2271 420//420 534//534
f 420//420 2269//2269 421//421
f 2269//2269 420//420 2271//2271
f 2280//2280 2284//2284 2285//2285
f 2280//2280 2242//2242 2284//2284
f 2240//2240 2242//2242 2280//2280
f 2240//2240 2244//2244 2242//2242
f 2238//2238 2244//2244 2240//2240
f 1819//1819 2244//2244 2238//2238
f 1817//1817 2244//2244 1819//1819
f 1755//1755 2244//2244 1817//1817
f 1755//1755 2247//2247 2244//2244
f 1602//1602 2247//2247 1755//1755
f 1435//1435 2247//2247 1602//1602
f 1435//1435 2249//2249 2247//2247
f 1278//1278 2249//2249 1435//1435
f 1278//1278 2251//2251 2249//2249
f 1173//1173 2251//2251 1278//1278
f 1043//1043 2251//2251 1173//1173
f 1043//1043 2253//2253 2251//2251
f 869//869 2253//2253 1043//1043
f 771//771 2253//2253 869//869
f 771//771 2255//2255 2253//2253
f 605//605 2255//2255 771//771
f 470//470 2255//2255 605//605
f 470//470 2257//2257 2255//2255
f 421//421 2257//2257 470//470
f 2269//2269 2257//2257 421//421
f 2267//2267 2257//2257 2269//2269
f 2267//2267 2259//2259 2257//2257
f 2265//2265 2259//2259 2267//2267
f 2265//2265 2261//2261 2259//2259
f 2261//2261 2265//2265 2263//2263
f 2281//2281 2285//2285 2283//2283
f 2285//2285 2281//2281 2280//2280
f 2283//2283 2284//2284 2282//2282
f 2284//2284 2283//2283 2285//2285
f 3//3 2//2 1//1
f 3//3 1//1 4//4
f 3//3 5//5 2//2
f 7//7 1//1 2//2
f 1//1 7//7 6//6
f 1//1 8//8 4//4
f 8//8 1//1 6//6
f 3//3 4//4 9//9
f 3//3 10//10 5//5
f 11//11 2//2 5//5
f 2//2 11//11 7//7
f 13//13 6//6 7//7
f 6//6 13//13 12//12
f 6//6 14//14 8//8
f 14//14 6//6 12//12
f 4//4 15//15 9//9
f 15//15 4//4 8//8
f 3//3 9//9 16//16
f 3//3 17//17 10//10
f 18//18 5//5 10//10
f 5//5 18//18 11//11
f 19//19 7//7 11//11
f 7//7 19//19 13//13
f 21//21 12//12 13//13
f 12//12 21//21 20//20
f 12//12 22//22 14//14
f 22//22 12//12 20//20
f 8//8 23//23 15//15
f 23//23 8//8 14//14
f 9//9 24//24 16//16
f 24//24 9//9 15//15
f 3//3 16//16 25//25
f 3//3 26//26 17//17
f 27//27 10//10 17//17
f 10//10 27//27 18//18
f 28//28 11//11 18//18
f 11//11 28//28 19//19
f 29//29 13//13 19//19
f 13//13 29//29 21//21
f 31//31 20//20 21//21
f 20//20 31//31 30//30
f 20//20 32//32 22//22
f 32//32 20//20 30//30
f 14//14 33//33 23//23
f 33//33 14//14 22//22
f 15//15 34//34 24//24
f 34//34 15//15 23//23
f 16//16 35//35 25//25
f 35//35 16//16 24//24
f 3//3 25//25 36//36
f 3//3 37//37 26//26
f 38//38 17//17 26//26
f 17//17 38//38 27//27
f 39//39 18//18 27//27
f 18//18 39//39 28//28
f 40//40 19//19 28//28
f 19//19 40//40 29//29
f 41//41 21//21 29//29
f 21//21 41//41 31//31
f 43//43 30//30 31//31
f 30//30 43//43 42//42
f 30//30 44//44 32//32
f 44//44 30//30 42//42
f 22//22 45//45 33//33
f 45//45 22//22 32//32
f 23//23 46//46 34//34
f 46//46 23//23 33//33
f 24//24 47//47 35//35
f 47//47 24//24 34//34
f 25//25 48//48 36//36
f 48//48 25//25 35//35
f 3//3 36//36 49//49
f 50//50 37//37 3//3
f 51//51 26//26 37//37
f 26//26 51//51 38//38
f 52//52 27//27 38//38
f 27//27 52//52 39//39
f 53//53 28//28 39//39
f 28//28 53//53 40//40
f 54//54 29//29 40//40
f 29//29 54//54 41//41
f 55//55 31//31 41//41
f 31//31 55//55 43//43
f 57//57 58//58 59//59
f 58//58 57//57 56//56
f 61//61 56//56 57//57
f 56//56 61//61 60//60
f 60//60 62//62 63//63
f 62//62 60//60 61//61
f 63//63 64//64 65//65
f 64//64 63//63 62//62
f 65//65 66//66 67//67
f 66//66 65//65 64//64
f 67//67 68//68 69//69
f 68//68 67//67 66//66
f 69//69 70//70 71//71
f 70//70 69//69 68//68
f 71//71 72//72 73//73
f 72//72 71//71 70//70
f 73//73 74//74 75//75
f 74//74 73//73 72//72
f 75//75 76//76 77//77
f 76//76 75//75 74//74
f 77//77 78//78 79//79
f 78//78 77//77 76//76
f 81//81 80//80 82//82
f 79//79 80//80 81//81
f 80//80 79//79 78//78
f 84//84 85//85 86//86
f 85//85 84//84 83//83
f 86//86 87//87 88//88
f 87//87 86//86 85//85
f 89//89 87//87 90//90
f 87//87 89//89 88//88
f 91//91 90//90 92//92
f 90//90 91//91 89//89
f 93//93 92//92 94//94
f 92//92 93//93 91//91
f 95//95 94//94 96//96
f 94//94 95//95 93//93
f 97//97 96//96 98//98
f 96//96 97//97 95//95
f 99//99 98//98 100//100
f 98//98 99//99 97//97
f 102//102 99//99 100//100
f 99//99 102//102 101//101
f 104//104 101//101 102//102
f 101//101 104//104 103//103
f 82//82 103//103 104//104
f 103//103 82//82 80//80
f 81//81 105//105 106//106
f 105//105 81//81 82//82
f 108//108 42//42 43//43
f 42//42 108//108 107//107
f 42//42 109//109 44//44
f 109//109 42//42 107//107
f 32//32 110//110 45//45
f 110//110 32//32 44//44
f 33//33 111//111 46//46
f 111//111 33//33 45//45
f 34//34 112//112 47//47
f 112//112 34//34 46//46
f 35//35 113//113 48//48
f 113//113 35//35 47//47
f 36//36 114//114 49//49
f 114//114 36//36 48//48
f 115//115 3//3 49//49
f 116//116 50//50 3//3
f 51//51 50//50 117//117
f 50//50 51//51 37//37
f 118//118 38//38 51//51
f 38//38 118//118 52//52
f 119//119 39//39 52//52
f 39//39 119//119 53//53
f 120//120 40//40 53//53
f 40//40 120//120 54//54
f 121//121 41//41 54//54
f 41//41 121//121 55//55
f 122//122 43//43 55//55
f 43//43 122//122 108//108
f 124//124 125//125 126//126
f 125//125 124//124 123//123
f 59//59 127//127 128//128
f 127//127 59//59 58//58
f 84//84 128//128 129//129
f 84//84 59//59 128//128
f 86//86 59//59 84//84
f 86//86 57//57 59//59
f 88//88 57//57 86//86
f 88//88 61//61 57//57
f 89//89 61//61 88//88
f 89//89 62//62 61//61
f 91//91 62//62 89//89
f 91//91 64//64 62//62
f 93//93 64//64 91//91
f 93//93 66//66 64//64
f 95//95 66//66 93//93
f 95//95 68//68 66//66
f 97//97 68//68 95//95
f 97//97 70//70 68//68
f 99//99 70//70 97//97
f 99//99 72//72 70//70
f 101//101 72//72 99//99
f 101//101 74//74 72//72
f 103//103 74//74 101//101
f 103//103 76//76 74//74
f 80//80 76//76 103//103
f 76//76 80//80 78//78
f 129//129 83//83 84//84
f 83//83 129//129 130//130
f 131//131 83//83 130//130
f 131//131 85//85 83//83
f 131//131 87//87 85//85
f 131//131 90//90 87//87
f 131//131 92//92 90//90
f 131//131 94//94 92//92
f 131//131 96//96 94//94
f 131//131 98//98 96//96
f 131//131 100//100 98//98
f 131//131 102//102 100//100
f 105//105 102//102 131//131
f 105//105 104//104 102//102
f 104//104 105//105 82//82
f 106//106 131//131 132//132
f 131//131 106//106 105//105
f 134//134 107//107 108//108
f 107//107 134//134 133//133
f 107//107 135//135 109//109
f 135//135 107//107 133//133
f 44//44 136//136 110//110
f 136//136 44//44 109//109
f 45//45 137//137 111//111
f 137//137 45//45 110//110
f 46//46 138//138 112//112
f 138//138 46//46 111//111
f 47//47 139//139 113//113
f 139//139 47//47 112//112
f 48//48 140//140 114//114
f 140//140 48//48 113//113
f 115//115 114//114 141//141
f 114//114 115//115 49//49
f 142//142 3//3 115//115
f 143//143 116//116 3//3
f 117//117 116//116 144//144
f 116//116 117//117 50//50
f 118//118 117//117 145//145
f 117//117 118//118 51//51
f 146//146 52//52 118//118
f 52//52 146//146 119//119
f 147//147 53//53 119//119
f 53//53 147//147 120//120
f 148//148 54//54 120//120
f 54//54 148//148 121//121
f 149//149 55//55 121//121
f 55//55 149//149 122//122
f 151//151 123//123 124//124
f 123//123 151//151 150//150
f 172//172 173//173 174//174
f 172//172 171//171 173//173
f 170//170 171//171 172//172
f 170//170 169//169 171//171
f 168//168 169//169 170//170
f 168//168 167//167 169//169
f 166//166 167//167 168//168
f 166//166 165//165 167//167
f 164//164 165//165 166//166
f 164//164 163//163 165//165
f 162//162 163//163 164//164
f 162//162 161//161 163//163
f 160//160 161//161 162//162
f 160//160 159//159 161//161
f 158//158 159//159 160//160
f 158//158 157//157 159//159
f 156//156 157//157 158//158
f 156//156 155//155 157//157
f 154//154 155//155 156//156
f 154//154 150//150 155//155
f 153//153 150//150 154//154
f 153//153 123//123 150//150
f 152//152 123//123 153//153
f 123//123 152//152 125//125
f 175//175 108//108 122//122
f 108//108 175//175 134//134
f 177//177 178//178 179//179
f 178//178 177//177 176//176
f 179//179 180//180 181//181
f 180//180 179//179 178//178
f 181//181 182//182 183//183
f 182//182 181//181 180//180
f 184//184 182//182 185//185
f 182//182 184//184 183//183
f 186//186 185//185 187//187
f 185//185 186//186 184//184
f 188//188 187//187 189//189
f 187//187 188//188 186//186
f 190//190 189//189 191//191
f 189//189 190//190 188//188
f 193//193 190//190 191//191
f 190//190 193//193 192//192
f 195//195 192//192 193//193
f 192//192 195//195 194//194
f 197//197 194//194 195//195
f 194//194 197//197 196//196
f 199//199 196//196 197//197
f 196//196 199//199 198//198
f 174//174 201//201 172//172
f 201//201 174//174 200//200
f 172//172 202//202 170//170
f 202//202 172//172 201//201
f 168//168 202//202 203//203
f 202//202 168//168 170//170
f 166//166 203//203 204//204
f 203//203 166//166 168//168
f 164//164 204//204 205//205
f 204//204 164//164 166//166
f 162//162 205//205 206//206
f 205//205 162//162 164//164
f 160//160 206//206 207//207
f 206//206 160//160 162//162
f 158//158 207//207 208//208
f 207//207 158//158 160//160
f 156//156 208//208 209//209
f 208//208 156//156 158//158
f 154//154 209//209 210//210
f 209//209 154//154 156//156
f 211//211 154//154 210//210
f 154//154 211//211 153//153
f 212//212 153//153 211//211
f 153//153 212//212 152//152
f 213//213 152//152 212//212
f 127//127 152//152 213//213
f 126//126 152//152 127//127
f 152//152 126//126 125//125
f 129//129 214//214 130//130
f 129//129 213//213 214//214
f 128//128 213//213 129//129
f 213//213 128//128 127//127
f 130//130 132//132 131//131
f 132//132 130//130 214//214
f 174//174 216//216 200//200
f 173//173 216//216 174//174
f 216//216 173//173 215//215
f 218//218 133//133 134//134
f 133//133 218//218 217//217
f 177//177 231//231 232//232
f 177//177 230//230 231//231
f 179//179 230//230 177//177
f 179//179 229//229 230//230
f 181//181 229//229 179//179
f 181//181 228//228 229//229
f 183//183 228//228 181//181
f 183//183 227//227 228//228
f 184//184 227//227 183//183
f 184//184 226//226 227//227
f 186//186 226//226 184//184
f 186//186 225//225 226//226
f 188//188 225//225 186//186
f 188//188 224//224 225//225
f 190//190 224//224 188//188
f 190//190 223//223 224//224
f 192//192 223//223 190//190
f 192//192 222//222 223//223
f 194//194 222//222 192//192
f 194//194 221//221 222//222
f 196//196 221//221 194//194
f 196//196 220//220 221//221
f 198//198 220//220 196//196
f 220//220 198//198 219//219
f 232//232 176//176 177//177
f 176//176 232//232 233//233
f 133//133 234//234 135//135
f 234//234 133//133 217//217
f 109//109 235//235 136//136
f 235//235 109//109 135//135
f 110//110 236//236 137//137
f 236//236 110//110 136//136
f 111//111 237//237 138//138
f 237//237 111//111 137//137
f 112//112 238//238 139//139
f 238//238 112//112 138//138
f 113//113 239//239 140//140
f 239//239 113//113 139//139
f 141//141 140//140 240//240
f 140//140 141//141 114//114
f 142//142 141//141 241//241
f 141//141 142//142 115//115
f 242//242 3//3 142//142
f 243//243 143//143 3//3
f 144//144 143//143 244//244
f 143//143 144//144 116//116
f 145//145 144//144 245//245
f 144//144 145//145 117//117
f 246//246 118//118 145//145
f 118//118 246//246 146//146
f 247//247 119//119 146//146
f 119//119 247//247 147//147
f 248//248 120//120 147//147
f 120//120 248//248 148//148
f 249//249 121//121 148//148
f 121//121 249//249 149//149
f 250//250 122//122 149//149
f 122//122 250//250 175//175
f 252//252 150//150 151//151
f 251//251 150//150 252//252
f 150//150 251//251 155//155
f 253//253 155//155 251//251
f 155//155 253//253 157//157
f 254//254 157//157 253//253
f 157//157 254//254 159//159
f 255//255 159//159 254//254
f 159//159 255//255 161//161
f 256//256 161//161 255//255
f 161//161 256//256 163//163
f 257//257 163//163 256//256
f 163//163 257//257 165//165
f 258//258 165//165 257//257
f 165//165 258//258 167//167
f 259//259 167//167 258//258
f 167//167 259//259 169//169
f 169//169 260//260 171//171
f 260//260 169//169 259//259
f 173//173 261//261 215//215
f 171//171 261//261 173//173
f 261//261 171//171 260//260
f 262//262 215//215 261//261
f 215//215 262//262 199//199
f 262//262 198//198 199//199
f 263//263 198//198 262//262
f 198//198 263//263 219//219
f 264//264 219//219 263//263
f 219//219 264//264 220//220
f 265//265 220//220 264//264
f 220//220 265//265 221//221
f 266//266 221//221 265//265
f 221//221 266//266 222//222
f 267//267 222//222 266//266
f 222//222 267//267 223//223
f 268//268 223//223 267//267
f 223//223 268//268 224//224
f 269//269 224//224 268//268
f 224//224 269//269 225//225
f 270//270 225//225 269//269
f 225//225 270//270 226//226
f 271//271 226//226 270//270
f 226//226 271//271 227//227
f 227//227 272//272 228//228
f 272//272 227//227 271//271
f 228//228 273//273 229//229
f 273//273 228//228 272//272
f 229//229 274//274 230//230
f 274//274 229//229 273//273
f 230//230 275//275 231//231
f 275//275 230//230 274//274
f 276//276 134//134 175//175
f 134//134 276//276 218//218
f 278//278 176//176 233//233
f 278//278 178//178 176//176
f 278//278 180//180 178//178
f 278//278 182//182 180//180
f 278//278 185//185 182//182
f 278//278 187//187 185//185
f 278//278 189//189 187//187
f 278//278 191//191 189//189
f 278//278 193//193 191//191
f 278//278 195//195 193//193
f 277//277 195//195 278//278
f 277//277 197//197 195//195
f 216//216 197//197 277//277
f 215//215 197//197 216//216
f 197//197 215//215 199//199
f 280//280 201//201 200//200
f 280//280 202//202 201//201
f 280//280 203//203 202//202
f 280//280 204//204 203//203
f 280//280 205//205 204//204
f 280//280 206//206 205//205
f 280//280 207//207 206//206
f 280//280 208//208 207//207
f 280//280 209//209 208//208
f 280//280 210//210 209//209
f 279//279 210//210 280//280
f 279//279 211//211 210//210
f 211//211 279//279 212//212
f 214//214 279//279 132//132
f 213//213 279//279 214//214
f 279//279 213//213 212//212
f 280//280 277//277 281//281
f 200//200 277//277 280//280
f 277//277 200//200 216//216
f 282//282 277//277 281//281
f 277//277 282//282 216//216
f 261//261 216//216 282//282
f 216//216 261//261 215//215
f 284//284 217//217 218//218
f 217//217 284//284 283//283
f 286//286 287//287 288//288
f 287//287 286//286 285//285
f 286//286 290//290 285//285
f 290//290 286//286 289//289
f 289//289 292//292 290//290
f 292//292 289//289 291//291
f 291//291 294//294 292//292
f 294//294 291//291 293//293
f 293//293 296//296 294//294
f 296//296 293//293 295//295
f 295//295 298//298 296//296
f 298//298 295//295 297//297
f 297//297 300//300 298//298
f 300//300 297//297 299//299
f 299//299 302//302 300//300
f 302//302 299//299 301//301
f 301//301 304//304 302//302
f 304//304 301//301 303//303
f 304//304 305//305 306//306
f 305//305 304//304 303//303
f 306//306 307//307 308//308
f 307//307 306//306 305//305
f 310//310 309//309 311//311
f 308//308 309//309 310//310
f 309//309 308//308 307//307
f 313//313 314//314 315//315
f 314//314 313//313 312//312
f 317//317 315//315 314//314
f 315//315 317//317 316//316
f 319//319 316//316 317//317
f 316//316 319//319 318//318
f 321//321 318//318 319//319
f 318//318 321//321 320//320
f 323//323 320//320 321//321
f 320//320 323//323 322//322
f 325//325 322//322 323//323
f 322//322 325//325 324//324
f 327//327 324//324 325//325
f 324//324 327//327 326//326
f 329//329 326//326 327//327
f 326//326 329//329 328//328
f 331//331 328//328 329//329
f 328//328 331//331 330//330
f 333//333 330//330 331//331
f 330//330 333//333 332//332
f 311//311 332//332 333//333
f 332//332 311//311 309//309
f 310//310 334//334 335//335
f 334//334 310//310 311//311
f 337//337 338//338 339//339
f 338//338 337//337 336//336
f 339//339 340//340 341//341
f 340//340 339//339 338//338
f 343//343 341//341 340//340
f 341//341 343//343 342//342
f 345//345 342//342 343//343
f 342//342 345//345 344//344
f 347//347 344//344 345//345
f 344//344 347//347 346//346
f 349//349 346//346 347//347
f 346//346 349//349 348//348
f 351//351 348//348 349//349
f 348//348 351//351 350//350
f 353//353 350//350 351//351
f 350//350 353//353 352//352
f 355//355 352//352 353//353
f 352//352 355//355 354//354
f 357//357 354//354 355//355
f 354//354 357//357 356//356
f 359//359 356//356 357//357
f 356//356 359//359 358//358
f 232//232 360//360 233//233
f 231//231 360//360 232//232
f 360//360 231//231 275//275
f 233//233 361//361 278//278
f 361//361 233//233 360//360
f 217//217 362//362 234//234
f 362//362 217//217 283//283
f 135//135 363//363 235//235
f 363//363 135//135 234//234
f 136//136 364//364 236//236
f 364//364 136//136 235//235
f 137//137 365//365 237//237
f 365//365 137//137 236//236
f 138//138 366//366 238//238
f 366//366 138//138 237//237
f 139//139 367//367 239//239
f 367//367 139//139 238//238
f 240//240 239//239 368//368
f 239//239 240//240 140//140
f 241//241 240//240 369//369
f 240//240 241//241 141//141
f 242//242 241//241 370//370
f 241//241 242//242 142//142
f 371//371 3//3 242//242
f 372//372 243//243 3//3
f 244//244 243//243 373//373
f 243//243 244//244 143//143
f 245//245 244//244 374//374
f 244//244 245//245 144//144
f 246//246 245//245 375//375
f 245//245 246//246 145//145
f 247//247 246//246 376//376
f 246//246 247//247 146//146
f 377//377 147//147 247//247
f 147//147 377//377 248//248
f 378//378 148//148 248//248
f 148//148 378//378 249//249
f 379//379 149//149 249//249
f 149//149 379//379 250//250
f 381//381 382//382 383//383
f 382//382 381//381 380//380
f 383//383 384//384 385//385
f 384//384 383//383 382//382
f 385//385 386//386 387//387
f 386//386 385//385 384//384
f 388//388 386//386 389//389
f 386//386 388//388 387//387
f 390//390 389//389 391//391
f 389//389 390//390 388//388
f 392//392 391//391 393//393
f 391//391 392//392 390//390
f 394//394 393//393 395//395
f 393//393 394//394 392//392
f 396//396 395//395 397//397
f 395//395 396//396 394//394
f 398//398 397//397 399//399
f 397//397 398//398 396//396
f 401//401 398//398 399//399
f 398//398 401//401 400//400
f 403//403 400//400 401//401
f 400//400 403//403 402//402
f 405//405 402//402 403//403
f 402//402 405//405 404//404
f 383//383 418//418 381//381
f 383//383 417//417 418//418
f 385//385 417//417 383//383
f 385//385 416//416 417//417
f 387//387 416//416 385//385
f 387//387 415//415 416//416
f 388//388 415//415 387//387
f 388//388 414//414 415//415
f 390//390 414//414 388//388
f 390//390 413//413 414//414
f 392//392 413//413 390//390
f 392//392 412//412 413//413
f 394//394 412//412 392//392
f 394//394 411//411 412//412
f 396//396 411//411 394//394
f 396//396 410//410 411//411
f 398//398 410//410 396//396
f 398//398 409//409 410//410
f 400//400 409//409 398//398
f 400//400 408//408 409//409
f 402//402 408//408 400//400
f 402//402 407//407 408//408
f 404//404 407//407 402//402
f 407//407 404//404 406//406
f 419//419 175//175 250//250
f 175//175 419//419 276//276
f 262//262 260//260 263//263
f 260//260 262//262 261//261
f 274//274 421//421 275//275
f 273//273 421//421 274//274
f 272//272 421//421 273//273
f 271//271 421//421 272//272
f 270//270 421//421 271//271
f 269//269 421//421 270//270
f 268//268 421//421 269//269
f 267//267 421//421 268//268
f 266//266 421//421 267//267
f 265//265 421//421 266//266
f 264//264 421//421 265//265
f 263//263 421//421 264//264
f 259//259 263//263 260//260
f 259//259 421//421 263//263
f 258//258 421//421 259//259
f 257//257 421//421 258//258
f 256//256 421//421 257//257
f 255//255 421//421 256//256
f 254//254 421//421 255//255
f 253//253 421//421 254//254
f 251//251 421//421 253//253
f 252//252 421//421 251//251
f 421//421 252//252 420//420
f 381//381 423//423 380//380
f 418//418 423//423 381//381
f 423//423 418//418 422//422
f 424//424 218//218 276//276
f 218//218 424//424 284//284
f 281//281 278//278 361//361
f 278//278 281//281 277//277
f 361//361 275//275 360//360
f 361//361 274//274 275//275
f 361//361 273//273 274//274
f 361//361 272//272 273//273
f 361//361 271//271 272//272
f 361//361 270//270 271//271
f 361//361 269//269 270//270
f 361//361 268//268 269//269
f 361//361 267//267 268//268
f 361//361 266//266 267//267
f 361//361 265//265 266//266
f 361//361 264//264 265//265
f 281//281 264//264 361//361
f 282//282 264//264 281//281
f 261//261 264//264 282//282
f 262//262 264//264 261//261
f 264//264 262//262 263//263
f 425//425 280//280 281//281
f 132//132 280//280 425//425
f 280//280 132//132 279//279
f 281//281 261//261 282//282
f 281//281 260//260 261//261
f 281//281 259//259 260//260
f 281//281 258//258 259//259
f 281//281 257//257 258//258
f 281//281 256//256 257//257
f 281//281 255//255 256//256
f 281//281 254//254 255//255
f 281//281 253//253 254//254
f 281//281 251//251 253//253
f 281//281 252//252 251//251
f 252//252 281//281 425//425
f 427//427 283//283 284//284
f 283//283 427//427 426//426
f 429//429 430//430 431//431
f 430//430 429//429 428//428
f 288//288 432//432 433//433
f 432//432 288//288 287//287
f 313//313 433//433 434//434
f 313//313 288//288 433//433
f 315//315 288//288 313//313
f 315//315 286//286 288//288
f 316//316 286//286 315//315
f 316//316 289//289 286//286
f 318//318 289//289 316//316
f 318//318 291//291 289//289
f 320//320 291//291 318//318
f 320//320 293//293 291//291
f 322//322 293//293 320//320
f 322//322 295//295 293//293
f 324//324 295//295 322//322
f 324//324 297//297 295//295
f 326//326 297//297 324//324
f 326//326 299//299 297//297
f 328//328 299//299 326//326
f 328//328 301//301 299//299
f 330//330 301//301 328//328
f 330//330 303//303 301//301
f 332//332 303//303 330//330
f 332//332 305//305 303//303
f 309//309 305//305 332//332
f 305//305 309//309 307//307
f 434//434 312//312 313//313
f 312//312 434//434 435//435
f 436//436 312//312 435//435
f 436//436 314//314 312//312
f 436//436 317//317 314//314
f 436//436 319//319 317//317
f 436//436 321//321 319//319
f 436//436 323//323 321//321
f 436//436 325//325 323//323
f 436//436 327//327 325//325
f 436//436 329//329 327//327
f 436//436 331//331 329//329
f 334//334 331//331 436//436
f 334//334 333//333 331//331
f 333//333 334//334 311//311
f 437//437 334//334 436//436
f 334//334 437//437 335//335
f 337//337 450//450 451//451
f 337//337 449//449 450//450
f 339//339 449//449 337//337
f 339//339 448//448 449//449
f 341//341 448//448 339//339
f 341//341 447//447 448//448
f 342//342 447//447 341//341
f 342//342 446//446 447//447
f 344//344 446//446 342//342
f 344//344 445//445 446//446
f 346//346 445//445 344//344
f 346//346 444//444 445//445
f 348//348 444//444 346//346
f 348//348 443//443 444//444
f 350//350 443//443 348//348
f 350//350 442//442 443//443
f 352//352 442//442 350//350
f 352//352 441//441 442//442
f 354//354 441//441 352//352
f 354//354 440//440 441//441
f 356//356 440//440 354//354
f 356//356 439//439 440//440
f 358//358 439//439 356//356
f 439//439 358//358 438//438
f 451//451 336//336 337//337
f 336//336 451//451 452//452
f 454//454 336//336 452//452
f 454//454 338//338 336//336
f 454//454 340//340 338//338
f 454//454 343//343 340//340
f 454//454 345//345 343//343
f 454//454 347//347 345//345
f 454//454 349//349 347//347
f 454//454 351//351 349//349
f 454//454 353//353 351//351
f 454//454 355//355 353//353
f 453//453 355//355 454//454
f 453//453 357//357 355//355
f 357//357 453//453 359//359
f 455//455 453//453 456//456
f 453//453 455//455 359//359
f 455//455 358//358 359//359
f 457//457 358//358 455//455
f 358//358 457//457 438//438
f 458//458 438//438 457//457
f 438//438 458//458 439//439
f 459//459 439//439 458//458
f 439//439 459//459 440//440
f 460//460 440//440 459//459
f 440//440 460//460 441//441
f 442//442 460//460 461//461
f 460//460 442//442 441//441
f 443//443 461//461 462//462
f 461//461 443//443 442//442
f 444//444 462//462 463//463
f 462//462 444//444 443//443
f 445//445 463//463 464//464
f 463//463 445//445 444//444
f 446//446 464//464 465//465
f 464//464 446//446 445//445
f 447//447 465//465 466//466
f 465//465 447//447 446//446
f 447//447 467//467 448//448
f 467//467 447//447 466//466
f 448//448 468//468 449//449
f 468//468 448//448 467//467
f 449//449 469//469 450//450
f 469//469 449//449 468//468
f 471//471 360//360 470//470
f 360//360 471//471 361//361
f 275//275 470//470 360//360
f 470//470 275//275 421//421
f 283//283 472//472 362//362
f 472//472 283//283 426//426
f 234//234 473//473 363//363
f 473//473 234//234 362//362
f 235//235 474//474 364//364
f 474//474 235//235 363//363
f 236//236 475//475 365//365
f 475//475 236//236 364//364
f 237//237 476//476 366//366
f 476//476 237//237 365//365
f 238//238 477//477 367//367
f 477//477 238//238 366//366
f 239//239 478//478 368//368
f 478//478 239//239 367//367
f 369//369 368//368 479//479
f 368//368 369//369 240//240
f 370//370 369//369 480//480
f 369//369 370//370 241//241
f 371//371 370//370 481//481
f 370//370 371//371 242//242
f 482//482 3//3 371//371
f 483//483 372//372 3//3
f 373//373 372//372 484//484
f 372//372 373//373 243//243
f 374//374 373//373 485//485
f 373//373 374//374 244//244
f 375//375 374//374 486//486
f 374//374 375//375 245//245
f 376//376 375//375 487//487
f 375//375 376//376 246//246
f 488//488 247//247 376//376
f 247//247 488//488 377//377
f 489//489 248//248 377//377
f 248//248 489//489 378//378
f 490//490 249//249 378//378
f 249//249 490//490 379//379
f 492//492 493//493 494//494
f 493//493 492//492 491//491
f 496//496 491//491 492//492
f 491//491 496//496 495//495
f 498//498 495//495 496//496
f 495//495 498//498 497//497
f 499//499 498//498 500//500
f 498//498 499//499 497//497
f 501//501 500//500 502//502
f 500//500 501//501 499//499
f 503//503 502//502 504//504
f 502//502 503//503 501//501
f 505//505 504//504 506//506
f 504//504 505//505 503//503
f 507//507 506//506 508//508
f 506//506 507//507 505//505
f 509//509 508//508 510//510
f 508//508 509//509 507//507
f 512//512 509//509 510//510
f 509//509 512//512 511//511
f 514//514 511//511 512//512
f 511//511 514//514 513//513
f 515//515 250//250 379//379
f 250//250 515//515 419//419
f 517//517 382//382 380//380
f 517//517 384//384 382//382
f 517//517 386//386 384//384
f 517//517 389//389 386//386
f 517//517 391//391 389//389
f 517//517 393//393 391//391
f 517//517 395//395 393//393
f 517//517 397//397 395//395
f 517//517 399//399 397//397
f 517//517 401//401 399//399
f 516//516 401//401 517//517
f 516//516 403//403 401//401
f 403//403 516//516 405//405
f 380//380 518//518 517//517
f 518//518 380//380 423//423
f 519//519 516//516 520//520
f 516//516 519//519 405//405
f 519//519 404//404 405//405
f 521//521 404//404 519//519
f 404//404 521//521 406//406
f 522//522 406//406 521//521
f 406//406 522//522 407//407
f 523//523 407//407 522//522
f 407//407 523//523 408//408
f 524//524 408//408 523//523
f 408//408 524//524 409//409
f 525//525 409//409 524//524
f 409//409 525//525 410//410
f 526//526 410//410 525//525
f 410//410 526//526 411//411
f 527//527 411//411 526//526
f 411//411 527//527 412//412
f 528//528 412//412 527//527
f 412//412 528//528 413//413
f 529//529 413//413 528//528
f 413//413 529//529 414//414
f 530//530 414//414 529//529
f 414//414 530//530 415//415
f 415//415 531//531 416//416
f 531//531 415//415 530//530
f 416//416 532//532 417//417
f 532//532 416//416 531//531
f 417//417 422//422 418//418
f 422//422 417//417 532//532
f 533//533 276//276 419//419
f 276//276 533//533 424//424
f 425//425 420//420 252//252
f 106//106 420//420 425//425
f 518//518 420//420 106//106
f 518//518 534//534 420//420
f 423//423 534//534 518//518
f 534//534 423//423 422//422
f 535//535 284//284 424//424
f 284//284 535//535 427//427
f 426//426 281//281 361//361
f 427//427 281//281 426//426
f 281//281 427//427 425//425
f 431//431 536//536 537//537
f 536//536 431//431 430//430
f 559//559 558//558 560//560
f 557//557 558//558 559//559
f 557//557 556//556 558//558
f 555//555 556//556 557//557
f 555//555 554//554 556//556
f 553//553 554//554 555//555
f 553//553 552//552 554//554
f 551//551 552//552 553//553
f 551//551 550//550 552//552
f 549//549 550//550 551//551
f 549//549 548//548 550//550
f 429//429 548//548 549//549
f 429//429 547//547 548//548
f 431//431 547//547 429//429
f 431//431 546//546 547//547
f 537//537 546//546 431//431
f 537//537 545//545 546//546
f 544//544 545//545 537//537
f 544//544 543//543 545//545
f 542//542 543//543 544//544
f 542//542 541//541 543//543
f 539//539 541//541 542//542
f 539//539 540//540 541//541
f 540//540 539//539 538//538
f 562//562 563//563 564//564
f 563//563 562//562 561//561
f 566//566 563//563 561//561
f 563//563 566//566 565//565
f 568//568 565//565 566//566
f 565//565 568//568 567//567
f 570//570 567//567 568//568
f 567//567 570//570 569//569
f 572//572 569//569 570//570
f 569//569 572//572 571//571
f 574//574 571//571 572//572
f 571//571 574//574 573//573
f 576//576 573//573 574//574
f 573//573 576//576 575//575
f 578//578 575//575 576//576
f 575//575 578//578 577//577
f 580//580 577//577 578//578
f 577//577 580//580 579//579
f 580//580 582//582 579//579
f 582//582 580//580 581//581
f 584//584 550//550 548//548
f 550//550 584//584 583//583
f 583//583 552//552 550//550
f 552//552 583//583 585//585
f 586//586 552//552 585//585
f 552//552 586//586 554//554
f 587//587 554//554 586//586
f 554//554 587//587 556//556
f 588//588 556//556 587//587
f 556//556 588//588 558//558
f 589//589 558//558 588//588
f 558//558 589//589 560//560
f 590//590 560//560 589//589
f 560//560 590//590 559//559
f 591//591 559//559 590//590
f 559//559 591//591 557//557
f 592//592 557//557 591//591
f 557//557 592//592 555//555
f 593//593 555//555 592//592
f 555//555 593//593 553//553
f 593//593 551//551 553//553
f 551//551 593//593 594//594
f 594//594 549//549 551//551
f 549//549 594//594 595//595
f 595//595 429//429 549//549
f 596//596 429//429 595//595
f 596//596 428//428 429//429
f 428//428 596//596 432//432
f 434//434 597//597 435//435
f 434//434 596//596 597//597
f 433//433 596//596 434//434
f 596//596 433//433 432//432
f 435//435 437//437 436//436
f 437//437 435//435 597//597
f 582//582 599//599 600//600
f 581//581 599//599 582//582
f 599//599 581//581 598//598
f 599//599 602//602 600//600
f 602//602 599//599 601//601
f 451//451 603//603 452//452
f 450//450 603//603 451//451
f 603//603 450//450 469//469
f 452//452 604//604 454//454
f 604//604 452//452 603//603
f 604//604 453//453 454//454
f 453//453 604//604 456//456
f 604//604 469//469 603//603
f 604//604 468//468 469//469
f 604//604 467//467 468//468
f 604//604 466//466 467//467
f 604//604 465//465 466//466
f 604//604 464//464 465//465
f 604//604 463//463 464//464
f 604//604 462//462 463//463
f 604//604 461//461 462//462
f 604//604 460//460 461//461
f 604//604 459//459 460//460
f 604//604 458//458 459//459
f 456//456 458//458 604//604
f 455//455 458//458 456//456
f 458//458 455//455 457//457
f 456//456 457//457 455//455
f 457//457 456//456 471//471
f 468//468 605//605 469//469
f 467//467 605//605 468//468
f 466//466 605//605 467//467
f 465//465 605//605 466//466
f 464//464 605//605 465//465
f 463//463 605//605 464//464
f 462//462 605//605 463//463
f 461//461 605//605 462//462
f 460//460 605//605 461//461
f 459//459 605//605 460//460
f 458//458 605//605 459//459
f 457//457 605//605 458//458
f 471//471 605//605 457//457
f 605//605 471//471 470//470
f 472//472 361//361 471//471
f 361//361 472//472 426//426
f 362//362 606//606 473//473
f 606//606 362//362 472//472
f 363//363 607//607 474//474
f 607//607 363//363 473//473
f 364//364 608//608 475//475
f 608//608 364//364 474//474
f 365//365 609//609 476//476
f 609//609 365//365 475//475
f 366//366 610//610 477//477
f 610//610 366//366 476//476
f 367//367 611//611 478//478
f 611//611 367//367 477//477
f 479//479 478//478 612//612
f 478//478 479//479 368//368
f 480//480 479//479 613//613
f 479//479 480//480 369//369
f 481//481 480//480 614//614
f 480//480 481//481 370//370
f 482//482 481//481 615//615
f 481//481 482//482 371//371
f 483//483 3//3 482//482
f 484//484 483//483 616//616
f 483//483 484//484 372//372
f 485//485 484//484 617//617
f 484//484 485//485 373//373
f 486//486 485//485 618//618
f 485//485 486//486 374//374
f 487//487 486//486 619//619
f 486//486 487//487 375//375
f 488//488 487//487 620//620
f 487//487 488//488 376//376
f 621//621 377//377 488//488
f 377//377 621//621 489//489
f 622//622 378//378 489//489
f 378//378 622//622 490//490
f 624//624 625//625 626//626
f 625//625 624//624 623//623
f 628//628 623//623 624//624
f 623//623 628//628 627//627
f 629//629 628//628 630//630
f 628//628 629//629 627//627
f 631//631 630//630 632//632
f 630//630 631//631 629//629
f 633//633 632//632 634//634
f 632//632 633//633 631//631
f 635//635 634//634 636//636
f 634//634 635//635 633//633
f 637//637 636//636 638//638
f 636//636 637//637 635//635
f 639//639 638//638 640//640
f 638//638 639//639 637//637
f 641//641 640//640 642//642
f 640//640 641//641 639//639
f 643//643 642//642 644//644
f 642//642 643//643 641//641
f 646//646 643//643 644//644
f 643//643 646//646 645//645
f 648//648 513//513 514//514
f 513//513 648//648 647//647
f 505//505 501//501 503//503
f 507//507 501//501 505//505
f 507//507 499//499 501//501
f 509//509 499//499 507//507
f 509//509 497//497 499//499
f 511//511 497//497 509//509
f 511//511 495//495 497//497
f 513//513 495//495 511//511
f 513//513 491//491 495//495
f 647//647 491//491 513//513
f 647//647 493//493 491//491
f 661//661 493//493 647//647
f 661//661 660//660 493//493
f 659//659 660//660 661//661
f 659//659 658//658 660//660
f 657//657 658//658 659//659
f 657//657 656//656 658//658
f 655//655 656//656 657//657
f 655//655 654//654 656//656
f 653//653 654//654 655//655
f 653//653 652//652 654//654
f 650//650 652//652 653//653
f 650//650 651//651 652//652
f 651//651 650//650 649//649
f 663//663 645//645 646//646
f 645//645 663//663 662//662
f 637//637 633//633 635//635
f 639//639 633//633 637//637
f 639//639 631//631 633//633
f 641//641 631//631 639//639
f 641//641 629//629 631//631
f 643//643 629//629 641//641
f 643//643 627//627 629//629
f 645//645 627//627 643//643
f 645//645 623//623 627//627
f 662//662 623//623 645//645
f 662//662 625//625 623//623
f 676//676 625//625 662//662
f 676//676 675//675 625//625
f 674//674 675//675 676//676
f 674//674 673//673 675//675
f 672//672 673//673 674//674
f 672//672 671//671 673//673
f 670//670 671//671 672//672
f 670//670 669//669 671//671
f 668//668 669//669 670//670
f 668//668 667//667 669//669
f 665//665 667//667 668//668
f 665//665 666//666 667//667
f 666//666 665//665 664//664
f 626//626 677//677 678//678
f 625//625 677//677 626//626
f 677//677 625//625 675//675
f 679//679 379//379 490//490
f 379//379 679//679 515//515
f 659//659 680//680 681//681
f 680//680 659//659 661//661
f 657//657 681//681 682//682
f 681//681 657//657 659//659
f 655//655 682//682 683//683
f 682//682 655//655 657//657
f 684//684 655//655 683//683
f 655//655 684//684 653//653
f 685//685 653//653 684//684
f 653//653 685//685 650//650
f 686//686 650//650 685//685
f 650//650 686//686 649//649
f 687//687 649//649 686//686
f 649//649 687//687 651//651
f 688//688 651//651 687//687
f 651//651 688//688 652//652
f 689//689 652//652 688//688
f 652//652 689//689 654//654
f 656//656 689//689 690//690
f 689//689 656//656 654//654
f 658//658 690//690 691//691
f 690//690 658//658 656//656
f 660//660 691//691 692//692
f 691//691 660//660 658//658
f 494//494 692//692 693//693
f 493//493 692//692 494//494
f 692//692 493//493 660//660
f 695//695 504//504 694//694
f 695//695 506//506 504//504
f 695//695 508//508 506//506
f 695//695 510//510 508//508
f 695//695 512//512 510//510
f 695//695 514//514 512//512
f 514//514 695//695 648//648
f 502//502 694//694 504//504
f 500//500 694//694 502//502
f 498//498 694//694 500//500
f 496//496 694//694 498//498
f 492//492 694//694 496//496
f 694//694 492//492 494//494
f 694//694 693//693 696//696
f 693//693 694//694 494//494
f 697//697 419//419 515//515
f 419//419 697//697 533//533
f 520//520 517//517 518//518
f 517//517 520//520 516//516
f 423//423 532//532 422//422
f 518//518 532//532 423//423
f 518//518 531//531 532//532
f 518//518 530//530 531//531
f 518//518 529//529 530//530
f 518//518 528//528 529//529
f 518//518 527//527 528//528
f 518//518 526//526 527//527
f 518//518 525//525 526//526
f 518//518 524//524 525//525
f 518//518 523//523 524//524
f 518//518 522//522 523//523
f 520//520 522//522 518//518
f 519//519 522//522 520//520
f 522//522 519//519 521//521
f 520//520 521//521 519//519
f 521//521 520//520 699//699
f 532//532 534//534 422//422
f 531//531 534//534 532//532
f 530//530 534//534 531//531
f 529//529 534//534 530//530
f 528//528 534//534 529//529
f 527//527 534//534 528//528
f 526//526 534//534 527//527
f 525//525 534//534 526//526
f 524//524 534//534 525//525
f 523//523 534//534 524//524
f 522//522 534//534 523//523
f 521//521 534//534 522//522
f 699//699 534//534 521//521
f 534//534 699//699 698//698
f 700//700 424//424 533//533
f 424//424 700//700 535//535
f 518//518 427//427 535//535
f 106//106 427//427 518//518
f 427//427 106//106 425//425
f 702//702 703//703 704//704
f 703//703 702//702 701//701
f 701//701 706//706 703//703
f 706//706 701//701 705//705
f 705//705 708//708 706//706
f 708//708 705//705 707//707
f 710//710 708//708 707//707
f 708//708 710//710 709//709
f 712//712 709//709 710//710
f 709//709 712//712 711//711
f 714//714 711//711 712//712
f 711//711 714//714 713//713
f 716//716 713//713 714//714
f 713//713 716//716 715//715
f 716//716 718//718 715//715
f 718//718 716//716 717//717
f 717//717 720//720 718//718
f 720//720 717//717 719//719
f 719//719 722//722 720//720
f 722//722 719//719 721//721
f 724//724 725//725 726//726
f 725//725 724//724 723//723
f 727//727 725//725 728//728
f 725//725 727//727 726//726
f 729//729 728//728 730//730
f 728//728 729//729 727//727
f 731//731 730//730 732//732
f 730//730 731//731 729//729
f 733//733 732//732 734//734
f 732//732 733//733 731//731
f 735//735 734//734 736//736
f 734//734 735//735 733//733
f 737//737 736//736 738//738
f 736//736 737//737 735//735
f 739//739 738//738 740//740
f 738//738 739//739 737//737
f 741//741 740//740 742//742
f 740//740 741//741 739//739
f 741//741 743//743 744//744
f 743//743 741//741 742//742
f 544//544 745//745 746//746
f 544//544 536//536 745//745
f 536//536 544//544 537//537
f 542//542 746//746 747//747
f 746//746 542//542 544//544
f 539//539 747//747 748//748
f 747//747 539//539 542//542
f 538//538 748//748 749//749
f 748//748 538//538 539//539
f 540//540 749//749 750//750
f 749//749 540//540 538//538
f 541//541 750//750 751//751
f 750//750 541//541 540//540
f 543//543 751//751 752//752
f 751//751 543//543 541//541
f 545//545 752//752 753//753
f 752//752 545//545 543//543
f 545//545 754//754 546//546
f 754//754 545//545 753//753
f 546//546 755//755 547//547
f 755//755 546//546 754//754
f 547//547 584//584 548//548
f 755//755 584//584 547//547
f 584//584 755//755 756//756
f 756//756 601//601 584//584
f 601//601 756//756 757//757
f 601//601 724//724 602//602
f 601//601 723//723 724//724
f 723//723 601//601 757//757
f 744//744 758//758 759//759
f 758//758 744//744 743//743
f 573//573 569//569 571//571
f 575//575 569//569 573//573
f 575//575 567//567 569//569
f 577//577 567//567 575//575
f 577//577 565//565 567//567
f 579//579 565//565 577//577
f 579//579 563//563 565//565
f 582//582 563//563 579//579
f 582//582 564//564 563//563
f 600//600 564//564 582//582
f 600//600 760//760 564//564
f 602//602 760//760 600//600
f 602//602 759//759 760//760
f 724//724 759//759 602//602
f 724//724 744//744 759//759
f 726//726 744//744 724//724
f 726//726 741//741 744//744
f 727//727 741//741 726//726
f 727//727 739//739 741//741
f 729//729 739//739 727//727
f 729//729 737//737 739//739
f 731//731 737//737 729//729
f 731//731 735//735 737//737
f 735//735 731//731 733//733
f 761//761 564//564 760//760
f 564//564 761//761 562//562
f 721//721 763//763 722//722
f 763//763 721//721 762//762
f 765//765 574//574 572//572
f 765//765 576//576 574//574
f 765//765 578//578 576//576
f 765//765 580//580 578//578
f 765//765 581//581 580//580
f 581//581 765//765 598//598
f 765//765 764//764 766//766
f 572//572 764//764 765//765
f 570//570 764//764 572//572
f 568//568 764//764 570//570
f 566//566 764//764 568//568
f 561//561 764//764 566//566
f 562//562 764//764 561//561
f 764//764 562//562 761//761
f 599//599 765//765 767//767
f 765//765 599//599 598//598
f 768//768 599//599 767//767
f 768//768 601//601 599//599
f 768//768 589//589 601//601
f 768//768 590//590 589//589
f 768//768 591//591 590//590
f 768//768 592//592 591//591
f 768//768 593//593 592//592
f 768//768 594//594 593//593
f 594//594 768//768 595//595
f 588//588 601//601 589//589
f 587//587 601//601 588//588
f 586//586 601//601 587//587
f 585//585 601//601 586//586
f 583//583 601//601 585//585
f 601//601 583//583 584//584
f 437//437 595//595 768//768
f 437//437 596//596 595//595
f 596//596 437//437 597//597
f 770//770 765//765 598//598
f 765//765 770//770 769//769
f 766//766 769//769 765//765
f 598//598 601//601 599//599
f 770//770 601//601 598//598
f 601//601 770//770 757//757
f 335//335 604//604 603//603
f 772//772 771//771 745//745
f 335//335 771//771 772//772
f 603//603 771//771 335//335
f 469//469 771//771 603//603
f 771//771 469//469 605//605
f 472//472 604//604 606//606
f 472//472 456//456 604//604
f 456//456 472//472 471//471
f 473//473 773//773 607//607
f 773//773 473//473 606//606
f 474//474 774//774 608//608
f 774//774 474//474 607//607
f 475//475 775//775 609//609
f 775//775 475//475 608//608
f 476//476 776//776 610//610
f 776//776 476//476 609//609
f 611//611 610//610 777//777
f 610//610 611//611 477//477
f 612//612 611//611 778//778
f 611//611 612//612 478//478
f 613//613 612//612 779//779
f 612//612 613//613 479//479
f 614//614 613//613 780//780
f 613//613 614//614 480//480
f 615//615 614//614 781//781
f 614//614 615//615 481//481
f 483//483 615//615 616//616
f 615//615 483//483 482//482
f 617//617 616//616 782//782
f 616//616 617//617 484//484
f 618//618 617//617 783//783
f 617//617 618//618 485//485
f 619//619 618//618 784//784
f 618//618 619//619 486//486
f 620//620 619//619 785//785
f 619//619 620//620 487//487
f 621//621 620//620 786//786
f 620//620 621//621 488//488
f 622//622 621//621 787//787
f 621//621 622//622 489//489
f 788//788 490//490 622//622
f 490//490 788//788 679//679
f 790//790 636//636 789//789
f 790//790 638//638 636//636
f 790//790 640//640 638//638
f 790//790 642//642 640//640
f 790//790 644//644 642//642
f 790//790 646//646 644//644
f 646//646 790//790 663//663
f 634//634 789//789 636//636
f 632//632 789//789 634//634
f 630//630 789//789 632//632
f 628//628 789//789 630//630
f 624//624 789//789 628//628
f 789//789 624//624 626//626
f 789//789 678//678 791//791
f 678//678 789//789 626//626
f 680//680 648//648 792//792
f 661//661 648//648 680//680
f 648//648 661//661 647//647
f 793//793 790//790 794//794
f 790//790 793//793 663//663
f 795//795 663//663 793//793
f 676//676 663//663 795//795
f 663//663 676//676 662//662
f 674//674 795//795 796//796
f 795//795 674//674 676//676
f 672//672 796//796 797//797
f 796//796 672//672 674//674
f 798//798 672//672 797//797
f 672//672 798//798 670//670
f 799//799 670//670 798//798
f 670//670 799//799 668//668
f 800//800 668//668 799//799
f 668//668 800//800 665//665
f 801//801 665//665 800//800
f 665//665 801//801 664//664
f 802//802 664//664 801//801
f 664//664 802//802 666//666
f 803//803 666//666 802//802
f 666//666 803//803 667//667
f 804//804 667//667 803//803
f 667//667 804//804 669//669
f 805//805 669//669 804//804
f 669//669 805//805 671//671
f 673//673 805//805 806//806
f 805//805 673//673 671//671
f 675//675 806//806 677//677
f 806//806 675//675 673//673
f 792//792 678//678 677//677
f 792//792 791//791 678//678
f 792//792 695//695 791//791
f 695//695 792//792 648//648
f 807//807 515//515 679//679
f 515//515 807//807 697//697
f 685//685 809//809 686//686
f 684//684 809//809 685//685
f 683//683 809//809 684//684
f 682//682 809//809 683//683
f 681//681 809//809 682//682
f 809//809 681//681 680//680
f 693//693 699//699 696//696
f 692//692 699//699 693//693
f 691//691 699//699 692//692
f 809//809 687//687 686//686
f 809//809 688//688 687//687
f 809//809 689//689 688//688
f 809//809 690//690 689//689
f 809//809 691//691 690//690
f 808//808 691//691 809//809
f 808//808 699//699 691//691
f 699//699 808//808 698//698
f 695//695 696//696 791//791
f 696//696 695//695 694//694
f 810//810 533//533 697//697
f 533//533 810//810 700//700
f 520//520 700//700 699//699
f 520//520 535//535 700//700
f 535//535 520//520 518//518
f 713//713 709//709 711//711
f 715//715 709//709 713//713
f 715//715 708//708 709//709
f 718//718 708//708 715//715
f 718//718 706//706 708//708
f 720//720 706//706 718//718
f 720//720 703//703 706//706
f 722//722 703//703 720//720
f 722//722 704//704 703//703
f 763//763 704//704 722//722
f 763//763 824//824 704//704
f 823//823 824//824 763//763
f 823//823 822//822 824//824
f 821//821 822//822 823//823
f 821//821 820//820 822//822
f 819//819 820//820 821//821
f 819//819 818//818 820//820
f 817//817 818//818 819//819
f 817//817 816//816 818//818
f 815//815 816//816 817//817
f 815//815 814//814 816//816
f 812//812 814//814 815//815
f 812//812 813//813 814//814
f 813//813 812//812 811//811
f 825//825 704//704 824//824
f 704//704 825//825 702//702
f 850//850 849//849 851//851
f 848//848 849//849 850//850
f 848//848 847//847 849//849
f 846//846 847//847 848//848
f 846//846 845//845 847//847
f 844//844 845//845 846//846
f 844//844 843//843 845//845
f 842//842 843//843 844//844
f 842//842 841//841 843//843
f 840//840 841//841 842//842
f 840//840 839//839 841//841
f 838//838 839//839 840//840
f 838//838 837//837 839//839
f 836//836 837//837 838//838
f 836//836 835//835 837//837
f 834//834 835//835 836//836
f 834//834 833//833 835//835
f 832//832 833//833 834//834
f 832//832 831//831 833//833
f 830//830 831//831 832//832
f 830//830 829//829 831//831
f 827//827 829//829 830//830
f 827//827 828//828 829//829
f 828//828 827//827 826//826
f 853//853 841//841 839//839
f 841//841 853//853 852//852
f 852//852 843//843 841//841
f 843//843 852//852 854//854
f 854//854 845//845 843//843
f 845//845 854//854 855//855
f 856//856 845//845 855//855
f 845//845 856//856 847//847
f 857//857 847//847 856//856
f 847//847 857//857 849//849
f 858//858 849//849 857//857
f 849//849 858//858 851//851
f 859//859 851//851 858//858
f 851//851 859//859 850//850
f 860//860 850//850 859//859
f 850//850 860//860 848//848
f 861//861 848//848 860//860
f 848//848 861//861 846//846
f 861//861 844//844 846//846
f 844//844 861//861 862//862
f 862//862 842//842 844//844
f 842//842 862//862 863//863
f 863//863 840//840 842//842
f 840//840 863//863 864//864
f 864//864 838//838 840//840
f 866//866 838//838 864//864
f 838//838 866//866 865//865
f 868//868 712//712 867//867
f 868//868 714//714 712//712
f 868//868 716//716 714//714
f 868//868 717//717 716//716
f 868//868 719//719 717//717
f 868//868 721//721 719//719
f 721//721 868//868 762//762
f 710//710 867//867 712//712
f 707//707 867//867 710//710
f 705//705 867//867 707//707
f 701//701 867//867 705//705
f 702//702 867//867 701//701
f 867//867 702//702 825//825
f 748//748 771//771 749//749
f 747//747 771//771 748//748
f 746//746 771//771 747//747
f 771//771 746//746 745//745
f 732//732 756//756 734//734
f 730//730 756//756 732//732
f 728//728 756//756 730//730
f 725//725 756//756 728//728
f 723//723 756//756 725//725
f 756//756 723//723 757//757
f 756//756 736//736 734//734
f 756//756 738//738 736//736
f 755//755 738//738 756//756
f 755//755 740//740 738//738
f 755//755 742//742 740//740
f 754//754 742//742 755//755
f 754//754 743//743 742//742
f 753//753 743//743 754//754
f 771//771 750//750 749//749
f 771//771 751//751 750//750
f 771//771 752//752 751//751
f 771//771 753//753 752//752
f 771//771 743//743 753//753
f 771//771 758//758 743//743
f 758//758 771//771 869//869
f 759//759 761//761 760//760
f 758//758 761//761 759//759
f 761//761 758//758 870//870
f 870//870 764//764 761//761
f 764//764 870//870 871//871
f 873//873 762//762 868//868
f 762//762 873//873 872//872
f 762//762 823//823 763//763
f 872//872 823//823 762//762
f 823//823 872//872 874//874
f 823//823 875//875 821//821
f 875//875 823//823 874//874
f 821//821 876//876 819//819
f 876//876 821//821 875//875
f 819//819 877//877 817//817
f 877//877 819//819 876//876
f 817//817 878//878 815//815
f 878//878 817//817 877//877
f 812//812 878//878 879//879
f 878//878 812//812 815//815
f 811//811 879//879 880//880
f 879//879 811//811 812//812
f 813//813 880//880 881//881
f 880//880 813//813 811//811
f 814//814 881//881 882//882
f 881//881 814//814 813//813
f 814//814 883//883 816//816
f 883//883 814//814 882//882
f 816//816 884//884 818//818
f 884//884 816//816 883//883
f 818//818 885//885 820//820
f 885//885 818//818 884//884
f 820//820 886//886 822//822
f 886//886 820//820 885//885
f 766//766 871//871 769//769
f 871//871 766//766 764//764
f 770//770 871//871 769//769
f 770//770 870//870 871//871
f 757//757 870//870 770//770
f 757//757 758//758 870//870
f 723//723 758//758 757//757
f 723//723 743//743 758//758
f 725//725 743//743 723//723
f 725//725 742//742 743//743
f 728//728 742//742 725//725
f 728//728 740//740 742//742
f 730//730 740//740 728//728
f 730//730 738//738 740//740
f 732//732 738//738 730//730
f 732//732 736//736 738//738
f 736//736 732//732 734//734
f 437//437 769//769 772//772
f 437//437 765//765 769//769
f 768//768 765//765 437//437
f 765//765 768//768 767//767
f 772//772 770//770 769//769
f 772//772 757//757 770//770
f 772//772 756//756 757//757
f 772//772 755//755 756//756
f 772//772 754//754 755//755
f 772//772 753//753 754//754
f 745//745 753//753 772//772
f 746//746 753//753 745//745
f 746//746 752//752 753//753
f 747//747 752//752 746//746
f 747//747 751//751 752//752
f 748//748 751//751 747//747
f 748//748 750//750 751//751
f 750//750 748//748 749//749
f 773//773 335//335 772//772
f 606//606 335//335 773//773
f 335//335 606//606 604//604
f 607//607 887//887 774//774
f 887//887 607//607 773//773
f 608//608 888//888 775//775
f 888//888 608//608 774//774
f 609//609 889//889 776//776
f 889//889 609//609 775//775
f 610//610 890//890 777//777
f 890//890 610//610 776//776
f 778//778 777//777 891//891
f 777//777 778//778 611//611
f 779//779 778//778 892//892
f 778//778 779//779 612//612
f 780//780 779//779 893//893
f 779//779 780//780 613//613
f 781//781 780//780 894//894
f 780//780 781//781 614//614
f 616//616 781//781 782//782
f 781//781 616//616 615//615
f 783//783 782//782 895//895
f 782//782 783//783 617//617
f 784//784 783//783 896//896
f 783//783 784//784 618//618
f 785//785 784//784 897//897
f 784//784 785//785 619//619
f 786//786 785//785 898//898
f 785//785 786//786 620//620
f 787//787 786//786 899//899
f 786//786 787//787 621//621
f 901//901 902//902 903//903
f 902//902 901//901 900//900
f 904//904 903//903 905//905
f 903//903 904//904 901//901
f 906//906 905//905 907//907
f 905//905 906//906 904//904
f 906//906 908//908 909//909
f 908//908 906//906 907//907
f 909//909 910//910 911//911
f 910//910 909//909 908//908
f 911//911 912//912 913//913
f 912//912 911//911 910//910
f 913//913 914//914 915//915
f 914//914 913//913 912//912
f 915//915 916//916 917//917
f 916//916 915//915 914//914
f 917//917 918//918 919//919
f 918//918 917//917 916//916
f 920//920 918//918 921//921
f 918//918 920//920 919//919
f 922//922 921//921 923//923
f 921//921 922//922 920//920
f 924//924 923//923 925//925
f 923//923 924//924 922//922
f 915//915 911//911 913//913
f 917//917 911//911 915//915
f 917//917 909//909 911//911
f 919//919 909//909 917//917
f 919//919 906//906 909//909
f 920//920 906//906 919//919
f 920//920 904//904 906//906
f 922//922 904//904 920//920
f 922//922 901//901 904//904
f 924//924 901//901 922//922
f 924//924 900//900 901//901
f 938//938 900//900 924//924
f 938//938 937//937 900//900
f 936//936 937//937 938//938
f 936//936 935//935 937//937
f 934//934 935//935 936//936
f 934//934 933//933 935//935
f 932//932 933//933 934//934
f 932//932 931//931 933//933
f 930//930 931//931 932//932
f 930//930 929//929 931//931
f 927//927 929//929 930//930
f 927//927 928//928 929//929
f 928//928 927//927 926//926
f 939//939 622//622 787//787
f 622//622 939//939 788//788
f 952//952 940//940 946//946
f 951//951 940//940 952//952
f 950//950 940//940 951//951
f 949//949 940//940 950//950
f 948//948 940//940 949//949
f 940//940 948//948 947//947
f 940//940 945//945 946//946
f 940//940 944//944 945//945
f 940//940 943//943 944//944
f 940//940 942//942 943//943
f 940//940 941//941 942//942
f 940//940 809//809 941//941
f 809//809 940//940 808//808
f 902//902 953//953 954//954
f 900//900 953//953 902//902
f 953//953 900//900 937//937
f 955//955 679//679 788//788
f 679//679 955//955 807//807
f 790//790 791//791 794//794
f 791//791 790//790 789//789
f 793//793 791//791 794//794
f 793//793 678//678 791//791
f 795//795 678//678 793//793
f 795//795 677//677 678//678
f 796//796 677//677 795//795
f 796//796 806//806 677//677
f 797//797 806//806 796//796
f 797//797 805//805 806//806
f 798//798 805//805 797//797
f 798//798 804//804 805//805
f 799//799 804//804 798//798
f 799//799 803//803 804//804
f 800//800 803//803 799//799
f 800//800 802//802 803//803
f 802//802 800//800 801//801
f 956//956 793//793 794//794
f 956//956 795//795 793//793
f 956//956 796//796 795//795
f 800//800 792//792 801//801
f 799//799 792//792 800//800
f 798//798 792//792 799//799
f 797//797 792//792 798//798
f 797//797 680//680 792//792
f 796//796 680//680 797//797
f 947//947 796//796 956//956
f 947//947 680//680 796//796
f 947//947 809//809 680//680
f 948//948 809//809 947//947
f 948//948 941//941 809//809
f 949//949 941//941 948//948
f 949//949 942//942 941//941
f 950//950 942//942 949//949
f 950//950 943//943 942//942
f 951//951 943//943 950//950
f 951//951 944//944 943//943
f 952//952 944//944 951//951
f 952//952 945//945 944//944
f 945//945 952//952 946//946
f 806//806 792//792 677//677
f 805//805 792//792 806//806
f 804//804 792//792 805//805
f 803//803 792//792 804//804
f 802//802 792//792 803//803
f 792//792 802//802 801//801
f 957//957 697//697 807//807
f 697//697 957//957 810//810
f 696//696 810//810 791//791
f 696//696 700//700 810//810
f 700//700 696//696 699//699
f 959//959 960//960 961//961
f 960//960 959//959 958//958
f 960//960 963//963 961//961
f 963//963 960//960 962//962
f 962//962 965//965 963//963
f 965//965 962//962 964//964
f 964//964 967//967 965//965
f 967//967 964//964 966//966
f 966//966 969//969 967//967
f 969//969 966//966 968//968
f 968//968 971//971 969//969
f 971//971 968//968 970//970
f 970//970 973//973 971//971
f 973//973 970//970 972//972
f 972//972 975//975 973//973
f 975//975 972//972 974//974
f 974//974 977//977 975//975
f 977//977 974//974 976//976
f 977//977 978//978 979//979
f 978//978 977//977 976//976
f 979//979 981//981 982//982
f 979//979 980//980 981//981
f 980//980 979//979 978//978
f 1007//1007 1006//1006 1008//1008
f 1005//1005 1006//1006 1007//1007
f 1005//1005 1004//1004 1006//1006
f 1003//1003 1004//1004 1005//1005
f 1003//1003 1002//1002 1004//1004
f 1001//1001 1002//1002 1003//1003
f 1001//1001 1000//1000 1002//1002
f 999//999 1000//1000 1001//1001
f 999//999 998//998 1000//1000
f 996//996 998//998 999//999
f 996//996 997//997 998//998
f 996//996 981//981 997//997
f 995//995 981//981 996//996
f 995//995 994//994 981//981
f 993//993 994//994 995//995
f 993//993 992//992 994//994
f 991//991 992//992 993//993
f 991//991 990//990 992//992
f 989//989 990//990 991//991
f 989//989 988//988 990//990
f 987//987 988//988 989//989
f 987//987 986//986 988//988
f 984//984 986//986 987//987
f 984//984 985//985 986//986
f 985//985 984//984 983//983
f 980//980 997//997 981//981
f 997//997 980//980 1009//1009
f 998//998 1011//1011 1000//1000
f 1011//1011 998//998 1010//1010
f 1000//1000 1012//1012 1002//1002
f 1012//1012 1000//1000 1011//1011
f 1012//1012 1004//1004 1002//1002
f 1004//1004 1012//1012 1013//1013
f 1013//1013 1006//1006 1004//1004
f 1006//1006 1013//1013 1014//1014
f 1014//1014 1008//1008 1006//1006
f 1008//1008 1014//1014 1015//1015
f 1015//1015 1007//1007 1008//1008
f 1007//1007 1015//1015 1016//1016
f 1016//1016 1005//1005 1007//1007
f 1005//1005 1016//1016 1017//1017
f 1017//1017 1003//1003 1005//1005
f 1003//1003 1017//1017 1018//1018
f 1003//1003 1019//1019 1001//1001
f 1019//1019 1003//1003 1018//1018
f 1001//1001 1020//1020 999//999
f 1020//1020 1001//1001 1019//1019
f 999//999 1021//1021 996//996
f 1021//1021 999//999 1020//1020
f 1009//1009 998//998 997//997
f 1009//1009 1010//1010 998//998
f 1010//1010 1009//1009 1022//1022
f 1021//1021 995//995 996//996
f 1024//1024 995//995 1021//1021
f 995//995 1024//1024 1023//1023
f 822//822 825//825 824//824
f 886//886 825//825 822//822
f 825//825 886//886 1025//1025
f 838//838 1026//1026 836//836
f 1026//1026 838//838 865//865
f 836//836 1027//1027 834//834
f 1027//1027 836//836 1026//1026
f 834//834 1028//1028 832//832
f 1028//1028 834//834 1027//1027
f 830//830 1028//1028 1029//1029
f 1028//1028 830//830 832//832
f 827//827 1029//1029 1030//1030
f 1029//1029 827//827 830//830
f 826//826 1030//1030 1031//1031
f 1030//1030 826//826 827//827
f 828//828 1031//1031 1032//1032
f 1031//1031 828//828 826//826
f 829//829 1032//1032 1033//1033
f 1032//1032 829//829 828//828
f 831//831 1033//1033 1034//1034
f 1033//1033 831//831 829//829
f 831//831 1035//1035 833//833
f 1035//1035 831//831 1034//1034
f 833//833 1036//1036 835//835
f 1036//1036 833//833 1035//1035
f 835//835 1037//1037 837//837
f 1037//1037 835//835 1036//1036
f 837//837 853//853 839//839
f 1037//1037 853//853 837//837
f 853//853 1037//1037 1038//1038
f 1025//1025 867//867 825//825
f 865//865 867//867 1025//1025
f 866//866 867//867 865//865
f 867//867 866//866 1039//1039
f 1041//1041 858//858 1040//1040
f 1041//1041 859//859 858//858
f 1041//1041 860//860 859//859
f 1041//1041 861//861 860//860
f 1041//1041 862//862 861//861
f 1041//1041 863//863 862//862
f 863//863 1041//1041 864//864
f 857//857 1040//1040 858//858
f 856//856 1040//1040 857//857
f 855//855 1040//1040 856//856
f 854//854 1040//1040 855//855
f 852//852 1040//1040 854//854
f 1040//1040 852//852 853//853
f 1039//1039 864//864 1041//1041
f 864//864 1039//1039 866//866
f 1038//1038 1040//1040 853//853
f 1040//1040 1038//1038 1042//1042
f 873//873 866//866 1039//1039
f 873//873 865//865 866//866
f 872//872 865//865 873//873
f 872//872 1025//1025 865//865
f 874//874 1025//1025 872//872
f 874//874 886//886 1025//1025
f 875//875 886//886 874//874
f 875//875 885//885 886//886
f 876//876 885//885 875//875
f 876//876 884//884 885//885
f 877//877 884//884 876//876
f 877//877 883//883 884//884
f 878//878 883//883 877//877
f 878//878 882//882 883//883
f 879//879 882//882 878//878
f 879//879 881//881 882//882
f 881//881 879//879 880//880
f 868//868 1039//1039 873//873
f 1039//1039 868//868 867//867
f 870//870 873//873 871//871
f 758//758 873//873 870//870
f 758//758 872//872 873//873
f 758//758 874//874 872//872
f 758//758 875//875 874//874
f 879//879 869//869 880//880
f 878//878 869//869 879//879
f 877//877 869//869 878//878
f 876//876 869//869 877//877
f 875//875 869//869 876//876
f 869//869 875//875 758//758
f 869//869 881//881 880//880
f 869//869 882//882 881//881
f 869//869 883//883 882//882
f 869//869 884//884 883//883
f 869//869 885//885 884//884
f 869//869 886//886 885//885
f 886//886 869//869 1043//1043
f 887//887 769//769 871//871
f 773//773 769//769 887//887
f 769//769 773//773 772//772
f 774//774 1044//1044 888//888
f 1044//1044 774//774 887//887
f 775//775 1045//1045 889//889
f 1045//1045 775//775 888//888
f 890//890 889//889 1046//1046
f 889//889 890//890 776//776
f 891//891 890//890 1047//1047
f 890//890 891//891 777//777
f 892//892 891//891 1048//1048
f 891//891 892//892 778//778
f 893//893 892//892 1049//1049
f 892//892 893//893 779//779
f 894//894 893//893 1050//1050
f 893//893 894//894 780//780
f 782//782 894//894 895//895
f 894//894 782//782 781//781
f 896//896 895//895 1051//1051
f 895//895 896//896 783//783
f 897//897 896//896 1052//1052
f 896//896 897//897 784//784
f 898//898 897//897 1053//1053
f 897//897 898//898 785//785
f 899//899 898//898 1054//1054
f 898//898 899//899 786//786
f 1056//1056 1057//1057 1058//1058
f 1057//1057 1056//1056 1055//1055
f 1059//1059 1058//1058 1060//1060
f 1058//1058 1059//1059 1056//1056
f 1061//1061 1060//1060 1062//1062
f 1060//1060 1061//1061 1059//1059
f 1061//1061 1063//1063 1064//1064
f 1063//1063 1061//1061 1062//1062
f 1064//1064 1065//1065 1066//1066
f 1065//1065 1064//1064 1063//1063
f 1066//1066 1067//1067 1068//1068
f 1067//1067 1066//1066 1065//1065
f 1068//1068 1069//1069 1070//1070
f 1069//1069 1068//1068 1067//1067
f 1070//1070 1071//1071 1072//1072
f 1071//1071 1070//1070 1069//1069
f 1072//1072 1073//1073 1074//1074
f 1073//1073 1072//1072 1071//1071
f 1075//1075 1073//1073 1076//1076
f 1073//1073 1075//1075 1074//1074
f 1077//1077 1076//1076 1078//1078
f 1076//1076 1077//1077 1075//1075
f 939//939 899//899 1079//1079
f 899//899 939//939 787//787
f 1081//1081 912//912 1080//1080
f 1081//1081 914//914 912//912
f 1081//1081 916//916 914//914
f 1081//1081 918//918 916//916
f 1081//1081 921//921 918//918
f 1081//1081 923//923 921//921
f 923//923 1081//1081 925//925
f 910//910 1080//1080 912//912
f 908//908 1080//1080 910//910
f 907//907 1080//1080 908//908
f 905//905 1080//1080 907//907
f 903//903 1080//1080 905//905
f 1080//1080 903//903 902//902
f 1080//1080 954//954 1082//1082
f 954//954 1080//1080 902//902
f 925//925 1083//1083 1084//1084
f 1083//1083 925//925 1081//1081
f 1085//1085 925//925 1084//1084
f 938//938 925//925 1085//1085
f 925//925 938//938 924//924
f 1086//1086 938//938 1085//1085
f 938//938 1086//1086 936//936
f 1087//1087 936//936 1086//1086
f 936//936 1087//1087 934//934
f 1088//1088 934//934 1087//1087
f 934//934 1088//1088 932//932
f 1088//1088 930//930 932//932
f 930//930 1088//1088 1089//1089
f 1089//1089 927//927 930//930
f 927//927 1089//1089 1090//1090
f 1090//1090 926//926 927//927
f 926//926 1090//1090 1091//1091
f 1091//1091 928//928 926//926
f 928//928 1091//1091 1092//1092
f 1092//1092 929//929 928//928
f 929//929 1092//1092 1093//1093
f 1093//1093 931//931 929//929
f 931//931 1093//1093 1094//1094
f 1095//1095 931//931 1094//1094
f 931//931 1095//1095 933//933
f 1096//1096 933//933 1095//1095
f 933//933 1096//1096 935//935
f 953//953 935//935 1096//1096
f 935//935 953//953 937//937
f 955//955 939//939 1097//1097
f 939//939 955//955 788//788
f 1082//1082 954//954 1099//1099
f 954//954 956//956 1099//1099
f 953//953 956//956 954//954
f 953//953 947//947 956//956
f 1098//1098 947//947 953//953
f 947//947 1098//1098 940//940
f 1100//1100 807//807 955//955
f 807//807 1100//1100 957//957
f 794//794 957//957 956//956
f 794//794 810//810 957//957
f 810//810 794//794 791//791
f 1102//1102 1103//1103 1104//1104
f 1103//1103 1102//1102 1101//1101
f 1103//1103 1106//1106 1104//1104
f 1106//1106 1103//1103 1105//1105
f 1105//1105 1108//1108 1106//1106
f 1108//1108 1105//1105 1107//1107
f 1107//1107 1110//1110 1108//1108
f 1110//1110 1107//1107 1109//1109
f 1109//1109 1112//1112 1110//1110
f 1112//1112 1109//1109 1111//1111
f 1111//1111 1114//1114 1112//1112
f 1114//1114 1111//1111 1113//1113
f 1113//1113 1116//1116 1114//1114
f 1116//1116 1113//1113 1115//1115
f 1115//1115 1118//1118 1116//1116
f 1118//1118 1115//1115 1117//1117
f 1117//1117 1120//1120 1118//1118
f 1120//1120 1117//1117 1119//1119
f 1120//1120 1121//1121 1122//1122
f 1121//1121 1120//1120 1119//1119
f 1124//1124 1125//1125 1126//1126
f 1125//1125 1124//1124 1123//1123
f 1123//1123 1128//1128 1125//1125
f 1128//1128 1123//1123 1127//1127
f 1128//1128 1129//1129 1130//1130
f 1129//1129 1128//1128 1127//1127
f 1130//1130 1131//1131 1132//1132
f 1131//1131 1130//1130 1129//1129
f 1132//1132 1133//1133 1134//1134
f 1133//1133 1132//1132 1131//1131
f 1134//1134 1135//1135 1136//1136
f 1135//1135 1134//1134 1133//1133
f 1136//1136 1137//1137 1138//1138
f 1137//1137 1136//1136 1135//1135
f 1138//1138 1139//1139 1140//1140
f 1139//1139 1138//1138 1137//1137
f 1140//1140 1141//1141 1142//1142
f 1141//1141 1140//1140 1139//1139
f 1142//1142 1143//1143 1144//1144
f 1143//1143 1142//1142 1141//1141
f 1143//1143 1146//1146 1144//1144
f 1146//1146 1143//1143 1145//1145
f 1023//1023 993//993 995//995
f 993//993 1023//1023 1147//1147
f 1147//1147 991//991 993//993
f 991//991 1147//1147 1148//1148
f 1148//1148 989//989 991//991
f 989//989 1148//1148 1149//1149
f 989//989 1150//1150 987//987
f 1150//1150 989//989 1149//1149
f 987//987 1151//1151 984//984
f 1151//1151 987//987 1150//1150
f 984//984 1152//1152 983//983
f 1152//1152 984//984 1151//1151
f 983//983 1153//1153 985//985
f 1153//1153 983//983 1152//1152
f 985//985 1154//1154 986//986
f 1154//1154 985//985 1153//1153
f 986//986 1155//1155 988//988
f 1155//1155 986//986 1154//1154
f 1155//1155 990//990 988//988
f 990//990 1155//1155 1156//1156
f 1156//1156 992//992 990//990
f 992//992 1156//1156 1157//1157
f 1157//1157 994//994 992//992
f 994//994 1157//1157 1158//1158
f 981//981 1126//1126 982//982
f 994//994 1126//1126 981//981
f 994//994 1124//1124 1126//1126
f 1124//1124 994//994 1158//1158
f 1145//1145 1160//1160 1146//1146
f 1160//1160 1145//1145 1159//1159
f 971//971 967//967 969//969
f 973//973 967//967 971//971
f 973//973 965//965 967//967
f 975//975 965//965 973//973
f 975//975 963//963 965//965
f 977//977 963//963 975//975
f 977//977 961//961 963//963
f 979//979 961//961 977//977
f 979//979 959//959 961//961
f 982//982 959//959 979//979
f 982//982 1161//1161 959//959
f 1126//1126 1161//1161 982//982
f 1126//1126 1160//1160 1161//1161
f 1125//1125 1160//1160 1126//1126
f 1125//1125 1146//1146 1160//1160
f 1128//1128 1146//1146 1125//1125
f 1128//1128 1144//1144 1146//1146
f 1130//1130 1144//1144 1128//1128
f 1130//1130 1142//1142 1144//1144
f 1132//1132 1142//1142 1130//1130
f 1132//1132 1140//1140 1142//1142
f 1134//1134 1140//1140 1132//1132
f 1134//1134 1138//1138 1140//1140
f 1138//1138 1134//1134 1136//1136
f 1161//1161 958//958 959//959
f 958//958 1161//1161 1162//1162
f 1122//1122 1163//1163 1164//1164
f 1163//1163 1122//1122 1121//1121
f 1009//1009 970//970 968//968
f 1009//1009 972//972 970//970
f 1009//1009 974//974 972//972
f 1009//1009 976//976 974//974
f 1009//1009 978//978 976//976
f 978//978 1009//1009 980//980
f 1009//1009 1165//1165 1166//1166
f 968//968 1165//1165 1009//1009
f 966//966 1165//1165 968//968
f 964//964 1165//1165 966//966
f 962//962 1165//1165 964//964
f 960//960 1165//1165 962//962
f 958//958 1165//1165 960//960
f 1165//1165 958//958 1162//1162
f 994//994 980//980 981//981
f 994//994 1167//1167 980//980
f 1167//1167 994//994 1158//1158
f 980//980 1022//1022 1009//1009
f 1167//1167 1022//1022 980//980
f 1022//1022 1167//1167 1168//1168
f 1169//1169 1022//1022 1170//1170
f 1022//1022 1169//1169 1168//1168
f 1171//1171 1015//1015 1170//1170
f 1171//1171 1016//1016 1015//1015
f 1171//1171 1017//1017 1016//1016
f 1171//1171 1018//1018 1017//1017
f 1171//1171 1019//1019 1018//1018
f 1171//1171 1020//1020 1019//1019
f 1020//1020 1171//1171 1021//1021
f 1014//1014 1170//1170 1015//1015
f 1013//1013 1170//1170 1014//1014
f 1012//1012 1170//1170 1013//1013
f 1011//1011 1170//1170 1012//1012
f 1010//1010 1170//1170 1011//1011
f 1170//1170 1010//1010 1022//1022
f 1172//1172 1021//1021 1171//1171
f 1021//1021 1172//1172 1024//1024
f 1166//1166 1169//1169 1170//1170
f 1170//1170 1009//1009 1166//1166
f 1009//1009 1170//1170 1022//1022
f 1030//1030 1025//1025 1031//1031
f 1029//1029 1025//1025 1030//1030
f 1028//1028 1025//1025 1029//1029
f 1027//1027 1025//1025 1028//1028
f 1026//1026 1025//1025 1027//1027
f 1025//1025 1026//1026 865//865
f 1042//1042 1024//1024 1172//1172
f 1042//1042 1023//1023 1024//1024
f 1038//1038 1023//1023 1042//1042
f 1037//1037 1023//1023 1038//1038
f 1036//1036 1023//1023 1037//1037
f 1035//1035 1023//1023 1036//1036
f 1025//1025 1032//1032 1031//1031
f 886//886 1032//1032 1025//1025
f 886//886 1033//1033 1032//1032
f 886//886 1034//1034 1033//1033
f 886//886 1035//1035 1034//1034
f 886//886 1023//1023 1035//1035
f 1043//1043 1023//1023 886//886
f 1023//1023 1043//1043 1173//1173
f 866//866 1042//1042 1039//1039
f 866//866 1038//1038 1042//1042
f 865//865 1038//1038 866//866
f 865//865 1037//1037 1038//1038
f 1026//1026 1037//1037 865//865
f 1026//1026 1036//1036 1037//1037
f 1027//1027 1036//1036 1026//1026
f 1027//1027 1035//1035 1036//1036
f 1028//1028 1035//1035 1027//1027
f 1028//1028 1034//1034 1035//1035
f 1029//1029 1034//1034 1028//1028
f 1029//1029 1033//1033 1034//1034
f 1030//1030 1033//1033 1029//1029
f 1030//1030 1032//1032 1033//1033
f 1032//1032 1030//1030 1031//1031
f 1041//1041 1042//1042 1039//1039
f 1042//1042 1041//1041 1040//1040
f 1044//1044 873//873 1039//1039
f 887//887 873//873 1044//1044
f 873//873 887//887 871//871
f 888//888 1174//1174 1045//1045
f 1174//1174 888//888 1044//1044
f 889//889 1175//1175 1046//1046
f 1175//1175 889//889 1045//1045
f 1047//1047 1046//1046 1176//1176
f 1046//1046 1047//1047 890//890
f 1048//1048 1047//1047 1177//1177
f 1047//1047 1048//1048 891//891
f 1049//1049 1048//1048 1178//1178
f 1048//1048 1049//1049 892//892
f 1050//1050 1049//1049 1179//1179
f 1049//1049 1050//1050 893//893
f 895//895 1050//1050 1051//1051
f 1050//1050 895//895 894//894
f 1052//1052 1051//1051 1180//1180
f 1051//1051 1052//1052 896//896
f 1053//1053 1052//1052 1181//1181
f 1052//1052 1053//1053 897//897
f 1054//1054 1053//1053 1182//1182
f 1053//1053 1054//1054 898//898
f 1184//1184 1185//1185 1186//1186
f 1185//1185 1184//1184 1183//1183
f 1184//1184 1187//1187 1188//1188
f 1187//1187 1184//1184 1186//1186
f 1188//1188 1189//1189 1190//1190
f 1189//1189 1188//1188 1187//1187
f 1190//1190 1191//1191 1192//1192
f 1191//1191 1190//1190 1189//1189
f 1192//1192 1193//1193 1194//1194
f 1193//1193 1192//1192 1191//1191
f 1194//1194 1195//1195 1196//1196
f 1195//1195 1194//1194 1193//1193
f 1196//1196 1197//1197 1198//1198
f 1197//1197 1196//1196 1195//1195
f 1198//1198 1199//1199 1200//1200
f 1199//1199 1198//1198 1197//1197
f 1200//1200 1201//1201 1202//1202
f 1201//1201 1200//1200 1199//1199
f 1202//1202 1203//1203 1204//1204
f 1203//1203 1202//1202 1201//1201
f 1204//1204 1205//1205 1206//1206
f 1205//1205 1204//1204 1203//1203
f 1207//1207 1078//1078 1208//1208
f 1078//1078 1207//1207 1077//1077
f 1070//1070 1066//1066 1068//1068
f 1072//1072 1066//1066 1070//1070
f 1072//1072 1064//1064 1066//1066
f 1074//1074 1064//1064 1072//1072
f 1074//1074 1061//1061 1064//1064
f 1075//1075 1061//1061 1074//1074
f 1075//1075 1059//1059 1061//1061
f 1077//1077 1059//1059 1075//1075
f 1077//1077 1056//1056 1059//1059
f 1207//1207 1056//1056 1077//1077
f 1207//1207 1055//1055 1056//1056
f 1221//1221 1055//1055 1207//1207
f 1221//1221 1220//1220 1055//1055
f 1219//1219 1220//1220 1221//1221
f 1219//1219 1218//1218 1220//1220
f 1217//1217 1218//1218 1219//1219
f 1217//1217 1216//1216 1218//1218
f 1215//1215 1216//1216 1217//1217
f 1215//1215 1214//1214 1216//1216
f 1213//1213 1214//1214 1215//1215
f 1213//1213 1212//1212 1214//1214
f 1210//1210 1212//1212 1213//1213
f 1210//1210 1211//1211 1212//1212
f 1211//1211 1210//1210 1209//1209
f 1222//1222 1205//1205 1223//1223
f 1205//1205 1222//1222 1206//1206
f 1198//1198 1194//1194 1196//1196
f 1200//1200 1194//1194 1198//1198
f 1200//1200 1192//1192 1194//1194
f 1202//1202 1192//1192 1200//1200
f 1202//1202 1190//1190 1192//1192
f 1204//1204 1190//1190 1202//1202
f 1204//1204 1188//1188 1190//1190
f 1206//1206 1188//1188 1204//1204
f 1206//1206 1184//1184 1188//1188
f 1222//1222 1184//1184 1206//1206
f 1222//1222 1183//1183 1184//1184
f 1236//1236 1183//1183 1222//1222
f 1236//1236 1235//1235 1183//1183
f 1234//1234 1235//1235 1236//1236
f 1234//1234 1233//1233 1235//1235
f 1232//1232 1233//1233 1234//1234
f 1232//1232 1231//1231 1233//1233
f 1230//1230 1231//1231 1232//1232
f 1230//1230 1229//1229 1231//1231
f 1228//1228 1229//1229 1230//1230
f 1228//1228 1227//1227 1229//1229
f 1225//1225 1227//1227 1228//1228
f 1225//1225 1226//1226 1227//1227
f 1226//1226 1225//1225 1224//1224
f 1079//1079 1054//1054 1237//1237
f 1054//1054 1079//1079 899//899
f 1238//1238 1221//1221 1239//1239
f 1221//1221 1238//1238 1219//1219
f 1240//1240 1219//1219 1238//1238
f 1219//1219 1240//1240 1217//1217
f 1241//1241 1217//1217 1240//1240
f 1217//1217 1241//1241 1215//1215
f 1241//1241 1213//1213 1215//1215
f 1213//1213 1241//1241 1242//1242
f 1242//1242 1210//1210 1213//1213
f 1210//1210 1242//1242 1243//1243
f 1243//1243 1209//1209 1210//1210
f 1209//1209 1243//1243 1244//1244
f 1244//1244 1211//1211 1209//1209
f 1211//1211 1244//1244 1245//1245
f 1245//1245 1212//1212 1211//1211
f 1212//1212 1245//1245 1246//1246
f 1246//1246 1214//1214 1212//1212
f 1214//1214 1246//1246 1247//1247
f 1248//1248 1214//1214 1247//1247
f 1214//1214 1248//1248 1216//1216
f 1249//1249 1216//1216 1248//1248
f 1216//1216 1249//1249 1218//1218
f 1250//1250 1218//1218 1249//1249
f 1218//1218 1250//1250 1220//1220
f 1057//1057 1250//1250 1251//1251
f 1055//1055 1250//1250 1057//1057
f 1250//1250 1055//1055 1220//1220
f 1185//1185 1252//1252 1253//1253
f 1183//1183 1252//1252 1185//1185
f 1252//1252 1183//1183 1235//1235
f 1255//1255 1067//1067 1254//1254
f 1255//1255 1069//1069 1067//1067
f 1255//1255 1071//1071 1069//1069
f 1255//1255 1073//1073 1071//1071
f 1255//1255 1076//1076 1073//1073
f 1255//1255 1078//1078 1076//1076
f 1078//1078 1255//1255 1208//1208
f 1065//1065 1254//1254 1067//1067
f 1063//1063 1254//1254 1065//1065
f 1062//1062 1254//1254 1063//1063
f 1060//1060 1254//1254 1062//1062
f 1058//1058 1254//1254 1060//1060
f 1254//1254 1058//1058 1057//1057
f 1254//1254 1251//1251 1256//1256
f 1251//1251 1254//1254 1057//1057
f 1097//1097 1079//1079 1257//1257
f 1079//1079 1097//1097 939//939
f 1084//1084 1082//1082 1083//1083
f 1084//1084 954//954 1082//1082
f 1085//1085 954//954 1084//1084
f 1085//1085 953//953 954//954
f 1086//1086 953//953 1085//1085
f 1086//1086 1096//1096 953//953
f 1087//1087 1096//1096 1086//1086
f 1087//1087 1095//1095 1096//1096
f 1088//1088 1095//1095 1087//1087
f 1088//1088 1094//1094 1095//1095
f 1089//1089 1094//1094 1088//1088
f 1089//1089 1093//1093 1094//1094
f 1090//1090 1093//1093 1089//1089
f 1090//1090 1092//1092 1093//1093
f 1092//1092 1090//1090 1091//1091
f 1081//1081 1082//1082 1083//1083
f 1082//1082 1081//1081 1080//1080
f 1259//1259 1084//1084 1083//1083
f 1259//1259 1085//1085 1084//1084
f 1259//1259 1086//1086 1085//1085
f 1090//1090 1258//1258 1091//1091
f 1089//1089 1258//1258 1090//1090
f 1088//1088 1258//1258 1089//1089
f 1087//1087 1258//1258 1088//1088
f 1086//1086 1258//1258 1087//1087
f 1258//1258 1086//1086 1259//1259
f 1258//1258 1092//1092 1091//1091
f 1258//1258 1093//1093 1092//1092
f 1258//1258 1094//1094 1093//1093
f 1258//1258 1095//1095 1094//1094
f 1258//1258 1096//1096 1095//1095
f 1258//1258 953//953 1096//1096
f 953//953 1258//1258 1098//1098
f 1100//1100 1097//1097 1260//1260
f 1097//1097 1100//1100 955//955
f 1082//1082 957//957 1100//1100
f 1082//1082 956//956 957//957
f 956//956 1082//1082 1099//1099
f 1114//1114 1110//1110 1112//1112
f 1116//1116 1110//1110 1114//1114
f 1116//1116 1108//1108 1110//1110
f 1118//1118 1108//1108 1116//1116
f 1118//1118 1106//1106 1108//1108
f 1120//1120 1106//1106 1118//1118
f 1120//1120 1104//1104 1106//1106
f 1122//1122 1104//1104 1120//1120
f 1122//1122 1102//1102 1104//1104
f 1164//1164 1102//1102 1122//1122
f 1164//1164 1274//1274 1102//1102
f 1273//1273 1274//1274 1164//1164
f 1273//1273 1272//1272 1274//1274
f 1271//1271 1272//1272 1273//1273
f 1271//1271 1270//1270 1272//1272
f 1269//1269 1270//1270 1271//1271
f 1269//1269 1268//1268 1270//1270
f 1267//1267 1268//1268 1269//1269
f 1267//1267 1266//1266 1268//1268
f 1265//1265 1266//1266 1267//1267
f 1265//1265 1264//1264 1266//1266
f 1262//1262 1264//1264 1265//1265
f 1262//1262 1263//1263 1264//1264
f 1263//1263 1262//1262 1261//1261
f 1274//1274 1101//1101 1102//1102
f 1101//1101 1274//1274 1275//1275
f 1277//1277 1111//1111 1276//1276
f 1277//1277 1113//1113 1111//1111
f 1277//1277 1115//1115 1113//1113
f 1277//1277 1117//1117 1115//1115
f 1277//1277 1119//1119 1117//1117
f 1277//1277 1121//1121 1119//1119
f 1121//1121 1277//1277 1163//1163
f 1109//1109 1276//1276 1111//1111
f 1107//1107 1276//1276 1109//1109
f 1105//1105 1276//1276 1107//1107
f 1103//1103 1276//1276 1105//1105
f 1101//1101 1276//1276 1103//1103
f 1276//1276 1101//1101 1275//1275
f 1151//1151 1124//1124 1152//1152
f 1150//1150 1124//1124 1151//1151
f 1149//1149 1124//1124 1150//1150
f 1149//1149 1123//1123 1124//1124
f 1149//1149 1127//1127 1123//1123
f 1133//1133 1173//1173 1135//1135
f 1131//1131 1173//1173 1133//1133
f 1129//1129 1173//1173 1131//1131
f 1127//1127 1173//1173 1129//1129
f 1149//1149 1173//1173 1127//1127
f 1148//1148 1173//1173 1149//1149
f 1147//1147 1173//1173 1148//1148
f 1173//1173 1147//1147 1023//1023
f 1157//1157 1124//1124 1158//1158
f 1156//1156 1124//1124 1157//1157
f 1155//1155 1124//1124 1156//1156
f 1154//1154 1124//1124 1155//1155
f 1153//1153 1124//1124 1154//1154
f 1124//1124 1153//1153 1152//1152
f 1173//1173 1137//1137 1135//1135
f 1173//1173 1139//1139 1137//1137
f 1173//1173 1141//1141 1139//1139
f 1173//1173 1143//1143 1141//1141
f 1173//1173 1145//1145 1143//1143
f 1173//1173 1159//1159 1145//1145
f 1159//1159 1173//1173 1278//1278
f 1160//1160 1162//1162 1161//1161
f 1159//1159 1162//1162 1160//1160
f 1162//1162 1159//1159 1279//1279
f 1279//1279 1165//1165 1162//1162
f 1165//1165 1279//1279 1280//1280
f 1282//1282 1163//1163 1277//1277
f 1163//1163 1282//1282 1281//1281
f 1163//1163 1273//1273 1164//1164
f 1281//1281 1273//1273 1163//1163
f 1273//1273 1281//1281 1283//1283
f 1283//1283 1271//1271 1273//1273
f 1271//1271 1283//1283 1284//1284
f 1284//1284 1269//1269 1271//1271
f 1269//1269 1284//1284 1285//1285
f 1269//1269 1286//1286 1267//1267
f 1286//1286 1269//1269 1285//1285
f 1267//1267 1287//1287 1265//1265
f 1287//1287 1267//1267 1286//1286
f 1265//1265 1288//1288 1262//1262
f 1288//1288 1265//1265 1287//1287
f 1262//1262 1289//1289 1261//1261
f 1289//1289 1262//1262 1288//1288
f 1261//1261 1290//1290 1263//1263
f 1290//1290 1261//1261 1289//1289
f 1263//1263 1291//1291 1264//1264
f 1291//1291 1263//1263 1290//1290
f 1264//1264 1292//1292 1266//1266
f 1292//1292 1264//1264 1291//1291
f 1266//1266 1293//1293 1268//1268
f 1293//1293 1266//1266 1292//1292
f 1293//1293 1270//1270 1268//1268
f 1270//1270 1293//1293 1294//1294
f 1294//1294 1272//1272 1270//1270
f 1272//1272 1294//1294 1295//1295
f 1166//1166 1280//1280 1169//1169
f 1280//1280 1166//1166 1165//1165
f 1168//1168 1280//1280 1169//1169
f 1167//1167 1280//1280 1168//1168
f 1167//1167 1279//1279 1280//1280
f 1158//1158 1279//1279 1167//1167
f 1124//1124 1279//1279 1158//1158
f 1124//1124 1159//1159 1279//1279
f 1123//1123 1159//1159 1124//1124
f 1123//1123 1145//1145 1159//1159
f 1127//1127 1145//1145 1123//1123
f 1127//1127 1143//1143 1145//1145
f 1129//1129 1143//1143 1127//1127
f 1129//1129 1141//1141 1143//1143
f 1131//1131 1141//1141 1129//1129
f 1131//1131 1139//1139 1141//1141
f 1133//1133 1139//1139 1131//1131
f 1133//1133 1137//1137 1139//1139
f 1137//1137 1133//1133 1135//1135
f 1024//1024 1169//1169 1172//1172
f 1024//1024 1168//1168 1169//1169
f 1024//1024 1167//1167 1168//1168
f 1023//1023 1167//1167 1024//1024
f 1023//1023 1158//1158 1167//1167
f 1147//1147 1158//1158 1023//1023
f 1147//1147 1157//1157 1158//1158
f 1148//1148 1157//1157 1147//1147
f 1148//1148 1156//1156 1157//1157
f 1149//1149 1156//1156 1148//1148
f 1149//1149 1155//1155 1156//1156
f 1150//1150 1155//1155 1149//1149
f 1150//1150 1154//1154 1155//1155
f 1151//1151 1154//1154 1150//1150
f 1151//1151 1153//1153 1154//1154
f 1153//1153 1151//1151 1152//1152
f 1171//1171 1169//1169 1172//1172
f 1169//1169 1171//1171 1170//1170
f 1039//1039 1174//1174 1044//1044
f 1042//1042 1174//1174 1039//1039
f 1174//1174 1042//1042 1172//1172
f 1175//1175 1174//1174 1296//1296
f 1174//1174 1175//1175 1045//1045
f 1176//1176 1175//1175 1297//1297
f 1175//1175 1176//1176 1046//1046
f 1177//1177 1176//1176 1298//1298
f 1176//1176 1177//1177 1047//1047
f 1178//1178 1177//1177 1299//1299
f 1177//1177 1178//1178 1048//1048
f 1179//1179 1178//1178 1300//1300
f 1178//1178 1179//1179 1049//1049
f 1051//1051 1179//1179 1180//1180
f 1179//1179 1051//1051 1050//1050
f 1181//1181 1180//1180 1301//1301
f 1180//1180 1181//1181 1052//1052
f 1182//1182 1181//1181 1302//1302
f 1181//1181 1182//1182 1053//1053
f 1304//1304 1305//1305 1306//1306
f 1305//1305 1304//1304 1303//1303
f 1306//1306 1307//1307 1308//1308
f 1307//1307 1306//1306 1305//1305
f 1308//1308 1309//1309 1310//1310
f 1309//1309 1308//1308 1307//1307
f 1310//1310 1311//1311 1312//1312
f 1311//1311 1310//1310 1309//1309
f 1312//1312 1313//1313 1314//1314
f 1313//1313 1312//1312 1311//1311
f 1314//1314 1315//1315 1316//1316
f 1315//1315 1314//1314 1313//1313
f 1316//1316 1317//1317 1318//1318
f 1317//1317 1316//1316 1315//1315
f 1318//1318 1319//1319 1320//1320
f 1319//1319 1318//1318 1317//1317
f 1320//1320 1321//1321 1322//1322
f 1321//1321 1320//1320 1319//1319
f 1322//1322 1323//1323 1324//1324
f 1323//1323 1322//1322 1321//1321
f 1326//1326 1324//1324 1323//1323
f 1324//1324 1326//1326 1325//1325
f 1328//1328 1325//1325 1326//1326
f 1325//1325 1328//1328 1327//1327
f 1340//1340 1327//1327 1341//1341
f 1340//1340 1325//1325 1327//1327
f 1339//1339 1325//1325 1340//1340
f 1339//1339 1324//1324 1325//1325
f 1338//1338 1324//1324 1339//1339
f 1338//1338 1322//1322 1324//1324
f 1337//1337 1322//1322 1338//1338
f 1337//1337 1320//1320 1322//1322
f 1336//1336 1320//1320 1337//1337
f 1336//1336 1318//1318 1320//1320
f 1335//1335 1318//1318 1336//1336
f 1335//1335 1316//1316 1318//1318
f 1334//1334 1316//1316 1335//1335
f 1334//1334 1314//1314 1316//1316
f 1333//1333 1314//1314 1334//1334
f 1333//1333 1312//1312 1314//1314
f 1332//1332 1312//1312 1333//1333
f 1332//1332 1310//1310 1312//1312
f 1331//1331 1310//1310 1332//1332
f 1331//1331 1308//1308 1310//1310
f 1330//1330 1308//1308 1331//1331
f 1330//1330 1306//1306 1308//1308
f 1329//1329 1306//1306 1330//1330
f 1306//1306 1329//1329 1304//1304
f 1237//1237 1182//1182 1342//1342
f 1182//1182 1237//1237 1054//1054
f 1344//1344 1195//1195 1343//1343
f 1344//1344 1197//1197 1195//1195
f 1344//1344 1199//1199 1197//1197
f 1344//1344 1201//1201 1199//1199
f 1344//1344 1203//1203 1201//1201
f 1344//1344 1205//1205 1203//1203
f 1205//1205 1344//1344 1223//1223
f 1193//1193 1343//1343 1195//1195
f 1191//1191 1343//1343 1193//1193
f 1189//1189 1343//1343 1191//1191
f 1187//1187 1343//1343 1189//1189
f 1186//1186 1343//1343 1187//1187
f 1343//1343 1186//1186 1185//1185
f 1343//1343 1253//1253 1345//1345
f 1253//1253 1343//1343 1185//1185
f 1239//1239 1208//1208 1346//1346
f 1221//1221 1208//1208 1239//1239
f 1208//1208 1221//1221 1207//1207
f 1304//1304 1348//1348 1303//1303
f 1329//1329 1348//1348 1304//1304
f 1348//1348 1329//1329 1347//1347
f 1223//1223 1349//1349 1350//1350
f 1349//1349 1223//1223 1344//1344
f 1351//1351 1223//1223 1350//1350
f 1236//1236 1223//1223 1351//1351
f 1223//1223 1236//1236 1222//1222
f 1352//1352 1236//1236 1351//1351
f 1236//1236 1352//1352 1234//1234
f 1352//1352 1232//1232 1234//1234
f 1232//1232 1352//1352 1353//1353
f 1353//1353 1230//1230 1232//1232
f 1230//1230 1353//1353 1354//1354
f 1354//1354 1228//1228 1230//1230
f 1228//1228 1354//1354 1355//1355
f 1355//1355 1225//1225 1228//1228
f 1225//1225 1355//1355 1356//1356
f 1356//1356 1224//1224 1225//1225
f 1224//1224 1356//1356 1357//1357
f 1357//1357 1226//1226 1224//1224
f 1226//1226 1357//1357 1358//1358
f 1358//1358 1227//1227 1226//1226
f 1227//1227 1358//1358 1359//1359
f 1359//1359 1229//1229 1227//1227
f 1229//1229 1359//1359 1360//1360
f 1360//1360 1231//1231 1229//1229
f 1231//1231 1360//1360 1361//1361
f 1361//1361 1233//1233 1231//1231
f 1233//1233 1361//1361 1362//1362
f 1252//1252 1233//1233 1362//1362
f 1233//1233 1252//1252 1235//1235
f 1252//1252 1345//1345 1253//1253
f 1346//1346 1345//1345 1252//1252
f 1208//1208 1345//1345 1346//1346
f 1345//1345 1208//1208 1255//1255
f 1257//1257 1237//1237 1363//1363
f 1237//1237 1257//1257 1079//1079
f 1243//1243 1364//1364 1244//1244
f 1242//1242 1364//1364 1243//1243
f 1241//1241 1364//1364 1242//1242
f 1240//1240 1364//1364 1241//1241
f 1238//1238 1364//1364 1240//1240
f 1364//1364 1238//1238 1239//1239
f 1251//1251 1259//1259 1256//1256
f 1250//1250 1259//1259 1251//1251
f 1249//1249 1259//1259 1250//1250
f 1364//1364 1245//1245 1244//1244
f 1364//1364 1246//1246 1245//1245
f 1364//1364 1247//1247 1246//1246
f 1364//1364 1248//1248 1247//1247
f 1364//1364 1249//1249 1248//1248
f 1364//1364 1259//1259 1249//1249
f 1259//1259 1364//1364 1258//1258
f 1253//1253 1256//1256 1345//1345
f 1252//1252 1256//1256 1253//1253
f 1346//1346 1256//1256 1252//1252
f 1346//1346 1251//1251 1256//1256
f 1239//1239 1251//1251 1346//1346
f 1239//1239 1250//1250 1251//1251
f 1238//1238 1250//1250 1239//1239
f 1238//1238 1249//1249 1250//1250
f 1240//1240 1249//1249 1238//1238
f 1240//1240 1248//1248 1249//1249
f 1241//1241 1248//1248 1240//1240
f 1241//1241 1247//1247 1248//1248
f 1242//1242 1247//1247 1241//1241
f 1242//1242 1246//1246 1247//1247
f 1243//1243 1246//1246 1242//1242
f 1243//1243 1245//1245 1246//1246
f 1245//1245 1243//1243 1244//1244
f 1255//1255 1256//1256 1345//1345
f 1256//1256 1255//1255 1254//1254
f 1260//1260 1257//1257 1365//1365
f 1257//1257 1260//1260 1097//1097
f 1259//1259 1100//1100 1260//1260
f 1083//1083 1100//1100 1259//1259
f 1100//1100 1083//1083 1082//1082
f 1389//1389 1390//1390 1391//1391
f 1389//1389 1388//1388 1390//1390
f 1387//1387 1388//1388 1389//1389
f 1387//1387 1386//1386 1388//1388
f 1385//1385 1386//1386 1387//1387
f 1385//1385 1384//1384 1386//1386
f 1383//1383 1384//1384 1385//1385
f 1383//1383 1382//1382 1384//1384
f 1381//1381 1382//1382 1383//1383
f 1381//1381 1380//1380 1382//1382
f 1379//1379 1380//1380 1381//1381
f 1379//1379 1378//1378 1380//1380
f 1377//1377 1378//1378 1379//1379
f 1377//1377 1376//1376 1378//1378
f 1375//1375 1376//1376 1377//1377
f 1375//1375 1374//1374 1376//1376
f 1373//1373 1374//1374 1375//1375
f 1373//1373 1372//1372 1374//1374
f 1371//1371 1372//1372 1373//1373
f 1371//1371 1370//1370 1372//1372
f 1369//1369 1370//1370 1371//1371
f 1369//1369 1368//1368 1370//1370
f 1367//1367 1368//1368 1369//1369
f 1368//1368 1367//1367 1366//1366
f 1393//1393 1394//1394 1395//1395
f 1394//1394 1393//1393 1392//1392
f 1395//1395 1396//1396 1397//1397
f 1396//1396 1395//1395 1394//1394
f 1396//1396 1399//1399 1397//1397
f 1399//1399 1396//1396 1398//1398
f 1398//1398 1401//1401 1399//1399
f 1401//1401 1398//1398 1400//1400
f 1400//1400 1403//1403 1401//1401
f 1403//1403 1400//1400 1402//1402
f 1402//1402 1405//1405 1403//1403
f 1405//1405 1402//1402 1404//1404
f 1404//1404 1407//1407 1405//1405
f 1407//1407 1404//1404 1406//1406
f 1406//1406 1409//1409 1407//1407
f 1409//1409 1406//1406 1408//1408
f 1411//1411 1409//1409 1408//1408
f 1409//1409 1411//1411 1410//1410
f 1413//1413 1410//1410 1411//1411
f 1410//1410 1413//1413 1412//1412
f 1415//1415 1412//1412 1413//1413
f 1412//1412 1415//1415 1414//1414
f 1367//1367 1417//1417 1366//1366
f 1417//1417 1367//1367 1416//1416
f 1366//1366 1419//1419 1368//1368
f 1417//1417 1419//1419 1366//1366
f 1419//1419 1417//1417 1418//1418
f 1368//1368 1420//1420 1370//1370
f 1420//1420 1368//1368 1419//1419
f 1420//1420 1372//1372 1370//1370
f 1372//1372 1420//1420 1421//1421
f 1421//1421 1374//1374 1372//1372
f 1374//1374 1421//1421 1422//1422
f 1422//1422 1376//1376 1374//1374
f 1376//1376 1422//1422 1423//1423
f 1423//1423 1378//1378 1376//1376
f 1378//1378 1423//1423 1424//1424
f 1424//1424 1380//1380 1378//1378
f 1380//1380 1424//1424 1425//1425
f 1425//1425 1382//1382 1380//1380
f 1382//1382 1425//1425 1426//1426
f 1426//1426 1384//1384 1382//1382
f 1384//1384 1426//1426 1427//1427
f 1427//1427 1386//1386 1384//1384
f 1386//1386 1427//1427 1428//1428
f 1429//1429 1386//1386 1428//1428
f 1386//1386 1429//1429 1388//1388
f 1430//1430 1388//1388 1429//1429
f 1388//1388 1430//1430 1390//1390
f 1432//1432 1390//1390 1430//1430
f 1431//1431 1390//1390 1432//1432
f 1390//1390 1431//1431 1391//1391
f 1272//1272 1275//1275 1274//1274
f 1295//1295 1275//1275 1272//1272
f 1275//1275 1295//1295 1433//1433
f 1275//1275 1434//1434 1276//1276
f 1434//1434 1275//1275 1433//1433
f 1277//1277 1434//1434 1282//1282
f 1434//1434 1277//1277 1276//1276
f 1281//1281 1434//1434 1282//1282
f 1281//1281 1433//1433 1434//1434
f 1283//1283 1433//1433 1281//1281
f 1283//1283 1295//1295 1433//1433
f 1284//1284 1295//1295 1283//1283
f 1284//1284 1294//1294 1295//1295
f 1285//1285 1294//1294 1284//1284
f 1285//1285 1293//1293 1294//1294
f 1286//1286 1293//1293 1285//1285
f 1286//1286 1292//1292 1293//1293
f 1287//1287 1292//1292 1286//1286
f 1287//1287 1291//1291 1292//1292
f 1288//1288 1291//1291 1287//1287
f 1288//1288 1290//1290 1291//1291
f 1290//1290 1288//1288 1289//1289
f 1280//1280 1281//1281 1282//1282
f 1280//1280 1283//1283 1281//1281
f 1280//1280 1284//1284 1283//1283
f 1288//1288 1279//1279 1289//1289
f 1287//1287 1279//1279 1288//1288
f 1286//1286 1279//1279 1287//1287
f 1285//1285 1279//1279 1286//1286
f 1284//1284 1279//1279 1285//1285
f 1279//1279 1284//1284 1280//1280
f 1279//1279 1290//1290 1289//1289
f 1159//1159 1290//1290 1279//1279
f 1159//1159 1291//1291 1290//1290
f 1159//1159 1292//1292 1291//1291
f 1278//1278 1292//1292 1159//1159
f 1278//1278 1293//1293 1292//1292
f 1278//1278 1294//1294 1293//1293
f 1278//1278 1295//1295 1294//1294
f 1295//1295 1278//1278 1435//1435
f 1172//1172 1296//1296 1174//1174
f 1169//1169 1296//1296 1172//1172
f 1296//1296 1169//1169 1280//1280
f 1297//1297 1296//1296 1436//1436
f 1296//1296 1297//1297 1175//1175
f 1298//1298 1297//1297 1437//1437
f 1297//1297 1298//1298 1176//1176
f 1299//1299 1298//1298 1438//1438
f 1298//1298 1299//1299 1177//1177
f 1300//1300 1299//1299 1439//1439
f 1299//1299 1300//1300 1178//1178
f 1180//1180 1300//1300 1301//1301
f 1300//1300 1180//1180 1179//1179
f 1463//1463 1464//1464 1465//1465
f 1463//1463 1462//1462 1464//1464
f 1461//1461 1462//1462 1463//1463
f 1461//1461 1460//1460 1462//1462
f 1459//1459 1460//1460 1461//1461
f 1459//1459 1458//1458 1460//1460
f 1457//1457 1458//1458 1459//1459
f 1457//1457 1456//1456 1458//1458
f 1455//1455 1456//1456 1457//1457
f 1455//1455 1454//1454 1456//1456
f 1453//1453 1454//1454 1455//1455
f 1453//1453 1452//1452 1454//1454
f 1451//1451 1452//1452 1453//1453
f 1451//1451 1450//1450 1452//1452
f 1449//1449 1450//1450 1451//1451
f 1449//1449 1448//1448 1450//1450
f 1447//1447 1448//1448 1449//1449
f 1447//1447 1446//1446 1448//1448
f 1445//1445 1446//1446 1447//1447
f 1445//1445 1444//1444 1446//1446
f 1443//1443 1444//1444 1445//1445
f 1443//1443 1442//1442 1444//1444
f 1441//1441 1442//1442 1443//1443
f 1442//1442 1441//1441 1440//1440
f 1302//1302 1301//1301 1466//1466
f 1301//1301 1302//1302 1181//1181
f 1440//1440 1468//1468 1442//1442
f 1468//1468 1440//1440 1467//1467
f 1442//1442 1469//1469 1444//1444
f 1469//1469 1442//1442 1468//1468
f 1444//1444 1470//1470 1446//1446
f 1470//1470 1444//1444 1469//1469
f 1446//1446 1471//1471 1448//1448
f 1471//1471 1446//1446 1470//1470
f 1448//1448 1472//1472 1450//1450
f 1472//1472 1448//1448 1471//1471
f 1450//1450 1473//1473 1452//1452
f 1473//1473 1450//1450 1472//1472
f 1452//1452 1474//1474 1454//1454
f 1474//1474 1452//1452 1473//1473
f 1454//1454 1475//1475 1456//1456
f 1475//1475 1454//1454 1474//1474
f 1456//1456 1476//1476 1458//1458
f 1476//1476 1456//1456 1475//1475
f 1458//1458 1477//1477 1460//1460
f 1477//1477 1458//1458 1476//1476
f 1478//1478 1460//1460 1477//1477
f 1460//1460 1478//1478 1462//1462
f 1480//1480 1462//1462 1478//1478
f 1479//1479 1462//1462 1480//1480
f 1462//1462 1479//1479 1464//1464
f 1479//1479 1481//1481 1482//1482
f 1481//1481 1479//1479 1480//1480
f 1484//1484 1485//1485 1486//1486
f 1485//1485 1484//1484 1483//1483
f 1486//1486 1487//1487 1488//1488
f 1487//1487 1486//1486 1485//1485
f 1488//1488 1489//1489 1490//1490
f 1489//1489 1488//1488 1487//1487
f 1490//1490 1491//1491 1492//1492
f 1491//1491 1490//1490 1489//1489
f 1492//1492 1493//1493 1494//1494
f 1493//1493 1492//1492 1491//1491
f 1494//1494 1495//1495 1496//1496
f 1495//1495 1494//1494 1493//1493
f 1496//1496 1497//1497 1498//1498
f 1497//1497 1496//1496 1495//1495
f 1498//1498 1499//1499 1500//1500
f 1499//1499 1498//1498 1497//1497
f 1502//1502 1500//1500 1499//1499
f 1500//1500 1502//1502 1501//1501
f 1504//1504 1501//1501 1502//1502
f 1501//1501 1504//1504 1503//1503
f 1482//1482 1483//1483 1484//1484
f 1481//1481 1483//1483 1482//1482
f 1483//1483 1481//1481 1505//1505
f 1342//1342 1302//1302 1506//1506
f 1302//1302 1342//1342 1182//1182
f 1326//1326 1508//1508 1328//1328
f 1323//1323 1508//1508 1326//1326
f 1321//1321 1508//1508 1323//1323
f 1319//1319 1508//1508 1321//1321
f 1317//1317 1508//1508 1319//1319
f 1315//1315 1508//1508 1317//1317
f 1313//1313 1508//1508 1315//1315
f 1311//1311 1508//1508 1313//1313
f 1309//1309 1508//1508 1311//1311
f 1307//1307 1508//1508 1309//1309
f 1307//1307 1507//1507 1508//1508
f 1305//1305 1507//1507 1307//1307
f 1507//1507 1305//1305 1303//1303
f 1303//1303 1509//1509 1507//1507
f 1509//1509 1303//1303 1348//1348
f 1440//1440 1511//1511 1467//1467
f 1441//1441 1511//1511 1440//1440
f 1511//1511 1441//1441 1510//1510
f 1512//1512 1508//1508 1513//1513
f 1508//1508 1512//1512 1328//1328
f 1512//1512 1327//1327 1328//1328
f 1514//1514 1327//1327 1512//1512
f 1327//1327 1514//1514 1341//1341
f 1515//1515 1341//1341 1514//1514
f 1341//1341 1515//1515 1340//1340
f 1516//1516 1340//1340 1515//1515
f 1340//1340 1516//1516 1339//1339
f 1516//1516 1338//1338 1339//1339
f 1338//1338 1516//1516 1517//1517
f 1517//1517 1337//1337 1338//1338
f 1337//1337 1517//1517 1518//1518
f 1518//1518 1336//1336 1337//1337
f 1336//1336 1518//1518 1519//1519
f 1519//1519 1335//1335 1336//1336
f 1335//1335 1519//1519 1520//1520
f 1520//1520 1334//1334 1335//1335
f 1334//1334 1520//1520 1521//1521
f 1521//1521 1333//1333 1334//1334
f 1333//1333 1521//1521 1522//1522
f 1522//1522 1332//1332 1333//1333
f 1332//1332 1522//1522 1523//1523
f 1523//1523 1331//1331 1332//1332
f 1331//1331 1523//1523 1524//1524
f 1331//1331 1525//1525 1330//1330
f 1525//1525 1331//1331 1524//1524
f 1330//1330 1347//1347 1329//1329
f 1347//1347 1330//1330 1525//1525
f 1363//1363 1342//1342 1526//1526
f 1342//1342 1363//1363 1237//1237
f 1344//1344 1345//1345 1349//1349
f 1345//1345 1344//1344 1343//1343
f 1350//1350 1345//1345 1349//1349
f 1350//1350 1253//1253 1345//1345
f 1351//1351 1253//1253 1350//1350
f 1351//1351 1252//1252 1253//1253
f 1352//1352 1252//1252 1351//1351
f 1352//1352 1362//1362 1252//1252
f 1353//1353 1362//1362 1352//1352
f 1353//1353 1361//1361 1362//1362
f 1354//1354 1361//1361 1353//1353
f 1354//1354 1360//1360 1361//1361
f 1355//1355 1360//1360 1354//1354
f 1355//1355 1359//1359 1360//1360
f 1356//1356 1359//1359 1355//1355
f 1356//1356 1358//1358 1359//1359
f 1358//1358 1356//1356 1357//1357
f 1509//1509 1350//1350 1349//1349
f 1348//1348 1350//1350 1509//1509
f 1348//1348 1351//1351 1350//1350
f 1348//1348 1352//1352 1351//1351
f 1348//1348 1353//1353 1352//1352
f 1348//1348 1354//1354 1353//1353
f 1348//1348 1355//1355 1354//1354
f 1356//1356 1347//1347 1357//1357
f 1355//1355 1347//1347 1356//1356
f 1347//1347 1355//1355 1348//1348
f 1347//1347 1358//1358 1357//1357
f 1362//1362 1346//1346 1252//1252
f 1361//1361 1346//1346 1362//1362
f 1360//1360 1346//1346 1361//1361
f 1359//1359 1346//1346 1360//1360
f 1358//1358 1346//1346 1359//1359
f 1347//1347 1346//1346 1358//1358
f 1347//1347 1239//1239 1346//1346
f 1527//1527 1239//1239 1347//1347
f 1239//1239 1527//1527 1364//1364
f 1365//1365 1363//1363 1528//1528
f 1363//1363 1365//1365 1257//1257
f 1256//1256 1365//1365 1345//1345
f 1259//1259 1365//1365 1256//1256
f 1365//1365 1259//1259 1260//1260
f 1530//1530 1531//1531 1532//1532
f 1531//1531 1530//1530 1529//1529
f 1531//1531 1534//1534 1532//1532
f 1534//1534 1531//1531 1533//1533
f 1533//1533 1536//1536 1534//1534
f 1536//1536 1533//1533 1535//1535
f 1535//1535 1538//1538 1536//1536
f 1538//1538 1535//1535 1537//1537
f 1537//1537 1540//1540 1538//1538
f 1540//1540 1537//1537 1539//1539
f 1539//1539 1542//1542 1540//1540
f 1542//1542 1539//1539 1541//1541
f 1541//1541 1544//1544 1542//1542
f 1544//1544 1541//1541 1543//1543
f 1543//1543 1546//1546 1544//1544
f 1546//1546 1543//1543 1545//1545
f 1545//1545 1548//1548 1546//1546
f 1548//1548 1545//1545 1547//1547
f 1550//1550 1548//1548 1547//1547
f 1548//1548 1550//1550 1549//1549
f 1553//1553 1414//1414 1415//1415
f 1552//1552 1414//1414 1553//1553
f 1414//1414 1552//1552 1551//1551
f 1555//1555 1551//1551 1552//1552
f 1551//1551 1555//1555 1554//1554
f 1557//1557 1554//1554 1555//1555
f 1554//1554 1557//1557 1556//1556
f 1559//1559 1556//1556 1557//1557
f 1556//1556 1559//1559 1558//1558
f 1558//1558 1560//1560 1561//1561
f 1560//1560 1558//1558 1559//1559
f 1561//1561 1562//1562 1563//1563
f 1562//1562 1561//1561 1560//1560
f 1563//1563 1564//1564 1565//1565
f 1564//1564 1563//1563 1562//1562
f 1565//1565 1566//1566 1567//1567
f 1566//1566 1565//1565 1564//1564
f 1567//1567 1568//1568 1569//1569
f 1568//1568 1567//1567 1566//1566
f 1569//1569 1570//1570 1571//1571
f 1570//1570 1569//1569 1568//1568
f 1571//1571 1572//1572 1573//1573
f 1572//1572 1571//1571 1570//1570
f 1573//1573 1574//1574 1575//1575
f 1574//1574 1573//1573 1572//1572
f 1576//1576 1391//1391 1431//1431
f 1391//1391 1576//1576 1389//1389
f 1577//1577 1389//1389 1576//1576
f 1389//1389 1577//1577 1387//1387
f 1387//1387 1578//1578 1385//1385
f 1578//1578 1387//1387 1577//1577
f 1385//1385 1579//1579 1383//1383
f 1579//1579 1385//1385 1578//1578
f 1383//1383 1580//1580 1381//1381
f 1580//1580 1383//1383 1579//1579
f 1381//1381 1581//1581 1379//1379
f 1581//1581 1381//1381 1580//1580
f 1379//1379 1582//1582 1377//1377
f 1582//1582 1379//1379 1581//1581
f 1377//1377 1583//1583 1375//1375
f 1583//1583 1377//1377 1582//1582
f 1375//1375 1584//1584 1373//1373
f 1584//1584 1375//1375 1583//1583
f 1373//1373 1585//1585 1371//1371
f 1585//1585 1373//1373 1584//1584
f 1371//1371 1586//1586 1369//1369
f 1586//1586 1371//1371 1585//1585
f 1367//1367 1587//1587 1416//1416
f 1369//1369 1587//1587 1367//1367
f 1587//1587 1369//1369 1586//1586
f 1553//1553 1416//1416 1587//1587
f 1416//1416 1553//1553 1415//1415
f 1575//1575 1588//1588 1589//1589
f 1588//1588 1575//1575 1574//1574
f 1554//1554 1414//1414 1551//1551
f 1554//1554 1412//1412 1414//1414
f 1556//1556 1412//1412 1554//1554
f 1556//1556 1410//1410 1412//1412
f 1558//1558 1410//1410 1556//1556
f 1558//1558 1409//1409 1410//1410
f 1561//1561 1409//1409 1558//1558
f 1561//1561 1407//1407 1409//1409
f 1563//1563 1407//1407 1561//1561
f 1563//1563 1405//1405 1407//1407
f 1565//1565 1405//1405 1563//1563
f 1565//1565 1403//1403 1405//1405
f 1567//1567 1403//1403 1565//1565
f 1567//1567 1401//1401 1403//1403
f 1569//1569 1401//1401 1567//1567
f 1569//1569 1399//1399 1401//1401
f 1571//1571 1399//1399 1569//1569
f 1571//1571 1397//1397 1399//1399
f 1573//1573 1397//1397 1571//1571
f 1573//1573 1395//1395 1397//1397
f 1575//1575 1395//1395 1573//1573
f 1575//1575 1393//1393 1395//1395
f 1589//1589 1393//1393 1575//1575
f 1393//1393 1589//1589 1590//1590
f 1590//1590 1392//1392 1393//1393
f 1392//1392 1590//1590 1591//1591
f 1593//1593 1549//1549 1550//1550
f 1549//1549 1593//1593 1592//1592
f 1418//1418 1595//1595 1596//1596
f 1595//1595 1418//1418 1594//1594
f 1415//1415 1417//1417 1416//1416
f 1415//1415 1598//1598 1417//1417
f 1413//1413 1598//1598 1415//1415
f 1411//1411 1598//1598 1413//1413
f 1408//1408 1598//1598 1411//1411
f 1406//1406 1598//1598 1408//1408
f 1404//1404 1598//1598 1406//1406
f 1402//1402 1598//1598 1404//1404
f 1400//1400 1598//1598 1402//1402
f 1398//1398 1598//1598 1400//1400
f 1396//1396 1598//1598 1398//1398
f 1394//1394 1598//1598 1396//1396
f 1394//1394 1597//1597 1598//1598
f 1392//1392 1597//1597 1394//1394
f 1597//1597 1392//1392 1591//1591
f 1418//1418 1598//1598 1596//1596
f 1598//1598 1418//1418 1417//1417
f 1594//1594 1417//1417 1418//1418
f 1587//1587 1417//1417 1594//1594
f 1417//1417 1587//1587 1416//1416
f 1429//1429 1600//1600 1430//1430
f 1428//1428 1600//1600 1429//1429
f 1427//1427 1600//1600 1428//1428
f 1426//1426 1600//1600 1427//1427
f 1425//1425 1600//1600 1426//1426
f 1424//1424 1600//1600 1425//1425
f 1423//1423 1600//1600 1424//1424
f 1422//1422 1600//1600 1423//1423
f 1421//1421 1600//1600 1422//1422
f 1420//1420 1600//1600 1421//1421
f 1596//1596 1419//1419 1418//1418
f 1596//1596 1420//1420 1419//1419
f 1596//1596 1600//1600 1420//1420
f 1600//1600 1596//1596 1599//1599
f 1432//1432 1600//1600 1601//1601
f 1600//1600 1432//1432 1430//1430
f 1595//1595 1599//1599 1596//1596
f 1433//1433 1601//1601 1434//1434
f 1433//1433 1432//1432 1601//1601
f 1295//1295 1432//1432 1433//1433
f 1295//1295 1431//1431 1432//1432
f 1435//1435 1431//1431 1295//1295
f 1431//1431 1435//1435 1602//1602
f 1436//1436 1282//1282 1434//1434
f 1436//1436 1280//1280 1282//1282
f 1280//1280 1436//1436 1296//1296
f 1437//1437 1436//1436 1603//1603
f 1436//1436 1437//1437 1297//1297
f 1438//1438 1437//1437 1604//1604
f 1437//1437 1438//1438 1298//1298
f 1439//1439 1438//1438 1605//1605
f 1438//1438 1439//1439 1299//1299
f 1301//1301 1439//1439 1466//1466
f 1439//1439 1301//1301 1300//1300
f 1607//1607 1503//1503 1504//1504
f 1503//1503 1607//1607 1606//1606
f 1619//1619 1606//1606 1620//1620
f 1619//1619 1503//1503 1606//1606
f 1618//1618 1503//1503 1619//1619
f 1618//1618 1501//1501 1503//1503
f 1617//1617 1501//1501 1618//1618
f 1617//1617 1500//1500 1501//1501
f 1616//1616 1500//1500 1617//1617
f 1616//1616 1498//1498 1500//1500
f 1615//1615 1498//1498 1616//1616
f 1615//1615 1496//1496 1498//1498
f 1614//1614 1496//1496 1615//1615
f 1614//1614 1494//1494 1496//1496
f 1613//1613 1494//1494 1614//1614
f 1613//1613 1492//1492 1494//1494
f 1612//1612 1492//1492 1613//1613
f 1612//1612 1490//1490 1492//1492
f 1611//1611 1490//1490 1612//1612
f 1611//1611 1488//1488 1490//1490
f 1610//1610 1488//1488 1611//1611
f 1610//1610 1486//1486 1488//1488
f 1609//1609 1486//1486 1610//1610
f 1609//1609 1484//1484 1486//1486
f 1608//1608 1484//1484 1609//1609
f 1479//1479 1484//1484 1608//1608
f 1484//1484 1479//1479 1482//1482
f 1621//1621 1465//1465 1622//1622
f 1465//1465 1621//1621 1463//1463
f 1623//1623 1463//1463 1621//1621
f 1463//1463 1623//1623 1461//1461
f 1623//1623 1459//1459 1461//1461
f 1459//1459 1623//1623 1624//1624
f 1624//1624 1457//1457 1459//1459
f 1457//1457 1624//1624 1625//1625
f 1625//1625 1455//1455 1457//1457
f 1455//1455 1625//1625 1626//1626
f 1626//1626 1453//1453 1455//1455
f 1453//1453 1626//1626 1627//1627
f 1627//1627 1451//1451 1453//1453
f 1451//1451 1627//1627 1628//1628
f 1628//1628 1449//1449 1451//1451
f 1449//1449 1628//1628 1629//1629
f 1629//1629 1447//1447 1449//1449
f 1447//1447 1629//1629 1630//1630
f 1630//1630 1445//1445 1447//1447
f 1445//1445 1630//1630 1631//1631
f 1445//1445 1632//1632 1443//1443
f 1632//1632 1445//1445 1631//1631
f 1443//1443 1510//1510 1441//1441
f 1510//1510 1443//1443 1632//1632
f 1633//1633 1620//1620 1634//1634
f 1620//1620 1633//1633 1619//1619
f 1635//1635 1619//1619 1633//1633
f 1619//1619 1635//1635 1618//1618
f 1636//1636 1618//1618 1635//1635
f 1618//1618 1636//1636 1617//1617
f 1636//1636 1616//1616 1617//1617
f 1616//1616 1636//1636 1637//1637
f 1637//1637 1615//1615 1616//1616
f 1615//1615 1637//1637 1638//1638
f 1638//1638 1614//1614 1615//1615
f 1614//1614 1638//1638 1639//1639
f 1639//1639 1613//1613 1614//1614
f 1613//1613 1639//1639 1640//1640
f 1640//1640 1612//1612 1613//1613
f 1612//1612 1640//1640 1641//1641
f 1641//1641 1611//1611 1612//1612
f 1611//1611 1641//1641 1642//1642
f 1611//1611 1643//1643 1610//1610
f 1643//1643 1611//1611 1642//1642
f 1610//1610 1644//1644 1609//1609
f 1644//1644 1610//1610 1643//1643
f 1609//1609 1645//1645 1608//1608
f 1645//1645 1609//1609 1644//1644
f 1645//1645 1622//1622 1608//1608
f 1608//1608 1464//1464 1479//1479
f 1622//1622 1464//1464 1608//1608
f 1464//1464 1622//1622 1465//1465
f 1647//1647 1648//1648 1649//1649
f 1648//1648 1647//1647 1646//1646
f 1649//1649 1650//1650 1651//1651
f 1650//1650 1649//1649 1648//1648
f 1651//1651 1652//1652 1653//1653
f 1652//1652 1651//1651 1650//1650
f 1653//1653 1654//1654 1655//1655
f 1654//1654 1653//1653 1652//1652
f 1655//1655 1656//1656 1657//1657
f 1656//1656 1655//1655 1654//1654
f 1657//1657 1658//1658 1659//1659
f 1658//1658 1657//1657 1656//1656
f 1659//1659 1660//1660 1661//1661
f 1660//1660 1659//1659 1658//1658
f 1661//1661 1662//1662 1663//1663
f 1662//1662 1661//1661 1660//1660
f 1663//1663 1664//1664 1665//1665
f 1664//1664 1663//1663 1662//1662
f 1665//1665 1666//1666 1667//1667
f 1666//1666 1665//1665 1664//1664
f 1669//1669 1667//1667 1666//1666
f 1667//1667 1669//1669 1668//1668
f 1506//1506 1466//1466 1670//1670
f 1466//1466 1506//1506 1302//1302
f 1479//1479 1671//1671 1480//1480
f 1608//1608 1671//1671 1479//1479
f 1671//1671 1608//1608 1645//1645
f 1481//1481 1672//1672 1505//1505
f 1480//1480 1672//1672 1481//1481
f 1672//1672 1480//1480 1671//1671
f 1480//1480 1674//1674 1481//1481
f 1478//1478 1674//1674 1480//1480
f 1477//1477 1674//1674 1478//1478
f 1476//1476 1674//1674 1477//1477
f 1475//1475 1674//1674 1476//1476
f 1474//1474 1674//1674 1475//1475
f 1473//1473 1674//1674 1474//1474
f 1472//1472 1674//1674 1473//1473
f 1471//1471 1674//1674 1472//1472
f 1470//1470 1674//1674 1471//1471
f 1469//1469 1674//1674 1470//1470
f 1469//1469 1673//1673 1674//1674
f 1468//1468 1673//1673 1469//1469
f 1673//1673 1468//1468 1467//1467
f 1467//1467 1675//1675 1673//1673
f 1675//1675 1467//1467 1511//1511
f 1672//1672 1676//1676 1677//1677
f 1676//1676 1672//1672 1505//1505
f 1504//1504 1678//1678 1607//1607
f 1502//1502 1678//1678 1504//1504
f 1499//1499 1678//1678 1502//1502
f 1497//1497 1678//1678 1499//1499
f 1495//1495 1678//1678 1497//1497
f 1493//1493 1678//1678 1495//1495
f 1491//1491 1678//1678 1493//1493
f 1489//1489 1678//1678 1491//1491
f 1487//1487 1678//1678 1489//1489
f 1485//1485 1678//1678 1487//1487
f 1485//1485 1676//1676 1678//1678
f 1483//1483 1676//1676 1485//1485
f 1676//1676 1483//1483 1505//1505
f 1676//1676 1674//1674 1677//1677
f 1505//1505 1674//1674 1676//1676
f 1674//1674 1505//1505 1481//1481
f 1526//1526 1506//1506 1679//1679
f 1506//1506 1526//1526 1342//1342
f 1508//1508 1509//1509 1513//1513
f 1509//1509 1508//1508 1507//1507
f 1514//1514 1513//1513 1512//1512
f 1515//1515 1513//1513 1514//1514
f 1516//1516 1513//1513 1515//1515
f 1517//1517 1513//1513 1516//1516
f 1518//1518 1513//1513 1517//1517
f 1519//1519 1513//1513 1518//1518
f 1520//1520 1513//1513 1519//1519
f 1521//1521 1513//1513 1520//1520
f 1522//1522 1513//1513 1521//1521
f 1523//1523 1513//1513 1522//1522
f 1524//1524 1513//1513 1523//1523
f 1525//1525 1513//1513 1524//1524
f 1347//1347 1513//1513 1525//1525
f 1348//1348 1513//1513 1347//1347
f 1513//1513 1348//1348 1509//1509
f 1680//1680 1511//1511 1510//1510
f 1680//1680 1675//1675 1511//1511
f 1680//1680 1514//1514 1675//1675
f 1680//1680 1515//1515 1514//1514
f 1680//1680 1516//1516 1515//1515
f 1680//1680 1517//1517 1516//1516
f 1680//1680 1518//1518 1517//1517
f 1680//1680 1519//1519 1518//1518
f 1680//1680 1520//1520 1519//1519
f 1680//1680 1521//1521 1520//1520
f 1680//1680 1522//1522 1521//1521
f 1680//1680 1523//1523 1522//1522
f 1680//1680 1524//1524 1523//1523
f 1680//1680 1525//1525 1524//1524
f 1680//1680 1347//1347 1525//1525
f 1347//1347 1680//1680 1527//1527
f 1512//1512 1675//1675 1514//1514
f 1675//1675 1512//1512 1513//1513
f 1528//1528 1526//1526 1681//1681
f 1526//1526 1528//1528 1363//1363
f 1349//1349 1528//1528 1509//1509
f 1345//1345 1528//1528 1349//1349
f 1528//1528 1345//1345 1365//1365
f 1683//1683 1668//1668 1669//1669
f 1668//1668 1683//1683 1682//1682
f 1695//1695 1682//1682 1696//1696
f 1695//1695 1668//1668 1682//1682
f 1694//1694 1668//1668 1695//1695
f 1694//1694 1667//1667 1668//1668
f 1693//1693 1667//1667 1694//1694
f 1693//1693 1665//1665 1667//1667
f 1692//1692 1665//1665 1693//1693
f 1692//1692 1663//1663 1665//1665
f 1691//1691 1663//1663 1692//1692
f 1691//1691 1661//1661 1663//1663
f 1690//1690 1661//1661 1691//1691
f 1690//1690 1659//1659 1661//1661
f 1689//1689 1659//1659 1690//1690
f 1689//1689 1657//1657 1659//1659
f 1688//1688 1657//1657 1689//1689
f 1688//1688 1655//1655 1657//1657
f 1687//1687 1655//1655 1688//1688
f 1687//1687 1653//1653 1655//1655
f 1686//1686 1653//1653 1687//1687
f 1686//1686 1651//1651 1653//1653
f 1685//1685 1651//1651 1686//1686
f 1685//1685 1649//1649 1651//1651
f 1684//1684 1649//1649 1685//1685
f 1649//1649 1684//1684 1647//1647
f 1709//1709 1592//1592 1710//1710
f 1709//1709 1549//1549 1592//1592
f 1708//1708 1549//1549 1709//1709
f 1708//1708 1548//1548 1549//1549
f 1707//1707 1548//1548 1708//1708
f 1707//1707 1546//1546 1548//1548
f 1706//1706 1546//1546 1707//1707
f 1706//1706 1544//1544 1546//1546
f 1705//1705 1544//1544 1706//1706
f 1705//1705 1542//1542 1544//1544
f 1704//1704 1542//1542 1705//1705
f 1704//1704 1540//1540 1542//1542
f 1703//1703 1540//1540 1704//1704
f 1703//1703 1538//1538 1540//1540
f 1702//1702 1538//1538 1703//1703
f 1702//1702 1536//1536 1538//1538
f 1701//1701 1536//1536 1702//1702
f 1701//1701 1534//1534 1536//1536
f 1700//1700 1534//1534 1701//1701
f 1700//1700 1532//1532 1534//1534
f 1699//1699 1532//1532 1700//1700
f 1699//1699 1530//1530 1532//1532
f 1698//1698 1530//1530 1699//1699
f 1530//1530 1698//1698 1697//1697
f 1697//1697 1529//1529 1530//1530
f 1529//1529 1697//1697 1711//1711
f 1735//1735 1736//1736 1737//1737
f 1735//1735 1734//1734 1736//1736
f 1733//1733 1734//1734 1735//1735
f 1733//1733 1732//1732 1734//1734
f 1731//1731 1732//1732 1733//1733
f 1731//1731 1730//1730 1732//1732
f 1729//1729 1730//1730 1731//1731
f 1729//1729 1728//1728 1730//1730
f 1727//1727 1728//1728 1729//1729
f 1727//1727 1726//1726 1728//1728
f 1725//1725 1726//1726 1727//1727
f 1725//1725 1724//1724 1726//1726
f 1723//1723 1724//1724 1725//1725
f 1723//1723 1722//1722 1724//1724
f 1721//1721 1722//1722 1723//1723
f 1721//1721 1720//1720 1722//1722
f 1719//1719 1720//1720 1721//1721
f 1719//1719 1718//1718 1720//1720
f 1717//1717 1718//1718 1719//1719
f 1717//1717 1716//1716 1718//1718
f 1715//1715 1716//1716 1717//1717
f 1715//1715 1714//1714 1716//1716
f 1713//1713 1714//1714 1715//1715
f 1714//1714 1713//1713 1712//1712
f 1712//1712 1739//1739 1714//1714
f 1739//1739 1712//1712 1738//1738
f 1714//1714 1740//1740 1716//1716
f 1740//1740 1714//1714 1739//1739
f 1740//1740 1718//1718 1716//1716
f 1718//1718 1740//1740 1741//1741
f 1741//1741 1720//1720 1718//1718
f 1720//1720 1741//1741 1742//1742
f 1742//1742 1722//1722 1720//1720
f 1722//1722 1742//1742 1743//1743
f 1743//1743 1724//1724 1722//1722
f 1724//1724 1743//1743 1744//1744
f 1744//1744 1726//1726 1724//1724
f 1726//1726 1744//1744 1745//1745
f 1745//1745 1728//1728 1726//1726
f 1728//1728 1745//1745 1746//1746
f 1746//1746 1730//1730 1728//1728
f 1730//1730 1746//1746 1747//1747
f 1747//1747 1732//1732 1730//1730
f 1732//1732 1747//1747 1748//1748
f 1749//1749 1732//1732 1748//1748
f 1732//1732 1749//1749 1734//1734
f 1750//1750 1734//1734 1749//1749
f 1734//1734 1750//1750 1736//1736
f 1752//1752 1736//1736 1750//1750
f 1751//1751 1736//1736 1752//1752
f 1736//1736 1751//1751 1737//1737
f 1550//1550 1754//1754 1593//1593
f 1547//1547 1754//1754 1550//1550
f 1545//1545 1754//1754 1547//1547
f 1543//1543 1754//1754 1545//1545
f 1541//1541 1754//1754 1543//1543
f 1539//1539 1754//1754 1541//1541
f 1537//1537 1754//1754 1539//1539
f 1535//1535 1754//1754 1537//1537
f 1533//1533 1754//1754 1535//1535
f 1531//1531 1754//1754 1533//1533
f 1531//1531 1753//1753 1754//1754
f 1529//1529 1753//1753 1531//1531
f 1753//1753 1529//1529 1711//1711
f 1602//1602 1576//1576 1431//1431
f 1602//1602 1577//1577 1576//1576
f 1602//1602 1578//1578 1577//1577
f 1602//1602 1579//1579 1578//1578
f 1602//1602 1580//1580 1579//1579
f 1602//1602 1581//1581 1580//1580
f 1602//1602 1582//1582 1581//1581
f 1602//1602 1583//1583 1582//1582
f 1602//1602 1584//1584 1583//1583
f 1602//1602 1585//1585 1584//1584
f 1602//1602 1586//1586 1585//1585
f 1602//1602 1552//1552 1586//1586
f 1602//1602 1555//1555 1552//1552
f 1602//1602 1557//1557 1555//1555
f 1602//1602 1559//1559 1557//1557
f 1602//1602 1560//1560 1559//1559
f 1602//1602 1562//1562 1560//1560
f 1602//1602 1564//1564 1562//1562
f 1602//1602 1566//1566 1564//1564
f 1602//1602 1568//1568 1566//1566
f 1602//1602 1570//1570 1568//1568
f 1602//1602 1572//1572 1570//1570
f 1602//1602 1574//1574 1572//1572
f 1602//1602 1588//1588 1574//1574
f 1588//1588 1602//1602 1755//1755
f 1553//1553 1586//1586 1552//1552
f 1586//1586 1553//1553 1587//1587
f 1590//1590 1756//1756 1591//1591
f 1589//1589 1756//1756 1590//1590
f 1756//1756 1589//1589 1588//1588
f 1591//1591 1757//1757 1597//1597
f 1757//1757 1591//1591 1756//1756
f 1758//1758 1754//1754 1759//1759
f 1754//1754 1758//1758 1593//1593
f 1758//1758 1592//1592 1593//1593
f 1760//1760 1592//1592 1758//1758
f 1592//1592 1760//1760 1710//1710
f 1761//1761 1710//1710 1760//1760
f 1710//1710 1761//1761 1709//1709
f 1762//1762 1709//1709 1761//1761
f 1709//1709 1762//1762 1708//1708
f 1708//1708 1763//1763 1707//1707
f 1763//1763 1708//1708 1762//1762
f 1707//1707 1764//1764 1706//1706
f 1764//1764 1707//1707 1763//1763
f 1706//1706 1765//1765 1705//1705
f 1765//1765 1706//1706 1764//1764
f 1705//1705 1766//1766 1704//1704
f 1766//1766 1705//1705 1765//1765
f 1704//1704 1767//1767 1703//1703
f 1767//1767 1704//1704 1766//1766
f 1703//1703 1768//1768 1702//1702
f 1768//1768 1703//1703 1767//1767
f 1702//1702 1769//1769 1701//1701
f 1769//1769 1702//1702 1768//1768
f 1701//1701 1770//1770 1700//1700
f 1770//1770 1701//1701 1769//1769
f 1700//1700 1771//1771 1699//1699
f 1771//1771 1700//1700 1770//1770
f 1699//1699 1772//1772 1698//1698
f 1772//1772 1699//1699 1771//1771
f 1552//1552 1587//1587 1553//1553
f 1587//1587 1555//1555 1594//1594
f 1555//1555 1587//1587 1552//1552
f 1555//1555 1595//1595 1594//1594
f 1557//1557 1595//1595 1555//1555
f 1559//1559 1595//1595 1557//1557
f 1560//1560 1595//1595 1559//1559
f 1562//1562 1595//1595 1560//1560
f 1564//1564 1595//1595 1562//1562
f 1566//1566 1595//1595 1564//1564
f 1568//1568 1595//1595 1566//1566
f 1570//1570 1595//1595 1568//1568
f 1572//1572 1595//1595 1570//1570
f 1574//1574 1595//1595 1572//1572
f 1588//1588 1595//1595 1574//1574
f 1756//1756 1595//1595 1588//1588
f 1595//1595 1756//1756 1757//1757
f 1598//1598 1595//1595 1596//1596
f 1597//1597 1595//1595 1598//1598
f 1595//1595 1597//1597 1757//1757
f 1431//1431 1601//1601 1432//1432
f 1576//1576 1601//1601 1431//1431
f 1577//1577 1601//1601 1576//1576
f 1578//1578 1601//1601 1577//1577
f 1579//1579 1601//1601 1578//1578
f 1580//1580 1601//1601 1579//1579
f 1581//1581 1601//1601 1580//1580
f 1582//1582 1601//1601 1581//1581
f 1583//1583 1601//1601 1582//1582
f 1584//1584 1601//1601 1583//1583
f 1585//1585 1601//1601 1584//1584
f 1586//1586 1601//1601 1585//1585
f 1586//1586 1595//1595 1601//1601
f 1587//1587 1595//1595 1586//1586
f 1595//1595 1587//1587 1594//1594
f 1599//1599 1601//1601 1600//1600
f 1601//1601 1599//1599 1595//1595
f 1603//1603 1434//1434 1601//1601
f 1434//1434 1603//1603 1436//1436
f 1604//1604 1603//1603 1773//1773
f 1603//1603 1604//1604 1437//1437
f 1605//1605 1604//1604 1774//1774
f 1604//1604 1605//1605 1438//1438
f 1466//1466 1605//1605 1670//1670
f 1605//1605 1466//1466 1439//1439
f 1775//1775 1678//1678 1776//1776
f 1678//1678 1775//1775 1607//1607
f 1775//1775 1606//1606 1607//1607
f 1634//1634 1606//1606 1775//1775
f 1606//1606 1634//1634 1620//1620
f 1777//1777 1633//1633 1634//1634
f 1777//1777 1635//1635 1633//1633
f 1777//1777 1636//1636 1635//1635
f 1777//1777 1637//1637 1636//1636
f 1777//1777 1638//1638 1637//1637
f 1777//1777 1639//1639 1638//1638
f 1777//1777 1640//1640 1639//1639
f 1777//1777 1641//1641 1640//1640
f 1777//1777 1642//1642 1641//1641
f 1777//1777 1643//1643 1642//1642
f 1777//1777 1644//1644 1643//1643
f 1777//1777 1645//1645 1644//1644
f 1777//1777 1622//1622 1645//1645
f 1777//1777 1621//1621 1622//1622
f 1777//1777 1623//1623 1621//1621
f 1777//1777 1624//1624 1623//1623
f 1777//1777 1625//1625 1624//1624
f 1777//1777 1626//1626 1625//1625
f 1777//1777 1627//1627 1626//1626
f 1777//1777 1628//1628 1627//1627
f 1777//1777 1629//1629 1628//1628
f 1777//1777 1630//1630 1629//1629
f 1777//1777 1631//1631 1630//1630
f 1777//1777 1632//1632 1631//1631
f 1680//1680 1632//1632 1777//1777
f 1632//1632 1680//1680 1510//1510
f 1778//1778 1696//1696 1779//1779
f 1696//1696 1778//1778 1695//1695
f 1780//1780 1695//1695 1778//1778
f 1695//1695 1780//1780 1694//1694
f 1780//1780 1693//1693 1694//1694
f 1693//1693 1780//1780 1781//1781
f 1781//1781 1692//1692 1693//1693
f 1692//1692 1781//1781 1782//1782
f 1782//1782 1691//1691 1692//1692
f 1691//1691 1782//1782 1783//1783
f 1783//1783 1690//1690 1691//1691
f 1690//1690 1783//1783 1784//1784
f 1784//1784 1689//1689 1690//1690
f 1689//1689 1784//1784 1785//1785
f 1785//1785 1688//1688 1689//1689
f 1688//1688 1785//1785 1786//1786
f 1786//1786 1687//1687 1688//1688
f 1687//1687 1786//1786 1787//1787
f 1787//1787 1686//1686 1687//1687
f 1686//1686 1787//1787 1788//1788
f 1686//1686 1789//1789 1685//1685
f 1789//1789 1686//1686 1788//1788
f 1685//1685 1790//1790 1684//1684
f 1790//1790 1685//1685 1789//1789
f 1647//1647 1791//1791 1646//1646
f 1684//1684 1791//1791 1647//1647
f 1791//1791 1684//1684 1790//1790
f 1669//1669 1793//1793 1683//1683
f 1666//1666 1793//1793 1669//1669
f 1664//1664 1793//1793 1666//1666
f 1662//1662 1793//1793 1664//1664
f 1660//1660 1793//1793 1662//1662
f 1658//1658 1793//1793 1660//1660
f 1656//1656 1793//1793 1658//1658
f 1654//1654 1793//1793 1656//1656
f 1652//1652 1793//1793 1654//1654
f 1650//1650 1793//1793 1652//1652
f 1650//1650 1792//1792 1793//1793
f 1648//1648 1792//1792 1650//1650
f 1792//1792 1648//1648 1646//1646
f 1646//1646 1794//1794 1792//1792
f 1794//1794 1646//1646 1791//1791
f 1679//1679 1670//1670 1795//1795
f 1670//1670 1679//1679 1506//1506
f 1622//1622 1671//1671 1645//1645
f 1622//1622 1677//1677 1671//1671
f 1621//1621 1677//1677 1622//1622
f 1623//1623 1677//1677 1621//1621
f 1624//1624 1677//1677 1623//1623
f 1625//1625 1677//1677 1624//1624
f 1626//1626 1677//1677 1625//1625
f 1627//1627 1677//1677 1626//1626
f 1628//1628 1677//1677 1627//1627
f 1629//1629 1677//1677 1628//1628
f 1630//1630 1677//1677 1629//1629
f 1631//1631 1677//1677 1630//1630
f 1632//1632 1677//1677 1631//1631
f 1510//1510 1677//1677 1632//1632
f 1511//1511 1677//1677 1510//1510
f 1677//1677 1511//1511 1675//1675
f 1672//1672 1671//1671 1677//1677
f 1674//1674 1675//1675 1677//1677
f 1675//1675 1674//1674 1673//1673
f 1645//1645 1671//1671 1672//1672
f 1633//1633 1776//1776 1775//1775
f 1635//1635 1776//1776 1633//1633
f 1636//1636 1776//1776 1635//1635
f 1637//1637 1776//1776 1636//1636
f 1638//1638 1776//1776 1637//1637
f 1639//1639 1776//1776 1638//1638
f 1640//1640 1776//1776 1639//1639
f 1641//1641 1776//1776 1640//1640
f 1642//1642 1776//1776 1641//1641
f 1643//1643 1776//1776 1642//1642
f 1644//1644 1776//1776 1643//1643
f 1645//1645 1776//1776 1644//1644
f 1672//1672 1776//1776 1645//1645
f 1776//1776 1672//1672 1677//1677
f 1634//1634 1633//1633 1775//1775
f 1678//1678 1677//1677 1776//1776
f 1677//1677 1678//1678 1676//1676
f 1681//1681 1679//1679 1796//1796
f 1679//1679 1681//1681 1526//1526
f 1513//1513 1681//1681 1675//1675
f 1509//1509 1681//1681 1513//1513
f 1681//1681 1509//1509 1528//1528
f 1797//1797 1793//1793 1798//1798
f 1793//1793 1797//1797 1683//1683
f 1797//1797 1682//1682 1683//1683
f 1779//1779 1682//1682 1797//1797
f 1682//1682 1779//1779 1696//1696
f 1697//1697 1799//1799 1711//1711
f 1698//1698 1799//1799 1697//1697
f 1799//1799 1698//1698 1772//1772
f 1800//1800 1737//1737 1751//1751
f 1737//1737 1800//1800 1735//1735
f 1801//1801 1735//1735 1800//1800
f 1735//1735 1801//1801 1733//1733
f 1733//1733 1802//1802 1731//1731
f 1802//1802 1733//1733 1801//1801
f 1731//1731 1803//1803 1729//1729
f 1803//1803 1731//1731 1802//1802
f 1729//1729 1804//1804 1727//1727
f 1804//1804 1729//1729 1803//1803
f 1727//1727 1805//1805 1725//1725
f 1805//1805 1727//1727 1804//1804
f 1725//1725 1806//1806 1723//1723
f 1806//1806 1725//1725 1805//1805
f 1723//1723 1807//1807 1721//1721
f 1807//1807 1723//1723 1806//1806
f 1721//1721 1808//1808 1719//1719
f 1808//1808 1721//1721 1807//1807
f 1719//1719 1809//1809 1717//1717
f 1809//1809 1719//1719 1808//1808
f 1717//1717 1810//1810 1715//1715
f 1810//1810 1717//1717 1809//1809
f 1715//1715 1811//1811 1713//1713
f 1811//1811 1715//1715 1810//1810
f 1712//1712 1812//1812 1738//1738
f 1713//1713 1812//1812 1712//1712
f 1812//1812 1713//1713 1811//1811
f 1753//1753 1752//1752 1813//1813
f 1753//1753 1751//1751 1752//1752
f 1711//1711 1751//1751 1753//1753
f 1751//1751 1711//1711 1799//1799
f 1749//1749 1815//1815 1750//1750
f 1748//1748 1815//1815 1749//1749
f 1747//1747 1815//1815 1748//1748
f 1746//1746 1815//1815 1747//1747
f 1745//1745 1815//1815 1746//1746
f 1744//1744 1815//1815 1745//1745
f 1743//1743 1815//1815 1744//1744
f 1742//1742 1815//1815 1743//1743
f 1741//1741 1815//1815 1742//1742
f 1740//1740 1815//1815 1741//1741
f 1740//1740 1814//1814 1815//1815
f 1739//1739 1814//1814 1740//1740
f 1814//1814 1739//1739 1738//1738
f 1752//1752 1815//1815 1813//1813
f 1815//1815 1752//1752 1750//1750
f 1738//1738 1816//1816 1814//1814
f 1816//1816 1738//1738 1812//1812
f 1760//1760 1759//1759 1758//1758
f 1761//1761 1759//1759 1760//1760
f 1762//1762 1759//1759 1761//1761
f 1763//1763 1759//1759 1762//1762
f 1764//1764 1759//1759 1763//1763
f 1765//1765 1759//1759 1764//1764
f 1766//1766 1759//1759 1765//1765
f 1767//1767 1759//1759 1766//1766
f 1768//1768 1759//1759 1767//1767
f 1769//1769 1759//1759 1768//1768
f 1770//1770 1759//1759 1769//1769
f 1771//1771 1759//1759 1770//1770
f 1772//1772 1759//1759 1771//1771
f 1799//1799 1759//1759 1772//1772
f 1799//1799 1813//1813 1759//1759
f 1751//1751 1813//1813 1799//1799
f 1813//1813 1751//1751 1752//1752
f 1753//1753 1759//1759 1754//1754
f 1759//1759 1753//1753 1813//1813
f 1755//1755 1756//1756 1588//1588
f 1755//1755 1757//1757 1756//1756
f 1755//1755 1760//1760 1757//1757
f 1755//1755 1761//1761 1760//1760
f 1755//1755 1762//1762 1761//1761
f 1755//1755 1763//1763 1762//1762
f 1755//1755 1764//1764 1763//1763
f 1755//1755 1765//1765 1764//1764
f 1755//1755 1766//1766 1765//1765
f 1755//1755 1767//1767 1766//1766
f 1755//1755 1768//1768 1767//1767
f 1755//1755 1769//1769 1768//1768
f 1755//1755 1770//1770 1769//1769
f 1755//1755 1771//1771 1770//1770
f 1755//1755 1772//1772 1771//1771
f 1772//1772 1755//1755 1817//1817
f 1758//1758 1757//1757 1760//1760
f 1757//1757 1758//1758 1759//1759
f 1773//1773 1595//1595 1757//1757
f 1773//1773 1601//1601 1595//1595
f 1601//1601 1773//1773 1603//1603
f 1774//1774 1773//1773 1818//1818
f 1773//1773 1774//1774 1604//1604
f 1670//1670 1774//1774 1795//1795
f 1774//1774 1670//1670 1605//1605
f 1819//1819 1778//1778 1779//1779
f 1819//1819 1780//1780 1778//1778
f 1819//1819 1781//1781 1780//1780
f 1819//1819 1782//1782 1781//1781
f 1819//1819 1783//1783 1782//1782
f 1819//1819 1784//1784 1783//1783
f 1819//1819 1785//1785 1784//1784
f 1819//1819 1786//1786 1785//1785
f 1819//1819 1787//1787 1786//1786
f 1819//1819 1788//1788 1787//1787
f 1819//1819 1789//1789 1788//1788
f 1819//1819 1790//1790 1789//1789
f 1790//1790 1794//1794 1791//1791
f 1777//1777 1790//1790 1819//1819
f 1777//1777 1794//1794 1790//1790
f 1777//1777 1776//1776 1794//1794
f 1634//1634 1776//1776 1777//1777
f 1776//1776 1634//1634 1775//1775
f 1779//1779 1798//1798 1797//1797
f 1778//1778 1798//1798 1779//1779
f 1780//1780 1798//1798 1778//1778
f 1781//1781 1798//1798 1780//1780
f 1782//1782 1798//1798 1781//1781
f 1783//1783 1798//1798 1782//1782
f 1784//1784 1798//1798 1783//1783
f 1785//1785 1798//1798 1784//1784
f 1786//1786 1798//1798 1785//1785
f 1787//1787 1798//1798 1786//1786
f 1788//1788 1798//1798 1787//1787
f 1789//1789 1798//1798 1788//1788
f 1790//1790 1798//1798 1789//1789
f 1791//1791 1798//1798 1790//1790
f 1798//1798 1791//1791 1794//1794
f 1793//1793 1794//1794 1798//1798
f 1794//1794 1793//1793 1792//1792
f 1796//1796 1795//1795 1820//1820
f 1795//1795 1796//1796 1679//1679
f 1677//1677 1796//1796 1776//1776
f 1675//1675 1796//1796 1677//1677
f 1796//1796 1675//1675 1681//1681
f 1817//1817 1799//1799 1772//1772
f 1817//1817 1751//1751 1799//1799
f 1817//1817 1800//1800 1751//1751
f 1817//1817 1801//1801 1800//1800
f 1817//1817 1802//1802 1801//1801
f 1817//1817 1803//1803 1802//1802
f 1817//1817 1804//1804 1803//1803
f 1817//1817 1805//1805 1804//1804
f 1817//1817 1806//1806 1805//1805
f 1817//1817 1807//1807 1806//1806
f 1817//1817 1808//1808 1807//1807
f 1817//1817 1809//1809 1808//1808
f 1817//1817 1810//1810 1809//1809
f 1817//1817 1811//1811 1810//1810
f 1811//1811 1816//1816 1812//1812
f 1811//1811 1779//1779 1816//1816
f 1817//1817 1779//1779 1811//1811
f 1779//1779 1817//1817 1819//1819
f 1797//1797 1816//1816 1779//1779
f 1816//1816 1797//1797 1798//1798
f 1800//1800 1813//1813 1752//1752
f 1801//1801 1813//1813 1800//1800
f 1802//1802 1813//1813 1801//1801
f 1803//1803 1813//1813 1802//1802
f 1804//1804 1813//1813 1803//1803
f 1805//1805 1813//1813 1804//1804
f 1806//1806 1813//1813 1805//1805
f 1807//1807 1813//1813 1806//1806
f 1808//1808 1813//1813 1807//1807
f 1809//1809 1813//1813 1808//1808
f 1810//1810 1813//1813 1809//1809
f 1811//1811 1813//1813 1810//1810
f 1812//1812 1813//1813 1811//1811
f 1813//1813 1812//1812 1816//1816
f 1751//1751 1800//1800 1752//1752
f 1814//1814 1813//1813 1815//1815
f 1813//1813 1814//1814 1816//1816
f 1818//1818 1759//1759 1813//1813
f 1818//1818 1757//1757 1759//1759
f 1757//1757 1818//1818 1773//1773
f 1795//1795 1818//1818 1820//1820
f 1818//1818 1795//1795 1774//1774
f 1794//1794 1820//1820 1798//1798
f 1794//1794 1796//1796 1820//1820
f 1796//1796 1794//1794 1776//1776
f 1816//1816 1818//1818 1813//1813
f 1816//1816 1820//1820 1818//1818
f 1820//1820 1816//1816 1798//1798
f 1822//1822 1823//1823 1099//1099
f 1823//1823 1822//1822 1821//1821
f 1823//1823 1831//1831 1826//1826
f 1823//1823 1836//1836 1831//1831
f 1823//1823 1835//1835 1836//1836
f 1823//1823 1834//1834 1835//1835
f 1823//1823 1833//1833 1834//1834
f 1823//1823 1832//1832 1833//1833
f 1832//1832 1823//1823 1821//1821
f 1830//1830 1826//1826 1831//1831
f 1829//1829 1826//1826 1830//1830
f 1828//1828 1826//1826 1829//1829
f 1827//1827 1826//1826 1828//1828
f 1825//1825 1826//1826 1827//1827
f 1826//1826 1825//1825 1824//1824
f 1823//1823 1837//1837 1099//1099
f 1837//1837 1823//1823 1826//1826
f 1839//1839 1840//1840 1841//1841
f 1840//1840 1839//1839 1838//1838
f 1838//1838 1843//1843 1840//1840
f 1843//1843 1838//1838 1842//1842
f 1843//1843 1844//1844 1845//1845
f 1844//1844 1843//1843 1842//1842
f 1845//1845 1846//1846 1847//1847
f 1846//1846 1845//1845 1844//1844
f 1847//1847 1848//1848 1849//1849
f 1848//1848 1847//1847 1846//1846
f 1849//1849 1850//1850 1851//1851
f 1850//1850 1849//1849 1848//1848
f 1850//1850 1853//1853 1851//1851
f 1853//1853 1850//1850 1852//1852
f 1852//1852 1855//1855 1853//1853
f 1855//1855 1852//1852 1854//1854
f 1854//1854 1857//1857 1855//1855
f 1857//1857 1854//1854 1856//1856
f 1856//1856 1859//1859 1857//1857
f 1859//1859 1856//1856 1858//1858
f 1859//1859 1821//1821 1822//1822
f 1858//1858 1821//1821 1859//1859
f 1821//1821 1858//1858 1860//1860
f 1821//1821 1861//1861 1832//1832
f 1861//1861 1821//1821 1860//1860
f 1832//1832 1862//1862 1833//1833
f 1862//1862 1832//1832 1861//1861
f 1833//1833 1863//1863 1834//1834
f 1863//1863 1833//1833 1862//1862
f 1834//1834 1864//1864 1835//1835
f 1864//1864 1834//1834 1863//1863
f 1864//1864 1836//1836 1835//1835
f 1836//1836 1864//1864 1865//1865
f 1865//1865 1831//1831 1836//1836
f 1831//1831 1865//1865 1866//1866
f 1866//1866 1830//1830 1831//1831
f 1830//1830 1866//1866 1867//1867
f 1867//1867 1829//1829 1830//1830
f 1829//1829 1867//1867 1868//1868
f 1829//1829 1869//1869 1828//1828
f 1869//1869 1829//1829 1868//1868
f 1828//1828 1870//1870 1827//1827
f 1870//1870 1828//1828 1869//1869
f 1827//1827 1871//1871 1825//1825
f 1871//1871 1827//1827 1870//1870
f 1825//1825 1872//1872 1824//1824
f 1872//1872 1825//1825 1871//1871
f 1826//1826 1873//1873 1837//1837
f 1873//1873 1826//1826 1824//1824
f 1874//1874 1841//1841 1875//1875
f 1841//1841 1874//1874 1839//1839
f 1865//1865 1867//1867 1866//1866
f 1864//1864 1867//1867 1865//1865
f 1864//1864 1868//1868 1867//1867
f 1863//1863 1868//1868 1864//1864
f 1863//1863 1869//1869 1868//1868
f 1862//1862 1869//1869 1863//1863
f 1862//1862 1870//1870 1869//1869
f 1861//1861 1870//1870 1862//1862
f 1861//1861 1871//1871 1870//1870
f 1860//1860 1871//1871 1861//1861
f 1860//1860 1872//1872 1871//1871
f 1858//1858 1872//1872 1860//1860
f 1858//1858 1876//1876 1872//1872
f 1856//1856 1876//1876 1858//1858
f 1856//1856 1874//1874 1876//1876
f 1854//1854 1874//1874 1856//1856
f 1854//1854 1839//1839 1874//1874
f 1852//1852 1839//1839 1854//1854
f 1852//1852 1838//1838 1839//1839
f 1850//1850 1838//1838 1852//1852
f 1850//1850 1842//1842 1838//1838
f 1848//1848 1842//1842 1850//1850
f 1848//1848 1844//1844 1842//1842
f 1844//1844 1848//1848 1846//1846
f 1824//1824 1877//1877 1873//1873
f 1872//1872 1877//1877 1824//1824
f 1877//1877 1872//1872 1876//1876
f 1876//1876 1875//1875 1877//1877
f 1875//1875 1876//1876 1874//1874