# https://github.com/mikedh/trimesh
v 0.02700700 -0.01604000 0.03310900
v 0.03187400 -0.01604000 0.03307600
v 0.03007600 -0.01604000 0.03322100
v 0.02641000 -0.01604000 0.03310700
v 0.03337500 -0.01604000 0.03288000
v 0.02558300 -0.01604000 0.03280300
v 0.02422200 -0.01604000 0.03194700
v 0.02413800 -0.01604000 0.03149500
v 0.02435800 -0.01604000 0.03134500
v 0.03553900 -0.01604000 0.03127200
v 0.02465400 -0.01604000 0.03124500
v 0.02457500 -0.01604000 0.03104400
v 0.03277700 -0.01604000 0.03313000
v -0.05078300 -0.01604000 0.03282500
v -0.04875900 -0.01604000 0.03287900
v -0.05013400 -0.01604000 0.03288000
v -0.04551300 -0.01604000 0.03287800
v -0.04445700 -0.01604000 0.03282200
v -0.05110900 -0.01604000 0.03271600
v -0.04389400 -0.01604000 0.03249200
v -0.05152100 -0.01604000 0.03238700
v -0.04293100 -0.01604000 0.03172000
v -0.05219100 -0.01604000 0.03151000
v -0.05260600 -0.01604000 0.03107200
v -0.04286200 -0.01604000 0.03105800
v -0.05269300 -0.01604000 0.03085200
v -0.05334400 -0.01604000 0.03068800
v -0.05339600 -0.01604000 0.03024900
v -0.05507700 -0.01604000 0.02931800
v -0.05540100 -0.01604000 0.02926400
v -0.05443200 -0.01604000 0.02931700
v -0.05346100 -0.01604000 0.02936900
v -0.04967000 -0.01604000 0.02908800
v -0.05581400 -0.01604000 0.02893500
v -0.04284900 -0.01604000 0.02969800
v -0.04083400 -0.01604000 0.03022500
v -0.04140400 -0.01604000 0.03039200
v -0.04042500 -0.01604000 0.03022500
v -0.03976900 -0.01604000 0.03022300
v -0.03853500 -0.01604000 0.02951600
v -0.04379600 -0.01604000 0.02928700
v -0.05598700 -0.01604000 0.02855100
v -0.05592600 -0.01604000 0.02789000
v -0.03825600 -0.01604000 0.02781800
v -0.05516400 -0.01604000 0.02773200
v -0.05484500 -0.01604000 0.02754400
v -0.05420700 -0.01604000 0.02706100
v -0.05356300 -0.01604000 0.02646700
v -0.03844700 -0.01604000 0.02617500
v -0.05327900 -0.01604000 0.02590900
v -0.05344500 -0.01604000 0.02527200
v -0.05325300 -0.01604000 0.02430800
v -0.03793200 -0.01604000 0.02406700
v -0.05269800 -0.01604000 0.02300800
v -0.05278200 -0.01604000 0.02162400
v -0.03787500 -0.01604000 0.01977500
v -0.05293200 -0.01604000 0.01915400
v -0.03746200 -0.01604000 0.01103100
v -0.03764200 -0.01604000 0.00920600
v -0.05370100 -0.01604000 0.00867600
v -0.03857300 -0.01604000 0.00667100
v -0.03832400 -0.01604000 0.00440200
v -0.05350200 -0.01604000 0.00311600
v -0.03792200 -0.01604000 0.00208900
v -0.03793500 -0.01604000 0.00141900
v -0.03794900 -0.01604000 0.00065000
v -0.05366000 -0.01604000 0.00047500
v -0.03841300 -0.01604000 -0.00008100
v -0.05316100 -0.01604000 -0.00031200
v -0.05222200 -0.01604000 -0.00068200
v -0.05057000 -0.01604000 -0.00084200
v -0.03962800 -0.01604000 -0.00093600
v -0.04053500 -0.01604000 -0.00152700
v -0.04172300 -0.01604000 -0.00170300
v 0.02240400 -0.01604000 0.03058700
v 0.02389400 -0.01604000 0.03059000
v 0.02299900 -0.01604000 0.03058800
v 0.02488700 -0.01604000 0.03057400
v 0.02157900 -0.01604000 0.03033400
v 0.02135200 -0.01604000 0.03018300
v 0.02484700 -0.01604000 0.03010900
v 0.02483400 -0.01604000 0.02995200
v 0.02134200 -0.01604000 0.02978100
v 0.02529600 -0.01604000 0.02972400
v 0.02622600 -0.01604000 0.02946400
v 0.02125300 -0.01604000 0.02917800
v 0.02858000 -0.01604000 0.02912600
v 0.02203800 -0.01604000 0.02904400
v 0.03983700 -0.01604000 0.02909900
v 0.04051700 -0.01604000 0.02859000
v 0.02258300 -0.01604000 0.02844700
v 0.04062400 -0.01604000 0.02801100
v 0.02297000 -0.01604000 0.02762000
v 0.02476300 -0.01604000 0.02613300
v 0.04359500 -0.01604000 0.02539700
v 0.02639600 -0.01604000 0.02441700
v 0.02681100 -0.01604000 0.02417300
v 0.02721400 -0.01604000 0.02363400
v 0.04370300 -0.01604000 0.02313900
v 0.02759400 -0.01604000 0.02242300
v 0.02717400 -0.01604000 0.02237600
v 0.03753100 -0.01604000 0.02991900
v 0.03862900 -0.01604000 0.02991000
v 0.03807400 -0.01604000 0.03015500
v 0.03680100 -0.01604000 0.02984100
v 0.03517000 -0.01604000 0.02970400
v 0.03190200 -0.01604000 0.02939800
v 0.02758800 -0.01604000 0.02209400
v 0.02774300 -0.01604000 0.02144100
v 0.04414900 -0.01604000 0.02002200
v 0.02771700 -0.01604000 0.01977400
v 0.04359000 -0.01604000 0.01699700
v 0.02766600 -0.01604000 0.01654200
v 0.04361300 -0.01604000 0.01059700
v 0.02752900 -0.01604000 0.00788100
v 0.04258400 -0.01604000 0.00678300
v 0.04241600 -0.01604000 0.00356600
v 0.04255900 -0.01604000 0.00021400
v 0.02722400 -0.01604000 -0.00006400
v 0.02774300 -0.01604000 -0.00156400
v 0.04088600 -0.01604000 -0.00174400
v 0.02881800 -0.01604000 -0.00208700
v 0.03829000 -0.01604000 -0.00218300
v 0.03112800 -0.01604000 -0.00230600
v 0.02488700 -0.01687200 0.03057400
v 0.03553900 -0.01687200 0.03127200
v 0.02457500 -0.01687200 0.03104400
v 0.03807400 -0.01687200 0.03015500
v 0.02484700 -0.01687200 0.03010900
v 0.02483400 -0.01687200 0.02995200
v 0.03753100 -0.01687200 0.02991900
v 0.03680100 -0.01687200 0.02984100
v 0.02529600 -0.01687200 0.02972400
v 0.03517000 -0.01687200 0.02970400
v 0.02622600 -0.01687200 0.02946400
v 0.03190200 -0.01687200 0.02939800
v 0.02858000 -0.01687200 0.02912600
v -0.04286200 -0.01710900 0.03105800
v -0.04164200 -0.01710900 0.03078000
v -0.04221000 -0.01710900 0.03100100
v -0.04140400 -0.01710900 0.03039200
v -0.05339600 -0.01710900 0.03024900
v -0.05344900 -0.01710900 0.02980900
v -0.04284900 -0.01710900 0.02969800
v -0.05346100 -0.01710900 0.02936900
v -0.04379600 -0.01710900 0.02928700
v -0.04967000 -0.01710900 0.02908800
v -0.02610700 -0.01366400 0.01942300
v -0.02473700 -0.01366400 0.01912500
v -0.02312200 -0.01366400 0.01920600
v -0.02593800 -0.01366400 0.01892000
v -0.02614000 -0.01366400 0.01989100
v -0.02335000 -0.01366400 0.02051900
v -0.02616100 -0.01366400 0.02067000
v -0.02021300 -0.01366400 0.02037600
v -0.01985400 -0.01366400 0.01985100
v -0.02023200 -0.01366400 0.01889100
v -0.01956600 -0.01366400 0.01877400
v -0.02222800 -0.01366400 0.02063900
v -0.02033200 -0.01366400 0.02088000
v -0.02068300 -0.01366400 0.02136000
v -0.02222800 -0.01556500 0.02063900
v -0.02068300 -0.01556500 0.02136000
v -0.02335000 -0.01556500 0.02051900
v -0.02616100 -0.01556500 0.02067000
v -0.02850000 -0.01556500 0.02274500
v -0.02015400 -0.01556500 0.02253100
v -0.01974100 -0.01556500 0.02261000
v -0.02050500 -0.01556500 0.02235900
v -0.02079700 -0.01556500 0.02185300
v -0.02758300 -0.01556500 0.02173100
v -0.02692100 -0.01556500 0.02144900
v -0.02639700 -0.01556500 0.02102600
v -0.02757500 -0.01556500 0.02594100
v -0.02486400 -0.01556500 0.02485200
v -0.02444900 -0.01556500 0.02488900
v -0.02525100 -0.01556500 0.02474500
v -0.02784300 -0.01556500 0.02464200
v -0.02558300 -0.01556500 0.02457500
v -0.02583800 -0.01556500 0.02435400
v -0.02599800 -0.01556500 0.02409600
v -0.02605300 -0.01556500 0.02381900
v -0.02851000 -0.01556500 0.02366900
v -0.02599800 -0.01556500 0.02354300
v -0.02583800 -0.01556500 0.02328500
v -0.02558300 -0.01556500 0.02306300
v -0.02525100 -0.01556500 0.02289300
v -0.02486400 -0.01556500 0.02278600
v -0.02444900 -0.01556500 0.02275000
v -0.02731300 -0.01556500 0.02935800
v -0.02412800 -0.01556500 0.03015400
v -0.02822200 -0.01556500 0.02998800
v -0.02734600 -0.01556500 0.02892400
v -0.02367100 -0.01556500 0.02849000
v -0.02400500 -0.01556500 0.03023600
v -0.02742200 -0.01556500 0.02794000
v -0.02245400 -0.01556500 0.02644800
v -0.02068500 -0.01556500 0.02487400
v -0.02403300 -0.01556500 0.02485200
v -0.02364700 -0.01556500 0.02474500
v -0.02331400 -0.01556500 0.02457500
v -0.02306000 -0.01556500 0.02435400
v -0.02289900 -0.01556500 0.02409600
v -0.01996200 -0.01556500 0.02396200
v -0.02284500 -0.01556500 0.02381900
v -0.02289900 -0.01556500 0.02354300
v -0.02306000 -0.01556500 0.02328500
v -0.02331400 -0.01556500 0.02306300
v -0.02364700 -0.01556500 0.02289300
v -0.02403300 -0.01556500 0.02278600
v -0.01938200 -0.01556500 0.02260000
v -0.02015400 -0.01639700 0.02253100
v -0.01938200 -0.01639700 0.02260000
v -0.01974100 -0.01639700 0.02261000
v -0.02050500 -0.01639700 0.02235900
v -0.01889700 -0.01639700 0.02224600
v -0.02079700 -0.01639700 0.02185300
v -0.01846100 -0.01639700 0.02160500
v -0.02068300 -0.01639700 0.02136000
v -0.01814100 -0.01639700 0.02089400
v -0.02033200 -0.01639700 0.02088000
v -0.02021300 -0.01639700 0.02037600
v -0.01807000 -0.01639700 0.02025000
v -0.01985400 -0.01639700 0.01985100
v -0.01779800 -0.01639700 0.01889900
v -0.01956600 -0.01639700 0.01877400
v -0.01939800 -0.01639700 0.01839300
v -0.01778800 -0.01639700 0.01824000
v -0.01829700 -0.01639700 0.01811900
v -0.01778600 -0.01639700 0.01810700
v -0.02820700 -0.01639700 0.02153900
v -0.02758300 -0.01639700 0.02173100
v -0.02796300 -0.01639700 0.02172000
v -0.02692100 -0.01639700 0.02144900
v -0.02639700 -0.01639700 0.02102600
v -0.02848100 -0.01639700 0.02078200
v -0.02616100 -0.01639700 0.02067000
v -0.02614000 -0.01639700 0.01989100
v -0.02853000 -0.01639700 0.01983800
v -0.02610700 -0.01639700 0.01942300
v -0.02857500 -0.01639700 0.01899600
v -0.02593800 -0.01639700 0.01892000
v -0.02609600 -0.01639700 0.01855700
v -0.02610600 -0.01639700 0.01821800
v -0.02833900 -0.01639700 0.01803100
v -0.02787900 -0.01639700 0.01754600
v -0.02605800 -0.01639700 0.01735500
v -0.02730800 -0.01639700 0.01709900
v -0.02570600 -0.01639700 0.01661600
v -0.02533800 -0.01556500 0.01625900
v -0.02442600 -0.01366400 0.01604100
v -0.02442600 -0.01556500 0.01604100
v -0.02533800 -0.01366400 0.01625900
v -0.02570600 -0.01366400 0.01661600
v -0.02570600 -0.01556500 0.01661600
v -0.02304800 -0.01556500 0.01634200
v -0.02277100 -0.01556500 0.01636600
v -0.02330500 -0.01556500 0.01627100
v -0.02352700 -0.01556500 0.01615800
v -0.02369700 -0.01556500 0.01601000
v -0.02380400 -0.01556500 0.01583800
v -0.02384000 -0.01556500 0.01565400
v -0.02380400 -0.01556500 0.01546900
v -0.02369700 -0.01556500 0.01529700
v -0.02622900 -0.01556500 0.01527700
v -0.02352700 -0.01556500 0.01514900
v -0.02330500 -0.01556500 0.01503600
v -0.02304800 -0.01556500 0.01496500
v -0.01901700 -0.01556500 0.01459400
v -0.02277100 -0.01556500 0.01494100
v -0.02730900 -0.01556500 0.01410500
v -0.01776200 -0.01556500 0.01346900
v -0.01696000 -0.01556500 0.01206800
v -0.01674400 -0.01556500 0.01078300
v -0.02801600 -0.01556500 0.01001600
v -0.01643300 -0.01556500 0.00778100
v -0.02826900 -0.01556500 0.00692400
v -0.01645700 -0.01556500 0.00633000
v -0.02866400 -0.01556500 0.00521000
v -0.01697000 -0.01556500 0.00489700
v -0.02854000 -0.01556500 0.00352300
v -0.01708600 -0.01556500 -0.00154000
v -0.01701800 -0.01556500 -0.00468800
v -0.01618000 -0.01556500 -0.00771700
v -0.01619500 -0.01556500 -0.00865400
v -0.01672100 -0.01556500 -0.00951600
v -0.02980500 -0.01556500 -0.00998400
v -0.02983300 -0.01556500 -0.01051900
v -0.01776200 -0.01556500 -0.01080300
v -0.02973900 -0.01556500 -0.01080600
v -0.02887700 -0.01556500 -0.01109500
v -0.01965900 -0.01556500 -0.01157300
v -0.02667300 -0.01556500 -0.01183300
v -0.02016600 -0.01556500 -0.01206300
v -0.02066000 -0.01556500 -0.01212200
v -0.02426800 -0.01556500 -0.01233600
v -0.02152300 -0.01556500 -0.01240100
v -0.02285300 -0.01556500 -0.01252000
v -0.02593800 -0.01556500 0.01892000
v -0.02312200 -0.01556500 0.01920600
v -0.02473700 -0.01556500 0.01912500
v -0.02023200 -0.01556500 0.01889100
v -0.01956600 -0.01556500 0.01877400
v -0.02609600 -0.01556500 0.01855700
v -0.01939800 -0.01556500 0.01839300
v -0.02610600 -0.01556500 0.01821800
v -0.01939800 -0.01556500 0.01743800
v -0.02605800 -0.01556500 0.01735500
v -0.01948300 -0.01556500 0.01671600
v -0.02249400 -0.01556500 0.01634200
v -0.01939800 -0.01556500 0.01633700
v -0.02223600 -0.01556500 0.01627100
v -0.02201500 -0.01556500 0.01615800
v -0.02184500 -0.01556500 0.01601000
v -0.01999100 -0.01556500 0.01595600
v -0.02173800 -0.01556500 0.01583800
v -0.02170100 -0.01556500 0.01565400
v -0.01933700 -0.01556500 0.01558000
v -0.02173800 -0.01556500 0.01546900
v -0.01934300 -0.01556500 0.01533300
v -0.02184500 -0.01556500 0.01529700
v -0.02201500 -0.01556500 0.01514900
v -0.02223600 -0.01556500 0.01503600
v -0.02249400 -0.01556500 0.01496500
v -0.02486400 -0.01627800 0.02485200
v -0.02403300 -0.01627800 0.02485200
v -0.02444900 -0.01627800 0.02488900
v -0.02525100 -0.01627800 0.02474500
v -0.02364700 -0.01627800 0.02474500
v -0.02558300 -0.01627800 0.02457500
v -0.02331400 -0.01627800 0.02457500
v -0.02583800 -0.01627800 0.02435400
v -0.02306000 -0.01627800 0.02435400
v -0.02599800 -0.01627800 0.02409600
v -0.02289900 -0.01627800 0.02409600
v -0.02605300 -0.01627800 0.02381900
v -0.02284500 -0.01627800 0.02381900
v -0.02599800 -0.01627800 0.02354300
v -0.02289900 -0.01627800 0.02354300
v -0.02583800 -0.01627800 0.02328500
v -0.02306000 -0.01627800 0.02328500
v -0.02558300 -0.01627800 0.02306300
v -0.02331400 -0.01627800 0.02306300
v -0.02525100 -0.01627800 0.02289300
v -0.02364700 -0.01627800 0.02289300
v -0.02486400 -0.01627800 0.02278600
v -0.02403300 -0.01627800 0.02278600
v -0.02444900 -0.01627800 0.02275000
v -0.02304800 -0.01580200 0.01634200
v -0.02249400 -0.01580200 0.01634200
v -0.02277100 -0.01580200 0.01636600
v -0.02330500 -0.01580200 0.01627100
v -0.02223600 -0.01580200 0.01627100
v -0.02352700 -0.01580200 0.01615800
v -0.02201500 -0.01580200 0.01615800
v -0.02369700 -0.01580200 0.01601000
v -0.02184500 -0.01580200 0.01601000
v -0.02380400 -0.01580200 0.01583800
v -0.02173800 -0.01580200 0.01583800
v -0.02384000 -0.01580200 0.01565400
v -0.02170100 -0.01580200 0.01565400
v -0.02380400 -0.01580200 0.01546900
v -0.02173800 -0.01580200 0.01546900
v -0.02369700 -0.01580200 0.01529700
v -0.02184500 -0.01580200 0.01529700
v -0.02352700 -0.01580200 0.01514900
v -0.02201500 -0.01580200 0.01514900
v -0.02330500 -0.01580200 0.01503600
v -0.02223600 -0.01580200 0.01503600
v -0.02304800 -0.01580200 0.01496500
v -0.02249400 -0.01580200 0.01496500
v -0.02277100 -0.01580200 0.01494100
v 0.00823500 -0.01556500 0.01883600
v 0.01452000 -0.01556500 0.01832000
v 0.01101600 -0.01556500 0.01881300
v 0.01458900 -0.01556500 0.01723500
v 0.00792800 -0.01556500 0.01711000
v 0.01419900 -0.01556500 0.01640600
v 0.01136200 -0.01556500 0.01563400
v 0.01103900 -0.01556500 0.01560600
v 0.01073800 -0.01556500 0.01552300
v 0.01048000 -0.01556500 0.01539100
v 0.00798600 -0.01556500 0.01529400
v 0.01028100 -0.01556500 0.01521800
v 0.01015700 -0.01556500 0.01501800
v 0.01011400 -0.01556500 0.01480200
v 0.01015700 -0.01556500 0.01458700
v 0.01028100 -0.01556500 0.01438600
v 0.00751900 -0.01556500 0.01437700
v 0.01048000 -0.01556500 0.01421400
v 0.01073800 -0.01556500 0.01408200
v 0.01103900 -0.01556500 0.01399900
v 0.00691100 -0.01556500 0.01351100
v 0.01136200 -0.01556500 0.01397100
v 0.01577400 -0.01556500 0.01358600
v 0.01602600 -0.01556500 0.01176300
v 0.00655500 -0.01556500 0.01174600
v 0.01638500 -0.01556500 0.00968000
v 0.01703500 -0.01556500 0.00872600
v 0.00582600 -0.01556500 0.00808400
v 0.01699300 -0.01556500 0.00779000
v 0.01690900 -0.01556500 0.00590200
v 0.00529700 -0.01556500 0.00425400
v 0.01741100 -0.01556500 0.00396100
v 0.00435600 -0.01556500 0.00226400
v 0.00417100 -0.01556500 0.00005000
v 0.01794700 -0.01556500 -0.00031100
v 0.00406700 -0.01556500 -0.00391600
v 0.00351100 -0.01556500 -0.00786200
v 0.01761000 -0.01556500 -0.00860900
v 0.00357300 -0.01556500 -0.00990100
v 0.01740100 -0.01556500 -0.01069500
v 0.01723400 -0.01556500 -0.01174200
v 0.00478700 -0.01556500 -0.01216300
v 0.01596900 -0.01556500 -0.01233700
v 0.01459400 -0.01556500 -0.01274100
v 0.00756300 -0.01556500 -0.01295300
v 0.01042800 -0.01556500 -0.01314100
v 0.01333600 -0.01556500 -0.01333300
v 0.01234000 -0.01556500 0.01886400
v 0.01432400 -0.01556500 0.01881900
v 0.01393700 -0.01556500 0.01903300
v 0.01168500 -0.01556500 0.01560600
v 0.01198600 -0.01556500 0.01552300
v 0.01224400 -0.01556500 0.01539100
v 0.01426600 -0.01556500 0.01538300
v 0.01244200 -0.01556500 0.01521800
v 0.01256700 -0.01556500 0.01501800
v 0.01260900 -0.01556500 0.01480200
v 0.01256700 -0.01556500 0.01458700
v 0.01244200 -0.01556500 0.01438600
v 0.01224400 -0.01556500 0.01421400
v 0.01198600 -0.01556500 0.01408200
v 0.01168500 -0.01556500 0.01399900
v 0.01346500 -0.01556500 0.02179900
v 0.01297000 -0.01176300 0.02104200
v 0.01346500 -0.01176300 0.02179900
v 0.01297000 -0.01556500 0.02104200
v 0.01247100 -0.01176300 0.02060800
v 0.01247100 -0.01556500 0.02060800
v 0.01207200 -0.01556500 0.02062300
v 0.01207200 -0.01176300 0.02062300
v 0.00780700 -0.01176300 0.02041300
v 0.01008900 -0.01176300 0.02069800
v 0.00774500 -0.01176300 0.02104100
v 0.01419100 -0.01176300 0.02124800
v 0.01431900 -0.01176300 0.02092800
v 0.01432100 -0.01176300 0.02028500
v 0.00778800 -0.01176300 0.01986800
v 0.00777100 -0.01176300 0.01934300
v 0.00789000 -0.01176300 0.01904600
v 0.01393700 -0.01176300 0.01903300
v 0.01432400 -0.01176300 0.01881900
v 0.01234000 -0.01176300 0.01886400
v 0.00823500 -0.01176300 0.01883600
v 0.01101600 -0.01176300 0.01881300
v 0.00694600 -0.01556500 0.02494500
v 0.00979900 -0.01556500 0.02475400
v 0.01017100 -0.01556500 0.02475800
v 0.00944100 -0.01556500 0.02468600
v 0.00912200 -0.01556500 0.02455900
v 0.00886300 -0.01556500 0.02438100
v 0.00868200 -0.01556500 0.02416400
v 0.00859100 -0.01556500 0.02392300
v 0.00644700 -0.01556500 0.02372200
v 0.00859700 -0.01556500 0.02367500
v 0.00869900 -0.01556500 0.02343700
v 0.00889000 -0.01556500 0.02322400
v 0.00915700 -0.01556500 0.02305100
v 0.00948200 -0.01556500 0.02293000
v 0.00670400 -0.01556500 0.02221600
v 0.00984300 -0.01556500 0.02287000
v 0.01371000 -0.01556500 0.02243100
v 0.00774500 -0.01556500 0.02104100
v 0.01008900 -0.01556500 0.02069800
v 0.00740300 -0.01556500 0.02952700
v 0.01030700 -0.01556500 0.02969300
v 0.00704900 -0.01556500 0.03019200
v 0.01099400 -0.01556500 0.02889100
v 0.00739100 -0.01556500 0.02881400
v 0.01108900 -0.01556500 0.02816400
v 0.00746500 -0.01556500 0.02761300
v 0.01205700 -0.01556500 0.02698900
v 0.00744500 -0.01556500 0.02640200
v 0.01372900 -0.01556500 0.02578100
v 0.01413200 -0.01556500 0.02508400
v 0.01053200 -0.01556500 0.02469800
v 0.01413800 -0.01556500 0.02458000
v 0.01085800 -0.01556500 0.02457700
v 0.01112500 -0.01556500 0.02440400
v 0.01131600 -0.01556500 0.02419100
v 0.01141800 -0.01556500 0.02395300
v 0.01142400 -0.01556500 0.02370400
v 0.01133300 -0.01556500 0.02346400
v 0.01115200 -0.01556500 0.02324700
v 0.01089300 -0.01556500 0.02306900
v 0.01395400 -0.01556500 0.02306400
v 0.01057300 -0.01556500 0.02294100
v 0.01021500 -0.01556500 0.02287300
v 0.00556000 -0.01639700 0.02065100
v 0.00774500 -0.01639700 0.02104100
v 0.00670400 -0.01639700 0.02221600
v 0.00780700 -0.01639700 0.02041300
v 0.00778800 -0.01639700 0.01986800
v 0.00777100 -0.01639700 0.01934300
v 0.00554400 -0.01639700 0.01921300
v 0.00789000 -0.01639700 0.01904600
v 0.00823500 -0.01639700 0.01883600
v 0.00619000 -0.01639700 0.01776800
v 0.00664600 -0.01639700 0.01715000
v 0.00792800 -0.01639700 0.01711000
v 0.00706400 -0.01639700 0.01697400
v 0.01371000 -0.01639700 0.02243100
v 0.01500900 -0.01639700 0.02236600
v 0.01450500 -0.01639700 0.02247200
v 0.01519500 -0.01639700 0.02228000
v 0.01540800 -0.01639700 0.02209100
v 0.01346500 -0.01639700 0.02179900
v 0.01586700 -0.01639700 0.02160200
v 0.01614300 -0.01639700 0.02130000
v 0.01419100 -0.01639700 0.02124800
v 0.01614200 -0.01639700 0.02108700
v 0.01431900 -0.01639700 0.02092800
v 0.01613900 -0.01639700 0.02056800
v 0.01432100 -0.01639700 0.02028500
v 0.01613600 -0.01639700 0.02005900
v 0.01624800 -0.01639700 0.01950200
v 0.01630400 -0.01639700 0.01897600
v 0.01432400 -0.01639700 0.01881900
v 0.01627400 -0.01639700 0.01867400
v 0.01627400 -0.01639700 0.01852100
v 0.01608800 -0.01639700 0.01840600
v 0.01452000 -0.01639700 0.01832000
v 0.01583300 -0.01639700 0.01774500
v 0.01458900 -0.01639700 0.01723500
v 0.00979900 -0.01627800 0.02475400
v 0.01053200 -0.01627800 0.02469800
v 0.01017100 -0.01627800 0.02475800
v 0.00944100 -0.01627800 0.02468600
v 0.01085800 -0.01627800 0.02457700
v 0.00912200 -0.01627800 0.02455900
v 0.01112500 -0.01627800 0.02440400
v 0.00886300 -0.01627800 0.02438100
v 0.01131600 -0.01627800 0.02419100
v 0.00868200 -0.01627800 0.02416400
v 0.01141800 -0.01627800 0.02395300
v 0.00859100 -0.01627800 0.02392300
v 0.01142400 -0.01627800 0.02370400
v 0.00859700 -0.01627800 0.02367500
v 0.01133300 -0.01627800 0.02346400
v 0.00869900 -0.01627800 0.02343700
v 0.01115200 -0.01627800 0.02324700
v 0.00889000 -0.01627800 0.02322400
v 0.01089300 -0.01627800 0.02306900
v 0.00915700 -0.01627800 0.02305100
v 0.01057300 -0.01627800 0.02294100
v 0.00948200 -0.01627800 0.02293000
v 0.01021500 -0.01627800 0.02287300
v 0.00984300 -0.01627800 0.02287000
v 0.01103900 -0.01580200 0.01560600
v 0.01168500 -0.01580200 0.01560600
v 0.01136200 -0.01580200 0.01563400
v 0.01073800 -0.01580200 0.01552300
v 0.01198600 -0.01580200 0.01552300
v 0.01048000 -0.01580200 0.01539100
v 0.01224400 -0.01580200 0.01539100
v 0.01028100 -0.01580200 0.01521800
v 0.01244200 -0.01580200 0.01521800
v 0.01015700 -0.01580200 0.01501800
v 0.01256700 -0.01580200 0.01501800
v 0.01011400 -0.01580200 0.01480200
v 0.01260900 -0.01580200 0.01480200
v 0.01015700 -0.01580200 0.01458700
v 0.01256700 -0.01580200 0.01458700
v 0.01028100 -0.01580200 0.01438600
v 0.01244200 -0.01580200 0.01438600
v 0.01048000 -0.01580200 0.01421400
v 0.01224400 -0.01580200 0.01421400
v 0.01073800 -0.01580200 0.01408200
v 0.01198600 -0.01580200 0.01408200
v 0.01103900 -0.01580200 0.01399900
v 0.01168500 -0.01580200 0.01399900
v 0.01136200 -0.01580200 0.01397100
v -0.04164200 -0.01604000 0.03078000
v -0.04221000 -0.01604000 0.03100100
v -0.05344900 -0.01604000 0.02980900
v -0.01889700 -0.01366400 0.02224600
v -0.01938200 -0.01366400 0.02260000
v -0.01846100 -0.01366400 0.02160500
v -0.01814100 -0.01366400 0.02089400
v -0.01807000 -0.01366400 0.02025000
v -0.01779800 -0.01366400 0.01889900
v -0.01778800 -0.01366400 0.01824000
v -0.01778600 -0.01366400 0.01810700
v -0.01829700 -0.01366400 0.01811900
v -0.01939800 -0.01366400 0.01839300
v -0.02820700 -0.01366400 0.02153900
v -0.02848100 -0.01366400 0.02078200
v -0.02853000 -0.01366400 0.01983800
v -0.02796300 -0.01366400 0.02172000
v -0.02857500 -0.01366400 0.01899600
v -0.02758300 -0.01366400 0.02173100
v -0.02833900 -0.01366400 0.01803100
v -0.02787900 -0.01366400 0.01754600
v -0.02730800 -0.01366400 0.01709900
v 0.00792800 -0.01366400 0.01711000
v 0.00706400 -0.01366400 0.01697400
v 0.00664600 -0.01366400 0.01715000
v 0.00619000 -0.01366400 0.01776800
v 0.00554400 -0.01366400 0.01921300
v 0.00556000 -0.01366400 0.02065100
v 0.00670400 -0.01366400 0.02221600
v 0.01614200 -0.01366400 0.02108700
v 0.01614300 -0.01366400 0.02130000
v 0.01613900 -0.01366400 0.02056800
v 0.01586700 -0.01366400 0.02160200
v 0.01613600 -0.01366400 0.02005900
v 0.01540800 -0.01366400 0.02209100
v 0.01624800 -0.01366400 0.01950200
v 0.01519500 -0.01366400 0.02228000
v 0.01630400 -0.01366400 0.01897600
v 0.01500900 -0.01366400 0.02236600
v 0.01627400 -0.01366400 0.01867400
v 0.01450500 -0.01366400 0.02247200
v 0.01627400 -0.01366400 0.01852100
v 0.01371000 -0.01366400 0.02243100
v 0.01608800 -0.01366400 0.01840600
v 0.01583300 -0.01366400 0.01774500
v 0.01458900 -0.01366400 0.01723500
v -0.02822200 -0.01366400 0.02998800
v -0.02822200 -0.00285100 0.02998800
v -0.02412800 -0.00285100 0.03015400
v 0.00704900 -0.01366400 0.03019200
v 0.00704900 -0.00285100 0.03019200
v 0.01030700 -0.00285100 0.02969300
v 0.01030700 -0.01366400 0.02969300
v -0.03976900 0.01711100 0.03022300
v -0.03853500 0.01711100 0.02951600
v -0.03853500 -0.01366400 0.02951600
v -0.04042500 0.01711100 0.03022500
v -0.04083400 0.01711100 0.03022500
v -0.04140400 0.01711100 0.03039200
v -0.04164200 0.01711100 0.03078000
v -0.04221000 0.01711100 0.03100100
v -0.04286200 0.01711100 0.03105800
v -0.04293100 0.01711100 0.03172000
v -0.04389400 0.01711100 0.03249200
v -0.04445700 0.01711100 0.03282200
v -0.04551300 0.01711100 0.03287800
v -0.04875900 0.01711100 0.03287900
v -0.05013400 0.01711100 0.03288000
v -0.05078300 0.01711100 0.03282500
v -0.05110900 0.01711100 0.03271600
v -0.05152100 0.01711100 0.03238700
v -0.05219100 0.01711100 0.03151000
v -0.05260600 0.01711100 0.03107200
v -0.05269300 0.01711100 0.03085200
v -0.05334400 0.01711100 0.03068800
v -0.05344900 0.01711100 0.02980900
v -0.05346100 0.01711100 0.02936900
v -0.05443200 0.01711100 0.02931700
v -0.05507700 0.01711100 0.02931800
v -0.05540100 0.01711100 0.02926400
v -0.05581400 0.01711100 0.02893500
v -0.05598700 0.01711100 0.02855100
v -0.05592600 -0.01366400 0.02789000
v -0.05592600 0.01711100 0.02789000
v 0.04062400 -0.01366400 0.02801100
v 0.04051700 0.01711100 0.02859000
v 0.04062400 0.01711100 0.02801100
v 0.03983700 0.01711100 0.02909900
v 0.03862900 0.01711100 0.02991000
v 0.03553900 0.01711100 0.03127200
v 0.03337500 0.01711100 0.03288000
v 0.03277700 0.01711100 0.03313000
v 0.03187400 0.01711100 0.03307600
v 0.03007600 0.01711100 0.03322100
v 0.02700700 0.01711100 0.03310900
v 0.02641000 0.01711100 0.03310700
v 0.02558300 0.01711100 0.03280300
v 0.02422200 0.01711100 0.03194700
v 0.02413800 0.01711100 0.03149500
v 0.02435800 0.01711100 0.03134500
v 0.02465400 0.01711100 0.03124500
v 0.02457500 0.01711100 0.03104400
v 0.02389400 0.01711100 0.03059000
v 0.02299900 0.01711100 0.03058800
v 0.02240400 0.01711100 0.03058700
v 0.02157900 0.01711100 0.03033400
v 0.02135200 0.01711100 0.03018300
v 0.02134200 0.01711100 0.02978100
v 0.02125300 -0.01366400 0.02917800
v 0.02125300 0.01711100 0.02917800
v 0.00704900 0.00172300 0.03019200
v 0.00704900 0.01711100 0.03019200
v 0.01030700 0.00172300 0.02969300
v 0.01030700 0.01711100 0.02969300
v -0.02412800 0.00172300 0.03015400
v -0.02412800 0.01711100 0.03015400
v -0.02400500 0.01711100 0.03023600
v -0.02400500 -0.01366400 0.03023600
v -0.02822200 0.00172300 0.02998800
v -0.02822200 0.01711100 0.02998800
v 0.01395400 -0.01366400 0.02306400
v 0.01413800 -0.01366400 0.02458000
v 0.01413200 -0.01366400 0.02508400
v 0.01372900 -0.01366400 0.02578100
v 0.01205700 -0.01366400 0.02698900
v 0.01108900 -0.01366400 0.02816400
v 0.01099400 -0.01366400 0.02889100
v 0.01116700 -0.01366400 0.02998800
v 0.01116700 0.01711100 0.02998800
v 0.01201300 -0.01366400 0.02995700
v 0.01201300 0.01711100 0.02995700
v 0.01285800 -0.01366400 0.02991900
v 0.01285800 0.01711100 0.02991900
v 0.01370300 -0.01366400 0.02987400
v 0.01370300 0.01711100 0.02987400
v 0.01454700 -0.01366400 0.02982300
v 0.01454700 0.01711100 0.02982300
v 0.01539000 -0.01366400 0.02976500
v 0.01539000 0.01711100 0.02976500
v 0.01623100 -0.01366400 0.02970100
v 0.01623100 0.01711100 0.02970100
v 0.01707200 -0.01366400 0.02963000
v 0.01707200 0.01711100 0.02963000
v 0.01791100 -0.01366400 0.02955300
v 0.01791100 0.01711100 0.02955300
v 0.01874900 -0.01366400 0.02946900
v 0.01874900 0.01711100 0.02946900
v 0.01958500 -0.01366400 0.02937800
v 0.01958500 0.01711100 0.02937800
v 0.02042000 -0.01366400 0.02928100
v 0.02042000 0.01711100 0.02928100
v 0.02203800 -0.01366400 0.02904400
v 0.02258300 -0.01366400 0.02844700
v 0.02297000 -0.01366400 0.02762000
v 0.02476300 -0.01366400 0.02613300
v 0.02639600 -0.01366400 0.02441700
v 0.02681100 -0.01366400 0.02417300
v 0.02721400 -0.01366400 0.02363400
v 0.02717400 -0.01366400 0.02237600
v 0.02759400 -0.01366400 0.02242300
v 0.02758800 -0.01366400 0.02209400
v 0.02774300 -0.01366400 0.02144100
v 0.02771700 -0.01366400 0.01977400
v 0.02766600 -0.01366400 0.01654200
v 0.02752900 -0.01366400 0.00788100
v 0.02722400 -0.01366400 -0.00006400
v 0.02774300 -0.01366400 -0.00156400
v 0.02881800 -0.01366400 -0.00208700
v 0.03112800 -0.01366400 -0.00230600
v 0.03829000 -0.01366400 -0.00218300
v 0.04088600 -0.01366400 -0.00174400
v 0.04255900 -0.01366400 0.00021400
v 0.04241600 -0.01366400 0.00356600
v 0.04258400 -0.01366400 0.00678300
v 0.04361300 -0.01366400 0.01059700
v 0.04359000 -0.01366400 0.01699700
v 0.04414900 -0.01366400 0.02002200
v 0.04370300 -0.01366400 0.02313900
v 0.04359500 -0.01366400 0.02539700
v 0.04686200 -0.01366400 0.02801100
v 0.04686200 0.01711100 0.02801100
v 0.04833300 -0.01366400 0.02785300
v 0.04833300 0.01711100 0.02785300
v 0.04978100 -0.01366400 0.02762200
v 0.04978100 0.01711100 0.02762200
v 0.05120000 -0.01366400 0.02732000
v 0.05120000 0.01711100 0.02732000
v 0.05258100 -0.01366400 0.02694900
v 0.05258100 0.01711100 0.02694900
v 0.05391700 -0.01366400 0.02651000
v 0.05391700 0.01711100 0.02651000
v 0.05520000 -0.01366400 0.02600600
v 0.05520000 0.01711100 0.02600600
v 0.05642400 -0.01366400 0.02544100
v 0.05642400 0.01711100 0.02544100
v 0.05758200 -0.01366400 0.02481600
v 0.05758200 0.01711100 0.02481600
v 0.05866600 -0.01366400 0.02413500
v 0.05866600 0.01711100 0.02413500
v 0.05967200 -0.01366400 0.02340300
v 0.05967200 0.01711100 0.02340300
v 0.06059300 -0.01366400 0.02262300
v 0.06059300 0.01711100 0.02262300
v 0.06142500 -0.01366400 0.02180000
v 0.06142500 0.01711100 0.02180000
v 0.06212000 -0.01366400 0.02125600
v 0.06212000 0.01711100 0.02125600
v 0.06277200 -0.01366400 0.02068800
v 0.06277200 0.01711100 0.02068800
v 0.06337800 -0.01366400 0.02009900
v 0.06337800 0.01711100 0.02009900
v 0.06393700 -0.01366400 0.01948900
v 0.06393700 0.01711100 0.01948900
v 0.06444800 -0.01366400 0.01886100
v 0.06444800 0.01711100 0.01886100
v 0.06490800 -0.01366400 0.01821600
v 0.06490800 0.01711100 0.01821600
v 0.06531800 -0.01366400 0.01755500
v 0.06531800 0.01711100 0.01755500
v 0.06567500 -0.01366400 0.01688100
v 0.06567500 0.01711100 0.01688100
v 0.06597900 -0.01366400 0.01619600
v 0.06597900 0.01711100 0.01619600
v 0.06622800 -0.01366400 0.01550100
v 0.06622800 0.01711100 0.01550100
v 0.06642300 -0.01366400 0.01479900
v 0.06642300 0.01711100 0.01479900
v 0.06656300 -0.01366400 0.01409000
v 0.06656300 0.01711100 0.01409000
v 0.06771400 -0.01366400 0.00676300
v 0.06771400 0.01711100 0.00676300
v 0.06806100 -0.01366400 0.00610600
v 0.06806100 0.01711100 0.00610600
v 0.06837800 -0.01366400 0.00544200
v 0.06837800 0.01711100 0.00544200
v 0.06866600 -0.01366400 0.00477300
v 0.06866600 0.01711100 0.00477300
v 0.06892500 -0.01366400 0.00409800
v 0.06892500 0.01711100 0.00409800
v 0.06915400 -0.01366400 0.00341800
v 0.06915400 0.01711100 0.00341800
v 0.06935200 -0.01366400 0.00273400
v 0.06935200 0.01711100 0.00273400
v 0.06952000 -0.01366400 0.00204600
v 0.06952000 0.01711100 0.00204600
v 0.06965800 -0.01366400 0.00135600
v 0.06965800 0.01711100 0.00135600
v 0.06976600 -0.01366400 0.00066200
v 0.06976600 0.01711100 0.00066200
v 0.06984200 -0.01366400 -0.00003200
v 0.06984200 0.01711100 -0.00003200
v 0.06988900 -0.01366400 -0.00072800
v 0.06988900 0.01711100 -0.00072800
v 0.06990400 -0.01366400 -0.00142500
v 0.06990400 0.01711100 -0.00142500
v 0.06990400 -0.01366400 -0.01009900
v 0.06990400 0.01711100 -0.01009900
v 0.06786800 -0.01366400 -0.03001400
v 0.06786800 0.01711100 -0.03001400
v 0.06757600 -0.01366400 -0.03461400
v 0.06757600 0.01711100 -0.03461400
v 0.06745600 -0.01366400 -0.03497400
v 0.06745600 0.01711100 -0.03497400
v 0.06731600 -0.01366400 -0.03533200
v 0.06731600 0.01711100 -0.03533200
v 0.06715700 -0.01366400 -0.03568500
v 0.06715700 0.01711100 -0.03568500
v 0.06697900 -0.01366400 -0.03603500
v 0.06697900 0.01711100 -0.03603500
v 0.06678300 -0.01366400 -0.03638000
v 0.06678300 0.01711100 -0.03638000
v 0.06663900 -0.01366400 -0.03698300
v 0.06663900 0.01711100 -0.03698300
v 0.06645600 -0.01366400 -0.03758200
v 0.06645600 0.01711100 -0.03758200
v 0.06623400 -0.01366400 -0.03817500
v 0.06623400 0.01711100 -0.03817500
v 0.06597400 -0.01366400 -0.03876000
v 0.06597400 0.01711100 -0.03876000
v 0.06567600 -0.01366400 -0.03933800
v 0.06567600 0.01711100 -0.03933800
v 0.06534000 -0.01366400 -0.03990600
v 0.06534000 0.01711100 -0.03990600
v 0.06496800 -0.01366400 -0.04046500
v 0.06496800 0.01711100 -0.04046500
v 0.06456000 -0.01366400 -0.04101100
v 0.06456000 0.01711100 -0.04101100
v 0.06411600 -0.01366400 -0.04154600
v 0.06411600 0.01711100 -0.04154600
v 0.06363900 -0.01366400 -0.04206700
v 0.06363900 0.01711100 -0.04206700
v 0.06312700 -0.01366400 -0.04257400
v 0.06312700 0.01711100 -0.04257400
v 0.06258300 -0.01366400 -0.04306500
v 0.06258300 0.01711100 -0.04306500
v 0.06187500 -0.01366400 -0.04380300
v 0.06187500 0.01711100 -0.04380300
v 0.06109200 -0.01366400 -0.04450700
v 0.06109200 0.01711100 -0.04450700
v 0.06023800 -0.01366400 -0.04517300
v 0.06023800 0.01711100 -0.04517300
v 0.05931800 -0.01366400 -0.04579800
v 0.05931800 0.01711100 -0.04579800
v 0.05833600 0.01711100 -0.04638000
v 0.05833600 -0.01366400 -0.04638000
v 0.05729500 0.01711100 -0.04691500
v 0.05729500 -0.01366400 -0.04691500
v 0.05620300 0.01711100 -0.04740200
v 0.05620300 -0.01366400 -0.04740200
v 0.05506200 0.01711100 -0.04783700
v 0.05506200 -0.01366400 -0.04783700
v 0.05388000 0.01711100 -0.04821900
v 0.05388000 -0.01366400 -0.04821900
v 0.05266000 0.01711100 -0.04854600
v 0.05266000 -0.01366400 -0.04854600
v -0.06601300 0.01711100 -0.04872100
v -0.06601300 -0.01366400 -0.04872100
v -0.06366300 0.01711100 -0.04911900
v -0.06366300 -0.01366400 -0.04911900
v -0.06826900 0.01711100 -0.04812900
v -0.06826900 -0.01366400 -0.04812900
v -0.07039600 0.01711100 -0.04735400
v -0.07039600 -0.01366400 -0.04735400
v -0.07235900 0.01711100 -0.04640600
v -0.07235900 -0.01366400 -0.04640600
v -0.07412900 0.01711100 -0.04530200
v -0.07412900 -0.01366400 -0.04530200
v -0.07567700 -0.01366400 -0.04405800
v -0.07567700 0.01711100 -0.04405800
v -0.07697900 -0.01366400 -0.04269400
v -0.07697900 0.01711100 -0.04269400
v -0.07801300 -0.01366400 -0.04123200
v -0.07801300 0.01711100 -0.04123200
v -0.07876300 -0.01366400 -0.03969600
v -0.07876300 0.01711100 -0.03969600
v -0.07921800 -0.01366400 -0.03810800
v -0.07921800 0.01711100 -0.03810800
v -0.07937100 -0.01366400 -0.03649500
v -0.07937100 0.01711100 -0.03649500
v -0.07937100 -0.01366400 -0.02069200
v -0.07937100 0.01711100 -0.02069200
v -0.07937100 -0.01366400 0.00259600
v -0.07937100 0.01711100 0.00259600
v -0.07953500 -0.01366400 0.00352200
v -0.07953500 0.01711100 0.00352200
v -0.07968300 -0.01366400 0.00444800
v -0.07968300 0.01711100 0.00444800
v -0.07981400 -0.01366400 0.00537500
v -0.07981400 0.01711100 0.00537500
v -0.07992800 -0.01366400 0.00630400
v -0.07992800 0.01711100 0.00630400
v -0.08002500 -0.01366400 0.00723300
v -0.08002500 0.01711100 0.00723300
v -0.08010600 -0.01366400 0.00816300
v -0.08010600 0.01711100 0.00816300
v -0.08016900 -0.01366400 0.00909400
v -0.08016900 0.01711100 0.00909400
v -0.08021600 -0.01366400 0.01002500
v -0.08021600 0.01711100 0.01002500
v -0.08024500 -0.01366400 0.01095600
v -0.08024500 0.01711100 0.01095600
v -0.08025800 -0.01366400 0.01188800
v -0.08025800 0.01711100 0.01188800
v -0.08025400 -0.01366400 0.01281900
v -0.08025400 0.01711100 0.01281900
v -0.08023300 -0.01366400 0.01375100
v -0.08023300 0.01711100 0.01375100
v -0.07996000 -0.01366400 0.01575800
v -0.07996000 0.01711100 0.01575800
v -0.07927400 -0.01366400 0.01772100
v -0.07927400 0.01711100 0.01772100
v -0.07818700 -0.01366400 0.01960200
v -0.07818700 0.01711100 0.01960200
v -0.07672000 -0.01366400 0.02136400
v -0.07672000 0.01711100 0.02136400
v -0.07490100 -0.01366400 0.02297400
v -0.07490100 0.01711100 0.02297400
v -0.07276600 -0.01366400 0.02440200
v -0.07276600 0.01711100 0.02440200
v -0.07035600 -0.01366400 0.02561800
v -0.07035600 0.01711100 0.02561800
v -0.06771700 -0.01366400 0.02660100
v -0.06771700 0.01711100 0.02660100
v -0.06489900 -0.01366400 0.02733100
v -0.06489900 0.01711100 0.02733100
v -0.06195600 -0.01366400 0.02779400
v -0.06195600 0.01711100 0.02779400
v -0.05894600 -0.01366400 0.02798200
v -0.05894600 0.01711100 0.02798200
v -0.05516400 -0.01366400 0.02773200
v -0.05484500 -0.01366400 0.02754400
v -0.05420700 -0.01366400 0.02706100
v -0.05356300 -0.01366400 0.02646700
v -0.05327900 -0.01366400 0.02590900
v -0.05344500 -0.01366400 0.02527200
v -0.05325300 -0.01366400 0.02430800
v -0.05269800 -0.01366400 0.02300800
v -0.05278200 -0.01366400 0.02162400
v -0.05293200 -0.01366400 0.01915400
v -0.05370100 -0.01366400 0.00867600
v -0.05350200 -0.01366400 0.00311600
v -0.05366000 -0.01366400 0.00047500
v -0.05316100 -0.01366400 -0.00031200
v -0.05222200 -0.01366400 -0.00068200
v -0.05057000 -0.01366400 -0.00084200
v -0.04172300 -0.01366400 -0.00170300
v -0.04053500 -0.01366400 -0.00152700
v -0.03962800 -0.01366400 -0.00093600
v -0.03841300 -0.01366400 -0.00008100
v -0.03794900 -0.01366400 0.00065000
v -0.03793500 -0.01366400 0.00141900
v -0.03792200 -0.01366400 0.00208900
v -0.03832400 -0.01366400 0.00440200
v -0.03857300 -0.01366400 0.00667100
v -0.03764200 -0.01366400 0.00920600
v -0.03746200 -0.01366400 0.01103100
v -0.03787500 -0.01366400 0.01977500
v -0.03793200 -0.01366400 0.02406700
v -0.03844700 -0.01366400 0.02617500
v -0.03825600 -0.01366400 0.02781800
v -0.01328100 -0.01366400 0.03044000
v -0.01328100 0.01711100 0.03044000
v -0.00284500 -0.01366400 0.03039800
v -0.00284500 0.01711100 0.03039800
v 0.00258800 -0.01366400 0.03029400
v 0.00258800 0.01711100 0.03029400
v 0.00506400 -0.01366400 0.03011700
v 0.00506400 0.01711100 0.03011700
v 0.00655300 -0.01366400 0.03011100
v 0.00655300 0.01711100 0.03011100
v 0.05141000 0.01711100 -0.04881600
v 0.05141000 -0.01366400 -0.04881600
v -0.06125700 0.01711100 -0.04931700
v 0.05013600 0.01711100 -0.04902800
v -0.06125700 -0.01366400 -0.04931700
v 0.05013600 -0.01366400 -0.04902800
v 0.01333600 -0.01366400 -0.01333300
v 0.01459400 -0.01366400 -0.01274100
v 0.01596900 -0.01366400 -0.01233700
v 0.01723400 -0.01366400 -0.01174200
v 0.01740100 -0.01366400 -0.01069500
v 0.01761000 -0.01366400 -0.00860900
v 0.00756300 -0.01366400 -0.01295300
v -0.02285300 -0.01366400 -0.01252000
v 0.00478700 -0.01366400 -0.01216300
v -0.02152300 -0.01366400 -0.01240100
v -0.02066000 -0.01366400 -0.01212200
v 0.00357300 -0.01366400 -0.00990100
v -0.02016600 -0.01366400 -0.01206300
v -0.01965900 -0.01366400 -0.01157300
v -0.01776200 -0.01366400 -0.01080300
v -0.01672100 -0.01366400 -0.00951600
v 0.00351100 -0.01366400 -0.00786200
v -0.01619500 -0.01366400 -0.00865400
v -0.01618000 -0.01366400 -0.00771700
v 0.00406700 -0.01366400 -0.00391600
v -0.01701800 -0.01366400 -0.00468800
v -0.01708600 -0.01366400 -0.00154000
v 0.00417100 -0.01366400 0.00005000
v -0.01697000 -0.01366400 0.00489700
v 0.00435600 -0.01366400 0.00226400
v 0.00529700 -0.01366400 0.00425400
v 0.00582600 -0.01366400 0.00808400
v -0.01645700 -0.01366400 0.00633000
v -0.01643300 -0.01366400 0.00778100
v -0.01674400 -0.01366400 0.01078300
v 0.00655500 -0.01366400 0.01174600
v -0.01696000 -0.01366400 0.01206800
v 0.00691100 -0.01366400 0.01351100
v -0.01776200 -0.01366400 0.01346900
v -0.01901700 -0.01366400 0.01459400
v 0.00751900 -0.01366400 0.01437700
v 0.00798600 -0.01366400 0.01529400
v -0.01934300 -0.01366400 0.01533300
v -0.01933700 -0.01366400 0.01558000
v -0.01999100 -0.01366400 0.01595600
v -0.01939800 -0.01366400 0.01633700
v -0.01948300 -0.01366400 0.01671600
v 0.01794700 -0.01366400 -0.00031100
v 0.01741100 -0.01366400 0.00396100
v 0.01690900 -0.01366400 0.00590200
v 0.01699300 -0.01366400 0.00779000
v 0.01703500 -0.01366400 0.00872600
v 0.01638500 -0.01366400 0.00968000
v 0.01602600 -0.01366400 0.01176300
v 0.01577400 -0.01366400 0.01358600
v 0.01426600 -0.01366400 0.01538300
v 0.01419900 -0.01366400 0.01640600
v 0.00740300 -0.01366400 0.02952700
v 0.00644700 -0.01366400 0.02372200
v -0.01996200 -0.01366400 0.02396200
v 0.00694600 -0.01366400 0.02494500
v -0.02068500 -0.01366400 0.02487400
v -0.02245400 -0.01366400 0.02644800
v 0.00744500 -0.01366400 0.02640200
v 0.00746500 -0.01366400 0.02761300
v -0.02367100 -0.01366400 0.02849000
v 0.00739100 -0.01366400 0.02881400
v -0.01939800 -0.01366400 0.01743800
v -0.02980500 -0.01366400 -0.00998400
v -0.02854000 -0.01366400 0.00352300
v -0.02866400 -0.01366400 0.00521000
v -0.02826900 -0.01366400 0.00692400
v -0.02801600 -0.01366400 0.01001600
v -0.02730900 -0.01366400 0.01410500
v -0.02622900 -0.01366400 0.01527700
v -0.02850000 -0.01366400 0.02274500
v -0.02851000 -0.01366400 0.02366900
v -0.02784300 -0.01366400 0.02464200
v -0.02757500 -0.01366400 0.02594100
v -0.02742200 -0.01366400 0.02794000
v -0.02734600 -0.01366400 0.02892400
v -0.02731300 -0.01366400 0.02935800
v -0.02667300 -0.01366400 -0.01183300
v -0.02426800 -0.01366400 -0.01233600
v 0.01042800 -0.01366400 -0.01314100
v -0.02887700 -0.01366400 -0.01109500
v -0.02973900 -0.01366400 -0.01080600
v -0.02983300 -0.01366400 -0.01051900
v -0.02393700 -0.00285100 0.04097000
v -0.02697400 -0.00285100 0.03764500
v -0.02393700 0.00172300 0.04097000
v -0.02697400 0.00172300 0.03764500
v -0.01959100 -0.00285100 0.04357000
v -0.01959100 0.00172300 0.04357000
v -0.01615800 -0.00285100 0.04416500
v -0.01615800 0.00172300 0.04416500
v -0.01262900 -0.00285100 0.04440500
v -0.01262900 0.00172300 0.04440500
v -0.00908700 -0.00285100 0.04428500
v -0.00908700 0.00172300 0.04428500
v -0.00561400 -0.00285100 0.04380700
v -0.00561400 0.00172300 0.04380700
v -0.00229000 -0.00285100 0.04298200
v -0.00229000 0.00172300 0.04298200
v -0.00063400 -0.00285100 0.04220700
v -0.00063400 0.00172300 0.04220700
v 0.00094400 -0.00285100 0.04136200
v 0.00094400 0.00172300 0.04136200
v 0.00243600 -0.00285100 0.04045200
v 0.00243600 0.00172300 0.04045200
v 0.00383800 -0.00285100 0.03947900
v 0.00383800 0.00172300 0.03947900
v 0.00457200 -0.00285100 0.03872800
v 0.00457200 0.00172300 0.03872800
v 0.00527200 -0.00285100 0.03796400
v 0.00527200 0.00172300 0.03796400
v 0.00593800 -0.00285100 0.03718600
v 0.00593800 0.00172300 0.03718600
v 0.00656900 -0.00285100 0.03639500
v 0.00656900 0.00172300 0.03639500
v 0.00716500 -0.00285100 0.03559200
v 0.00716500 0.00172300 0.03559200
v 0.00772500 -0.00285100 0.03477800
v 0.00772500 0.00172300 0.03477800
v 0.00824800 -0.00285100 0.03395300
v 0.00824800 0.00172300 0.03395300
v 0.00873500 -0.00285100 0.03311800
v 0.00873500 0.00172300 0.03311800
v 0.00918500 -0.00285100 0.03227300
v 0.00918500 0.00172300 0.03227300
v 0.00959700 -0.00285100 0.03142100
v 0.00959700 0.00172300 0.03142100
v 0.00997100 -0.00285100 0.03056000
v 0.00997100 0.00172300 0.03056000
v -0.02844400 -0.00285100 0.03387800
v -0.02844400 0.00172300 0.03387800
v 0.00667700 -0.00285100 0.03044400
v 0.00532200 -0.00285100 0.03409800
v 0.00408900 -0.00285100 0.03567200
v 0.00249000 -0.00285100 0.03707800
v 0.00077400 -0.00285100 0.03897400
v -0.00130900 -0.00285100 0.04004300
v -0.00607700 -0.00285100 0.04143700
v -0.00753900 -0.00285100 0.04192800
v -0.00900200 -0.00285100 0.04200900
v -0.01155900 -0.00285100 0.04217200
v -0.02531200 -0.00285100 0.03171900
v -0.02504000 -0.00285100 0.03335900
v -0.02448900 -0.00285100 0.03712000
v -0.02313200 -0.00285100 0.03866800
v -0.02129600 -0.00285100 0.03997100
v -0.01921900 -0.00285100 0.04119200
v -0.01653900 -0.00285100 0.04217000
v -0.02531200 0.00172300 0.03171900
v -0.02504000 0.00172300 0.03335900
v -0.02448900 0.00172300 0.03712000
v -0.02313200 0.00172300 0.03866800
v -0.02129600 0.00172300 0.03997100
v -0.01921900 0.00172300 0.04119200
v -0.01653900 0.00172300 0.04217000
v -0.01155900 0.00172300 0.04217200
v -0.00900200 0.00172300 0.04200900
v -0.00753900 0.00172300 0.04192800
v -0.00607700 0.00172300 0.04143700
v -0.00130900 0.00172300 0.04004300
v 0.00077400 0.00172300 0.03897400
v 0.00667700 0.00172300 0.03044400
v 0.00249000 0.00172300 0.03707800
v 0.00532200 0.00172300 0.03409800
v 0.00408900 0.00172300 0.03567200
v -0.02404500 -0.01366400 0.01597000
v -0.02427100 -0.01366400 0.01571700
v -0.02202200 -0.01366400 0.01447400
v -0.02317900 -0.01366400 0.01451200
v -0.02178400 -0.01366400 0.01467000
v -0.02379700 -0.01366400 0.01469900
v -0.02148500 -0.01366400 0.01502300
v -0.02401300 -0.01366400 0.01498600
v -0.02433200 -0.01366400 0.01547300
v -0.02177400 -0.01366400 0.01571400
v -0.02188800 -0.01366400 0.01598700
v -0.02387700 -0.01366400 0.01607500
v -0.02257900 -0.01366400 0.01626400
v -0.02246400 -0.01366400 0.01631400
v -0.02348400 -0.01366400 0.01627800
vn 0.00016870 -0.99998224 0.00595671
vn 0.00000000 -0.00000000 -0.00000000
vn -0.00000000 -0.00000000 0.00000000
vn 0.00139956 0.99990108 -0.01399564
vn 0.00000000 0.00000000 0.00000000
vn -0.00000000 0.00000000 0.00000000
vn -0.00000000 0.00000000 0.00000000
vn 0.00000000 -0.00000000 -0.00000000
vn 0.00000000 0.00000000 -0.00000000
vn -0.00000000 -0.00000000 -0.00000000
vn 0.00000000 -0.00000000 0.00000000
vn -0.00000000 0.00000000 0.00000000
vn -0.00000000 -0.00000000 -0.00000000
vn 0.00000000 0.00000000 -0.00000000
vn -0.00000000 -0.00000000 -0.00000000
vn 0.00000000 0.00000000 -0.00000000
vn -0.00000000 -0.00000000 -0.00000000
vn -0.00000000 -0.00000000 -0.00000000
vn -0.00000000 0.00000000 0.00000000
vn 0.00000000 0.00000000 0.00000000
vn 0.00000000 0.00000000 -0.00000000
vn 0.00000000 -0.00000000 0.00000000
vn 0.00000000 -0.00000000 -0.00000000
vn -0.00000000 0.00000000 0.00000000
vn -0.00000000 -0.00000000 0.00000000
vn 0.00000000 -0.00000000 -0.00000000
vn -0.00000000 0.00000000 0.00000000
vn -0.00000000 -0.00000000 0.00000000
vn -0.00000000 -0.00000000 0.00000000
vn 0.01318371 0.99932539 -0.03427765
vn 0.00009657 -0.99944175 -0.03340938
vn 0.00000000 -0.00000000 0.00000000
vn 0.00000000 -0.00000000 -0.00000000
vn 0.00000000 0.00000000 -0.00000000
vn -0.00000000 0.00000000 0.00000000
vn 0.00000000 -0.00000000 -0.00000000
vn -0.00000000 -0.00000000 -0.00000000
vn -0.00000000 -0.00000000 -0.00000000
vn 0.00000000 0.00000000 0.00000000
vn -0.00000000 -0.00000000 -0.00000000
vn -0.00000000 -0.00000000 0.00000000
vn -0.00000000 0.00000000 0.00000000
vn -0.00000000 -0.00000000 -0.00000000
vn 0.00000000 0.00000000 0.00000000
vn 0.00000000 -0.00000000 0.00000000
vn -0.00000000 0.00000000 -0.00000000
vn 0.00000000 0.00000000 0.00000000
vn -0.00000000 -0.00000000 -0.00000000
vn 0.00000000 -0.00000000 0.00000000
vn 0.00000000 0.00000000 -0.00000000
vn 0.00000000 0.00000000 0.00000000
vn -0.00000000 0.00000000 0.00000000
vn -0.00000000 -0.00000000 -0.00000000
vn -0.00000000 -0.00000000 -0.00000000
vn 0.00000000 0.00000000 0.00000000
vn 0.00000000 0.00000000 -0.00000000
vn -0.00000000 -0.00000000 -0.00000000
vn 0.00000000 0.00000000 0.00000000
vn 0.00000000 0.00000000 0.00000000
vn -0.00000000 -0.00000000 -0.00000000
vn 0.00000000 0.00000000 0.00000000
vn 0.00000000 -0.00000000 0.00000000
vn 0.00000000 0.00000000 0.00000000
vn -0.00000000 -0.00000000 -0.00000000
vn -0.00000000 0.00000000 0.00000000
vn 0.00000000 -0.00000000 -0.00000000
vn 0.00000000 0.00000000 0.00000000
vn -0.00000000 0.00000000 0.00000000
vn -0.00000000 0.00000000 -0.00000000
vn 0.00000000 0.00000000 -0.00000000
vn -0.00000000 -0.00000000 -0.00000000
vn -0.00000000 -0.00000000 0.00000000
vn -0.00000000 -0.00000000 0.00000000
vn 0.00000000 0.00000000 -0.00000000
vn -0.00030616 -0.99999947 -0.00097971
vn 0.00000000 -0.00000000 0.00000000
vn -0.00000119 0.99999953 0.00097371
vn -0.00000000 -0.00000000 -0.00000000
vn -0.00000000 0.00000000 0.00000000
vn 0.00000000 -0.00000000 -0.00000000
vn 0.00000000 -0.00000000 -0.00000000
vn -0.00000000 0.00000000 -0.00000000
vn -0.00000000 -0.00000000 0.00000000
vn -0.00000000 0.00000000 -0.00000000
vn 0.00000000 -0.00000000 0.00000000
vn 0.00000000 0.00000000 -0.00000000
vn 0.00020226 -0.99999474 -0.00323623
vn -0.00000000 -0.00000000 -0.00000000
vn 0.00000000 0.00000000 0.00000000
vn 0.00000000 -0.00000000 -0.00000000
vn -0.00000000 -0.00000000 0.00000000
vn 0.00000000 0.00000000 0.00000000
vn 0.00000000 0.00000000 -0.00000000
vn 0.00000000 0.00000000 -0.00000000
vn -0.00000000 0.00000000 -0.00000000
vn 0.00000000 0.00000000 0.00000000
vn 0.00000000 -0.00000000 -0.00000000
vn 0.00000000 -0.00000000 0.00000000
vn 0.00000000 0.00000000 0.00000000
vn -0.00000000 0.00000000 0.00000000
vn 0.00000000 0.00000000 -0.00000000
vn 0.00000000 -0.00000000 0.00000000
vn 0.00000000 0.00000000 0.00000000
vn 0.00000000 -0.00000000 0.00000000
vn 0.00000000 0.00000000 0.00000000
vn 0.00000000 0.00000000 -0.00000000
vn -0.00110037 0.99996065 0.00880295
vn 0.00000000 -0.00000000 0.00000000
vn 0.00000000 -0.00000000 -0.00000000
vn 0.00000000 -0.00000000 0.00000000
vn -0.00000000 0.00000000 0.00000000
vn 0.00000000 0.00000000 0.00000000
vn 0.00000000 -0.00000000 0.00000000
vn -0.00000000 -0.00000000 -0.00000000
vn 0.00000000 0.00000000 -0.00000000
vn 0.00000000 0.00000000 0.00000000
vn -0.00000000 -0.00000000 0.00000000
vn 0.00000000 0.00000000 -0.00000000
vn 0.00000000 -0.00000000 0.00000000
vn -0.00000000 -0.00000000 -0.00000000
vn -0.00000000 -0.00000000 0.00000000
vn 0.00000000 0.00000000 0.00000000
vn -0.00000000 -0.00000000 0.00000000
vn 0.00000000 0.00000000 0.00000000
vn -0.00000000 -0.00000000 0.00000000
vn 0.00000000 -0.00000000 0.00000000
vn 0.00000000 0.00000000 -0.00000000
vn -0.00000000 -0.00000000 -0.00000000
vn -0.00000000 -0.00000000 0.00000000
vn 0.00000000 0.00000000 -0.00000000
vn 0.00000000 -0.00000000 0.00000000
vn 0.00000000 -0.00000000 -0.00000000
vn -0.00000000 0.00000000 -0.00000000
vn -0.00000000 0.00000000 0.00000000
vn 0.00000000 -0.00000000 0.00000000
vn 0.00000000 0.00000000 -0.00000000
vn 0.00000000 -0.00000000 0.00000000
vn -0.00000000 -0.00000000 0.00000000
vn 0.00000000 0.00000000 0.00000000
vn -0.00000000 0.00000000 -0.00000000
vn -0.00000000 -0.00000000 0.00000000
vn 0.00000000 -0.00000000 -0.00000000
vn -0.00000000 0.00000000 0.00000000
vn 0.00000000 0.00000000 -0.00000000
vn 0.00000000 -0.00000000 -0.00000000
vn 0.00000000 0.00000000 -0.00000000
vn -0.00000000 -0.00000000 0.00000000
vn 0.00000000 0.00000000 0.00000000
vn 0.00000000 -0.00000000 0.00000000
vn 0.00000000 -0.00000000 -0.00000000
vn 0.00000000 0.00000000 0.00000000
vn -0.00000000 -0.00000000 -0.00000000
vn -0.00000000 0.00000000 0.00000000
vn 0.00000000 -0.00000000 0.00000000
vn 0.00000000 -0.00000000 0.00000000
vn 0.00000000 0.00000000 0.00000000
vn 0.00000000 -0.00000000 0.00000000
vn 0.00000000 0.00000000 -0.00000000
vn -0.00000000 0.00000000 0.00000000
vn -0.00000000 -0.00000000 0.00000000
vn -0.00000000 0.00000000 -0.00000000
vn 0.00000000 0.00000000 0.00000000
vn -0.00000000 0.00000000 0.00000000
vn 0.00000000 -0.00000000 0.00000000
vn -0.00000000 0.00000000 0.00000000
vn 0.00000000 -0.00000000 -0.00000000
vn -0.00000000 0.00000000 0.00000000
vn 0.00000000 -0.00000000 -0.00000000
vn 0.00000000 0.00000000 -0.00000000
vn 0.00000000 0.00000000 -0.00000000
vn -0.00000000 0.00000000 -0.00000000
vn -0.00000000 -0.00000000 0.00000000
vn 0.00000000 -0.00000000 -0.00000000
vn -0.00000000 -0.00000000 -0.00000000
vn 0.00000000 -0.00000000 -0.00000000
vn 0.00000000 0.00000000 0.00000000
vn 0.00000000 0.00000000 0.00000000
vn 0.00000000 -0.00000000 -0.00000000
vn 0.00000000 0.00000000 0.00000000
vn 0.00000000 0.00000000 0.00000000
vn 0.00000000 -0.00000000 0.00000000
vn -0.00000000 -0.00000000 0.00000000
vn -0.00000000 0.00000000 0.00000000
vn 0.00000000 -0.00000000 0.00000000
vn 0.00000000 0.00000000 -0.00000000
vn 0.00000000 -0.00000000 0.00000000
vn 0.00000000 0.00000000 0.00000000
vn -0.00000000 0.00000000 -0.00000000
vn 0.00000000 0.00000000 0.00000000
vn 0.00000000 0.00000000 0.00000000
vn 0.00000000 0.00000000 -0.00000000
vn -0.00000000 -0.00000000 0.00000000
vn -0.00000000 -0.00000000 0.00000000
vn 0.00000000 0.00000000 0.00000000
vn -0.00000000 -0.00000000 0.00000000
vn 0.00000000 0.00000000 -0.00000000
vn 0.00000000 0.00000000 0.00000000
vn 0.00000000 0.00000000 0.00000000
vn 0.00000000 -0.00000000 0.00000000
vn -0.00000000 -0.00000000 -0.00000000
vn -0.00000000 0.00000000 -0.00000000
vn -0.00000000 -0.00000000 0.00000000
vn 0.00000000 -0.00000000 0.00000000
vn 0.00000000 -0.00000000 0.00000000
vn 0.00000000 -0.00000000 -0.00000000
vn -0.00000000 0.00000000 0.00000000
vn -0.00000000 -0.00000000 0.00000000
vn 0.00000000 0.00000000 -0.00000000
vn 0.00000000 -0.00000000 0.00000000
vn -0.00000000 0.00000000 0.00000000
vn -0.00000000 0.00000000 -0.00000000
vn -0.00000000 -0.00000000 0.00000000
vn 0.00000000 0.00000000 0.00000000
vn -0.00000000 -0.00000000 0.00000000
vn 0.00000000 -0.00000000 -0.00000000
vn -0.00000000 0.00000000 -0.00000000
vn 0.00000000 0.00000000 -0.00000000
vn 0.00000000 -0.00000000 0.00000000
vn -0.00000000 0.00000000 -0.00000000
vn -0.00000000 0.00000000 -0.00000000
vn 0.00000000 0.00000000 0.00000000
vn -0.00000000 -0.00000000 -0.00000000
vn 0.00000000 0.00000000 0.00000000
vn 0.00000000 -0.00000000 0.00000000
vn 0.00000000 0.00000000 0.00000000
vn 0.00000000 -0.00000000 0.00000000
vn -0.00000000 0.00000000 -0.00000000
vn -0.00000000 -0.00000000 -0.00000000
vn -0.00000000 -0.00000000 -0.00000000
vn 0.00000000 0.00000000 0.00000000
vn -0.00000000 0.00000000 0.00000000
vn 0.00000000 -0.00000000 0.00000000
vn 0.00000000 0.00000000 -0.00000000
vn 0.00000000 0.00000000 0.00000000
vn -0.00000000 -0.00000000 -0.00000000
vn 0.00000000 0.00000000 -0.00000000
vn 0.00000000 0.00000000 -0.00000000
vn -0.00000000 0.00000000 0.00000000
vn 0.00000000 -0.00000000 -0.00000000
vn -0.00000000 -0.00000000 0.00000000
vn 0.00000000 0.00000000 0.00000000
vn -0.00000000 -0.00000000 0.00000000
vn 0.00000000 -0.00000000 -0.00000000
vn -0.00000000 0.00000000 0.00000000
vn -0.00000000 0.00000000 0.00000000
vn 0.00000000 0.00000000 0.00000000
vn -0.00000000 0.00000000 -0.00000000
vn -0.00000000 0.00000000 -0.00000000
vn 0.00000000 -0.00000000 0.00000000
vn -0.00000000 0.00000000 -0.00000000
vn 0.00000000 0.00000000 0.00000000
vn -0.00000000 0.00000000 -0.00000000
vn 0.00000000 -0.00000000 0.00000000
vn -0.00000000 -0.00000000 -0.00000000
vn 0.00000000 0.00000000 0.00000000
vn -0.00000000 -0.00000000 0.00000000
vn 0.00000000 -0.00000000 0.00000000
vn -0.00000000 -0.00000000 0.00000000
vn -0.00000000 -0.00000000 0.00000000
vn 0.00000000 0.00000000 0.00000000
vn 0.00000000 -0.00000000 -0.00000000
vn 0.00000000 -0.00000000 0.00000000
vn -0.00000000 -0.00000000 -0.00000000
vn 0.00000000 0.00000000 0.00000000
vn 0.00000000 -0.00000000 -0.00000000
vn 0.00000000 0.00000000 0.00000000
vn 0.00000000 0.00000000 -0.00000000
vn 0.00000000 -0.99999800 0.00200200
vn 0.00000000 -0.00000000 -0.00000000
vn -0.00055212 0.99999360 -0.00353355
vn -0.00000000 0.00000000 0.00000000
vn -0.00000000 -0.00000000 -0.00000000
vn 0.00000000 0.00000000 -0.00000000
vn 0.00000000 -0.00000000 0.00000000
vn -0.00000000 0.00000000 0.00000000
vn -0.00000000 0.00000000 -0.00000000
vn 0.00000000 -0.00000000 -0.00000000
vn -0.00000000 -0.00000000 0.00000000
vn 0.00000000 -0.00000000 0.00000000
vn 0.00000000 0.00000000 0.00000000
vn -0.00000000 0.00000000 0.00000000
vn -0.00000000 0.00000000 -0.00000000
vn 0.00000000 0.00000000 0.00000000
vn 0.00000000 -0.00000000 -0.00000000
vn -0.00000000 0.00000000 0.00000000
vn -0.00000000 0.00000000 0.00000000
vn 0.00000000 -0.00000000 -0.00000000
vn 0.00000000 -0.00000000 0.00000000
vn 0.00000000 0.00000000 -0.00000000
vn -0.00000000 -0.00000000 -0.00000000
vn 0.00000000 0.00000000 0.00000000
vn -0.00000000 -0.00000000 0.00000000
vn -0.00000000 0.00000000 -0.00000000
vn 0.00000000 -0.00000000 -0.00000000
vn 0.00000000 -0.00000000 -0.00000000
vn 0.00000000 0.00000000 0.00000000
vn 0.00000000 0.00000000 0.00000000
vn 0.00000000 -0.00000000 -0.00000000
vn 0.00000000 0.00000000 0.00000000
vn 0.00000000 -0.00000000 0.00000000
vn 0.00000000 -0.00000000 -0.00000000
vn -0.00000000 -0.00000000 -0.00000000
vn -0.00000000 0.00000000 0.00000000
vn -0.00000000 -0.00000000 0.00000000
vn 0.00000000 -0.00000000 0.00000000
vn 0.00000000 0.00000000 -0.00000000
vn -0.00000000 0.00000000 -0.00000000
vn 0.00000000 -0.00000000 0.00000000
vn 0.00000000 0.00000000 0.00000000
vn -0.00000000 0.00000000 -0.00000000
vn -0.00000000 0.00000000 0.00000000
vn -0.00000000 -0.00000000 -0.00000000
vn -0.00000000 -0.00000000 0.00000000
vn -0.00000000 0.00000000 0.00000000
vn 0.00000000 0.00000000 -0.00000000
vn 0.00000000 -0.00000000 0.00000000
vn 0.00000000 -0.00000000 0.00000000
vn 0.00000000 -0.00000000 0.00000000
vn -0.00000000 -0.00000000 0.00000000
vn 0.00000000 0.00000000 0.00000000
vn 0.00000000 0.00000000 0.00000000
vn -0.00000000 -0.00000000 0.00000000
vn 0.00000000 -0.00000000 -0.00000000
vn -0.00000000 0.00000000 0.00000000
vn -0.00000000 -0.00000000 -0.00000000
vn -0.00000000 0.00000000 -0.00000000
vn 0.00000000 0.00000000 -0.00000000
vn 0.00000000 0.00000000 -0.00000000
vn -0.00000000 -0.00000000 -0.00000000
vn 0.00000000 0.00000000 -0.00000000
vn 0.00000000 -0.00000000 0.00000000
vn 0.00000000 0.00000000 -0.00000000
vn -0.00000000 0.00000000 0.00000000
vn -0.00000000 0.00000000 0.00000000
vn -0.00000000 0.00000000 -0.00000000
vn 0.00000000 -0.00000000 -0.00000000
vn 0.00000000 0.00000000 0.00000000
vn 0.00000000 -0.00000000 -0.00000000
vn 0.00000000 -0.00000000 -0.00000000
vn 0.00000000 -0.00000000 -0.00000000
vn 0.00000000 0.00000000 -0.00000000
vn 0.00000000 0.00000000 0.00000000
vn -0.00000000 0.00000000 0.00000000
vn 0.00000000 -0.00000000 0.00000000
vn -0.00000000 -0.00000000 0.00000000
vn 0.00000000 0.00000000 0.00000000
vn 0.00000000 0.00000000 -0.00000000
vn 0.00000000 0.00000000 -0.00000000
vn 0.00000000 -0.00000000 -0.00000000
vn -0.00000000 0.00000000 0.00000000
vn -0.00000000 0.00000000 0.00000000
vn 0.00000000 0.00000000 -0.00000000
vn 0.00000000 0.00000000 0.00000000
vn 0.00000000 -0.00000000 0.00000000
vn 0.00000000 0.00000000 0.00000000
vn 0.00000000 0.00000000 0.00000000
vn -0.00000000 0.00000000 0.00000000
vn 0.00000000 -0.00000000 0.00000000
vn -0.00000000 -0.00000000 -0.00000000
vn -0.00000000 0.00000000 -0.00000000
vn 0.00000000 0.00000000 -0.00000000
vn 0.00000000 0.00000000 0.00000000
vn 0.00000000 0.00000000 -0.00000000
vn -0.00000000 -0.00000000 0.00000000
vn -0.00000000 0.00000000 0.00000000
vn -0.00000000 -0.00000000 0.00000000
vn 0.00000000 -0.00000000 -0.00000000
vn -0.00000000 0.00000000 -0.00000000
vn -0.00000000 0.00000000 0.00000000
vn 0.00000000 -0.00000000 0.00000000
vn 0.00000000 -0.00000000 0.00000000
vn 0.00000000 0.00000000 -0.00000000
vn -0.00000000 -0.00000000 0.00000000
vn 0.00000000 0.00000000 0.00000000
vn 0.00000000 0.00000000 -0.00000000
vn -0.00000000 -0.00000000 0.00000000
vn 0.00000000 -0.00000000 -0.00000000
vn 0.00000000 0.00000000 -0.00000000
vn 0.00000000 -0.00000000 0.00000000
vn 0.00000000 0.00000000 -0.00000000
vn 0.00000000 0.00000000 0.00000000
vn -0.00000000 -0.00000000 -0.00000000
vn 0.00000000 0.00000000 0.00000000
vn -0.00000000 -0.00000000 0.00000000
vn 0.00000000 -0.00000000 -0.00000000
vn -0.00000000 -0.00000000 0.00000000
vn 0.00000000 0.00000000 0.00000000
vn -0.00000000 -0.00000000 0.00000000
vn 0.00000000 -0.00000000 -0.00000000
vn 0.00000000 0.00000000 0.00000000
vn -0.00000000 0.00000000 -0.00000000
vn 0.00000000 -0.00000000 0.00000000
vn -0.00000000 0.00000000 0.00000000
vn -0.00000000 0.00000000 0.00000000
vn 0.00000000 -0.00000000 0.00000000
vn 0.00000000 0.00000000 0.00000000
vn -0.00000000 0.00000000 0.00000000
vn 0.00000000 0.00000000 0.00000000
vn -0.00000000 -0.00000000 -0.00000000
vn 0.00000000 0.00000000 0.00000000
vn -0.00000000 0.00000000 0.00000000
vn 0.00000000 -0.00000000 0.00000000
vn 0.00000000 0.00000000 -0.00000000
vn 0.00000000 0.00000000 0.00000000
vn 0.00000000 0.00000000 -0.00000000
vn 0.00000000 -0.00000000 0.00000000
vn -0.00000000 0.00000000 -0.00000000
vn -0.00000000 0.00000000 0.00000000
vn 0.00000000 0.00000000 -0.00000000
vn 0.00000000 0.00000000 0.00000000
vn 0.00000000 -0.00000000 0.00000000
vn -0.00000000 0.00000000 0.00000000
vn 0.00000000 -0.00000000 0.00000000
vn 0.00000000 0.00000000 0.00000000
vn -0.00000000 -0.00000000 0.00000000
vn 0.00000000 0.00000000 -0.00000000
vn -0.00000000 0.00000000 -0.00000000
vn 0.00000000 0.00000000 0.00000000
vn 0.00000000 -0.00000000 0.00000000
vn -0.00000000 -0.00000000 0.00000000
vn 0.00000000 0.00000000 -0.00000000
vn 0.00000000 0.00000000 0.00000000
vn 0.00000000 0.00000000 -0.00000000
vn -0.00000000 0.00000000 -0.00000000
vn -0.00000000 0.00000000 0.00000000
vn -0.00000000 0.00000000 0.00000000
vn 0.00000000 0.00000000 0.00000000
vn -0.00000000 -0.00000000 -0.00000000
vn 0.00000000 0.00000000 0.00000000
vn -0.00000000 0.00000000 0.00000000
vn 0.00000000 -0.00000000 0.00000000
vn -0.00000000 0.00000000 -0.00000000
vn -0.00000000 -0.00000000 0.00000000
vn 0.00000000 -0.00000000 -0.00000000
vn -0.00000000 0.00000000 0.00000000
vn 0.00000000 -0.00000000 -0.00000000
vn 0.00000000 0.00000000 0.00000000
vn -0.00000000 0.00000000 0.00000000
vn -0.00000000 -0.00000000 -0.00000000
vn 0.00000000 0.00000000 0.00000000
vn -0.00000000 0.00000000 -0.00000000
vn 0.00000000 0.00000000 0.00000000
vn -0.00000000 0.00000000 0.00000000
vn -0.00000000 0.00000000 0.00000000
vn -0.00000000 -0.00000000 -0.00000000
vn -0.00000000 0.00000000 -0.00000000
vn -0.00000000 0.00000000 0.00000000
vn -0.00000000 -0.00000000 -0.00000000
vn 0.00000000 0.00000000 -0.00000000
vn -0.00000000 0.00000000 -0.00000000
vn -0.00000000 -0.00000000 -0.00000000
vn -0.00000000 0.00000000 -0.00000000
vn 0.00000000 0.00000000 0.00000000
vn 0.00000000 0.00000000 0.00000000
vn 0.00000000 0.00000000 -0.00000000
vn -0.00000000 -0.00000000 0.00000000
vn 0.00000000 0.00000000 -0.00000000
vn 0.00000000 0.00000000 -0.00000000
vn 0.00000000 -0.00000000 -0.00000000
vn -0.00000000 0.00000000 0.00000000
vn -0.00000000 0.00000000 0.00000000
vn 0.00000000 0.00000000 -0.00000000
vn -0.00000000 0.00000000 0.00000000
vn -0.00000000 0.00000000 0.00000000
vn 0.00000000 -0.00000000 -0.00000000
vn 0.00000000 -0.00000000 0.00000000
vn 0.00000000 0.00000000 0.00000000
vn -0.00000000 -0.00000000 0.00000000
vn -0.00000000 0.00000000 0.00000000
vn -0.00000000 0.00000000 -0.00000000
vn -0.00000000 -0.00000000 0.00000000
vn -0.00000000 0.00000000 -0.00000000
vn -0.00000000 -0.00000000 -0.00000000
vn 0.00000000 0.00000000 0.00000000
vn -0.00000000 -0.00000000 -0.00000000
vn 0.00000000 -0.00000000 0.00000000
vn 0.00000000 0.00000000 0.00000000
vn -0.00000000 0.00000000 -0.00000000
vn -0.00000000 -0.00000000 -0.00000000
vn 0.00000000 0.00000000 0.00000000
vn 0.00000000 0.00000000 0.00000000
vn -0.00000000 0.00000000 -0.00000000
vn 0.00000000 -0.00000000 -0.00000000
vn -0.00000000 0.00000000 0.00000000
vn 0.00000000 0.00000000 0.00000000
vn 0.00000000 0.00000000 -0.00000000
vn 0.00000000 0.00000000 0.00000000
vn 0.00000000 0.00000000 -0.00000000
vn 0.00000000 -0.00000000 0.00000000
vn 0.00000000 -0.00000000 0.00000000
vn -0.00000000 -0.00000000 -0.00000000
vn -0.00000000 -0.00000000 0.00000000
vn 0.00000000 -0.00000000 -0.00000000
vn 0.00000000 0.00000000 -0.00000000
vn -0.00000000 0.00000000 0.00000000
vn 0.00000000 -0.00000000 -0.00000000
vn -0.00000000 0.00000000 -0.00000000
vn 0.00000000 -0.00000000 0.00000000
vn -0.00000000 0.00000000 0.00000000
vn 0.00000000 -0.00000000 0.00000000
vn -0.00000000 -0.00000000 -0.00000000
vn 0.00000000 0.00000000 -0.00000000
vn 0.00000000 0.00000000 -0.00000000
vn -0.00000000 0.00000000 0.00000000
vn 0.00000000 -0.00000000 0.00000000
vn -0.00000000 0.00000000 0.00000000
vn 0.00000000 0.00000000 0.00000000
vn -0.00000000 -0.00000000 -0.00000000
vn -0.00000000 0.00000000 -0.00000000
vn -0.00000000 -0.00000000 -0.00000000
vn -0.00000000 0.00000000 0.00000000
vn 0.00000000 -0.00000000 0.00000000
vn 0.00000000 -0.00000000 0.00000000
vn -0.00000000 0.00000000 -0.00000000
vn -0.00000000 0.00000000 0.00000000
vn 0.00000000 0.00000000 0.00000000
vn -0.00000000 0.00000000 -0.00000000
vn 0.00000000 0.00000000 -0.00000000
vn -0.00000000 -0.00000000 -0.00000000
vn -0.00000000 0.00000000 0.00000000
vn -0.00000000 0.00000000 -0.00000000
vn 0.00000000 0.00000000 0.00000000
vn 0.00000000 -0.00000000 -0.00000000
vn 0.00000000 0.00000000 -0.00000000
vn 0.00000000 -0.00000000 -0.00000000
vn 0.00000000 0.00000000 0.00000000
vn 0.00000000 0.00000000 0.00000000
vn -0.00000000 -0.00000000 -0.00000000
vn -0.00000000 -0.00000000 -0.00000000
vn 0.00000000 0.00000000 0.00000000
vn -0.00000000 0.00000000 0.00000000
vn 0.00000000 0.00000000 -0.00000000
vn -0.00000000 -0.00000000 -0.00000000
vn 0.00000000 0.00000000 0.00000000
vn 0.00000000 0.00000000 -0.00000000
vn -0.00000000 0.00000000 -0.00000000
vn 0.00000000 0.00000000 0.00000000
vn 0.00000000 -0.00000000 0.00000000
vn -0.00000000 -0.00000000 -0.00000000
vn 0.00000000 -0.00000000 -0.00000000
vn 0.00000000 0.00000000 0.00000000
vn -0.00000000 0.00000000 0.00000000
vn -0.00000000 -0.00000000 0.00000000
vn -0.00000000 -0.00000000 0.00000000
vn 0.00000000 0.00000000 -0.00000000
vn 0.00000000 -0.00000000 -0.00000000
vn 0.00000000 0.00000000 -0.00000000
vn -0.00000000 0.00000000 0.00000000
vn -0.00000000 -0.00000000 0.00000000
vn -0.00000000 -0.00000000 0.00000000
vn -0.00000000 0.00000000 -0.00000000
vn 0.00000000 0.00000000 -0.00000000
vn -0.00000000 -0.00000000 -0.00000000
vn -0.00000000 -0.00000000 0.00000000
vn -0.00000000 0.00000000 -0.00000000
vn 0.00000000 -0.00000000 0.00000000
vn 0.00000000 0.00000000 -0.00000000
vn 0.00000000 -0.00000000 0.00000000
vn 0.00000000 0.00000000 0.00000000
vn -0.00000000 -0.00000000 0.00000000
vn -0.00000000 0.00000000 0.00000000
vn -0.00000000 0.00000000 -0.00000000
vn 0.00000000 0.00000000 -0.00000000
vn 0.00000000 -0.00000000 0.00000000
vn 0.00000000 0.00000000 0.00000000
vn 0.00000000 -0.00000000 -0.00000000
vn 0.00000000 0.00000000 -0.00000000
vn 0.00000000 0.00000000 -0.00000000
vn -0.00000000 0.00000000 0.00000000
vn 0.00000000 0.00000000 0.00000000
vn 0.00000000 -0.00000000 -0.00000000
vn -0.00000000 0.00000000 -0.00000000
vn 0.00000000 0.00000000 -0.00000000
vn 0.00000000 -0.00000000 0.00000000
vn 0.00000000 0.00000000 0.00000000
vn 0.00000000 0.00000000 -0.00000000
vn 0.00000000 -0.00000000 0.00000000
vn -0.00000000 -0.00000000 0.00000000
vn 0.00000000 0.00000000 0.00000000
vn 0.00000000 0.00000000 -0.00000000
vn -0.00000000 -0.00000000 -0.00000000
vn 0.00000000 -0.00000000 0.00000000
vn 0.00000000 0.00000000 -0.00000000
vn 0.00000000 0.00000000 0.00000000
vn -0.00000000 0.00000000 -0.00000000
vn 0.00000000 0.00000000 -0.00000000
vn 0.00000000 -0.00000000 0.00000000
vn 0.00000000 0.00000000 0.00000000
vn -0.00000000 0.00000000 0.00000000
vn 0.00000000 0.00000000 0.00000000
vn -0.00000000 0.00000000 0.00000000
vn -0.00000000 0.00000000 -0.00000000
vn 0.00000000 -0.00000000 0.00000000
vn -0.00000000 0.00000000 -0.00000000
vn 0.00000000 -0.00000000 0.00000000
vn -0.00000000 0.00000000 0.00000000
vn 0.00000000 0.00000000 -0.00000000
vn -0.00000000 -0.00000000 0.00000000
vn -0.00000000 -0.00000000 0.00000000
vn -0.00000000 -0.00000000 0.00000000
vn 0.00000000 0.00000000 -0.00000000
vn 0.00000000 0.00000000 -0.00000000
vn 0.00000000 0.00000000 0.00000000
vn -0.00000000 -0.00000000 -0.00000000
vn 0.00000000 -0.00000000 0.00000000
vn 0.00000000 -0.00000000 -0.00000000
vn -0.00000000 -0.00000000 -0.00000000
vn 0.00000000 -0.00000000 0.00000000
vn 0.00000000 -0.00000000 0.00000000
vn 0.00000000 0.00000000 -0.00000000
vn -0.00000000 -0.00000000 -0.00000000
vn 0.00000000 -0.00000000 0.00000000
vn -0.00000000 0.00000000 0.00000000
vn 0.00000000 0.00000000 -0.00000000
vn -0.00000000 0.00000000 0.00000000
vn 0.00000000 -0.00000000 0.00000000
vn 0.00000000 -0.00000000 0.00000000
vn 0.00000000 -0.00000000 0.00000000
vn -0.00000000 0.00000000 -0.00000000
vn -0.00000000 0.00000000 -0.00000000
vn 0.00000000 -0.00000000 0.00000000
vn 0.00000000 -0.00000000 0.00000000
vn -0.00000000 -0.00000000 -0.00000000
vn -0.00000000 -0.00000000 -0.00000000
vn 0.00000000 0.00000000 -0.00000000
vn 0.00000000 0.00000000 -0.00000000
vn 0.00000000 0.00000000 0.00000000
vn 0.00000000 0.00000000 -0.00000000
vn 0.00000000 -0.00000000 0.00000000
vn 0.00000000 -0.00000000 -0.00000000
vn 0.00000000 -0.00000000 -0.00000000
vn -0.00000000 0.00000000 0.00000000
vn 0.00000000 0.00000000 -0.00000000
vn 0.00000000 0.00000000 0.00000000
vn -0.00000000 0.00000000 0.00000000
vn 0.00000000 0.00000000 -0.00000000
vn -0.00000000 -0.00000000 -0.00000000
vn 0.00977934 0.99986940 0.01286680
vn 0.00000000 0.00000000 0.00000000
vn 0.00000000 0.00000000 0.00000000
vn -0.00000000 -0.00000000 0.00000000
vn 0.00000000 0.00000000 0.00000000
vn -0.00000000 0.00000000 -0.00000000
vn 0.00000000 -0.00000000 0.00000000
vn 0.00000000 0.00000000 -0.00000000
vn -0.00000000 0.00000000 -0.00000000
vn -0.00000000 -0.00000000 -0.00000000
vn 0.00000000 -0.00000000 0.00000000
vn 0.00000000 -0.00000000 0.00000000
vn 0.00000000 0.00000000 0.00000000
vn -0.00000000 -0.00000000 0.00000000
vn -0.00000000 0.00000000 0.00000000
vn 0.00000000 0.00000000 -0.00000000
vn 0.00000000 -0.00000000 0.00000000
vn -0.00000000 0.00000000 0.00000000
vn 0.00000000 0.00000000 -0.00000000
vn -0.00000000 -0.00000000 0.00000000
vn 0.00000000 -0.00000000 -0.00000000
vn -0.00000000 -0.00000000 0.00000000
vn -0.00241935 -0.99999675 -0.00080645
vn 0.00000000 0.99966486 0.02588774
vn 0.00000000 -0.00000000 -0.00000000
vn -0.00000000 0.00000000 0.00000000
vn -0.00000000 0.00000000 0.00000000
vn 0.00000000 -0.00000000 -0.00000000
vn 0.00000000 0.00000000 0.00000000
vn 0.01687607 -0.99982539 0.00802428
vn -0.00000000 0.00000000 -0.00000000
vn 0.00000000 -0.00000000 0.00000000
vn -0.00007428 1.00000000 -0.00002785
vn -0.00396064 -0.99997053 -0.00657684
vn 0.00000000 0.00000000 -0.00000000
vn 0.00000000 -0.00000000 0.00000000
vn -0.00000000 -0.00000000 -0.00000000
vn 0.00000000 0.00000000 0.00000000
vn -0.00109643 -0.99994704 0.01023338
vn 0.00000000 0.00000000 -0.00000000
vn -0.00016837 0.99999070 -0.00431030
vn -0.00000000 0.00000000 0.00000000
vn 0.00000000 0.00000000 -0.00000000
vn 0.00000000 0.00000000 0.00000000
vn -0.00000000 0.00000000 0.00000000
vn -0.00000000 -0.00000000 0.00000000
vn -0.00000000 -0.00000000 -0.00000000
vn 0.00000000 -0.00000000 -0.00000000
vn -0.00004921 0.99999973 -0.00072674
vn 0.00000095 -0.99999953 -0.00097371
vn 0.00000000 -0.00000000 0.00000000
vn 0.00000000 0.00000000 -0.00000000
vn -0.00000000 -0.00000000 0.00000000
vn 0.00000000 -0.00000000 -0.00000000
vn -0.93369066 -0.33992521 0.11257263
vn 0.00725008 0.99993066 0.00928010
vn -0.00000000 0.00000000 -0.00000000
vn -0.00000000 -0.00000000 0.00000000
vn 0.00000000 -0.00000000 -0.00000000
vn -0.00127704 0.99999758 0.00179404
vn 0.00000000 0.00000000 -0.00000000
vn 0.00000000 -0.00000000 -0.00000000
vn 0.00000000 0.00000000 -0.00000000
vn -0.00000000 0.00000000 -0.00000000
vn 0.00000000 0.00000000 0.00000000
vn -0.00000000 0.00000000 0.00000000
vn -0.00000000 -0.00000000 0.00000000
vn -0.00000000 -0.00000000 0.00000000
vn 0.00000000 0.00000000 0.00000000
vn 0.00000000 0.00000000 -0.00000000
vn -0.00000000 -0.00000000 -0.00000000
vn 0.00000000 -0.00000000 -0.00000000
vn -0.00000000 0.00000000 0.00000000
vn -0.00000000 -0.00000000 0.00000000
vn -0.00000000 -0.00000000 0.00000000
vn 0.00000000 -0.00000000 0.00000000
vn -0.00000000 0.00000000 -0.00000000
vn -0.00000000 -0.00000000 -0.00000000
vn 0.00000000 0.00000000 0.00000000
vn -0.00000000 0.00000000 -0.00000000
vn 0.00000000 -0.00000000 0.00000000
vn 0.00000000 0.00000000 0.00000000
vn -0.00000000 -0.00000000 -0.00000000
vn -0.00000000 0.00000000 -0.00000000
vn 0.00000000 0.00000000 0.00000000
vn 0.00000000 -0.00000000 0.00000000
vn -0.00000000 0.00000000 -0.00000000
vn 0.00000000 0.00000000 0.00000000
vn -0.00106223 -0.99991953 -0.01264179
vn 0.00000000 0.00000000 0.00000000
vn -0.00418354 -0.99914126 -0.04122189
vn -0.00000000 -0.00000000 -0.00000000
vn 0.00584913 -0.99825114 0.05882551
vn 0.00000000 -0.00000000 0.00000000
vn -0.00025522 0.99999530 -0.00305652
vn 0.00000000 -0.00000000 0.00000000
vn -0.00076317 -0.99998997 -0.00441371
vn 0.00000000 0.00000000 0.00000000
vn 0.00000000 0.00000000 0.00000000
vn -0.00000000 0.00000000 0.00000000
vn 0.00000000 0.00000000 -0.00000000
vn -0.00000000 0.00000000 -0.00000000
vn -0.00000000 0.00000000 0.00000000
vn 0.00000000 0.00000000 0.00000000
vn -0.00000000 0.00000000 0.00000000
vn 0.00000000 0.00000000 -0.00000000
vn -0.00000000 -0.00000000 -0.00000000
vn 0.00000000 0.00000000 0.00000000
vn 0.00000000 0.00000000 -0.00000000
vn 0.00000000 0.00000000 0.00000000
vn -0.00000000 -0.00000000 -0.00000000
vn -0.00000000 0.00000000 -0.00000000
vn 0.00000000 0.00000000 0.00000000
vn -0.00000000 0.00000000 -0.00000000
vn -0.00000000 -0.00000000 -0.00000000
vn 0.00000000 0.00000000 -0.00000000
vn 0.00000000 -0.00000000 0.00000000
vn -0.00000000 0.00000000 0.00000000
vn 0.00000000 -0.00000000 -0.00000000
vn 0.00000000 -0.00000000 0.00000000
vn 0.00000000 -0.00000000 0.00000000
vn -0.00000000 0.00000000 0.00000000
vn -0.00000000 -0.00000000 0.00000000
vn 0.00000000 -0.00000000 -0.00000000
vn 0.00000000 0.00000000 0.00000000
vn -0.00000000 0.00000000 -0.00000000
vn 0.00002993 -0.99999997 0.00026015
vn -0.00000000 0.00000000 -0.00000000
vn 0.00023106 0.99999971 0.00073242
vn 0.00000000 0.00000000 0.00000000
vn -0.00846745 0.99922163 -0.03852845
vn 0.00000000 -0.00000000 0.00000000
vn -0.00000000 0.00000000 -0.00000000
vn -0.00000000 -0.00000000 -0.00000000
vn 0.00000000 0.00000000 0.00000000
vn 0.00000000 -0.00000000 0.00000000
vn -0.00000000 -0.00000000 -0.00000000
vn -0.00000000 -0.00000000 -0.00000000
vn 0.00000000 -0.00000000 0.00000000
vn 0.00000000 -0.00000000 0.00000000
vn -0.00000000 -0.00000000 -0.00000000
vn 0.00000000 -0.00000000 0.00000000
vn -0.00000000 0.00000000 -0.00000000
vn -0.00000000 -0.00000000 -0.00000000
vn 0.00000000 -0.00000000 0.00000000
vn 0.00000000 0.00000000 0.00000000
vn -0.00000000 0.00000000 -0.00000000
vn -0.00000000 -0.00000000 -0.00000000
vn 0.00000000 0.00000000 0.00000000
vn 0.00000000 0.00000000 0.00000000
vn -0.00000000 -0.00000000 -0.00000000
vn -0.00000000 0.00000000 -0.00000000
vn 0.00000000 0.00000000 0.00000000
vn 0.00000000 -0.00000000 0.00000000
vn -0.00000000 -0.00000000 -0.00000000
vn -0.00000000 -0.00000000 -0.00000000
vn 0.00000000 -0.00000000 0.00000000
vn 0.00000000 0.00000000 0.00000000
vn -0.00000000 -0.00000000 -0.00000000
vn 0.00000000 0.00000000 0.00000000
vn -0.00000000 0.00000000 -0.00000000
vn 0.00000000 0.00000000 0.00000000
vn -0.00000000 -0.00000000 -0.00000000
vn -0.00000000 0.00000000 -0.00000000
vn 0.00000000 -0.00000000 0.00000000
vn 0.00000000 -0.00000000 0.00000000
vn -0.00000000 0.00000000 -0.00000000
vn 0.00000000 -0.00000000 0.00000000
vn -0.00000000 0.00000000 -0.00000000
vn 0.00000000 0.00000000 -0.00000000
vn -0.00000000 0.00000000 0.00000000
vn -0.00000000 -0.00000000 -0.00000000
vn 0.00000000 -0.00000000 0.00000000
vn 0.00000000 -0.00000000 0.00000000
vn -0.00000000 0.00000000 -0.00000000
vn -0.00000000 0.00000000 -0.00000000
vn 0.00000000 -0.00000000 0.00000000
vn -0.00000000 -0.00000000 -0.00000000
vn 0.00000000 0.00000000 0.00000000
vn 0.00000000 -0.00000000 0.00000000
vn -0.00000000 -0.00000000 -0.00000000
vn -0.00000000 0.00000000 -0.00000000
vn 0.00000000 -0.00000000 0.00000000
vn 0.00000000 0.00000000 0.00000000
vn 0.00000000 0.00000000 -0.00000000
vn 0.00000000 0.00000000 0.00000000
vn -0.00000000 0.00000000 -0.00000000
vn -0.00000000 0.00000000 -0.00000000
vn 0.00000000 -0.00000000 0.00000000
vn 0.00000000 0.00000000 0.00000000
vn -0.00000000 0.00000000 -0.00000000
vn -0.00000000 0.00000000 -0.00000000
vn 0.00000000 0.00000000 0.00000000
vn 0.00000000 -0.00000000 0.00000000
vn -0.00000000 0.00000000 -0.00000000
vn -0.00000000 0.00000000 -0.00000000
vn 0.00000000 -0.00000000 0.00000000
vn 0.00000000 0.00000000 0.00000000
vn -0.00000000 0.00000000 -0.00000000
vn 0.00000000 0.00000000 0.00000000
vn -0.00000000 -0.00000000 -0.00000000
vn 0.00000000 0.00000000 0.00000000
vn -0.00000000 0.00000000 0.00000000
vn -0.00000000 0.00000000 0.00000000
vn 0.00000000 -0.00000000 -0.00000000
vn 0.00000000 -0.00000000 -0.00000000
vn -0.00000000 0.00000000 0.00000000
vn -0.00000000 0.00000000 0.00000000
vn 0.00000000 -0.00000000 -0.00000000
vn 0.00000000 0.00000000 -0.00000000
vn -0.00000000 0.00000000 0.00000000
vn 0.00000000 -0.00000000 -0.00000000
vn -0.00000000 0.00000000 0.00000000
vn -0.00000000 -0.00000000 0.00000000
vn 0.00000000 0.00000000 -0.00000000
vn -0.00000000 0.00000000 0.00000000
vn 0.00000000 -0.00000000 -0.00000000
vn -0.00000000 -0.00000000 0.00000000
vn 0.00000000 0.00000000 -0.00000000
vn 0.00000000 0.00000000 -0.00000000
vn -0.00000000 -0.00000000 0.00000000
vn 0.00000000 -0.00000000 -0.00000000
vn -0.00000000 0.00000000 0.00000000
vn 0.00000000 0.00000000 -0.00000000
vn -0.00000000 -0.00000000 0.00000000
vn -0.00000000 -0.00000000 0.00000000
vn 0.00000000 0.00000000 -0.00000000
vn -0.00000000 0.00000000 0.00000000
vn 0.00000000 -0.00000000 -0.00000000
vn 0.00000000 -0.00000000 -0.00000000
vn -0.00000000 0.00000000 0.00000000
vn -0.00000000 0.00000000 0.00000000
vn 0.00000000 -0.00000000 -0.00000000
vn 0.00000000 -0.00000000 -0.00000000
vn -0.00000000 0.00000000 0.00000000
vn -0.00000000 -0.00000000 0.00000000
vn 0.00000000 0.00000000 -0.00000000
vn 0.00000000 0.00000000 -0.00000000
vn -0.00000000 -0.00000000 0.00000000
vn -0.00000000 0.00000000 0.00000000
vn 0.00000000 0.00000000 -0.00000000
vn -0.00000000 0.00000000 0.00000000
vn 0.00000000 -0.00000000 -0.00000000
vn -0.00000000 -0.00000000 0.00000000
vn 0.00000000 0.00000000 -0.00000000
vn 0.00000000 -0.00000000 -0.00000000
vn -0.00000000 -0.00000000 0.00000000
vn 0.00000000 -0.00000000 -0.00000000
vn -0.00000000 0.00000000 0.00000000
vn 0.00000000 -0.00000000 -0.00000000
vn -0.00000000 0.00000000 0.00000000
vn -0.00000000 -0.00000000 0.00000000
vn 0.00000000 0.00000000 -0.00000000
vn 0.00000000 0.00000000 -0.00000000
vn -0.00000000 0.00000000 0.00000000
vn -0.00000000 0.00000000 -0.00000000
vn -0.00000000 -0.00000000 0.00000000
vn -0.00000000 -0.00000000 0.00000000
vn 0.00000000 -0.00000000 -0.00000000
vn 0.00000000 -0.00000000 -0.00000000
vn -0.00000000 0.00000000 0.00000000
vn 0.00000000 -0.00000000 0.00000000
vn -0.00000000 -0.00000000 -0.00000000
vn -0.00000000 0.00000000 -0.00000000
vn 0.00000000 -0.00000000 0.00000000
vn 0.00000000 0.00000000 0.00000000
vn -0.00000000 0.00000000 -0.00000000
vn 0.00000000 0.00000000 0.00000000
vn -0.00000000 -0.00000000 -0.00000000
vn -0.00000000 0.00000000 -0.00000000
vn 0.00000000 -0.00000000 0.00000000
vn -0.00000000 0.00000000 -0.00000000
vn 0.00000000 0.00000000 0.00000000
vn -0.00000000 -0.00000000 -0.00000000
vn -0.00000000 -0.00000000 0.00000000
vn 0.00000000 -0.00000000 0.00000000
vn -0.00000000 -0.00000000 -0.00000000
vn -0.00000000 0.00000000 -0.00000000
vn 0.00000000 -0.00000000 0.00000000
vn -0.00000000 0.00000000 -0.00000000
vn 0.00000000 0.00000000 0.00000000
vn 0.00000000 0.00000000 0.00000000
vn -0.00000000 -0.00000000 -0.00000000
vn 0.00000000 0.00000000 0.00000000
vn -0.00000000 0.00000000 -0.00000000
vn 0.00000000 0.00000000 0.00000000
vn 0.00000000 -0.00000000 0.00000000
vn 0.00000000 0.00000000 0.00000000
vn -0.00000000 0.00000000 -0.00000000
vn 0.00000000 0.00000000 0.00000000
vn -0.00000000 0.00000000 -0.00000000
vn 0.00000000 -0.00000000 -0.00000000
vn -0.00000000 -0.00000000 0.00000000
vn -0.00000000 -0.00000000 -0.00000000
vn 0.00000000 0.00000000 0.00000000
vn 0.00000000 -0.00000000 0.00000000
vn -0.00000000 -0.00000000 -0.00000000
vn -0.00000000 0.00000000 -0.00000000
vn 0.00000000 0.00000000 0.00000000
vn 0.00000000 0.00000000 0.00000000
vn -0.00000000 -0.00000000 -0.00000000
vn -0.00000000 -0.00000000 -0.00000000
vn 0.00000000 -0.00000000 0.00000000
vn -0.00000000 -0.00000000 -0.00000000
vn 0.00000000 -0.00000000 0.00000000
vn 0.00000000 -0.00000000 0.00000000
vn -0.00000000 -0.00000000 -0.00000000
vn 0.00000000 -0.00000000 -0.00000000
vn -0.00000000 -0.00000000 0.00000000
vn -0.00000000 -0.00000000 0.00000000
vn 0.00000000 0.00000000 -0.00000000
vn 0.00000000 0.00000000 0.00000000
vn -0.00000000 -0.00000000 0.00000000
vn -0.00000000 0.00000000 0.00000000
vn 0.00000000 -0.00000000 -0.00000000
vn 0.00000000 0.00000000 -0.00000000
vn -0.00000000 -0.00000000 0.00000000
vn 0.00000000 0.00000000 -0.00000000
vn -0.00000000 0.00000000 0.00000000
vn -0.00000000 -0.00000000 0.00000000
vn 0.00000000 -0.00000000 -0.00000000
vn 0.00000000 0.00000000 -0.00000000
vn 0.00000000 0.00000000 0.00000000
vn -0.00000000 -0.00000000 0.00000000
vn 0.00000000 -0.00000000 -0.00000000
vn -0.00000000 -0.00000000 0.00000000
vn 0.00000000 0.00000000 -0.00000000
vn 0.00000000 -0.00000000 -0.00000000
vn -0.00000000 0.00000000 0.00000000
vn -0.00000000 -0.00000000 0.00000000
vn 0.00000000 0.00000000 -0.00000000
vn 0.00000000 -0.00000000 -0.00000000
vn -0.00000000 -0.00000000 0.00000000
vn 0.00000000 0.00000000 0.00000000
vn -0.00000000 -0.00000000 -0.00000000
vn 0.00000000 -0.00000000 0.00000000
vn 0.00000000 0.00000000 0.00000000
vn -0.00000000 0.00000000 -0.00000000
vn 0.00000000 0.00000000 0.00000000
vn -0.00000000 0.00000000 -0.00000000
vn 0.00000000 0.00000000 -0.00000000
vn 0.00000000 0.00000000 -0.00000000
vn 0.00000000 -0.00000000 0.00000000
vn -0.00000000 -0.00000000 0.00000000
vn 0.00000000 0.00000000 0.00000000
vn 0.00000000 0.00000000 0.00000000
vn -0.00000000 0.00000000 -0.00000000
vn -0.00000000 0.00000000 -0.00000000
vn 0.00000000 -0.00000000 0.00000000
vn 0.00000000 -0.00000000 -0.00000000
vn 0.00000000 0.00000000 0.00000000
vn -0.00000000 -0.00000000 -0.00000000
vn 0.00000000 -0.00000000 -0.00000000
vn 0.00000000 0.00000000 -0.00000000
vn 0.00000000 -0.00000000 -0.00000000
vn -0.00000000 -0.00000000 0.00000000
vn 0.00000000 0.00000000 0.00000000
vn 0.00000000 -0.00000000 0.00000000
vn 0.00000000 -0.00000000 0.00000000
vn 0.00000000 0.00000000 0.00000000
vn 0.00000000 0.00000000 -0.00000000
vn 0.00000000 -0.00000000 -0.00000000
vn 0.00000000 0.00000000 0.00000000
vn 0.00000000 -0.00000000 0.00000000
vn -0.00000000 0.00000000 -0.00000000
vn 0.00000000 -0.00000000 0.00000000
vn -0.00000000 0.00000000 0.00000000
vn 0.00000000 0.00000000 -0.00000000
vn 0.00000000 -0.00000000 0.00000000
vn -0.00000000 0.00000000 -0.00000000
vn -0.00000000 -0.00000000 -0.00000000
vn 0.00000000 -0.00000000 0.00000000
vn 0.00000000 -0.00000000 0.00000000
vn -0.00014095 0.99999995 -0.00028738
vn -0.00000000 0.00000000 0.00000000
vn 0.00023273 -0.99999773 -0.00211991
vn -0.00000000 0.00000000 0.00000000
vn 0.00000000 0.00000000 -0.00000000
vn 0.00000000 -0.00000000 -0.00000000
vn 0.00000000 0.00000000 -0.00000000
vn 0.00000000 0.00000000 0.00000000
vn -0.00000000 -0.00000000 0.00000000
vn 0.00000000 -0.00000000 -0.00000000
vn 0.00000000 -0.00000000 0.00000000
vn 0.00000000 0.00000000 -0.00000000
vn -0.00000000 -0.00000000 0.00000000
vn 0.00000000 -0.00000000 -0.00000000
vn 0.00000000 -0.00000000 0.00000000
vn 0.00000000 -0.00000000 0.00000000
vn -0.00000000 0.00000000 0.00000000
vn -0.00000000 0.00000000 -0.00000000
vn 0.00000000 -0.00000000 -0.00000000
vn -0.00000000 0.00000000 -0.00000000
vn 0.00000000 0.00000000 0.00000000
vn -0.00000000 -0.00000000 0.00000000
vn 0.00000000 0.00000000 -0.00000000
vn 0.00000000 -0.00000000 0.00000000
vn 0.00000000 -0.00000000 -0.00000000
vn -0.00000000 0.00000000 0.00000000
vn 0.00000000 0.00000000 0.00000000
vn -0.00000000 -0.00000000 0.00000000
vn 0.00000000 0.00000000 -0.00000000
vn -0.00000000 -0.00000000 -0.00000000
vn 0.00000000 0.00000000 0.00000000
vn 0.00000000 0.00000000 -0.00000000
vn 0.00000000 -0.00000000 -0.00000000
vn -0.00000000 0.00000000 0.00000000
vn 0.00000000 -0.00000000 0.00000000
vn 0.00000000 0.00000000 -0.00000000
vn 0.00000000 0.00000000 -0.00000000
vn 0.00000000 0.00000000 0.00000000
vn -0.00000000 -0.00000000 -0.00000000
vn 0.00000000 -0.00000000 -0.00000000
vn -0.00000000 0.00000000 -0.00000000
vn -0.00000000 -0.00000000 -0.00000000
vn 0.00000000 -0.00000000 0.00000000
vn 0.00000000 0.00000000 0.00000000
vn -0.00000000 -0.00000000 0.00000000
vn 0.00000000 0.00000000 -0.00000000
vn 0.00000000 -0.00000000 -0.00000000
vn 0.00000000 -0.00000000 0.00000000
vn -0.00000000 0.00000000 0.00000000
vn 0.00000000 -0.00000000 -0.00000000
vn -0.00000000 0.00000000 -0.00000000
vn 0.00000000 -0.00000000 0.00000000
vn -0.00000000 0.00000000 0.00000000
vn 0.00000000 0.00000000 0.00000000
vn 0.00000000 -0.00000000 0.00000000
vn -0.00000000 -0.00000000 0.00000000
vn 0.00000000 0.00000000 -0.00000000
vn -0.00000000 -0.00000000 0.00000000
vn 0.00000000 0.00000000 -0.00000000
vn 0.00000000 0.00000000 0.00000000
vn -0.00000000 -0.00000000 0.00000000
vn -0.00000000 -0.00000000 -0.00000000
vn 0.00000000 0.00000000 0.00000000
vn 0.00000000 0.00000000 0.00000000
vn -0.00000000 0.00000000 0.00000000
vn -0.00000000 -0.00000000 -0.00000000
vn 0.00000000 0.00000000 0.00000000
vn 0.00000000 -0.00000000 -0.00000000
vn -0.00000000 -0.00000000 0.00000000
vn 0.00000000 -0.00000000 0.00000000
vn -0.00000000 0.00000000 -0.00000000
vn 0.00000000 0.00000000 0.00000000
vn -0.00000000 0.00000000 0.00000000
vn 0.00000000 0.00000000 -0.00000000
vn 0.00000000 0.00000000 -0.00000000
vn -0.00000000 -0.00000000 0.00000000
vn 0.00000000 -0.00000000 -0.00000000
vn -0.00000000 0.00000000 -0.00000000
vn -0.00000000 -0.00000000 0.00000000
vn -0.00000000 0.00000000 -0.00000000
vn -0.00000000 0.00000000 -0.00000000
vn -0.00000000 0.00000000 0.00000000
vn 0.00000000 -0.00000000 -0.00000000
vn 0.00000000 -0.00000000 0.00000000
vn 0.00000000 0.00000000 -0.00000000
vn 0.00000000 -0.00000000 0.00000000
vn 0.00000000 -0.00000000 -0.00000000
vn -0.00000000 0.00000000 -0.00000000
vn 0.00000000 -0.00000000 0.00000000
vn -0.00000000 0.00000000 -0.00000000
vn 0.00000000 -0.00000000 0.00000000
vn -0.00000000 -0.00000000 -0.00000000
vn 0.00000000 0.00000000 -0.00000000
vn -0.00000000 0.00000000 0.00000000
vn 0.00000000 0.00000000 -0.00000000
vn 0.00000000 -0.00000000 -0.00000000
vn 0.00000000 0.00000000 -0.00000000
vn -0.00000000 0.00000000 0.00000000
vn -0.00000000 -0.00000000 0.00000000
vn 0.00000000 0.00000000 -0.00000000
vn 0.00000000 0.00000000 -0.00000000
vn 0.00000000 -0.00000000 0.00000000
vn -0.00000000 0.00000000 -0.00000000
vn 0.00000000 -0.00000000 0.00000000
vn -0.00000000 -0.00000000 -0.00000000
vn 0.00000000 0.00000000 -0.00000000
vn 0.00000000 -0.00000000 0.00000000
vn 0.00000000 -0.00000000 -0.00000000
vn -0.00000000 0.00000000 -0.00000000
vn 0.00000000 -0.00000000 0.00000000
vn -0.00000000 0.00000000 -0.00000000
vn -0.00000000 0.00000000 0.00000000
vn 0.00000000 -0.00000000 0.00000000
vn -0.00000000 0.00000000 -0.00000000
vn -0.00000000 -0.00000000 -0.00000000
vn 0.00000000 0.00000000 -0.00000000
vn 0.00000000 0.00000000 0.00000000
vn -0.00000000 -0.00000000 -0.00000000
vn -0.00000000 0.00000000 -0.00000000
vn -0.00000000 -0.00000000 0.00000000
vn 0.00000000 0.00000000 -0.00000000
vn 0.00000000 -0.00000000 0.00000000
vn -0.00000000 0.00000000 -0.00000000
vn 0.00000000 0.00000000 0.00000000
vn 0.00000000 0.00000000 0.00000000
vn 0.00000000 0.00000000 0.00000000
vn 0.00000000 0.00000000 0.00000000
vn 0.00000000 -0.00000000 -0.00000000
vn 0.00000000 0.00000000 0.00000000
vn 0.00000000 -0.00000000 0.00000000
vn 0.00000000 0.00000000 -0.00000000
vn 0.00000000 0.00000000 0.00000000
vn 0.00000000 0.00000000 0.00000000
vn 0.00000000 0.00000000 -0.00000000
vn 0.00000000 -0.00000000 0.00000000
vn -0.00000000 0.00000000 -0.00000000
vn -0.00000000 -0.00000000 -0.00000000
vn 0.00000000 -0.00000000 0.00000000
vn 0.00000000 -0.00000000 0.00000000
vn -0.00000000 0.00000000 0.00000000
vn -0.00000000 -0.00000000 -0.00000000
vn 0.00000000 -0.00000000 0.00000000
vn -0.00000000 -0.00000000 -0.00000000
vn 0.00000000 -0.00000000 0.00000000
vn 0.00000000 -0.00000000 0.00000000
vn -0.00000000 0.00000000 -0.00000000
vn 0.00000000 -0.00000000 0.00000000
vn 0.00000000 0.00000000 -0.00000000
vn -0.00000000 -0.00000000 -0.00000000
vn 0.00000000 0.00000000 -0.00000000
vn 0.00000000 0.00000000 0.00000000
vn -0.00000000 0.00000000 0.00000000
vn -0.00000000 0.00000000 0.00000000
vn 0.00000000 0.00000000 0.00000000
vn 0.00000000 0.00000000 -0.00000000
vn -0.00000000 -0.00000000 0.00000000
vn 0.00000000 0.00000000 0.00000000
vn -0.00000000 0.00000000 0.00000000
vn 0.00000000 0.00000000 0.00000000
vn 0.00000000 0.00000000 -0.00000000
vn -0.00000000 0.00000000 0.00000000
vn -0.00000000 -0.00000000 0.00000000
vn 0.00000000 0.00000000 0.00000000
vn -0.00000000 0.00000000 -0.00000000
vn 0.00000000 -0.00000000 0.00000000
vn 0.00000000 0.00000000 0.00000000
vn 0.00000000 -0.00000000 -0.00000000
vn 0.00000000 0.00000000 -0.00000000
vn 0.00000000 -0.00000000 0.00000000
vn -0.00000000 0.00000000 -0.00000000
vn 0.00000000 0.00000000 0.00000000
vn 0.00000000 -0.00000000 -0.00000000
vn 0.00000000 0.00000000 -0.00000000
vn 0.00000000 0.00000000 0.00000000
vn 0.00000000 0.00000000 0.00000000
vn 0.00000000 -0.00000000 0.00000000
vn 0.00000000 0.00000000 0.00000000
vn 0.00000000 0.00000000 0.00000000
vn 0.00000000 0.00000000 0.00000000
vn 0.00000000 -0.00000000 0.00000000
vn 0.00000000 -0.00000000 0.00000000
vn 0.00000000 0.00000000 0.00000000
vn 0.00000000 -0.00000000 0.00000000
vn 0.00000000 0.00000000 0.00000000
vn 0.00000000 0.00000000 0.00000000
vn 0.00000000 -0.00000000 0.00000000
vn 0.00000000 -0.00000000 0.00000000
vn 0.00000000 0.00000000 0.00000000
vn 0.00000000 0.00000000 0.00000000
f 1//1 2//2 3//3
f 4//4 2//2 1//1
f 4//4 5//5 2//2
f 6//6 5//5 4//4
f 7//7 5//5 6//6
f 8//8 5//5 7//7
f 9//9 5//5 8//8
f 9//9 10//10 5//5
f 11//11 10//10 9//9
f 10//10 11//11 12//12
f 13//13 2//2 5//5
f 14//14 15//15 16//16
f 14//14 17//17 15//15
f 14//14 18//18 17//17
f 19//19 18//18 14//14
f 19//19 20//20 18//18
f 21//21 20//20 19//19
f 21//21 22//22 20//20
f 23//23 22//22 21//21
f 24//24 22//22 23//23
f 24//24 25//25 22//22
f 26//26 25//25 24//24
f 27//27 25//25 26//26
f 25//25 27//27 28//28
f 29//29 30//30 31//31
f 30//30 32//32 31//31
f 30//30 33//33 32//32
f 33//33 30//30 34//34
f 35//35 36//36 37//37
f 35//35 38//38 36//36
f 35//35 39//39 38//38
f 35//35 40//40 39//39
f 41//41 40//40 35//35
f 42//42 33//33 34//34
f 42//42 41//41 33//33
f 42//42 40//40 41//41
f 43//43 40//40 42//42
f 43//43 44//44 40//40
f 45//45 44//44 43//43
f 46//46 44//44 45//45
f 47//47 44//44 46//46
f 48//48 44//44 47//47
f 48//48 49//49 44//44
f 50//50 49//49 48//48
f 51//51 49//49 50//50
f 52//52 49//49 51//51
f 52//52 53//53 49//49
f 54//54 53//53 52//52
f 55//55 53//53 54//54
f 55//55 56//56 53//53
f 57//57 56//56 55//55
f 57//57 58//58 56//56
f 57//57 59//59 58//58
f 60//60 59//59 57//57
f 60//60 61//61 59//59
f 60//60 62//62 61//61
f 63//63 62//62 60//60
f 63//63 64//64 62//62
f 63//63 65//65 64//64
f 63//63 66//66 65//65
f 67//67 66//66 63//63
f 67//67 68//68 66//66
f 69//69 68//68 67//67
f 70//70 68//68 69//69
f 71//71 68//68 70//70
f 71//71 72//72 68//68
f 71//71 73//73 72//72
f 73//73 71//71 74//74
f 75//75 76//76 77//77
f 76//76 78//78 12//12
f 75//75 78//78 76//76
f 79//79 78//78 75//75
f 80//80 78//78 79//79
f 80//80 81//81 78//78
f 80//80 82//82 81//81
f 83//83 82//82 80//80
f 83//83 84//84 82//82
f 83//83 85//85 84//84
f 86//86 85//85 83//83
f 86//86 87//87 85//85
f 88//88 87//87 86//86
f 88//88 89//89 87//87
f 88//88 90//90 89//89
f 91//91 90//90 88//88
f 91//91 92//92 90//90
f 93//93 92//92 91//91
f 94//94 92//92 93//93
f 94//94 95//95 92//92
f 96//96 95//95 94//94
f 97//97 95//95 96//96
f 98//98 95//95 97//97
f 98//98 99//99 95//95
f 98//98 100//100 99//99
f 100//100 98//98 101//101
f 102//102 103//103 104//104
f 105//105 103//103 102//102
f 106//106 103//103 105//105
f 107//107 103//103 106//106
f 87//87 103//103 107//107
f 103//103 87//87 89//89
f 108//108 99//99 100//100
f 109//109 99//99 108//108
f 109//109 110//110 99//99
f 111//111 110//110 109//109
f 111//111 112//112 110//110
f 113//113 112//112 111//111
f 113//113 114//114 112//112
f 115//115 114//114 113//113
f 115//115 116//116 114//114
f 115//115 117//117 116//116
f 115//115 118//118 117//117
f 119//119 118//118 115//115
f 120//120 118//118 119//119
f 120//120 121//121 118//118
f 122//122 121//121 120//120
f 122//122 123//123 121//121
f 123//123 122//122 124//124
f 125//125 126//126 127//127
f 125//125 128//128 126//126
f 129//129 128//128 125//125
f 130//130 128//128 129//129
f 130//130 131//131 128//128
f 130//130 132//132 131//131
f 133//133 132//132 130//130
f 133//133 134//134 132//132
f 135//135 134//134 133//133
f 135//135 136//136 134//134
f 136//136 135//135 137//137
f 138//138 139//139 140//140
f 138//138 141//141 139//139
f 142//142 141//141 138//138
f 143//143 141//141 142//142
f 143//143 144//144 141//141
f 145//145 144//144 143//143
f 145//145 146//146 144//144
f 146//146 145//145 147//147
f 148//148 149//149 150//150
f 149//149 148//148 151//151
f 152//152 153//153 154//154
f 152//152 155//155 153//153
f 152//152 156//156 155//155
f 148//148 156//156 152//152
f 150//150 156//156 148//148
f 157//157 156//156 150//150
f 156//156 157//157 158//158
f 159//159 160//160 161//161
f 159//159 155//155 160//160
f 155//155 159//159 153//153
f 162//162 161//161 163//163
f 161//161 162//162 159//159
f 164//164 159//159 162//162
f 159//159 164//164 153//153
f 165//165 153//153 164//164
f 153//153 165//165 154//154
f 166//166 167//167 168//168
f 166//166 169//169 167//167
f 166//166 170//170 169//169
f 171//171 170//170 166//166
f 172//172 170//170 171//171
f 172//172 163//163 170//170
f 173//173 163//163 172//172
f 165//165 163//163 173//173
f 165//165 162//162 163//163
f 162//162 165//165 164//164
f 174//174 175//175 176//176
f 174//174 177//177 175//175
f 178//178 177//177 174//174
f 178//178 179//179 177//177
f 178//178 180//180 179//179
f 178//178 181//181 180//180
f 178//178 182//182 181//181
f 183//183 182//182 178//178
f 183//183 184//184 182//182
f 183//183 185//185 184//184
f 183//183 186//186 185//185
f 183//183 187//187 186//186
f 183//183 188//188 187//187
f 188//188 166//166 189//189
f 166//166 188//188 183//183
f 190//190 191//191 192//192
f 193//193 191//191 190//190
f 191//191 194//194 195//195
f 193//193 194//194 191//191
f 196//196 194//194 193//193
f 196//196 197//197 194//194
f 174//174 197//197 196//196
f 176//176 197//197 174//174
f 176//176 198//198 197//197
f 199//199 198//198 176//176
f 200//200 198//198 199//199
f 201//201 198//198 200//200
f 202//202 198//198 201//201
f 203//203 198//198 202//202
f 203//203 204//204 198//198
f 205//205 204//204 203//203
f 206//206 204//204 205//205
f 207//207 204//204 206//206
f 208//208 204//204 207//207
f 209//209 204//204 208//208
f 168//168 189//189 166//166
f 168//168 210//210 189//189
f 168//168 209//209 210//210
f 168//168 204//204 209//209
f 204//204 168//168 211//211
f 212//212 213//213 214//214
f 215//215 213//213 212//212
f 215//215 216//216 213//213
f 217//217 216//216 215//215
f 217//217 218//218 216//216
f 219//219 218//218 217//217
f 219//219 220//220 218//218
f 221//221 220//220 219//219
f 222//222 220//220 221//221
f 222//222 223//223 220//220
f 224//224 223//223 222//222
f 224//224 225//225 223//223
f 226//226 225//225 224//224
f 227//227 225//225 226//226
f 227//227 228//228 225//225
f 229//229 228//228 227//227
f 228//228 229//229 230//230
f 231//231 232//232 233//233
f 231//231 234//234 232//232
f 231//231 235//235 234//234
f 236//236 235//235 231//231
f 236//236 237//237 235//235
f 236//236 238//238 237//237
f 239//239 238//238 236//236
f 239//239 240//240 238//238
f 241//241 240//240 239//239
f 241//241 242//242 240//240
f 241//241 243//243 242//242
f 241//241 244//244 243//243
f 245//245 244//244 241//241
f 246//246 244//244 245//245
f 246//246 247//247 244//244
f 248//248 247//247 246//246
f 247//247 248//248 249//249
f 250//250 251//251 252//252
f 251//251 250//250 253//253
f 250//250 254//254 253//253
f 254//254 250//250 255//255
f 255//255 256//256 257//257
f 255//255 258//258 256//256
f 250//250 258//258 255//255
f 250//250 259//259 258//258
f 252//252 259//259 250//250
f 252//252 260//260 259//259
f 252//252 261//261 260//260
f 252//252 262//262 261//261
f 252//252 263//263 262//262
f 252//252 264//264 263//263
f 265//265 264//264 252//252
f 265//265 266//266 264//264
f 265//265 267//267 266//266
f 265//265 268//268 267//267
f 268//268 269//269 270//270
f 271//271 268//268 265//265
f 271//271 269//269 268//268
f 271//271 272//272 269//269
f 271//271 273//273 272//272
f 271//271 274//274 273//273
f 275//275 274//274 271//271
f 275//275 276//276 274//274
f 277//277 276//276 275//275
f 277//277 278//278 276//276
f 279//279 278//278 277//277
f 279//279 280//280 278//278
f 281//281 280//280 279//279
f 281//281 282//282 280//280
f 281//281 283//283 282//282
f 281//281 284//284 283//283
f 281//281 285//285 284//284
f 281//281 286//286 285//285
f 287//287 286//286 281//281
f 288//288 286//286 287//287
f 288//288 289//289 286//286
f 290//290 289//289 288//288
f 291//291 289//289 290//290
f 291//291 292//292 289//289
f 293//293 292//292 291//291
f 293//293 294//294 292//292
f 293//293 295//295 294//294
f 296//296 295//295 293//293
f 296//296 297//297 295//295
f 297//297 296//296 298//298
f 299//299 300//300 301//301
f 299//299 302//302 300//300
f 299//299 303//303 302//302
f 304//304 303//303 299//299
f 304//304 305//305 303//303
f 306//306 305//305 304//304
f 306//306 307//307 305//305
f 308//308 307//307 306//306
f 308//308 309//309 307//307
f 255//255 309//309 308//308
f 257//257 309//309 255//255
f 310//310 309//309 257//257
f 310//310 311//311 309//309
f 312//312 311//311 310//310
f 313//313 311//311 312//312
f 314//314 311//311 313//313
f 314//314 315//315 311//311
f 316//316 315//315 314//314
f 317//317 315//315 316//316
f 317//317 318//318 315//315
f 319//319 318//318 317//317
f 319//319 320//320 318//318
f 321//321 320//320 319//319
f 322//322 320//320 321//321
f 323//323 320//320 322//322
f 324//324 320//320 323//323
f 324//324 269//269 320//320
f 269//269 324//324 270//270
f 325//325 326//326 327//327
f 328//328 326//326 325//325
f 328//328 329//329 326//326
f 330//330 329//329 328//328
f 330//330 331//331 329//329
f 332//332 331//331 330//330
f 332//332 333//333 331//331
f 334//334 333//333 332//332
f 334//334 335//335 333//333
f 336//336 335//335 334//334
f 336//336 337//337 335//335
f 338//338 337//337 336//336
f 338//338 339//339 337//337
f 340//340 339//339 338//338
f 340//340 341//341 339//339
f 342//342 341//341 340//340
f 342//342 343//343 341//341
f 344//344 343//343 342//342
f 344//344 345//345 343//343
f 346//346 345//345 344//344
f 346//346 347//347 345//345
f 347//347 346//346 348//348
f 349//349 350//350 351//351
f 352//352 350//350 349//349
f 352//352 353//353 350//350
f 354//354 353//353 352//352
f 354//354 355//355 353//353
f 356//356 355//355 354//354
f 356//356 357//357 355//355
f 358//358 357//357 356//356
f 358//358 359//359 357//357
f 360//360 359//359 358//358
f 360//360 361//361 359//359
f 362//362 361//361 360//360
f 362//362 363//363 361//361
f 364//364 363//363 362//362
f 364//364 365//365 363//363
f 366//366 365//365 364//364
f 366//366 367//367 365//365
f 368//368 367//367 366//366
f 368//368 369//369 367//367
f 370//370 369//369 368//368
f 370//370 371//371 369//369
f 371//371 370//370 372//372
f 373//373 374//374 375//375
f 373//373 376//376 374//374
f 377//377 376//376 373//373
f 377//377 378//378 376//376
f 377//377 379//379 378//378
f 377//377 380//380 379//379
f 377//377 381//381 380//380
f 377//377 382//382 381//381
f 383//383 382//382 377//377
f 383//383 384//384 382//382
f 383//383 385//385 384//384
f 383//383 386//386 385//385
f 383//383 387//387 386//386
f 383//383 388//388 387//387
f 389//389 388//388 383//383
f 389//389 390//390 388//388
f 389//389 391//391 390//390
f 389//389 392//392 391//391
f 393//393 392//392 389//389
f 393//393 394//394 392//392
f 393//393 395//395 394//394
f 393//393 396//396 395//395
f 397//397 396//396 393//393
f 397//397 398//398 396//396
f 397//397 399//399 398//398
f 400//400 399//399 397//397
f 400//400 401//401 399//399
f 400//400 402//402 401//401
f 403//403 402//402 400//400
f 403//403 404//404 402//402
f 405//405 404//404 403//403
f 406//406 404//404 405//405
f 406//406 407//407 404//404
f 408//408 407//407 406//406
f 409//409 407//407 408//408
f 409//409 410//410 407//407
f 411//411 410//410 409//409
f 411//411 412//412 410//410
f 411//411 413//413 412//412
f 414//414 413//413 411//411
f 414//414 415//415 413//413
f 414//414 416//416 415//415
f 417//417 416//416 414//414
f 418//418 416//416 417//417
f 416//416 418//418 419//419
f 420//420 421//421 422//422
f 375//375 421//421 420//420
f 421//421 375//375 374//374
f 423//423 378//378 379//379
f 424//424 378//378 423//423
f 425//425 378//378 424//424
f 425//425 426//426 378//378
f 427//427 426//426 425//425
f 428//428 426//426 427//427
f 429//429 426//426 428//428
f 430//430 426//426 429//429
f 431//431 426//426 430//430
f 432//432 426//426 431//431
f 432//432 395//395 426//426
f 433//433 395//395 432//432
f 434//434 395//395 433//433
f 395//395 434//434 394//394
f 435//435 436//436 437//437
f 436//436 435//435 438//438
f 438//438 439//439 436//436
f 439//439 438//438 440//440
f 441//441 439//439 440//440
f 439//439 441//441 442//442
f 442//442 443//443 439//439
f 444//444 443//443 442//442
f 443//443 444//444 445//445
f 436//436 446//446 437//437
f 436//436 447//447 446//446
f 439//439 447//447 436//436
f 439//439 448//448 447//447
f 443//443 448//448 439//439
f 449//449 448//448 443//443
f 450//450 448//448 449//449
f 451//451 448//448 450//450
f 452//452 448//448 451//451
f 448//448 452//452 453//453
f 451//451 454//454 452//452
f 455//455 454//454 451//451
f 454//454 455//455 456//456
f 457//457 458//458 459//459
f 457//457 460//460 458//458
f 457//457 461//461 460//460
f 457//457 462//462 461//461
f 457//457 463//463 462//462
f 457//457 464//464 463//463
f 465//465 464//464 457//457
f 465//465 466//466 464//464
f 465//465 467//467 466//466
f 465//465 468//468 467//467
f 465//465 469//469 468//468
f 465//465 470//470 469//469
f 471//471 470//470 465//465
f 471//471 472//472 470//470
f 471//471 473//473 472//472
f 471//471 435//435 473//473
f 471//471 438//438 435//435
f 474//474 438//438 471//471
f 475//475 438//438 474//474
f 441//441 438//438 475//475
f 438//438 441//441 440//440
f 476//476 477//477 478//478
f 476//476 479//479 477//477
f 480//480 479//479 476//476
f 480//480 481//481 479//479
f 482//482 481//481 480//480
f 482//482 483//483 481//481
f 484//484 483//483 482//482
f 484//484 485//485 483//483
f 484//484 486//486 485//485
f 457//457 486//486 484//484
f 459//459 486//486 457//457
f 487//487 486//486 459//459
f 487//487 488//488 486//486
f 489//489 488//488 487//487
f 490//490 488//488 489//489
f 491//491 488//488 490//490
f 492//492 488//488 491//491
f 493//493 488//488 492//492
f 494//494 488//488 493//493
f 495//495 488//488 494//494
f 496//496 488//488 495//495
f 496//496 497//497 488//488
f 498//498 497//497 496//496
f 499//499 497//497 498//498
f 499//499 473//473 497//497
f 473//473 499//499 472//472
f 475//475 442//442 441//441
f 442//442 475//475 444//444
f 474//474 444//444 475//475
f 444//444 474//474 445//445
f 500//500 501//501 502//502
f 500//500 503//503 501//501
f 500//500 504//504 503//503
f 500//500 505//505 504//504
f 506//506 505//505 500//500
f 506//506 507//507 505//505
f 506//506 508//508 507//507
f 509//509 508//508 506//506
f 510//510 508//508 509//509
f 510//510 511//511 508//508
f 511//511 510//510 512//512
f 513//513 514//514 515//515
f 513//513 516//516 514//514
f 513//513 517//517 516//516
f 518//518 517//517 513//513
f 518//518 519//519 517//517
f 518//518 520//520 519//519
f 521//521 520//520 518//518
f 521//521 522//522 520//520
f 523//523 522//522 521//521
f 523//523 524//524 522//522
f 525//525 524//524 523//523
f 525//525 526//526 524//524
f 525//525 527//527 526//526
f 525//525 528//528 527//527
f 529//529 528//528 525//525
f 529//529 530//530 528//528
f 529//529 531//531 530//530
f 529//529 532//532 531//531
f 533//533 532//532 529//529
f 533//533 534//534 532//532
f 534//534 533//533 535//535
f 536//536 537//537 538//538
f 539//539 537//537 536//536
f 539//539 540//540 537//537
f 541//541 540//540 539//539
f 541//541 542//542 540//540
f 543//543 542//542 541//541
f 543//543 544//544 542//542
f 545//545 544//544 543//543
f 545//545 546//546 544//544
f 547//547 546//546 545//545
f 547//547 548//548 546//546
f 549//549 548//548 547//547
f 549//549 550//550 548//548
f 551//551 550//550 549//549
f 551//551 552//552 550//550
f 553//553 552//552 551//551
f 553//553 554//554 552//552
f 555//555 554//554 553//553
f 555//555 556//556 554//554
f 557//557 556//556 555//555
f 557//557 558//558 556//556
f 558//558 557//557 559//559
f 560//560 561//561 562//562
f 563//563 561//561 560//560
f 563//563 564//564 561//561
f 565//565 564//564 563//563
f 565//565 566//566 564//564
f 567//567 566//566 565//565
f 567//567 568//568 566//566
f 569//569 568//568 567//567
f 569//569 570//570 568//568
f 571//571 570//570 569//569
f 571//571 572//572 570//570
f 573//573 572//572 571//571
f 573//573 574//574 572//572
f 575//575 574//574 573//573
f 575//575 576//576 574//574
f 577//577 576//576 575//575
f 577//577 578//578 576//576
f 579//579 578//578 577//577
f 579//579 580//580 578//578
f 581//581 580//580 579//579
f 581//581 582//582 580//580
f 582//582 581//581 583//583
f 139//139 37//37 584//584
f 37//37 139//139 141//141
f 144//144 37//37 141//141
f 37//37 144//144 35//35
f 585//585 139//139 584//584
f 139//139 585//585 140//140
f 146//146 35//35 144//144
f 35//35 146//146 41//41
f 25//25 140//140 585//585
f 140//140 25//25 138//138
f 147//147 41//41 146//146
f 41//41 147//147 33//33
f 28//28 138//138 25//25
f 138//138 28//28 142//142
f 145//145 33//33 147//147
f 33//33 145//145 32//32
f 143//143 28//28 586//586
f 28//28 143//143 142//142
f 145//145 586//586 32//32
f 586//586 145//145 143//143
f 137//137 107//107 136//136
f 107//107 137//137 87//87
f 135//135 87//87 137//137
f 87//87 135//135 85//85
f 136//136 106//106 134//134
f 106//106 136//136 107//107
f 133//133 85//85 135//135
f 85//85 133//133 84//84
f 134//134 105//105 132//132
f 105//105 134//134 106//106
f 130//130 84//84 133//133
f 84//84 130//130 82//82
f 132//132 102//102 131//131
f 102//102 132//132 105//105
f 130//130 81//81 82//82
f 81//81 130//130 129//129
f 131//131 104//104 128//128
f 104//104 131//131 102//102
f 129//129 78//78 81//81
f 78//78 129//129 125//125
f 10//10 128//128 104//104
f 128//128 10//10 126//126
f 125//125 12//12 78//78
f 12//12 125//125 127//127
f 12//12 126//126 10//10
f 126//126 12//12 127//127
f 211//211 587//587 588//588
f 213//213 587//587 211//211
f 587//587 213//213 216//216
f 168//168 213//213 211//211
f 213//213 168//168 214//214
f 216//216 589//589 587//587
f 589//589 216//216 218//218
f 167//167 214//214 168//168
f 214//214 167//167 212//212
f 218//218 590//590 589//589
f 590//590 218//218 220//220
f 169//169 212//212 167//167
f 212//212 169//169 215//215
f 220//220 591//591 590//590
f 591//591 220//220 223//223
f 217//217 169//169 170//170
f 169//169 217//217 215//215
f 223//223 592//592 591//591
f 592//592 223//223 225//225
f 219//219 170//170 163//163
f 170//170 219//219 217//217
f 225//225 593//593 592//592
f 593//593 225//225 228//228
f 160//160 163//163 161//161
f 221//221 163//163 160//160
f 163//163 221//221 219//219
f 228//228 594//594 593//593
f 594//594 228//228 230//230
f 222//222 160//160 155//155
f 160//160 222//222 221//221
f 229//229 594//594 230//230
f 594//594 229//229 595//595
f 224//224 155//155 156//156
f 155//155 224//224 222//222
f 227//227 595//595 229//229
f 305//305 595//595 227//227
f 595//595 305//305 596//596
f 303//303 156//156 158//158
f 226//226 156//156 303//303
f 156//156 226//226 224//224
f 227//227 303//303 305//305
f 303//303 227//227 226//226
f 236//236 597//597 598//598
f 597//597 236//236 231//231
f 239//239 598//598 599//599
f 598//598 239//239 236//236
f 231//231 600//600 597//597
f 600//600 231//231 233//233
f 241//241 599//599 601//601
f 599//599 241//241 239//239
f 602//602 232//232 171//171
f 600//600 232//232 602//602
f 232//232 600//600 233//233
f 245//245 601//601 603//603
f 601//601 245//245 241//241
f 171//171 234//234 172//172
f 234//234 171//171 232//232
f 246//246 603//603 604//604
f 603//603 246//246 245//245
f 234//234 173//173 172//172
f 173//173 234//234 235//235
f 248//248 604//604 605//605
f 604//604 248//248 246//246
f 235//235 165//165 173//173
f 165//165 235//235 237//237
f 249//249 254//254 255//255
f 248//248 254//254 249//249
f 254//254 248//248 605//605
f 165//165 152//152 154//154
f 237//237 152//152 165//165
f 152//152 237//237 238//238
f 247//247 255//255 308//308
f 255//255 247//247 249//249
f 238//238 148//148 152//152
f 148//148 238//238 240//240
f 244//244 308//308 306//306
f 308//308 244//244 247//247
f 148//148 299//299 151//151
f 240//240 299//299 148//148
f 299//299 240//240 242//242
f 243//243 306//306 304//304
f 306//306 243//243 244//244
f 242//242 304//304 299//299
f 304//304 242//242 243//243
f 348//348 210//210 347//347
f 210//210 348//348 189//189
f 347//347 209//209 345//345
f 209//209 347//347 210//210
f 346//346 189//189 348//348
f 189//189 346//346 188//188
f 345//345 208//208 343//343
f 208//208 345//345 209//209
f 344//344 188//188 346//346
f 188//188 344//344 187//187
f 341//341 208//208 207//207
f 208//208 341//341 343//343
f 342//342 187//187 344//344
f 187//187 342//342 186//186
f 339//339 207//207 206//206
f 207//207 339//339 341//341
f 342//342 185//185 186//186
f 185//185 342//342 340//340
f 337//337 206//206 205//205
f 206//206 337//337 339//339
f 340//340 184//184 185//185
f 184//184 340//340 338//338
f 335//335 205//205 203//203
f 205//205 335//335 337//337
f 338//338 182//182 184//184
f 182//182 338//338 336//336
f 333//333 203//203 202//202
f 203//203 333//333 335//335
f 336//336 181//181 182//182
f 181//181 336//336 334//334
f 331//331 202//202 201//201
f 202//202 331//331 333//333
f 334//334 180//180 181//181
f 180//180 334//334 332//332
f 200//200 331//331 201//201
f 331//331 200//200 329//329
f 332//332 179//179 180//180
f 179//179 332//332 330//330
f 199//199 329//329 200//200
f 329//329 199//199 326//326
f 179//179 328//328 177//177
f 328//328 179//179 330//330
f 176//176 326//326 199//199
f 326//326 176//176 327//327
f 177//177 325//325 175//175
f 325//325 177//177 328//328
f 175//175 327//327 176//176
f 327//327 175//175 325//325
f 359//359 317//317 316//316
f 317//317 359//359 361//361
f 357//357 316//316 314//314
f 316//316 357//357 359//359
f 361//361 319//319 317//317
f 319//319 361//361 363//363
f 355//355 314//314 313//313
f 314//314 355//355 357//357
f 363//363 321//321 319//319
f 321//321 363//363 365//365
f 312//312 355//355 313//313
f 355//355 312//312 353//353
f 365//365 322//322 321//321
f 322//322 365//365 367//367
f 310//310 353//353 312//312
f 353//353 310//310 350//350
f 369//369 322//322 367//367
f 322//322 369//369 323//323
f 257//257 350//350 310//310
f 350//350 257//257 351//351
f 371//371 323//323 369//369
f 323//323 371//371 324//324
f 256//256 351//351 257//257
f 351//351 256//256 349//349
f 372//372 324//324 371//371
f 324//324 372//372 270//270
f 258//258 349//349 256//256
f 349//349 258//258 352//352
f 370//370 270//270 372//372
f 270//270 370//370 268//268
f 259//259 352//352 258//258
f 352//352 259//259 354//354
f 368//368 268//268 370//370
f 268//268 368//368 267//267
f 356//356 259//259 260//260
f 259//259 356//356 354//354
f 366//366 267//267 368//368
f 267//267 366//366 266//266
f 358//358 260//260 261//261
f 260//260 358//358 356//356
f 366//366 264//264 266//266
f 264//264 366//366 364//364
f 360//360 261//261 262//262
f 261//261 360//360 358//358
f 364//364 263//263 264//264
f 263//263 364//364 362//362
f 362//362 262//262 263//263
f 262//262 362//362 360//360
f 511//511 606//606 377//377
f 512//512 606//606 511//511
f 606//606 512//512 607//607
f 510//510 607//607 512//512
f 607//607 510//510 608//608
f 508//508 377//377 373//373
f 377//377 508//508 511//511
f 510//510 609//609 608//608
f 609//609 510//510 509//509
f 455//455 508//508 373//373
f 451//451 508//508 455//455
f 508//508 451//451 507//507
f 509//509 610//610 609//609
f 610//610 509//509 506//506
f 505//505 451//451 450//450
f 451//451 505//505 507//507
f 506//506 611//611 610//610
f 611//611 506//506 500//500
f 504//504 450//450 449//449
f 450//450 504//504 505//505
f 611//611 471//471 612//612
f 500//500 471//471 611//611
f 471//471 500//500 502//502
f 503//503 449//449 443//443
f 449//449 503//503 504//504
f 502//502 474//474 471//471
f 474//474 502//502 501//501
f 474//474 443//443 445//445
f 501//501 443//443 474//474
f 443//443 501//501 503//503
f 520//520 613//613 614//614
f 613//613 520//520 522//522
f 522//522 615//615 613//613
f 615//615 522//522 524//524
f 519//519 614//614 616//616
f 614//614 519//519 520//520
f 524//524 617//617 615//615
f 617//617 524//524 526//526
f 517//517 616//616 618//618
f 616//616 517//517 519//519
f 526//526 619//619 617//617
f 619//619 526//526 527//527
f 516//516 618//618 620//620
f 618//618 516//516 517//517
f 527//527 621//621 619//619
f 621//621 527//527 528//528
f 622//622 516//516 620//620
f 516//516 622//622 514//514
f 528//528 623//623 621//621
f 623//623 528//528 530//530
f 624//624 514//514 622//622
f 514//514 624//624 515//515
f 530//530 625//625 623//623
f 625//625 530//530 531//531
f 626//626 515//515 624//624
f 473//473 515//515 626//626
f 515//515 473//473 513//513
f 532//532 625//625 531//531
f 625//625 532//532 627//627
f 518//518 473//473 435//435
f 473//473 518//518 513//513
f 532//532 628//628 627//627
f 628//628 532//532 534//534
f 446//446 435//435 437//437
f 521//521 435//435 446//446
f 435//435 521//521 518//518
f 535//535 628//628 534//534
f 376//376 628//628 535//535
f 628//628 376//376 629//629
f 523//523 446//446 447//447
f 446//446 523//523 521//521
f 535//535 374//374 376//376
f 374//374 535//535 533//533
f 525//525 447//447 448//448
f 447//447 525//525 523//523
f 533//533 421//421 374//374
f 421//421 533//533 529//529
f 421//421 448//448 453//453
f 529//529 448//448 421//421
f 448//448 529//529 525//525
f 550//550 495//495 494//494
f 495//495 550//550 552//552
f 548//548 494//494 493//493
f 494//494 548//548 550//550
f 552//552 496//496 495//495
f 496//496 552//552 554//554
f 546//546 493//493 492//492
f 493//493 546//546 548//548
f 556//556 496//496 554//554
f 496//496 556//556 498//498
f 544//544 492//492 491//491
f 492//492 544//544 546//546
f 558//558 498//498 556//556
f 498//498 558//558 499//499
f 542//542 491//491 490//490
f 491//491 542//542 544//544
f 559//559 499//499 558//558
f 499//499 559//559 472//472
f 489//489 542//542 490//490
f 542//542 489//489 540//540
f 557//557 472//472 559//559
f 472//472 557//557 470//470
f 487//487 540//540 489//489
f 540//540 487//487 537//537
f 555//555 470//470 557//557
f 470//470 555//555 469//469
f 459//459 537//537 487//487
f 537//537 459//459 538//538
f 553//553 469//469 555//555
f 469//469 553//553 468//468
f 458//458 538//538 459//459
f 538//538 458//458 536//536
f 553//553 467//467 468//468
f 467//467 553//553 551//551
f 460//460 536//536 458//458
f 536//536 460//460 539//539
f 551//551 466//466 467//467
f 466//466 551//551 549//549
f 461//461 539//539 460//460
f 539//539 461//461 541//541
f 549//549 464//464 466//466
f 464//464 549//549 547//547
f 543//543 461//461 462//462
f 461//461 543//543 541//541
f 547//547 463//463 464//464
f 463//463 547//547 545//545
f 545//545 462//462 463//463
f 462//462 545//545 543//543
f 583//583 434//434 582//582
f 434//434 583//583 394//394
f 582//582 433//433 580//580
f 433//433 582//582 434//434
f 581//581 394//394 583//583
f 394//394 581//581 392//392
f 580//580 432//432 578//578
f 432//432 580//580 433//433
f 579//579 392//392 581//581
f 392//392 579//579 391//391
f 576//576 432//432 431//431
f 432//432 576//576 578//578
f 577//577 391//391 579//579
f 391//391 577//577 390//390
f 574//574 431//431 430//430
f 431//431 574//574 576//576
f 577//577 388//388 390//390
f 388//388 577//577 575//575
f 572//572 430//430 429//429
f 430//430 572//572 574//574
f 575//575 387//387 388//388
f 387//387 575//575 573//573
f 570//570 429//429 428//428
f 429//429 570//570 572//572
f 573//573 386//386 387//387
f 386//386 573//573 571//571
f 568//568 428//428 427//427
f 428//428 568//568 570//570
f 571//571 385//385 386//386
f 385//385 571//571 569//569
f 566//566 427//427 425//425
f 427//427 566//566 568//568
f 569//569 384//384 385//385
f 384//384 569//569 567//567
f 424//424 566//566 425//425
f 566//566 424//424 564//564
f 567//567 382//382 384//384
f 382//382 567//567 565//565
f 423//423 564//564 424//424
f 564//564 423//423 561//561
f 382//382 563//563 381//381
f 563//563 382//382 565//565
f 379//379 561//561 423//423
f 561//561 379//379 562//562
f 381//381 560//560 380//380
f 560//560 381//381 563//563
f 380//380 562//562 379//379
f 562//562 380//380 560//560
f 192//192 630//630 191//191
f 631//631 191//191 630//630
f 632//632 191//191 631//631
f 478//478 633//633 477//477
f 634//634 477//477 633//633
f 635//635 477//477 634//634
f 636//636 477//477 635//635
f 39//39 637//637 40//40
f 638//638 40//40 637//637
f 639//639 40//40 638//638
f 38//38 640//640 39//39
f 637//637 39//39 640//640
f 36//36 641//641 38//38
f 640//640 38//38 641//641
f 37//37 642//642 36//36
f 641//641 36//36 642//642
f 37//37 584//584 642//642
f 643//643 642//642 584//584
f 585//585 644//644 584//584
f 643//643 584//584 644//644
f 25//25 645//645 585//585
f 644//644 585//585 645//645
f 22//22 646//646 25//25
f 645//645 25//25 646//646
f 22//22 20//20 646//646
f 647//647 646//646 20//20
f 18//18 648//648 20//20
f 647//647 20//20 648//648
f 17//17 649//649 18//18
f 648//648 18//18 649//649
f 15//15 650//650 17//17
f 649//649 17//17 650//650
f 16//16 651//651 15//15
f 650//650 15//15 651//651
f 14//14 652//652 16//16
f 651//651 16//16 652//652
f 19//19 653//653 14//14
f 652//652 14//14 653//653
f 19//19 21//21 653//653
f 654//654 653//653 21//21
f 21//21 23//23 654//654
f 655//655 654//654 23//23
f 24//24 656//656 23//23
f 655//655 23//23 656//656
f 24//24 26//26 656//656
f 657//657 656//656 26//26
f 27//27 658//658 26//26
f 657//657 26//26 658//658
f 27//27 28//28 658//658
f 586//586 658//658 28//28
f 659//659 658//658 586//586
f 586//586 32//32 659//659
f 660//660 659//659 32//32
f 31//31 661//661 32//32
f 660//660 32//32 661//661
f 29//29 662//662 31//31
f 661//661 31//31 662//662
f 30//30 663//663 29//29
f 662//662 29//29 663//663
f 30//30 34//34 663//663
f 664//664 663//663 34//34
f 34//34 42//42 664//664
f 665//665 664//664 42//42
f 42//42 43//43 665//665
f 666//666 665//665 43//43
f 667//667 665//665 666//666
f 92//92 90//90 668//668
f 669//669 668//668 90//90
f 670//670 668//668 669//669
f 90//90 89//89 669//669
f 671//671 669//669 89//89
f 89//89 103//103 671//671
f 672//672 671//671 103//103
f 10//10 673//673 104//104
f 672//672 104//104 673//673
f 103//103 104//104 672//672
f 5//5 674//674 10//10
f 673//673 10//10 674//674
f 13//13 675//675 5//5
f 674//674 5//5 675//675
f 2//2 676//676 13//13
f 675//675 13//13 676//676
f 3//3 677//677 2//2
f 676//676 2//2 677//677
f 1//1 678//678 3//3
f 677//677 3//3 678//678
f 4//4 679//679 1//1
f 678//678 1//1 679//679
f 6//6 680//680 4//4
f 679//679 4//4 680//680
f 7//7 681//681 6//6
f 680//680 6//6 681//681
f 7//7 8//8 681//681
f 682//682 681//681 8//8
f 8//8 9//9 682//682
f 683//683 682//682 9//9
f 683//683 9//9 684//684
f 11//11 684//684 9//9
f 11//11 12//12 684//684
f 685//685 684//684 12//12
f 76//76 686//686 12//12
f 685//685 12//12 686//686
f 77//77 687//687 76//76
f 686//686 76//76 687//687
f 75//75 688//688 77//77
f 687//687 77//77 688//688
f 79//79 689//689 75//75
f 688//688 75//75 689//689
f 80//80 690//690 79//79
f 689//689 79//79 690//690
f 80//80 83//83 690//690
f 691//691 690//690 83//83
f 83//83 86//86 691//691
f 692//692 691//691 86//86
f 693//693 691//691 692//692
f 694//694 695//695 696//696
f 697//697 696//696 695//695
f 191//191 632//632 195//195
f 698//698 195//195 632//632
f 699//699 195//195 698//698
f 700//700 195//195 699//699
f 701//701 195//195 700//700
f 702//702 703//703 698//698
f 699//699 698//698 703//703
f 473//473 497//497 626//626
f 704//704 626//626 497//497
f 497//497 488//488 704//704
f 705//705 704//704 488//488
f 488//488 486//486 705//705
f 706//706 705//705 486//486
f 486//486 485//485 706//706
f 707//707 706//706 485//485
f 485//485 483//483 707//707
f 708//708 707//707 483//483
f 483//483 481//481 708//708
f 709//709 708//708 481//481
f 481//481 479//479 709//709
f 710//710 709//709 479//479
f 479//479 477//477 710//710
f 636//636 710//710 477//477
f 636//636 635//635 711//711
f 696//696 711//711 635//635
f 697//697 711//711 696//696
f 712//712 711//711 697//697
f 711//711 712//712 713//713
f 714//714 713//713 712//712
f 713//713 714//714 715//715
f 716//716 715//715 714//714
f 715//715 716//716 717//717
f 718//718 717//717 716//716
f 717//717 718//718 719//719
f 720//720 719//719 718//718
f 719//719 720//720 721//721
f 722//722 721//721 720//720
f 721//721 722//722 723//723
f 724//724 723//723 722//722
f 723//723 724//724 725//725
f 726//726 725//725 724//724
f 725//725 726//726 727//727
f 728//728 727//727 726//726
f 727//727 728//728 729//729
f 730//730 729//729 728//728
f 729//729 730//730 731//731
f 732//732 731//731 730//730
f 731//731 732//732 733//733
f 734//734 733//733 732//732
f 733//733 734//734 692//692
f 693//693 692//692 734//734
f 692//692 86//86 735//735
f 88//88 735//735 86//86
f 88//88 91//91 735//735
f 736//736 735//735 91//91
f 91//91 93//93 736//736
f 737//737 736//736 93//93
f 93//93 94//94 737//737
f 738//738 737//737 94//94
f 94//94 96//96 738//738
f 739//739 738//738 96//96
f 739//739 96//96 740//740
f 97//97 740//740 96//96
f 97//97 98//98 740//740
f 741//741 740//740 98//98
f 98//98 101//101 741//741
f 742//742 741//741 101//101
f 100//100 108//108 743//743
f 744//744 743//743 108//108
f 108//108 109//109 744//744
f 745//745 744//744 109//109
f 109//109 111//111 745//745
f 746//746 745//745 111//111
f 111//111 113//113 746//746
f 747//747 746//746 113//113
f 113//113 115//115 747//747
f 748//748 747//747 115//115
f 115//115 119//119 748//748
f 749//749 748//748 119//119
f 119//119 120//120 749//749
f 750//750 749//749 120//120
f 750//750 120//120 751//751
f 122//122 751//751 120//120
f 751//751 122//122 752//752
f 124//124 752//752 122//122
f 752//752 124//124 753//753
f 123//123 753//753 124//124
f 753//753 123//123 754//754
f 121//121 754//754 123//123
f 121//121 118//118 754//754
f 755//755 754//754 118//118
f 118//118 117//117 755//755
f 756//756 755//755 117//117
f 117//117 116//116 756//756
f 757//757 756//756 116//116
f 116//116 114//114 757//757
f 758//758 757//757 114//114
f 114//114 112//112 758//758
f 759//759 758//758 112//112
f 112//112 110//110 759//759
f 760//760 759//759 110//110
f 110//110 99//99 760//760
f 761//761 760//760 99//99
f 99//99 95//95 761//761
f 762//762 761//761 95//95
f 95//95 92//92 762//762
f 668//668 762//762 92//92
f 668//668 670//670 763//763
f 764//764 763//763 670//670
f 763//763 764//764 765//765
f 766//766 765//765 764//764
f 765//765 766//766 767//767
f 768//768 767//767 766//766
f 767//767 768//768 769//769
f 770//770 769//769 768//768
f 769//769 770//770 771//771
f 772//772 771//771 770//770
f 771//771 772//772 773//773
f 774//774 773//773 772//772
f 773//773 774//774 775//775
f 776//776 775//775 774//774
f 775//775 776//776 777//777
f 778//778 777//777 776//776
f 777//777 778//778 779//779
f 780//780 779//779 778//778
f 779//779 780//780 781//781
f 782//782 781//781 780//780
f 783//783 781//781 784//784
f 782//782 784//784 781//781
f 785//785 783//783 786//786
f 784//784 786//786 783//783
f 787//787 785//785 788//788
f 786//786 788//788 785//785
f 789//789 787//787 790//790
f 788//788 790//790 787//787
f 791//791 789//789 792//792
f 790//790 792//792 789//789
f 793//793 791//791 794//794
f 792//792 794//794 791//791
f 795//795 793//793 796//796
f 794//794 796//796 793//793
f 797//797 795//795 798//798
f 796//796 798//798 795//795
f 799//799 797//797 800//800
f 798//798 800//800 797//797
f 801//801 799//799 802//802
f 800//800 802//802 799//799
f 803//803 801//801 804//804
f 802//802 804//804 801//801
f 805//805 803//803 806//806
f 804//804 806//806 803//803
f 807//807 805//805 808//808
f 806//806 808//808 805//805
f 809//809 807//807 810//810
f 808//808 810//810 807//807
f 811//811 809//809 812//812
f 810//810 812//812 809//809
f 813//813 811//811 814//814
f 812//812 814//814 811//811
f 815//815 813//813 816//816
f 814//814 816//816 813//813
f 817//817 815//815 818//818
f 816//816 818//818 815//815
f 819//819 817//817 820//820
f 818//818 820//820 817//817
f 821//821 819//819 822//822
f 820//820 822//822 819//819
f 823//823 821//821 824//824
f 822//822 824//824 821//821
f 825//825 823//823 826//826
f 824//824 826//826 823//823
f 827//827 825//825 828//828
f 826//826 828//828 825//825
f 829//829 827//827 830//830
f 828//828 830//830 827//827
f 831//831 829//829 832//832
f 830//830 832//832 829//829
f 833//833 831//831 834//834
f 832//832 834//834 831//831
f 835//835 833//833 836//836
f 834//834 836//836 833//833
f 837//837 835//835 838//838
f 836//836 838//838 835//835
f 839//839 837//837 840//840
f 838//838 840//840 837//837
f 841//841 839//839 842//842
f 840//840 842//842 839//839
f 843//843 841//841 844//844
f 842//842 844//844 841//841
f 845//845 843//843 846//846
f 844//844 846//846 843//843
f 847//847 845//845 848//848
f 846//846 848//848 845//845
f 849//849 847//847 850//850
f 848//848 850//850 847//847
f 851//851 849//849 852//852
f 850//850 852//852 849//849
f 853//853 851//851 854//854
f 852//852 854//854 851//851
f 855//855 853//853 856//856
f 854//854 856//856 853//853
f 857//857 855//855 858//858
f 856//856 858//858 855//855
f 859//859 857//857 860//860
f 858//858 860//860 857//857
f 861//861 859//859 862//862
f 860//860 862//862 859//859
f 863//863 861//861 864//864
f 862//862 864//864 861//861
f 865//865 863//863 866//866
f 864//864 866//866 863//863
f 867//867 865//865 868//868
f 866//866 868//868 865//865
f 869//869 867//867 870//870
f 868//868 870//870 867//867
f 871//871 869//869 872//872
f 870//870 872//872 869//869
f 873//873 871//871 874//874
f 872//872 874//874 871//871
f 875//875 873//873 876//876
f 874//874 876//876 873//873
f 877//877 875//875 878//878
f 876//876 878//878 875//875
f 879//879 877//877 880//880
f 878//878 880//880 877//877
f 881//881 879//879 882//882
f 880//880 882//882 879//879
f 883//883 881//881 884//884
f 882//882 884//884 881//881
f 885//885 883//883 886//886
f 884//884 886//886 883//883
f 887//887 888//888 886//886
f 885//885 886//886 888//888
f 889//889 890//890 887//887
f 888//888 887//887 890//890
f 891//891 892//892 889//889
f 890//890 889//889 892//892
f 893//893 894//894 891//891
f 892//892 891//891 894//894
f 895//895 896//896 893//893
f 894//894 893//893 896//896
f 897//897 898//898 895//895
f 896//896 895//895 898//898
f 899//899 900//900 901//901
f 902//902 901//901 900//900
f 903//903 904//904 899//899
f 900//900 899//899 904//904
f 905//905 906//906 903//903
f 904//904 903//903 906//906
f 907//907 908//908 905//905
f 906//906 905//905 908//908
f 909//909 910//910 907//907
f 908//908 907//907 910//910
f 911//911 910//910 912//912
f 909//909 912//912 910//910
f 913//913 911//911 914//914
f 912//912 914//914 911//911
f 915//915 913//913 916//916
f 914//914 916//916 913//913
f 917//917 915//915 918//918
f 916//916 918//918 915//915
f 919//919 917//917 920//920
f 918//918 920//920 917//917
f 921//921 919//919 922//922
f 920//920 922//922 919//919
f 923//923 921//921 924//924
f 922//922 924//924 921//921
f 925//925 923//923 926//926
f 924//924 926//926 923//923
f 927//927 925//925 928//928
f 926//926 928//928 925//925
f 929//929 927//927 930//930
f 928//928 930//930 927//927
f 931//931 929//929 932//932
f 930//930 932//932 929//929
f 933//933 931//931 934//934
f 932//932 934//934 931//931
f 935//935 933//933 936//936
f 934//934 936//936 933//933
f 937//937 935//935 938//938
f 936//936 938//938 935//935
f 939//939 937//937 940//940
f 938//938 940//940 937//937
f 941//941 939//939 942//942
f 940//940 942//942 939//939
f 943//943 941//941 944//944
f 942//942 944//944 941//941
f 945//945 943//943 946//946
f 944//944 946//946 943//943
f 947//947 945//945 948//948
f 946//946 948//948 945//945
f 949//949 947//947 950//950
f 948//948 950//950 947//947
f 951//951 949//949 952//952
f 950//950 952//952 949//949
f 953//953 951//951 954//954
f 952//952 954//954 951//951
f 955//955 953//953 956//956
f 954//954 956//956 953//953
f 957//957 955//955 958//958
f 956//956 958//958 955//955
f 959//959 957//957 960//960
f 958//958 960//960 957//957
f 961//961 959//959 962//962
f 960//960 962//962 959//959
f 961//961 962//962 963//963
f 964//964 963//963 962//962
f 963//963 964//964 965//965
f 966//966 965//965 964//964
f 965//965 966//966 967//967
f 968//968 967//967 966//966
f 967//967 968//968 969//969
f 970//970 969//969 968//968
f 969//969 970//970 971//971
f 972//972 971//971 970//970
f 971//971 972//972 666//666
f 667//667 666//666 972//972
f 666//666 43//43 973//973
f 45//45 973//973 43//43
f 973//973 45//45 974//974
f 46//46 974//974 45//45
f 46//46 47//47 974//974
f 975//975 974//974 47//47
f 47//47 48//48 975//975
f 976//976 975//975 48//48
f 48//48 50//50 976//976
f 977//977 976//976 50//50
f 50//50 51//51 977//977
f 978//978 977//977 51//51
f 51//51 52//52 978//978
f 979//979 978//978 52//52
f 52//52 54//54 979//979
f 980//980 979//979 54//54
f 54//54 55//55 980//980
f 981//981 980//980 55//55
f 55//55 57//57 981//981
f 982//982 981//981 57//57
f 57//57 60//60 982//982
f 983//983 982//982 60//60
f 60//60 63//63 983//983
f 984//984 983//983 63//63
f 63//63 67//67 984//984
f 985//985 984//984 67//67
f 67//67 69//69 985//985
f 986//986 985//985 69//69
f 986//986 69//69 987//987
f 70//70 987//987 69//69
f 987//987 70//70 988//988
f 71//71 988//988 70//70
f 988//988 71//71 989//989
f 74//74 989//989 71//71
f 989//989 74//74 990//990
f 73//73 990//990 74//74
f 990//990 73//73 991//991
f 72//72 991//991 73//73
f 72//72 68//68 991//991
f 992//992 991//991 68//68
f 68//68 66//66 992//992
f 993//993 992//992 66//66
f 66//66 65//65 993//993
f 994//994 993//993 65//65
f 65//65 64//64 994//994
f 995//995 994//994 64//64
f 64//64 62//62 995//995
f 996//996 995//995 62//62
f 62//62 61//61 996//996
f 997//997 996//996 61//61
f 61//61 59//59 997//997
f 998//998 997//997 59//59
f 59//59 58//58 998//998
f 999//999 998//998 58//58
f 58//58 56//56 999//999
f 1000//1000 999//999 56//56
f 56//56 53//53 1000//1000
f 1001//1001 1000//1000 53//53
f 53//53 49//49 1001//1001
f 1002//1002 1001//1001 49//49
f 49//49 44//44 1002//1002
f 1003//1003 1002//1002 44//44
f 44//44 40//40 1003//1003
f 639//639 1003//1003 40//40
f 639//639 638//638 630//630
f 703//703 630//630 638//638
f 631//631 630//630 703//703
f 702//702 631//631 703//703
f 701//701 700//700 1004//1004
f 1005//1005 1004//1004 700//700
f 1004//1004 1005//1005 1006//1006
f 1007//1007 1006//1006 1005//1005
f 1006//1006 1007//1007 1008//1008
f 1009//1009 1008//1008 1007//1007
f 1008//1008 1009//1009 1010//1010
f 1011//1011 1010//1010 1009//1009
f 1010//1010 1011//1011 1012//1012
f 1013//1013 1012//1012 1011//1011
f 1012//1012 1013//1013 633//633
f 695//695 633//633 1013//1013
f 634//634 633//633 695//695
f 694//694 634//634 695//695
f 1014//1014 1015//1015 897//897
f 898//898 897//897 1015//1015
f 1016//1016 1017//1017 901//901
f 899//899 901//901 1017//1017
f 1014//1014 899//899 1017//1017
f 897//897 899//899 1014//1014
f 903//903 899//899 897//897
f 895//895 903//903 897//897
f 893//893 903//903 895//895
f 905//905 903//903 893//893
f 891//891 905//905 893//893
f 889//889 905//905 891//891
f 907//907 905//905 889//889
f 887//887 907//907 889//889
f 909//909 907//907 887//887
f 886//886 909//909 887//887
f 884//884 909//909 886//886
f 912//912 909//909 884//884
f 882//882 912//912 884//884
f 880//880 912//912 882//882
f 914//914 912//912 880//880
f 878//878 914//914 880//880
f 876//876 914//914 878//878
f 916//916 914//914 876//876
f 874//874 916//916 876//876
f 872//872 916//916 874//874
f 870//870 916//916 872//872
f 918//918 916//916 870//870
f 868//868 918//918 870//870
f 866//866 918//918 868//868
f 864//864 918//918 866//866
f 920//920 918//918 864//864
f 862//862 920//920 864//864
f 860//860 920//920 862//862
f 858//858 920//920 860//860
f 922//922 920//920 858//858
f 856//856 922//922 858//858
f 854//854 922//922 856//856
f 924//924 922//922 854//854
f 852//852 924//924 854//854
f 850//850 924//924 852//852
f 848//848 924//924 850//850
f 846//846 924//924 848//848
f 844//844 924//924 846//846
f 842//842 924//924 844//844
f 840//840 924//924 842//842
f 926//926 924//924 840//840
f 838//838 926//926 840//840
f 836//836 926//926 838//838
f 834//834 926//926 836//836
f 832//832 926//926 834//834
f 830//830 926//926 832//832
f 828//828 926//926 830//830
f 826//826 926//926 828//828
f 928//928 926//926 826//826
f 824//824 928//928 826//826
f 822//822 928//928 824//824
f 930//930 928//928 822//822
f 820//820 930//930 822//822
f 932//932 930//930 820//820
f 818//818 932//932 820//820
f 934//934 932//932 818//818
f 816//816 934//934 818//818
f 814//814 934//934 816//816
f 936//936 934//934 814//814
f 812//812 936//936 814//814
f 938//938 936//936 812//812
f 940//940 938//938 812//812
f 942//942 940//940 812//812
f 944//944 942//942 812//812
f 946//946 944//944 812//812
f 948//948 946//946 812//812
f 950//950 948//948 812//812
f 952//952 950//950 812//812
f 810//810 952//952 812//812
f 808//808 952//952 810//810
f 806//806 952//952 808//808
f 954//954 952//952 806//806
f 804//804 954//954 806//806
f 802//802 954//954 804//804
f 800//800 954//954 802//802
f 956//956 954//954 800//800
f 798//798 956//956 800//800
f 796//796 956//956 798//798
f 794//794 956//956 796//796
f 958//958 956//956 794//794
f 792//792 958//958 794//794
f 790//790 958//958 792//792
f 788//788 958//958 790//790
f 960//960 958//958 788//788
f 786//786 960//960 788//788
f 784//784 960//960 786//786
f 962//962 960//960 784//784
f 782//782 962//962 784//784
f 780//780 962//962 782//782
f 964//964 962//962 780//780
f 778//778 964//964 780//780
f 776//776 964//964 778//778
f 966//966 964//964 776//776
f 774//774 966//966 776//776
f 772//772 966//966 774//774
f 968//968 966//966 772//772
f 770//770 968//968 772//772
f 768//768 968//968 770//770
f 970//970 968//968 768//768
f 766//766 970//970 768//768
f 667//667 970//970 766//766
f 972//972 970//970 667//667
f 667//667 670//670 665//665
f 669//669 665//665 670//670
f 664//664 665//665 669//669
f 671//671 664//664 669//669
f 663//663 664//664 671//671
f 693//693 663//663 671//671
f 734//734 663//663 693//693
f 661//661 663//663 734//734
f 662//662 663//663 661//661
f 703//703 1013//1013 699//699
f 1011//1011 699//699 1013//1013
f 1009//1009 699//699 1011//1011
f 700//700 699//699 1009//1009
f 1005//1005 700//700 1009//1009
f 1007//1007 1005//1005 1009//1009
f 730//730 728//728 638//638
f 703//703 638//638 728//728
f 726//726 703//703 728//728
f 697//697 703//703 726//726
f 1013//1013 703//703 697//697
f 695//695 1013//1013 697//697
f 671//671 672//672 693//693
f 691//691 693//693 672//672
f 690//690 691//691 672//672
f 673//673 690//690 672//672
f 689//689 690//690 673//673
f 686//686 689//689 673//673
f 688//688 689//689 686//686
f 687//687 688//688 686//686
f 685//685 686//686 673//673
f 684//684 685//685 673//673
f 683//683 684//684 673//673
f 674//674 683//683 673//673
f 682//682 683//683 674//674
f 681//681 682//682 674//674
f 680//680 681//681 674//674
f 679//679 680//680 674//674
f 676//676 679//679 674//674
f 678//678 679//679 676//676
f 677//677 678//678 676//676
f 676//676 674//674 675//675
f 726//726 724//724 697//697
f 712//712 697//697 724//724
f 722//722 712//712 724//724
f 720//720 712//712 722//722
f 718//718 712//712 720//720
f 716//716 712//712 718//718
f 714//714 712//712 716//716
f 734//734 732//732 661//661
f 660//660 661//661 732//732
f 638//638 660//660 732//732
f 659//659 660//660 638//638
f 730//730 638//638 732//732
f 637//637 659//659 638//638
f 640//640 659//659 637//637
f 641//641 659//659 640//640
f 658//658 659//659 641//641
f 642//642 658//658 641//641
f 643//643 658//658 642//642
f 657//657 658//658 643//643
f 644//644 657//657 643//643
f 656//656 657//657 644//644
f 645//645 656//656 644//644
f 646//646 656//656 645//645
f 655//655 656//656 646//646
f 654//654 655//655 646//646
f 647//647 654//654 646//646
f 653//653 654//654 647//647
f 648//648 653//653 647//647
f 652//652 653//653 648//648
f 649//649 652//652 648//648
f 650//650 652//652 649//649
f 651//651 652//652 650//650
f 766//766 764//764 667//667
f 670//670 667//667 764//764
f 901//901 902//902 1016//1016
f 1018//1018 1016//1016 902//902
f 1018//1018 902//902 1019//1019
f 900//900 1019//1019 902//902
f 1015//1015 1019//1019 900//900
f 898//898 1015//1015 900//900
f 904//904 898//898 900//900
f 896//896 898//898 904//904
f 894//894 896//896 904//904
f 906//906 894//894 904//904
f 892//892 894//894 906//906
f 890//890 892//892 906//906
f 908//908 890//890 906//906
f 888//888 890//890 908//908
f 910//910 888//888 908//908
f 885//885 888//888 910//910
f 883//883 885//885 910//910
f 911//911 883//883 910//910
f 881//881 883//883 911//911
f 879//879 881//881 911//911
f 913//913 879//879 911//911
f 877//877 879//879 913//913
f 875//875 877//877 913//913
f 915//915 875//875 913//913
f 873//873 875//875 915//915
f 871//871 873//873 915//915
f 869//869 871//871 915//915
f 917//917 869//869 915//915
f 867//867 869//869 917//917
f 865//865 867//867 917//917
f 863//863 865//865 917//917
f 919//919 863//863 917//917
f 861//861 863//863 919//919
f 859//859 861//861 919//919
f 857//857 859//859 919//919
f 921//921 857//857 919//919
f 855//855 857//857 921//921
f 853//853 855//855 921//921
f 923//923 853//853 921//921
f 851//851 853//853 923//923
f 849//849 851//851 923//923
f 847//847 849//849 923//923
f 845//845 847//847 923//923
f 843//843 845//845 923//923
f 841//841 843//843 923//923
f 839//839 841//841 923//923
f 1020//1020 839//839 923//923
f 1021//1021 839//839 1020//1020
f 1022//1022 839//839 1021//1021
f 1023//1023 839//839 1022//1022
f 1024//1024 839//839 1023//1023
f 1025//1025 839//839 1024//1024
f 837//837 839//839 1025//1025
f 753//753 837//837 1025//1025
f 752//752 753//753 1025//1025
f 754//754 837//837 753//753
f 755//755 837//837 754//754
f 835//835 837//837 755//755
f 833//833 835//835 755//755
f 831//831 833//833 755//755
f 756//756 831//831 755//755
f 829//829 831//831 756//756
f 827//827 829//829 756//756
f 825//825 827//827 756//756
f 823//823 825//825 756//756
f 821//821 823//823 756//756
f 757//757 821//821 756//756
f 819//819 821//821 757//757
f 817//817 819//819 757//757
f 815//815 817//817 757//757
f 813//813 815//815 757//757
f 811//811 813//813 757//757
f 758//758 811//811 757//757
f 759//759 811//811 758//758
f 809//809 811//811 759//759
f 807//807 809//809 759//759
f 805//805 807//807 759//759
f 803//803 805//805 759//759
f 801//801 803//803 759//759
f 760//760 801//801 759//759
f 799//799 801//801 760//760
f 797//797 799//799 760//760
f 795//795 797//797 760//760
f 793//793 795//795 760//760
f 761//761 793//793 760//760
f 791//791 793//793 761//761
f 789//789 791//791 761//761
f 787//787 789//789 761//761
f 785//785 787//787 761//761
f 783//783 785//785 761//761
f 762//762 783//783 761//761
f 781//781 783//783 762//762
f 779//779 781//781 762//762
f 777//777 779//779 762//762
f 668//668 777//777 762//762
f 775//775 777//777 668//668
f 773//773 775//775 668//668
f 771//771 773//773 668//668
f 769//769 771//771 668//668
f 767//767 769//769 668//668
f 765//765 767//767 668//668
f 763//763 765//765 668//668
f 1026//1026 1027//1027 1028//1028
f 1029//1029 1028//1028 1027//1027
f 1030//1030 1028//1028 1029//1029
f 1031//1031 1028//1028 1030//1030
f 1032//1032 1031//1031 1030//1030
f 1033//1033 1031//1031 1032//1032
f 1034//1034 1031//1031 1033//1033
f 1035//1035 1031//1031 1034//1034
f 1036//1036 1031//1031 1035//1035
f 1037//1037 1036//1036 1035//1035
f 1038//1038 1036//1036 1037//1037
f 1039//1039 1036//1036 1038//1038
f 1040//1040 1039//1039 1038//1038
f 1041//1041 1039//1039 1040//1040
f 1042//1042 1039//1039 1041//1041
f 1043//1043 1042//1042 1041//1041
f 1044//1044 1042//1042 1043//1043
f 1045//1045 1044//1044 1043//1043
f 1046//1046 1045//1045 1043//1043
f 1047//1047 1046//1046 1043//1043
f 1048//1048 1046//1046 1047//1047
f 1049//1049 1046//1046 1048//1048
f 1050//1050 1046//1046 1049//1049
f 1051//1051 1050//1050 1049//1049
f 1052//1052 1050//1050 1051//1051
f 1053//1053 1052//1052 1051//1051
f 1054//1054 1052//1052 1053//1053
f 1055//1055 1052//1052 1054//1054
f 1056//1056 1055//1055 1054//1054
f 1057//1057 1056//1056 1054//1054
f 607//607 1056//1056 1057//1057
f 606//606 1056//1056 607//607
f 1058//1058 607//607 1057//1057
f 1059//1059 607//607 1058//1058
f 1060//1060 607//607 1059//1059
f 1061//1061 607//607 1060//1060
f 1062//1062 751//751 1025//1025
f 752//752 1025//1025 751//751
f 750//750 751//751 1062//1062
f 749//749 750//750 1062//1062
f 1063//1063 749//749 1062//1062
f 748//748 749//749 1063//1063
f 1064//1064 748//748 1063//1063
f 1065//1065 748//748 1064//1064
f 1066//1066 748//748 1065//1065
f 747//747 748//748 1066//1066
f 1067//1067 747//747 1066//1066
f 1068//1068 747//747 1067//1067
f 1069//1069 747//747 1068//1068
f 1070//1070 747//747 1069//1069
f 1071//1071 747//747 1070//1070
f 629//629 747//747 1071//1071
f 746//746 747//747 629//629
f 628//628 746//746 629//629
f 627//627 746//746 628//628
f 625//625 746//746 627//627
f 623//623 746//746 625//625
f 621//621 746//746 623//623
f 619//619 746//746 621//621
f 617//617 746//746 619//619
f 745//745 746//746 617//617
f 615//615 745//745 617//617
f 613//613 745//745 615//615
f 614//614 745//745 613//613
f 616//616 745//745 614//614
f 744//744 745//745 616//616
f 618//618 744//744 616//616
f 620//620 744//744 618//618
f 742//742 744//744 620//620
f 743//743 744//744 742//742
f 622//622 742//742 620//620
f 622//622 624//624 742//742
f 741//741 742//742 624//624
f 704//704 741//741 624//624
f 705//705 741//741 704//704
f 740//740 741//741 705//705
f 739//739 740//740 705//705
f 738//738 739//739 705//705
f 706//706 738//738 705//705
f 707//707 738//738 706//706
f 708//708 738//738 707//707
f 737//737 738//738 708//708
f 709//709 737//737 708//708
f 736//736 737//737 709//709
f 710//710 736//736 709//709
f 735//735 736//736 710//710
f 636//636 735//735 710//710
f 692//692 735//735 636//636
f 733//733 692//692 636//636
f 731//731 733//733 636//636
f 729//729 731//731 636//636
f 727//727 729//729 636//636
f 725//725 727//727 636//636
f 723//723 725//725 636//636
f 711//711 723//723 636//636
f 721//721 723//723 711//711
f 719//719 721//721 711//711
f 717//717 719//719 711//711
f 715//715 717//717 711//711
f 713//713 715//715 711//711
f 624//624 626//626 704//704
f 1072//1072 1012//1012 633//633
f 609//609 594//594 610//610
f 593//593 610//610 594//594
f 592//592 610//610 593//593
f 591//591 610//610 592//592
f 611//611 610//610 591//591
f 590//590 611//611 591//591
f 612//612 611//611 590//590
f 589//589 612//612 590//590
f 587//587 612//612 589//589
f 1073//1073 612//612 587//587
f 588//588 1073//1073 587//587
f 1074//1074 1073//1073 588//588
f 1075//1075 1073//1073 1074//1074
f 1076//1076 1075//1075 1074//1074
f 1077//1077 1075//1075 1076//1076
f 1078//1078 1075//1075 1077//1077
f 1079//1079 1078//1078 1077//1077
f 1080//1080 1079//1079 1077//1077
f 1081//1081 1079//1079 1080//1080
f 701//701 1081//1081 1080//1080
f 1072//1072 1081//1081 701//701
f 1010//1010 1072//1072 701//701
f 1012//1012 1072//1072 1010//1010
f 1008//1008 1010//1010 701//701
f 1004//1004 1008//1008 701//701
f 1006//1006 1008//1008 1004//1004
f 1061//1061 1082//1082 607//607
f 608//608 607//607 1082//1082
f 609//609 608//608 1082//1082
f 594//594 609//609 1082//1082
f 595//595 594//594 1082//1082
f 596//596 595//595 1082//1082
f 989//989 990//990 1083//1083
f 1084//1084 1083//1083 990//990
f 991//991 1084//1084 990//990
f 992//992 1084//1084 991//991
f 993//993 1084//1084 992//992
f 994//994 1084//1084 993//993
f 995//995 1084//1084 994//994
f 996//996 1084//1084 995//995
f 1085//1085 1084//1084 996//996
f 997//997 1085//1085 996//996
f 1086//1086 1085//1085 997//997
f 998//998 1086//1086 997//997
f 1087//1087 1086//1086 998//998
f 999//999 1087//1087 998//998
f 1088//1088 1087//1087 999//999
f 1000//1000 1088//1088 999//999
f 1089//1089 1088//1088 1000//1000
f 253//253 1089//1089 1000//1000
f 251//251 1089//1089 253//253
f 254//254 253//253 1000//1000
f 605//605 254//254 1000//1000
f 604//604 605//605 1000//1000
f 603//603 604//604 1000//1000
f 601//601 603//603 1000//1000
f 599//599 601//601 1000//1000
f 1001//1001 599//599 1000//1000
f 598//598 599//599 1001//1001
f 597//597 598//598 1001//1001
f 600//600 597//597 1001//1001
f 602//602 600//600 1001//1001
f 1090//1090 602//602 1001//1001
f 1091//1091 1090//1090 1001//1001
f 1092//1092 1091//1091 1001//1001
f 1002//1002 1092//1092 1001//1001
f 1093//1093 1092//1092 1002//1002
f 1094//1094 1093//1093 1002//1002
f 1003//1003 1094//1094 1002//1002
f 639//639 1094//1094 1003//1003
f 1095//1095 1094//1094 639//639
f 1096//1096 1095//1095 639//639
f 630//630 1096//1096 639//639
f 925//925 1097//1097 923//923
f 1098//1098 923//923 1097//1097
f 1027//1027 923//923 1098//1098
f 1020//1020 923//923 1027//1027
f 1099//1099 1020//1020 1027//1027
f 1026//1026 1099//1099 1027//1027
f 1100//1100 1097//1097 925//925
f 1101//1101 1100//1100 925//925
f 1102//1102 1101//1101 925//925
f 1083//1083 1102//1102 925//925
f 987//987 1083//1083 925//925
f 988//988 1083//1083 987//987
f 989//989 1083//1083 988//988
f 986//986 987//987 925//925
f 985//985 986//986 925//925
f 984//984 985//985 925//925
f 927//927 984//984 925//925
f 983//983 984//984 927//927
f 929//929 983//983 927//927
f 931//931 983//983 929//929
f 933//933 983//983 931//931
f 935//935 983//983 933//933
f 937//937 983//983 935//935
f 939//939 983//983 937//937
f 982//982 983//983 939//939
f 941//941 982//982 939//939
f 943//943 982//982 941//941
f 945//945 982//982 943//943
f 947//947 982//982 945//945
f 949//949 982//982 947//947
f 951//951 982//982 949//949
f 953//953 982//982 951//951
f 955//955 982//982 953//953
f 981//981 982//982 955//955
f 957//957 981//981 955//955
f 959//959 981//981 957//957
f 980//980 981//981 959//959
f 961//961 980//980 959//959
f 979//979 980//980 961//961
f 978//978 979//979 961//961
f 963//963 978//978 961//961
f 977//977 978//978 963//963
f 965//965 977//977 963//963
f 976//976 977//977 965//965
f 975//975 976//976 965//965
f 967//967 975//975 965//965
f 974//974 975//975 967//967
f 969//969 974//974 967//967
f 973//973 974//974 969//969
f 666//666 973//973 969//969
f 971//971 666//666 969//969
f 1017//1017 1019//1019 1014//1014
f 1015//1015 1014//1014 1019//1019
f 1016//1016 1018//1018 1017//1017
f 1019//1019 1017//1017 1018//1018
f 141//141 139//139 37//37
f 584//584 37//37 139//139
f 35//35 144//144 37//37
f 141//141 37//37 144//144
f 140//140 585//585 139//139
f 584//584 139//139 585//585
f 41//41 146//146 35//35
f 144//144 35//35 146//146
f 138//138 25//25 140//140
f 585//585 140//140 25//25
f 33//33 147//147 41//41
f 146//146 41//41 147//147
f 142//142 28//28 138//138
f 25//25 138//138 28//28
f 32//32 145//145 33//33
f 147//147 33//33 145//145
f 142//142 143//143 28//28
f 586//586 28//28 143//143
f 143//143 145//145 586//586
f 32//32 586//586 145//145
f 1103//1103 1104//1104 1105//1105
f 1106//1106 1105//1105 1104//1104
f 1103//1103 1105//1105 1107//1107
f 1108//1108 1107//1107 1105//1105
f 1107//1107 1108//1108 1109//1109
f 1110//1110 1109//1109 1108//1108
f 1109//1109 1110//1110 1111//1111
f 1112//1112 1111//1111 1110//1110
f 1111//1111 1112//1112 1113//1113
f 1114//1114 1113//1113 1112//1112
f 1113//1113 1114//1114 1115//1115
f 1116//1116 1115//1115 1114//1114
f 1115//1115 1116//1116 1117//1117
f 1118//1118 1117//1117 1116//1116
f 1117//1117 1118//1118 1119//1119
f 1120//1120 1119//1119 1118//1118
f 1119//1119 1120//1120 1121//1121
f 1122//1122 1121//1121 1120//1120
f 1121//1121 1122//1122 1123//1123
f 1124//1124 1123//1123 1122//1122
f 1125//1125 1123//1123 1126//1126
f 1124//1124 1126//1126 1123//1123
f 1127//1127 1125//1125 1128//1128
f 1126//1126 1128//1128 1125//1125
f 1129//1129 1127//1127 1130//1130
f 1128//1128 1130//1130 1127//1127
f 1131//1131 1129//1129 1132//1132
f 1130//1130 1132//1132 1129//1129
f 1133//1133 1131//1131 1134//1134
f 1132//1132 1134//1134 1131//1131
f 1133//1133 1134//1134 1135//1135
f 1136//1136 1135//1135 1134//1134
f 1137//1137 1135//1135 1138//1138
f 1136//1136 1138//1138 1135//1135
f 1139//1139 1137//1137 1140//1140
f 1138//1138 1140//1140 1137//1137
f 1141//1141 1139//1139 1142//1142
f 1140//1140 1142//1142 1139//1139
f 1143//1143 1141//1141 1144//1144
f 1142//1142 1144//1144 1141//1141
f 1145//1145 1143//1143 1146//1146
f 1144//1144 1146//1146 1143//1143
f 1147//1147 1145//1145 1148//1148
f 1146//1146 1148//1148 1145//1145
f 635//635 1147//1147 696//696
f 1148//1148 696//696 1147//1147
f 1104//1104 1149//1149 1106//1106
f 1150//1150 1106//1106 1149//1149
f 635//635 634//634 1147//1147
f 1151//1151 1147//1147 634//634
f 1152//1152 1147//1147 1151//1151
f 1145//1145 1147//1147 1152//1152
f 1143//1143 1145//1145 1152//1152
f 1141//1141 1143//1143 1152//1152
f 1139//1139 1141//1141 1152//1152
f 1137//1137 1139//1139 1152//1152
f 1153//1153 1137//1137 1152//1152
f 1135//1135 1137//1137 1153//1153
f 1133//1133 1135//1135 1153//1153
f 1154//1154 1133//1133 1153//1153
f 1131//1131 1133//1133 1154//1154
f 1155//1155 1131//1131 1154//1154
f 1129//1129 1131//1131 1155//1155
f 1127//1127 1129//1129 1155//1155
f 1125//1125 1127//1127 1155//1155
f 1156//1156 1125//1125 1155//1155
f 1123//1123 1125//1125 1156//1156
f 1157//1157 1123//1123 1156//1156
f 1121//1121 1123//1123 1157//1157
f 1119//1119 1121//1121 1157//1157
f 1158//1158 1119//1119 1157//1157
f 1159//1159 1119//1119 1158//1158
f 1160//1160 1119//1119 1159//1159
f 631//631 1149//1149 632//632
f 1161//1161 632//632 1149//1149
f 1162//1162 1161//1161 1149//1149
f 1163//1163 1162//1162 1149//1149
f 1104//1104 1163//1163 1149//1149
f 1164//1164 1163//1163 1104//1104
f 1103//1103 1164//1164 1104//1104
f 1165//1165 1164//1164 1103//1103
f 1166//1166 1165//1165 1103//1103
f 1107//1107 1166//1166 1103//1103
f 1167//1167 1166//1166 1107//1107
f 1160//1160 1167//1167 1107//1107
f 1119//1119 1160//1160 1107//1107
f 1117//1117 1119//1119 1107//1107
f 1115//1115 1117//1117 1107//1107
f 1109//1109 1115//1115 1107//1107
f 1113//1113 1115//1115 1109//1109
f 1111//1111 1113//1113 1109//1109
f 1149//1149 631//631 1150//1150
f 702//702 1150//1150 631//631
f 1168//1168 632//632 698//698
f 632//632 1168//1168 1161//1161
f 1162//1162 1168//1168 1169//1169
f 1168//1168 1162//1162 1161//1161
f 1163//1163 1169//1169 1170//1170
f 1169//1169 1163//1163 1162//1162
f 1164//1164 1170//1170 1171//1171
f 1170//1170 1164//1164 1163//1163
f 1165//1165 1171//1171 1172//1172
f 1171//1171 1165//1165 1164//1164
f 1165//1165 1173//1173 1166//1166
f 1173//1173 1165//1165 1172//1172
f 1166//1166 1174//1174 1167//1167
f 1174//1174 1166//1166 1173//1173
f 1167//1167 1175//1175 1160//1160
f 1175//1175 1167//1167 1174//1174
f 1160//1160 1176//1176 1159//1159
f 1176//1176 1160//1160 1175//1175
f 1159//1159 1177//1177 1158//1158
f 1177//1177 1159//1159 1176//1176
f 1158//1158 1178//1178 1157//1157
f 1178//1178 1158//1158 1177//1177
f 1157//1157 1179//1179 1156//1156
f 1179//1179 1157//1157 1178//1178
f 1156//1156 1180//1180 1155//1155
f 1180//1180 1156//1156 1179//1179
f 694//694 1151//1151 1181//1181
f 1151//1151 694//694 634//634
f 1154//1154 1180//1180 1182//1182
f 1180//1180 1154//1154 1155//1155
f 1151//1151 1183//1183 1181//1181
f 1183//1183 1151//1151 1152//1152
f 1153//1153 1182//1182 1184//1184
f 1182//1182 1153//1153 1154//1154
f 1183//1183 1153//1153 1184//1184
f 1153//1153 1183//1183 1152//1152
f 1161//1161 1168//1168 632//632
f 698//698 632//632 1168//1168
f 1161//1161 1162//1162 1168//1168
f 1169//1169 1168//1168 1162//1162
f 1162//1162 1163//1163 1169//1169
f 1170//1170 1169//1169 1163//1163
f 1163//1163 1164//1164 1170//1170
f 1171//1171 1170//1170 1164//1164
f 1164//1164 1165//1165 1171//1171
f 1172//1172 1171//1171 1165//1165
f 1172//1172 1165//1165 1173//1173
f 1166//1166 1173//1173 1165//1165
f 1173//1173 1166//1166 1174//1174
f 1167//1167 1174//1174 1166//1166
f 1174//1174 1167//1167 1175//1175
f 1160//1160 1175//1175 1167//1167
f 1175//1175 1160//1160 1176//1176
f 1159//1159 1176//1176 1160//1160
f 1176//1176 1159//1159 1177//1177
f 1158//1158 1177//1177 1159//1159
f 1177//1177 1158//1158 1178//1178
f 1157//1157 1178//1178 1158//1158
f 1178//1178 1157//1157 1179//1179
f 1156//1156 1179//1179 1157//1157
f 1179//1179 1156//1156 1180//1180
f 1155//1155 1180//1180 1156//1156
f 634//634 694//694 1151//1151
f 1181//1181 1151//1151 694//694
f 1155//1155 1154//1154 1180//1180
f 1182//1182 1180//1180 1154//1154
f 1152//1152 1151//1151 1183//1183
f 1181//1181 1183//1183 1151//1151
f 1154//1154 1153//1153 1182//1182
f 1184//1184 1182//1182 1153//1153
f 1152//1152 1183//1183 1153//1153
f 1184//1184 1153//1153 1183//1183
f 631//631 702//702 632//632
f 698//698 632//632 702//702
f 702//702 632//632 698//698
f 632//632 702//702 631//631
f 702//702 698//698 1150//1150
f 1168//1168 1150//1150 698//698
f 1169//1169 1150//1150 1168//1168
f 1170//1170 1150//1150 1169//1169
f 1106//1106 1150//1150 1170//1170
f 1171//1171 1106//1106 1170//1170
f 1105//1105 1106//1106 1171//1171
f 1172//1172 1105//1105 1171//1171
f 1173//1173 1105//1105 1172//1172
f 1108//1108 1105//1105 1173//1173
f 1174//1174 1108//1108 1173//1173
f 1175//1175 1108//1108 1174//1174
f 1120//1120 1108//1108 1175//1175
f 1118//1118 1108//1108 1120//1120
f 1116//1116 1108//1108 1118//1118
f 1110//1110 1108//1108 1116//1116
f 1114//1114 1110//1110 1116//1116
f 1112//1112 1110//1110 1114//1114
f 696//696 1148//1148 694//694
f 1181//1181 694//694 1148//1148
f 1183//1183 1181//1181 1148//1148
f 1146//1146 1183//1183 1148//1148
f 1144//1144 1183//1183 1146//1146
f 1142//1142 1183//1183 1144//1144
f 1140//1140 1183//1183 1142//1142
f 1138//1138 1183//1183 1140//1140
f 1184//1184 1183//1183 1138//1138
f 1136//1136 1184//1184 1138//1138
f 1134//1134 1184//1184 1136//1136
f 1182//1182 1184//1184 1134//1134
f 1132//1132 1182//1182 1134//1134
f 1180//1180 1182//1182 1132//1132
f 1130//1130 1180//1180 1132//1132
f 1128//1128 1180//1180 1130//1130
f 1126//1126 1180//1180 1128//1128
f 1179//1179 1180//1180 1126//1126
f 1124//1124 1179//1179 1126//1126
f 1178//1178 1179//1179 1124//1124
f 1122//1122 1178//1178 1124//1124
f 1120//1120 1178//1178 1122//1122
f 1177//1177 1178//1178 1120//1120
f 1176//1176 1177//1177 1120//1120
f 1175//1175 1176//1176 1120//1120
f 1120//1120 1176//1176 1175//1175
f 1120//1120 1177//1177 1176//1176
f 1120//1120 1178//1178 1177//1177
f 1122//1122 1178//1178 1120//1120
f 1124//1124 1178//1178 1122//1122
f 1124//1124 1179//1179 1178//1178
f 1126//1126 1179//1179 1124//1124
f 1126//1126 1180//1180 1179//1179
f 1128//1128 1180//1180 1126//1126
f 1130//1130 1180//1180 1128//1128
f 1132//1132 1180//1180 1130//1130
f 1132//1132 1182//1182 1180//1180
f 1134//1134 1182//1182 1132//1132
f 1134//1134 1184//1184 1182//1182
f 1136//1136 1184//1184 1134//1134
f 1138//1138 1184//1184 1136//1136
f 1138//1138 1183//1183 1184//1184
f 1140//1140 1183//1183 1138//1138
f 1142//1142 1183//1183 1140//1140
f 1144//1144 1183//1183 1142//1142
f 1146//1146 1183//1183 1144//1144
f 1148//1148 1183//1183 1146//1146
f 1148//1148 1181//1181 1183//1183
f 1148//1148 694//694 1181//1181
f 694//694 1148//1148 696//696
f 1114//1114 1110//1110 1112//1112
f 1116//1116 1110//1110 1114//1114
f 1116//1116 1108//1108 1110//1110
f 1118//1118 1108//1108 1116//1116
f 1120//1120 1108//1108 1118//1118
f 1175//1175 1108//1108 1120//1120
f 1174//1174 1108//1108 1175//1175
f 1173//1173 1108//1108 1174//1174
f 1173//1173 1105//1105 1108//1108
f 1172//1172 1105//1105 1173//1173
f 1171//1171 1105//1105 1172//1172
f 1171//1171 1106//1106 1105//1105
f 1170//1170 1106//1106 1171//1171
f 1170//1170 1150//1150 1106//1106
f 1169//1169 1150//1150 1170//1170
f 1168//1168 1150//1150 1169//1169
f 698//698 1150//1150 1168//1168
f 1150//1150 698//698 702//702
f 634//634 694//694 635//635
f 696//696 635//635 694//694
f 694//694 635//635 696//696
f 635//635 694//694 634//634
f 5//5 2//2 13//13
f 12//12 11//11 10//10
f 9//9 10//10 11//11
f 5//5 10//10 9//9
f 8//8 5//5 9//9
f 7//7 5//5 8//8
f 6//6 5//5 7//7
f 4//4 5//5 6//6
f 2//2 5//5 4//4
f 1//1 2//2 4//4
f 3//3 2//2 1//1
f 28//28 27//27 25//25
f 26//26 25//25 27//27
f 24//24 25//25 26//26
f 22//22 25//25 24//24
f 23//23 22//22 24//24
f 21//21 22//22 23//23
f 20//20 22//22 21//21
f 19//19 20//20 21//21
f 18//18 20//20 19//19
f 14//14 18//18 19//19
f 17//17 18//18 14//14
f 15//15 17//17 14//14
f 16//16 15//15 14//14
f 74//74 71//71 73//73
f 72//72 73//73 71//71
f 68//68 72//72 71//71
f 70//70 68//68 71//71
f 69//69 68//68 70//70
f 67//67 68//68 69//69
f 66//66 68//68 67//67
f 63//63 66//66 67//67
f 65//65 66//66 63//63
f 64//64 65//65 63//63
f 62//62 64//64 63//63
f 60//60 62//62 63//63
f 61//61 62//62 60//60
f 59//59 61//61 60//60
f 57//57 59//59 60//60
f 58//58 59//59 57//57
f 56//56 58//58 57//57
f 55//55 56//56 57//57
f 53//53 56//56 55//55
f 54//54 53//53 55//55
f 52//52 53//53 54//54
f 49//49 53//53 52//52
f 51//51 49//49 52//52
f 50//50 49//49 51//51
f 48//48 49//49 50//50
f 44//44 49//49 48//48
f 47//47 44//44 48//48
f 46//46 44//44 47//47
f 45//45 44//44 46//46
f 43//43 44//44 45//45
f 40//40 44//44 43//43
f 42//42 40//40 43//43
f 41//41 40//40 42//42
f 33//33 41//41 42//42
f 34//34 33//33 42//42
f 35//35 40//40 41//41
f 39//39 40//40 35//35
f 38//38 39//39 35//35
f 36//36 38//38 35//35
f 37//37 36//36 35//35
f 34//34 30//30 33//33
f 32//32 33//33 30//30
f 31//31 32//32 30//30
f 31//31 30//30 29//29
f 124//124 122//122 123//123
f 121//121 123//123 122//122
f 120//120 121//121 122//122
f 118//118 121//121 120//120
f 119//119 118//118 120//120
f 115//115 118//118 119//119
f 117//117 118//118 115//115
f 116//116 117//117 115//115
f 114//114 116//116 115//115
f 113//113 114//114 115//115
f 112//112 114//114 113//113
f 111//111 112//112 113//113
f 110//110 112//112 111//111
f 109//109 110//110 111//111
f 99//99 110//110 109//109
f 108//108 99//99 109//109
f 100//100 99//99 108//108
f 89//89 87//87 103//103
f 107//107 103//103 87//87
f 106//106 103//103 107//107
f 105//105 103//103 106//106
f 102//102 103//103 105//105
f 104//104 103//103 102//102
f 101//101 98//98 100//100
f 99//99 100//100 98//98
f 95//95 99//99 98//98
f 97//97 95//95 98//98
f 96//96 95//95 97//97
f 94//94 95//95 96//96
f 92//92 95//95 94//94
f 93//93 92//92 94//94
f 91//91 92//92 93//93
f 90//90 92//92 91//91
f 88//88 90//90 91//91
f 89//89 90//90 88//88
f 87//87 89//89 88//88
f 86//86 87//87 88//88
f 85//85 87//87 86//86
f 83//83 85//85 86//86
f 84//84 85//85 83//83
f 82//82 84//84 83//83
f 80//80 82//82 83//83
f 81//81 82//82 80//80
f 78//78 81//81 80//80
f 79//79 78//78 80//80
f 75//75 78//78 79//79
f 76//76 78//78 75//75
f 12//12 78//78 76//76
f 77//77 76//76 75//75
f 101//101 743//743 100//100
f 743//743 101//101 742//742
f 742//742 101//101 743//743
f 100//100 743//743 101//101
f 137//137 135//135 136//136
f 134//134 136//136 135//135
f 133//133 134//134 135//135
f 132//132 134//134 133//133
f 130//130 132//132 133//133
f 131//131 132//132 130//130
f 128//128 131//131 130//130
f 129//129 128//128 130//130
f 125//125 128//128 129//129
f 126//126 128//128 125//125
f 127//127 126//126 125//125
f 87//87 137//137 107//107
f 136//136 107//107 137//137
f 85//85 135//135 87//87
f 137//137 87//87 135//135
f 107//107 136//136 106//106
f 134//134 106//106 136//136
f 84//84 133//133 85//85
f 135//135 85//85 133//133
f 106//106 134//134 105//105
f 132//132 105//105 134//134
f 82//82 130//130 84//84
f 133//133 84//84 130//130
f 105//105 132//132 102//102
f 131//131 102//102 132//132
f 129//129 130//130 81//81
f 82//82 81//81 130//130
f 102//102 131//131 104//104
f 128//128 104//104 131//131
f 125//125 129//129 78//78
f 81//81 78//78 129//129
f 126//126 10//10 128//128
f 104//104 128//128 10//10
f 127//127 125//125 12//12
f 78//78 12//12 125//125
f 127//127 12//12 126//126
f 10//10 126//126 12//12
f 147//147 145//145 146//146
f 144//144 146//146 145//145
f 143//143 144//144 145//145
f 141//141 144//144 143//143
f 142//142 141//141 143//143
f 138//138 141//141 142//142
f 139//139 141//141 138//138
f 140//140 139//139 138//138
f 87//87 85//85 107//107
f 106//106 107//107 85//85
f 84//84 106//106 85//85
f 105//105 106//106 84//84
f 82//82 105//105 84//84
f 102//102 105//105 82//82
f 104//104 102//102 82//82
f 81//81 104//104 82//82
f 78//78 104//104 81//81
f 10//10 104//104 78//78
f 12//12 10//10 78//78
f 78//78 10//10 12//12
f 78//78 104//104 10//10
f 81//81 104//104 78//78
f 82//82 104//104 81//81
f 82//82 102//102 104//104
f 82//82 105//105 102//102
f 84//84 105//105 82//82
f 84//84 106//106 105//105
f 85//85 106//106 84//84
f 85//85 107//107 106//106
f 107//107 85//85 87//87
f 33//33 32//32 41//41
f 35//35 41//41 32//32
f 586//586 35//35 32//32
f 37//37 35//35 586//586
f 28//28 37//37 586//586
f 25//25 37//37 28//28
f 584//584 37//37 25//25
f 585//585 584//584 25//25
f 25//25 584//584 585//585
f 25//25 37//37 584//584
f 28//28 37//37 25//25
f 586//586 37//37 28//28
f 586//586 35//35 37//37
f 32//32 35//35 586//586
f 32//32 41//41 35//35
f 41//41 32//32 33//33
f 1185//1185 1186//1186 251//251
f 1187//1187 1188//1188 1189//1189
f 1190//1190 1189//1189 1188//1188
f 1191//1191 1189//1189 1190//1190
f 1192//1192 1191//1191 1190//1190
f 1193//1193 1191//1191 1192//1192
f 1194//1194 1191//1191 1193//1193
f 1186//1186 1194//1194 1193//1193
f 1195//1195 1194//1194 1186//1186
f 1185//1185 1195//1195 1186//1186
f 1196//1196 1195//1195 1185//1185
f 1197//1197 1195//1195 1196//1196
f 1198//1198 1195//1195 1197//1197
f 1197//1197 1196//1196 1199//1199
f 1199//1199 1196//1196 1197//1197
f 1197//1197 1195//1195 1198//1198
f 1196//1196 1195//1195 1197//1197
f 1185//1185 1195//1195 1196//1196
f 1186//1186 1195//1195 1185//1185
f 1186//1186 1194//1194 1195//1195
f 1193//1193 1194//1194 1186//1186
f 1193//1193 1191//1191 1194//1194
f 1192//1192 1191//1191 1193//1193
f 1190//1190 1191//1191 1192//1192
f 1190//1190 1189//1189 1191//1191
f 1188//1188 1189//1189 1190//1190
f 1189//1189 1188//1188 1187//1187
f 251//251 1186//1186 1185//1185
f 153//153 159//159 155//155
f 160//160 155//155 159//159
f 161//161 160//160 159//159
f 158//158 157//157 156//156
f 150//150 156//156 157//157
f 148//148 156//156 150//150
f 152//152 156//156 148//148
f 155//155 156//156 152//152
f 153//153 155//155 152//152
f 154//154 153//153 152//152
f 151//151 148//148 149//149
f 150//150 149//149 148//148
f 159//159 162//162 161//161
f 163//163 161//161 162//162
f 153//153 164//164 159//159
f 162//162 159//159 164//164
f 154//154 165//165 153//153
f 164//164 153//153 165//165
f 211//211 168//168 204//204
f 209//209 204//204 168//168
f 210//210 209//209 168//168
f 189//189 210//210 168//168
f 166//166 189//189 168//168
f 208//208 204//204 209//209
f 207//207 204//204 208//208
f 206//206 204//204 207//207
f 205//205 204//204 206//206
f 203//203 204//204 205//205
f 198//198 204//204 203//203
f 202//202 198//198 203//203
f 201//201 198//198 202//202
f 200//200 198//198 201//201
f 199//199 198//198 200//200
f 176//176 198//198 199//199
f 197//197 198//198 176//176
f 174//174 197//197 176//176
f 196//196 197//197 174//174
f 194//194 197//197 196//196
f 193//193 194//194 196//196
f 191//191 194//194 193//193
f 195//195 194//194 191//191
f 190//190 191//191 193//193
f 192//192 191//191 190//190
f 183//183 188//188 166//166
f 189//189 166//166 188//188
f 187//187 188//188 183//183
f 186//186 187//187 183//183
f 185//185 186//186 183//183
f 184//184 185//185 183//183
f 182//182 184//184 183//183
f 178//178 182//182 183//183
f 181//181 182//182 178//178
f 180//180 181//181 178//178
f 179//179 180//180 178//178
f 177//177 179//179 178//178
f 174//174 177//177 178//178
f 175//175 177//177 174//174
f 176//176 175//175 174//174
f 164//164 165//165 162//162
f 163//163 162//162 165//165
f 173//173 163//163 165//165
f 172//172 163//163 173//173
f 170//170 163//163 172//172
f 171//171 170//170 172//172
f 166//166 170//170 171//171
f 169//169 170//170 166//166
f 167//167 169//169 166//166
f 168//168 167//167 166//166
f 195//195 1080//1080 701//701
f 1080//1080 195//195 194//194
f 194//194 1077//1077 1080//1080
f 1077//1077 194//194 197//197
f 197//197 1076//1076 1077//1077
f 1076//1076 197//197 198//198
f 198//198 1074//1074 1076//1076
f 1074//1074 198//198 204//204
f 204//204 588//588 1074//1074
f 588//588 204//204 211//211
f 194//194 195//195 1080//1080
f 701//701 1080//1080 195//195
f 197//197 194//194 1077//1077
f 1080//1080 1077//1077 194//194
f 198//198 197//197 1076//1076
f 1077//1077 1076//1076 197//197
f 204//204 198//198 1074//1074
f 1076//1076 1074//1074 198//198
f 211//211 204//204 588//588
f 1074//1074 588//588 204//204
f 171//171 1090//1090 602//602
f 1090//1090 171//171 166//166
f 166//166 1091//1091 1090//1090
f 1091//1091 166//166 183//183
f 183//183 1092//1092 1091//1091
f 1092//1092 183//183 178//178
f 178//178 1093//1093 1092//1092
f 1093//1093 178//178 174//174
f 174//174 1094//1094 1093//1093
f 1094//1094 174//174 196//196
f 196//196 1095//1095 1094//1094
f 1095//1095 196//196 193//193
f 193//193 1096//1096 1095//1095
f 1096//1096 193//193 190//190
f 1096//1096 192//192 630//630
f 192//192 1096//1096 190//190
f 166//166 171//171 1090//1090
f 602//602 1090//1090 171//171
f 183//183 166//166 1091//1091
f 1090//1090 1091//1091 166//166
f 178//178 183//183 1092//1092
f 1091//1091 1092//1092 183//183
f 174//174 178//178 1093//1093
f 1092//1092 1093//1093 178//178
f 196//196 174//174 1094//1094
f 1093//1093 1094//1094 174//174
f 193//193 196//196 1095//1095
f 1094//1094 1095//1095 196//196
f 190//190 193//193 1096//1096
f 1095//1095 1096//1096 193//193
f 190//190 1096//1096 192//192
f 630//630 192//192 1096//1096
f 216//216 213//213 587//587
f 211//211 587//587 213//213
f 588//588 587//587 211//211
f 214//214 168//168 213//213
f 211//211 213//213 168//168
f 218//218 216//216 589//589
f 587//587 589//589 216//216
f 212//212 167//167 214//214
f 168//168 214//214 167//167
f 220//220 218//218 590//590
f 589//589 590//590 218//218
f 215//215 169//169 212//212
f 167//167 212//212 169//169
f 223//223 220//220 591//591
f 590//590 591//591 220//220
f 215//215 217//217 169//169
f 170//170 169//169 217//217
f 225//225 223//223 592//592
f 591//591 592//592 223//223
f 217//217 219//219 170//170
f 163//163 170//170 219//219
f 228//228 225//225 593//593
f 592//592 593//593 225//225
f 219//219 221//221 163//163
f 160//160 163//163 221//221
f 161//161 163//163 160//160
f 230//230 228//228 594//594
f 593//593 594//594 228//228
f 221//221 222//222 160//160
f 155//155 160//160 222//222
f 595//595 229//229 594//594
f 230//230 594//594 229//229
f 222//222 224//224 155//155
f 156//156 155//155 224//224
f 596//596 305//305 595//595
f 227//227 595//595 305//305
f 229//229 595//595 227//227
f 224//224 226//226 156//156
f 303//303 156//156 226//226
f 158//158 156//156 303//303
f 226//226 227//227 303//303
f 305//305 303//303 227//227
f 230//230 229//229 228//228
f 227//227 228//228 229//229
f 225//225 228//228 227//227
f 226//226 225//225 227//227
f 224//224 225//225 226//226
f 223//223 225//225 224//224
f 222//222 223//223 224//224
f 220//220 223//223 222//222
f 221//221 220//220 222//222
f 219//219 220//220 221//221
f 218//218 220//220 219//219
f 217//217 218//218 219//219
f 216//216 218//218 217//217
f 215//215 216//216 217//217
f 213//213 216//216 215//215
f 212//212 213//213 215//215
f 214//214 213//213 212//212
f 231//231 236//236 597//597
f 598//598 597//597 236//236
f 236//236 239//239 598//598
f 599//599 598//598 239//239
f 233//233 231//231 600//600
f 597//597 600//600 231//231
f 239//239 241//241 599//599
f 601//601 599//599 241//241
f 233//233 600//600 232//232
f 602//602 232//232 600//600
f 171//171 232//232 602//602
f 241//241 245//245 601//601
f 603//603 601//601 245//245
f 232//232 171//171 234//234
f 172//172 234//234 171//171
f 245//245 246//246 603//603
f 604//604 603//603 246//246
f 235//235 234//234 173//173
f 172//172 173//173 234//234
f 246//246 248//248 604//604
f 605//605 604//604 248//248
f 237//237 235//235 165//165
f 173//173 165//165 235//235
f 605//605 248//248 254//254
f 249//249 254//254 248//248
f 255//255 254//254 249//249
f 238//238 237//237 152//152
f 165//165 152//152 237//237
f 154//154 152//152 165//165
f 249//249 247//247 255//255
f 308//308 255//255 247//247
f 240//240 238//238 148//148
f 152//152 148//148 238//238
f 247//247 244//244 308//308
f 306//306 308//308 244//244
f 242//242 240//240 299//299
f 148//148 299//299 240//240
f 151//151 299//299 148//148
f 244//244 243//243 306//306
f 304//304 306//306 243//243
f 243//243 242//242 304//304
f 299//299 304//304 242//242
f 249//249 248//248 247//247
f 246//246 247//247 248//248
f 244//244 247//247 246//246
f 245//245 244//244 246//246
f 241//241 244//244 245//245
f 243//243 244//244 241//241
f 242//242 243//243 241//241
f 240//240 242//242 241//241
f 239//239 240//240 241//241
f 238//238 240//240 239//239
f 236//236 238//238 239//239
f 237//237 238//238 236//236
f 235//235 237//237 236//236
f 231//231 235//235 236//236
f 234//234 235//235 231//231
f 232//232 234//234 231//231
f 233//233 232//232 231//231
f 253//253 250//250 251//251
f 252//252 251//251 250//250
f 255//255 250//250 254//254
f 253//253 254//254 250//250
f 270//270 324//324 269//269
f 320//320 269//269 324//324
f 323//323 320//320 324//324
f 322//322 320//320 323//323
f 321//321 320//320 322//322
f 319//319 320//320 321//321
f 318//318 320//320 319//319
f 317//317 318//318 319//319
f 315//315 318//318 317//317
f 316//316 315//315 317//317
f 314//314 315//315 316//316
f 311//311 315//315 314//314
f 313//313 311//311 314//314
f 312//312 311//311 313//313
f 310//310 311//311 312//312
f 309//309 311//311 310//310
f 257//257 309//309 310//310
f 255//255 309//309 257//257
f 308//308 309//309 255//255
f 307//307 309//309 308//308
f 306//306 307//307 308//308
f 305//305 307//307 306//306
f 304//304 305//305 306//306
f 303//303 305//305 304//304
f 299//299 303//303 304//304
f 302//302 303//303 299//299
f 300//300 302//302 299//299
f 301//301 300//300 299//299
f 298//298 296//296 297//297
f 295//295 297//297 296//296
f 293//293 295//295 296//296
f 294//294 295//295 293//293
f 292//292 294//294 293//293
f 291//291 292//292 293//293
f 289//289 292//292 291//291
f 290//290 289//289 291//291
f 288//288 289//289 290//290
f 286//286 289//289 288//288
f 287//287 286//286 288//288
f 281//281 286//286 287//287
f 285//285 286//286 281//281
f 284//284 285//285 281//281
f 283//283 284//284 281//281
f 282//282 283//283 281//281
f 280//280 282//282 281//281
f 279//279 280//280 281//281
f 278//278 280//280 279//279
f 277//277 278//278 279//279
f 276//276 278//278 277//277
f 275//275 276//276 277//277
f 274//274 276//276 275//275
f 271//271 274//274 275//275
f 273//273 274//274 271//271
f 272//272 273//273 271//271
f 269//269 272//272 271//271
f 268//268 269//269 271//271
f 265//265 268//268 271//271
f 270//270 269//269 268//268
f 267//267 268//268 265//265
f 266//266 267//267 265//265
f 264//264 266//266 265//265
f 252//252 264//264 265//265
f 263//263 264//264 252//252
f 262//262 263//263 252//252
f 261//261 262//262 252//252
f 260//260 261//261 252//252
f 259//259 260//260 252//252
f 250//250 259//259 252//252
f 258//258 259//259 250//250
f 255//255 258//258 250//250
f 256//256 258//258 255//255
f 257//257 256//256 255//255
f 1089//1089 252//252 251//251
f 252//252 1089//1089 265//265
f 271//271 1089//1089 1088//1088
f 1089//1089 271//271 265//265
f 275//275 1088//1088 1087//1087
f 1088//1088 275//275 271//271
f 277//277 1087//1087 1086//1086
f 1087//1087 277//277 275//275
f 279//279 1086//1086 1085//1085
f 1086//1086 279//279 277//277
f 281//281 1085//1085 1084//1084
f 1085//1085 281//281 279//279
f 287//287 1084//1084 1083//1083
f 1084//1084 287//287 281//281
f 288//288 1083//1083 1102//1102
f 1083//1083 288//288 287//287
f 290//290 1102//1102 1101//1101
f 1102//1102 290//290 288//288
f 290//290 1100//1100 291//291
f 1100//1100 290//290 1101//1101
f 291//291 1097//1097 293//293
f 1097//1097 291//291 1100//1100
f 293//293 1098//1098 296//296
f 1098//1098 293//293 1097//1097
f 296//296 1027//1027 298//298
f 1027//1027 296//296 1098//1098
f 298//298 1029//1029 297//297
f 1029//1029 298//298 1027//1027
f 297//297 1030//1030 295//295
f 1030//1030 297//297 1029//1029
f 295//295 1032//1032 294//294
f 1032//1032 295//295 1030//1030
f 292//292 1032//1032 1033//1033
f 1032//1032 292//292 294//294
f 292//292 1034//1034 289//289
f 1034//1034 292//292 1033//1033
f 286//286 1034//1034 1035//1035
f 1034//1034 286//286 289//289
f 285//285 1035//1035 1037//1037
f 1035//1035 285//285 286//286
f 284//284 1037//1037 1038//1038
f 1037//1037 284//284 285//285
f 283//283 1038//1038 1040//1040
f 1038//1038 283//283 284//284
f 282//282 1040//1040 1041//1041
f 1040//1040 282//282 283//283
f 280//280 1041//1041 1043//1043
f 1041//1041 280//280 282//282
f 278//278 1043//1043 1047//1047
f 1043//1043 278//278 280//280
f 276//276 1047//1047 1048//1048
f 1047//1047 276//276 278//278
f 274//274 1048//1048 1049//1049
f 1048//1048 274//274 276//276
f 273//273 1049//1049 1051//1051
f 1049//1049 273//273 274//274
f 272//272 1051//1051 1053//1053
f 1051//1051 272//272 273//273
f 269//269 1053//1053 1054//1054
f 1053//1053 269//269 272//272
f 320//320 1054//1054 1057//1057
f 1054//1054 320//320 269//269
f 318//318 1057//1057 1058//1058
f 1057//1057 318//318 320//320
f 1059//1059 318//318 1058//1058
f 318//318 1059//1059 315//315
f 305//305 1082//1082 596//596
f 1082//1082 305//305 307//307
f 315//315 1060//1060 311//311
f 1060//1060 315//315 1059//1059
f 307//307 1061//1061 1082//1082
f 1061//1061 307//307 309//309
f 309//309 1060//1060 1061//1061
f 1060//1060 309//309 311//311
f 265//265 1089//1089 252//252
f 251//251 252//252 1089//1089
f 265//265 271//271 1089//1089
f 1088//1088 1089//1089 271//271
f 271//271 275//275 1088//1088
f 1087//1087 1088//1088 275//275
f 275//275 277//277 1087//1087
f 1086//1086 1087//1087 277//277
f 277//277 279//279 1086//1086
f 1085//1085 1086//1086 279//279
f 279//279 281//281 1085//1085
f 1084//1084 1085//1085 281//281
f 281//281 287//287 1084//1084
f 1083//1083 1084//1084 287//287
f 287//287 288//288 1083//1083
f 1102//1102 1083//1083 288//288
f 288//288 290//290 1102//1102
f 1101//1101 1102//1102 290//290
f 1101//1101 290//290 1100//1100
f 291//291 1100//1100 290//290
f 1100//1100 291//291 1097//1097
f 293//293 1097//1097 291//291
f 1097//1097 293//293 1098//1098
f 296//296 1098//1098 293//293
f 1098//1098 296//296 1027//1027
f 298//298 1027//1027 296//296
f 1027//1027 298//298 1029//1029
f 297//297 1029//1029 298//298
f 1029//1029 297//297 1030//1030
f 295//295 1030//1030 297//297
f 1030//1030 295//295 1032//1032
f 294//294 1032//1032 295//295
f 294//294 292//292 1032//1032
f 1033//1033 1032//1032 292//292
f 1033//1033 292//292 1034//1034
f 289//289 1034//1034 292//292
f 289//289 286//286 1034//1034
f 1035//1035 1034//1034 286//286
f 286//286 285//285 1035//1035
f 1037//1037 1035//1035 285//285
f 285//285 284//284 1037//1037
f 1038//1038 1037//1037 284//284
f 284//284 283//283 1038//1038
f 1040//1040 1038//1038 283//283
f 283//283 282//282 1040//1040
f 1041//1041 1040//1040 282//282
f 282//282 280//280 1041//1041
f 1043//1043 1041//1041 280//280
f 280//280 278//278 1043//1043
f 1047//1047 1043//1043 278//278
f 278//278 276//276 1047//1047
f 1048//1048 1047//1047 276//276
f 276//276 274//274 1048//1048
f 1049//1049 1048//1048 274//274
f 274//274 273//273 1049//1049
f 1051//1051 1049//1049 273//273
f 273//273 272//272 1051//1051
f 1053//1053 1051//1051 272//272
f 272//272 269//269 1053//1053
f 1054//1054 1053//1053 269//269
f 269//269 320//320 1054//1054
f 1057//1057 1054//1054 320//320
f 320//320 318//318 1057//1057
f 1058//1058 1057//1057 318//318
f 315//315 1059//1059 318//318
f 1058//1058 318//318 1059//1059
f 307//307 305//305 1082//1082
f 596//596 1082//1082 305//305
f 1059//1059 315//315 1060//1060
f 311//311 1060//1060 315//315
f 309//309 307//307 1061//1061
f 1082//1082 1061//1061 307//307
f 311//311 309//309 1060//1060
f 1061//1061 1060//1060 309//309
f 157//157 303//303 158//158
f 303//303 157//157 302//302
f 150//150 302//302 157//157
f 302//302 150//150 300//300
f 149//149 300//300 150//150
f 300//300 149//149 301//301
f 151//151 301//301 149//149
f 301//301 151//151 299//299
f 302//302 157//157 303//303
f 158//158 303//303 157//157
f 300//300 150//150 302//302
f 157//157 302//302 150//150
f 301//301 149//149 300//300
f 150//150 300//300 149//149
f 299//299 151//151 301//301
f 149//149 301//301 151//151
f 348//348 346//346 347//347
f 345//345 347//347 346//346
f 344//344 345//345 346//346
f 343//343 345//345 344//344
f 342//342 343//343 344//344
f 341//341 343//343 342//342
f 340//340 341//341 342//342
f 339//339 341//341 340//340
f 338//338 339//339 340//340
f 337//337 339//339 338//338
f 336//336 337//337 338//338
f 335//335 337//337 336//336
f 334//334 335//335 336//336
f 333//333 335//335 334//334
f 332//332 333//333 334//334
f 331//331 333//333 332//332
f 330//330 331//331 332//332
f 329//329 331//331 330//330
f 328//328 329//329 330//330
f 326//326 329//329 328//328
f 325//325 326//326 328//328
f 327//327 326//326 325//325
f 189//189 348//348 210//210
f 347//347 210//210 348//348
f 210//210 347//347 209//209
f 345//345 209//209 347//347
f 188//188 346//346 189//189
f 348//348 189//189 346//346
f 209//209 345//345 208//208
f 343//343 208//208 345//345
f 187//187 344//344 188//188
f 346//346 188//188 344//344
f 343//343 341//341 208//208
f 207//207 208//208 341//341
f 186//186 342//342 187//187
f 344//344 187//187 342//342
f 341//341 339//339 207//207
f 206//206 207//207 339//339
f 340//340 342//342 185//185
f 186//186 185//185 342//342
f 339//339 337//337 206//206
f 205//205 206//206 337//337
f 338//338 340//340 184//184
f 185//185 184//184 340//340
f 337//337 335//335 205//205
f 203//203 205//205 335//335
f 336//336 338//338 182//182
f 184//184 182//182 338//338
f 335//335 333//333 203//203
f 202//202 203//203 333//333
f 334//334 336//336 181//181
f 182//182 181//181 336//336
f 333//333 331//331 202//202
f 201//201 202//202 331//331
f 332//332 334//334 180//180
f 181//181 180//180 334//334
f 329//329 200//200 331//331
f 201//201 331//331 200//200
f 330//330 332//332 179//179
f 180//180 179//179 332//332
f 326//326 199//199 329//329
f 200//200 329//329 199//199
f 330//330 179//179 328//328
f 177//177 328//328 179//179
f 327//327 176//176 326//326
f 199//199 326//326 176//176
f 328//328 177//177 325//325
f 175//175 325//325 177//177
f 325//325 175//175 327//327
f 176//176 327//327 175//175
f 372//372 370//370 371//371
f 369//369 371//371 370//370
f 368//368 369//369 370//370
f 367//367 369//369 368//368
f 366//366 367//367 368//368
f 365//365 367//367 366//366
f 364//364 365//365 366//366
f 363//363 365//365 364//364
f 362//362 363//363 364//364
f 361//361 363//363 362//362
f 360//360 361//361 362//362
f 359//359 361//361 360//360
f 358//358 359//359 360//360
f 357//357 359//359 358//358
f 356//356 357//357 358//358
f 355//355 357//357 356//356
f 354//354 355//355 356//356
f 353//353 355//355 354//354
f 352//352 353//353 354//354
f 350//350 353//353 352//352
f 349//349 350//350 352//352
f 351//351 350//350 349//349
f 361//361 359//359 317//317
f 316//316 317//317 359//359
f 359//359 357//357 316//316
f 314//314 316//316 357//357
f 363//363 361//361 319//319
f 317//317 319//319 361//361
f 357//357 355//355 314//314
f 313//313 314//314 355//355
f 365//365 363//363 321//321
f 319//319 321//321 363//363
f 353//353 312//312 355//355
f 313//313 355//355 312//312
f 367//367 365//365 322//322
f 321//321 322//322 365//365
f 350//350 310//310 353//353
f 312//312 353//353 310//310
f 323//323 369//369 322//322
f 367//367 322//322 369//369
f 351//351 257//257 350//350
f 310//310 350//350 257//257
f 324//324 371//371 323//323
f 369//369 323//323 371//371
f 349//349 256//256 351//351
f 257//257 351//351 256//256
f 270//270 372//372 324//324
f 371//371 324//324 372//372
f 352//352 258//258 349//349
f 256//256 349//349 258//258
f 268//268 370//370 270//270
f 372//372 270//270 370//370
f 354//354 259//259 352//352
f 258//258 352//352 259//259
f 267//267 368//368 268//268
f 370//370 268//268 368//368
f 354//354 356//356 259//259
f 260//260 259//259 356//356
f 266//266 366//366 267//267
f 368//368 267//267 366//366
f 356//356 358//358 260//260
f 261//261 260//260 358//358
f 364//364 366//366 264//264
f 266//266 264//264 366//366
f 358//358 360//360 261//261
f 262//262 261//261 360//360
f 362//362 364//364 263//263
f 264//264 263//263 364//364
f 360//360 362//362 262//262
f 263//263 262//262 362//362
f 394//394 434//434 395//395
f 433//433 395//395 434//434
f 432//432 395//395 433//433
f 426//426 395//395 432//432
f 431//431 426//426 432//432
f 430//430 426//426 431//431
f 429//429 426//426 430//430
f 428//428 426//426 429//429
f 427//427 426//426 428//428
f 425//425 426//426 427//427
f 378//378 426//426 425//425
f 424//424 378//378 425//425
f 423//423 378//378 424//424
f 379//379 378//378 423//423
f 374//374 375//375 421//421
f 420//420 421//421 375//375
f 422//422 421//421 420//420
f 419//419 418//418 416//416
f 417//417 416//416 418//418
f 414//414 416//416 417//417
f 415//415 416//416 414//414
f 413//413 415//415 414//414
f 411//411 413//413 414//414
f 412//412 413//413 411//411
f 410//410 412//412 411//411
f 409//409 410//410 411//411
f 407//407 410//410 409//409
f 408//408 407//407 409//409
f 406//406 407//407 408//408
f 404//404 407//407 406//406
f 405//405 404//404 406//406
f 403//403 404//404 405//405
f 402//402 404//404 403//403
f 400//400 402//402 403//403
f 401//401 402//402 400//400
f 399//399 401//401 400//400
f 397//397 399//399 400//400
f 398//398 399//399 397//397
f 396//396 398//398 397//397
f 393//393 396//396 397//397
f 395//395 396//396 393//393
f 394//394 395//395 393//393
f 392//392 394//394 393//393
f 389//389 392//392 393//393
f 391//391 392//392 389//389
f 390//390 391//391 389//389
f 388//388 390//390 389//389
f 383//383 388//388 389//389
f 387//387 388//388 383//383
f 386//386 387//387 383//383
f 385//385 386//386 383//383
f 384//384 385//385 383//383
f 382//382 384//384 383//383
f 377//377 382//382 383//383
f 381//381 382//382 377//377
f 380//380 381//381 377//377
f 379//379 380//380 377//377
f 378//378 379//379 377//377
f 376//376 378//378 377//377
f 373//373 376//376 377//377
f 374//374 376//376 373//373
f 375//375 374//374 373//373
f 376//376 1071//1071 629//629
f 1071//1071 376//376 378//378
f 378//378 1070//1070 1071//1071
f 1070//1070 378//378 426//426
f 426//426 1069//1069 1070//1070
f 1069//1069 426//426 395//395
f 395//395 1068//1068 1069//1069
f 1068//1068 395//395 396//396
f 396//396 1067//1067 1068//1068
f 1067//1067 396//396 398//398
f 398//398 1066//1066 1067//1067
f 1066//1066 398//398 399//399
f 399//399 1065//1065 1066//1066
f 1065//1065 399//399 401//401
f 401//401 1064//1064 1065//1065
f 1064//1064 401//401 402//402
f 402//402 1063//1063 1064//1064
f 1063//1063 402//402 404//404
f 404//404 1062//1062 1063//1063
f 1062//1062 404//404 407//407
f 407//407 1025//1025 1062//1062
f 1025//1025 407//407 410//410
f 410//410 1024//1024 1025//1025
f 1024//1024 410//410 412//412
f 412//412 1023//1023 1024//1024
f 1023//1023 412//412 413//413
f 415//415 1023//1023 413//413
f 1023//1023 415//415 1022//1022
f 416//416 1022//1022 415//415
f 1022//1022 416//416 1021//1021
f 419//419 1021//1021 416//416
f 1021//1021 419//419 1020//1020
f 418//418 1020//1020 419//419
f 1020//1020 418//418 1099//1099
f 417//417 1099//1099 418//418
f 1099//1099 417//417 1026//1026
f 414//414 1026//1026 417//417
f 1026//1026 414//414 1028//1028
f 414//414 1031//1031 1028//1028
f 1031//1031 414//414 411//411
f 411//411 1036//1036 1031//1031
f 1036//1036 411//411 409//409
f 409//409 1039//1039 1036//1036
f 1039//1039 409//409 408//408
f 408//408 1042//1042 1039//1039
f 1042//1042 408//408 406//406
f 406//406 1044//1044 1042//1042
f 1044//1044 406//406 405//405
f 405//405 1045//1045 1044//1044
f 1045//1045 405//405 403//403
f 403//403 1046//1046 1045//1045
f 1046//1046 403//403 400//400
f 400//400 1050//1050 1046//1046
f 1050//1050 400//400 397//397
f 397//397 1052//1052 1050//1050
f 1052//1052 397//397 393//393
f 393//393 1055//1055 1052//1052
f 1055//1055 393//393 389//389
f 389//389 1056//1056 1055//1055
f 1056//1056 389//389 383//383
f 383//383 606//606 1056//1056
f 606//606 383//383 377//377
f 378//378 376//376 1071//1071
f 629//629 1071//1071 376//376
f 426//426 378//378 1070//1070
f 1071//1071 1070//1070 378//378
f 395//395 426//426 1069//1069
f 1070//1070 1069//1069 426//426
f 396//396 395//395 1068//1068
f 1069//1069 1068//1068 395//395
f 398//398 396//396 1067//1067
f 1068//1068 1067//1067 396//396
f 399//399 398//398 1066//1066
f 1067//1067 1066//1066 398//398
f 401//401 399//399 1065//1065
f 1066//1066 1065//1065 399//399
f 402//402 401//401 1064//1064
f 1065//1065 1064//1064 401//401
f 404//404 402//402 1063//1063
f 1064//1064 1063//1063 402//402
f 407//407 404//404 1062//1062
f 1063//1063 1062//1062 404//404
f 410//410 407//407 1025//1025
f 1062//1062 1025//1025 407//407
f 412//412 410//410 1024//1024
f 1025//1025 1024//1024 410//410
f 413//413 412//412 1023//1023
f 1024//1024 1023//1023 412//412
f 1022//1022 415//415 1023//1023
f 413//413 1023//1023 415//415
f 1021//1021 416//416 1022//1022
f 415//415 1022//1022 416//416
f 1020//1020 419//419 1021//1021
f 416//416 1021//1021 419//419
f 1099//1099 418//418 1020//1020
f 419//419 1020//1020 418//418
f 1026//1026 417//417 1099//1099
f 418//418 1099//1099 417//417
f 1028//1028 414//414 1026//1026
f 417//417 1026//1026 414//414
f 411//411 414//414 1031//1031
f 1028//1028 1031//1031 414//414
f 409//409 411//411 1036//1036
f 1031//1031 1036//1036 411//411
f 408//408 409//409 1039//1039
f 1036//1036 1039//1039 409//409
f 406//406 408//408 1042//1042
f 1039//1039 1042//1042 408//408
f 405//405 406//406 1044//1044
f 1042//1042 1044//1044 406//406
f 403//403 405//405 1045//1045
f 1044//1044 1045//1045 405//405
f 400//400 403//403 1046//1046
f 1045//1045 1046//1046 403//403
f 397//397 400//400 1050//1050
f 1046//1046 1050//1050 400//400
f 393//393 397//397 1052//1052
f 1050//1050 1052//1052 397//397
f 389//389 393//393 1055//1055
f 1052//1052 1055//1055 393//393
f 383//383 389//389 1056//1056
f 1055//1055 1056//1056 389//389
f 377//377 383//383 606//606
f 1056//1056 606//606 383//383
f 438//438 435//435 436//436
f 437//437 436//436 435//435
f 440//440 438//438 439//439
f 436//436 439//439 438//438
f 442//442 441//441 439//439
f 440//440 439//439 441//441
f 456//456 455//455 454//454
f 451//451 454//454 455//455
f 452//452 454//454 451//451
f 453//453 452//452 448//448
f 451//451 448//448 452//452
f 450//450 448//448 451//451
f 449//449 448//448 450//450
f 443//443 448//448 449//449
f 439//439 448//448 443//443
f 447//447 448//448 439//439
f 436//436 447//447 439//439
f 446//446 447//447 436//436
f 437//437 446//446 436//436
f 445//445 444//444 443//443
f 442//442 443//443 444//444
f 439//439 443//443 442//442
f 472//472 499//499 473//473
f 497//497 473//473 499//499
f 498//498 497//497 499//499
f 496//496 497//497 498//498
f 488//488 497//497 496//496
f 495//495 488//488 496//496
f 494//494 488//488 495//495
f 493//493 488//488 494//494
f 492//492 488//488 493//493
f 491//491 488//488 492//492
f 490//490 488//488 491//491
f 489//489 488//488 490//490
f 487//487 488//488 489//489
f 486//486 488//488 487//487
f 459//459 486//486 487//487
f 457//457 486//486 459//459
f 484//484 486//486 457//457
f 485//485 486//486 484//484
f 483//483 485//485 484//484
f 482//482 483//483 484//484
f 481//481 483//483 482//482
f 480//480 481//481 482//482
f 479//479 481//481 480//480
f 476//476 479//479 480//480
f 477//477 479//479 476//476
f 478//478 477//477 476//476
f 440//440 441//441 438//438
f 475//475 438//438 441//441
f 474//474 438//438 475//475
f 471//471 438//438 474//474
f 435//435 438//438 471//471
f 473//473 435//435 471//471
f 472//472 473//473 471//471
f 470//470 472//472 471//471
f 465//465 470//470 471//471
f 469//469 470//470 465//465
f 468//468 469//469 465//465
f 467//467 468//468 465//465
f 466//466 467//467 465//465
f 464//464 466//466 465//465
f 457//457 464//464 465//465
f 463//463 464//464 457//457
f 462//462 463//463 457//457
f 461//461 462//462 457//457
f 460//460 461//461 457//457
f 458//458 460//460 457//457
f 459//459 458//458 457//457
f 444//444 475//475 442//442
f 441//441 442//442 475//475
f 445//445 474//474 444//444
f 475//475 444//444 474//474
f 607//607 512//512 606//606
f 511//511 606//606 512//512
f 377//377 606//606 511//511
f 608//608 510//510 607//607
f 512//512 607//607 510//510
f 511//511 508//508 377//377
f 373//373 377//377 508//508
f 509//509 510//510 609//609
f 608//608 609//609 510//510
f 507//507 451//451 508//508
f 455//455 508//508 451//451
f 373//373 508//508 455//455
f 506//506 509//509 610//610
f 609//609 610//610 509//509
f 507//507 505//505 451//451
f 450//450 451//451 505//505
f 500//500 506//506 611//611
f 610//610 611//611 506//506
f 505//505 504//504 450//450
f 449//449 450//450 504//504
f 502//502 500//500 471//471
f 611//611 471//471 500//500
f 612//612 471//471 611//611
f 504//504 503//503 449//449
f 443//443 449//449 503//503
f 501//501 502//502 474//474
f 471//471 474//474 502//502
f 503//503 501//501 443//443
f 474//474 443//443 501//501
f 445//445 443//443 474//474
f 522//522 520//520 613//613
f 614//614 613//613 520//520
f 524//524 522//522 615//615
f 613//613 615//615 522//522
f 520//520 519//519 614//614
f 616//616 614//614 519//519
f 526//526 524//524 617//617
f 615//615 617//617 524//524
f 519//519 517//517 616//616
f 618//618 616//616 517//517
f 527//527 526//526 619//619
f 617//617 619//619 526//526
f 517//517 516//516 618//618
f 620//620 618//618 516//516
f 528//528 527//527 621//621
f 619//619 621//621 527//527
f 514//514 622//622 516//516
f 620//620 516//516 622//622
f 530//530 528//528 623//623
f 621//621 623//623 528//528
f 515//515 624//624 514//514
f 622//622 514//514 624//624
f 531//531 530//530 625//625
f 623//623 625//625 530//530
f 513//513 473//473 515//515
f 626//626 515//515 473//473
f 624//624 515//515 626//626
f 627//627 532//532 625//625
f 531//531 625//625 532//532
f 513//513 518//518 473//473
f 435//435 473//473 518//518
f 534//534 532//532 628//628
f 627//627 628//628 532//532
f 518//518 521//521 435//435
f 446//446 435//435 521//521
f 437//437 435//435 446//446
f 629//629 376//376 628//628
f 535//535 628//628 376//376
f 534//534 628//628 535//535
f 521//521 523//523 446//446
f 447//447 446//446 523//523
f 533//533 535//535 374//374
f 376//376 374//374 535//535
f 523//523 525//525 447//447
f 448//448 447//447 525//525
f 529//529 533//533 421//421
f 374//374 421//421 533//533
f 525//525 529//529 448//448
f 421//421 448//448 529//529
f 453//453 448//448 421//421
f 452//452 421//421 453//453
f 421//421 452//452 422//422
f 454//454 422//422 452//452
f 422//422 454//454 420//420
f 456//456 420//420 454//454
f 420//420 456//456 375//375
f 455//455 375//375 456//456
f 375//375 455//455 373//373
f 422//422 452//452 421//421
f 453//453 421//421 452//452
f 420//420 454//454 422//422
f 452//452 422//422 454//454
f 375//375 456//456 420//420
f 454//454 420//420 456//456
f 373//373 455//455 375//375
f 456//456 375//375 455//455
f 512//512 510//510 511//511
f 508//508 511//511 510//510
f 509//509 508//508 510//510
f 506//506 508//508 509//509
f 507//507 508//508 506//506
f 505//505 507//507 506//506
f 500//500 505//505 506//506
f 504//504 505//505 500//500
f 503//503 504//504 500//500
f 501//501 503//503 500//500
f 502//502 501//501 500//500
f 535//535 533//533 534//534
f 532//532 534//534 533//533
f 529//529 532//532 533//533
f 531//531 532//532 529//529
f 530//530 531//531 529//529
f 528//528 530//530 529//529
f 525//525 528//528 529//529
f 527//527 528//528 525//525
f 526//526 527//527 525//525
f 524//524 526//526 525//525
f 523//523 524//524 525//525
f 522//522 524//524 523//523
f 521//521 522//522 523//523
f 520//520 522//522 521//521
f 518//518 520//520 521//521
f 519//519 520//520 518//518
f 517//517 519//519 518//518
f 513//513 517//517 518//518
f 516//516 517//517 513//513
f 514//514 516//516 513//513
f 515//515 514//514 513//513
f 471//471 1073//1073 612//612
f 1073//1073 471//471 465//465
f 465//465 1075//1075 1073//1073
f 1075//1075 465//465 457//457
f 457//457 1078//1078 1075//1075
f 1078//1078 457//457 484//484
f 484//484 1079//1079 1078//1078
f 1079//1079 484//484 482//482
f 482//482 1081//1081 1079//1079
f 1081//1081 482//482 480//480
f 480//480 1072//1072 1081//1081
f 1072//1072 480//480 476//476
f 476//476 633//633 1072//1072
f 633//633 476//476 478//478
f 465//465 471//471 1073//1073
f 612//612 1073//1073 471//471
f 457//457 465//465 1075//1075
f 1073//1073 1075//1075 465//465
f 484//484 457//457 1078//1078
f 1075//1075 1078//1078 457//457
f 482//482 484//484 1079//1079
f 1078//1078 1079//1079 484//484
f 480//480 482//482 1081//1081
f 1079//1079 1081//1081 482//482
f 476//476 480//480 1072//1072
f 1081//1081 1072//1072 480//480
f 478//478 476//476 633//633
f 1072//1072 633//633 476//476
f 559//559 557//557 558//558
f 556//556 558//558 557//557
f 555//555 556//556 557//557
f 554//554 556//556 555//555
f 553//553 554//554 555//555
f 552//552 554//554 553//553
f 551//551 552//552 553//553
f 550//550 552//552 551//551
f 549//549 550//550 551//551
f 548//548 550//550 549//549
f 547//547 548//548 549//549
f 546//546 548//548 547//547
f 545//545 546//546 547//547
f 544//544 546//546 545//545
f 543//543 544//544 545//545
f 542//542 544//544 543//543
f 541//541 542//542 543//543
f 540//540 542//542 541//541
f 539//539 540//540 541//541
f 537//537 540//540 539//539
f 536//536 537//537 539//539
f 538//538 537//537 536//536
f 552//552 550//550 495//495
f 494//494 495//495 550//550
f 550//550 548//548 494//494
f 493//493 494//494 548//548
f 554//554 552//552 496//496
f 495//495 496//496 552//552
f 548//548 546//546 493//493
f 492//492 493//493 546//546
f 498//498 556//556 496//496
f 554//554 496//496 556//556
f 546//546 544//544 492//492
f 491//491 492//492 544//544
f 499//499 558//558 498//498
f 556//556 498//498 558//558
f 544//544 542//542 491//491
f 490//490 491//491 542//542
f 472//472 559//559 499//499
f 558//558 499//499 559//559
f 540//540 489//489 542//542
f 490//490 542//542 489//489
f 470//470 557//557 472//472
f 559//559 472//472 557//557
f 537//537 487//487 540//540
f 489//489 540//540 487//487
f 469//469 555//555 470//470
f 557//557 470//470 555//555
f 538//538 459//459 537//537
f 487//487 537//537 459//459
f 468//468 553//553 469//469
f 555//555 469//469 553//553
f 536//536 458//458 538//538
f 459//459 538//538 458//458
f 551//551 553//553 467//467
f 468//468 467//467 553//553
f 539//539 460//460 536//536
f 458//458 536//536 460//460
f 549//549 551//551 466//466
f 467//467 466//466 551//551
f 541//541 461//461 539//539
f 460//460 539//539 461//461
f 547//547 549//549 464//464
f 466//466 464//464 549//549
f 541//541 543//543 461//461
f 462//462 461//461 543//543
f 545//545 547//547 463//463
f 464//464 463//463 547//547
f 543//543 545//545 462//462
f 463//463 462//462 545//545
f 583//583 581//581 582//582
f 580//580 582//582 581//581
f 579//579 580//580 581//581
f 578//578 580//580 579//579
f 577//577 578//578 579//579
f 576//576 578//578 577//577
f 575//575 576//576 577//577
f 574//574 576//576 575//575
f 573//573 574//574 575//575
f 572//572 574//574 573//573
f 571//571 572//572 573//573
f 570//570 572//572 571//571
f 569//569 570//570 571//571
f 568//568 570//570 569//569
f 567//567 568//568 569//569
f 566//566 568//568 567//567
f 565//565 566//566 567//567
f 564//564 566//566 565//565
f 563//563 564//564 565//565
f 561//561 564//564 563//563
f 560//560 561//561 563//563
f 562//562 561//561 560//560
f 394//394 583//583 434//434
f 582//582 434//434 583//583
f 434//434 582//582 433//433
f 580//580 433//433 582//582
f 392//392 581//581 394//394
f 583//583 394//394 581//581
f 433//433 580//580 432//432
f 578//578 432//432 580//580
f 391//391 579//579 392//392
f 581//581 392//392 579//579
f 578//578 576//576 432//432
f 431//431 432//432 576//576
f 390//390 577//577 391//391
f 579//579 391//391 577//577
f 576//576 574//574 431//431
f 430//430 431//431 574//574
f 575//575 577//577 388//388
f 390//390 388//388 577//577
f 574//574 572//572 430//430
f 429//429 430//430 572//572
f 573//573 575//575 387//387
f 388//388 387//387 575//575
f 572//572 570//570 429//429
f 428//428 429//429 570//570
f 571//571 573//573 386//386
f 387//387 386//386 573//573
f 570//570 568//568 428//428
f 427//427 428//428 568//568
f 569//569 571//571 385//385
f 386//386 385//385 571//571
f 568//568 566//566 427//427
f 425//425 427//427 566//566
f 567//567 569//569 384//384
f 385//385 384//384 569//569
f 564//564 424//424 566//566
f 425//425 566//566 424//424
f 565//565 567//567 382//382
f 384//384 382//382 567//567
f 561//561 423//423 564//564
f 424//424 564//564 423//423
f 565//565 382//382 563//563
f 381//381 563//563 382//382
f 562//562 379//379 561//561
f 423//423 561//561 379//379
f 563//563 381//381 560//560
f 380//380 560//560 381//381
f 560//560 380//380 562//562
f 379//379 562//562 380//380
f 631//631 191//191 632//632
f 630//630 191//191 631//631
f 191//191 630//630 192//192
f 635//635 477//477 636//636
f 634//634 477//477 635//635
f 633//633 477//477 634//634
f 477//477 633//633 478//478
f 638//638 40//40 639//639
f 637//637 40//40 638//638
f 40//40 637//637 39//39
f 640//640 39//39 637//637
f 39//39 640//640 38//38
f 641//641 38//38 640//640
f 38//38 641//641 36//36
f 642//642 36//36 641//641
f 36//36 642//642 37//37
f 584//584 642//642 643//643
f 642//642 584//584 37//37
f 644//644 584//584 643//643
f 584//584 644//644 585//585
f 645//645 585//585 644//644
f 585//585 645//645 25//25
f 646//646 25//25 645//645
f 25//25 646//646 22//22
f 20//20 646//646 647//647
f 646//646 20//20 22//22
f 648//648 20//20 647//647
f 20//20 648//648 18//18
f 649//649 18//18 648//648
f 18//18 649//649 17//17
f 650//650 17//17 649//649
f 17//17 650//650 15//15
f 651//651 15//15 650//650
f 15//15 651//651 16//16
f 652//652 16//16 651//651
f 16//16 652//652 14//14
f 653//653 14//14 652//652
f 14//14 653//653 19//19
f 21//21 653//653 654//654
f 653//653 21//21 19//19
f 23//23 654//654 655//655
f 654//654 23//23 21//21
f 656//656 23//23 655//655
f 23//23 656//656 24//24
f 26//26 656//656 657//657
f 656//656 26//26 24//24
f 658//658 26//26 657//657
f 26//26 658//658 27//27
f 586//586 658//658 659//659
f 28//28 658//658 586//586
f 658//658 28//28 27//27
f 32//32 659//659 660//660
f 659//659 32//32 586//586
f 661//661 32//32 660//660
f 32//32 661//661 31//31
f 662//662 31//31 661//661
f 31//31 662//662 29//29
f 663//663 29//29 662//662
f 29//29 663//663 30//30
f 34//34 663//663 664//664
f 663//663 34//34 30//30
f 42//42 664//664 665//665
f 664//664 42//42 34//34
f 666//666 665//665 667//667
f 43//43 665//665 666//666
f 665//665 43//43 42//42
f 669//669 668//668 670//670
f 90//90 668//668 669//669
f 668//668 90//90 92//92
f 89//89 669//669 671//671
f 669//669 89//89 90//90
f 103//103 671//671 672//672
f 671//671 103//103 89//89
f 672//672 104//104 103//103
f 673//673 104//104 672//672
f 104//104 673//673 10//10
f 674//674 10//10 673//673
f 10//10 674//674 5//5
f 675//675 5//5 674//674
f 5//5 675//675 13//13
f 676//676 13//13 675//675
f 13//13 676//676 2//2
f 677//677 2//2 676//676
f 2//2 677//677 3//3
f 678//678 3//3 677//677
f 3//3 678//678 1//1
f 679//679 1//1 678//678
f 1//1 679//679 4//4
f 680//680 4//4 679//679
f 4//4 680//680 6//6
f 681//681 6//6 680//680
f 6//6 681//681 7//7
f 8//8 681//681 682//682
f 681//681 8//8 7//7
f 9//9 682//682 683//683
f 682//682 9//9 8//8
f 9//9 684//684 11//11
f 684//684 9//9 683//683
f 12//12 684//684 685//685
f 684//684 12//12 11//11
f 686//686 12//12 685//685
f 12//12 686//686 76//76
f 687//687 76//76 686//686
f 76//76 687//687 77//77
f 688//688 77//77 687//687
f 77//77 688//688 75//75
f 689//689 75//75 688//688
f 75//75 689//689 79//79
f 690//690 79//79 689//689
f 79//79 690//690 80//80
f 83//83 690//690 691//691
f 690//690 83//83 80//80
f 692//692 691//691 693//693
f 86//86 691//691 692//692
f 691//691 86//86 83//83
f 695//695 696//696 697//697
f 696//696 695//695 694//694
f 700//700 195//195 701//701
f 699//699 195//195 700//700
f 698//698 195//195 699//699
f 632//632 195//195 698//698
f 195//195 632//632 191//191
f 703//703 698//698 699//699
f 698//698 703//703 702//702
f 497//497 626//626 704//704
f 626//626 497//497 473//473
f 488//488 704//704 705//705
f 704//704 488//488 497//497
f 486//486 705//705 706//706
f 705//705 486//486 488//488
f 485//485 706//706 707//707
f 706//706 485//485 486//486
f 483//483 707//707 708//708
f 707//707 483//483 485//485
f 481//481 708//708 709//709
f 708//708 481//481 483//483
f 479//479 709//709 710//710
f 709//709 479//479 481//481
f 477//477 710//710 636//636
f 710//710 477//477 479//479
f 697//697 711//711 712//712
f 696//696 711//711 697//697
f 635//635 711//711 696//696
f 711//711 635//635 636//636
f 712//712 713//713 714//714
f 713//713 712//712 711//711
f 714//714 715//715 716//716
f 715//715 714//714 713//713
f 716//716 717//717 718//718
f 717//717 716//716 715//715
f 718//718 719//719 720//720
f 719//719 718//718 717//717
f 720//720 721//721 722//722
f 721//721 720//720 719//719
f 722//722 723//723 724//724
f 723//723 722//722 721//721
f 724//724 725//725 726//726
f 725//725 724//724 723//723
f 726//726 727//727 728//728
f 727//727 726//726 725//725
f 728//728 729//729 730//730
f 729//729 728//728 727//727
f 730//730 731//731 732//732
f 731//731 730//730 729//729
f 732//732 733//733 734//734
f 733//733 732//732 731//731
f 734//734 692//692 693//693
f 692//692 734//734 733//733
f 86//86 735//735 88//88
f 735//735 86//86 692//692
f 91//91 735//735 736//736
f 735//735 91//91 88//88
f 93//93 736//736 737//737
f 736//736 93//93 91//91
f 94//94 737//737 738//738
f 737//737 94//94 93//93
f 96//96 738//738 739//739
f 738//738 96//96 94//94
f 96//96 740//740 97//97
f 740//740 96//96 739//739
f 98//98 740//740 741//741
f 740//740 98//98 97//97
f 101//101 741//741 742//742
f 741//741 101//101 98//98
f 108//108 743//743 744//744
f 743//743 108//108 100//100
f 109//109 744//744 745//745
f 744//744 109//109 108//108
f 111//111 745//745 746//746
f 745//745 111//111 109//109
f 113//113 746//746 747//747
f 746//746 113//113 111//111
f 115//115 747//747 748//748
f 747//747 115//115 113//113
f 119//119 748//748 749//749
f 748//748 119//119 115//115
f 120//120 749//749 750//750
f 749//749 120//120 119//119
f 120//120 751//751 122//122
f 751//751 120//120 750//750
f 122//122 752//752 124//124
f 752//752 122//122 751//751
f 124//124 753//753 123//123
f 753//753 124//124 752//752
f 123//123 754//754 121//121
f 754//754 123//123 753//753
f 118//118 754//754 755//755
f 754//754 118//118 121//121
f 117//117 755//755 756//756
f 755//755 117//117 118//118
f 116//116 756//756 757//757
f 756//756 116//116 117//117
f 114//114 757//757 758//758
f 757//757 114//114 116//116
f 112//112 758//758 759//759
f 758//758 112//112 114//114
f 110//110 759//759 760//760
f 759//759 110//110 112//112
f 99//99 760//760 761//761
f 760//760 99//99 110//110
f 95//95 761//761 762//762
f 761//761 95//95 99//99
f 92//92 762//762 668//668
f 762//762 92//92 95//95
f 670//670 763//763 764//764
f 763//763 670//670 668//668
f 764//764 765//765 766//766
f 765//765 764//764 763//763
f 766//766 767//767 768//768
f 767//767 766//766 765//765
f 768//768 769//769 770//770
f 769//769 768//768 767//767
f 770//770 771//771 772//772
f 771//771 770//770 769//769
f 772//772 773//773 774//774
f 773//773 772//772 771//771
f 774//774 775//775 776//776
f 775//775 774//774 773//773
f 776//776 777//777 778//778
f 777//777 776//776 775//775
f 778//778 779//779 780//780
f 779//779 778//778 777//777
f 780//780 781//781 782//782
f 781//781 780//780 779//779
f 781//781 784//784 782//782
f 784//784 781//781 783//783
f 783//783 786//786 784//784
f 786//786 783//783 785//785
f 785//785 788//788 786//786
f 788//788 785//785 787//787
f 787//787 790//790 788//788
f 790//790 787//787 789//789
f 789//789 792//792 790//790
f 792//792 789//789 791//791
f 791//791 794//794 792//792
f 794//794 791//791 793//793
f 793//793 796//796 794//794
f 796//796 793//793 795//795
f 795//795 798//798 796//796
f 798//798 795//795 797//797
f 797//797 800//800 798//798
f 800//800 797//797 799//799
f 799//799 802//802 800//800
f 802//802 799//799 801//801
f 801//801 804//804 802//802
f 804//804 801//801 803//803
f 803//803 806//806 804//804
f 806//806 803//803 805//805
f 805//805 808//808 806//806
f 808//808 805//805 807//807
f 807//807 810//810 808//808
f 810//810 807//807 809//809
f 809//809 812//812 810//810
f 812//812 809//809 811//811
f 811//811 814//814 812//812
f 814//814 811//811 813//813
f 813//813 816//816 814//814
f 816//816 813//813 815//815
f 815//815 818//818 816//816
f 818//818 815//815 817//817
f 817//817 820//820 818//818
f 820//820 817//817 819//819
f 819//819 822//822 820//820
f 822//822 819//819 821//821
f 821//821 824//824 822//822
f 824//824 821//821 823//823
f 823//823 826//826 824//824
f 826//826 823//823 825//825
f 825//825 828//828 826//826
f 828//828 825//825 827//827
f 827//827 830//830 828//828
f 830//830 827//827 829//829
f 829//829 832//832 830//830
f 832//832 829//829 831//831
f 831//831 834//834 832//832
f 834//834 831//831 833//833
f 833//833 836//836 834//834
f 836//836 833//833 835//835
f 835//835 838//838 836//836
f 838//838 835//835 837//837
f 837//837 840//840 838//838
f 840//840 837//837 839//839
f 839//839 842//842 840//840
f 842//842 839//839 841//841
f 841//841 844//844 842//842
f 844//844 841//841 843//843
f 843//843 846//846 844//844
f 846//846 843//843 845//845
f 845//845 848//848 846//846
f 848//848 845//845 847//847
f 847//847 850//850 848//848
f 850//850 847//847 849//849
f 849//849 852//852 850//850
f 852//852 849//849 851//851
f 851//851 854//854 852//852
f 854//854 851//851 853//853
f 853//853 856//856 854//854
f 856//856 853//853 855//855
f 855//855 858//858 856//856
f 858//858 855//855 857//857
f 857//857 860//860 858//858
f 860//860 857//857 859//859
f 859//859 862//862 860//860
f 862//862 859//859 861//861
f 861//861 864//864 862//862
f 864//864 861//861 863//863
f 863//863 866//866 864//864
f 866//866 863//863 865//865
f 865//865 868//868 866//866
f 868//868 865//865 867//867
f 867//867 870//870 868//868
f 870//870 867//867 869//869
f 869//869 872//872 870//870
f 872//872 869//869 871//871
f 871//871 874//874 872//872
f 874//874 871//871 873//873
f 873//873 876//876 874//874
f 876//876 873//873 875//875
f 875//875 878//878 876//876
f 878//878 875//875 877//877
f 877//877 880//880 878//878
f 880//880 877//877 879//879
f 879//879 882//882 880//880
f 882//882 879//879 881//881
f 881//881 884//884 882//882
f 884//884 881//881 883//883
f 883//883 886//886 884//884
f 886//886 883//883 885//885
f 888//888 886//886 885//885
f 886//886 888//888 887//887
f 890//890 887//887 888//888
f 887//887 890//890 889//889
f 892//892 889//889 890//890
f 889//889 892//892 891//891
f 894//894 891//891 892//892
f 891//891 894//894 893//893
f 896//896 893//893 894//894
f 893//893 896//896 895//895
f 898//898 895//895 896//896
f 895//895 898//898 897//897
f 900//900 901//901 902//902
f 901//901 900//900 899//899
f 904//904 899//899 900//900
f 899//899 904//904 903//903
f 906//906 903//903 904//904
f 903//903 906//906 905//905
f 908//908 905//905 906//906
f 905//905 908//908 907//907
f 910//910 907//907 908//908
f 907//907 910//910 909//909
f 910//910 912//912 909//909
f 912//912 910//910 911//911
f 911//911 914//914 912//912
f 914//914 911//911 913//913
f 913//913 916//916 914//914
f 916//916 913//913 915//915
f 915//915 918//918 916//916
f 918//918 915//915 917//917
f 917//917 920//920 918//918
f 920//920 917//917 919//919
f 919//919 922//922 920//920
f 922//922 919//919 921//921
f 921//921 924//924 922//922
f 924//924 921//921 923//923
f 923//923 926//926 924//924
f 926//926 923//923 925//925
f 925//925 928//928 926//926
f 928//928 925//925 927//927
f 927//927 930//930 928//928
f 930//930 927//927 929//929
f 929//929 932//932 930//930
f 932//932 929//929 931//931
f 931//931 934//934 932//932
f 934//934 931//931 933//933
f 933//933 936//936 934//934
f 936//936 933//933 935//935
f 935//935 938//938 936//936
f 938//938 935//935 937//937
f 937//937 940//940 938//938
f 940//940 937//937 939//939
f 939//939 942//942 940//940
f 942//942 939//939 941//941
f 941//941 944//944 942//942
f 944//944 941//941 943//943
f 943//943 946//946 944//944
f 946//946 943//943 945//945
f 945//945 948//948 946//946
f 948//948 945//945 947//947
f 947//947 950//950 948//948
f 950//950 947//947 949//949
f 949//949 952//952 950//950
f 952//952 949//949 951//951
f 951//951 954//954 952//952
f 954//954 951//951 953//953
f 953//953 956//956 954//954
f 956//956 953//953 955//955
f 955//955 958//958 956//956
f 958//958 955//955 957//957
f 957//957 960//960 958//958
f 960//960 957//957 959//959
f 959//959 962//962 960//960
f 962//962 959//959 961//961
f 962//962 963//963 964//964
f 963//963 962//962 961//961
f 964//964 965//965 966//966
f 965//965 964//964 963//963
f 966//966 967//967 968//968
f 967//967 966//966 965//965
f 968//968 969//969 970//970
f 969//969 968//968 967//967
f 970//970 971//971 972//972
f 971//971 970//970 969//969
f 972//972 666//666 667//667
f 666//666 972//972 971//971
f 43//43 973//973 45//45
f 973//973 43//43 666//666
f 45//45 974//974 46//46
f 974//974 45//45 973//973
f 47//47 974//974 975//975
f 974//974 47//47 46//46
f 48//48 975//975 976//976
f 975//975 48//48 47//47
f 50//50 976//976 977//977
f 976//976 50//50 48//48
f 51//51 977//977 978//978
f 977//977 51//51 50//50
f 52//52 978//978 979//979
f 978//978 52//52 51//51
f 54//54 979//979 980//980
f 979//979 54//54 52//52
f 55//55 980//980 981//981
f 980//980 55//55 54//54
f 57//57 981//981 982//982
f 981//981 57//57 55//55
f 60//60 982//982 983//983
f 982//982 60//60 57//57
f 63//63 983//983 984//984
f 983//983 63//63 60//60
f 67//67 984//984 985//985
f 984//984 67//67 63//63
f 69//69 985//985 986//986
f 985//985 69//69 67//67
f 69//69 987//987 70//70
f 987//987 69//69 986//986
f 70//70 988//988 71//71
f 988//988 70//70 987//987
f 71//71 989//989 74//74
f 989//989 71//71 988//988
f 74//74 990//990 73//73
f 990//990 74//74 989//989
f 73//73 991//991 72//72
f 991//991 73//73 990//990
f 68//68 991//991 992//992
f 991//991 68//68 72//72
f 66//66 992//992 993//993
f 992//992 66//66 68//68
f 65//65 993//993 994//994
f 993//993 65//65 66//66
f 64//64 994//994 995//995
f 994//994 64//64 65//65
f 62//62 995//995 996//996
f 995//995 62//62 64//64
f 61//61 996//996 997//997
f 996//996 61//61 62//62
f 59//59 997//997 998//998
f 997//997 59//59 61//61
f 58//58 998//998 999//999
f 998//998 58//58 59//59
f 56//56 999//999 1000//1000
f 999//999 56//56 58//58
f 53//53 1000//1000 1001//1001
f 1000//1000 53//53 56//56
f 49//49 1001//1001 1002//1002
f 1001//1001 49//49 53//53
f 44//44 1002//1002 1003//1003
f 1002//1002 44//44 49//49
f 40//40 1003//1003 639//639
f 1003//1003 40//40 44//44
f 703//703 631//631 702//702
f 703//703 630//630 631//631
f 638//638 630//630 703//703
f 630//630 638//638 639//639
f 700//700 1004//1004 1005//1005
f 1004//1004 700//700 701//701
f 1005//1005 1006//1006 1007//1007
f 1006//1006 1005//1005 1004//1004
f 1007//1007 1008//1008 1009//1009
f 1008//1008 1007//1007 1006//1006
f 1009//1009 1010//1010 1011//1011
f 1010//1010 1009//1009 1008//1008
f 1011//1011 1012//1012 1013//1013
f 1012//1012 1011//1011 1010//1010
f 695//695 634//634 694//694
f 695//695 633//633 634//634
f 1013//1013 633//633 695//695
f 633//633 1013//1013 1012//1012
f 1015//1015 897//897 898//898
f 897//897 1015//1015 1014//1014
f 764//764 667//667 670//670
f 667//667 764//764 766//766
f 650//650 652//652 651//651
f 649//649 652//652 650//650
f 648//648 652//652 649//649
f 648//648 653//653 652//652
f 647//647 653//653 648//648
f 647//647 654//654 653//653
f 646//646 654//654 647//647
f 646//646 655//655 654//654
f 646//646 656//656 655//655
f 645//645 656//656 646//646
f 644//644 656//656 645//645
f 644//644 657//657 656//656
f 643//643 657//657 644//644
f 643//643 658//658 657//657
f 642//642 658//658 643//643
f 641//641 658//658 642//642
f 641//641 659//659 658//658
f 640//640 659//659 641//641
f 637//637 659//659 640//640
f 638//638 659//659 637//637
f 732//732 638//638 730//730
f 638//638 660//660 659//659
f 732//732 660//660 638//638
f 732//732 661//661 660//660
f 661//661 732//732 734//734
f 716//716 712//712 714//714
f 718//718 712//712 716//716
f 720//720 712//712 718//718
f 722//722 712//712 720//720
f 724//724 712//712 722//722
f 724//724 697//697 712//712
f 697//697 724//724 726//726
f 675//675 674//674 676//676
f 676//676 678//678 677//677
f 676//676 679//679 678//678
f 674//674 679//679 676//676
f 674//674 680//680 679//679
f 674//674 681//681 680//680
f 674//674 682//682 681//681
f 674//674 683//683 682//682
f 673//673 683//683 674//674
f 673//673 684//684 683//683
f 673//673 685//685 684//684
f 673//673 686//686 685//685
f 686//686 688//688 687//687
f 686//686 689//689 688//688
f 673//673 689//689 686//686
f 673//673 690//690 689//689
f 672//672 690//690 673//673
f 672//672 691//691 690//690
f 672//672 693//693 691//691
f 693//693 672//672 671//671
f 697//697 1013//1013 695//695
f 697//697 703//703 1013//1013
f 726//726 703//703 697//697
f 728//728 703//703 726//726
f 728//728 638//638 703//703
f 638//638 728//728 730//730
f 1009//1009 1005//1005 1007//1007
f 1009//1009 700//700 1005//1005
f 1009//1009 699//699 700//700
f 1011//1011 699//699 1009//1009
f 1013//1013 699//699 1011//1011
f 699//699 1013//1013 703//703
f 661//661 663//663 662//662
f 734//734 663//663 661//661
f 693//693 663//663 734//734
f 671//671 663//663 693//693
f 671//671 664//664 663//663
f 669//669 664//664 671//671
f 669//669 665//665 664//664
f 670//670 665//665 669//669
f 665//665 670//670 667//667
f 667//667 970//970 972//972
f 766//766 970//970 667//667
f 768//768 970//970 766//766
f 768//768 968//968 970//970
f 770//770 968//968 768//768
f 772//772 968//968 770//770
f 772//772 966//966 968//968
f 774//774 966//966 772//772
f 776//776 966//966 774//774
f 776//776 964//964 966//966
f 778//778 964//964 776//776
f 780//780 964//964 778//778
f 780//780 962//962 964//964
f 782//782 962//962 780//780
f 784//784 962//962 782//782
f 784//784 960//960 962//962
f 786//786 960//960 784//784
f 788//788 960//960 786//786
f 788//788 958//958 960//960
f 790//790 958//958 788//788
f 792//792 958//958 790//790
f 794//794 958//958 792//792
f 794//794 956//956 958//958
f 796//796 956//956 794//794
f 798//798 956//956 796//796
f 800//800 956//956 798//798
f 800//800 954//954 956//956
f 802//802 954//954 800//800
f 804//804 954//954 802//802
f 806//806 954//954 804//804
f 806//806 952//952 954//954
f 808//808 952//952 806//806
f 810//810 952//952 808//808
f 812//812 952//952 810//810
f 812//812 950//950 952//952
f 812//812 948//948 950//950
f 812//812 946//946 948//948
f 812//812 944//944 946//946
f 812//812 942//942 944//944
f 812//812 940//940 942//942
f 812//812 938//938 940//940
f 812//812 936//936 938//938
f 814//814 936//936 812//812
f 814//814 934//934 936//936
f 816//816 934//934 814//814
f 818//818 934//934 816//816
f 818//818 932//932 934//934
f 820//820 932//932 818//818
f 820//820 930//930 932//932
f 822//822 930//930 820//820
f 822//822 928//928 930//930
f 824//824 928//928 822//822
f 826//826 928//928 824//824
f 826//826 926//926 928//928
f 828//828 926//926 826//826
f 830//830 926//926 828//828
f 832//832 926//926 830//830
f 834//834 926//926 832//832
f 836//836 926//926 834//834
f 838//838 926//926 836//836
f 840//840 926//926 838//838
f 840//840 924//924 926//926
f 842//842 924//924 840//840
f 844//844 924//924 842//842
f 846//846 924//924 844//844
f 848//848 924//924 846//846
f 850//850 924//924 848//848
f 852//852 924//924 850//850
f 854//854 924//924 852//852
f 854//854 922//922 924//924
f 856//856 922//922 854//854
f 858//858 922//922 856//856
f 858//858 920//920 922//922
f 860//860 920//920 858//858
f 862//862 920//920 860//860
f 864//864 920//920 862//862
f 864//864 918//918 920//920
f 866//866 918//918 864//864
f 868//868 918//918 866//866
f 870//870 918//918 868//868
f 870//870 916//916 918//918
f 872//872 916//916 870//870
f 874//874 916//916 872//872
f 876//876 916//916 874//874
f 876//876 914//914 916//916
f 878//878 914//914 876//876
f 880//880 914//914 878//878
f 880//880 912//912 914//914
f 882//882 912//912 880//880
f 884//884 912//912 882//882
f 884//884 909//909 912//912
f 886//886 909//909 884//884
f 887//887 909//909 886//886
f 887//887 907//907 909//909
f 889//889 907//907 887//887
f 889//889 905//905 907//907
f 891//891 905//905 889//889
f 893//893 905//905 891//891
f 893//893 903//903 905//905
f 895//895 903//903 893//893
f 897//897 903//903 895//895
f 897//897 899//899 903//903
f 1014//1014 899//899 897//897
f 1017//1017 899//899 1014//1014
f 1017//1017 901//901 899//899
f 901//901 1017//1017 1016//1016
f 902//902 1016//1016 1018//1018
f 1016//1016 902//902 901//901
f 969//969 666//666 971//971
f 969//969 973//973 666//666
f 969//969 974//974 973//973
f 967//967 974//974 969//969
f 967//967 975//975 974//974
f 965//965 975//975 967//967
f 965//965 976//976 975//975
f 965//965 977//977 976//976
f 963//963 977//977 965//965
f 963//963 978//978 977//977
f 961//961 978//978 963//963
f 961//961 979//979 978//978
f 961//961 980//980 979//979
f 959//959 980//980 961//961
f 959//959 981//981 980//980
f 957//957 981//981 959//959
f 955//955 981//981 957//957
f 955//955 982//982 981//981
f 953//953 982//982 955//955
f 951//951 982//982 953//953
f 949//949 982//982 951//951
f 947//947 982//982 949//949
f 945//945 982//982 947//947
f 943//943 982//982 945//945
f 941//941 982//982 943//943
f 939//939 982//982 941//941
f 939//939 983//983 982//982
f 937//937 983//983 939//939
f 935//935 983//983 937//937
f 933//933 983//983 935//935
f 931//931 983//983 933//933
f 929//929 983//983 931//931
f 927//927 983//983 929//929
f 927//927 984//984 983//983
f 925//925 984//984 927//927
f 925//925 985//985 984//984
f 925//925 986//986 985//985
f 925//925 987//987 986//986
f 988//988 1083//1083 989//989
f 987//987 1083//1083 988//988
f 925//925 1083//1083 987//987
f 925//925 1102//1102 1083//1083
f 925//925 1101//1101 1102//1102
f 925//925 1100//1100 1101//1101
f 925//925 1097//1097 1100//1100
f 1027//1027 1099//1099 1026//1026
f 1027//1027 1020//1020 1099//1099
f 1027//1027 923//923 1020//1020
f 1098//1098 923//923 1027//1027
f 1097//1097 923//923 1098//1098
f 923//923 1097//1097 925//925
f 639//639 1096//1096 630//630
f 639//639 1095//1095 1096//1096
f 639//639 1094//1094 1095//1095
f 1003//1003 1094//1094 639//639
f 1002//1002 1094//1094 1003//1003
f 1002//1002 1093//1093 1094//1094
f 1002//1002 1092//1092 1093//1093
f 1001//1001 1092//1092 1002//1002
f 1001//1001 1091//1091 1092//1092
f 1001//1001 1090//1090 1091//1091
f 1001//1001 602//602 1090//1090
f 1001//1001 600//600 602//602
f 1001//1001 597//597 600//600
f 1001//1001 598//598 597//597
f 1001//1001 599//599 598//598
f 1000//1000 599//599 1001//1001
f 1000//1000 601//601 599//599
f 1000//1000 603//603 601//601
f 1000//1000 604//604 603//603
f 1000//1000 605//605 604//604
f 1000//1000 254//254 605//605
f 1000//1000 253//253 254//254
f 253//253 1089//1089 251//251
f 1000//1000 1089//1089 253//253
f 1000//1000 1088//1088 1089//1089
f 999//999 1088//1088 1000//1000
f 999//999 1087//1087 1088//1088
f 998//998 1087//1087 999//999
f 998//998 1086//1086 1087//1087
f 997//997 1086//1086 998//998
f 997//997 1085//1085 1086//1086
f 996//996 1085//1085 997//997
f 996//996 1084//1084 1085//1085
f 995//995 1084//1084 996//996
f 994//994 1084//1084 995//995
f 993//993 1084//1084 994//994
f 992//992 1084//1084 993//993
f 991//991 1084//1084 992//992
f 990//990 1084//1084 991//991
f 990//990 1083//1083 1084//1084
f 1083//1083 990//990 989//989
f 1082//1082 595//595 596//596
f 1082//1082 594//594 595//595
f 1082//1082 609//609 594//594
f 1082//1082 608//608 609//609
f 1082//1082 607//607 608//608
f 607//607 1082//1082 1061//1061
f 1004//1004 1008//1008 1006//1006
f 701//701 1008//1008 1004//1004
f 701//701 1010//1010 1008//1008
f 1010//1010 1072//1072 1012//1012
f 701//701 1072//1072 1010//1010
f 701//701 1081//1081 1072//1072
f 1080//1080 1081//1081 701//701
f 1080//1080 1079//1079 1081//1081
f 1077//1077 1079//1079 1080//1080
f 1077//1077 1078//1078 1079//1079
f 1077//1077 1075//1075 1078//1078
f 1076//1076 1075//1075 1077//1077
f 1074//1074 1075//1075 1076//1076
f 1074//1074 1073//1073 1075//1075
f 588//588 1073//1073 1074//1074
f 587//587 1073//1073 588//588
f 587//587 612//612 1073//1073
f 589//589 612//612 587//587
f 590//590 612//612 589//589
f 590//590 611//611 612//612
f 591//591 611//611 590//590
f 591//591 610//610 611//611
f 592//592 610//610 591//591
f 593//593 610//610 592//592
f 594//594 610//610 593//593
f 610//610 594//594 609//609
f 633//633 1012//1012 1072//1072
f 704//704 626//626 624//624
f 711//711 715//715 713//713
f 711//711 717//717 715//715
f 711//711 719//719 717//717
f 711//711 721//721 719//719
f 711//711 723//723 721//721
f 636//636 723//723 711//711
f 636//636 725//725 723//723
f 636//636 727//727 725//725
f 636//636 729//729 727//727
f 636//636 731//731 729//729
f 636//636 733//733 731//731
f 636//636 692//692 733//733
f 636//636 735//735 692//692
f 710//710 735//735 636//636
f 710//710 736//736 735//735
f 709//709 736//736 710//710
f 709//709 737//737 736//736
f 708//708 737//737 709//709
f 708//708 738//738 737//737
f 707//707 738//738 708//708
f 706//706 738//738 707//707
f 705//705 738//738 706//706
f 705//705 739//739 738//738
f 705//705 740//740 739//739
f 705//705 741//741 740//740
f 704//704 741//741 705//705
f 624//624 741//741 704//704
f 624//624 742//742 741//741
f 742//742 624//624 622//622
f 620//620 742//742 622//622
f 742//742 744//744 743//743
f 620//620 744//744 742//742
f 618//618 744//744 620//620
f 616//616 744//744 618//618
f 616//616 745//745 744//744
f 614//614 745//745 616//616
f 613//613 745//745 614//614
f 615//615 745//745 613//613
f 617//617 745//745 615//615
f 617//617 746//746 745//745
f 619//619 746//746 617//617
f 621//621 746//746 619//619
f 623//623 746//746 621//621
f 625//625 746//746 623//623
f 627//627 746//746 625//625
f 628//628 746//746 627//627
f 629//629 746//746 628//628
f 629//629 747//747 746//746
f 1071//1071 747//747 629//629
f 1070//1070 747//747 1071//1071
f 1069//1069 747//747 1070//1070
f 1068//1068 747//747 1069//1069
f 1067//1067 747//747 1068//1068
f 1066//1066 747//747 1067//1067
f 1066//1066 748//748 747//747
f 1065//1065 748//748 1066//1066
f 1064//1064 748//748 1065//1065
f 1063//1063 748//748 1064//1064
f 1063//1063 749//749 748//748
f 1062//1062 749//749 1063//1063
f 1062//1062 750//750 749//749
f 1062//1062 751//751 750//750
f 751//751 1025//1025 752//752
f 1025//1025 751//751 1062//1062
f 1060//1060 607//607 1061//1061
f 1059//1059 607//607 1060//1060
f 1058//1058 607//607 1059//1059
f 1057//1057 607//607 1058//1058
f 607//607 1056//1056 606//606
f 1057//1057 1056//1056 607//607
f 1054//1054 1056//1056 1057//1057
f 1054//1054 1055//1055 1056//1056
f 1054//1054 1052//1052 1055//1055
f 1053//1053 1052//1052 1054//1054
f 1051//1051 1052//1052 1053//1053
f 1051//1051 1050//1050 1052//1052
f 1049//1049 1050//1050 1051//1051
f 1049//1049 1046//1046 1050//1050
f 1048//1048 1046//1046 1049//1049
f 1047//1047 1046//1046 1048//1048
f 1043//1043 1046//1046 1047//1047
f 1043//1043 1045//1045 1046//1046
f 1043//1043 1044//1044 1045//1045
f 1043//1043 1042//1042 1044//1044
f 1041//1041 1042//1042 1043//1043
f 1041//1041 1039//1039 1042//1042
f 1040//1040 1039//1039 1041//1041
f 1038//1038 1039//1039 1040//1040
f 1038//1038 1036//1036 1039//1039
f 1037//1037 1036//1036 1038//1038
f 1035//1035 1036//1036 1037//1037
f 1035//1035 1031//1031 1036//1036
f 1034//1034 1031//1031 1035//1035
f 1033//1033 1031//1031 1034//1034
f 1032//1032 1031//1031 1033//1033
f 1030//1030 1031//1031 1032//1032
f 1030//1030 1028//1028 1031//1031
f 1029//1029 1028//1028 1030//1030
f 1027//1027 1028//1028 1029//1029
f 1028//1028 1027//1027 1026//1026
f 668//668 765//765 763//763
f 668//668 767//767 765//765
f 668//668 769//769 767//767
f 668//668 771//771 769//769
f 668//668 773//773 771//771
f 668//668 775//775 773//773
f 668//668 777//777 775//775
f 762//762 777//777 668//668
f 762//762 779//779 777//777
f 762//762 781//781 779//779
f 762//762 783//783 781//781
f 761//761 783//783 762//762
f 761//761 785//785 783//783
f 761//761 787//787 785//785
f 761//761 789//789 787//787
f 761//761 791//791 789//789
f 761//761 793//793 791//791
f 760//760 793//793 761//761
f 760//760 795//795 793//793
f 760//760 797//797 795//795
f 760//760 799//799 797//797
f 760//760 801//801 799//799
f 759//759 801//801 760//760
f 759//759 803//803 801//801
f 759//759 805//805 803//803
f 759//759 807//807 805//805
f 759//759 809//809 807//807
f 759//759 811//811 809//809
f 758//758 811//811 759//759
f 757//757 811//811 758//758
f 757//757 813//813 811//811
f 757//757 815//815 813//813
f 757//757 817//817 815//815
f 757//757 819//819 817//817
f 757//757 821//821 819//819
f 756//756 821//821 757//757
f 756//756 823//823 821//821
f 756//756 825//825 823//823
f 756//756 827//827 825//825
f 756//756 829//829 827//827
f 756//756 831//831 829//829
f 755//755 831//831 756//756
f 755//755 833//833 831//831
f 755//755 835//835 833//833
f 755//755 837//837 835//835
f 754//754 837//837 755//755
f 753//753 837//837 754//754
f 1025//1025 753//753 752//752
f 1025//1025 837//837 753//753
f 1025//1025 839//839 837//837
f 1024//1024 839//839 1025//1025
f 1023//1023 839//839 1024//1024
f 1022//1022 839//839 1023//1023
f 1021//1021 839//839 1022//1022
f 1020//1020 839//839 1021//1021
f 923//923 839//839 1020//1020
f 923//923 841//841 839//839
f 923//923 843//843 841//841
f 923//923 845//845 843//843
f 923//923 847//847 845//845
f 923//923 849//849 847//847
f 923//923 851//851 849//849
f 923//923 853//853 851//851
f 921//921 853//853 923//923
f 921//921 855//855 853//853
f 921//921 857//857 855//855
f 919//919 857//857 921//921
f 919//919 859//859 857//857
f 919//919 861//861 859//859
f 919//919 863//863 861//861
f 917//917 863//863 919//919
f 917//917 865//865 863//863
f 917//917 867//867 865//865
f 917//917 869//869 867//867
f 915//915 869//869 917//917
f 915//915 871//871 869//869
f 915//915 873//873 871//871
f 915//915 875//875 873//873
f 913//913 875//875 915//915
f 913//913 877//877 875//875
f 913//913 879//879 877//877
f 911//911 879//879 913//913
f 911//911 881//881 879//879
f 911//911 883//883 881//881
f 910//910 883//883 911//911
f 910//910 885//885 883//883
f 910//910 888//888 885//885
f 908//908 888//888 910//910
f 908//908 890//890 888//888
f 906//906 890//890 908//908
f 906//906 892//892 890//890
f 906//906 894//894 892//892
f 904//904 894//894 906//906
f 904//904 896//896 894//894
f 904//904 898//898 896//896
f 900//900 898//898 904//904
f 900//900 1015//1015 898//898
f 900//900 1019//1019 1015//1015
f 902//902 1019//1019 900//900
f 1019//1019 902//902 1018//1018
f 1019//1019 1014//1014 1015//1015
f 1014//1014 1019//1019 1017//1017
f 1018//1018 1017//1017 1019//1019
f 1017//1017 1018//1018 1016//1016
f 1104//1104 1105//1105 1106//1106
f 1105//1105 1104//1104 1103//1103
f 1105//1105 1107//1107 1108//1108
f 1107//1107 1105//1105 1103//1103
f 1108//1108 1109//1109 1110//1110
f 1109//1109 1108//1108 1107//1107
f 1110//1110 1111//1111 1112//1112
f 1111//1111 1110//1110 1109//1109
f 1112//1112 1113//1113 1114//1114
f 1113//1113 1112//1112 1111//1111
f 1114//1114 1115//1115 1116//1116
f 1115//1115 1114//1114 1113//1113
f 1116//1116 1117//1117 1118//1118
f 1117//1117 1116//1116 1115//1115
f 1118//1118 1119//1119 1120//1120
f 1119//1119 1118//1118 1117//1117
f 1120//1120 1121//1121 1122//1122
f 1121//1121 1120//1120 1119//1119
f 1122//1122 1123//1123 1124//1124
f 1123//1123 1122//1122 1121//1121
f 1123//1123 1126//1126 1124//1124
f 1126//1126 1123//1123 1125//1125
f 1125//1125 1128//1128 1126//1126
f 1128//1128 1125//1125 1127//1127
f 1127//1127 1130//1130 1128//1128
f 1130//1130 1127//1127 1129//1129
f 1129//1129 1132//1132 1130//1130
f 1132//1132 1129//1129 1131//1131
f 1131//1131 1134//1134 1132//1132
f 1134//1134 1131//1131 1133//1133
f 1134//1134 1135//1135 1136//1136
f 1135//1135 1134//1134 1133//1133
f 1135//1135 1138//1138 1136//1136
f 1138//1138 1135//1135 1137//1137
f 1137//1137 1140//1140 1138//1138
f 1140//1140 1137//1137 1139//1139
f 1139//1139 1142//1142 1140//1140
f 1142//1142 1139//1139 1141//1141
f 1141//1141 1144//1144 1142//1142
f 1144//1144 1141//1141 1143//1143
f 1143//1143 1146//1146 1144//1144
f 1146//1146 1143//1143 1145//1145
f 1145//1145 1148//1148 1146//1146
f 1148//1148 1145//1145 1147//1147
f 1147//1147 696//696 1148//1148
f 696//696 1147//1147 635//635
f 1149//1149 1106//1106 1150//1150
f 1106//1106 1149//1149 1104//1104
f 1109//1109 1113//1113 1111//1111
f 1109//1109 1115//1115 1113//1113
f 1107//1107 1115//1115 1109//1109
f 1107//1107 1117//1117 1115//1115
f 1107//1107 1119//1119 1117//1117
f 1107//1107 1160//1160 1119//1119
f 1107//1107 1167//1167 1160//1160
f 1107//1107 1166//1166 1167//1167
f 1103//1103 1166//1166 1107//1107
f 1103//1103 1165//1165 1166//1166
f 1103//1103 1164//1164 1165//1165
f 1104//1104 1164//1164 1103//1103
f 1104//1104 1163//1163 1164//1164
f 1149//1149 1163//1163 1104//1104
f 1149//1149 1162//1162 1163//1163
f 1149//1149 1161//1161 1162//1162
f 1149//1149 632//632 1161//1161
f 632//632 1149//1149 631//631
f 1159//1159 1119//1119 1160//1160
f 1158//1158 1119//1119 1159//1159
f 1157//1157 1119//1119 1158//1158
f 1157//1157 1121//1121 1119//1119
f 1157//1157 1123//1123 1121//1121
f 1156//1156 1123//1123 1157//1157
f 1156//1156 1125//1125 1123//1123
f 1155//1155 1125//1125 1156//1156
f 1155//1155 1127//1127 1125//1125
f 1155//1155 1129//1129 1127//1127
f 1155//1155 1131//1131 1129//1129
f 1154//1154 1131//1131 1155//1155
f 1154//1154 1133//1133 1131//1131
f 1153//1153 1133//1133 1154//1154
f 1153//1153 1135//1135 1133//1133
f 1153//1153 1137//1137 1135//1135
f 1152//1152 1137//1137 1153//1153
f 1152//1152 1139//1139 1137//1137
f 1152//1152 1141//1141 1139//1139
f 1152//1152 1143//1143 1141//1141
f 1152//1152 1145//1145 1143//1143
f 1152//1152 1147//1147 1145//1145
f 1151//1151 1147//1147 1152//1152
f 634//634 1147//1147 1151//1151
f 1147//1147 634//634 635//635
f 631//631 1150//1150 702//702
f 1150//1150 631//631 1149//1149