# https://github.com/mikedh/trimesh
v 0.03055700 -0.03795100 -0.00246700
v 0.03064900 -0.03869000 -0.00311400
v 0.03083400 -0.03795100 -0.00200500
v -0.02958000 -0.03795100 -0.00246700
v -0.02985700 -0.03795100 -0.00200500
v 0.03092600 -0.03878300 -0.00283700
v 0.03083400 -0.03887500 -0.00219000
v -0.02958000 -0.03869000 -0.00311400
v -0.02994900 -0.03878300 -0.00283700
v 0.03092600 -0.03979900 -0.00256000
v 0.03092600 -0.03989100 -0.00302100
v -0.02967200 -0.03989100 -0.00329900
v 0.03064900 -0.03998400 -0.00329900
v -0.02994900 -0.03989100 -0.00302100
v -0.02985700 -0.03915200 -0.00219000
v 0.03092600 -0.04026100 -0.00246700
v 0.03092600 -0.04090700 -0.00256000
v -0.02958000 -0.04118400 -0.00274400
v 0.03055700 -0.04118400 -0.00274400
v -0.02985700 -0.04090700 -0.00256000
v -0.02985700 -0.03998400 -0.00237500
v 0.03083400 -0.04090700 -0.00117400
v 0.03083400 -0.04146200 -0.00154300
v -0.02948800 -0.04183100 -0.00154300
v 0.03055700 -0.04183100 -0.00154300
v -0.02985700 -0.04146200 -0.00154300
v -0.02985700 -0.04044500 -0.00209800
v 0.03074200 -0.04072300 -0.00071200
v 0.03074200 -0.04136900 -0.00043500
v 0.03046400 -0.04155400 -0.00025000
v -0.02948800 -0.04155400 -0.00025000
v -0.02939500 -0.04100000 0.00039600
v 0.03037200 -0.04100000 0.00039600
v -0.02976500 -0.04136900 -0.00043500
v -0.02985700 -0.04072300 -0.00145100
v 0.03074200 -0.04016800 -0.00015800
v -0.02967200 -0.04053800 0.00039600
v 0.03064900 -0.04053800 0.00039600
v 0.03037200 -0.04035300 0.00076600
v 0.03037200 -0.03942900 0.00095100
v -0.02939500 -0.04035300 0.00076600
v -0.02976500 -0.04063000 -0.00062000
v 0.03074200 -0.03887500 0.00002700
v 0.03064900 -0.03942900 0.00067400
v -0.02939500 -0.03942900 0.00095100
v -0.02939500 -0.03584000 0.00122800
v 0.03037200 -0.03601100 0.00122800
v 0.03064900 -0.03591900 0.00095100
v -0.02967200 -0.03942900 0.00067400
v -0.02976500 -0.03989100 -0.00006500
v 0.03037200 -0.03564200 0.00122800
v -0.02939500 -0.03508800 0.00122800
v -0.02939500 -0.02973000 0.00122800
v 0.03037200 -0.03508800 0.00122800
v 0.03074200 -0.03647300 0.00021200
v -0.02967200 -0.03591900 0.00095100
v -0.02967200 -0.03536500 0.00095100
v 0.03064900 -0.03536500 0.00095100
v 0.03037200 -0.02973000 0.00122800
v -0.02967200 -0.02945300 0.00095100
v -0.02967200 -0.03915200 0.00011900
v 0.03074200 -0.03591900 0.00021200
v 0.03037200 -0.02908300 0.00122800
v -0.02939500 -0.02335600 0.00058100
v -0.02939500 -0.02908300 0.00122800
v 0.03064900 -0.02945300 0.00095100
v 0.03037200 -0.02335600 0.00058100
v -0.02967200 -0.02307900 0.00021200
v 0.03046400 -0.01134700 -0.00117400
v -0.02948800 -0.01134700 -0.00117400
v 0.03046400 -0.01661200 -0.00043500
v -0.02967200 -0.03591900 0.00021200
v 0.03074200 -0.02307900 0.00021200
v -0.02985700 -0.01116200 -0.00145100
v -0.02948800 -0.01079300 -0.00117400
v -0.02948800 -0.00552700 -0.00191300
v 0.03046400 -0.01079300 -0.00117400
v 0.03074200 -0.01116200 -0.00145100
v 0.03037200 -0.02270900 0.00048900
v -0.02939500 -0.02270900 0.00048900
v 0.03037200 -0.02206300 0.00039600
v -0.02939500 -0.02206300 0.00039600
v -0.02948800 -0.01661200 -0.00043500
v 0.03074200 -0.01698200 -0.00062000
v -0.02967200 -0.02954500 0.00021200
v 0.03074200 -0.02954500 0.00021200
v 0.03055700 -0.00562000 -0.00191300
v -0.02985700 -0.00534300 -0.00228200
v -0.02948800 -0.01725900 -0.00034300
v -0.02976500 -0.01698200 -0.00062000
v 0.03074200 -0.02224700 -0.00062000
v 0.03046400 -0.01725900 -0.00034300
v 0.03074200 -0.02206300 0.00011900
v -0.02967200 -0.02206300 0.00011900
v 0.03083400 -0.00534300 -0.00228200
v 0.03055700 -0.00497300 -0.00200500
v -0.02967200 0.00020000 -0.00274400
v -0.02948800 -0.00497300 -0.00200500
v 0.03064900 0.00029300 -0.00274400
v -0.02994900 0.00047700 -0.00302100
v -0.02976500 -0.02224700 -0.00062000
v 0.03083400 -0.01707400 -0.00135900
v 0.03092600 0.00056900 -0.00302100
v -0.02967200 0.00075400 -0.00283700
v 0.03064900 0.00084700 -0.00283700
v -0.02985700 -0.01707400 -0.00135900
v 0.03101900 0.00324900 -0.00413000
v 0.03064900 0.00315600 -0.00311400
v 0.03092600 0.00324900 -0.00339100
v -0.02967200 0.00315600 -0.00311400
v -0.02994900 0.00324900 -0.00339100
v -0.02967200 0.00454200 -0.00302100
v 0.03064900 0.00454200 -0.00302100
v -0.03004200 0.00324900 -0.00413000
v 0.03101900 0.00472700 -0.00403800
v 0.03092600 0.00454200 -0.00339100
v -0.02967200 0.00648200 -0.00256000
v -0.02994900 0.00454200 -0.00339100
v 0.03064900 0.00648200 -0.00256000
v -0.02994900 0.00685100 -0.00274400
v -0.03004200 0.00472700 -0.00403800
v 0.03092600 0.00712800 -0.00339100
v 0.03092600 0.00685100 -0.00274400
v -0.02958000 0.00694400 -0.00237500
v 0.03064900 0.00694400 -0.00237500
v -0.02994900 0.00712800 -0.00339100
v 0.03092600 0.00869900 -0.00265200
v 0.03055700 0.00814400 -0.00182100
v 0.03083400 0.00823700 -0.00209800
v -0.02958000 0.00805200 -0.00182100
v -0.02985700 0.00823700 -0.00209800
v -0.02948800 0.00879100 -0.00135900
v -0.02994900 0.00869900 -0.00265200
v 0.03083400 0.00953000 -0.00209800
v 0.03083400 0.00906800 -0.00154300
v 0.03055700 0.00879100 -0.00135900
v -0.02985700 0.00906800 -0.00154300
v -0.02939500 0.01026900 0.00002700
v 0.03046400 0.01026900 0.00002700
v -0.02985700 0.00953000 -0.00209800
v 0.03074200 0.01110000 -0.00052700
v 0.03074200 0.01045400 -0.00015800
v -0.02930300 0.01091600 0.00104300
v -0.02976500 0.01045400 -0.00015800
v 0.03037200 0.01091600 0.00104300
v -0.02967200 0.01137800 0.00104300
v -0.02976500 0.01110000 -0.00052700
v 0.03064900 0.01202400 0.00076600
v 0.03064900 0.01137800 0.00104300
v -0.02930300 0.01119300 0.00150500
v 0.03037200 0.01119300 0.00150500
v -0.02930300 0.01165500 0.00224400
v -0.02967200 0.01202400 0.00076600
v 0.03055700 0.01257800 0.00187400
v -0.02958000 0.01193200 0.00215200
v 0.03055700 0.01193200 0.00215200
v 0.03028000 0.01165500 0.00224400
v -0.02911800 0.01220900 0.00409100
v -0.02902600 0.01239400 0.00538500
v -0.02902600 0.01230100 0.00603100
v 0.03000300 0.01239400 0.00538500
v 0.03000300 0.01230100 0.00603100
v 0.03009500 0.01220900 0.00409100
v -0.02930300 0.01257800 0.00630800
v -0.02958000 0.01257800 0.00187400
v 0.03046400 0.01322500 0.00390700
v 0.03046400 0.01248600 0.00399900
v -0.02939500 0.01248600 0.00399900
v 0.03037200 0.01267100 0.00547700
v 0.03028000 0.01257800 0.00630800
v -0.02856400 0.01165500 0.01185100
v -0.02902600 0.01230100 0.00658600
v 0.03000300 0.01230100 0.00658600
v -0.02930300 0.01267100 0.00547700
v 0.02954100 0.01165500 0.01185100
v -0.02884100 0.01193200 0.01222000
v -0.02939500 0.01322500 0.00390700
v 0.03037200 0.01341000 0.00547700
v 0.02981800 0.01193200 0.01222000
v -0.02856400 0.01165500 0.01249800
v -0.02847100 0.01147000 0.01425300
v 0.02954100 0.01165500 0.01249800
v 0.02944800 0.01147000 0.01425300
v -0.02819400 0.01119300 0.01711700
v -0.02874900 0.01174700 0.01425300
v -0.02930300 0.01341000 0.00547700
v 0.02972500 0.01248600 0.01425300
v 0.02926400 0.01119300 0.01711700
v 0.02972500 0.01174700 0.01425300
v -0.02819400 0.01119300 0.01776300
v 0.02954100 0.01156200 0.01711700
v 0.02917100 0.01119300 0.01776300
v -0.02847100 0.01156200 0.01804000
v -0.02856400 0.01156200 0.01711700
v -0.02874900 0.01248600 0.01425300
v 0.02954100 0.01230100 0.01711700
v 0.02944800 0.01156200 0.01804000
v -0.02764000 0.01239400 0.02524600
v 0.02861700 0.01239400 0.02524600
v 0.02880200 0.01202400 0.02404500
v -0.02773200 0.01202400 0.02404500
v 0.02907900 0.01220900 0.02367500
v -0.02819400 0.01119300 0.01831700
v 0.02917100 0.01119300 0.01831700
v -0.02810200 0.01119300 0.01914900
v -0.02745500 0.01341000 0.02838600
v -0.02791700 0.01267100 0.02515300
v 0.02870900 0.01368700 0.02829400
v 0.02898600 0.01267100 0.02515300
v 0.02843200 0.01341000 0.02838600
v -0.02810200 0.01220900 0.02367500
v -0.02856400 0.01230100 0.01711700
v 0.02935600 0.01220900 0.01914900
v 0.02907900 0.01119300 0.01914900
v 0.02935600 0.01147000 0.01914900
v -0.02837900 0.01147000 0.01914900
v -0.02736300 0.01359500 0.02894100
v 0.02880200 0.01183900 0.02349000
v -0.02773200 0.01183900 0.02349000
v -0.02782500 0.01165500 0.02293600
v 0.02880200 0.01165500 0.02293600
v -0.02791700 0.01137800 0.02118100
v -0.02773200 0.01368700 0.02829400
v 0.02834000 0.01359500 0.02894100
v -0.02764000 0.01396400 0.02912500
v 0.02898600 0.01137800 0.02118100
v -0.02810200 0.01202400 0.02284400
v 0.02907900 0.01202400 0.02284400
v -0.02837900 0.01220900 0.01914900
v 0.02926400 0.01239400 0.02090400
v 0.02926400 0.01165500 0.02108900
v -0.02828700 0.01165500 0.02108900
v 0.02870900 0.01396400 0.02912500
v -0.02699300 0.01553400 0.03457500
v -0.02736300 0.01377900 0.02949500
v 0.02843200 0.01377900 0.02949500
v 0.02797000 0.01553400 0.03457500
v -0.02727100 0.01590400 0.03476000
v -0.02828700 0.01239400 0.02090400
v 0.02917100 0.01267100 0.02265900
v 0.02824700 0.01590400 0.03476000
v -0.02699300 0.01571900 0.03513000
v -0.02662400 0.01747400 0.04011800
v 0.02797000 0.01571900 0.03513000
v 0.02760100 0.01747400 0.04021100
v -0.02690100 0.01784400 0.04030300
v -0.02810200 0.01267100 0.02265900
v 0.02898600 0.01331700 0.02496800
v 0.02787800 0.01784400 0.04039500
v -0.02662400 0.01765900 0.04067200
v 0.02760100 0.01765900 0.04076500
v -0.02801000 0.01331700 0.02496800
v 0.02778600 0.01913700 0.04178100
v 0.02750800 0.01812100 0.04215000
v 0.02778600 0.01839800 0.04205800
v -0.02643900 0.01812100 0.04215000
v -0.02680900 0.01839800 0.04205800
v -0.02625400 0.01904500 0.04482900
v 0.02732400 0.01904500 0.04482900
v -0.02680900 0.01913700 0.04178100
v 0.02760100 0.02006100 0.04464500
v 0.02760100 0.01932200 0.04482900
v -0.02616200 0.01941400 0.04658400
v -0.02662400 0.01932200 0.04482900
v 0.02713900 0.01941400 0.04658400
v -0.02643900 0.01978400 0.04676900
v -0.02662400 0.02006100 0.04464500
v 0.02741600 0.02052300 0.04676900
v 0.02741600 0.01978400 0.04676900
v 0.02695400 0.01996800 0.05018700
v 0.02713900 0.01959900 0.04713900
v -0.02616200 0.01959900 0.04713900
v -0.02588500 0.01996800 0.05018700
v -0.02643900 0.02052300 0.04676900
v 0.02723100 0.02098500 0.05000200
v 0.02723100 0.02024600 0.05009500
v -0.02579300 0.02006100 0.05194200
v -0.02625400 0.02024600 0.05009500
v 0.02676900 0.02006100 0.05194200
v -0.02607000 0.02043000 0.05221900
v -0.02625400 0.02098500 0.05000200
v 0.02686200 0.02135400 0.05563700
v 0.02704700 0.02043000 0.05221900
v -0.02579300 0.02015300 0.05249600
v -0.02533100 0.02043000 0.05785400
v 0.02676900 0.02015300 0.05249600
v -0.02579300 0.02061500 0.05563700
v 0.02686200 0.02061500 0.05563700
v 0.02630800 0.02043000 0.05785400
v -0.02560800 0.02080000 0.05813100
v -0.02579300 0.02135400 0.05563700
v 0.02658500 0.02153900 0.05896300
v 0.02667700 0.02080000 0.05813100
v -0.02560800 0.02080000 0.05905500
v 0.02658500 0.02080000 0.05905500
v 0.02603000 0.02080000 0.06284200
v 0.02630800 0.02052300 0.05840800
v -0.02533100 0.02052300 0.05840800
v -0.02505400 0.02080000 0.06284200
v -0.02560800 0.02153900 0.05896300
v 0.02630800 0.02181600 0.06284200
v 0.02593800 0.02431000 0.06348900
v -0.02496100 0.02431000 0.06348900
v -0.02523800 0.02384800 0.06348900
v 0.02630800 0.02384800 0.06348900
v 0.02630800 0.02107700 0.06284200
v -0.02486900 0.02080000 0.06450500
v -0.02533100 0.02107700 0.06284200
v -0.02496100 0.02486500 0.06413600
v 0.02593800 0.02486500 0.06413600
v -0.02523800 0.02468000 0.06432000
v -0.02523800 0.02403300 0.06450500
v 0.02621500 0.02468000 0.06432000
v 0.02584600 0.02080000 0.06450500
v -0.02514600 0.02116900 0.06478300
v -0.02533100 0.02181600 0.06284200
v 0.02621500 0.02163100 0.06487500
v -0.02514600 0.02412600 0.06561400
v -0.02486900 0.02504900 0.06542900
v 0.02584600 0.02504900 0.06542900
v 0.02621500 0.02403300 0.06459800
v -0.02523800 0.02172400 0.06450500
v 0.02621500 0.02116900 0.06478300
v -0.02514600 0.02477200 0.06542900
v -0.02505400 0.02375600 0.06616800
v 0.02566100 0.02468000 0.06635300
v 0.02612300 0.02477200 0.06542900
v -0.02486900 0.02089200 0.06506000
v -0.02514600 0.02126200 0.06589100
v 0.02612300 0.02190800 0.06542900
v 0.02584600 0.02089200 0.06506000
v -0.02477600 0.02107700 0.06607600
v -0.02477600 0.02468000 0.06635300
v -0.02505400 0.02329400 0.06626100
v -0.02505400 0.02421800 0.06644500
v 0.02612300 0.02412600 0.06552200
v 0.02603000 0.02421800 0.06644500
v -0.02505400 0.02227800 0.06607600
v -0.02505400 0.02320200 0.06700000
v -0.02514600 0.02190800 0.06552200
v -0.02505400 0.02209300 0.06672200
v 0.02612300 0.02126200 0.06589100
v 0.02612300 0.02237000 0.06626100
v 0.02584600 0.02107700 0.06607600
v -0.02477600 0.02200100 0.06700000
v 0.02603000 0.02209300 0.06672200
v -0.02477600 0.02329400 0.06718400
v 0.02612300 0.02394100 0.06589100
v 0.02603000 0.02320200 0.06700000
v 0.02603000 0.02292400 0.06635300
v 0.02575300 0.02200100 0.06700000
v -0.02477600 0.02412600 0.06681500
v 0.02566100 0.02412600 0.06681500
v 0.02575300 0.02329400 0.06718400
v 0.03484600 0.00361800 -0.00613600
v 0.03485200 0.00361800 -0.00583900
v 0.03477500 0.00118500 -0.00579300
v 0.03443700 0.00130800 -0.00533100
v 0.03406700 0.00361800 -0.00542300
v 0.03397500 0.00130800 -0.00514600
v 0.03351300 0.00361800 -0.00533100
v 0.03342000 0.00130800 -0.00514600
v 0.03295900 0.00361800 -0.00542300
v 0.03295900 0.00130800 -0.00523800
v 0.03443700 0.00361800 -0.00551600
v 0.03443700 0.00112400 -0.00634700
v 0.03452900 0.00361800 -0.00653200
v 0.03226600 0.00597300 -0.00579300
v 0.03226600 0.00361800 -0.00602400
v 0.03258900 0.00361800 -0.00560800
v 0.03258900 0.00130800 -0.00542300
v 0.03227200 0.00361800 -0.00632100
v 0.03225000 0.00118500 -0.00594700
v 0.03258900 0.00361800 -0.00662400
v 0.03305100 0.00361800 -0.00680900
v 0.03258900 0.00112400 -0.00643900
v 0.03360500 0.00361800 -0.00680900
v 0.03305100 0.00103200 -0.00653200
v 0.03411300 0.00361800 -0.00671600
v 0.03351300 0.00103200 -0.00662400
v 0.03406700 0.00103200 -0.00653200
v 0.03425200 -0.01319400 -0.00246700
v 0.03379000 -0.01310200 -0.00237500
v 0.03323600 -0.01310200 -0.00237500
v 0.03434400 -0.01337900 -0.00357600
v 0.03258900 0.00592700 -0.00542300
v 0.03295900 0.00583500 -0.00523800
v 0.03351300 0.00583500 -0.00514600
v 0.03406700 0.00583500 -0.00514600
v 0.03443700 0.00592700 -0.00523800
v 0.03484600 0.00602000 -0.00585900
v 0.03452900 0.00611200 -0.00625500
v 0.03415900 0.00611200 -0.00643900
v 0.03360500 0.00611200 -0.00653200
v 0.03305100 0.00611200 -0.00653200
v 0.03258900 0.00611200 -0.00634700
v 0.03227200 0.00602000 -0.00604400
v 0.03277400 -0.01310200 -0.00246700
v 0.03452900 -0.01319400 -0.00274400
v 0.03466800 -0.01328700 -0.00311400
v 0.03480600 0.00597300 -0.00560800
v 0.03249700 0.00848300 -0.00560800
v 0.03217300 0.00837500 -0.00533100
v 0.03222000 0.00823700 -0.00496100
v 0.03323600 -0.01421100 -0.00200500
v 0.03240400 -0.01319400 -0.00265200
v 0.03208100 -0.01328700 -0.00329900
v 0.03240400 -0.01337900 -0.00366800
v 0.03286600 -0.01337900 -0.00376000
v 0.03332800 -0.01337900 -0.00376000
v 0.03379000 -0.01421100 -0.00200500
v 0.03425200 -0.01430300 -0.00219000
v 0.03452900 -0.01439500 -0.00237500
v 0.03462100 -0.01453400 -0.00274400
v 0.03425200 -0.01467200 -0.00311400
v 0.03388200 -0.01337900 -0.00366800
v 0.03249700 0.00805200 -0.00468400
v 0.03286600 0.00805200 -0.00449900
v 0.03342000 0.00805200 -0.00440700
v 0.03397500 0.00805200 -0.00440700
v 0.03434400 0.00805200 -0.00459200
v 0.03471400 0.00823700 -0.00477700
v 0.03476000 0.00837500 -0.00514600
v 0.03443700 0.00851400 -0.00551600
v 0.03406700 0.00860600 -0.00570000
v 0.03351300 0.00860600 -0.00579300
v 0.03295900 0.00860600 -0.00579300
v 0.03277400 -0.01421100 -0.00209800
v 0.03379000 -0.01522700 -0.00154300
v 0.03323600 -0.01522700 -0.00154300
v 0.03212700 -0.01319400 -0.00292900
v 0.03212700 0.01026900 -0.00376000
v 0.03208100 0.01050000 -0.00413000
v 0.03466100 0.01050600 -0.00395900
v 0.03466800 0.01036100 -0.00376000
v 0.03286600 0.01082300 -0.00449900
v 0.03249700 0.01073100 -0.00440700
v 0.03369800 -0.01615100 -0.00080400
v 0.03240400 -0.01430300 -0.00228200
v 0.03206600 -0.01448800 -0.00280600
v 0.03240400 -0.01467200 -0.00320600
v 0.03277400 -0.01476500 -0.00339100
v 0.03332800 -0.01476500 -0.00339100
v 0.03415900 -0.01531900 -0.00163600
v 0.03456000 -0.01562700 -0.00200500
v 0.03425200 -0.01587300 -0.00246700
v 0.03388200 -0.01476500 -0.00329900
v 0.03240400 0.01008400 -0.00357600
v 0.03198900 0.01230100 -0.00256000
v 0.03415900 -0.01624300 -0.00089700
v 0.03286600 0.00999200 -0.00339100
v 0.03332800 0.00999200 -0.00329900
v 0.03388200 0.00999200 -0.00329900
v 0.03434400 0.01008400 -0.00339100
v 0.03434400 0.01073100 -0.00431500
v 0.03397500 0.01082300 -0.00440700
v 0.03342000 0.01082300 -0.00449900
v 0.03231200 0.01257800 -0.00274400
v 0.03268100 -0.01522700 -0.00154300
v 0.03314300 -0.01605800 -0.00080400
v 0.03369800 -0.01689000 0.00011900
v 0.03406700 -0.01698200 0.00002700
v 0.03198900 0.01211700 -0.00237500
v 0.03332800 0.01276300 -0.00283700
v 0.03277400 0.01276300 -0.00283700
v 0.03222000 0.01414900 -0.00080400
v 0.03397500 -0.01753600 0.00104300
v 0.03231200 -0.01531900 -0.00172800
v 0.03198900 -0.01568900 -0.00228200
v 0.03231200 -0.01587300 -0.00256000
v 0.03277400 -0.01596600 -0.00274400
v 0.03332800 -0.01605800 -0.00274400
v 0.03446700 -0.01661200 -0.00117400
v 0.03415900 -0.01698200 -0.00163600
v 0.03388200 -0.01596600 -0.00265200
v 0.03231200 0.01183900 -0.00209800
v 0.03189600 0.01387200 -0.00062000
v 0.03434400 -0.01716700 -0.00006500
v 0.03439000 -0.01790600 0.00099700
v 0.03268100 0.01174700 -0.00191300
v 0.03323600 0.01174700 -0.00182100
v 0.03379000 0.01174700 -0.00182100
v 0.03415900 0.01183900 -0.00191300
v 0.03456900 0.01231400 -0.00238800
v 0.03425200 0.01267100 -0.00265200
v 0.03388200 0.01276300 -0.00283700
v 0.03268100 0.01433400 -0.00089700
v 0.03194200 0.01525700 0.00141300
v 0.03240400 0.01544200 0.00141300
v 0.03268100 -0.01615100 -0.00089700
v 0.03314300 -0.01679700 0.00011900
v 0.03360500 -0.01744400 0.00113500
v 0.03199500 -0.01554400 -0.00208500
v 0.03194200 0.01350200 -0.00043500
v 0.03332800 -0.02150800 0.02090400
v 0.03166500 0.01590400 0.00381400
v 0.03212700 0.01608900 0.00381400
v 0.03457500 0.01211700 -0.00219000
v 0.03369800 0.01433400 -0.00080400
v 0.03314300 0.01433400 -0.00089700
v 0.03231200 -0.01624300 -0.00098900
v 0.03191200 -0.01661200 -0.00135900
v 0.03231200 -0.01698200 -0.00172800
v 0.03268100 -0.01707400 -0.00182100
v 0.03323600 -0.01716700 -0.00182100
v 0.03443700 -0.01753600 -0.00029700
v 0.03406700 -0.01790600 -0.00052700
v 0.03379000 -0.01707400 -0.00172800
v 0.03222000 0.01331700 -0.00025000
v 0.03166500 0.01507300 0.00150500
v 0.03161900 0.01470300 0.00164300
v 0.03369800 -0.02178500 0.02090400
v 0.03185000 0.01627300 0.00640100
v 0.03355900 -0.02192400 0.02256700
v 0.03258900 0.01313300 -0.00015800
v 0.03314300 0.01313300 -0.00006500
v 0.03369800 0.01313300 -0.00006500
v 0.03406700 0.01331700 -0.00015800
v 0.03434400 0.01350200 -0.00025000
v 0.03448300 0.01387200 -0.00043500
v 0.03406700 0.01414900 -0.00071200
v 0.03295900 0.01553400 0.00141300
v 0.03268100 0.01618100 0.00390700
v 0.03249700 0.01636600 0.00640100
v 0.03258900 -0.01689000 0.00002700
v 0.03305100 -0.01735100 0.00113500
v 0.03222000 -0.02141600 0.02081200
v 0.03323600 -0.02150800 0.02247400
v 0.03397500 -0.01855200 0.00067400
v 0.03434400 -0.01827500 0.00085800
v 0.03374400 -0.02215500 0.02081200
v 0.03134200 0.01558100 0.00390700
v 0.03129600 0.01608900 0.00630800
v 0.03129600 0.01581200 0.01831700
v 0.03175800 0.01590400 0.01841000
v 0.03397500 0.01535000 0.00159700
v 0.03360500 0.01544200 0.00150500
v 0.03166500 0.01553400 0.02025700
v 0.03222000 0.01544200 0.02025700
v 0.03342000 -0.02113900 0.02404500
v 0.03346700 -0.02150800 0.02427500
v 0.03222000 -0.01698200 -0.00006500
v 0.03189600 -0.01753600 -0.00048100
v 0.03222000 -0.01781300 -0.00062000
v 0.03258900 -0.01799800 -0.00071200
v 0.03314300 -0.01799800 -0.00071200
v 0.03369800 -0.01799800 -0.00062000
v 0.03194200 0.01433400 0.00178200
v 0.03332800 -0.02252500 0.02071900
v 0.03351300 -0.02234000 0.02265900
v 0.03231200 0.01414900 0.00187400
v 0.03295900 0.01414900 0.00196700
v 0.03351300 0.01414900 0.00196700
v 0.03388200 0.01433400 0.00196700
v 0.03429800 0.01470300 0.00182800
v 0.03425200 0.01507300 0.00169000
v 0.03332800 0.01608900 0.00390700
v 0.03305100 0.01627300 0.00649300
v 0.03231200 0.01581200 0.01841000
v 0.03249700 -0.01744400 0.00104300
v 0.03166500 -0.02132400 0.02081200
v 0.03212700 -0.02141600 0.02238200
v 0.03212700 0.01442600 0.02182800
v 0.03314300 -0.02095400 0.02395200
v 0.03337400 -0.02012300 0.02543000
v 0.03337400 -0.02026100 0.02561500
v 0.03194200 -0.01716700 -0.00025000
v 0.03360500 -0.01864500 0.00058100
v 0.03138800 0.01516500 0.00399900
v 0.03097300 0.01571900 0.00630800
v 0.03009500 0.01562700 0.01822500
v 0.03120300 0.01544200 0.02016500
v 0.03323600 -0.02252500 0.02265900
v 0.03305100 -0.02187800 0.02450700
v 0.03295900 -0.02049200 0.02589200
v 0.03323600 -0.01864500 0.02653900
v 0.03295900 -0.01873700 0.02681600
v 0.03328200 -0.01679700 0.02653900
v 0.03295900 -0.01679700 0.02690800
v 0.03157300 0.01451800 0.02182800
v 0.03411300 0.01558100 0.00409100
v 0.03379000 0.01599600 0.00399900
v 0.03342000 0.01535000 0.02025700
v 0.03323600 0.01433400 0.02182800
v 0.03203500 0.01294800 0.02302900
v 0.03323600 0.01285600 0.02293600
v 0.03332800 -0.01855200 0.02612300
v 0.03212700 -0.01753600 0.00095100
v 0.03180400 -0.01790600 0.00081200
v 0.03185000 -0.01827500 0.00067400
v 0.03212700 -0.01846000 0.00058100
v 0.03258900 -0.01864500 0.00048900
v 0.03305100 -0.01873700 0.00058100
v 0.03222000 -0.02270900 0.02062700
v 0.03166500 0.01488800 0.00399900
v 0.03097900 0.01546800 0.00630800
v 0.03314300 0.01110000 0.02349000
v 0.03212700 0.01479500 0.00409100
v 0.03268100 0.01470300 0.00409100
v 0.03332800 0.01479500 0.00418400
v 0.03379000 0.01488800 0.00418400
v 0.03360500 0.01618100 0.00649300
v 0.03351300 0.01571900 0.01850200
v 0.03111100 -0.02141600 0.02081200
v 0.03157300 -0.02132400 0.02229000
v 0.03194200 -0.02086200 0.02376800
v 0.03355900 0.01105400 0.02312100
v 0.03305100 -0.01984600 0.02506100
v 0.03203500 -0.02270900 0.02256700
v 0.03166500 -0.02280200 0.02053400
v 0.02978700 0.01535000 0.01822500
v 0.03000300 0.01525700 0.02007300
v 0.03101900 0.01442600 0.02173500
v 0.03194200 -0.02197000 0.02450700
v 0.03185000 -0.02058500 0.02598500
v 0.03175800 -0.01873700 0.02681600
v 0.03175800 -0.01670500 0.02700100
v 0.03203500 0.01110000 0.02358300
v 0.03148100 0.01294800 0.02302900
v 0.03406700 0.01516500 0.00418400
v 0.03391300 0.01562700 0.00649300
v 0.03383000 0.01532300 0.01850200
v 0.03369800 0.01507300 0.02016500
v 0.03365100 0.01405600 0.02159700
v 0.03351300 0.01276300 0.02275100
v 0.03018700 -0.02150800 0.02071900
v 0.02986400 -0.02215500 0.02053400
v 0.03018700 -0.02252500 0.02044200
v 0.03111100 -0.02270900 0.02053400
v 0.03138800 0.01507300 0.00630800
v 0.03185000 0.01488800 0.00630800
v 0.03249700 0.01488800 0.00640100
v 0.03314300 0.01488800 0.00640100
v 0.03360500 0.01507300 0.00649300
v 0.03101900 -0.02141600 0.02229000
v 0.03374400 0.01470300 0.02002600
v 0.03148100 -0.02076900 0.02367500
v 0.03194200 -0.01975300 0.02487600
v 0.03295900 -0.01846000 0.02570700
v 0.02991000 -0.02178500 0.02062700
v 0.02958700 -0.02192400 0.02229000
v 0.02959400 -0.02216800 0.02234200
v 0.03148100 -0.02280200 0.02256700
v 0.02977200 0.01502600 0.01822500
v 0.02972500 0.01507300 0.01988800
v 0.02991000 0.01433400 0.02155100
v 0.03092600 0.01294800 0.02293600
v 0.03138800 -0.02206300 0.02450700
v 0.03129600 -0.02058500 0.02598500
v 0.03120300 -0.01873700 0.02681600
v 0.03148100 0.01110000 0.02358300
v 0.03120300 -0.01670500 0.02700100
v 0.03355900 0.01253200 0.02238200
v 0.03332800 -0.01685900 0.02626200
v 0.03000300 -0.02150800 0.02219700
v 0.02991000 -0.02252500 0.02238200
v 0.03101900 -0.02270900 0.02256700
v 0.03018700 0.01461100 0.01822500
v 0.03092600 0.01110000 0.02349000
v 0.03129600 0.01451800 0.01831700
v 0.03185000 0.01442600 0.01831700
v 0.03231200 0.01451800 0.01831700
v 0.03351300 0.01461100 0.01841000
v 0.03383600 0.01502600 0.01850200
v 0.03092600 -0.02086200 0.02367500
v 0.03363600 0.01384100 0.02142700
v 0.03138800 -0.01975300 0.02478400
v 0.03185000 -0.01846000 0.02552300
v 0.03353100 0.01100800 0.02280700
v 0.03295900 -0.01689000 0.02589200
v 0.03083400 -0.02197000 0.02441400
v 0.02967900 0.01470300 0.01974900
v 0.02960200 0.01396400 0.02121200
v 0.02981800 0.01285600 0.02265900
v 0.03074200 -0.02058500 0.02589200
v 0.03074200 -0.01873700 0.02672400
v 0.03064900 -0.01670500 0.02690800
v 0.03342000 0.01433400 0.01988800
v 0.03332800 0.01350200 0.02108900
v 0.03323600 0.01239400 0.02201200
v 0.03323600 0.01100800 0.02247400
v 0.02981800 -0.02095400 0.02367500
v 0.02940200 -0.02150800 0.02399800
v 0.02972500 -0.02178500 0.02422900
v 0.03009500 0.01433400 0.01961100
v 0.02972500 0.01110000 0.02321300
v 0.03120300 0.01419500 0.01970300
v 0.03175800 0.01414900 0.01970300
v 0.03226600 0.01414900 0.01970300
v 0.03083400 -0.01975300 0.02478400
v 0.03129600 -0.01836800 0.02543000
v 0.03185000 -0.01689000 0.02561500
v 0.02944800 -0.02113900 0.02376800
v 0.02954100 -0.02049200 0.02570700
v 0.02954100 0.01276300 0.02247400
v 0.02954100 -0.01873700 0.02653900
v 0.02954100 -0.01679700 0.02663100
v 0.03222000 0.01341000 0.02090400
v 0.03212700 0.01230100 0.02182800
v 0.03212700 0.01091600 0.02219700
v 0.02972500 -0.01984600 0.02487600
v 0.02931000 -0.02012300 0.02515300
v 0.02932500 -0.02027700 0.02536900
v 0.03000300 0.01350200 0.02090400
v 0.02949500 0.01253200 0.02210500
v 0.02954100 0.01110000 0.02293600
v 0.03111100 0.01341000 0.02090400
v 0.03166500 0.01341000 0.02090400
v 0.03083400 -0.01846000 0.02543000
v 0.03129600 -0.01689000 0.02552300
v 0.02921700 -0.01864500 0.02612300
v 0.02923300 -0.01679700 0.02626200
v 0.03157300 0.01230100 0.02173500
v 0.03157300 0.01091600 0.02210500
v 0.02963300 -0.01846000 0.02552300
v 0.02991000 0.01239400 0.02173500
v 0.02949500 0.01100800 0.02256700
v 0.03101900 0.01230100 0.02173500
v 0.03074200 -0.01689000 0.02552300
v 0.02935600 -0.01855200 0.02570700
v 0.02926400 -0.01684300 0.02598500
v 0.03101900 0.01091600 0.02210500
v 0.02963300 -0.01689000 0.02561500
v 0.02991000 0.01100800 0.02219700
v 0.02944800 0.00832900 -0.00607000
v 0.03231200 0.00796000 -0.00560800
v 0.02944800 0.00897600 -0.00588500
v 0.02944800 0.00796000 -0.00579300
v 0.03295900 0.00897600 -0.00560800
v 0.03222000 0.00777500 -0.00514600
v 0.02935600 0.00962200 -0.00551600
v 0.02935600 0.00777500 -0.00533100
v 0.03249700 0.00934500 -0.00523800
v 0.02935600 0.00971500 -0.00505400
v 0.02935600 0.00786700 -0.00486900
v 0.03222000 0.00971500 -0.00486900
v 0.03286600 0.00860600 -0.00431500
v 0.02935600 0.00953000 -0.00459200
v 0.02935600 0.00842200 -0.00449900
v 0.03222000 0.00953000 -0.00440700
v 0.03249700 0.00925300 -0.00422200
v 0.02926400 0.00906800 -0.00431500
v -0.02551500 -0.03979900 -0.00311400
v -0.02551500 -0.03887500 -0.00302100
v -0.02542300 -0.04044500 -0.00274400
v -0.02542300 -0.03795100 -0.00228200
v -0.02523800 -0.04053800 0.00011900
v -0.02523800 -0.03942900 0.00030400
v -0.02542300 -0.04127700 -0.00182100
v -0.02533100 -0.04118400 -0.00071200
v -0.02523800 -0.03591900 0.00067400
v -0.02828700 -0.03591900 -0.00062000
v -0.02810200 -0.03795100 -0.00209800
v -0.02976500 -0.03591900 -0.00052700
v -0.02533100 -0.03591900 -0.00080400
v -0.02717800 -0.03795100 -0.00219000
v -0.02680900 -0.03591900 -0.00071200
v -0.02801000 -0.03591900 -0.00089700
v -0.02708600 -0.03591900 -0.00098900
v -0.02828700 -0.02963700 -0.00062000
v -0.02976500 -0.02963700 -0.00052700
v -0.02523800 -0.02945300 0.00058100
v -0.02533100 -0.02963700 -0.00080400
v -0.02680900 -0.02963700 -0.00071200
v -0.02717800 -0.02973000 -0.00163600
v -0.02801000 -0.02973000 -0.00154300
v -0.02837900 -0.02234000 -0.00145100
v -0.02985700 -0.02234000 -0.00135900
v -0.02533100 -0.02206300 -0.00015800
v -0.02542300 -0.02234000 -0.00163600
v -0.02690100 -0.02234000 -0.00154300
v -0.02727100 -0.02252500 -0.00302100
v -0.02810200 -0.02252500 -0.00292900
v -0.02837900 -0.01716700 -0.00219000
v -0.02985700 -0.01716700 -0.00209800
v -0.02533100 -0.01698200 -0.00098900
v -0.02542300 -0.01716700 -0.00237500
v -0.02690100 -0.01716700 -0.00228200
v -0.02736300 -0.01744400 -0.00403800
v -0.02819400 -0.01744400 -0.00394500
v -0.02856400 0.00352600 -0.00865700
v -0.02856400 0.00324900 -0.00496100
v -0.03004200 0.00324900 -0.00486900
v -0.02551500 0.00324900 -0.00376000
v -0.02560800 0.00324900 -0.00523800
v -0.02708600 0.00324900 -0.00514600
v -0.02764000 0.00352600 -0.00874900
v -0.02856400 0.00592700 -0.00856400
v -0.02856400 0.00491100 -0.00486900
v -0.03004200 0.00491100 -0.00477700
v -0.02551500 0.00454200 -0.00366800
v -0.02560800 0.00491100 -0.00505400
v -0.02708600 0.00491100 -0.00496100
v -0.02764000 0.00592700 -0.00865700
v -0.02847100 0.00916100 -0.00764000
v -0.02856400 0.00749800 -0.00422200
v -0.03004200 0.00749800 -0.00413000
v -0.02551500 0.00685100 -0.00311400
v -0.02560800 0.00749800 -0.00440700
v -0.02708600 0.00749800 -0.00431500
v -0.02754800 0.00916100 -0.00773300
v -0.02837900 0.01128500 -0.00653200
v -0.02847100 0.00906800 -0.00339100
v -0.02994900 0.00906800 -0.00329900
v -0.02542300 0.00823700 -0.00237500
v -0.02551500 0.00906800 -0.00357600
v -0.02699300 0.00906800 -0.00348300
v -0.02754800 0.01128500 -0.00662400
v -0.02828700 0.01267100 -0.00551600
v -0.02837900 0.01008400 -0.00274400
v -0.02985700 0.01008400 -0.00256000
v -0.02542300 0.00906800 -0.00182100
v -0.02551500 0.01008400 -0.00292900
v -0.02699300 0.01008400 -0.00283700
v -0.02745500 0.01267100 -0.00560800
v -0.02819400 0.01479500 -0.00339100
v -0.02828700 0.01165500 -0.00108200
v -0.02976500 0.01165500 -0.00098900
v -0.02533100 0.01045400 -0.00043500
v -0.02533100 0.01165500 -0.00126600
v -0.02680900 0.01165500 -0.00117400
v -0.02727100 0.01479500 -0.00339100
v -0.02801000 0.01608900 -0.00145100
v -0.02819400 0.01267100 0.00030400
v -0.02967200 0.01267100 0.00039600
v -0.02523800 0.01137800 0.00076600
v -0.02523800 0.01267100 0.00011900
v -0.02671600 0.01267100 0.00021200
v -0.02717800 0.01608900 -0.00154300
v -0.02791700 0.01701200 0.00039600
v -0.02810200 0.01331700 0.00159700
v -0.02958000 0.01331700 0.00169000
v -0.02514600 0.01193200 0.00178200
v -0.02514600 0.01331700 0.00141300
v -0.02662400 0.01331700 0.00150500
v -0.02699300 0.01701200 0.00039600
v -0.02773200 0.01775100 0.00326000
v -0.02801000 0.01396400 0.00372200
v -0.02948800 0.01396400 0.00381400
v -0.02505400 0.01248600 0.00372200
v -0.02505400 0.01396400 0.00353700
v -0.02653200 0.01396400 0.00363000
v -0.02680900 0.01775100 0.00316800
v -0.02754800 0.01775100 0.00584700
v -0.02782500 0.01414900 0.00547700
v -0.02930300 0.01414900 0.00556900
v -0.02486900 0.01285600 0.00510800
v -0.02486900 0.01414900 0.00529200
v -0.02634700 0.01414900 0.00538500
v -0.02662400 0.01775100 0.00584700
v -0.02690100 0.01590400 0.01443700
v -0.02727100 0.01322500 0.01425300
v -0.02874900 0.01322500 0.01434500
v -0.02431500 0.01183900 0.01397600
v -0.02431500 0.01322500 0.01406800
v -0.02579300 0.01322500 0.01416000
v -0.02671600 0.01562700 0.01702400
v -0.02708600 0.01304000 0.01702400
v -0.02607000 0.01590400 0.01434500
v -0.02690100 0.01294800 0.01896400
v -0.02856400 0.01304000 0.01711700
v -0.02837900 0.01294800 0.01905600
v -0.02413000 0.01165500 0.01683900
v -0.02413000 0.01304000 0.01683900
v -0.02560800 0.01304000 0.01693200
v -0.02588500 0.01562700 0.01693200
v -0.02662400 0.01562700 0.01877900
v -0.02828700 0.01313300 0.02081200
v -0.02680900 0.01313300 0.02071900
v -0.02819400 0.01341000 0.02238200
v -0.02394500 0.01165500 0.01887200
v -0.02394500 0.01294800 0.01877900
v -0.02542300 0.01294800 0.01887200
v -0.02570000 0.01562700 0.01868700
v -0.02653200 0.01571900 0.02016500
v -0.02671600 0.01341000 0.02229000
v -0.02801000 0.01405600 0.02478400
v -0.02385300 0.01165500 0.02071900
v -0.02366800 0.01202400 0.02247400
v -0.02385300 0.01313300 0.02044200
v -0.02533100 0.01313300 0.02053400
v -0.02560800 0.01571900 0.02007300
v -0.02643900 0.01571900 0.02164300
v -0.02653200 0.01405600 0.02459900
v -0.02357600 0.01267100 0.02487600
v -0.02680900 0.01978400 0.04159600
v -0.02376000 0.01341000 0.02210500
v -0.02357600 0.01405600 0.02441400
v -0.02237500 0.01839800 0.04168900
v -0.02523800 0.01341000 0.02219700
v -0.02551500 0.01571900 0.02155100
v -0.02625400 0.01599600 0.02404500
v -0.02533100 0.01978400 0.04150400
v -0.02662400 0.02070700 0.04446000
v -0.02219000 0.01932200 0.04446000
v -0.02505400 0.01405600 0.02450700
v -0.02237500 0.01969100 0.04128800
v -0.02533100 0.01599600 0.02395200
v -0.02505400 0.02126200 0.04104200
v -0.02514600 0.02070700 0.04436700
v -0.02219000 0.02070700 0.04409000
v -0.02643900 0.02126200 0.04676900
v -0.02200500 0.01978400 0.04649200
v -0.02385300 0.01978400 0.04141100
v -0.02422200 0.02126200 0.04095000
v -0.02486900 0.02218500 0.04390600
v -0.02533100 0.02255500 0.06275000
v -0.02496100 0.02126200 0.04667700
v -0.02071200 0.02477200 0.06515200
v -0.02366800 0.02070700 0.04418300
v -0.02200500 0.02126200 0.04649200
v -0.02625400 0.02172400 0.04991000
v -0.02182000 0.02024600 0.04981800
v -0.02477600 0.02172400 0.04981800
v -0.02468400 0.02274000 0.04658400
v -0.02394500 0.02218500 0.04390600
v -0.02089700 0.02384800 0.06321200
v -0.02080400 0.02468000 0.06404400
v -0.02061900 0.02421800 0.06616800
v -0.02061900 0.02320200 0.06663000
v -0.02061900 0.02209300 0.06644500
v -0.02560800 0.02227800 0.05896300
v -0.02579300 0.02209300 0.05554500
v -0.02431500 0.02209300 0.05545200
v -0.02413000 0.02227800 0.05877800
v -0.02357600 0.02384800 0.06339700
v -0.02071200 0.02126200 0.06561400
v -0.02080400 0.02126200 0.06441300
v -0.02348300 0.02126200 0.04658400
v -0.02182000 0.02172400 0.04963300
v -0.02135900 0.02061500 0.05536000
v -0.02449900 0.02320200 0.04963300
v -0.02376000 0.02274000 0.04658400
v -0.02385300 0.02255500 0.06265800
v -0.02089700 0.02255500 0.06247300
v -0.02089700 0.02107700 0.06256500
v -0.02117400 0.02080000 0.05868600
v -0.02255900 0.02384800 0.06330400
v -0.02265200 0.02283200 0.06256500
v -0.02403700 0.02320200 0.05536000
v -0.02385300 0.02292400 0.05877800
v -0.02357600 0.02283200 0.06265800
v -0.02237500 0.02255500 0.06256500
v -0.02329800 0.02172400 0.04972500
v -0.02145100 0.02209300 0.05526800
v -0.02357600 0.02320200 0.04954000
v -0.02292900 0.02292400 0.05868600
v -0.02117400 0.02227800 0.05859300
v -0.02320600 0.02320200 0.05526800
v -0.02265200 0.02227800 0.05868600
v -0.02292900 0.02209300 0.05536000
v 0.02649200 -0.03887500 -0.00283700
v 0.02649200 -0.03998400 -0.00292900
v 0.02640000 -0.03795100 -0.00228200
v 0.02649200 -0.04035300 -0.00274400
v 0.02621500 -0.04053800 0.00011900
v 0.02640000 -0.04109200 -0.00182100
v 0.02630800 -0.04136900 -0.00071200
v 0.02621500 -0.03942900 0.00030400
v 0.02778600 -0.03591900 -0.00071200
v 0.02815500 -0.03795100 -0.00219000
v 0.02630800 -0.03591900 -0.00080400
v 0.02621500 -0.03591900 0.00067400
v 0.03074200 -0.03591900 -0.00052700
v 0.02917100 -0.03795100 -0.00209800
v 0.02926400 -0.03591900 -0.00062000
v 0.02815500 -0.03591900 -0.00098900
v 0.02898600 -0.03591900 -0.00089700
v 0.02778600 -0.02963700 -0.00071200
v 0.02630800 -0.02963700 -0.00080400
v 0.02621500 -0.02945300 0.00058100
v 0.03074200 -0.02963700 -0.00052700
v 0.02926400 -0.02963700 -0.00062000
v 0.02907900 -0.02973000 -0.00154300
v 0.02815500 -0.02973000 -0.00163600
v 0.02787800 -0.02234000 -0.00154300
v 0.02640000 -0.02234000 -0.00163600
v 0.02630800 -0.02206300 -0.00015800
v 0.03083400 -0.02234000 -0.00135900
v 0.02935600 -0.02234000 -0.00145100
v 0.02917100 -0.02252500 -0.00292900
v 0.02824700 -0.02252500 -0.00302100
v 0.02787800 -0.01716700 -0.00228200
v 0.02640000 -0.01716700 -0.00237500
v 0.02630800 -0.01698200 -0.00098900
v 0.03083400 -0.01716700 -0.00209800
v 0.02935600 -0.01716700 -0.00219000
v 0.02917100 -0.01744400 -0.00394500
v 0.02834000 -0.01744400 -0.00403800
v 0.02861700 0.00352600 -0.00874900
v 0.02806300 0.00324900 -0.00514600
v 0.02667700 0.00324900 -0.00523800
v 0.03101900 0.00324900 -0.00486900
v 0.02954100 0.00324900 -0.00496100
v 0.02954100 0.00352600 -0.00865700
v 0.02649200 0.00324900 -0.00376000
v 0.02861700 0.00592700 -0.00865700
v 0.02806300 0.00491100 -0.00496100
v 0.02658500 0.00491100 -0.00505400
v 0.02649200 0.00454200 -0.00366800
v 0.03101900 0.00491100 -0.00477700
v 0.02954100 0.00491100 -0.00486900
v 0.02954100 0.00592700 -0.00856400
v 0.02861700 0.00916100 -0.00773300
v 0.02806300 0.00749800 -0.00431500
v 0.02658500 0.00749800 -0.00440700
v 0.02649200 0.00685100 -0.00311400
v 0.03101900 0.00749800 -0.00413000
v 0.02954100 0.00749800 -0.00422200
v 0.02944800 0.00916100 -0.00764000
v 0.02852500 0.01128500 -0.00662400
v 0.02797000 0.00906800 -0.00348300
v 0.02649200 0.00906800 -0.00357600
v 0.02640000 0.00823700 -0.00237500
v 0.03092600 0.00906800 -0.00329900
v 0.02944800 0.00906800 -0.00339100
v 0.02935600 0.01128500 -0.00653200
v 0.02843200 0.01267100 -0.00560800
v 0.02797000 0.01008400 -0.00283700
v 0.02649200 0.01008400 -0.00292900
v 0.02640000 0.00906800 -0.00182100
v 0.03092600 0.01008400 -0.00256000
v 0.02944800 0.01008400 -0.00274400
v 0.02935600 0.01267100 -0.00551600
v 0.02824700 0.01479500 -0.00339100
v 0.02787800 0.01165500 -0.00117400
v 0.02640000 0.01165500 -0.00126600
v 0.02630800 0.01045400 -0.00043500
v 0.03074200 0.01165500 -0.00098900
v 0.02926400 0.01165500 -0.00108200
v 0.02917100 0.01479500 -0.00339100
v 0.02815500 0.01608900 -0.00154300
v 0.02769300 0.01267100 0.00021200
v 0.02630800 0.01267100 0.00011900
v 0.02621500 0.01137800 0.00076600
v 0.03064900 0.01267100 0.00039600
v 0.02917100 0.01267100 0.00030400
v 0.02907900 0.01608900 -0.00145100
v 0.02806300 0.01701200 0.00039600
v 0.02760100 0.01331700 0.00150500
v 0.02621500 0.01331700 0.00141300
v 0.02612300 0.01193200 0.00178200
v 0.03055700 0.01331700 0.00169000
v 0.02907900 0.01331700 0.00159700
v 0.02889400 0.01701200 0.00039600
v 0.02778600 0.01775100 0.00316800
v 0.02750800 0.01396400 0.00363000
v 0.02603000 0.01396400 0.00353700
v 0.02603000 0.01248600 0.00372200
v 0.03046400 0.01396400 0.00381400
v 0.02898600 0.01396400 0.00372200
v 0.02870900 0.01775100 0.00326000
v 0.02760100 0.01775100 0.00584700
v 0.02741600 0.01414900 0.00538500
v 0.02593800 0.01414900 0.00529200
v 0.02593800 0.01285600 0.00510800
v 0.03028000 0.01414900 0.00556900
v 0.02880200 0.01414900 0.00547700
v 0.02852500 0.01775100 0.00584700
v 0.02704700 0.01590400 0.01434500
v 0.02676900 0.01322500 0.01416000
v 0.02529100 0.01322500 0.01406800
v 0.02529100 0.01193200 0.01397600
v 0.02972500 0.01322500 0.01434500
v 0.02824700 0.01322500 0.01425300
v 0.02686200 0.01562700 0.01693200
v 0.02658500 0.01304000 0.01693200
v 0.02797000 0.01590400 0.01443700
v 0.02640000 0.01294800 0.01887200
v 0.02510700 0.01304000 0.01683900
v 0.02492200 0.01294800 0.01877900
v 0.02510700 0.01174700 0.01683900
v 0.02954100 0.01304000 0.01711700
v 0.02806300 0.01304000 0.01702400
v 0.02778600 0.01562700 0.01702400
v 0.02676900 0.01562700 0.01868700
v 0.02483000 0.01313300 0.02044200
v 0.02630800 0.01313300 0.02053400
v 0.02492200 0.01174700 0.01887200
v 0.02483000 0.01165500 0.02071900
v 0.02473700 0.01341000 0.02210500
v 0.02935600 0.01294800 0.01905600
v 0.02787800 0.01294800 0.01896400
v 0.02760100 0.01562700 0.01877900
v 0.02667700 0.01571900 0.02007300
v 0.02621500 0.01341000 0.02219700
v 0.02473700 0.01202400 0.02247400
v 0.02455200 0.01405600 0.02441400
v 0.02455200 0.01267100 0.02487600
v 0.02926400 0.01313300 0.02081200
v 0.02778600 0.01313300 0.02071900
v 0.02750800 0.01571900 0.02016500
v 0.02649200 0.01571900 0.02155100
v 0.02603000 0.01405600 0.02450700
v 0.02335200 0.01969100 0.04128800
v 0.02335200 0.01839800 0.04168900
v 0.02917100 0.01341000 0.02238200
v 0.02898600 0.01405600 0.02478400
v 0.02769300 0.01341000 0.02229000
v 0.02741600 0.01571900 0.02164300
v 0.02640000 0.01599600 0.02395200
v 0.02483000 0.01978400 0.04141100
v 0.02316700 0.02070700 0.04409000
v 0.02316700 0.01932200 0.04446000
v 0.02750800 0.01405600 0.02459900
v 0.02778600 0.01978400 0.04159600
v 0.02723100 0.01599600 0.02404500
v 0.02519900 0.02126200 0.04095000
v 0.02464500 0.02070700 0.04418300
v 0.02760100 0.02070700 0.04446000
v 0.02298200 0.02126200 0.04649200
v 0.02298200 0.01978400 0.04649200
v 0.02630800 0.01978400 0.04150400
v 0.02603000 0.02126200 0.04104200
v 0.02501400 0.02218500 0.04390600
v 0.02187400 0.02255500 0.06247300
v 0.02168900 0.02126200 0.06561400
v 0.02159600 0.02320200 0.06663000
v 0.02446000 0.02126200 0.04658400
v 0.02168900 0.02477200 0.06515200
v 0.02187400 0.02384800 0.06321200
v 0.02159600 0.02421800 0.06616800
v 0.02178100 0.02468000 0.06404400
v 0.02159600 0.02209300 0.06644500
v 0.02612300 0.02070700 0.04436700
v 0.02187400 0.02107700 0.06256500
v 0.02741600 0.02126200 0.04676900
v 0.02279700 0.02172400 0.04963300
v 0.02279700 0.02024600 0.04981800
v 0.02427500 0.02172400 0.04972500
v 0.02483000 0.02274000 0.04658400
v 0.02584600 0.02218500 0.04390600
v 0.02178100 0.02116900 0.06441300
v 0.02215100 0.02227800 0.05859300
v 0.02242800 0.02209300 0.05526800
v 0.02215100 0.02080000 0.05868600
v 0.02242800 0.02061500 0.05536000
v 0.02390600 0.02209300 0.05536000
v 0.02362900 0.02227800 0.05868600
v 0.02353600 0.02384800 0.06330400
v 0.02593800 0.02126200 0.04667700
v 0.02723100 0.02172400 0.04991000
v 0.02455200 0.02320200 0.04954000
v 0.02566100 0.02274000 0.04658400
v 0.02335200 0.02255500 0.06256500
v 0.02630800 0.02255500 0.06275000
v 0.02455200 0.02384800 0.06339700
v 0.02455200 0.02283200 0.06265800
v 0.02418300 0.02320200 0.05526800
v 0.02390600 0.02292400 0.05868600
v 0.02362900 0.02283200 0.06256500
v 0.02483000 0.02255500 0.06265800
v 0.02575300 0.02172400 0.04981800
v 0.02686200 0.02209300 0.05554500
v 0.02547600 0.02320200 0.04963300
v 0.02483000 0.02292400 0.05877800
v 0.02658500 0.02227800 0.05896300
v 0.02510700 0.02320200 0.05536000
v 0.02510700 0.02227800 0.05877800
v 0.02538400 0.02209300 0.05545200
v 0.02335200 0.01904500 0.04141100
v 0.02215100 0.01826000 0.03804000
v 0.02362900 0.01812100 0.03845500
v 0.02224300 0.01872100 0.03785500
v 0.02362900 0.01849000 0.03836300
v 0.02205800 0.01784400 0.03743900
v 0.02039600 0.01978400 0.03734700
v 0.02039600 0.01950700 0.03688500
v 0.02048800 0.02006100 0.03753100
v 0.01688500 0.02126200 0.03688500
v 0.01688500 0.02098500 0.03633100
v 0.02372100 0.01812100 0.03734700
v 0.02372100 0.01793600 0.03670000
v 0.02224300 0.01867500 0.03716200
v 0.02224300 0.01849000 0.03660800
v 0.02381300 0.01756700 0.03577600
v 0.02224300 0.01821300 0.03614600
v 0.02399800 0.01655100 0.03291300
v 0.02399800 0.01618100 0.03300500
v 0.02224300 0.01793600 0.03596100
v 0.02381300 0.01719700 0.03586900
v 0.02215100 0.01765900 0.03605300
v 0.02372100 0.01756700 0.03688500
v 0.02215100 0.01747400 0.03633100
v 0.02372100 0.01765900 0.03743900
v 0.02205800 0.01765900 0.03688500
v 0.00783200 0.02255500 0.03577600
v 0.02039600 0.01932200 0.03633100
v 0.01688500 0.02080000 0.03577600
v 0.00783200 0.02237000 0.03531400
v 0.02067300 0.02033800 0.03743900
v 0.01688500 0.02163100 0.03716200
v 0.00783200 0.02292400 0.03633100
v 0.02076500 0.02043000 0.03716200
v 0.02076500 0.02033800 0.03660800
v 0.02076500 0.02015300 0.03605300
v 0.02076500 0.01987600 0.03549900
v 0.02067300 0.01959900 0.03540700
v 0.02048800 0.01932200 0.03540700
v 0.02039600 0.01922900 0.03577600
v 0.00062700 0.02246300 0.03513000
v 0.00062700 0.02274000 0.03586900
v 0.01688500 0.02070700 0.03522200
v 0.00783200 0.02237000 0.03457500
v 0.00062700 0.02246300 0.03439100
v -0.00667100 0.02237000 0.03531400
v 0.01697800 0.02190800 0.03707000
v 0.00792500 0.02338700 0.03660800
v 0.00062700 0.02310900 0.03642300
v -0.00667100 0.02255500 0.03577600
v 0.01707000 0.02200100 0.03660800
v 0.01707000 0.02181600 0.03605300
v 0.01707000 0.02163100 0.03549900
v 0.01707000 0.02135400 0.03503700
v 0.01697800 0.02107700 0.03466800
v 0.01688500 0.02080000 0.03476000
v -0.00667100 0.02237000 0.03457500
v -0.01563100 0.02080000 0.03577600
v 0.00792500 0.02246300 0.03411400
v 0.00062700 0.02255500 0.03392900
v -0.00667100 0.02246300 0.03411400
v -0.01563100 0.02070700 0.03522200
v 0.00792500 0.02375600 0.03651500
v 0.00062700 0.02357100 0.03670000
v -0.00667100 0.02292400 0.03633100
v -0.01563100 0.02098500 0.03633100
v -0.02283700 0.01719700 0.03586900
v -0.02302100 0.01618100 0.03300500
v -0.02089700 0.01747400 0.03633100
v -0.01923400 0.01932200 0.03633100
v -0.01923400 0.01922900 0.03577600
v 0.00792500 0.02394100 0.03605300
v 0.00801700 0.02394100 0.03531400
v 0.00801700 0.02375600 0.03485300
v 0.00792500 0.02329400 0.03429800
v 0.00792500 0.02292400 0.03402100
v -0.01572400 0.02080000 0.03476000
v -0.02302100 0.01655100 0.03291300
v -0.02098900 0.01779800 0.03600700
v -0.02089700 0.01765900 0.03688500
v 0.00062700 0.02301700 0.03383600
v -0.00676300 0.02292400 0.03402100
v -0.01581600 0.02107700 0.03466800
v -0.01937200 0.01946000 0.03540700
v -0.02283700 0.01756700 0.03577600
v 0.00062700 0.02394100 0.03660800
v -0.00667100 0.02338700 0.03660800
v -0.01563100 0.02126200 0.03688500
v -0.02274400 0.01756700 0.03688500
v -0.01923400 0.01950700 0.03688500
v 0.00062700 0.02412600 0.03614600
v 0.00062700 0.02412600 0.03540700
v 0.00062700 0.02384800 0.03466800
v 0.00062700 0.02338700 0.03402100
v -0.02108100 0.01821300 0.03614600
v -0.02089700 0.01784400 0.03743900
v -0.00676300 0.02329400 0.03429800
v -0.01590800 0.02135400 0.03503700
v -0.02274400 0.01793600 0.03670000
v -0.01951100 0.01987600 0.03549900
v -0.00676300 0.02375600 0.03651500
v -0.01572400 0.02163100 0.03716200
v -0.02265200 0.01765900 0.03743900
v -0.01923400 0.01978400 0.03734700
v -0.00676300 0.02394100 0.03605300
v -0.00676300 0.02394100 0.03531400
v -0.00676300 0.02375600 0.03485300
v -0.02108100 0.01849000 0.03660800
v -0.02089700 0.01812100 0.03799300
v -0.01590800 0.02163100 0.03549900
v -0.02265200 0.01812100 0.03734700
v -0.01960300 0.02015300 0.03605300
v -0.02255900 0.01812100 0.03845500
v -0.01581600 0.02190800 0.03707000
v -0.01932600 0.02006100 0.03753100
v -0.01590800 0.02200100 0.03660800
v -0.01590800 0.02181600 0.03605300
v -0.02108100 0.01867500 0.03716200
v -0.02237500 0.01904500 0.04141100
v -0.02255900 0.01849000 0.03836300
v -0.01960300 0.02033800 0.03660800
v -0.02098900 0.01853700 0.03804000
v -0.01941900 0.02033800 0.03743900
v -0.01951100 0.02043000 0.03716200
v -0.02108100 0.01876800 0.03771600
v -0.03152000 0.00592700 -0.00542300
v -0.03188900 0.00805200 -0.00449900
v -0.03188900 0.00583500 -0.00523800
v -0.03152000 0.00805200 -0.00468400
v -0.03128900 0.00597300 -0.00579300
v -0.03124300 0.00823700 -0.00496100
v -0.03130400 0.00602000 -0.00607000
v -0.03119700 0.00837500 -0.00533100
v -0.03152000 0.00848300 -0.00560800
v -0.03161200 0.00611200 -0.00634700
v -0.03290500 0.00999200 -0.00329900
v -0.03327500 0.01008400 -0.00339100
v -0.03299800 0.00805200 -0.00440700
v -0.03244400 0.00805200 -0.00440700
v -0.03161200 0.00361800 -0.00560800
v -0.03128900 0.00361800 -0.00602400
v -0.03207400 0.00611200 -0.00653200
v -0.03198200 0.00860600 -0.00579300
v -0.03235100 0.00999200 -0.00329900
v -0.03179700 0.00999200 -0.00339100
v -0.03142700 0.01008400 -0.00357600
v -0.03115000 0.01026900 -0.00376000
v -0.03110400 0.01050000 -0.00413000
v -0.03142700 0.01073100 -0.00440700
v -0.03244400 0.00860600 -0.00579300
v -0.03188900 0.01082300 -0.00449900
v -0.03299800 0.00860600 -0.00570000
v -0.03244400 0.01082300 -0.00449900
v -0.03299800 0.01082300 -0.00440700
v -0.03346000 0.00851400 -0.00551600
v -0.03378300 0.00837500 -0.00514600
v -0.03336700 0.01073100 -0.00431500
v -0.03373700 0.00823700 -0.00477700
v -0.03369100 0.01050000 -0.00394500
v -0.03369100 0.01036100 -0.00376000
v -0.03336700 0.00805200 -0.00459200
v -0.03318300 0.01183900 -0.00191300
v -0.03244400 0.00583500 -0.00514600
v -0.03198200 0.00361800 -0.00542300
v -0.03299800 0.00583500 -0.00514600
v -0.03346000 0.00592700 -0.00523800
v -0.03379800 0.00598900 -0.00573100
v -0.03355200 0.00611200 -0.00625500
v -0.03309000 0.00611200 -0.00643900
v -0.03253600 0.00611200 -0.00653200
v -0.03119700 0.00121600 -0.00583900
v -0.03130400 0.00361800 -0.00634700
v -0.03161200 0.00361800 -0.00662400
v -0.03207400 0.00361800 -0.00680900
v -0.03161200 0.00130800 -0.00542300
v -0.03281300 0.01174700 -0.00182100
v -0.03359800 0.01211700 -0.00219000
v -0.03336700 0.01350200 -0.00025000
v -0.03309000 0.01331700 -0.00015800
v -0.03120300 0.00116300 -0.00608300
v -0.03262800 0.00361800 -0.00680900
v -0.03105800 -0.01322500 -0.00302100
v -0.03225900 0.01174700 -0.00182100
v -0.03170500 0.01174700 -0.00191300
v -0.03133500 0.01183900 -0.00209800
v -0.03101200 0.01211700 -0.00237500
v -0.03102700 0.01233200 -0.00259000
v -0.03133500 0.01257800 -0.00274400
v -0.03179700 0.01276300 -0.00283700
v -0.03235100 0.01276300 -0.00283700
v -0.03290500 0.01276300 -0.00283700
v -0.03327500 0.01267100 -0.00265200
v -0.03359800 0.01230100 -0.00237500
v -0.03332100 0.01470300 0.00182800
v -0.03253600 0.00361800 -0.00533100
v -0.03188900 0.00130800 -0.00523800
v -0.03309000 0.00361800 -0.00542300
v -0.03346000 0.00361800 -0.00551600
v -0.03387500 0.00361800 -0.00611600
v -0.03355200 0.00361800 -0.00653200
v -0.03313600 0.00361800 -0.00671600
v -0.03161200 0.00112400 -0.00643900
v -0.03198200 0.00103200 -0.00653200
v -0.03253600 0.00103200 -0.00662400
v -0.03142700 -0.01319400 -0.00265200
v -0.03262800 0.01313300 -0.00006500
v -0.03290500 0.01433400 0.00196700
v -0.03346000 0.01387200 -0.00043500
v -0.03373700 0.00361800 -0.00570000
v -0.03309000 0.00103200 -0.00653200
v -0.03105800 -0.01439500 -0.00256000
v -0.03309000 0.01516500 0.00418400
v -0.03216700 0.01313300 -0.00006500
v -0.03161200 0.01313300 -0.00015800
v -0.03124300 0.01331700 -0.00025000
v -0.03096600 0.01350200 -0.00043500
v -0.03082700 0.01387200 -0.00062000
v -0.03115000 0.01414900 -0.00080400
v -0.03161200 0.01433400 -0.00089700
v -0.03216700 0.01433400 -0.00089700
v -0.03272100 0.01433400 -0.00080400
v -0.03309000 0.01414900 -0.00071200
v -0.03327500 0.01507300 0.00169000
v -0.03313600 0.01558100 0.00409100
v -0.03244400 0.00130800 -0.00514600
v -0.03179700 -0.01310200 -0.00246700
v -0.03133500 -0.01430300 -0.00228200
v -0.03299800 0.00130800 -0.00514600
v -0.03336700 0.00130800 -0.00533100
v -0.03378300 0.00121600 -0.00565400
v -0.03373700 0.00112400 -0.00607000
v -0.03346000 0.00112400 -0.00634700
v -0.03142700 -0.01337900 -0.00366800
v -0.03188900 -0.01337900 -0.00376000
v -0.03235100 -0.01337900 -0.00376000
v -0.03290500 -0.01337900 -0.00366800
v -0.03110400 -0.01328700 -0.00329900
v -0.03101200 -0.01453400 -0.00292900
v -0.03253600 0.01414900 0.00196700
v -0.03281300 0.01488800 0.00418400
v -0.03299800 0.01535000 0.00159700
v -0.03281300 0.01599600 0.00399900
v -0.03295200 0.01576500 0.00649300
v -0.03102700 -0.01553500 -0.00206700
v -0.03293600 0.01544200 0.00649300
v -0.03188900 0.01414900 0.00196700
v -0.03133500 0.01414900 0.00187400
v -0.03096600 0.01433400 0.00178200
v -0.03062700 0.01482600 0.00159700
v -0.03096600 0.01525700 0.00141300
v -0.03133500 0.01544200 0.00141300
v -0.03188900 0.01553400 0.00141300
v -0.03253600 0.01544200 0.00150500
v -0.03262800 0.01618100 0.00649300
v -0.03225900 -0.01310200 -0.00237500
v -0.03170500 -0.01421100 -0.00209800
v -0.03133500 -0.01531900 -0.00172800
v -0.03281300 -0.01310200 -0.00237500
v -0.03355200 -0.01319400 -0.00274400
v -0.03364500 -0.01328700 -0.00311400
v -0.03133500 -0.01467200 -0.00320600
v -0.03179700 -0.01476500 -0.00339100
v -0.03235100 -0.01476500 -0.00339100
v -0.03290500 -0.01476500 -0.00329900
v -0.03327500 -0.01337900 -0.00357600
v -0.03101200 -0.01568900 -0.00228200
v -0.03093500 -0.01661200 -0.00135900
v -0.03225900 0.01479500 0.00418400
v -0.03262800 0.01507300 0.00649300
v -0.03225900 0.01608900 0.00390700
v -0.03207400 0.01627300 0.00649300
v -0.03253600 0.01571900 0.01850200
v -0.03284400 0.01516500 0.01850200
v -0.03327500 -0.01319400 -0.00246700
v -0.03133500 -0.01587300 -0.00256000
v -0.03124300 -0.01698200 -0.00172800
v -0.03170500 0.01470300 0.00409100
v -0.03115000 0.01479500 0.00409100
v -0.03068800 0.01488800 0.00399900
v -0.03027300 0.01558100 0.00390700
v -0.03068800 0.01590400 0.00381400
v -0.03115000 0.01608900 0.00381400
v -0.03170500 0.01618100 0.00390700
v -0.03133500 0.01581200 0.01841000
v -0.03225900 -0.01421100 -0.00200500
v -0.03170500 -0.01522700 -0.00154300
v -0.03124300 -0.01624300 -0.00098900
v -0.03124300 -0.01781300 -0.00062000
v -0.03087300 -0.01753600 -0.00048100
v -0.03272100 0.01507300 0.02016500
v -0.03235100 0.01535000 0.02025700
v -0.03281300 -0.01421100 -0.00200500
v -0.03355200 -0.01439500 -0.00237500
v -0.03359800 -0.01453400 -0.00274400
v -0.03179700 -0.01596600 -0.00274400
v -0.03225900 -0.01605800 -0.00274400
v -0.03281300 -0.01596600 -0.00265200
v -0.03327500 -0.01467200 -0.00311400
v -0.03216700 0.01488800 0.00640100
v -0.03253600 0.01461100 0.01841000
v -0.03276700 0.01470300 0.02002600
v -0.03041100 0.01516500 0.00399900
v -0.03142700 0.01636600 0.00640100
v -0.03078100 0.01590400 0.01841000
v -0.03124300 0.01544200 0.02025700
v -0.03087300 -0.01716700 -0.00025000
v -0.03115000 -0.01846000 0.00058100
v -0.03225900 0.01433400 0.02182800
v -0.03318300 -0.01430300 -0.00219000
v -0.03170500 -0.01707400 -0.00182100
v -0.03161200 -0.01799800 -0.00071200
v -0.03267500 0.01405600 0.02159700
v -0.03152000 -0.01864500 0.00048900
v -0.03013400 -0.02270900 0.02053400
v -0.02921000 -0.02252500 0.02044200
v -0.03152000 0.01488800 0.00640100
v -0.03087300 0.01488800 0.00630800
v -0.03041100 0.01507300 0.00630800
v -0.02999600 0.01548800 0.00630800
v -0.03001100 0.01575000 0.00630800
v -0.03031900 0.01608900 0.00630800
v -0.03087300 0.01627300 0.00640100
v -0.03068800 0.01553400 0.02025700
v -0.03225900 -0.01522700 -0.00154300
v -0.03161200 -0.01615100 -0.00089700
v -0.03124300 -0.01698200 -0.00006500
v -0.03087300 -0.01827500 0.00067400
v -0.03082700 -0.01790600 0.00081200
v -0.03115000 0.01442600 0.02182800
v -0.03105800 0.01294800 0.02302900
v -0.03216700 0.01285600 0.02293600
v -0.03281300 -0.01522700 -0.00154300
v -0.03355200 -0.01555000 -0.00191300
v -0.03359800 -0.01568900 -0.00209800
v -0.03225900 -0.01716700 -0.00182100
v -0.03281300 -0.01707400 -0.00172800
v -0.03327500 -0.01587300 -0.00246700
v -0.03133500 0.01451800 0.01831700
v -0.03244400 0.01433400 0.01988800
v -0.03267500 0.01387200 0.02145800
v -0.03004200 -0.02270900 0.02256700
v -0.03031900 0.01581200 0.01831700
v -0.03013400 0.01544200 0.02016500
v -0.03059600 0.01451800 0.02182800
v -0.03096600 0.01110000 0.02358300
v -0.02888700 -0.02215500 0.02053400
v -0.02893300 -0.02252500 0.02238200
v -0.03318300 -0.01531900 -0.00163600
v -0.03216700 -0.01799800 -0.00071200
v -0.03207400 -0.01873700 0.00058100
v -0.03253600 0.01276300 0.02275100
v -0.03068800 -0.02280200 0.02053400
v -0.03216700 0.01110000 0.02349000
v -0.03050400 -0.02280200 0.02256700
v -0.03041100 -0.02206300 0.02450700
v -0.02985700 -0.02197000 0.02441400
v -0.03078100 0.01442600 0.01831700
v -0.03031900 0.01451800 0.01831700
v -0.02921000 0.01461100 0.01822500
v -0.02879500 0.01502600 0.01822500
v -0.02881000 0.01535000 0.01822500
v -0.02911800 0.01562700 0.01822500
v -0.03004200 0.01442600 0.02173500
v -0.03216700 -0.01605800 -0.00080400
v -0.03161200 -0.01689000 0.00002700
v -0.03115000 -0.01753600 0.00095100
v -0.03050400 0.01294800 0.02302900
v -0.03041100 0.01110000 0.02358300
v -0.03078100 -0.01670500 0.02700100
v -0.03272100 -0.01615100 -0.00080400
v -0.03350600 -0.01652000 -0.00108200
v -0.03349100 -0.01673600 -0.00129700
v -0.03272100 -0.01799800 -0.00062000
v -0.03318300 -0.01698200 -0.00163600
v -0.03124300 0.01414900 0.01970300
v -0.03235100 0.01350200 0.02108900
v -0.03258200 0.01253200 0.02238200
v -0.03031900 -0.02058500 0.02598500
v -0.02898000 0.01525700 0.02007300
v -0.02884100 0.01433400 0.02155100
v -0.02994900 0.01294800 0.02293600
v -0.02893300 -0.02178500 0.02062700
v -0.02862500 -0.02218600 0.02235100
v -0.03022700 -0.01670500 0.02700100
v -0.02865600 -0.02178500 0.02422900
v -0.02976500 -0.02058500 0.02589200
v -0.03309000 -0.01624300 -0.00089700
v -0.03262800 -0.01864500 0.00058100
v -0.03124300 -0.02270900 0.02062700
v -0.03258200 0.01105400 0.02312100
v -0.03188900 -0.01679700 0.02690800
v -0.03078100 -0.01873700 0.02681600
v -0.03105800 -0.02270900 0.02256700
v -0.03096600 -0.02197000 0.02450700
v -0.03022700 -0.01873700 0.02681600
v -0.03087300 -0.02058500 0.02598500
v -0.03068800 0.01414900 0.01970300
v -0.03022700 0.01419500 0.01970300
v -0.02902600 0.01433400 0.01961100
v -0.02870200 0.01470300 0.01974900
v -0.02874900 0.01507300 0.01988800
v -0.02884100 0.01285600 0.02265900
v -0.03207400 -0.01679700 0.00011900
v -0.03152000 -0.01744400 0.00104300
v -0.02921000 -0.02150800 0.02071900
v -0.02994900 0.01110000 0.02349000
v -0.02967200 -0.01670500 0.02690800
v -0.02967200 -0.01873700 0.02672400
v -0.03262800 -0.01689000 0.00011900
v -0.03336700 -0.01716700 -0.00006500
v -0.03341400 -0.01753600 -0.00029700
v -0.03309000 -0.01790600 -0.00052700
v -0.03115000 0.01341000 0.02090400
v -0.03225900 0.01239400 0.02201200
v -0.03256700 0.01100800 0.02284400
v -0.02862500 0.01408700 0.02130400
v -0.02856400 0.01276300 0.02247400
v -0.02847100 0.01105400 0.02279700
v -0.02874900 0.01110000 0.02321300
v -0.02861000 -0.02192400 0.02229000
v -0.02842500 -0.02150800 0.02399800
v -0.02856400 -0.02049200 0.02570700
v -0.03309000 -0.01698200 0.00002700
v -0.03299800 -0.01855200 0.00067400
v -0.03225900 -0.02252500 0.02265900
v -0.03230500 -0.01679700 0.02653900
v -0.03198200 -0.01873700 0.02681600
v -0.03207400 -0.02187800 0.02450700
v -0.03198200 -0.02049200 0.02589200
v -0.03064200 0.01341000 0.02090400
v -0.03013400 0.01341000 0.02090400
v -0.02902600 0.01350200 0.02090400
v -0.02861000 0.01387200 0.02113500
v -0.02851800 0.01253200 0.02210500
v -0.03207400 -0.01735100 0.00113500
v -0.03013400 -0.02141600 0.02081200
v -0.02902600 -0.02150800 0.02219700
v -0.02856400 -0.01679700 0.02663100
v -0.02856400 -0.01873700 0.02653900
v -0.03262800 -0.01744400 0.00113500
v -0.03332100 -0.01790600 0.00099700
v -0.03336700 -0.01818300 0.00088900
v -0.03235100 -0.02252500 0.02071900
v -0.03115000 0.01230100 0.02182800
v -0.03225900 0.01100800 0.02247400
v -0.02825600 -0.01682800 0.02610800
v -0.02847100 -0.02113900 0.02376800
v -0.02831800 -0.02018400 0.02524600
v -0.03299800 -0.01753600 0.00104300
v -0.03267500 -0.02215500 0.02081200
v -0.03253600 -0.02234000 0.02265900
v -0.03225900 -0.01689000 0.02616900
v -0.03249000 -0.02150800 0.02427500
v -0.03225900 -0.01864500 0.02653900
v -0.03239700 -0.02026100 0.02561500
v -0.03059600 0.01230100 0.02173500
v -0.03004200 0.01230100 0.02173500
v -0.02893300 0.01239400 0.02173500
v -0.03068800 -0.02132400 0.02081200
v -0.03004200 -0.02141600 0.02229000
v -0.02874900 -0.02095400 0.02367500
v -0.02824100 -0.01864500 0.02612300
v -0.03115000 -0.02141600 0.02081200
v -0.03262800 -0.02178500 0.02090400
v -0.03105800 0.01091600 0.02219700
v -0.03198200 -0.01689000 0.02589200
v -0.03230500 -0.01855200 0.02612300
v -0.03235100 -0.02150800 0.02090400
v -0.03258200 -0.02192400 0.02256700
v -0.03239100 -0.02011000 0.02541700
v -0.03059600 0.01091600 0.02210500
v -0.03004200 0.01091600 0.02210500
v -0.02893300 0.01100800 0.02219700
v -0.03050400 -0.02132400 0.02229000
v -0.02994900 -0.02086200 0.02367500
v -0.02828700 -0.01855200 0.02570700
v -0.02874900 -0.01984600 0.02487600
v -0.03105800 -0.02141600 0.02238200
v -0.03225900 -0.02150800 0.02247400
v -0.03244400 -0.02113900 0.02404500
v -0.03087300 -0.01689000 0.02561500
v -0.03198200 -0.01846000 0.02570700
v -0.02853300 0.01100800 0.02253600
v -0.02865600 -0.01689000 0.02561500
v -0.02865600 -0.01846000 0.02552300
v -0.03216700 -0.02095400 0.02395200
v -0.03207400 -0.01984600 0.02506100
v -0.03031900 -0.01689000 0.02552300
v -0.02976500 -0.01689000 0.02552300
v -0.03041100 -0.02076900 0.02367500
v -0.02985700 -0.01975300 0.02478400
v -0.03096600 -0.02086200 0.02376800
v -0.03087300 -0.01846000 0.02552300
v -0.02976500 -0.01846000 0.02543000
v -0.03087300 -0.01975300 0.02487600
v -0.03031900 -0.01836800 0.02543000
v -0.03041100 -0.01975300 0.02478400
v -0.02837900 0.00962200 -0.00551600
v -0.03124300 0.00971500 -0.00486900
v -0.02837900 0.00971500 -0.00505400
v -0.03115000 0.00953000 -0.00440700
v -0.03152000 0.00934500 -0.00523800
v -0.02828700 0.00953000 -0.00459200
v -0.02837900 0.00897600 -0.00588500
v -0.03152000 0.00925300 -0.00422200
v -0.03198200 0.00897600 -0.00560800
v -0.02828700 0.00906800 -0.00431500
v -0.02847100 0.00832900 -0.00607000
v -0.03188900 0.00860600 -0.00431500
v -0.02828700 0.00842200 -0.00449900
v -0.02837900 0.00796000 -0.00579300
v -0.03124300 0.00796000 -0.00560800
v -0.02837900 0.00786700 -0.00486900
v -0.02837900 0.00777500 -0.00533100
v -0.03124300 0.00777500 -0.00514600
v 0.00302900 -0.00571200 -0.04366700
v 0.00302900 -0.00460400 -0.04366700
v 0.00302900 -0.00460400 -0.02703900
v 0.00302900 -0.00460400 -0.02408300
v 0.00210500 -0.00552700 -0.02408300
v 0.00302900 -0.00571200 -0.02408300
v 0.00210500 -0.00478800 -0.02408300
v 0.00256700 -0.00368000 -0.02703900
v 0.00182800 -0.00617400 -0.02408300
v 0.00302900 -0.00571200 -0.02703900
v 0.00256700 -0.00368000 -0.04366700
v 0.00256700 -0.00368000 -0.02408300
v 0.00256700 -0.00663600 -0.04366700
v 0.00256700 -0.00663600 -0.02408300
v 0.00182800 -0.00414200 -0.02408300
v 0.00182800 -0.00294100 -0.02703900
v 0.00136600 -0.00663600 -0.02408300
v 0.00256700 -0.00663600 -0.02703900
v 0.00182800 -0.00294100 -0.04366700
v 0.00182800 -0.00294100 -0.02408300
v 0.00182800 -0.00737500 -0.04366700
v 0.00182800 -0.00737500 -0.02408300
v 0.00136600 -0.00368000 -0.02408300
v 0.00090400 -0.00247900 -0.02703900
v 0.00071900 -0.00691300 -0.02408300
v 0.00182800 -0.00737500 -0.02703900
v 0.00090400 -0.00247900 -0.04366700
v 0.00090400 -0.00247900 -0.02408300
v 0.00090400 -0.00783700 -0.04366700
v 0.00090400 -0.00783700 -0.02408300
v 0.00071900 -0.00340300 -0.02408300
v -0.00020400 -0.00247900 -0.02703900
v -0.00002000 -0.00691300 -0.02408300
v 0.00090400 -0.00783700 -0.02703900
v -0.00020400 -0.00247900 -0.04366700
v -0.00020400 -0.00247900 -0.02408300
v -0.00020400 -0.00783700 -0.04366700
v -0.00020400 -0.00783700 -0.02408300
v -0.00002000 -0.00340300 -0.02408300
v -0.00112800 -0.00294100 -0.02703900
v -0.00066600 -0.00663600 -0.02408300
v -0.00020400 -0.00783700 -0.02703900
v -0.00112800 -0.00294100 -0.04366700
v -0.00112800 -0.00294100 -0.02408300
v -0.00112800 -0.00737500 -0.04366700
v -0.00112800 -0.00737500 -0.02408300
v -0.00066600 -0.00368000 -0.02408300
v -0.00186700 -0.00368000 -0.02703900
v -0.00112800 -0.00617400 -0.02408300
v -0.00112800 -0.00737500 -0.02703900
v -0.00186700 -0.00368000 -0.04366700
v -0.00186700 -0.00368000 -0.02408300
v -0.00186700 -0.00663600 -0.04366700
v -0.00186700 -0.00663600 -0.02408300
v -0.00112800 -0.00414200 -0.02408300
v -0.00232900 -0.00460400 -0.02703900
v -0.00140500 -0.00552700 -0.02408300
v -0.00186700 -0.00663600 -0.02703900
v -0.00232900 -0.00460400 -0.04366700
v -0.00232900 -0.00460400 -0.02408300
v -0.00232900 -0.00571200 -0.04366700
v -0.00232900 -0.00571200 -0.02703900
v -0.00232900 -0.00571200 -0.02408300
v -0.00140500 -0.00478800 -0.02408300
v 0.00136600 -0.00368000 -0.03156600
v 0.00136600 -0.00368000 -0.01678600
v 0.00182800 -0.00414200 -0.01678600
v 0.00071900 -0.00340300 -0.03156600
v 0.00182800 -0.00414200 -0.03156600
v 0.00071900 -0.00340300 -0.01678600
v 0.00210500 -0.00478800 -0.01678600
v -0.00002000 -0.00340300 -0.03156600
v 0.00210500 -0.00478800 -0.03156600
v -0.00002000 -0.00340300 -0.01678600
v 0.00210500 -0.00552700 -0.01678600
v -0.00066600 -0.00368000 -0.03156600
v 0.00210500 -0.00552700 -0.03156600
v -0.00066600 -0.00368000 -0.01678600
v 0.00182800 -0.00617400 -0.01678600
v -0.00112800 -0.00414200 -0.03156600
v 0.00182800 -0.00617400 -0.03156600
v -0.00112800 -0.00414200 -0.01678600
v 0.00136600 -0.00663600 -0.01678600
v -0.00140500 -0.00478800 -0.03156600
v 0.00136600 -0.00663600 -0.03156600
v -0.00140500 -0.00478800 -0.01678600
v 0.00071900 -0.00691300 -0.01678600
v -0.00140500 -0.00552700 -0.03156600
v 0.00071900 -0.00691300 -0.03156600
v -0.00140500 -0.00552700 -0.01678600
v -0.00002000 -0.00691300 -0.01678600
v -0.00112800 -0.00617400 -0.03156600
v -0.00002000 -0.00691300 -0.03156600
v -0.00112800 -0.00617400 -0.01678600
v -0.00066600 -0.00663600 -0.01678600
v -0.00066600 -0.00663600 -0.03156600
v 0.02390600 0.02468000 -0.04528400
v 0.02372100 0.02532600 -0.04528400
v 0.02390600 0.02468000 -0.04509900
v 0.02335200 0.02597300 -0.04528400
v 0.02372100 0.02532600 -0.04509900
v 0.02335200 0.02597300 -0.04509900
v 0.02409100 0.02551100 -0.04422100
v 0.02372100 0.02394100 -0.04509900
v 0.02418300 0.02468000 -0.04422100
v 0.02279700 0.02634300 -0.04509900
v 0.02279700 0.02634300 -0.04528400
v 0.02362900 0.02615800 -0.04422100
v 0.02372100 0.02458700 -0.04163500
v 0.02372100 0.02523400 -0.04163500
v 0.02372100 0.02394100 -0.04528400
v 0.02215100 0.02652700 -0.04528400
v 0.02325900 0.02421800 -0.03960200
v 0.02325900 0.02338700 -0.04509900
v 0.02270500 0.02301700 -0.04509900
v 0.02325900 0.02338700 -0.04528400
v 0.02399800 0.02384800 -0.04422100
v 0.02344400 0.02394100 -0.04163500
v 0.02298200 0.02366300 -0.03997200
v 0.02215100 0.02652700 -0.04509900
v 0.02298200 0.02662000 -0.04422100
v 0.02335200 0.02588100 -0.04163500
v 0.02316700 0.02477200 -0.03932500
v 0.02233500 0.02283200 -0.03895600
v 0.02242800 0.02320200 -0.03840200
v 0.02270500 0.02301700 -0.04528400
v 0.02353600 0.02320200 -0.04422100
v 0.02141200 0.02643500 -0.04509900
v 0.02085700 0.02606500 -0.04528400
v 0.02141200 0.02643500 -0.04528400
v 0.02039600 0.02412600 -0.04509900
v 0.02076500 0.02347900 -0.04528400
v 0.02076500 0.02347900 -0.04509900
v 0.02131900 0.02190800 -0.03867900
v 0.02196600 0.02292400 -0.04509900
v 0.02279700 0.02274000 -0.04422100
v 0.02298200 0.02338700 -0.04163500
v 0.02261300 0.02310900 -0.04034100
v 0.02215100 0.02255500 -0.03960200
v 0.02122700 0.02190800 -0.03914100
v 0.00413700 -0.00210900 -0.03729300
v 0.00432200 -0.00192500 -0.03627700
v 0.00284400 -0.00423400 -0.03867900
v 0.00284400 -0.00423400 -0.03341300
v 0.02030300 0.02477200 -0.04528400
v 0.02039600 0.02551100 -0.04528400
v 0.02039600 0.02551100 -0.04509900
v 0.02085700 0.02606500 -0.04509900
v 0.02039600 0.02412600 -0.04528400
v 0.02030300 0.02477200 -0.04509900
v 0.02131900 0.02310900 -0.04528400
v 0.02215100 0.02680400 -0.04422100
v 0.00423000 -0.00164800 -0.03526100
v 0.02270500 0.02625000 -0.04163500
v 0.02289000 0.02523400 -0.03914100
v 0.02224300 0.02357100 -0.03794000
v 0.02131900 0.02209300 -0.03803200
v 0.02196600 0.02292400 -0.04528400
v 0.02196600 0.02264700 -0.04422100
v 0.02242800 0.02283200 -0.04163500
v 0.02131900 0.02310900 -0.04509900
v 0.02131900 0.02671200 -0.04422100
v 0.00256700 -0.00368000 -0.03239700
v 0.02187400 0.02264700 -0.04163500
v 0.02224300 0.02274000 -0.04071100
v 0.02178100 0.02237000 -0.04015700
v 0.02113500 0.02181600 -0.03978700
v 0.00386000 -0.00210900 -0.03821700
v 0.00256700 -0.00368000 -0.03969500
v 0.02067300 0.02625000 -0.04422100
v 0.02011800 0.02560400 -0.04422100
v 0.01993400 0.02486500 -0.04422100
v 0.02011800 0.02403300 -0.04422100
v 0.02048800 0.02329400 -0.04422100
v 0.02122700 0.02283200 -0.04422100
v 0.02205800 0.02643500 -0.04163500
v 0.00395200 -0.00127800 -0.03452200
v 0.02104200 0.02237000 -0.03747800
v 0.02233500 0.02569600 -0.03914100
v 0.02196600 0.02394100 -0.03775500
v 0.02113500 0.02283200 -0.04163500
v 0.02168900 0.02264700 -0.04098800
v -0.01960300 0.02477200 -0.04509900
v -0.01969600 0.02551100 -0.04528400
v -0.01969600 0.02551100 -0.04509900
v 0.02141200 0.02625000 -0.04163500
v 0.00229000 -0.00340300 -0.03165800
v 0.02141200 0.02227800 -0.04052600
v 0.02076500 0.02200100 -0.04024900
v 0.00229000 -0.00340300 -0.04043400
v -0.01960300 0.02477200 -0.04528400
v -0.01923400 0.02486500 -0.04422100
v -0.02015800 0.02606500 -0.04509900
v -0.02015800 0.02606500 -0.04528400
v -0.01941900 0.02560400 -0.04422100
v 0.02085700 0.02578800 -0.04163500
v 0.02048800 0.02514100 -0.04163500
v 0.02021100 0.02458700 -0.04163500
v 0.02021100 0.02394100 -0.04163500
v 0.02058000 0.02329400 -0.04163500
v 0.02178100 0.02578800 -0.03932500
v 0.00367500 -0.00100100 -0.03415200
v 0.02141200 0.02440200 -0.03775500
v 0.02076500 0.02264700 -0.03729300
v 0.02104200 0.02274000 -0.04117300
v 0.00339800 -0.00201700 -0.03895600
v -0.01951100 0.02458700 -0.04163500
v -0.01951100 0.02394100 -0.04163500
v -0.01941900 0.02403300 -0.04422100
v -0.01969600 0.02412600 -0.04509900
v -0.02071200 0.02643500 -0.04528400
v 0.02122700 0.02569600 -0.03960200
v 0.00210500 -0.00312600 -0.03128900
v 0.02048800 0.02320200 -0.04117300
v 0.02085700 0.02246300 -0.04080300
v 0.02048800 0.02218500 -0.04052600
v 0.00302900 -0.00183200 -0.03941800
v 0.00210500 -0.00312600 -0.04089600
v -0.01951100 0.02366300 -0.04098800
v -0.01969600 0.02412600 -0.04528400
v -0.02071200 0.02643500 -0.04509900
v -0.01997300 0.02625000 -0.04422100
v -0.01978800 0.02514100 -0.04163500
v -0.01941900 0.02421800 -0.04071100
v 0.02076500 0.02532600 -0.03997200
v 0.02039600 0.02477200 -0.04034100
v 0.02011800 0.02421800 -0.04071100
v 0.02021100 0.02366300 -0.04098800
v 0.02085700 0.02458700 -0.03794000
v 0.00330600 -0.00072400 -0.03415200
v 0.02048800 0.02283200 -0.03729300
v 0.02030300 0.02292400 -0.04080300
v 0.02011800 0.02237000 -0.04052600
v -0.02061900 0.02310900 -0.04528400
v -0.02061900 0.02310900 -0.04509900
v -0.02006500 0.02347900 -0.04528400
v -0.01978800 0.02320200 -0.04117300
v -0.01932600 0.02329400 -0.04052600
v -0.01988000 0.02329400 -0.04163500
v -0.01978800 0.02329400 -0.04422100
v -0.02006500 0.02347900 -0.04509900
v -0.02145100 0.02652700 -0.04528400
v 0.02048800 0.02458700 -0.03840200
v 0.00182800 -0.00294100 -0.03128900
v 0.02002600 0.02329400 -0.04052600
v 0.00182800 -0.00294100 -0.04089600
v -0.02126600 0.02292400 -0.04509900
v -0.01960300 0.02292400 -0.04080300
v -0.01941900 0.02237000 -0.04052600
v -0.02265200 0.02597300 -0.04528400
v -0.02302100 0.02532600 -0.04528400
v -0.02265200 0.02597300 -0.04509900
v -0.02145100 0.02652700 -0.04509900
v -0.02061900 0.02671200 -0.04422100
v -0.02015800 0.02578800 -0.04163500
v -0.01969600 0.02477200 -0.04034100
v -0.01914100 0.02375600 -0.04015700
v -0.01914100 0.02264700 -0.04024900
v 0.02021100 0.02440200 -0.03895600
v 0.01993400 0.02412600 -0.03960200
v 0.01984100 0.02375600 -0.04015700
v 0.00145800 -0.00275600 -0.03165800
v 0.02011800 0.02301700 -0.03747800
v 0.00293600 -0.00053900 -0.03452200
v 0.01984100 0.02264700 -0.04024900
v 0.00265900 -0.00155500 -0.03941800
v -0.00196000 -0.00155500 -0.03941800
v -0.02126600 0.02292400 -0.04528400
v -0.02200500 0.02301700 -0.04528400
v -0.02255900 0.02338700 -0.04509900
v -0.02200500 0.02301700 -0.04509900
v -0.02052700 0.02283200 -0.04422100
v -0.00112800 -0.00294100 -0.04089600
v -0.00140500 -0.00312600 -0.04089600
v -0.01978800 0.02218500 -0.04052600
v -0.02015800 0.02246300 -0.04080300
v -0.02034200 0.02274000 -0.04117300
v -0.02043500 0.02283200 -0.04163500
v -0.02209800 0.02634300 -0.04509900
v -0.02320600 0.02468000 -0.04528400
v -0.02302100 0.02394100 -0.04528400
v -0.02320600 0.02468000 -0.04509900
v -0.02302100 0.02532600 -0.04509900
v -0.02255900 0.02338700 -0.04528400
v -0.02302100 0.02394100 -0.04509900
v -0.02209800 0.02634300 -0.04528400
v -0.02145100 0.02680400 -0.04422100
v 0.01984100 0.02320200 -0.03803200
v 0.01965700 0.02292400 -0.03978700
v 0.00145800 -0.00275600 -0.04043400
v -0.00168200 -0.00127800 -0.03895600
v -0.02126600 0.02264700 -0.04422100
v -0.00232900 -0.00183200 -0.03941800
v -0.02071200 0.02625000 -0.04163500
v -0.02006500 0.02532600 -0.03997200
v -0.01923400 0.02412600 -0.03960200
v -0.01895700 0.02292400 -0.03978700
v 0.01965700 0.02310900 -0.03867900
v 0.01956400 0.02310900 -0.03914100
v 0.00247400 -0.00035400 -0.03526100
v 0.00210500 -0.00090900 -0.03821700
v 0.00238200 -0.00127800 -0.03895600
v -0.00140500 -0.00090900 -0.03821700
v -0.00075900 -0.00275600 -0.04043400
v -0.02209800 0.02274000 -0.04422100
v -0.02117400 0.02264700 -0.04163500
v -0.00159000 -0.00340300 -0.04043400
v -0.02006500 0.02200100 -0.04024900
v -0.02071200 0.02227800 -0.04052600
v -0.02098900 0.02264700 -0.04098800
v -0.02228200 0.02662000 -0.04422100
v -0.02292900 0.02615800 -0.04422100
v -0.02339100 0.02551100 -0.04422100
v -0.02348300 0.02468000 -0.04422100
v -0.02329800 0.02384800 -0.04422100
v -0.02283700 0.02320200 -0.04422100
v -0.02135900 0.02643500 -0.04163500
v 0.00090400 -0.00247900 -0.03239700
v 0.00219700 -0.00044700 -0.03627700
v 0.00090400 -0.00247900 -0.03969500
v -0.02172800 0.02283200 -0.04163500
v -0.00269900 -0.00201700 -0.03895600
v -0.02052700 0.02569600 -0.03960200
v -0.01951100 0.02440200 -0.03895600
v -0.01886400 0.02310900 -0.03914100
v 0.00039600 -0.00247900 -0.03341300
v 0.00210500 -0.00063100 -0.03729300
v -0.00020400 -0.00247900 -0.03969500
v -0.02228200 0.02338700 -0.04163500
v -0.02154300 0.02274000 -0.04071100
v -0.00186700 -0.00368000 -0.03969500
v -0.00316000 -0.00210900 -0.03821700
v -0.02043500 0.02181600 -0.03978700
v -0.02108100 0.02237000 -0.04015700
v -0.02200500 0.02625000 -0.04163500
v -0.02265200 0.02588100 -0.04163500
v -0.02302100 0.02523400 -0.04163500
v -0.02302100 0.02458700 -0.04163500
v -0.02274400 0.02394100 -0.04163500
v -0.02108100 0.02578800 -0.03932500
v -0.00140500 -0.00063100 -0.03729300
v -0.02191300 0.02310900 -0.04034100
v -0.01978800 0.02458700 -0.03840200
v -0.01895700 0.02310900 -0.03867900
v 0.00039600 -0.00247900 -0.03867900
v -0.02228200 0.02366300 -0.03997200
v -0.02145100 0.02255500 -0.03960200
v -0.00343800 -0.00210900 -0.03729300
v -0.02052700 0.02190800 -0.03914100
v -0.02163600 0.02569600 -0.03914100
v -0.02219000 0.02523400 -0.03914100
v -0.02246700 0.02477200 -0.03932500
v -0.02255900 0.02421800 -0.03960200
v -0.02015800 0.02458700 -0.03794000
v -0.00149800 -0.00044700 -0.03627700
v -0.02163600 0.02283200 -0.03895600
v -0.00214400 -0.00423400 -0.03867900
v -0.01914100 0.02320200 -0.03803200
v -0.00177500 -0.00035400 -0.03526100
v -0.02172800 0.02320200 -0.03840200
v -0.00214400 -0.00423400 -0.03341300
v -0.02061900 0.02190800 -0.03867900
v -0.00362200 -0.00192500 -0.03627700
v -0.02071200 0.02440200 -0.03775500
v -0.02126600 0.02394100 -0.03775500
v -0.02154300 0.02357100 -0.03794000
v -0.01941900 0.02301700 -0.03747800
v -0.02061900 0.02209300 -0.03803200
v -0.00020400 -0.00247900 -0.03239700
v -0.02034200 0.02237000 -0.03747800
v -0.00353000 -0.00164800 -0.03526100
v -0.01978800 0.02283200 -0.03729300
v -0.02006500 0.02264700 -0.03729300
v -0.00223700 -0.00053900 -0.03452200
v -0.00186700 -0.00368000 -0.03239700
v -0.00325300 -0.00127800 -0.03452200
v -0.00260600 -0.00072400 -0.03415200
v -0.00075900 -0.00275600 -0.03165800
v -0.00159000 -0.00340300 -0.03165800
v -0.00297600 -0.00100100 -0.03415200
v -0.00112800 -0.00294100 -0.03128900
v -0.00140500 -0.00312600 -0.03128900
v 0.03434400 -0.01513400 -0.04509900
v 0.03388200 -0.01568900 -0.04528400
v 0.03388200 -0.01568900 -0.04509900
v 0.03434400 -0.01513400 -0.04528400
v 0.03369800 -0.01633500 -0.04528400
v 0.03415900 -0.01495000 -0.04422100
v 0.03499100 -0.01485700 -0.04509900
v 0.03489800 -0.01458000 -0.04422100
v 0.03499100 -0.01485700 -0.04528400
v 0.03369800 -0.01633500 -0.04509900
v 0.03360500 -0.01550400 -0.04422100
v 0.03415900 -0.01504200 -0.04163500
v 0.03471400 -0.01485700 -0.04163500
v 0.03573000 -0.01476500 -0.04509900
v 0.03379000 -0.01707400 -0.04509900
v 0.03379000 -0.01707400 -0.04528400
v 0.03443700 -0.01485700 -0.04071100
v 0.03573000 -0.01448800 -0.04422100
v 0.03545300 -0.01495000 -0.04163500
v 0.03499100 -0.01495000 -0.04034100
v 0.03388200 -0.01476500 -0.04015700
v 0.03425200 -0.01476500 -0.03960200
v 0.03573000 -0.01476500 -0.04528400
v 0.03406700 -0.01772100 -0.04509900
v 0.03406700 -0.01772100 -0.04528400
v 0.03342000 -0.01633500 -0.04422100
v 0.03360500 -0.01559600 -0.04163500
v 0.03388200 -0.01513400 -0.04098800
v 0.03314300 -0.01476500 -0.03914100
v 0.03637600 -0.01504200 -0.04509900
v 0.03637600 -0.01504200 -0.04528400
v 0.03462100 -0.01818300 -0.04528400
v 0.03342000 -0.01716700 -0.04422100
v 0.03351300 -0.01504200 -0.04052600
v 0.03305100 -0.01476500 -0.03978700
v 0.03656100 -0.01476500 -0.04422100
v 0.03609900 -0.01513400 -0.04163500
v 0.03563700 -0.01513400 -0.03997200
v 0.03452900 -0.01485700 -0.03895600
v 0.03323600 -0.01476500 -0.03867900
v 0.00524600 -0.00543500 -0.03729300
v 0.00543000 -0.00543500 -0.03627700
v 0.00302900 -0.00460400 -0.03867900
v 0.00302900 -0.00460400 -0.03341300
v 0.03600700 -0.01827500 -0.04509900
v 0.03526800 -0.01836800 -0.04509900
v 0.03600700 -0.01827500 -0.04528400
v 0.03693100 -0.01541200 -0.04509900
v 0.03720800 -0.01605800 -0.04528400
v 0.03730000 -0.01679700 -0.04528400
v 0.03730000 -0.01679700 -0.04509900
v 0.03526800 -0.01836800 -0.04528400
v 0.03462100 -0.01818300 -0.04509900
v 0.03379000 -0.01790600 -0.04422100
v 0.03342000 -0.01624300 -0.04163500
v 0.03351300 -0.01559600 -0.04117300
v 0.00496900 -0.00552700 -0.03821700
v 0.00302900 -0.00488100 -0.03969500
v 0.03665400 -0.01799800 -0.04528400
v 0.03711500 -0.01744400 -0.04509900
v 0.03693100 -0.01541200 -0.04528400
v 0.03720800 -0.01605800 -0.04509900
v 0.03711500 -0.01522700 -0.04422100
v 0.03351300 -0.01698200 -0.04163500
v 0.03443700 -0.01846000 -0.04422100
v 0.03323600 -0.01550400 -0.04080300
v 0.03277400 -0.01513400 -0.04024900
v 0.03674600 -0.01550400 -0.04163500
v 0.03609900 -0.01541200 -0.03960200
v 0.03480600 -0.01513400 -0.03840200
v 0.03332800 -0.01485700 -0.03803200
v 0.00552300 -0.00571200 -0.03526100
v 0.03665400 -0.01799800 -0.04509900
v 0.03711500 -0.01744400 -0.04528400
v 0.03388200 -0.01753600 -0.04163500
v 0.03332800 -0.01679700 -0.04098800
v 0.03332800 -0.01624300 -0.04117300
v 0.00469100 -0.00589700 -0.03895600
v 0.00302900 -0.00488100 -0.03239700
v 0.03526800 -0.01864500 -0.04422100
v 0.03609900 -0.01864500 -0.04422100
v 0.03683900 -0.01827500 -0.04422100
v 0.03730000 -0.01762900 -0.04422100
v 0.03757800 -0.01679700 -0.04422100
v 0.03748500 -0.01596600 -0.04422100
v 0.03711500 -0.01596600 -0.04163500
v 0.03443700 -0.01790600 -0.04163500
v 0.03305100 -0.01615100 -0.04080300
v 0.03268100 -0.01541200 -0.04052600
v 0.00450700 -0.00626600 -0.03941800
v 0.00302900 -0.00543500 -0.04043400
v 0.03637600 -0.01596600 -0.03932500
v 0.03499100 -0.01550400 -0.03794000
v 0.03323600 -0.01522700 -0.03747800
v 0.00561500 -0.00617400 -0.03452200
v 0.00302900 -0.00543500 -0.03165800
v 0.03369800 -0.01735100 -0.04071100
v 0.03295900 -0.01670500 -0.04052600
v 0.03517600 -0.01809000 -0.04163500
v 0.03582200 -0.01818300 -0.04163500
v 0.03646900 -0.01799800 -0.04163500
v 0.03693100 -0.01744400 -0.04163500
v 0.03711500 -0.01670500 -0.04163500
v 0.03646900 -0.01652000 -0.03914100
v 0.03415900 -0.01762900 -0.04034100
v 0.03249700 -0.01587300 -0.04052600
v 0.00432200 -0.00672800 -0.03941800
v 0.00302900 -0.00571200 -0.04089600
v 0.03499100 -0.01605800 -0.03775500
v 0.03323600 -0.01559600 -0.03729300
v 0.00552300 -0.00663600 -0.03415200
v 0.03314300 -0.01707400 -0.04015700
v 0.03249700 -0.01615100 -0.04024900
v 0.00302900 -0.00571200 -0.03128900
v 0.03471400 -0.01781300 -0.03997200
v 0.03536000 -0.01781300 -0.03960200
v 0.03582200 -0.01762900 -0.03932500
v 0.03628400 -0.01716700 -0.03914100
v 0.03471400 -0.01670500 -0.03775500
v 0.03342000 -0.01725900 -0.03960200
v 0.00284400 -0.00617400 -0.04089600
v 0.03305100 -0.01596600 -0.03729300
v 0.00533800 -0.00700500 -0.03415200
v 0.00284400 -0.00617400 -0.03128900
v 0.03240400 -0.01652000 -0.03978700
v 0.00432200 -0.00709800 -0.03895600
v 0.03379000 -0.01744400 -0.03895600
v 0.03406700 -0.01735100 -0.03840200
v 0.03443700 -0.01716700 -0.03794000
v 0.03295900 -0.01633500 -0.03747800
v 0.00432200 -0.00756000 -0.03821700
v 0.03249700 -0.01670500 -0.03914100
v 0.00256700 -0.00663600 -0.04043400
v 0.00256700 -0.00663600 -0.03165800
v 0.00515300 -0.00737500 -0.03452200
v 0.03258900 -0.01670500 -0.03867900
v 0.03277400 -0.01661200 -0.03803200
v 0.00071900 -0.04035300 -0.04528400
v 0.00071900 -0.04035300 -0.04509900
v 0.00136600 -0.04063000 -0.04509900
v 0.00441400 -0.00783700 -0.03729300
v 0.00238200 -0.00691300 -0.03969500
v 0.00487600 -0.00774400 -0.03526100
v 0.00238200 -0.00691300 -0.03239700
v 0.00136600 -0.04063000 -0.04528400
v -0.00002000 -0.04035300 -0.04528400
v 0.00155100 -0.04035300 -0.04422100
v 0.00182800 -0.04109200 -0.04509900
v 0.00210500 -0.04090700 -0.04422100
v -0.00066600 -0.04063000 -0.04528400
v -0.00002000 -0.04035300 -0.04509900
v 0.00071900 -0.04007600 -0.04422100
v 0.00136600 -0.04035300 -0.04163500
v 0.00173600 -0.04081500 -0.04163500
v 0.00469100 -0.00792900 -0.03627700
v 0.00192000 -0.00732900 -0.03867900
v 0.00192000 -0.00732900 -0.03341300
v 0.00182800 -0.04109200 -0.04528400
v -0.00112800 -0.04109200 -0.04528400
v -0.00066600 -0.04063000 -0.04509900
v 0.00164300 -0.04063000 -0.04071100
v 0.00210500 -0.04173900 -0.04528400
v 0.00210500 -0.04173900 -0.04509900
v 0.00155100 -0.03998400 -0.04015700
v 0.00164300 -0.04035300 -0.03960200
v 0.00173600 -0.04118400 -0.04034100
v 0.00192000 -0.04155400 -0.04163500
v 0.00238200 -0.04173900 -0.04422100
v -0.00112800 -0.04109200 -0.04509900
v -0.00002000 -0.04007600 -0.04422100
v 0.00071900 -0.04007600 -0.04163500
v 0.00127400 -0.04016800 -0.04098800
v -0.00140500 -0.04173900 -0.04528400
v 0.00210500 -0.04247800 -0.04509900
v 0.00136600 -0.03933700 -0.03914100
v -0.00085100 -0.04035300 -0.04422100
v -0.00140500 -0.04173900 -0.04509900
v 0.00118100 -0.03970600 -0.04052600
v 0.00127400 -0.03915200 -0.03978700
v 0.00071900 -0.04386300 -0.04509900
v -0.00002000 -0.04386300 -0.04509900
v 0.00071900 -0.04386300 -0.04528400
v 0.00210500 -0.04247800 -0.04528400
v 0.00238200 -0.04247800 -0.04422100
v 0.00164300 -0.00986900 -0.03729300
v 0.00164300 -0.01005400 -0.03627700
v 0.00136600 -0.03942900 -0.03867900
v 0.00164300 -0.04072300 -0.03895600
v 0.00173600 -0.04173900 -0.03997200
v 0.00192000 -0.04229300 -0.04163500
v -0.00140500 -0.04247800 -0.04528400
v -0.00140500 -0.04090700 -0.04422100
v -0.00002000 -0.04007600 -0.04163500
v 0.00071900 -0.03989100 -0.04117300
v 0.00145800 -0.00968400 -0.03821700
v 0.00145800 -0.00756000 -0.03969500
v -0.00112800 -0.04312400 -0.04528400
v -0.00140500 -0.04247800 -0.04509900
v -0.00112800 -0.04312400 -0.04509900
v -0.00066600 -0.04358600 -0.04528400
v -0.00002000 -0.04386300 -0.04528400
v 0.00136600 -0.04358600 -0.04528400
v 0.00182800 -0.04312400 -0.04528400
v 0.00136600 -0.04358600 -0.04509900
v 0.00182800 -0.04312400 -0.04509900
v 0.00210500 -0.04330900 -0.04422100
v -0.00066600 -0.04035300 -0.04163500
v -0.00168200 -0.04173900 -0.04422100
v 0.00071900 -0.03961400 -0.04080300
v 0.00090400 -0.03915200 -0.04024900
v -0.00066600 -0.04358600 -0.04509900
v 0.00173600 -0.04294000 -0.04163500
v 0.00145800 -0.01033100 -0.03526100
v 0.00127400 -0.03952200 -0.03803200
v 0.00155100 -0.04100000 -0.03840200
v 0.00164300 -0.04238500 -0.03960200
v -0.00103600 -0.04081500 -0.04163500
v -0.00057400 -0.04016800 -0.04098800
v -0.00002000 -0.03989100 -0.04117300
v 0.00099600 -0.00949900 -0.03895600
v -0.00168200 -0.04247800 -0.04422100
v -0.00140500 -0.04330900 -0.04422100
v -0.00085100 -0.04386300 -0.04422100
v -0.00002000 -0.04414000 -0.04422100
v 0.00071900 -0.04414000 -0.04422100
v 0.00155100 -0.04386300 -0.04422100
v 0.00136600 -0.04349400 -0.04163500
v 0.00145800 -0.00756000 -0.03239700
v -0.03503000 -0.01476500 -0.04528400
v -0.03429100 -0.01485700 -0.04528400
v -0.03429100 -0.01485700 -0.04509900
v -0.00122000 -0.04155400 -0.04163500
v -0.00002000 -0.03961400 -0.04080300
v 0.00053500 -0.03906000 -0.04052600
v 0.00062700 -0.00940700 -0.03941800
v 0.00090400 -0.00783700 -0.04043400
v 0.00127400 -0.04275500 -0.03932500
v 0.00090400 -0.00783700 -0.03165800
v 0.00099600 -0.01042300 -0.03452200
v 0.00090400 -0.03961400 -0.03747800
v 0.00118100 -0.04127700 -0.03794000
v -0.03503000 -0.01476500 -0.04509900
v -0.03419900 -0.01458000 -0.04422100
v -0.03364500 -0.01513400 -0.04509900
v -0.03346000 -0.01495000 -0.04422100
v -0.00094300 -0.04063000 -0.04071100
v -0.00048100 -0.03970600 -0.04052600
v -0.00122000 -0.04229300 -0.04163500
v -0.00103600 -0.04294000 -0.04163500
v -0.00066600 -0.04349400 -0.04163500
v -0.00002000 -0.04377100 -0.04163500
v 0.00071900 -0.04377100 -0.04163500
v 0.00071900 -0.04303200 -0.03914100
v -0.03567700 -0.01504200 -0.04528400
v -0.03503000 -0.01448800 -0.04422100
v -0.03401400 -0.01485700 -0.04163500
v -0.03346000 -0.01504200 -0.04163500
v -0.03364500 -0.01513400 -0.04528400
v -0.00103600 -0.04118400 -0.04034100
v 0.00016500 -0.03906000 -0.04052600
v 0.00007300 -0.00940700 -0.03941800
v 0.00062700 -0.00783700 -0.04089600
v 0.00071900 -0.04146200 -0.03775500
v 0.00062700 -0.01051600 -0.03415200
v 0.00053500 -0.03961400 -0.03729300
v -0.03567700 -0.01504200 -0.04509900
v -0.03318300 -0.01513400 -0.04098800
v -0.03318300 -0.01568900 -0.04509900
v -0.03290500 -0.01550400 -0.04422100
v -0.03290500 -0.01559600 -0.04163500
v -0.00085100 -0.03998400 -0.04015700
v -0.00020400 -0.03915200 -0.04024900
v -0.00103600 -0.04173900 -0.03997200
v -0.00094300 -0.04238500 -0.03960200
v -0.00057400 -0.04275500 -0.03932500
v -0.00002000 -0.04303200 -0.03914100
v 0.00062700 -0.00783700 -0.03128900
v -0.00002000 -0.04146200 -0.03775500
v -0.03623100 -0.01541200 -0.04528400
v -0.03586200 -0.01476500 -0.04422100
v -0.03475300 -0.01495000 -0.04163500
v -0.03373700 -0.01485700 -0.04071100
v -0.03281300 -0.01559600 -0.04117300
v -0.03281300 -0.01504200 -0.04052600
v -0.03318300 -0.01568900 -0.04528400
v -0.03253600 -0.01550400 -0.04080300
v -0.00094300 -0.04035300 -0.03960200
v 0.00007300 -0.00783700 -0.04089600
v 0.00007300 -0.00783700 -0.03128900
v 0.00016500 -0.03961400 -0.03729300
v 0.00007300 -0.01051600 -0.03415200
v -0.03623100 -0.01541200 -0.04509900
v -0.03198200 -0.01541200 -0.04052600
v -0.03299800 -0.01633500 -0.04528400
v -0.03299800 -0.01633500 -0.04509900
v -0.03272100 -0.01633500 -0.04422100
v -0.03272100 -0.01624300 -0.04163500
v -0.03262800 -0.01624300 -0.04117300
v -0.03235100 -0.01615100 -0.04080300
v -0.03179700 -0.01587300 -0.04052600
v -0.00057400 -0.03915200 -0.03978700
v -0.00029700 -0.00949900 -0.03895600
v -0.00094300 -0.04072300 -0.03895600
v -0.00085100 -0.04100000 -0.03840200
v -0.00048100 -0.04127700 -0.03794000
v -0.00020400 -0.03961400 -0.03747800
v -0.00380700 -0.00626600 -0.03941800
v -0.00232900 -0.00571200 -0.04089600
v -0.00214400 -0.00617400 -0.04089600
v -0.03207400 -0.01513400 -0.04024900
v -0.00399200 -0.00589700 -0.03895600
v -0.03650800 -0.01605800 -0.04528400
v -0.03641600 -0.01522700 -0.04422100
v -0.03540000 -0.01513400 -0.04163500
v -0.03429100 -0.01495000 -0.04034100
v -0.03318300 -0.01476500 -0.04015700
v -0.03309000 -0.01707400 -0.04509900
v -0.00075900 -0.00968400 -0.03821700
v -0.00066600 -0.03933700 -0.03914100
v -0.00020400 -0.00783700 -0.04043400
v -0.00020400 -0.00783700 -0.03165800
v -0.00362200 -0.00672800 -0.03941800
v -0.03641600 -0.01744400 -0.04528400
v -0.03595400 -0.01799800 -0.04528400
v -0.03641600 -0.01744400 -0.04509900
v -0.00232900 -0.00543500 -0.04043400
v -0.03650800 -0.01605800 -0.04509900
v -0.03309000 -0.01707400 -0.04528400
v -0.03336700 -0.01772100 -0.04528400
v -0.03392200 -0.01818300 -0.04509900
v -0.03336700 -0.01772100 -0.04509900
v -0.03272100 -0.01716700 -0.04422100
v -0.03281300 -0.01698200 -0.04163500
v -0.03262800 -0.01679700 -0.04098800
v -0.03225900 -0.01670500 -0.04052600
v -0.03179700 -0.01615100 -0.04024900
v -0.00066600 -0.03942900 -0.03867900
v -0.00057400 -0.03952200 -0.03803200
v -0.00029700 -0.01042300 -0.03452200
v -0.00186700 -0.00663600 -0.04043400
v -0.03660100 -0.01679700 -0.04509900
v -0.03530700 -0.01827500 -0.04528400
v -0.03530700 -0.01827500 -0.04509900
v -0.03456800 -0.01836800 -0.04528400
v -0.03595400 -0.01799800 -0.04509900
v -0.03392200 -0.01818300 -0.04528400
v -0.03456800 -0.01836800 -0.04509900
v -0.00426900 -0.00552700 -0.03821700
v -0.03660100 -0.01679700 -0.04528400
v -0.03678500 -0.01596600 -0.04422100
v -0.03604600 -0.01550400 -0.04163500
v -0.03493800 -0.01513400 -0.03997200
v -0.03355200 -0.01476500 -0.03960200
v -0.03225900 -0.01476500 -0.03978700
v -0.00094300 -0.00986900 -0.03729300
v -0.00075900 -0.00756000 -0.03969500
v -0.00075900 -0.01033100 -0.03526100
v -0.00075900 -0.00756000 -0.03239700
v -0.00362200 -0.00709800 -0.03895600
v -0.00232900 -0.00497300 -0.03969500
v -0.03309000 -0.01790600 -0.04422100
v -0.03318300 -0.01753600 -0.04163500
v -0.03299800 -0.01735100 -0.04071100
v -0.03244400 -0.01707400 -0.04015700
v -0.03170500 -0.01652000 -0.03978700
v -0.00362200 -0.00756000 -0.03821700
v -0.00168200 -0.00691300 -0.03969500
v -0.03687800 -0.01679700 -0.04422100
v -0.03660100 -0.01762900 -0.04422100
v -0.03613900 -0.01827500 -0.04422100
v -0.03540000 -0.01864500 -0.04422100
v -0.03456800 -0.01864500 -0.04422100
v -0.03373700 -0.01846000 -0.04422100
v -0.03244400 -0.01476500 -0.03914100
v -0.00454600 -0.00543500 -0.03729300
v -0.03641600 -0.01596600 -0.04163500
v -0.03540000 -0.01541200 -0.03960200
v -0.03382900 -0.01485700 -0.03895600
v -0.00094300 -0.01005400 -0.03627700
v -0.00122100 -0.00732900 -0.03867900
v -0.00122100 -0.00732900 -0.03341300
v -0.00232900 -0.00460400 -0.03867900
v -0.03373700 -0.01790600 -0.04163500
v -0.03346000 -0.01762900 -0.04034100
v -0.03272100 -0.01725900 -0.03960200
v -0.03179700 -0.01670500 -0.03914100
v -0.00371500 -0.00783700 -0.03729300
v -0.03641600 -0.01670500 -0.04163500
v -0.03623100 -0.01744400 -0.04163500
v -0.03576900 -0.01799800 -0.04163500
v -0.03512300 -0.01818300 -0.04163500
v -0.03447600 -0.01809000 -0.04163500
v -0.00473100 -0.00543500 -0.03627700
v -0.03253600 -0.01476500 -0.03867900
v -0.03567700 -0.01596600 -0.03932500
v -0.03410600 -0.01513400 -0.03840200
v -0.00232900 -0.00460400 -0.03341300
v -0.03401400 -0.01781300 -0.03997200
v -0.03309000 -0.01744400 -0.03895600
v -0.03188900 -0.01670500 -0.03867900
v -0.00399200 -0.00792900 -0.03627700
v -0.03576900 -0.01652000 -0.03914100
v -0.03558400 -0.01716700 -0.03914100
v -0.03512300 -0.01762900 -0.03932500
v -0.03466100 -0.01781300 -0.03960200
v -0.00482300 -0.00571200 -0.03526100
v -0.03429100 -0.01550400 -0.03794000
v -0.03262800 -0.01495000 -0.03803200
v -0.00232900 -0.00497300 -0.03239700
v -0.03336700 -0.01735100 -0.03840200
v -0.03207400 -0.01661200 -0.03803200
v -0.00417700 -0.00774400 -0.03526100
v -0.03429100 -0.01605800 -0.03775500
v -0.03401400 -0.01670500 -0.03775500
v -0.03373700 -0.01716700 -0.03794000
v -0.00491600 -0.00617400 -0.03452200
v -0.03253600 -0.01522700 -0.03747800
v -0.00168200 -0.00691300 -0.03239700
v -0.00232900 -0.00543500 -0.03165800
v -0.03225900 -0.01633500 -0.03747800
v -0.00445400 -0.00737500 -0.03452200
v -0.00186700 -0.00663600 -0.03165800
v -0.00482300 -0.00663600 -0.03415200
v -0.03253600 -0.01559600 -0.03729300
v -0.03235100 -0.01596600 -0.03729300
v -0.00214400 -0.00617400 -0.03128900
v -0.00463800 -0.00700500 -0.03415200
v -0.00232900 -0.00571200 -0.03128900
v -0.03311300 -0.01818300 -0.04948700
v -0.03355200 -0.01832100 -0.04930200
v -0.03253600 -0.01804400 -0.04930200
v -0.03235100 -0.01790600 -0.04893200
v -0.03235100 -0.01790600 -0.04542200
v -0.03493800 -0.01439500 -0.04921000
v -0.03449400 -0.01432200 -0.04945000
v -0.03384800 -0.01408100 -0.04932000
v -0.03623100 -0.01919900 -0.04542200
v -0.03369100 -0.01402600 -0.04907100
v -0.03364500 -0.01402600 -0.04542200
v -0.03752400 -0.01531900 -0.04542200
v -0.01910500 0.02516000 -0.04945000
v -0.01881800 0.02472600 -0.04941700
v -0.01858700 0.02444900 -0.04907100
v -0.01928000 0.02541900 -0.04930200
v -0.02098900 0.02772800 -0.04542200
v -0.01858700 0.02440200 -0.04542200
v -0.02431500 0.02532600 -0.04542200
v -0.02191300 0.02200100 -0.04542200
v -0.02274400 0.02310900 -0.04921000
v -0.02191300 0.02200100 -0.04893200
v -0.02255900 0.02292400 -0.04939400
v -0.02205100 0.02213900 -0.04930200
v -0.02242100 0.02260100 -0.04948700
v 0.01953300 0.02474100 -0.04942500
v 0.01979500 0.02515700 -0.04945600
v 0.01928700 0.02444900 -0.04907100
v 0.01998000 0.02541900 -0.04930200
v 0.01928700 0.02440200 -0.04542200
v 0.02168900 0.02772800 -0.04542200
v 0.02261300 0.02200100 -0.04542200
v 0.02501400 0.02532600 -0.04542200
v 0.02261300 0.02200100 -0.04893200
v 0.02344400 0.02310900 -0.04921000
v 0.02276000 0.02214900 -0.04932000
v 0.02325900 0.02292400 -0.04939400
v 0.02310500 0.02258600 -0.04948700
v 0.03439000 -0.01402600 -0.04907100
v 0.03452900 -0.01407200 -0.04930200
v 0.03519100 -0.01431900 -0.04945600
v 0.03563700 -0.01439500 -0.04921000
v 0.03434400 -0.01402600 -0.04542200
v 0.03379000 -0.01815200 -0.04948700
v 0.03331300 -0.01806000 -0.04934800
v 0.03425200 -0.01832100 -0.04930200
v 0.03822400 -0.01531900 -0.04542200
v 0.03305100 -0.01790600 -0.04893200
v 0.03305100 -0.01790600 -0.04542200
v 0.03693100 -0.01919900 -0.04542200
v 0.00238200 -0.04063000 -0.04942500
v 0.00238200 -0.04113800 -0.04945600
v 0.00238200 -0.04021400 -0.04907100
v 0.00238200 -0.04146200 -0.04930200
v 0.00238200 -0.04016800 -0.04542200
v -0.00168200 -0.04114800 -0.04945000
v -0.00168200 -0.04060700 -0.04941700
v -0.00168200 -0.04021400 -0.04907100
v 0.00238200 -0.04432500 -0.04542200
v -0.00168200 -0.04146200 -0.04930200
v -0.00168200 -0.04016800 -0.04542200
v -0.00168200 -0.04432500 -0.04542200
v 0.01577700 -0.00728200 -0.01447600
v 0.02168900 -0.00728200 -0.01447600
v 0.02713900 -0.01513400 -0.00514600
v 0.02168900 -0.00691300 -0.01392200
v 0.02713900 -0.01430300 -0.00486900
v 0.01577700 -0.00691300 -0.01392200
v 0.02418300 -0.01430300 -0.00486900
v 0.02418300 -0.01513400 -0.00514600
v 0.02741600 -0.01504200 -0.00385300
v 0.02741600 -0.01430300 -0.00422200
v 0.02446000 -0.01430300 -0.00422200
v 0.02446000 -0.01504200 -0.00385300
v 0.02760100 -0.01411800 -0.00302100
v 0.02760100 -0.01384100 -0.00376000
v 0.02464500 -0.01384100 -0.00376000
v 0.02464500 -0.01411800 -0.00302100
v 0.02760100 -0.01291700 -0.00311400
v 0.02760100 -0.01328700 -0.00385300
v 0.02464500 -0.01328700 -0.00385300
v 0.02464500 -0.01291700 -0.00311400
v 0.02760100 0.00251000 -0.00523800
v 0.02464500 0.00251000 -0.00523800
v 0.02760100 0.00214000 -0.00588500
v 0.02760100 0.00334100 -0.00607000
v 0.02464500 0.00214000 -0.00588500
v 0.02741600 0.00251000 -0.00634700
v 0.02704700 0.00251000 -0.00699400
v 0.02704700 0.00324900 -0.00727100
v 0.02464500 0.00334100 -0.00607000
v 0.02168900 -0.00331000 -0.01401400
v 0.02446000 0.00251000 -0.00634700
v 0.02168900 -0.00303300 -0.01456900
v 0.01577700 -0.00331000 -0.01401400
v 0.02409100 0.00251000 -0.00699400
v 0.02409100 0.00324900 -0.00727100
v 0.01577700 -0.00303300 -0.01456900
v -0.02311400 0.00297100 -0.01068900
v -0.02311400 0.00251000 -0.01004200
v -0.02274400 0.00251000 -0.01004200
v -0.02274400 0.00297100 -0.01068900
v -0.02228200 0.00241700 -0.01013500
v -0.02357600 0.00241700 -0.01013500
v -0.02357600 0.00278700 -0.01078100
v -0.02228200 0.00278700 -0.01078100
v -0.02200500 0.00214000 -0.01031900
v -0.02385300 0.00214000 -0.01031900
v -0.02385300 0.00251000 -0.01096600
v -0.02200500 0.00251000 -0.01096600
v -0.02182000 0.00177100 -0.01059600
v -0.02403700 0.00177100 -0.01059600
v -0.02403700 0.00223200 -0.01124300
v -0.02182000 0.00223200 -0.01124300
v -0.02182000 0.00140100 -0.01087400
v -0.02403700 0.00140100 -0.01087400
v -0.02403700 0.00186300 -0.01142800
v -0.02182000 0.00186300 -0.01142800
v -0.02329800 -0.00358700 -0.01549200
v -0.02505400 -0.00395700 -0.01466100
v -0.02329800 -0.00321800 -0.01475300
v -0.02329800 -0.00414200 -0.01604700
v -0.02505400 -0.00414200 -0.01503000
v -0.02329800 -0.00321800 -0.01401400
v -0.02505400 -0.00414200 -0.01373700
v -0.02329800 -0.00349500 -0.01327500
v -0.02505400 -0.00395700 -0.01410700
v -0.02505400 -0.00451100 -0.01540000
v -0.02329800 -0.00404900 -0.01272100
v -0.02505400 -0.00441900 -0.01336800
v 0.02325900 -0.00488100 -0.01623100
v 0.02325900 -0.00414200 -0.01604700
v 0.02501400 -0.00497300 -0.01549200
v -0.02255900 -0.00414200 -0.01604700
v -0.02255900 -0.00358700 -0.01549200
v -0.02329800 -0.00475800 -0.01623100
v -0.02154300 -0.00081600 -0.01244400
v -0.02431500 -0.00081600 -0.01244400
v -0.02431500 -0.00035400 -0.01299800
v -0.02154300 -0.00035400 -0.01299800
v -0.02505400 -0.00635900 -0.01410700
v -0.02505400 -0.00635900 -0.01456900
v -0.02505400 -0.00617400 -0.01493800
v -0.02505400 -0.00497300 -0.01549200
v -0.02505400 -0.00589700 -0.01530800
v 0.02325900 -0.00358700 -0.01549200
v 0.02501400 -0.00451100 -0.01540000
v -0.02505400 -0.00488100 -0.01318300
v -0.02505400 -0.00580400 -0.01327500
v -0.02505400 -0.00617400 -0.01364500
v 0.02501400 -0.00543500 -0.01549200
v -0.02505400 -0.00543500 -0.01549200
v -0.02329800 -0.00549700 -0.01623100
v -0.02329800 -0.00284800 -0.01253600
v -0.02255900 -0.00321800 -0.01475300
v 0.02325900 -0.00562000 -0.01623100
v 0.02501400 -0.00589700 -0.01530800
v -0.02505400 -0.00534300 -0.01318300
v -0.02329800 -0.00481900 -0.01244400
v -0.02255900 -0.00284800 -0.01253600
v -0.02329800 -0.00620500 -0.01601600
v -0.02255900 -0.00475800 -0.01623100
v -0.02255900 -0.00275600 -0.01595400
v -0.02329800 -0.00275600 -0.01595400
v -0.02329800 -0.00679000 -0.01330600
v -0.02329800 -0.00709800 -0.01397700
v -0.02329800 -0.00709800 -0.01477200
v -0.02329800 -0.00675900 -0.01546200
v -0.02255900 -0.00620500 -0.01601600
v 0.02325900 -0.00321800 -0.01475300
v 0.02325900 -0.00626600 -0.01595400
v 0.02501400 -0.00414200 -0.01503000
v -0.02329800 -0.00555800 -0.01244400
v -0.02329800 -0.00629700 -0.01269000
v -0.02255900 -0.00549700 -0.01623100
v -0.02255900 -0.00675900 -0.01546200
v -0.02255900 -0.00321800 -0.01401400
v 0.02325900 -0.00682100 -0.01540000
v 0.02501400 -0.00617400 -0.01493800
v -0.02255900 -0.00481900 -0.01244400
v -0.02255900 -0.00629700 -0.01269000
v -0.02255900 -0.00555800 -0.01244400
v -0.02255900 -0.00679000 -0.01330600
v -0.02255900 -0.00709800 -0.01397700
v -0.02255900 -0.00709800 -0.01477200
v 0.02325900 -0.00321800 -0.01401400
v 0.02501400 -0.00395700 -0.01466100
v 0.02325900 -0.00543500 -0.01244400
v 0.02325900 -0.00617400 -0.01262900
v -0.02255900 -0.00349500 -0.01327500
v 0.02325900 -0.00709800 -0.01466100
v 0.02501400 -0.00635900 -0.01456900
v 0.02325900 -0.00469600 -0.01244400
v 0.02501400 -0.00534300 -0.01318300
v 0.02325900 -0.00672800 -0.01318300
v 0.02325900 -0.00709800 -0.01392200
v 0.02325900 -0.00349500 -0.01327500
v 0.02501400 -0.00395700 -0.01410700
v -0.02255900 -0.00404900 -0.01272100
v 0.02325900 -0.00404900 -0.01272100
v 0.02501400 -0.00488100 -0.01318300
v 0.02501400 -0.00580400 -0.01327500
v 0.02501400 -0.00635900 -0.01410700
v 0.02501400 -0.00441900 -0.01336800
v 0.02501400 -0.00617400 -0.01364500
v 0.02501400 -0.00414200 -0.01373700
v -0.02292900 0.00066200 -0.01022700
v -0.02255900 0.00361800 -0.01447600
v -0.02255900 0.00075400 -0.01013500
v -0.02292900 0.00352600 -0.01447600
v -0.02237500 0.00389500 -0.01429100
v -0.02329800 0.00075400 -0.01013500
v -0.02237500 0.00103200 -0.01004200
v -0.02348300 0.00103200 -0.01004200
v -0.02329800 0.00361800 -0.01447600
v -0.02237500 0.00426500 -0.01410700
v -0.02255900 0.00444900 -0.01392200
v -0.02237500 0.00130800 -0.00976500
v -0.02348300 0.00130800 -0.00976500
v -0.02348300 0.00389500 -0.01429100
v -0.02255900 0.00158600 -0.00958000
v -0.02292900 0.00463400 -0.01383000
v -0.02329800 0.00158600 -0.00958000
v -0.02292900 0.00167800 -0.00958000
v -0.02348300 0.00426500 -0.01410700
v -0.02329800 0.00444900 -0.01392200
v -0.02634700 0.00251000 -0.00699400
v -0.02098900 -0.00331000 -0.01401400
v -0.01507700 -0.00331000 -0.01401400
v -0.02098900 -0.00691300 -0.01392200
v -0.02643900 -0.01430300 -0.00486900
v -0.01507700 -0.00691300 -0.01392200
v -0.01507700 -0.00303300 -0.01456900
v -0.02339100 0.00251000 -0.00699400
v -0.02098900 -0.00303300 -0.01456900
v -0.02098900 -0.00728200 -0.01447600
v -0.01507700 -0.00728200 -0.01447600
v -0.02348300 -0.01513400 -0.00514600
v -0.02348300 -0.01430300 -0.00486900
v -0.02339100 0.00324900 -0.00727100
v -0.02634700 0.00324900 -0.00727100
v -0.02385300 0.00251000 -0.00634700
v -0.02643900 -0.01513400 -0.00514600
v -0.02376000 -0.01430300 -0.00422200
v -0.02690100 0.00334100 -0.00607000
v -0.02680900 0.00251000 -0.00634700
v -0.02671600 -0.01504200 -0.00385300
v -0.02671600 -0.01430300 -0.00422200
v -0.02394500 0.00334100 -0.00607000
v -0.02690100 0.00214000 -0.00588500
v -0.02376000 -0.01504200 -0.00385300
v -0.02690100 -0.01384100 -0.00376000
v -0.02394500 0.00214000 -0.00588500
v -0.02690100 -0.01328700 -0.00385300
v -0.02394500 -0.01328700 -0.00385300
v -0.02394500 0.00251000 -0.00523800
v -0.02394500 -0.01411800 -0.00302100
v -0.02394500 -0.01384100 -0.00376000
v -0.02690100 -0.01291700 -0.00311400
v -0.02690100 0.00251000 -0.00523800
v -0.02690100 -0.01411800 -0.00302100
v -0.02394500 -0.01291700 -0.00311400
v -0.01904900 0.00472700 -0.01595400
v -0.01904900 0.00546600 -0.01540000
v -0.01904900 0.00371000 -0.01438400
v -0.01904900 0.00444900 -0.01392200
v -0.01932600 0.00620500 -0.01493800
v -0.01932600 0.00408000 -0.01641600
v -0.01932600 0.00306400 -0.01484600
v -0.01932600 0.00509600 -0.01346000
v -0.01997300 0.00675900 -0.01456900
v -0.01997300 0.00343300 -0.01678600
v -0.01997300 0.00241700 -0.01530800
v -0.01997300 0.00574300 -0.01309100
v -0.02117400 0.00712800 -0.01429100
v -0.02117400 0.00306400 -0.01706300
v -0.02117400 0.00204700 -0.01558500
v -0.02117400 0.00611200 -0.01281300
v -0.02246700 0.00740500 -0.01410700
v -0.02246700 0.00278700 -0.01724700
v -0.02246700 0.00638900 -0.01262900
v -0.02246700 0.00177100 -0.01567700
v -0.02339100 0.00638900 -0.01262900
v -0.02680900 0.00472700 -0.01595400
v -0.02653200 0.00408000 -0.01641600
v -0.02680900 0.00371000 -0.01438400
v -0.02339100 0.00740500 -0.01410700
v -0.02339100 0.00278700 -0.01724700
v -0.02468400 0.00712800 -0.01429100
v -0.02339100 0.00177100 -0.01567700
v -0.02653200 0.00620500 -0.01493800
v -0.02588500 0.00675900 -0.01456900
v -0.02588500 0.00343300 -0.01678600
v -0.02680900 0.00546600 -0.01540000
v -0.02680900 0.00444900 -0.01392200
v -0.02653200 0.00306400 -0.01484600
v -0.02468400 0.00306400 -0.01706300
v -0.02468400 0.00611200 -0.01281300
v -0.02653200 0.00509600 -0.01346000
v -0.02468400 0.00204700 -0.01558500
v -0.02588500 0.00574300 -0.01309100
v -0.02588500 0.00241700 -0.01530800
v 0.00506100 -0.00404900 -0.01272100
v 0.00506100 -0.00478800 -0.01244400
v 0.00506100 -0.00247900 -0.01189000
v 0.00580000 -0.00404900 -0.01595400
v 0.00580000 -0.00201700 -0.01678600
v 0.00580000 -0.00349500 -0.01540000
v 0.00580000 -0.00404900 -0.01272100
v 0.00580000 -0.00349500 -0.01327500
v 0.00580000 -0.00478800 -0.01244400
v 0.00580000 -0.00321800 -0.01392200
v 0.00580000 -0.00201700 -0.01189000
v 0.00506100 -0.00552700 -0.01244400
v 0.00506100 -0.00626600 -0.01272100
v 0.00506100 -0.00783700 -0.01189000
v 0.00506100 -0.00349500 -0.01327500
v 0.00580000 -0.00478800 -0.01623100
v 0.00506100 -0.00682100 -0.01327500
v 0.00580000 -0.00829900 -0.01678600
v 0.00580000 -0.00626600 -0.01595400
v 0.00580000 -0.00682100 -0.01540000
v 0.00580000 -0.00626600 -0.01272100
v 0.00580000 -0.00552700 -0.01244400
v 0.00580000 -0.00829900 -0.01189000
v 0.00580000 -0.00321800 -0.01475300
v 0.00506100 -0.00247900 -0.01678600
v 0.00506100 -0.00321800 -0.01475300
v 0.00506100 -0.00321800 -0.01392200
v 0.00506100 -0.00349500 -0.01540000
v 0.00580000 -0.00552700 -0.01623100
v 0.00506100 -0.00709800 -0.01392200
v 0.00506100 -0.00682100 -0.01540000
v 0.00506100 -0.00626600 -0.01595400
v 0.00506100 -0.00709800 -0.01475300
v 0.00580000 -0.00709800 -0.01475300
v 0.00580000 -0.00682100 -0.01327500
v 0.00506100 -0.00552700 -0.01623100
v 0.00506100 -0.00783700 -0.01678600
v 0.00506100 -0.00404900 -0.01595400
v 0.00580000 -0.00709800 -0.01392200
v -0.00436100 -0.00682100 -0.01540000
v -0.00436100 -0.00783700 -0.01678600
v -0.00436100 -0.00709800 -0.01475300
v -0.00436100 -0.00682100 -0.01327500
v -0.00436100 -0.00709800 -0.01392200
v -0.00436100 -0.00626600 -0.01272100
v 0.00524600 -0.00146300 -0.01189000
v 0.00524600 -0.00146300 -0.01678600
v 0.00478400 -0.00220200 -0.01189000
v 0.00506100 -0.00478800 -0.01623100
v 0.00478400 -0.00811400 -0.01189000
v 0.00524600 -0.00885300 -0.01189000
v -0.00436100 -0.00321800 -0.01392200
v -0.00436100 -0.00349500 -0.01327500
v -0.00436100 -0.00404900 -0.01272100
v -0.00436100 -0.00404900 -0.01595400
v -0.00436100 -0.00349500 -0.01540000
v -0.00436100 -0.00321800 -0.01475300
v 0.00478400 -0.00220200 -0.01678600
v -0.00436100 -0.00247900 -0.01678600
v -0.00436100 -0.00478800 -0.01623100
v -0.00436100 -0.00626600 -0.01595400
v -0.00436100 -0.00783700 -0.01189000
v -0.00454600 -0.00146300 -0.01678600
v -0.00408400 -0.00220200 -0.01678600
v 0.00478400 -0.00811400 -0.01678600
v -0.00408400 -0.00811400 -0.01189000
v 0.00524600 -0.00885300 -0.01678600
v -0.00436100 -0.00552700 -0.01244400
v -0.00436100 -0.00247900 -0.01189000
v -0.00436100 -0.00552700 -0.01623100
v -0.00510000 -0.00404900 -0.01595400
v -0.00510000 -0.00349500 -0.01540000
v -0.00510000 -0.00321800 -0.01475300
v -0.00408400 -0.00220200 -0.01189000
v -0.00454600 -0.00146300 -0.01189000
v -0.00408400 -0.00811400 -0.01678600
v -0.00454600 -0.00885300 -0.01189000
v -0.00436100 -0.00478800 -0.01244400
v -0.00510000 -0.00201700 -0.01678600
v -0.00510000 -0.00349500 -0.01327500
v -0.00510000 -0.00404900 -0.01272100
v -0.00510000 -0.00201700 -0.01189000
v -0.00454600 -0.00885300 -0.01678600
v -0.00510000 -0.00478800 -0.01623100
v -0.00510000 -0.00321800 -0.01392200
v -0.00510000 -0.00478800 -0.01244400
v -0.00510000 -0.00829900 -0.01678600
v -0.00510000 -0.00829900 -0.01189000
v -0.00510000 -0.00552700 -0.01623100
v -0.00510000 -0.00552700 -0.01244400
v -0.00510000 -0.00682100 -0.01540000
v -0.00510000 -0.00626600 -0.01595400
v -0.00510000 -0.00709800 -0.01475300
v -0.00510000 -0.00626600 -0.01272100
v -0.00510000 -0.00682100 -0.01327500
v -0.00510000 -0.00709800 -0.01392200
v -0.02828700 -0.01079300 -0.00357600
v -0.03115000 -0.01088500 -0.00385300
v -0.02828700 -0.01088500 -0.00413000
v -0.03142700 -0.01051600 -0.00422200
v -0.03115000 -0.01079300 -0.00339100
v -0.02828700 -0.01070000 -0.00449900
v -0.02819400 -0.01042300 -0.00329900
v -0.03188900 -0.01005400 -0.00440700
v -0.03142700 -0.01023800 -0.00320600
v -0.02837900 -0.00996100 -0.00468400
v -0.02819400 -0.00968400 -0.00329900
v -0.03142700 -0.00949900 -0.00440700
v -0.03179700 -0.00959200 -0.00311400
v -0.02837900 -0.00931500 -0.00477700
v -0.02828700 -0.00903800 -0.00357600
v -0.03115000 -0.00894500 -0.00422200
v -0.03142700 -0.00903800 -0.00339100
v -0.02828700 -0.00894500 -0.00449900
v -0.02828700 -0.00885300 -0.00394500
v -0.03115000 -0.00885300 -0.00376000
v 0.03212700 -0.01079300 -0.00339100
v 0.03240400 -0.01023800 -0.00320600
v 0.02926400 -0.01079300 -0.00357600
v 0.02926400 -0.01088500 -0.00413000
v 0.02926400 -0.01042300 -0.00329900
v 0.03212700 -0.01088500 -0.00385300
v 0.03277400 -0.00959200 -0.00311400
v 0.02935600 -0.01070000 -0.00449900
v 0.02926400 -0.00968400 -0.00329900
v 0.03240400 -0.01051600 -0.00422200
v 0.03240400 -0.00903800 -0.00339100
v 0.02935600 -0.00996100 -0.00468400
v 0.02926400 -0.00903800 -0.00357600
v 0.03286600 -0.01005400 -0.00440700
v 0.03212700 -0.00885300 -0.00376000
v 0.02935600 -0.00931500 -0.00477700
v 0.02926400 -0.00885300 -0.00394500
v 0.03240400 -0.00949900 -0.00440700
v 0.03212700 -0.00894500 -0.00422200
v 0.02935600 -0.00894500 -0.00449900
v -0.02727100 0.01470300 0.01259000
v -0.03068800 0.01470300 0.01212800
v -0.02736300 0.01470300 0.01194300
v -0.02994900 0.01488800 0.01138900
v -0.02976500 0.01479500 0.01268200
v -0.02736300 0.01479500 0.01120400
v -0.02727100 0.01507300 0.01286700
v -0.02736300 0.01525700 0.01092700
v -0.02939500 0.01507300 0.01305200
v -0.02976500 0.01525700 0.01111200
v -0.02727100 0.01562700 0.01295900
v -0.02736300 0.01571900 0.01102000
v -0.02930300 0.01562700 0.01305200
v -0.02958000 0.01571900 0.01120400
v -0.02727100 0.01599600 0.01268200
v -0.02976500 0.01590400 0.01148100
v -0.02967200 0.01590400 0.01277500
v -0.02736300 0.01608900 0.01129700
v -0.02727100 0.01608900 0.01203600
v -0.03059600 0.01608900 0.01222000
v 0.03166500 0.01608900 0.01222000
v 0.02824700 0.01599600 0.01268200
v 0.03064900 0.01590400 0.01277500
v 0.02824700 0.01562700 0.01295900
v 0.02834000 0.01608900 0.01203600
v 0.03037200 0.01562700 0.01305200
v 0.03074200 0.01590400 0.01148100
v 0.02824700 0.01507300 0.01286700
v 0.02834000 0.01608900 0.01129700
v 0.03037200 0.01507300 0.01305200
v 0.03064900 0.01571900 0.01120400
v 0.02824700 0.01470300 0.01259000
v 0.02834000 0.01571900 0.01102000
v 0.03074200 0.01479500 0.01268200
v 0.02834000 0.01525700 0.01092700
v 0.02834000 0.01470300 0.01194300
v 0.03074200 0.01525700 0.01111200
v 0.03166500 0.01470300 0.01212800
v 0.02834000 0.01479500 0.01120400
v 0.03101900 0.01488800 0.01138900
v -0.03706200 -0.01531900 -0.04930200
v -0.03586200 -0.01892200 -0.04930200
v -0.03586200 -0.01892200 -0.04819300
v -0.03706200 -0.01531900 -0.04819300
v -0.03549200 -0.01882900 -0.04708500
v -0.03660100 -0.01513400 -0.05041000
v -0.03660100 -0.01513400 -0.04708500
v -0.03549200 -0.01882900 -0.05041000
v -0.03466100 -0.01855200 -0.04625400
v -0.03466100 -0.01855200 -0.05124200
v -0.03586200 -0.01485700 -0.05124200
v -0.03586200 -0.01485700 -0.04625400
v -0.03484500 -0.01458000 -0.04579200
v -0.03364500 -0.01818300 -0.04579200
v -0.03068800 -0.01725900 -0.05041000
v -0.03142700 -0.01347200 -0.04930200
v -0.03022700 -0.01716700 -0.04930200
v -0.03364500 -0.01818300 -0.05170400
v -0.03253600 -0.01781300 -0.04579200
v -0.03484500 -0.01458000 -0.05170400
v -0.03068800 -0.01725900 -0.04708500
v -0.03152000 -0.01753600 -0.04625400
v -0.03152000 -0.01753600 -0.05124200
v -0.03022700 -0.01716700 -0.04819300
v -0.03142700 -0.01347200 -0.04819300
v -0.03188900 -0.01356400 -0.05041000
v -0.03253600 -0.01781300 -0.05170400
v -0.03373700 -0.01421100 -0.04579200
v -0.03188900 -0.01356400 -0.04708500
v -0.03373700 -0.01421100 -0.05170400
v -0.03262800 -0.01384100 -0.04625400
v -0.03262800 -0.01384100 -0.05124200
v -0.02394500 0.02504900 -0.04930200
v -0.02394500 0.02504900 -0.04819300
v -0.02089700 0.02726600 -0.04930200
v -0.02089700 0.02726600 -0.04819300
v -0.02366800 0.02468000 -0.04708500
v -0.02061900 0.02689700 -0.05041000
v -0.02061900 0.02689700 -0.04708500
v -0.02366800 0.02468000 -0.05041000
v -0.02320600 0.02403300 -0.04625400
v -0.02320600 0.02403300 -0.05124200
v -0.02006500 0.02625000 -0.05124200
v -0.02006500 0.02625000 -0.04625400
v -0.01951100 0.02541900 -0.04579200
v -0.02255900 0.02310900 -0.04579200
v -0.02052700 0.02024600 -0.04930200
v -0.02071200 0.02061500 -0.05041000
v -0.01738600 0.02255500 -0.04930200
v -0.02255900 0.02310900 -0.05170400
v -0.02191300 0.02218500 -0.04579200
v -0.01951100 0.02541900 -0.05170400
v -0.02071200 0.02061500 -0.04708500
v -0.02126600 0.02126200 -0.05124200
v -0.02126600 0.02126200 -0.04625400
v -0.02052700 0.02024600 -0.04819300
v -0.01738600 0.02255500 -0.04819300
v -0.01766300 0.02292400 -0.05041000
v -0.02191300 0.02218500 -0.05170400
v -0.01877200 0.02440200 -0.04579200
v -0.01766300 0.02292400 -0.04708500
v -0.01877200 0.02440200 -0.05170400
v -0.01812500 0.02357100 -0.04625400
v -0.01812500 0.02357100 -0.05124200
v 0.02159600 0.02726600 -0.04930200
v 0.02159600 0.02726600 -0.04819300
v 0.02464500 0.02504900 -0.04930200
v 0.02464500 0.02504900 -0.04819300
v 0.02131900 0.02689700 -0.04708500
v 0.02436800 0.02468000 -0.05041000
v 0.02436800 0.02468000 -0.04708500
v 0.02131900 0.02689700 -0.05041000
v 0.02076500 0.02625000 -0.04625400
v 0.02076500 0.02625000 -0.05124200
v 0.02390600 0.02403300 -0.05124200
v 0.02390600 0.02403300 -0.04625400
v 0.02021100 0.02541900 -0.04579200
v 0.02325900 0.02310900 -0.04579200
v 0.01808600 0.02255500 -0.04930200
v 0.01836300 0.02292400 -0.05041000
v 0.02122700 0.02024600 -0.04930200
v 0.02021100 0.02541900 -0.05170400
v 0.01947200 0.02440200 -0.04579200
v 0.02325900 0.02310900 -0.05170400
v 0.01836300 0.02292400 -0.04708500
v 0.01882500 0.02357100 -0.05124200
v 0.01882500 0.02357100 -0.04625400
v 0.01808600 0.02255500 -0.04819300
v 0.02122700 0.02024600 -0.04819300
v 0.02141200 0.02061500 -0.05041000
v 0.01947200 0.02440200 -0.05170400
v 0.02261300 0.02218500 -0.04579200
v 0.02141200 0.02061500 -0.04708500
v 0.02261300 0.02218500 -0.05170400
v 0.02196600 0.02126200 -0.04625400
v 0.02196600 0.02126200 -0.05124200
v 0.03656100 -0.01892200 -0.04930200
v 0.03776200 -0.01531900 -0.04930200
v 0.03776200 -0.01531900 -0.04819300
v 0.03656100 -0.01892200 -0.04819300
v 0.03730000 -0.01513400 -0.04708500
v 0.03619200 -0.01882900 -0.05041000
v 0.03619200 -0.01882900 -0.04708500
v 0.03730000 -0.01513400 -0.05041000
v 0.03656100 -0.01485700 -0.04625400
v 0.03656100 -0.01485700 -0.05124200
v 0.03536000 -0.01855200 -0.05124200
v 0.03536000 -0.01855200 -0.04625400
v 0.03554500 -0.01458000 -0.04579200
v 0.03434400 -0.01818300 -0.04579200
v 0.03212700 -0.01347200 -0.04930200
v 0.03258900 -0.01356400 -0.05041000
v 0.03092600 -0.01716700 -0.04930200
v 0.03554500 -0.01458000 -0.05170400
v 0.03443700 -0.01421100 -0.04579200
v 0.03434400 -0.01818300 -0.05170400
v 0.03258900 -0.01356400 -0.04708500
v 0.03332800 -0.01384100 -0.05124200
v 0.03332800 -0.01384100 -0.04625400
v 0.03212700 -0.01347200 -0.04819300
v 0.03092600 -0.01716700 -0.04819300
v 0.03138800 -0.01725900 -0.05041000
v 0.03443700 -0.01421100 -0.05170400
v 0.03323600 -0.01781300 -0.04579200
v 0.03138800 -0.01725900 -0.04708500
v 0.03323600 -0.01781300 -0.05170400
v 0.03222000 -0.01753600 -0.04625400
v 0.03222000 -0.01753600 -0.05124200
v 0.00229000 -0.04386300 -0.04819300
v -0.00159000 -0.04386300 -0.04930200
v 0.00229000 -0.04386300 -0.04930200
v -0.00159000 -0.04386300 -0.04819300
v 0.00229000 -0.04340100 -0.04708500
v -0.00159000 -0.04340100 -0.05041000
v -0.00159000 -0.04340100 -0.04708500
v 0.00229000 -0.04340100 -0.05041000
v 0.00229000 -0.04257000 -0.05124200
v -0.00159000 -0.04257000 -0.05124200
v -0.00159000 -0.04257000 -0.04625400
v 0.00229000 -0.04257000 -0.04625400
v 0.00229000 -0.04155400 -0.05170400
v -0.00159000 -0.04155400 -0.05170400
v -0.00159000 -0.04155400 -0.04579200
v 0.00229000 -0.04155400 -0.04579200
v 0.00229000 -0.04035300 -0.05170400
v 0.00229000 -0.04035300 -0.04579200
v -0.00159000 -0.04035300 -0.05170400
v 0.00229000 -0.03924500 -0.05124200
v -0.00159000 -0.04035300 -0.04579200
v -0.00159000 -0.03924500 -0.05124200
v -0.00159000 -0.03841300 -0.05041000
v 0.00229000 -0.03841300 -0.05041000
v 0.00229000 -0.03924500 -0.04625400
v -0.00159000 -0.03795100 -0.04930200
v -0.00159000 -0.03924500 -0.04625400
v 0.00229000 -0.03795100 -0.04930200
v -0.00159000 -0.03795100 -0.04819300
v -0.00159000 -0.03841300 -0.04708500
v 0.00229000 -0.03841300 -0.04708500
v 0.00229000 -0.03795100 -0.04819300
vn 0.00000000 -0.00000000 0.00000000
vn 0.00000000 -0.00000000 0.00000000
vn -0.00000000 -0.00000000 0.00000000
vn 0.00000000 0.00000000 0.00000000
vn 0.00000000 -0.00000000 0.00000000
vn -0.00000000 0.00000000 -0.00000000
vn 0.00000000 0.00000000 0.00000000
vn 0.00000000 0.00000000 -0.00000000
vn 0.00000000 -0.00000000 0.00000000
vn 0.00000000 0.00000000 0.00000000
vn -0.00000000 0.00000000 0.00000000
vn 0.00000000 0.00000000 -0.00000000
vn -0.00000000 -0.00000000 -0.00000000
vn 0.00000000 -0.00000000 -0.00000000
vn -0.00000000 -0.00000000 0.00000000
vn 0.00000000 0.00000000 0.00000000
vn -0.00000000 -0.00000000 0.00000000
vn -0.00000000 -0.00000000 0.00000000
vn 0.00000000 0.00000000 -0.00000000
vn -0.00000000 -0.00000000 -0.00000000
vn -0.00000000 -0.00000000 0.00000000
vn -0.00000000 0.00000000 -0.00000000
vn 0.00000000 0.00000000 -0.00000000
vn 0.00000000 -0.00000000 0.00000000
vn -0.00000000 0.00000000 -0.00000000
vn 0.00000000 0.00000000 0.00000000
vn -0.00000000 0.00000000 0.00000000
vn 0.00000000 -0.00000000 0.00000000
vn 0.00000000 0.00000000 -0.00000000
vn 0.00000000 -0.00000000 0.00000000
vn 0.00000000 -0.00000000 -0.00000000
vn 0.00000000 0.00000000 -0.00000000
vn 0.00000000 -0.00000000 0.00000000
vn 0.00000000 -0.00000000 0.00000000
vn 0.00000000 0.00000000 0.00000000
vn 0.00000000 0.00000000 -0.00000000
vn 0.00000000 -0.00000000 0.00000000
vn -0.00000000 0.00000000 -0.00000000
vn 0.00000000 0.00000000 -0.00000000
vn -0.00000000 -0.00000000 0.00000000
vn -0.00000000 -0.00000000 0.00000000
vn 0.00000000 0.00000000 -0.00000000
vn 0.00000000 -0.00000000 0.00000000
vn -0.00000000 -0.00000000 0.00000000
vn 0.00000000 -0.00000000 0.00000000
vn 0.00000000 0.00000000 0.00000000
vn -0.00000000 0.00000000 -0.00000000
vn 0.00000000 -0.00000000 -0.00000000
vn -0.00000000 -0.00000000 0.00000000
vn 0.00000000 -0.00000000 -0.00000000
vn 0.00000000 -0.00000000 -0.00000000
vn -0.00000000 -0.00000000 0.00000000
vn 0.00000000 0.00000000 0.00000000
vn -0.00000000 0.00000000 -0.00000000
vn 0.00000000 0.00000000 0.00000000
vn -0.00000000 0.00000000 0.00000000
vn 0.00000000 -0.00000000 0.00000000
vn -0.00000000 0.00000000 -0.00000000
vn 0.00000000 -0.00000000 -0.00000000
vn -0.00000000 0.00000000 0.00000000
vn -0.00000000 0.00000000 0.00000000
vn -0.00000000 0.00000000 -0.00000000
vn -0.00000000 0.00000000 -0.00000000
vn -0.00000000 0.00000000 0.00000000
vn 0.00000000 -0.00000000 -0.00000000
vn 0.00000000 0.00000000 0.00000000
vn 0.00000000 0.00000000 0.00000000
vn -0.00000000 -0.00000000 -0.00000000
vn 0.00000000 0.00000000 0.00000000
vn -0.00000000 0.00000000 0.00000000
vn 0.00000000 0.00000000 -0.00000000
vn 0.00000000 0.00000000 0.00000000
vn -0.00000000 0.00000000 0.00000000
vn 0.00000000 -0.00000000 -0.00000000
vn -0.00000000 -0.00000000 0.00000000
vn 0.00000000 0.00000000 0.00000000
vn 0.00000000 0.00000000 0.00000000
vn 0.00000000 0.00000000 0.00000000
vn 0.00000000 -0.00000000 -0.00000000
vn 0.00000000 0.00000000 0.00000000
vn 0.00000000 -0.00000000 -0.00000000
vn 0.00000000 -0.00000000 -0.00000000
vn 0.00000000 0.00000000 0.00000000
vn 0.00000000 0.00000000 0.00000000
vn -0.00000000 0.00000000 0.00000000
vn -0.00000000 0.00000000 -0.00000000
vn -0.00000000 -0.00000000 -0.00000000
vn 0.00000000 -0.00000000 0.00000000
vn 0.00000000 0.00000000 0.00000000
vn -0.00000000 -0.00000000 0.00000000
vn -0.00000000 -0.00000000 -0.00000000
vn 0.00000000 -0.00000000 -0.00000000
vn 0.00000000 0.00000000 0.00000000
vn -0.00000000 -0.00000000 -0.00000000
vn -0.00000000 -0.00000000 -0.00000000
vn -0.00000000 -0.00000000 0.00000000
vn -0.00000000 0.00000000 0.00000000
vn 0.00000000 -0.00000000 -0.00000000
vn 0.00000000 -0.00000000 -0.00000000
vn 0.00000000 -0.00000000 -0.00000000
vn 0.00000000 -0.00000000 -0.00000000
vn -0.00000000 0.00000000 0.00000000
vn 0.00000000 0.00000000 0.00000000
vn -0.00000000 -0.00000000 0.00000000
vn -0.00000000 0.00000000 0.00000000
vn -0.00000000 0.00000000 0.00000000
vn 0.00000000 0.00000000 0.00000000
vn 0.00000000 0.00000000 -0.00000000
vn -0.00000000 0.00000000 -0.00000000
vn 0.00000000 -0.00000000 -0.00000000
vn 0.00000000 0.00000000 -0.00000000
vn 0.00000000 -0.00000000 0.00000000
vn 0.00000000 0.00000000 -0.00000000
vn 0.00000000 -0.00000000 -0.00000000
vn 0.00000000 -0.00000000 0.00000000
vn -0.00000000 0.00000000 -0.00000000
vn 0.00000000 -0.00000000 -0.00000000
vn 0.00000000 0.00000000 0.00000000
vn 0.00000000 0.00000000 0.00000000
vn -0.00000000 -0.00000000 0.00000000
vn -0.00000000 0.00000000 0.00000000
vn -0.00000000 0.00000000 -0.00000000
vn -0.00000000 -0.00000000 0.00000000
vn -0.00000000 0.00000000 -0.00000000
vn 0.00000000 -0.00000000 0.00000000
vn 0.00000000 0.00000000 -0.00000000
vn 0.00000000 0.00000000 0.00000000
vn 0.00000000 -0.00000000 0.00000000
vn -0.00000000 -0.00000000 0.00000000
vn 0.00000000 0.00000000 -0.00000000
vn -0.00000000 0.00000000 -0.00000000
vn 0.00000000 -0.00000000 0.00000000
vn 0.00000000 -0.00000000 -0.00000000
vn 0.00000000 -0.00000000 0.00000000
vn -0.00000000 0.00000000 -0.00000000
vn -0.00000000 0.00000000 -0.00000000
vn 0.00000000 0.00000000 -0.00000000
vn 0.00000000 -0.00000000 0.00000000
vn 0.00000000 -0.00000000 0.00000000
vn -0.00000000 0.00000000 0.00000000
vn 0.00000000 -0.00000000 -0.00000000
vn 0.00000000 0.00000000 -0.00000000
vn -0.00000000 0.00000000 -0.00000000
vn 0.00000000 -0.00000000 0.00000000
vn -0.00000000 0.00000000 0.00000000
vn 0.00000000 0.00000000 -0.00000000
vn 0.00000000 -0.00000000 -0.00000000
vn 0.00000000 0.00000000 0.00000000
vn 0.00000000 -0.00000000 -0.00000000
vn 0.00000000 0.00000000 -0.00000000
vn 0.00000000 -0.00000000 0.00000000
vn -0.00000000 0.00000000 -0.00000000
vn 0.00000000 -0.00000000 -0.00000000
vn -0.00000000 -0.00000000 -0.00000000
vn -0.00000000 -0.00000000 0.00000000
vn -0.00000000 -0.00000000 0.00000000
vn -0.00000000 -0.00000000 0.00000000
vn 0.00000000 0.00000000 -0.00000000
vn 0.00000000 0.00000000 0.00000000
vn -0.00000000 -0.00000000 0.00000000
vn -0.00000000 0.00000000 0.00000000
vn 0.00000000 -0.00000000 -0.00000000
vn 0.00000000 -0.00000000 0.00000000
vn 0.00000000 -0.00000000 -0.00000000
vn 0.00000000 -0.00000000 -0.00000000
vn 0.00000000 0.00000000 -0.00000000
vn 0.00000000 0.00000000 -0.00000000
vn -0.00000000 0.00000000 -0.00000000
vn 0.00000000 0.00000000 0.00000000
vn -0.00000000 -0.00000000 -0.00000000
vn 0.00000000 -0.00000000 -0.00000000
vn 0.00000000 0.00000000 0.00000000
vn 0.00000000 0.00000000 0.00000000
vn 0.00000000 -0.00000000 -0.00000000
vn -0.00000000 0.00000000 -0.00000000
vn -0.00000000 -0.00000000 0.00000000
vn 0.00000000 0.00000000 0.00000000
vn 0.00000000 0.00000000 0.00000000
vn 0.00000000 -0.00000000 -0.00000000
vn 0.00000000 0.00000000 0.00000000
vn -0.00000000 -0.00000000 -0.00000000
vn 0.00000000 0.00000000 0.00000000
vn 0.00000000 0.00000000 0.00000000
vn 0.00000000 -0.00000000 -0.00000000
vn -0.00000000 -0.00000000 -0.00000000
vn -0.00000000 0.00000000 0.00000000
vn 0.00000000 0.00000000 0.00000000
vn -0.00000000 0.00000000 0.00000000
vn -0.00000000 0.00000000 0.00000000
vn 0.00000000 -0.00000000 -0.00000000
vn -0.00000000 0.00000000 -0.00000000
vn 0.00000000 -0.00000000 0.00000000
vn -0.00000000 0.00000000 -0.00000000
vn 0.00000000 -0.00000000 -0.00000000
vn 0.00000000 0.00000000 -0.00000000
vn -0.00000000 0.00000000 -0.00000000
vn 0.00000000 -0.00000000 -0.00000000
vn 0.00000000 0.00000000 -0.00000000
vn 0.00000000 0.00000000 -0.00000000
vn 0.00000000 -0.00000000 0.00000000
vn -0.00000000 -0.00000000 -0.00000000
vn 0.00000000 0.00000000 0.00000000
vn 0.00000000 0.00000000 0.00000000
vn -0.00000000 -0.00000000 0.00000000
vn 0.00000000 0.00000000 0.00000000
vn -0.00000000 -0.00000000 0.00000000
vn 0.00000000 -0.00000000 0.00000000
vn -0.00000000 -0.00000000 0.00000000
vn 0.00000000 0.00000000 -0.00000000
vn 0.00000000 0.00000000 -0.00000000
vn 0.00000000 -0.00000000 -0.00000000
vn 0.00000000 0.00000000 0.00000000
vn 0.00000000 0.00000000 0.00000000
vn 0.00000000 0.00000000 0.00000000
vn 0.00000000 -0.00000000 -0.00000000
vn 0.00000000 -0.00000000 0.00000000
vn -0.00000000 -0.00000000 0.00000000
vn -0.00000000 0.00000000 -0.00000000
vn -0.00000000 -0.00000000 0.00000000
vn 0.00000000 -0.00000000 0.00000000
vn 0.00000000 -0.00000000 0.00000000
vn -0.00000000 0.00000000 0.00000000
vn 0.00000000 0.00000000 0.00000000
vn -0.00000000 0.00000000 -0.00000000
vn 0.00000000 0.00000000 -0.00000000
vn 0.00000000 0.00000000 -0.00000000
vn -0.00000000 0.00000000 -0.00000000
vn 0.00000000 0.00000000 -0.00000000
vn -0.00000000 -0.00000000 0.00000000
vn 0.00000000 0.00000000 0.00000000
vn -0.00000000 -0.00000000 0.00000000
vn -0.00000000 0.00000000 -0.00000000
vn 0.00000000 -0.00000000 -0.00000000
vn 0.00000000 -0.00000000 0.00000000
vn 0.00000000 0.00000000 0.00000000
vn -0.00000000 0.00000000 0.00000000
vn -0.00000000 0.00000000 -0.00000000
vn -0.00000000 -0.00000000 -0.00000000
vn 0.00000000 -0.00000000 -0.00000000
vn -0.00000000 0.00000000 -0.00000000
vn 0.00000000 0.00000000 0.00000000
vn 0.00000000 -0.00000000 -0.00000000
vn 0.00000000 0.00000000 -0.00000000
vn 0.00000000 -0.00000000 0.00000000
vn 0.00000000 -0.00000000 0.00000000
vn 0.00000000 -0.00000000 -0.00000000
vn -0.00000000 -0.00000000 0.00000000
vn 0.00000000 -0.00000000 0.00000000
vn 0.00000000 0.00000000 0.00000000
vn 0.00000000 0.00000000 -0.00000000
vn -0.00000000 -0.00000000 0.00000000
vn 0.00000000 -0.00000000 -0.00000000
vn -0.00000000 -0.00000000 -0.00000000
vn -0.00000000 0.00000000 -0.00000000
vn -0.00000000 -0.00000000 0.00000000
vn 0.00000000 0.00000000 -0.00000000
vn -0.00000000 -0.00000000 0.00000000
vn -0.00000000 0.00000000 0.00000000
vn 0.00000000 -0.00000000 0.00000000
vn 0.00000000 -0.00000000 -0.00000000
vn 0.00000000 0.00000000 -0.00000000
vn -0.00000000 -0.00000000 0.00000000
vn -0.00000000 0.00000000 -0.00000000
vn -0.00000000 0.00000000 -0.00000000
vn 0.00000000 -0.00000000 0.00000000
vn 0.00000000 -0.00000000 0.00000000
vn 0.00000000 0.00000000 0.00000000
vn 0.00000000 0.00000000 0.00000000
vn 0.00000000 -0.00000000 0.00000000
vn -0.00000000 0.00000000 -0.00000000
vn 0.00000000 -0.00000000 -0.00000000
vn 0.00000000 0.00000000 0.00000000
vn 0.00000000 -0.00000000 0.00000000
vn -0.00000000 0.00000000 0.00000000
vn 0.00000000 0.00000000 0.00000000
vn -0.00000000 0.00000000 -0.00000000
vn 0.00000000 0.00000000 -0.00000000
vn 0.00000000 -0.00000000 0.00000000
vn 0.00000000 -0.00000000 0.00000000
vn -0.00000000 -0.00000000 0.00000000
vn 0.00000000 0.00000000 0.00000000
vn 0.00000000 -0.00000000 0.00000000
vn -0.00000000 -0.00000000 -0.00000000
vn -0.00000000 0.00000000 0.00000000
vn -0.00000000 -0.00000000 0.00000000
vn 0.00000000 0.00000000 -0.00000000
vn 0.00000000 0.00000000 -0.00000000
vn -0.00000000 -0.00000000 -0.00000000
vn 0.00000000 0.00000000 -0.00000000
vn 0.00000000 0.00000000 -0.00000000
vn 0.00000000 -0.00000000 -0.00000000
vn -0.00000000 -0.00000000 -0.00000000
vn 0.00000000 0.00000000 0.00000000
vn -0.00000000 -0.00000000 0.00000000
vn 0.00000000 -0.00000000 0.00000000
vn 0.00000000 -0.00000000 0.00000000
vn 0.00000000 0.00000000 -0.00000000
vn 0.00000000 -0.00000000 -0.00000000
vn -0.00000000 -0.00000000 0.00000000
vn 0.00000000 0.00000000 0.00000000
vn -0.00000000 0.00000000 -0.00000000
vn 0.00000000 0.00000000 -0.00000000
vn 0.00000000 0.00000000 0.00000000
vn 0.00000000 0.00000000 -0.00000000
vn -0.00000000 -0.00000000 0.00000000
vn -0.00000000 0.00000000 -0.00000000
vn 0.00000000 0.00000000 -0.00000000
vn 0.00000000 -0.00000000 0.00000000
vn -0.00000000 -0.00000000 0.00000000
vn 0.00000000 0.00000000 -0.00000000
vn -0.00000000 0.00000000 -0.00000000
vn 0.00000000 0.00000000 0.00000000
vn 0.00000000 -0.00000000 0.00000000
vn 0.00000000 0.00000000 -0.00000000
vn 0.00000000 0.00000000 -0.00000000
vn 0.00000000 0.00000000 -0.00000000
vn 0.00000000 0.00000000 -0.00000000
vn 0.00000000 0.00000000 0.00000000
vn -0.00000000 -0.00000000 0.00000000
vn -0.00000000 -0.00000000 -0.00000000
vn 0.00000000 0.00000000 0.00000000
vn -0.00000000 -0.00000000 0.00000000
vn 0.00000000 -0.00000000 0.00000000
vn 0.00000000 0.00000000 0.00000000
vn -0.00000000 0.00000000 0.00000000
vn -0.00000000 0.00000000 0.00000000
vn 0.00000000 -0.00000000 -0.00000000
vn 0.00000000 -0.00000000 -0.00000000
vn 0.00000000 -0.00000000 -0.00000000
vn 0.00000000 -0.00000000 0.00000000
vn 0.00000000 0.00000000 -0.00000000
vn -0.00000000 0.00000000 -0.00000000
vn 0.00000000 0.00000000 0.00000000
vn -0.00000000 0.00000000 0.00000000
vn 0.00000000 0.00000000 0.00000000
vn 0.00000000 0.00000000 0.00000000
vn 0.00000000 -0.00000000 -0.00000000
vn 0.00000000 0.00000000 0.00000000
vn -0.00000000 -0.00000000 -0.00000000
vn -0.00000000 0.00000000 0.00000000
vn 0.00000000 0.00000000 -0.00000000
vn 0.00000000 0.00000000 0.00000000
vn -0.00000000 0.00000000 0.00000000
vn -0.00000000 -0.00000000 0.00000000
vn 0.00000000 -0.00000000 0.00000000
vn -0.00000000 -0.00000000 0.00000000
vn 0.00000000 -0.00000000 0.00000000
vn -0.00000000 0.00000000 0.00000000
vn 0.00000000 -0.00000000 0.00000000
vn 0.00000000 0.00000000 0.00000000
vn -0.00000000 0.00000000 -0.00000000
vn 0.00000000 0.00000000 0.00000000
vn -0.00000000 -0.00000000 -0.00000000
vn -0.00000000 -0.00000000 -0.00000000
vn 0.00000000 0.00000000 0.00000000
vn -0.00000000 -0.00000000 -0.00000000
vn -0.00000000 0.00000000 0.00000000
vn -0.00000000 -0.00000000 -0.00000000
vn 0.00000000 -0.00000000 0.00000000
vn -0.00000000 0.00000000 0.00000000
vn 0.00000000 -0.00000000 0.00000000
vn 0.00000000 -0.00000000 -0.00000000
vn -0.00000000 -0.00000000 0.00000000
vn 0.00000000 -0.00000000 -0.00000000
vn 0.00000000 0.00000000 -0.00000000
vn 0.00000000 -0.00000000 -0.00000000
vn -0.00000000 -0.00000000 -0.00000000
vn 0.00000000 0.00000000 -0.00000000
vn 0.00000000 -0.00000000 -0.00000000
vn -0.00000000 0.00000000 -0.00000000
vn -0.00000000 0.00000000 0.00000000
vn 0.00000000 -0.00000000 0.00000000
vn 0.00000000 -0.00000000 -0.00000000
vn -0.00000000 0.00000000 -0.00000000
vn -0.00000000 0.00000000 -0.00000000
vn -0.00000000 -0.00000000 -0.00000000
vn 0.00000000 0.00000000 -0.00000000
vn -0.00000000 -0.00000000 -0.00000000
vn -0.00000000 -0.00000000 0.00000000
vn 0.00000000 -0.00000000 -0.00000000
vn -0.00000000 0.00000000 0.00000000
vn 0.00000000 0.00000000 0.00000000
vn 0.00000000 0.00000000 0.00000000
vn -0.00000000 0.00000000 0.00000000
vn -0.00000000 -0.00000000 -0.00000000
vn 0.00000000 0.00000000 -0.00000000
vn 0.00000000 0.00000000 -0.00000000
vn 0.00000000 0.00000000 -0.00000000
vn 0.00000000 0.00000000 -0.00000000
vn 0.00000000 0.00000000 -0.00000000
vn 0.00000000 0.00000000 -0.00000000
vn 0.00000000 -0.00000000 -0.00000000
vn 0.00000000 -0.00000000 -0.00000000
vn -0.00000000 -0.00000000 0.00000000
vn -0.00000000 0.00000000 -0.00000000
vn 0.00000000 -0.00000000 0.00000000
vn -0.00000000 -0.00000000 0.00000000
vn -0.00000000 0.00000000 0.00000000
vn 0.00000000 0.00000000 0.00000000
vn -0.00000000 -0.00000000 -0.00000000
vn 0.00000000 -0.00000000 0.00000000
vn 0.00000000 0.00000000 0.00000000
vn 0.00000000 0.00000000 -0.00000000
vn -0.00000000 -0.00000000 0.00000000
vn 0.00000000 -0.00000000 -0.00000000
vn 0.00000000 0.00000000 0.00000000
vn 0.00000000 0.00000000 0.00000000
vn -0.00000000 -0.00000000 -0.00000000
vn 0.00000000 0.00000000 0.00000000
vn -0.00000000 0.00000000 0.00000000
vn -0.00000000 -0.00000000 -0.00000000
vn -0.00000000 -0.00000000 -0.00000000
vn -0.00000000 -0.00000000 -0.00000000
vn -0.00000000 -0.00000000 -0.00000000
vn -0.00000000 0.00000000 0.00000000
vn -0.00000000 0.00000000 0.00000000
vn -0.00000000 0.00000000 0.00000000
vn -0.00000000 -0.00000000 0.00000000
vn -0.00000000 -0.00000000 0.00000000
vn -0.00000000 0.00000000 -0.00000000
vn 0.00000000 -0.00000000 0.00000000
vn 0.00000000 -0.00000000 0.00000000
vn 0.00000000 -0.00000000 0.00000000
vn 0.00000000 0.00000000 -0.00000000
vn 0.00000000 0.00000000 -0.00000000
vn 0.00000000 0.00000000 -0.00000000
vn 0.00000000 -0.00000000 0.00000000
vn 0.00000000 0.00000000 0.00000000
vn -0.00000000 -0.00000000 -0.00000000
vn 0.00000000 -0.00000000 -0.00000000
vn -0.00000000 0.00000000 0.00000000
vn -0.00000000 0.00000000 -0.00000000
vn 0.00000000 0.00000000 0.00000000
vn 0.00000000 0.00000000 0.00000000
vn -0.00000000 -0.00000000 -0.00000000
vn 0.00000000 -0.00000000 0.00000000
vn -0.00000000 -0.00000000 0.00000000
vn 0.00000000 0.00000000 0.00000000
vn 0.00000000 -0.00000000 0.00000000
vn -0.00000000 0.00000000 0.00000000
vn -0.00000000 0.00000000 -0.00000000
vn 0.00000000 0.00000000 0.00000000
vn 0.00000000 -0.00000000 -0.00000000
vn 0.00000000 -0.00000000 -0.00000000
vn 0.00000000 -0.00000000 -0.00000000
vn -0.00000000 -0.00000000 -0.00000000
vn 0.00000000 -0.00000000 -0.00000000
vn 0.00000000 0.00000000 -0.00000000
vn 0.00000000 -0.00000000 0.00000000
vn 0.00000000 0.00000000 0.00000000
vn -0.00000000 -0.00000000 0.00000000
vn 0.00000000 0.00000000 -0.00000000
vn -0.00000000 0.00000000 -0.00000000
vn -0.00000000 -0.00000000 0.00000000
vn 0.00000000 -0.00000000 0.00000000
vn 0.00000000 0.00000000 -0.00000000
vn -0.00000000 -0.00000000 0.00000000
vn -0.00000000 0.00000000 -0.00000000
vn -0.00000000 0.00000000 0.00000000
vn -0.00000000 0.00000000 0.00000000
vn 0.00000000 0.00000000 0.00000000
vn 0.00000000 0.00000000 0.00000000
vn -0.00000000 -0.00000000 0.00000000
vn -0.00000000 0.00000000 -0.00000000
vn -0.00000000 -0.00000000 0.00000000
vn -0.00000000 0.00000000 -0.00000000
vn 0.00000000 0.00000000 0.00000000
vn 0.00000000 0.00000000 -0.00000000
vn 0.00000000 -0.00000000 0.00000000
vn 0.00000000 0.00000000 0.00000000
vn -0.00000000 -0.00000000 -0.00000000
vn -0.00000000 0.00000000 0.00000000
vn 0.00000000 -0.00000000 -0.00000000
vn 0.00000000 -0.00000000 -0.00000000
vn 0.00000000 0.00000000 0.00000000
vn -0.00000000 -0.00000000 0.00000000
vn 0.00000000 -0.00000000 0.00000000
vn 0.00000000 0.00000000 0.00000000
vn -0.00000000 -0.00000000 -0.00000000
vn -0.00000000 -0.00000000 0.00000000
vn -0.00000000 -0.00000000 0.00000000
vn 0.00000000 -0.00000000 0.00000000
vn 0.00000000 0.00000000 0.00000000
vn -0.00000000 -0.00000000 0.00000000
vn 0.00000000 0.00000000 -0.00000000
vn -0.00000000 -0.00000000 0.00000000
vn 0.00000000 -0.00000000 0.00000000
vn -0.00000000 0.00000000 -0.00000000
vn 0.00000000 -0.00000000 0.00000000
vn -0.00000000 0.00000000 0.00000000
vn 0.00000000 -0.00000000 -0.00000000
vn 0.00000000 0.00000000 0.00000000
vn 0.00000000 -0.00000000 0.00000000
vn -0.00000000 -0.00000000 0.00000000
vn 0.00000000 0.00000000 0.00000000
vn 0.00000000 -0.00000000 0.00000000
vn -0.00000000 0.00000000 -0.00000000
vn -0.00000000 -0.00000000 0.00000000
vn 0.00000000 0.00000000 -0.00000000
vn -0.00000000 0.00000000 -0.00000000
vn -0.00000000 -0.00000000 -0.00000000
vn -0.00000000 0.00000000 0.00000000
vn -0.00000000 -0.00000000 -0.00000000
vn 0.00000000 0.00000000 0.00000000
vn 0.00000000 -0.00000000 -0.00000000
vn 0.00000000 0.00000000 0.00000000
vn -0.00000000 -0.00000000 -0.00000000
vn -0.00000000 0.00000000 0.00000000
vn 0.00000000 0.00000000 0.00000000
vn 0.00000000 -0.00000000 0.00000000
vn -0.00000000 -0.00000000 0.00000000
vn 0.00000000 0.00000000 0.00000000
vn 0.00000000 -0.00000000 -0.00000000
vn 0.00000000 0.00000000 0.00000000
vn -0.00000000 -0.00000000 0.00000000
vn 0.00000000 0.00000000 -0.00000000
vn 0.00000000 0.00000000 -0.00000000
vn -0.00000000 0.00000000 -0.00000000
vn 0.00000000 0.00000000 -0.00000000
vn -0.00000000 -0.00000000 0.00000000
vn 0.00000000 0.00000000 -0.00000000
vn -0.00000000 0.00000000 -0.00000000
vn 0.00000000 -0.00000000 0.00000000
vn 0.00000000 0.00000000 0.00000000
vn -0.00000000 0.00000000 0.00000000
vn -0.00000000 -0.00000000 -0.00000000
vn -0.00000000 -0.00000000 -0.00000000
vn 0.00000000 0.00000000 -0.00000000
vn 0.00000000 -0.00000000 -0.00000000
vn 0.00000000 -0.00000000 -0.00000000
vn -0.00000000 -0.00000000 -0.00000000
vn -0.00000000 0.00000000 -0.00000000
vn -0.00000000 0.00000000 0.00000000
vn -0.00000000 0.00000000 0.00000000
vn 0.00000000 0.00000000 -0.00000000
vn 0.00000000 0.00000000 -0.00000000
vn -0.00000000 -0.00000000 0.00000000
vn 0.00000000 -0.00000000 0.00000000
vn 0.00000000 0.00000000 0.00000000
vn -0.00000000 -0.00000000 0.00000000
vn 0.00000000 0.00000000 0.00000000
vn 0.00000000 -0.00000000 -0.00000000
vn -0.00000000 -0.00000000 -0.00000000
vn 0.00000000 0.00000000 0.00000000
vn 0.00000000 0.00000000 0.00000000
vn 0.00000000 -0.00000000 -0.00000000
vn -0.00000000 0.00000000 0.00000000
vn 0.00000000 0.00000000 -0.00000000
vn -0.00000000 0.00000000 0.00000000
vn -0.00000000 -0.00000000 0.00000000
vn 0.00000000 0.00000000 -0.00000000
vn -0.00000000 -0.00000000 0.00000000
vn 0.00000000 -0.00000000 0.00000000
vn 0.00000000 -0.00000000 0.00000000
vn -0.00000000 0.00000000 -0.00000000
vn -0.00000000 -0.00000000 0.00000000
vn -0.00000000 -0.00000000 -0.00000000
vn -0.00000000 -0.00000000 -0.00000000
vn -0.00000000 -0.00000000 -0.00000000
vn 0.00000000 -0.00000000 -0.00000000
vn -0.00000000 -0.00000000 -0.00000000
vn 0.00000000 -0.00000000 0.00000000
vn 0.00000000 0.00000000 0.00000000
vn 0.00000000 0.00000000 -0.00000000
vn -0.00000000 -0.00000000 -0.00000000
vn -0.00000000 -0.00000000 -0.00000000
vn 0.00000000 -0.00000000 -0.00000000
vn -0.00000000 0.00000000 0.00000000
vn 0.00000000 0.00000000 0.00000000
vn 0.00000000 -0.00000000 0.00000000
vn -0.00000000 0.00000000 -0.00000000
vn 0.00000000 -0.00000000 -0.00000000
vn -0.00000000 0.00000000 -0.00000000
vn -0.00000000 -0.00000000 0.00000000
vn 0.00000000 0.00000000 -0.00000000
vn 0.00000000 0.00000000 0.00000000
vn 0.00000000 0.00000000 0.00000000
vn 0.00000000 0.00000000 0.00000000
vn -0.00000000 -0.00000000 -0.00000000
vn -0.00000000 0.00000000 0.00000000
vn 0.00000000 0.00000000 0.00000000
vn 0.00000000 0.00000000 -0.00000000
vn -0.00000000 -0.00000000 -0.00000000
vn -0.00000000 -0.00000000 0.00000000
vn -0.00000000 0.00000000 0.00000000
vn 0.00000000 -0.00000000 -0.00000000
vn -0.00000000 -0.00000000 0.00000000
vn 0.00000000 0.00000000 0.00000000
vn -0.00000000 -0.00000000 -0.00000000
vn 0.00000000 0.00000000 0.00000000
vn 0.00000000 0.00000000 0.00000000
vn 0.00000000 0.00000000 0.00000000
vn -0.00000000 -0.00000000 -0.00000000
vn 0.00000000 -0.00000000 -0.00000000
vn 0.00000000 0.00000000 0.00000000
vn -0.00000000 -0.00000000 -0.00000000
vn 0.00000000 0.00000000 0.00000000
vn 0.00000000 0.00000000 0.00000000
vn 0.00000000 0.00000000 -0.00000000
vn 0.00000000 -0.00000000 0.00000000
vn 0.00000000 -0.00000000 0.00000000
vn 0.00000000 0.00000000 -0.00000000
vn -0.00000000 -0.00000000 -0.00000000
vn 0.00000000 -0.00000000 -0.00000000
vn 0.00000000 0.00000000 -0.00000000
vn -0.00000000 0.00000000 0.00000000
vn 0.00000000 0.00000000 0.00000000
vn 0.00000000 -0.00000000 0.00000000
vn 0.00000000 -0.00000000 -0.00000000
vn 0.00000000 0.00000000 0.00000000
vn -0.00000000 0.00000000 -0.00000000
vn -0.00000000 0.00000000 0.00000000
vn 0.00000000 -0.00000000 -0.00000000
vn -0.00000000 0.00000000 -0.00000000
vn 0.00000000 -0.00000000 0.00000000
vn 0.00000000 -0.00000000 0.00000000
vn 0.00000000 0.00000000 0.00000000
vn 0.00000000 -0.00000000 -0.00000000
vn 0.00000000 -0.00000000 0.00000000
vn -0.00000000 -0.00000000 0.00000000
vn -0.00000000 -0.00000000 -0.00000000
vn 0.00000000 0.00000000 0.00000000
vn -0.00000000 -0.00000000 -0.00000000
vn 0.00000000 0.00000000 0.00000000
vn 0.00000000 -0.00000000 -0.00000000
vn -0.00000000 0.00000000 0.00000000
vn 0.00000000 -0.00000000 -0.00000000
vn -0.00000000 -0.00000000 -0.00000000
vn -0.00000000 -0.00000000 -0.00000000
vn -0.00000000 -0.00000000 0.00000000
vn -0.00000000 -0.00000000 -0.00000000
vn 0.00000000 0.00000000 0.00000000
vn -0.00000000 0.00000000 0.00000000
vn 0.00000000 -0.00000000 0.00000000
vn 0.00000000 -0.00000000 0.00000000
vn -0.00000000 0.00000000 0.00000000
vn 0.00000000 0.00000000 -0.00000000
vn 0.00000000 -0.00000000 0.00000000
vn -0.00000000 -0.00000000 0.00000000
vn 0.00000000 0.00000000 0.00000000
vn 0.00000000 -0.00000000 0.00000000
vn -0.00000000 -0.00000000 -0.00000000
vn 0.00000000 0.00000000 -0.00000000
vn 0.00000000 -0.00000000 -0.00000000
vn 0.00000000 0.00000000 0.00000000
vn 0.00000000 -0.00000000 -0.00000000
vn -0.00000000 0.00000000 0.00000000
vn -0.00000000 -0.00000000 0.00000000
vn -0.00000000 0.00000000 -0.00000000
vn 0.00000000 0.00000000 -0.00000000
vn 0.00000000 -0.00000000 -0.00000000
vn -0.00000000 0.00000000 0.00000000
vn -0.00000000 0.00000000 0.00000000
vn 0.00000000 0.00000000 0.00000000
vn 0.00000000 0.00000000 -0.00000000
vn 0.00000000 0.00000000 0.00000000
vn -0.00000000 -0.00000000 0.00000000
vn 0.00000000 0.00000000 0.00000000
vn -0.00000000 -0.00000000 0.00000000
vn -0.00000000 -0.00000000 0.00000000
vn -0.00000000 -0.00000000 -0.00000000
vn -0.00000000 0.00000000 0.00000000
vn 0.00000000 -0.00000000 -0.00000000
vn -0.00000000 0.00000000 0.00000000
vn 0.00000000 -0.00000000 0.00000000
vn 0.00000000 0.00000000 0.00000000
vn 0.00000000 0.00000000 -0.00000000
vn -0.00000000 -0.00000000 0.00000000
vn -0.00000000 0.00000000 0.00000000
vn -0.00000000 0.00000000 0.00000000
vn -0.00000000 -0.00000000 0.00000000
vn 0.00000000 0.00000000 0.00000000
vn -0.00000000 -0.00000000 -0.00000000
vn 0.00000000 -0.00000000 -0.00000000
vn -0.00000000 -0.00000000 0.00000000
vn 0.00000000 0.00000000 -0.00000000
vn 0.00000000 -0.00000000 -0.00000000
vn 0.00000000 0.00000000 0.00000000
vn 0.00000000 -0.00000000 -0.00000000
vn 0.00000000 0.00000000 -0.00000000
vn 0.00000000 -0.00000000 -0.00000000
vn -0.00000000 0.00000000 -0.00000000
vn 0.00000000 0.00000000 -0.00000000
vn -0.00000000 -0.00000000 0.00000000
vn -0.00000000 -0.00000000 -0.00000000
vn -0.00000000 0.00000000 0.00000000
vn 0.00000000 0.00000000 0.00000000
vn 0.00000000 -0.00000000 0.00000000
vn 0.00000000 0.00000000 0.00000000
vn -0.00000000 0.00000000 -0.00000000
vn -0.00000000 -0.00000000 0.00000000
vn 0.00000000 -0.00000000 -0.00000000
vn 0.00000000 -0.00000000 0.00000000
vn 0.00000000 0.00000000 -0.00000000
vn -0.00000000 0.00000000 0.00000000
vn -0.00000000 0.00000000 0.00000000
vn 0.00000000 -0.00000000 -0.00000000
vn 0.00000000 -0.00000000 -0.00000000
vn -0.00000000 0.00000000 0.00000000
vn -0.00000000 0.00000000 0.00000000
vn -0.00000000 0.00000000 -0.00000000
vn 0.00000000 0.00000000 0.00000000
vn -0.00000000 -0.00000000 0.00000000
vn -0.00000000 -0.00000000 -0.00000000
vn -0.00000000 0.00000000 0.00000000
vn -0.00000000 0.00000000 0.00000000
vn -0.00000000 -0.00000000 -0.00000000
vn 0.00000000 -0.00000000 -0.00000000
vn 0.00000000 -0.00000000 0.00000000
vn -0.00000000 -0.00000000 -0.00000000
vn 0.00000000 0.00000000 -0.00000000
vn 0.00000000 -0.00000000 0.00000000
vn 0.00000000 0.00000000 0.00000000
vn -0.00000000 -0.00000000 0.00000000
vn 0.00000000 -0.00000000 0.00000000
vn 0.00000000 0.00000000 0.00000000
vn -0.00000000 -0.00000000 -0.00000000
vn 0.00000000 0.00000000 0.00000000
vn -0.00000000 -0.00000000 -0.00000000
vn 0.00000000 -0.00000000 -0.00000000
vn 0.00000000 0.00000000 0.00000000
vn 0.00000000 0.00000000 0.00000000
vn 0.00000000 0.00000000 0.00000000
vn -0.00000000 -0.00000000 -0.00000000
vn -0.00000000 0.00000000 0.00000000
vn 0.00000000 -0.00000000 -0.00000000
vn -0.00000000 -0.00000000 0.00000000
vn -0.00000000 0.00000000 0.00000000
vn 0.00000000 0.00000000 -0.00000000
vn -0.00000000 0.00000000 0.00000000
vn -0.00000000 -0.00000000 0.00000000
vn 0.00000000 -0.00000000 0.00000000
vn 0.00000000 -0.00000000 0.00000000
vn 0.00000000 0.00000000 0.00000000
vn -0.00000000 -0.00000000 0.00000000
vn -0.00000000 0.00000000 0.00000000
vn -0.00000000 0.00000000 -0.00000000
vn 0.00000000 0.00000000 0.00000000
vn 0.00000000 0.00000000 -0.00000000
vn 0.00000000 -0.00000000 -0.00000000
vn 0.00000000 -0.00000000 0.00000000
vn -0.00000000 0.00000000 0.00000000
vn 0.00000000 0.00000000 -0.00000000
vn 0.00000000 -0.00000000 0.00000000
vn -0.00000000 0.00000000 0.00000000
vn 0.00000000 -0.00000000 0.00000000
vn -0.00000000 -0.00000000 0.00000000
vn -0.00000000 -0.00000000 0.00000000
vn 0.00000000 0.00000000 -0.00000000
vn 0.00000000 0.00000000 -0.00000000
vn 0.00000000 0.00000000 0.00000000
vn -0.00000000 0.00000000 -0.00000000
vn -0.00000000 0.00000000 -0.00000000
vn 0.00000000 -0.00000000 0.00000000
vn -0.00000000 0.00000000 -0.00000000
vn 0.00000000 0.00000000 -0.00000000
vn -0.00000000 0.00000000 0.00000000
vn 0.00000000 -0.00000000 0.00000000
vn 0.00000000 -0.00000000 -0.00000000
vn -0.00000000 0.00000000 0.00000000
vn 0.00000000 0.00000000 0.00000000
vn 0.00000000 0.00000000 -0.00000000
vn -0.00000000 0.00000000 0.00000000
vn -0.00000000 -0.00000000 -0.00000000
vn 0.00000000 -0.00000000 -0.00000000
vn 0.00000000 0.00000000 -0.00000000
vn -0.00000000 -0.00000000 -0.00000000
vn -0.00000000 -0.00000000 -0.00000000
vn -0.00000000 0.00000000 0.00000000
vn 0.00000000 -0.00000000 -0.00000000
vn -0.00000000 0.00000000 0.00000000
vn 0.00000000 0.00000000 -0.00000000
vn 0.00000000 0.00000000 0.00000000
vn 0.00000000 0.00000000 0.00000000
vn -0.00000000 0.00000000 0.00000000
vn -0.00000000 0.00000000 0.00000000
vn -0.00000000 -0.00000000 0.00000000
vn -0.00000000 0.00000000 0.00000000
vn 0.00000000 0.00000000 0.00000000
vn 0.00000000 0.00000000 0.00000000
vn -0.00000000 -0.00000000 -0.00000000
vn 0.00000000 0.00000000 -0.00000000
vn -0.00000000 -0.00000000 -0.00000000
vn 0.00000000 -0.00000000 0.00000000
vn 0.00000000 -0.00000000 0.00000000
vn 0.00000000 0.00000000 0.00000000
vn -0.00000000 -0.00000000 0.00000000
vn -0.00000000 0.00000000 -0.00000000
vn 0.00000000 -0.00000000 0.00000000
vn 0.00000000 0.00000000 -0.00000000
vn -0.00000000 -0.00000000 0.00000000
vn -0.00000000 -0.00000000 0.00000000
vn -0.00000000 0.00000000 -0.00000000
vn 0.00000000 -0.00000000 0.00000000
vn 0.00000000 0.00000000 -0.00000000
vn -0.00000000 0.00000000 -0.00000000
vn 0.00000000 0.00000000 -0.00000000
vn 0.00000000 0.00000000 -0.00000000
vn 0.00000000 0.00000000 -0.00000000
vn 0.00000000 0.00000000 -0.00000000
vn -0.00000000 -0.00000000 0.00000000
vn -0.00000000 0.00000000 -0.00000000
vn 0.00000000 -0.00000000 0.00000000
vn 0.00000000 -0.00000000 0.00000000
vn -0.00000000 -0.00000000 0.00000000
vn 0.00000000 -0.00000000 0.00000000
vn -0.00000000 -0.00000000 0.00000000
vn 0.00000000 0.00000000 -0.00000000
vn -0.00000000 0.00000000 -0.00000000
vn 0.00000000 -0.00000000 0.00000000
vn -0.00000000 0.00000000 -0.00000000
vn 0.00000000 -0.00000000 0.00000000
vn 0.00000000 0.00000000 0.00000000
vn -0.00000000 0.00000000 0.00000000
vn 0.00000000 0.00000000 0.00000000
vn -0.00000000 -0.00000000 0.00000000
vn 0.00000000 -0.00000000 0.00000000
vn -0.00000000 0.00000000 -0.00000000
vn -0.00000000 0.00000000 -0.00000000
vn -0.00000000 0.00000000 0.00000000
vn -0.00000000 0.00000000 -0.00000000
vn 0.00000000 0.00000000 -0.00000000
vn 0.00000000 -0.00000000 -0.00000000
vn -0.00000000 0.00000000 -0.00000000
vn 0.00000000 -0.00000000 0.00000000
vn 0.00000000 0.00000000 -0.00000000
vn 0.00000000 -0.00000000 0.00000000
vn -0.00000000 0.00000000 0.00000000
vn 0.00000000 0.00000000 -0.00000000
vn -0.00000000 0.00000000 -0.00000000
vn -0.00000000 0.00000000 0.00000000
vn 0.00000000 -0.00000000 0.00000000
vn -0.00000000 -0.00000000 0.00000000
vn 0.00000000 -0.00000000 0.00000000
vn 0.00000000 0.00000000 -0.00000000
vn 0.00000000 -0.00000000 0.00000000
vn -0.00000000 -0.00000000 0.00000000
vn 0.00000000 0.00000000 0.00000000
vn -0.00000000 0.00000000 0.00000000
vn 0.00000000 0.00000000 -0.00000000
vn 0.00000000 0.00000000 -0.00000000
vn 0.00000000 0.00000000 -0.00000000
vn 0.00000000 0.00000000 -0.00000000
vn -0.00000000 0.00000000 0.00000000
vn 0.00000000 -0.00000000 -0.00000000
vn 0.00000000 0.00000000 -0.00000000
vn 0.00000000 0.00000000 -0.00000000
vn -0.00000000 0.00000000 0.00000000
vn -0.00000000 -0.00000000 -0.00000000
vn 0.00000000 0.00000000 -0.00000000
vn 0.00000000 -0.00000000 -0.00000000
vn -0.00000000 -0.00000000 -0.00000000
vn -0.00000000 0.00000000 0.00000000
vn 0.00000000 0.00000000 -0.00000000
vn -0.00000000 0.00000000 0.00000000
vn 0.00000000 0.00000000 -0.00000000
vn 0.00000000 -0.00000000 -0.00000000
vn -0.00000000 -0.00000000 -0.00000000
vn -0.00000000 -0.00000000 -0.00000000
vn 0.00000000 -0.00000000 -0.00000000
vn -0.00000000 0.00000000 0.00000000
vn -0.00000000 -0.00000000 -0.00000000
vn 0.00000000 0.00000000 -0.00000000
vn -0.00000000 0.00000000 0.00000000
vn 0.00000000 0.00000000 -0.00000000
vn -0.00000000 0.00000000 0.00000000
vn -0.00000000 0.00000000 0.00000000
vn 0.00000000 0.00000000 -0.00000000
vn 0.00000000 -0.00000000 -0.00000000
vn 0.00000000 -0.00000000 0.00000000
vn 0.00000000 0.00000000 0.00000000
vn -0.00000000 -0.00000000 0.00000000
vn -0.00000000 0.00000000 0.00000000
vn -0.00000000 0.00000000 0.00000000
vn -0.00000000 0.00000000 0.00000000
vn -0.00000000 -0.00000000 0.00000000
vn -0.00000000 0.00000000 -0.00000000
vn -0.00000000 0.00000000 0.00000000
vn 0.00000000 0.00000000 -0.00000000
vn 0.00000000 0.00000000 0.00000000
vn -0.00000000 -0.00000000 0.00000000
vn 0.00000000 0.00000000 -0.00000000
vn -0.00000000 -0.00000000 0.00000000
vn 0.00000000 -0.00000000 0.00000000
vn 0.00000000 -0.00000000 -0.00000000
vn 0.00000000 0.00000000 -0.00000000
vn 0.00000000 0.00000000 -0.00000000
vn 0.00000000 0.00000000 -0.00000000
vn -0.00000000 0.00000000 -0.00000000
vn 0.00000000 0.00000000 -0.00000000
vn -0.00000000 0.00000000 -0.00000000
vn 0.00000000 -0.00000000 -0.00000000
vn -0.00000000 0.00000000 0.00000000
vn -0.00000000 0.00000000 -0.00000000
vn -0.00000000 0.00000000 0.00000000
vn 0.00000000 0.00000000 -0.00000000
vn -0.00000000 -0.00000000 0.00000000
vn 0.00000000 0.00000000 -0.00000000
vn 0.00000000 0.00000000 -0.00000000
vn 0.00000000 -0.00000000 0.00000000
vn 0.00000000 -0.00000000 0.00000000
vn 0.00000000 0.00000000 -0.00000000
vn 0.00000000 -0.00000000 0.00000000
vn -0.00000000 -0.00000000 0.00000000
vn -0.00000000 -0.00000000 0.00000000
vn -0.00000000 0.00000000 0.00000000
vn -0.00000000 -0.00000000 0.00000000
vn 0.00000000 -0.00000000 0.00000000
vn 0.00000000 -0.00000000 -0.00000000
vn -0.00000000 -0.00000000 0.00000000
vn -0.00000000 0.00000000 -0.00000000
vn 0.00000000 0.00000000 -0.00000000
vn 0.00000000 0.00000000 -0.00000000
vn 0.00000000 0.00000000 -0.00000000
vn 0.00000000 -0.00000000 0.00000000
vn 0.00000000 -0.00000000 0.00000000
vn -0.00000000 -0.00000000 0.00000000
vn 0.00000000 -0.00000000 0.00000000
vn 0.00000000 0.00000000 -0.00000000
vn -0.00000000 -0.00000000 -0.00000000
vn 0.00000000 -0.00000000 0.00000000
vn -0.00000000 0.00000000 0.00000000
vn 0.00000000 -0.00000000 0.00000000
vn 0.00000000 -0.00000000 -0.00000000
vn 0.00000000 0.00000000 -0.00000000
vn -0.00000000 0.00000000 -0.00000000
vn -0.00000000 0.00000000 -0.00000000
vn 0.00000000 0.00000000 -0.00000000
vn 0.00000000 -0.00000000 0.00000000
vn 0.00000000 0.00000000 -0.00000000
vn -0.00000000 0.00000000 0.00000000
vn -0.00000000 0.00000000 0.00000000
vn -0.00000000 0.00000000 -0.00000000
vn 0.00000000 -0.00000000 -0.00000000
vn 0.00000000 -0.00000000 0.00000000
vn -0.00000000 0.00000000 -0.00000000
vn -0.00000000 -0.00000000 0.00000000
vn -0.00000000 0.00000000 0.00000000
vn -0.00000000 -0.00000000 0.00000000
vn -0.00000000 0.00000000 0.00000000
vn -0.00000000 0.00000000 0.00000000
vn -0.00000000 0.00000000 -0.00000000
vn -0.00000000 -0.00000000 0.00000000
vn -0.00000000 0.00000000 0.00000000
vn 0.00000000 -0.00000000 0.00000000
vn -0.00000000 0.00000000 0.00000000
vn 0.00000000 -0.00000000 -0.00000000
vn 0.00000000 0.00000000 -0.00000000
vn 0.00000000 -0.00000000 0.00000000
vn -0.00000000 0.00000000 -0.00000000
vn 0.00000000 0.00000000 -0.00000000
vn -0.00000000 -0.00000000 0.00000000
vn 0.00000000 -0.00000000 -0.00000000
vn -0.00000000 0.00000000 -0.00000000
vn 0.00000000 0.00000000 0.00000000
vn 0.00000000 0.00000000 -0.00000000
vn 0.00000000 -0.00000000 0.00000000
vn 0.00000000 -0.00000000 0.00000000
vn 0.00000000 0.00000000 -0.00000000
vn 0.00000000 0.00000000 0.00000000
vn 0.00000000 0.00000000 -0.00000000
vn 0.00000000 0.00000000 0.00000000
vn -0.00000000 0.00000000 -0.00000000
vn 0.00000000 0.00000000 -0.00000000
vn -0.00000000 -0.00000000 0.00000000
vn -0.00000000 0.00000000 0.00000000
vn -0.00000000 -0.00000000 -0.00000000
vn 0.00000000 0.00000000 0.00000000
vn 0.00000000 0.00000000 0.00000000
vn 0.00000000 -0.00000000 -0.00000000
vn 0.00000000 -0.00000000 -0.00000000
vn -0.00000000 0.00000000 0.00000000
vn -0.00000000 -0.00000000 -0.00000000
vn -0.00000000 -0.00000000 -0.00000000
vn 0.00000000 0.00000000 0.00000000
vn -0.00000000 -0.00000000 -0.00000000
vn 0.00000000 -0.00000000 -0.00000000
vn 0.00000000 -0.00000000 0.00000000
vn -0.00000000 -0.00000000 -0.00000000
vn 0.00000000 0.00000000 0.00000000
vn 0.00000000 0.00000000 0.00000000
vn -0.00000000 -0.00000000 -0.00000000
vn -0.00000000 -0.00000000 -0.00000000
vn -0.00000000 0.00000000 0.00000000
vn -0.00000000 0.00000000 0.00000000
vn -0.00000000 0.00000000 0.00000000
vn 0.00000000 0.00000000 0.00000000
vn -0.00000000 0.00000000 0.00000000
vn 0.00000000 -0.00000000 -0.00000000
vn 0.00000000 0.00000000 0.00000000
vn 0.00000000 0.00000000 -0.00000000
vn 0.00000000 0.00000000 0.00000000
vn 0.00000000 -0.00000000 0.00000000
vn 0.00000000 -0.00000000 -0.00000000
vn 0.00000000 -0.00000000 0.00000000
vn 0.00000000 0.00000000 -0.00000000
vn -0.00000000 0.00000000 -0.00000000
vn 0.00000000 -0.00000000 0.00000000
vn -0.00000000 0.00000000 -0.00000000
vn 0.00000000 0.00000000 0.00000000
vn 0.00000000 0.00000000 -0.00000000
vn -0.00000000 -0.00000000 0.00000000
vn 0.00000000 -0.00000000 0.00000000
vn -0.00000000 0.00000000 -0.00000000
vn 0.00000000 0.00000000 -0.00000000
vn -0.00000000 0.00000000 0.00000000
vn 0.00000000 0.00000000 0.00000000
vn 0.00000000 -0.00000000 0.00000000
vn -0.00000000 0.00000000 0.00000000
vn 0.00000000 0.00000000 -0.00000000
vn -0.00000000 -0.00000000 0.00000000
vn 0.00000000 0.00000000 -0.00000000
vn 0.00000000 -0.00000000 0.00000000
vn -0.00000000 0.00000000 -0.00000000
vn 0.00000000 -0.00000000 0.00000000
vn -0.00000000 0.00000000 -0.00000000
vn -0.00000000 0.00000000 -0.00000000
vn 0.00000000 0.00000000 -0.00000000
vn -0.00000000 0.00000000 -0.00000000
vn -0.00000000 -0.00000000 0.00000000
vn 0.00000000 0.00000000 0.00000000
vn -0.00000000 -0.00000000 0.00000000
vn 0.00000000 0.00000000 -0.00000000
vn 0.00000000 0.00000000 -0.00000000
vn 0.00000000 -0.00000000 0.00000000
vn 0.00000000 -0.00000000 0.00000000
vn -0.00000000 0.00000000 -0.00000000
vn 0.00000000 0.00000000 -0.00000000
vn -0.00000000 -0.00000000 0.00000000
vn -0.00000000 -0.00000000 -0.00000000
vn -0.00000000 -0.00000000 0.00000000
vn 0.00000000 0.00000000 -0.00000000
vn 0.00000000 0.00000000 -0.00000000
vn -0.00000000 0.00000000 -0.00000000
vn 0.00000000 -0.00000000 0.00000000
vn 0.00000000 0.00000000 -0.00000000
vn 0.00000000 -0.00000000 0.00000000
vn 0.00000000 -0.00000000 0.00000000
vn -0.00000000 0.00000000 -0.00000000
vn 0.00000000 0.00000000 -0.00000000
vn -0.00000000 0.00000000 -0.00000000
vn 0.00000000 0.00000000 0.00000000
vn -0.00000000 0.00000000 -0.00000000
vn 0.00000000 -0.00000000 0.00000000
vn -0.00000000 -0.00000000 0.00000000
vn -0.00000000 0.00000000 -0.00000000
vn 0.00000000 -0.00000000 0.00000000
vn -0.00000000 0.00000000 -0.00000000
vn 0.00000000 -0.00000000 0.00000000
vn -0.00000000 -0.00000000 0.00000000
vn -0.00000000 0.00000000 -0.00000000
vn -0.00000000 -0.00000000 0.00000000
vn -0.00000000 0.00000000 0.00000000
vn -0.00000000 -0.00000000 -0.00000000
vn 0.00000000 -0.00000000 0.00000000
vn 0.00000000 -0.00000000 0.00000000
vn 0.00000000 0.00000000 0.00000000
vn -0.00000000 -0.00000000 -0.00000000
vn 0.00000000 -0.00000000 -0.00000000
vn 0.00000000 0.00000000 0.00000000
vn 0.00000000 0.00000000 0.00000000
vn -0.00000000 0.00000000 -0.00000000
vn -0.00000000 0.00000000 -0.00000000
vn -0.00000000 0.00000000 0.00000000
vn 0.00000000 -0.00000000 0.00000000
vn -0.00000000 0.00000000 0.00000000
vn -0.00000000 0.00000000 0.00000000
vn -0.00000000 0.00000000 -0.00000000
vn 0.00000000 0.00000000 0.00000000
vn 0.00000000 -0.00000000 -0.00000000
vn 0.00000000 -0.00000000 0.00000000
vn -0.00000000 -0.00000000 -0.00000000
vn -0.00000000 0.00000000 0.00000000
vn 0.00000000 -0.00000000 -0.00000000
vn -0.00000000 -0.00000000 -0.00000000
vn 0.00000000 0.00000000 0.00000000
vn -0.00000000 -0.00000000 0.00000000
vn -0.00000000 -0.00000000 0.00000000
vn 0.00000000 -0.00000000 0.00000000
vn -0.00000000 0.00000000 -0.00000000
vn -0.00000000 0.00000000 -0.00000000
vn 0.00000000 0.00000000 -0.00000000
vn 0.00000000 -0.00000000 0.00000000
vn -0.00000000 -0.00000000 0.00000000
vn 0.00000000 0.00000000 0.00000000
vn 0.00000000 -0.00000000 0.00000000
vn 0.00000000 -0.00000000 0.00000000
vn -0.00000000 0.00000000 -0.00000000
vn 0.00000000 -0.00000000 0.00000000
vn -0.00000000 -0.00000000 0.00000000
vn 0.00000000 0.00000000 -0.00000000
vn -0.00000000 -0.00000000 -0.00000000
vn -0.00000000 -0.00000000 0.00000000
vn 0.00000000 -0.00000000 0.00000000
vn -0.00000000 0.00000000 -0.00000000
vn 0.00000000 0.00000000 0.00000000
vn 0.00000000 -0.00000000 0.00000000
vn -0.00000000 0.00000000 -0.00000000
vn -0.00000000 0.00000000 -0.00000000
vn -0.00000000 0.00000000 -0.00000000
vn -0.00000000 0.00000000 -0.00000000
vn 0.00000000 -0.00000000 0.00000000
vn 0.00000000 0.00000000 -0.00000000
vn 0.00000000 -0.00000000 0.00000000
vn -0.00000000 -0.00000000 0.00000000
vn 0.00000000 -0.00000000 0.00000000
vn 0.00000000 -0.00000000 0.00000000
vn -0.00000000 -0.00000000 0.00000000
vn 0.00000000 0.00000000 -0.00000000
vn 0.00000000 -0.00000000 0.00000000
vn -0.00000000 -0.00000000 0.00000000
vn -0.00000000 -0.00000000 0.00000000
vn 0.00000000 0.00000000 -0.00000000
vn 0.00000000 0.00000000 0.00000000
vn -0.00000000 0.00000000 -0.00000000
vn -0.00000000 0.00000000 0.00000000
vn -0.00000000 0.00000000 0.00000000
vn 0.00000000 -0.00000000 0.00000000
vn 0.00000000 -0.00000000 0.00000000
vn 0.00000000 0.00000000 0.00000000
vn 0.00000000 -0.00000000 0.00000000
vn -0.00000000 0.00000000 0.00000000
vn 0.00000000 0.00000000 -0.00000000
vn 0.00000000 0.00000000 -0.00000000
vn -0.00000000 -0.00000000 -0.00000000
vn 0.00000000 0.00000000 0.00000000
vn 0.00000000 -0.00000000 0.00000000
vn 0.00000000 -0.00000000 0.00000000
vn 0.00000000 0.00000000 -0.00000000
vn 0.00000000 0.00000000 0.00000000
vn -0.00000000 0.00000000 -0.00000000
vn -0.00000000 -0.00000000 0.00000000
vn -0.00000000 -0.00000000 0.00000000
vn 0.00000000 0.00000000 -0.00000000
vn 0.00000000 0.00000000 0.00000000
vn 0.00000000 0.00000000 -0.00000000
vn -0.00000000 0.00000000 -0.00000000
vn 0.00000000 -0.00000000 0.00000000
vn -0.00000000 -0.00000000 0.00000000
vn -0.00000000 0.00000000 -0.00000000
vn 0.00000000 0.00000000 -0.00000000
vn -0.00000000 0.00000000 0.00000000
vn 0.00000000 0.00000000 -0.00000000
vn -0.00000000 -0.00000000 0.00000000
vn -0.00000000 0.00000000 -0.00000000
vn 0.00000000 -0.00000000 0.00000000
vn 0.00000000 0.00000000 0.00000000
vn -0.00000000 -0.00000000 0.00000000
vn -0.00000000 0.00000000 -0.00000000
vn 0.00000000 0.00000000 0.00000000
vn 0.00000000 0.00000000 -0.00000000
vn -0.00000000 0.00000000 0.00000000
vn -0.00000000 -0.00000000 0.00000000
vn 0.00000000 0.00000000 0.00000000
vn -0.00000000 -0.00000000 -0.00000000
vn -0.00000000 -0.00000000 -0.00000000
vn 0.00000000 -0.00000000 0.00000000
vn 0.00000000 0.00000000 0.00000000
vn 0.00000000 0.00000000 0.00000000
vn 0.00000000 0.00000000 0.00000000
vn -0.00000000 -0.00000000 0.00000000
vn 0.00000000 0.00000000 0.00000000
vn 0.00000000 0.00000000 -0.00000000
vn 0.00000000 0.00000000 0.00000000
vn 0.00000000 0.00000000 -0.00000000
vn 0.00000000 0.00000000 -0.00000000
vn -0.00000000 -0.00000000 0.00000000
vn -0.00000000 0.00000000 -0.00000000
vn 0.00000000 0.00000000 -0.00000000
vn -0.00000000 -0.00000000 0.00000000
vn 0.00000000 0.00000000 -0.00000000
vn 0.00000000 0.00000000 0.00000000
vn 0.00000000 0.00000000 -0.00000000
vn -0.00000000 -0.00000000 0.00000000
vn 0.00000000 0.00000000 -0.00000000
vn -0.00000000 -0.00000000 0.00000000
vn -0.00000000 0.00000000 -0.00000000
vn 0.00000000 -0.00000000 0.00000000
vn 0.00000000 0.00000000 0.00000000
vn 0.00000000 -0.00000000 0.00000000
vn 0.00000000 0.00000000 0.00000000
vn -0.00000000 0.00000000 -0.00000000
vn -0.00000000 -0.00000000 0.00000000
vn -0.00000000 -0.00000000 -0.00000000
vn 0.00000000 0.00000000 0.00000000
vn -0.00000000 0.00000000 -0.00000000
vn -0.00000000 -0.00000000 0.00000000
vn -0.00000000 0.00000000 -0.00000000
vn 0.00000000 0.00000000 -0.00000000
vn 0.00000000 0.00000000 -0.00000000
vn -0.00000000 -0.00000000 -0.00000000
vn 0.00000000 0.00000000 0.00000000
vn 0.00000000 0.00000000 -0.00000000
vn 0.00000000 0.00000000 0.00000000
vn -0.00000000 -0.00000000 0.00000000
vn -0.00000000 0.00000000 -0.00000000
vn -0.00000000 0.00000000 -0.00000000
vn -0.00000000 -0.00000000 0.00000000
vn -0.00000000 0.00000000 0.00000000
vn 0.00000000 0.00000000 0.00000000
vn 0.00000000 -0.00000000 0.00000000
vn -0.00000000 0.00000000 -0.00000000
vn -0.00000000 -0.00000000 -0.00000000
vn 0.00000000 0.00000000 0.00000000
vn 0.00000000 -0.00000000 -0.00000000
vn -0.00000000 0.00000000 -0.00000000
vn -0.00000000 -0.00000000 -0.00000000
vn 0.00000000 0.00000000 -0.00000000
vn 0.00000000 -0.00000000 0.00000000
vn 0.00000000 -0.00000000 0.00000000
vn -0.00000000 -0.00000000 -0.00000000
vn -0.00000000 -0.00000000 0.00000000
vn -0.00000000 -0.00000000 0.00000000
vn -0.00000000 -0.00000000 -0.00000000
vn 0.00000000 0.00000000 -0.00000000
vn -0.00000000 -0.00000000 -0.00000000
vn 0.00000000 0.00000000 -0.00000000
vn 0.00000000 -0.00000000 0.00000000
vn 0.00000000 0.00000000 0.00000000
vn 0.00000000 0.00000000 0.00000000
vn -0.00000000 0.00000000 -0.00000000
vn 0.00000000 -0.00000000 0.00000000
vn 0.00000000 0.00000000 -0.00000000
vn -0.00000000 -0.00000000 -0.00000000
vn -0.00000000 0.00000000 -0.00000000
vn 0.00000000 -0.00000000 0.00000000
vn -0.00000000 0.00000000 -0.00000000
vn 0.00000000 -0.00000000 -0.00000000
vn 0.00000000 -0.00000000 0.00000000
vn -0.00000000 0.00000000 -0.00000000
vn -0.00000000 0.00000000 0.00000000
vn 0.00000000 0.00000000 0.00000000
vn -0.00000000 -0.00000000 0.00000000
vn 0.00000000 0.00000000 -0.00000000
vn 0.00000000 0.00000000 -0.00000000
vn -0.00000000 0.00000000 0.00000000
vn 0.00000000 -0.00000000 -0.00000000
vn 0.00000000 -0.00000000 0.00000000
vn 0.00000000 -0.00000000 -0.00000000
vn 0.00000000 -0.00000000 0.00000000
vn -0.00000000 0.00000000 -0.00000000
vn 0.00000000 0.00000000 0.00000000
vn 0.00000000 -0.00000000 -0.00000000
vn -0.00000000 0.00000000 -0.00000000
vn 0.00000000 0.00000000 -0.00000000
vn 0.00000000 -0.00000000 -0.00000000
vn -0.00000000 0.00000000 -0.00000000
vn 0.00000000 -0.00000000 0.00000000
vn 0.00000000 0.00000000 -0.00000000
vn -0.00000000 0.00000000 -0.00000000
vn 0.00000000 0.00000000 0.00000000
vn 0.00000000 0.00000000 0.00000000
vn -0.00000000 0.00000000 -0.00000000
vn -0.00000000 0.00000000 -0.00000000
vn 0.00000000 -0.00000000 0.00000000
vn -0.00000000 0.00000000 -0.00000000
vn -0.00000000 0.00000000 0.00000000
vn -0.00000000 0.00000000 0.00000000
vn -0.00000000 0.00000000 -0.00000000
vn 0.00000000 -0.00000000 0.00000000
vn 0.00000000 -0.00000000 0.00000000
vn 0.00000000 0.00000000 0.00000000
vn 0.00000000 -0.00000000 0.00000000
vn 0.00000000 0.00000000 -0.00000000
vn -0.00000000 0.00000000 0.00000000
vn 0.00000000 0.00000000 0.00000000
vn 0.00000000 -0.00000000 0.00000000
vn 0.00000000 -0.00000000 0.00000000
vn -0.00000000 0.00000000 -0.00000000
vn -0.00000000 0.00000000 -0.00000000
vn -0.00000000 0.00000000 -0.00000000
vn -0.00000000 0.00000000 -0.00000000
vn -0.00000000 0.00000000 0.00000000
vn 0.00000000 -0.00000000 -0.00000000
vn -0.00000000 0.00000000 0.00000000
vn -0.00000000 0.00000000 0.00000000
vn 0.00000000 -0.00000000 0.00000000
vn 0.00000000 -0.00000000 0.00000000
vn -0.00000000 -0.00000000 -0.00000000
vn -0.00000000 0.00000000 -0.00000000
vn -0.00000000 0.00000000 -0.00000000
vn 0.00000000 0.00000000 -0.00000000
vn 0.00000000 -0.00000000 -0.00000000
vn -0.00000000 -0.00000000 -0.00000000
vn 0.00000000 -0.00000000 0.00000000
vn -0.00000000 0.00000000 -0.00000000
vn 0.00000000 -0.00000000 0.00000000
vn -0.00000000 0.00000000 -0.00000000
vn 0.00000000 -0.00000000 0.00000000
vn 0.00000000 -0.00000000 0.00000000
vn -0.00000000 0.00000000 -0.00000000
vn 0.00000000 0.00000000 -0.00000000
vn 0.00000000 0.00000000 -0.00000000
vn -0.00000000 -0.00000000 -0.00000000
vn -0.00000000 0.00000000 0.00000000
vn -0.00000000 0.00000000 0.00000000
vn 0.00000000 0.00000000 -0.00000000
vn -0.00000000 -0.00000000 0.00000000
vn -0.00000000 0.00000000 0.00000000
vn 0.00000000 0.00000000 0.00000000
vn 0.00000000 -0.00000000 0.00000000
vn -0.00000000 -0.00000000 0.00000000
vn 0.00000000 -0.00000000 0.00000000
vn -0.00000000 0.00000000 -0.00000000
vn 0.00000000 -0.00000000 0.00000000
vn -0.00000000 0.00000000 -0.00000000
vn -0.00000000 0.00000000 -0.00000000
vn 0.00000000 0.00000000 -0.00000000
vn -0.00000000 -0.00000000 0.00000000
vn 0.00000000 0.00000000 -0.00000000
vn 0.00000000 0.00000000 -0.00000000
vn -0.00000000 0.00000000 -0.00000000
vn -0.00000000 0.00000000 -0.00000000
vn -0.00000000 0.00000000 -0.00000000
vn 0.00000000 -0.00000000 0.00000000
vn -0.00000000 -0.00000000 0.00000000
vn -0.00000000 0.00000000 -0.00000000
vn -0.00000000 0.00000000 -0.00000000
vn -0.00000000 -0.00000000 0.00000000
vn 0.00000000 -0.00000000 0.00000000
vn -0.00000000 -0.00000000 0.00000000
vn 0.00000000 0.00000000 -0.00000000
vn -0.00000000 0.00000000 -0.00000000
vn 0.00000000 -0.00000000 0.00000000
vn 0.00000000 0.00000000 -0.00000000
vn 0.00000000 0.00000000 -0.00000000
vn 0.00000000 0.00000000 -0.00000000
vn -0.00000000 0.00000000 -0.00000000
vn 0.00000000 -0.00000000 0.00000000
vn 0.00000000 -0.00000000 0.00000000
vn -0.00000000 0.00000000 0.00000000
vn 0.00000000 0.00000000 -0.00000000
vn 0.00000000 0.00000000 -0.00000000
vn -0.00000000 0.00000000 0.00000000
vn 0.00000000 0.00000000 0.00000000
vn -0.00000000 -0.00000000 0.00000000
vn 0.00000000 0.00000000 -0.00000000
vn -0.00000000 -0.00000000 0.00000000
vn -0.00000000 -0.00000000 0.00000000
vn -0.00000000 -0.00000000 0.00000000
vn -0.00000000 -0.00000000 -0.00000000
vn -0.00000000 -0.00000000 -0.00000000
vn 0.00000000 -0.00000000 0.00000000
vn 0.00000000 0.00000000 0.00000000
vn 0.00000000 0.00000000 -0.00000000
vn -0.00000000 0.00000000 -0.00000000
vn -0.00000000 -0.00000000 0.00000000
vn 0.00000000 0.00000000 -0.00000000
vn 0.00000000 0.00000000 -0.00000000
vn 0.00000000 -0.00000000 0.00000000
vn -0.00000000 -0.00000000 0.00000000
vn 0.00000000 0.00000000 -0.00000000
vn -0.00000000 -0.00000000 0.00000000
vn 0.00000000 -0.00000000 0.00000000
vn -0.00000000 0.00000000 0.00000000
vn 0.00000000 0.00000000 0.00000000
vn 0.00000000 -0.00000000 -0.00000000
vn -0.00000000 0.00000000 -0.00000000
vn -0.00000000 -0.00000000 0.00000000
vn -0.00000000 0.00000000 -0.00000000
vn 0.00000000 -0.00000000 0.00000000
vn 0.00000000 -0.00000000 -0.00000000
vn 0.00000000 -0.00000000 -0.00000000
vn -0.00000000 0.00000000 0.00000000
vn -0.00000000 -0.00000000 -0.00000000
vn 0.00000000 0.00000000 -0.00000000
vn 0.00000000 0.00000000 -0.00000000
vn 0.00000000 0.00000000 -0.00000000
vn -0.00000000 -0.00000000 0.00000000
vn 0.00000000 -0.00000000 0.00000000
vn 0.00000000 0.00000000 0.00000000
vn -0.00000000 -0.00000000 0.00000000
vn -0.00000000 -0.00000000 0.00000000
vn 0.00000000 -0.00000000 0.00000000
vn 0.00000000 -0.00000000 0.00000000
vn 0.00000000 -0.00000000 0.00000000
vn 0.00000000 0.00000000 -0.00000000
vn 0.00000000 0.00000000 0.00000000
vn -0.00000000 -0.00000000 0.00000000
vn -0.00000000 -0.00000000 0.00000000
vn -0.00000000 0.00000000 -0.00000000
vn -0.00000000 0.00000000 -0.00000000
vn 0.00000000 0.00000000 -0.00000000
vn 0.00000000 -0.00000000 0.00000000
vn 0.00000000 0.00000000 -0.00000000
vn -0.00000000 -0.00000000 -0.00000000
vn 0.00000000 0.00000000 0.00000000
vn -0.00000000 0.00000000 0.00000000
vn 0.00000000 -0.00000000 -0.00000000
vn 0.00000000 0.00000000 0.00000000
vn 0.00000000 0.00000000 0.00000000
vn 0.00000000 0.00000000 0.00000000
vn 0.00000000 -0.00000000 -0.00000000
vn -0.00000000 0.00000000 0.00000000
vn 0.00000000 -0.00000000 -0.00000000
vn -0.00000000 -0.00000000 -0.00000000
vn 0.00000000 0.00000000 0.00000000
vn 0.00000000 0.00000000 0.00000000
vn -0.00000000 0.00000000 -0.00000000
vn 0.00000000 0.00000000 -0.00000000
vn 0.00000000 -0.00000000 0.00000000
vn -0.00000000 0.00000000 -0.00000000
vn 0.00000000 0.00000000 0.00000000
vn -0.00000000 -0.00000000 -0.00000000
vn -0.00000000 -0.00000000 0.00000000
vn -0.00000000 0.00000000 -0.00000000
vn 0.00000000 -0.00000000 0.00000000
vn 0.00000000 -0.00000000 0.00000000
vn -0.00000000 -0.00000000 0.00000000
vn -0.00000000 -0.00000000 0.00000000
vn -0.00000000 0.00000000 -0.00000000
vn 0.00000000 0.00000000 -0.00000000
vn 0.00000000 -0.00000000 0.00000000
vn 0.00000000 -0.00000000 -0.00000000
vn 0.00000000 0.00000000 0.00000000
vn 0.00000000 0.00000000 0.00000000
vn -0.00000000 -0.00000000 -0.00000000
vn 0.00000000 0.00000000 0.00000000
vn -0.00000000 0.00000000 0.00000000
vn -0.00000000 -0.00000000 -0.00000000
vn -0.00000000 0.00000000 0.00000000
vn 0.00000000 -0.00000000 -0.00000000
vn 0.00000000 0.00000000 0.00000000
vn 0.00000000 -0.00000000 -0.00000000
vn 0.00000000 0.00000000 0.00000000
vn 0.00000000 0.00000000 0.00000000
vn -0.00000000 0.00000000 0.00000000
vn 0.00000000 0.00000000 0.00000000
vn -0.00000000 -0.00000000 -0.00000000
vn -0.00000000 0.00000000 -0.00000000
vn -0.00000000 0.00000000 0.00000000
vn 0.00000000 -0.00000000 -0.00000000
vn -0.00000000 0.00000000 0.00000000
vn -0.00000000 -0.00000000 -0.00000000
vn 0.00000000 -0.00000000 -0.00000000
vn -0.00000000 0.00000000 0.00000000
vn 0.00000000 0.00000000 -0.00000000
vn -0.00000000 0.00000000 -0.00000000
vn 0.00000000 0.00000000 -0.00000000
vn 0.00000000 0.00000000 -0.00000000
vn 0.00000000 0.00000000 -0.00000000
vn 0.00000000 0.00000000 0.00000000
vn -0.00000000 -0.00000000 -0.00000000
vn 0.00000000 -0.00000000 -0.00000000
vn -0.00000000 -0.00000000 -0.00000000
vn -0.00000000 0.00000000 0.00000000
vn 0.00000000 0.00000000 0.00000000
vn -0.00000000 0.00000000 -0.00000000
vn 0.00000000 0.00000000 0.00000000
vn 0.00000000 0.00000000 0.00000000
vn -0.00000000 0.00000000 0.00000000
vn -0.00000000 0.00000000 -0.00000000
vn 0.00000000 -0.00000000 -0.00000000
vn 0.00000000 0.00000000 0.00000000
vn -0.00000000 -0.00000000 -0.00000000
vn 0.00000000 -0.00000000 -0.00000000
vn -0.00000000 0.00000000 0.00000000
vn -0.00000000 -0.00000000 -0.00000000
vn -0.00000000 -0.00000000 -0.00000000
vn 0.00000000 0.00000000 0.00000000
vn 0.00000000 0.00000000 0.00000000
vn 0.00000000 -0.00000000 0.00000000
vn -0.00000000 0.00000000 0.00000000
vn 0.00000000 -0.00000000 -0.00000000
vn -0.00000000 -0.00000000 0.00000000
vn -0.00000000 -0.00000000 -0.00000000
vn -0.00000000 0.00000000 0.00000000
vn 0.00000000 0.00000000 0.00000000
vn -0.00000000 0.00000000 0.00000000
vn -0.00000000 0.00000000 0.00000000
vn 0.00000000 0.00000000 -0.00000000
vn -0.00000000 -0.00000000 0.00000000
vn -0.00000000 0.00000000 0.00000000
vn -0.00000000 0.00000000 0.00000000
vn 0.00000000 -0.00000000 -0.00000000
vn -0.00000000 -0.00000000 -0.00000000
vn 0.00000000 -0.00000000 -0.00000000
vn -0.00000000 0.00000000 0.00000000
vn -0.00000000 -0.00000000 0.00000000
vn 0.00000000 0.00000000 -0.00000000
vn -0.00000000 -0.00000000 0.00000000
vn 0.00000000 0.00000000 0.00000000
vn 0.00000000 0.00000000 0.00000000
vn 0.00000000 0.00000000 0.00000000
vn 0.00000000 -0.00000000 -0.00000000
vn -0.00000000 -0.00000000 -0.00000000
vn 0.00000000 -0.00000000 -0.00000000
vn -0.00000000 -0.00000000 -0.00000000
vn 0.00000000 0.00000000 0.00000000
vn 0.00000000 -0.00000000 -0.00000000
vn 0.00000000 -0.00000000 -0.00000000
vn 0.00000000 0.00000000 0.00000000
vn 0.00000000 -0.00000000 -0.00000000
vn 0.00000000 0.00000000 0.00000000
vn 0.00000000 0.00000000 0.00000000
vn 0.00000000 -0.00000000 -0.00000000
vn -0.00000000 0.00000000 0.00000000
vn -0.00000000 0.00000000 -0.00000000
vn -0.00000000 0.00000000 0.00000000
vn 0.00000000 0.00000000 0.00000000
vn -0.00000000 0.00000000 -0.00000000
vn -0.00000000 -0.00000000 -0.00000000
vn 0.00000000 0.00000000 0.00000000
vn 0.00000000 -0.00000000 -0.00000000
vn 0.00000000 -0.00000000 -0.00000000
vn -0.00000000 0.00000000 0.00000000
vn 0.00000000 -0.00000000 0.00000000
vn 0.00000000 -0.00000000 -0.00000000
vn 0.00000000 0.00000000 0.00000000
vn -0.00000000 0.00000000 0.00000000
vn 0.00000000 0.00000000 -0.00000000
vn -0.00000000 -0.00000000 -0.00000000
vn -0.00000000 0.00000000 0.00000000
vn -0.00000000 0.00000000 -0.00000000
vn 0.00000000 -0.00000000 0.00000000
vn 0.00000000 0.00000000 0.00000000
vn 0.00000000 0.00000000 0.00000000
vn -0.00000000 0.00000000 0.00000000
vn 0.00000000 -0.00000000 -0.00000000
vn 0.00000000 -0.00000000 -0.00000000
vn -0.00000000 0.00000000 0.00000000
vn -0.00000000 -0.00000000 -0.00000000
vn -0.00000000 -0.00000000 -0.00000000
vn -0.00000000 0.00000000 0.00000000
vn 0.00000000 0.00000000 0.00000000
vn -0.00000000 -0.00000000 -0.00000000
vn 0.00000000 0.00000000 0.00000000
vn 0.00000000 -0.00000000 -0.00000000
vn -0.00000000 0.00000000 0.00000000
vn -0.00000000 0.00000000 -0.00000000
vn -0.00000000 -0.00000000 -0.00000000
vn 0.00000000 0.00000000 0.00000000
vn -0.00000000 -0.00000000 -0.00000000
vn 0.00000000 0.00000000 0.00000000
vn 0.00000000 -0.00000000 0.00000000
vn -0.00000000 -0.00000000 -0.00000000
vn 0.00000000 0.00000000 0.00000000
vn -0.00000000 0.00000000 -0.00000000
vn 0.00000000 -0.00000000 0.00000000
vn 0.00000000 0.00000000 0.00000000
vn 0.00000000 0.00000000 0.00000000
vn 0.00000000 0.00000000 0.00000000
vn -0.00000000 0.00000000 0.00000000
vn 0.00000000 -0.00000000 -0.00000000
vn 0.00000000 -0.00000000 0.00000000
vn 0.00000000 -0.00000000 0.00000000
vn -0.00000000 0.00000000 0.00000000
vn -0.00000000 -0.00000000 -0.00000000
vn 0.00000000 0.00000000 0.00000000
vn -0.00000000 0.00000000 0.00000000
vn -0.00000000 -0.00000000 0.00000000
vn -0.00000000 0.00000000 -0.00000000
vn -0.00000000 -0.00000000 0.00000000
vn -0.00000000 -0.00000000 0.00000000
vn 0.00000000 -0.00000000 0.00000000
vn -0.00000000 0.00000000 -0.00000000
vn 0.00000000 -0.00000000 0.00000000
vn 0.00000000 0.00000000 -0.00000000
vn -0.00000000 0.00000000 0.00000000
vn -0.00000000 -0.00000000 -0.00000000
vn -0.00000000 -0.00000000 0.00000000
vn -0.00000000 -0.00000000 -0.00000000
vn 0.00000000 -0.00000000 -0.00000000
vn 0.00000000 0.00000000 0.00000000
vn 0.00000000 0.00000000 0.00000000
vn -0.00000000 -0.00000000 -0.00000000
vn 0.00000000 0.00000000 0.00000000
vn 0.00000000 -0.00000000 0.00000000
vn -0.00000000 0.00000000 0.00000000
vn -0.00000000 -0.00000000 -0.00000000
vn 0.00000000 -0.00000000 0.00000000
vn 0.00000000 0.00000000 0.00000000
vn 0.00000000 0.00000000 0.00000000
vn 0.00000000 0.00000000 0.00000000
vn 0.00000000 0.00000000 0.00000000
vn -0.00000000 -0.00000000 0.00000000
vn -0.00000000 -0.00000000 -0.00000000
vn 0.00000000 0.00000000 0.00000000
vn -0.00000000 -0.00000000 -0.00000000
vn -0.00000000 -0.00000000 0.00000000
vn 0.00000000 -0.00000000 -0.00000000
vn -0.00000000 0.00000000 -0.00000000
vn 0.00000000 -0.00000000 -0.00000000
vn -0.00000000 -0.00000000 -0.00000000
vn -0.00000000 -0.00000000 0.00000000
vn -0.00000000 -0.00000000 -0.00000000
vn 0.00000000 0.00000000 -0.00000000
vn 0.00000000 0.00000000 0.00000000
vn 0.00000000 0.00000000 -0.00000000
vn -0.00000000 0.00000000 0.00000000
vn 0.00000000 -0.00000000 -0.00000000
vn 0.00000000 -0.00000000 -0.00000000
vn 0.00000000 -0.00000000 -0.00000000
vn 0.00000000 -0.00000000 -0.00000000
vn 0.00000000 -0.00000000 -0.00000000
vn -0.00000000 0.00000000 -0.00000000
vn 0.00000000 0.00000000 -0.00000000
vn 0.00000000 0.00000000 0.00000000
vn 0.00000000 -0.00000000 -0.00000000
vn -0.00000000 0.00000000 0.00000000
vn -0.00000000 0.00000000 0.00000000
vn -0.00000000 -0.00000000 -0.00000000
vn 0.00000000 0.00000000 0.00000000
vn -0.00000000 0.00000000 -0.00000000
vn -0.00000000 -0.00000000 -0.00000000
vn -0.00000000 -0.00000000 -0.00000000
vn -0.00000000 -0.00000000 0.00000000
vn -0.00000000 -0.00000000 0.00000000
vn 0.00000000 0.00000000 0.00000000
vn 0.00000000 0.00000000 0.00000000
vn 0.00000000 0.00000000 -0.00000000
vn 0.00000000 0.00000000 0.00000000
vn -0.00000000 0.00000000 -0.00000000
vn -0.00000000 -0.00000000 0.00000000
vn 0.00000000 0.00000000 -0.00000000
vn -0.00000000 -0.00000000 -0.00000000
vn -0.00000000 0.00000000 0.00000000
vn -0.00000000 0.00000000 0.00000000
vn 0.00000000 -0.00000000 -0.00000000
vn 0.00000000 0.00000000 -0.00000000
vn 0.00000000 -0.00000000 0.00000000
vn 0.00000000 0.00000000 -0.00000000
vn 0.00000000 -0.00000000 -0.00000000
vn 0.00000000 0.00000000 0.00000000
vn -0.00000000 -0.00000000 -0.00000000
vn 0.00000000 0.00000000 0.00000000
vn 0.00000000 0.00000000 -0.00000000
vn 0.00000000 -0.00000000 -0.00000000
vn 0.00000000 -0.00000000 0.00000000
vn -0.00000000 -0.00000000 0.00000000
vn 0.00000000 0.00000000 0.00000000
vn -0.00000000 0.00000000 0.00000000
vn 0.00000000 -0.00000000 -0.00000000
vn -0.00000000 0.00000000 -0.00000000
vn -0.00000000 -0.00000000 0.00000000
vn -0.00000000 0.00000000 0.00000000
vn 0.00000000 -0.00000000 0.00000000
vn -0.00000000 -0.00000000 -0.00000000
vn 0.00000000 -0.00000000 0.00000000
vn 0.00000000 0.00000000 0.00000000
vn 0.00000000 0.00000000 0.00000000
vn 0.00000000 0.00000000 -0.00000000
vn -0.00000000 0.00000000 0.00000000
vn -0.00000000 0.00000000 0.00000000
vn 0.00000000 0.00000000 0.00000000
vn -0.00000000 0.00000000 -0.00000000
vn -0.00000000 0.00000000 0.00000000
vn -0.00000000 -0.00000000 -0.00000000
vn 0.00000000 -0.00000000 -0.00000000
vn 0.00000000 -0.00000000 0.00000000
vn 0.00000000 0.00000000 -0.00000000
vn -0.00000000 0.00000000 -0.00000000
vn 0.00000000 0.00000000 0.00000000
vn 0.00000000 0.00000000 -0.00000000
vn 0.00000000 -0.00000000 0.00000000
vn -0.00000000 -0.00000000 0.00000000
vn 0.00000000 -0.00000000 0.00000000
vn -0.00000000 0.00000000 -0.00000000
vn 0.00000000 0.00000000 0.00000000
vn 0.00000000 0.00000000 0.00000000
vn 0.00000000 0.00000000 0.00000000
vn 0.00000000 -0.00000000 0.00000000
vn 0.00000000 0.00000000 0.00000000
vn 0.00000000 -0.00000000 0.00000000
vn -0.00000000 -0.00000000 -0.00000000
vn -0.00000000 0.00000000 -0.00000000
vn -0.00000000 0.00000000 -0.00000000
vn 0.00000000 0.00000000 0.00000000
vn 0.00000000 -0.00000000 0.00000000
vn 0.00000000 0.00000000 -0.00000000
vn 0.00000000 0.00000000 0.00000000
vn -0.00000000 0.00000000 -0.00000000
vn 0.00000000 -0.00000000 0.00000000
vn -0.00000000 0.00000000 -0.00000000
vn -0.00000000 -0.00000000 -0.00000000
vn -0.00000000 0.00000000 0.00000000
vn 0.00000000 0.00000000 0.00000000
vn 0.00000000 0.00000000 0.00000000
vn -0.00000000 0.00000000 0.00000000
vn 0.00000000 0.00000000 0.00000000
vn 0.00000000 -0.00000000 -0.00000000
vn 0.00000000 0.00000000 -0.00000000
vn -0.00000000 -0.00000000 0.00000000
vn 0.00000000 0.00000000 0.00000000
vn -0.00000000 0.00000000 0.00000000
vn -0.00000000 -0.00000000 0.00000000
vn 0.00000000 0.00000000 0.00000000
vn 0.00000000 0.00000000 0.00000000
vn 0.00000000 0.00000000 0.00000000
vn 0.00000000 0.00000000 -0.00000000
vn -0.00000000 -0.00000000 0.00000000
vn 0.00000000 0.00000000 -0.00000000
vn 0.00000000 -0.00000000 0.00000000
vn 0.00000000 0.00000000 0.00000000
vn 0.00000000 0.00000000 -0.00000000
vn -0.00000000 0.00000000 0.00000000
vn 0.00000000 -0.00000000 0.00000000
vn 0.00000000 0.00000000 0.00000000
vn -0.00000000 -0.00000000 0.00000000
vn 0.00000000 0.00000000 0.00000000
vn 0.00000000 -0.00000000 0.00000000
vn 0.00000000 0.00000000 0.00000000
vn 0.00000000 -0.00000000 -0.00000000
vn 0.00000000 -0.00000000 0.00000000
vn -0.00000000 0.00000000 0.00000000
vn 0.00000000 0.00000000 -0.00000000
vn 0.00000000 -0.00000000 0.00000000
vn 0.00000000 0.00000000 0.00000000
vn 0.00000000 -0.00000000 0.00000000
vn -0.00000000 0.00000000 0.00000000
vn -0.00000000 0.00000000 0.00000000
vn 0.00000000 0.00000000 0.00000000
vn -0.00000000 -0.00000000 -0.00000000
vn 0.00000000 0.00000000 0.00000000
vn 0.00000000 -0.00000000 0.00000000
vn 0.00000000 0.00000000 0.00000000
vn -0.00000000 -0.00000000 0.00000000
vn -0.00000000 0.00000000 0.00000000
vn 0.00000000 0.00000000 0.00000000
vn 0.00000000 0.00000000 0.00000000
vn 0.00000000 0.00000000 -0.00000000
vn 0.00000000 0.00000000 0.00000000
vn -0.00000000 0.00000000 0.00000000
vn 0.00000000 0.00000000 0.00000000
vn 0.00000000 0.00000000 0.00000000
vn -0.00000000 0.00000000 0.00000000
vn -0.00000000 0.00000000 0.00000000
vn -0.00000000 -0.00000000 0.00000000
vn -0.00000000 -0.00000000 0.00000000
vn 0.00000000 0.00000000 0.00000000
vn 0.00000000 -0.00000000 0.00000000
vn 0.00000000 0.00000000 0.00000000
vn 0.00000000 0.00000000 0.00000000
vn 0.00000000 0.00000000 0.00000000
vn 0.00000000 0.00000000 -0.00000000
vn -0.00000000 -0.00000000 0.00000000
vn -0.00000000 -0.00000000 0.00000000
vn 0.00000000 0.00000000 -0.00000000
vn 0.00000000 0.00000000 0.00000000
vn 0.00000000 0.00000000 0.00000000
vn -0.00000000 -0.00000000 0.00000000
vn 0.00000000 -0.00000000 0.00000000
vn 0.00000000 0.00000000 0.00000000
vn 0.00000000 0.00000000 0.00000000
vn 0.00000000 -0.00000000 0.00000000
vn -0.00000000 0.00000000 0.00000000
vn 0.00000000 -0.00000000 0.00000000
vn -0.00000000 -0.00000000 0.00000000
vn -0.00000000 0.00000000 0.00000000
vn -0.00000000 0.00000000 0.00000000
vn -0.00000000 -0.00000000 0.00000000
vn 0.00000000 0.00000000 0.00000000
vn 0.00000000 0.00000000 0.00000000
vn -0.00000000 0.00000000 0.00000000
vn 0.00000000 -0.00000000 0.00000000
vn -0.00000000 0.00000000 0.00000000
vn 0.00000000 -0.00000000 0.00000000
vn 0.00000000 -0.00000000 0.00000000
vn -0.00000000 0.00000000 0.00000000
vn -0.00000000 0.00000000 0.00000000
vn -0.00000000 0.00000000 0.00000000
vn 0.00000000 0.00000000 0.00000000
vn -0.00000000 -0.00000000 0.00000000
vn 0.00000000 0.00000000 0.00000000
vn 0.00000000 -0.00000000 0.00000000
vn -0.00000000 -0.00000000 0.00000000
vn -0.00000000 -0.00000000 0.00000000
vn -0.00000000 -0.00000000 0.00000000
vn 0.00000000 0.00000000 0.00000000
vn 0.00000000 0.00000000 0.00000000
vn 0.00000000 0.00000000 0.00000000
vn 0.00000000 -0.00000000 0.00000000
vn 0.00000000 0.00000000 0.00000000
vn 0.00000000 0.00000000 -0.00000000
vn 0.00000000 0.00000000 -0.00000000
vn 0.00000000 0.00000000 -0.00000000
vn 0.00000000 0.00000000 0.00000000
vn 0.00000000 0.00000000 0.00000000
vn -0.00000000 0.00000000 0.00000000
vn 0.00000000 0.00000000 0.00000000
vn -0.00000000 -0.00000000 0.00000000
vn 0.00000000 0.00000000 -0.00000000
vn -0.00000000 -0.00000000 0.00000000
vn -0.00000000 0.00000000 -0.00000000
vn -0.00000000 -0.00000000 -0.00000000
vn -0.00000000 0.00000000 0.00000000
vn 0.00000000 0.00000000 0.00000000
vn -0.00000000 -0.00000000 -0.00000000
vn -0.00000000 0.00000000 0.00000000
vn 0.00000000 -0.00000000 0.00000000
vn 0.00000000 -0.00000000 0.00000000
vn 0.00000000 -0.00000000 -0.00000000
vn 0.00000000 -0.00000000 0.00000000
vn -0.00000000 0.00000000 -0.00000000
vn 0.00000000 0.00000000 -0.00000000
vn -0.00000000 -0.00000000 0.00000000
vn -0.00000000 -0.00000000 -0.00000000
vn 0.00000000 -0.00000000 0.00000000
vn -0.00000000 0.00000000 -0.00000000
vn 0.00000000 -0.00000000 0.00000000
vn 0.00000000 0.00000000 0.00000000
vn 0.00000000 -0.00000000 -0.00000000
vn -0.00000000 0.00000000 0.00000000
vn 0.00000000 0.00000000 0.00000000
vn -0.00000000 0.00000000 0.00000000
vn -0.00000000 -0.00000000 0.00000000
vn 0.00000000 0.00000000 0.00000000
vn -0.00000000 -0.00000000 0.00000000
vn 0.00000000 -0.00000000 0.00000000
vn -0.00000000 -0.00000000 0.00000000
vn -0.00000000 0.00000000 0.00000000
vn -0.00000000 0.00000000 -0.00000000
vn -0.00000000 -0.00000000 0.00000000
vn -0.00000000 0.00000000 0.00000000
vn 0.00000000 -0.00000000 -0.00000000
vn -0.00000000 0.00000000 0.00000000
vn -0.00000000 0.00000000 -0.00000000
vn 0.00000000 0.00000000 -0.00000000
vn -0.00000000 0.00000000 0.00000000
vn 0.00000000 -0.00000000 0.00000000
vn -0.00000000 0.00000000 -0.00000000
vn -0.00000000 0.00000000 0.00000000
vn 0.00000000 -0.00000000 -0.00000000
vn 0.00000000 0.00000000 0.00000000
vn 0.00000000 -0.00000000 -0.00000000
vn 0.00000000 0.00000000 0.00000000
vn 0.00000000 0.00000000 0.00000000
vn -0.00000000 0.00000000 0.00000000
vn 0.00000000 0.00000000 0.00000000
vn 0.00000000 -0.00000000 0.00000000
vn 0.00000000 -0.00000000 0.00000000
vn -0.00000000 0.00000000 -0.00000000
vn 0.00000000 0.00000000 0.00000000
vn -0.00000000 -0.00000000 -0.00000000
vn 0.00000000 -0.00000000 0.00000000
vn -0.00000000 -0.00000000 0.00000000
vn -0.00000000 0.00000000 0.00000000
vn -0.00000000 0.00000000 -0.00000000
vn 0.00000000 0.00000000 0.00000000
vn 0.00000000 -0.00000000 0.00000000
vn 0.00000000 -0.00000000 -0.00000000
vn 0.00000000 -0.00000000 -0.00000000
vn -0.00000000 0.00000000 0.00000000
vn 0.00000000 -0.00000000 -0.00000000
vn -0.00000000 0.00000000 0.00000000
vn -0.00000000 0.00000000 0.00000000
vn 0.00000000 -0.00000000 0.00000000
vn -0.00000000 -0.00000000 -0.00000000
vn -0.00000000 -0.00000000 -0.00000000
vn -0.00000000 -0.00000000 -0.00000000
vn 0.00000000 -0.00000000 -0.00000000
vn 0.00000000 -0.00000000 0.00000000
vn 0.00000000 -0.00000000 0.00000000
vn -0.00000000 0.00000000 0.00000000
vn 0.00000000 0.00000000 0.00000000
vn 0.00000000 0.00000000 0.00000000
vn -0.00000000 0.00000000 -0.00000000
vn -0.00000000 0.00000000 0.00000000
vn 0.00000000 0.00000000 0.00000000
vn -0.00000000 0.00000000 0.00000000
vn 0.00000000 -0.00000000 0.00000000
vn 0.00000000 -0.00000000 0.00000000
vn -0.00000000 0.00000000 0.00000000
vn 0.00000000 0.00000000 -0.00000000
vn 0.00000000 -0.00000000 -0.00000000
vn -0.00000000 0.00000000 0.00000000
vn 0.00000000 0.00000000 -0.00000000
vn -0.00000000 -0.00000000 0.00000000
vn 0.00000000 0.00000000 -0.00000000
vn 0.00000000 0.00000000 0.00000000
vn -0.00000000 0.00000000 0.00000000
vn 0.00000000 -0.00000000 -0.00000000
vn -0.00000000 0.00000000 0.00000000
vn -0.00000000 -0.00000000 0.00000000
vn 0.00000000 0.00000000 -0.00000000
vn 0.00000000 -0.00000000 -0.00000000
vn -0.00000000 0.00000000 -0.00000000
vn 0.00000000 0.00000000 0.00000000
vn 0.00000000 0.00000000 0.00000000
vn -0.00000000 -0.00000000 0.00000000
vn 0.00000000 -0.00000000 -0.00000000
vn -0.00000000 -0.00000000 0.00000000
vn -0.00000000 0.00000000 0.00000000
vn 0.00000000 -0.00000000 -0.00000000
vn 0.00000000 0.00000000 0.00000000
vn 0.00000000 0.00000000 0.00000000
vn -0.00000000 0.00000000 0.00000000
vn -0.00000000 0.00000000 -0.00000000
vn 0.00000000 -0.00000000 0.00000000
vn 0.00000000 0.00000000 0.00000000
vn -0.00000000 0.00000000 0.00000000
vn 0.00000000 -0.00000000 -0.00000000
vn 0.00000000 0.00000000 -0.00000000
vn 0.00000000 -0.00000000 0.00000000
vn 0.00000000 0.00000000 0.00000000
vn -0.00000000 -0.00000000 0.00000000
vn -0.00000000 -0.00000000 0.00000000
vn 0.00000000 0.00000000 0.00000000
vn -0.00000000 -0.00000000 0.00000000
vn -0.00000000 0.00000000 0.00000000
vn -0.00000000 0.00000000 0.00000000
vn -0.00000000 0.00000000 -0.00000000
vn 0.00000000 0.00000000 -0.00000000
vn -0.00000000 0.00000000 0.00000000
vn 0.00000000 0.00000000 0.00000000
vn -0.00000000 0.00000000 0.00000000
vn 0.00000000 -0.00000000 -0.00000000
vn 0.00000000 0.00000000 0.00000000
vn 0.00000000 -0.00000000 0.00000000
vn -0.00000000 0.00000000 0.00000000
vn 0.00000000 -0.00000000 0.00000000
vn 0.00000000 0.00000000 -0.00000000
vn -0.00000000 0.00000000 0.00000000
vn -0.00000000 0.00000000 -0.00000000
vn 0.00000000 -0.00000000 -0.00000000
vn 0.00000000 -0.00000000 0.00000000
vn -0.00000000 0.00000000 0.00000000
vn 0.00000000 -0.00000000 -0.00000000
vn 0.00000000 0.00000000 0.00000000
vn 0.00000000 0.00000000 0.00000000
vn 0.00000000 0.00000000 -0.00000000
vn -0.00000000 -0.00000000 0.00000000
vn -0.00000000 0.00000000 0.00000000
vn 0.00000000 -0.00000000 -0.00000000
vn -0.00000000 0.00000000 0.00000000
vn 0.00000000 -0.00000000 0.00000000
vn 0.00000000 0.00000000 0.00000000
vn 0.00000000 -0.00000000 0.00000000
vn 0.00000000 0.00000000 -0.00000000
vn -0.00000000 0.00000000 0.00000000
vn 0.00000000 0.00000000 0.00000000
vn -0.00000000 -0.00000000 -0.00000000
vn -0.00000000 -0.00000000 0.00000000
vn -0.00000000 -0.00000000 0.00000000
vn 0.00000000 -0.00000000 0.00000000
vn 0.00000000 0.00000000 0.00000000
vn -0.00000000 0.00000000 0.00000000
vn -0.00000000 0.00000000 0.00000000
vn 0.00000000 -0.00000000 -0.00000000
vn -0.00000000 0.00000000 -0.00000000
vn 0.00000000 -0.00000000 0.00000000
vn -0.00000000 -0.00000000 0.00000000
vn -0.00000000 0.00000000 0.00000000
vn 0.00000000 0.00000000 0.00000000
vn 0.00000000 0.00000000 0.00000000
vn -0.00000000 0.00000000 0.00000000
vn -0.00000000 -0.00000000 -0.00000000
vn 0.00000000 0.00000000 -0.00000000
vn 0.00000000 -0.00000000 0.00000000
vn -0.00000000 -0.00000000 -0.00000000
vn 0.00000000 0.00000000 0.00000000
vn 0.00000000 0.00000000 0.00000000
vn 0.00000000 -0.00000000 0.00000000
vn -0.00000000 0.00000000 0.00000000
vn 0.00000000 0.00000000 0.00000000
vn -0.00000000 -0.00000000 0.00000000
vn 0.00000000 0.00000000 0.00000000
vn 0.00000000 -0.00000000 0.00000000
vn 0.00000000 0.00000000 0.00000000
vn -0.00000000 0.00000000 0.00000000
vn -0.00000000 0.00000000 0.00000000
vn -0.00000000 -0.00000000 0.00000000
vn -0.00000000 0.00000000 -0.00000000
vn -0.00000000 0.00000000 -0.00000000
vn -0.00000000 0.00000000 -0.00000000
vn 0.00000000 0.00000000 -0.00000000
vn 0.00000000 0.00000000 -0.00000000
vn 0.00000000 0.00000000 0.00000000
vn 0.00000000 0.00000000 0.00000000
vn -0.00000000 -0.00000000 -0.00000000
vn 0.00000000 0.00000000 0.00000000
vn -0.00000000 -0.00000000 0.00000000
vn 0.00000000 -0.00000000 -0.00000000
vn 0.00000000 -0.00000000 -0.00000000
vn -0.00000000 0.00000000 -0.00000000
vn 0.00000000 -0.00000000 0.00000000
vn -0.00000000 0.00000000 -0.00000000
vn -0.00000000 -0.00000000 0.00000000
vn 0.00000000 0.00000000 -0.00000000
vn -0.00000000 0.00000000 0.00000000
vn -0.00000000 -0.00000000 -0.00000000
vn 0.00000000 -0.00000000 0.00000000
vn 0.00000000 0.00000000 0.00000000
vn 0.00000000 0.00000000 0.00000000
vn -0.00000000 -0.00000000 0.00000000
vn 0.00000000 -0.00000000 0.00000000
vn 0.00000000 -0.00000000 -0.00000000
vn 0.00000000 -0.00000000 -0.00000000
vn 0.00000000 -0.00000000 -0.00000000
vn 0.00000000 0.00000000 0.00000000
vn -0.00000000 -0.00000000 0.00000000
vn -0.00000000 0.00000000 0.00000000
vn 0.00000000 0.00000000 0.00000000
vn -0.00000000 0.00000000 0.00000000
vn -0.00000000 0.00000000 -0.00000000
vn 0.00000000 0.00000000 -0.00000000
vn 0.00000000 0.00000000 0.00000000
vn 0.00000000 0.00000000 0.00000000
vn 0.00000000 0.00000000 0.00000000
vn -0.00000000 -0.00000000 -0.00000000
vn -0.00000000 -0.00000000 -0.00000000
vn 0.00000000 -0.00000000 0.00000000
vn -0.00000000 0.00000000 -0.00000000
vn -0.00000000 -0.00000000 0.00000000
vn 0.00000000 0.00000000 0.00000000
vn -0.00000000 -0.00000000 -0.00000000
vn -0.00000000 -0.00000000 -0.00000000
vn 0.00000000 0.00000000 0.00000000
vn 0.00000000 0.00000000 0.00000000
vn -0.00000000 -0.00000000 -0.00000000
vn 0.00000000 -0.00000000 -0.00000000
vn -0.00000000 -0.00000000 0.00000000
vn 0.00000000 0.00000000 -0.00000000
vn 0.00000000 0.00000000 0.00000000
vn 0.00000000 0.00000000 0.00000000
vn 0.00000000 0.00000000 0.00000000
vn 0.00000000 0.00000000 0.00000000
vn -0.00000000 -0.00000000 -0.00000000
vn 0.00000000 0.00000000 0.00000000
vn 0.00000000 -0.00000000 0.00000000
vn -0.00000000 -0.00000000 0.00000000
vn -0.00000000 -0.00000000 0.00000000
vn -0.00000000 -0.00000000 0.00000000
vn 0.00000000 0.00000000 0.00000000
vn -0.00000000 0.00000000 0.00000000
vn 0.00000000 -0.00000000 -0.00000000
vn -0.00000000 0.00000000 0.00000000
vn -0.00000000 -0.00000000 0.00000000
vn -0.00000000 -0.00000000 -0.00000000
vn 0.00000000 0.00000000 0.00000000
vn -0.00000000 -0.00000000 0.00000000
vn -0.00000000 0.00000000 -0.00000000
vn -0.00000000 -0.00000000 0.00000000
vn -0.00000000 0.00000000 0.00000000
vn -0.00000000 -0.00000000 0.00000000
vn 0.00000000 -0.00000000 -0.00000000
vn -0.00000000 -0.00000000 0.00000000
vn 0.00000000 0.00000000 -0.00000000
vn -0.00000000 0.00000000 -0.00000000
vn 0.00000000 -0.00000000 -0.00000000
vn -0.00000000 0.00000000 0.00000000
vn -0.00000000 -0.00000000 -0.00000000
vn 0.00000000 0.00000000 -0.00000000
vn 0.00000000 0.00000000 0.00000000
vn 0.00000000 0.00000000 -0.00000000
vn -0.00000000 -0.00000000 0.00000000
vn 0.00000000 0.00000000 0.00000000
vn 0.00000000 0.00000000 -0.00000000
vn 0.00000000 0.00000000 0.00000000
vn 0.00000000 0.00000000 0.00000000
vn -0.00000000 -0.00000000 0.00000000
vn 0.00000000 0.00000000 -0.00000000
vn -0.00000000 -0.00000000 -0.00000000
vn -0.00000000 -0.00000000 0.00000000
vn -0.00000000 0.00000000 0.00000000
vn -0.00000000 0.00000000 0.00000000
vn 0.00000000 0.00000000 0.00000000
vn 0.00000000 0.00000000 0.00000000
vn -0.00000000 0.00000000 0.00000000
vn -0.00000000 0.00000000 -0.00000000
vn -0.00000000 0.00000000 -0.00000000
vn 0.00000000 0.00000000 0.00000000
vn 0.00000000 -0.00000000 -0.00000000
vn 0.00000000 0.00000000 -0.00000000
vn 0.00000000 0.00000000 0.00000000
vn 0.00000000 0.00000000 0.00000000
vn 0.00000000 -0.00000000 0.00000000
vn 0.00000000 0.00000000 0.00000000
vn 0.00000000 0.00000000 0.00000000
vn 0.00000000 0.00000000 0.00000000
vn 0.00000000 0.00000000 0.00000000
vn -0.00000000 0.00000000 0.00000000
vn 0.00000000 0.00000000 0.00000000
vn 0.00000000 -0.00000000 0.00000000
vn 0.00000000 -0.00000000 0.00000000
vn 0.00000000 -0.00000000 -0.00000000
vn -0.00000000 -0.00000000 -0.00000000
vn -0.00000000 0.00000000 -0.00000000
vn 0.00000000 0.00000000 0.00000000
vn 0.00000000 0.00000000 -0.00000000
vn -0.00000000 0.00000000 0.00000000
vn 0.00000000 0.00000000 0.00000000
vn 0.00000000 0.00000000 0.00000000
vn 0.00000000 0.00000000 -0.00000000
vn 0.00000000 -0.00000000 0.00000000
vn -0.00000000 -0.00000000 0.00000000
vn 0.00000000 0.00000000 -0.00000000
vn -0.00000000 -0.00000000 0.00000000
vn 0.00000000 0.00000000 0.00000000
vn 0.00000000 0.00000000 -0.00000000
vn -0.00000000 0.00000000 0.00000000
vn -0.00000000 -0.00000000 -0.00000000
vn 0.00000000 0.00000000 0.00000000
vn -0.00000000 -0.00000000 -0.00000000
vn -0.00000000 -0.00000000 -0.00000000
vn -0.00000000 -0.00000000 0.00000000
vn 0.00000000 0.00000000 -0.00000000
vn -0.00000000 -0.00000000 0.00000000
vn 0.00000000 0.00000000 0.00000000
vn 0.00000000 0.00000000 0.00000000
vn 0.00000000 0.00000000 0.00000000
vn 0.00000000 -0.00000000 -0.00000000
vn -0.00000000 0.00000000 0.00000000
vn 0.00000000 -0.00000000 0.00000000
vn -0.00000000 -0.00000000 0.00000000
vn 0.00000000 0.00000000 0.00000000
vn 0.00000000 0.00000000 -0.00000000
vn -0.00000000 -0.00000000 0.00000000
vn -0.00000000 0.00000000 0.00000000
vn -0.00000000 -0.00000000 0.00000000
vn 0.00000000 0.00000000 0.00000000
vn -0.00000000 0.00000000 -0.00000000
vn -0.00000000 0.00000000 -0.00000000
vn 0.00000000 0.00000000 -0.00000000
vn 0.00000000 0.00000000 0.00000000
vn 0.00000000 0.00000000 0.00000000
vn 0.00000000 -0.00000000 0.00000000
vn -0.00000000 -0.00000000 0.00000000
vn 0.00000000 0.00000000 -0.00000000
vn -0.00000000 -0.00000000 0.00000000
vn -0.00000000 -0.00000000 0.00000000
vn 0.00000000 -0.00000000 0.00000000
vn 0.00000000 -0.00000000 0.00000000
vn -0.00000000 -0.00000000 0.00000000
vn -0.00000000 -0.00000000 -0.00000000
vn 0.00000000 0.00000000 0.00000000
vn 0.00000000 0.00000000 0.00000000
vn 0.00000000 -0.00000000 0.00000000
vn -0.00000000 -0.00000000 -0.00000000
vn 0.00000000 -0.00000000 -0.00000000
vn 0.00000000 0.00000000 0.00000000
vn 0.00000000 0.00000000 0.00000000
vn -0.00000000 -0.00000000 0.00000000
vn -0.00000000 -0.00000000 -0.00000000
vn 0.00000000 0.00000000 -0.00000000
vn 0.00000000 0.00000000 0.00000000
vn 0.00000000 0.00000000 -0.00000000
vn 0.00000000 0.00000000 0.00000000
vn 0.00000000 -0.00000000 -0.00000000
vn -0.00000000 0.00000000 0.00000000
vn 0.00000000 0.00000000 0.00000000
vn -0.00000000 0.00000000 0.00000000
vn 0.00000000 0.00000000 0.00000000
vn 0.00000000 0.00000000 -0.00000000
vn 0.00000000 -0.00000000 -0.00000000
vn -0.00000000 -0.00000000 0.00000000
vn 0.00000000 0.00000000 -0.00000000
vn 0.00000000 0.00000000 0.00000000
vn -0.00000000 -0.00000000 -0.00000000
vn -0.00000000 -0.00000000 -0.00000000
vn -0.00000000 -0.00000000 -0.00000000
vn -0.00000000 -0.00000000 0.00000000
vn -0.00000000 -0.00000000 -0.00000000
vn 0.00000000 0.00000000 0.00000000
vn 0.00000000 0.00000000 0.00000000
vn -0.00000000 -0.00000000 0.00000000
vn -0.00000000 -0.00000000 0.00000000
vn 0.00000000 -0.00000000 0.00000000
vn -0.00000000 0.00000000 -0.00000000
vn -0.00000000 0.00000000 -0.00000000
vn -0.00000000 0.00000000 -0.00000000
vn -0.00000000 -0.00000000 -0.00000000
vn -0.00000000 -0.00000000 -0.00000000
vn -0.00000000 0.00000000 -0.00000000
vn 0.00000000 0.00000000 0.00000000
vn 0.00000000 -0.00000000 0.00000000
vn 0.00000000 0.00000000 -0.00000000
vn 0.00000000 -0.00000000 0.00000000
vn 0.00000000 0.00000000 -0.00000000
vn -0.00000000 -0.00000000 -0.00000000
vn 0.00000000 0.00000000 0.00000000
vn -0.00000000 -0.00000000 -0.00000000
vn -0.00000000 0.00000000 -0.00000000
vn -0.00000000 0.00000000 -0.00000000
vn 0.00000000 -0.00000000 0.00000000
vn 0.00000000 -0.00000000 0.00000000
vn 0.00000000 0.00000000 -0.00000000
vn 0.00000000 -0.00000000 -0.00000000
vn 0.00000000 0.00000000 -0.00000000
vn -0.00000000 -0.00000000 0.00000000
vn 0.00000000 -0.00000000 0.00000000
vn 0.00000000 0.00000000 0.00000000
vn 0.00000000 0.00000000 0.00000000
vn -0.00000000 -0.00000000 0.00000000
vn 0.00000000 -0.00000000 0.00000000
vn 0.00000000 0.00000000 -0.00000000
vn -0.00000000 -0.00000000 0.00000000
vn -0.00000000 -0.00000000 -0.00000000
vn -0.00000000 -0.00000000 0.00000000
vn 0.00000000 -0.00000000 -0.00000000
vn 0.00000000 -0.00000000 0.00000000
vn 0.00000000 0.00000000 -0.00000000
vn -0.00000000 -0.00000000 0.00000000
vn 0.00000000 0.00000000 -0.00000000
vn 0.00000000 -0.00000000 0.00000000
vn 0.00000000 0.00000000 -0.00000000
vn -0.00000000 -0.00000000 0.00000000
vn -0.00000000 -0.00000000 -0.00000000
vn 0.00000000 0.00000000 0.00000000
vn -0.00000000 -0.00000000 0.00000000
vn 0.00000000 -0.00000000 0.00000000
vn 0.00000000 0.00000000 0.00000000
vn 0.00000000 -0.00000000 0.00000000
vn -0.00000000 -0.00000000 0.00000000
vn -0.00000000 -0.00000000 -0.00000000
vn -0.00000000 -0.00000000 0.00000000
vn -0.00000000 0.00000000 0.00000000
vn -0.00000000 0.00000000 0.00000000
vn -0.00000000 0.00000000 0.00000000
vn 0.00000000 0.00000000 0.00000000
vn -0.00000000 0.00000000 -0.00000000
vn 0.00000000 0.00000000 -0.00000000
vn -0.00000000 0.00000000 0.00000000
vn 0.00000000 -0.00000000 0.00000000
vn 0.00000000 0.00000000 0.00000000
vn -0.00000000 0.00000000 0.00000000
vn 0.00000000 -0.00000000 0.00000000
vn -0.00000000 -0.00000000 -0.00000000
vn 0.00000000 0.00000000 0.00000000
vn 0.00000000 0.00000000 -0.00000000
vn 0.00000000 0.00000000 -0.00000000
vn 0.00000000 0.00000000 -0.00000000
vn 0.00000000 0.00000000 0.00000000
vn -0.00000000 0.00000000 -0.00000000
vn 0.00000000 0.00000000 -0.00000000
vn 0.00000000 -0.00000000 0.00000000
vn 0.00000000 -0.00000000 0.00000000
vn 0.00000000 0.00000000 0.00000000
vn 0.00000000 0.00000000 -0.00000000
vn -0.00000000 0.00000000 0.00000000
vn -0.00000000 0.00000000 0.00000000
vn -0.00000000 -0.00000000 0.00000000
vn -0.00000000 0.00000000 -0.00000000
vn 0.00000000 -0.00000000 0.00000000
vn -0.00000000 -0.00000000 0.00000000
vn -0.00000000 0.00000000 0.00000000
vn 0.00000000 0.00000000 0.00000000
vn 0.00000000 0.00000000 0.00000000
vn 0.00000000 -0.00000000 0.00000000
vn 0.00000000 0.00000000 0.00000000
vn -0.00000000 -0.00000000 -0.00000000
vn -0.00000000 -0.00000000 -0.00000000
vn 0.00000000 -0.00000000 0.00000000
vn 0.00000000 -0.00000000 0.00000000
vn 0.00000000 0.00000000 0.00000000
vn 0.00000000 -0.00000000 0.00000000
vn 0.00000000 -0.00000000 0.00000000
vn 0.00000000 0.00000000 0.00000000
vn 0.00000000 -0.00000000 0.00000000
vn 0.00000000 -0.00000000 0.00000000
vn -0.00000000 -0.00000000 0.00000000
vn -0.00000000 0.00000000 0.00000000
vn 0.00000000 -0.00000000 -0.00000000
vn 0.00000000 0.00000000 0.00000000
vn 0.00000000 -0.00000000 -0.00000000
vn -0.00000000 -0.00000000 0.00000000
vn -0.00000000 -0.00000000 0.00000000
vn 0.00000000 0.00000000 0.00000000
vn 0.00000000 0.00000000 0.00000000
vn 0.00000000 0.00000000 0.00000000
vn -0.00000000 0.00000000 0.00000000
vn 0.00000000 -0.00000000 -0.00000000
vn 0.00000000 -0.00000000 0.00000000
vn 0.00000000 0.00000000 0.00000000
vn -0.00000000 0.00000000 0.00000000
vn -0.00000000 -0.00000000 0.00000000
vn -0.00000000 0.00000000 0.00000000
vn -0.00000000 -0.00000000 -0.00000000
vn -0.00000000 0.00000000 -0.00000000
vn 0.00000000 -0.00000000 0.00000000
vn 0.00000000 -0.00000000 0.00000000
vn 0.00000000 -0.00000000 0.00000000
vn -0.00000000 0.00000000 0.00000000
vn -0.00000000 0.00000000 0.00000000
vn 0.00000000 -0.00000000 0.00000000
vn 0.00000000 -0.00000000 0.00000000
vn -0.00000000 0.00000000 0.00000000
vn -0.00000000 0.00000000 -0.00000000
vn 0.00000000 0.00000000 0.00000000
vn -0.00000000 0.00000000 0.00000000
vn 0.00000000 0.00000000 -0.00000000
vn 0.00000000 -0.00000000 -0.00000000
vn -0.00000000 -0.00000000 -0.00000000
vn 0.00000000 -0.00000000 0.00000000
vn 0.00000000 -0.00000000 0.00000000
vn 0.00000000 0.00000000 0.00000000
vn 0.00000000 0.00000000 -0.00000000
vn 0.00000000 0.00000000 0.00000000
vn 0.00000000 -0.00000000 -0.00000000
vn -0.00000000 0.00000000 -0.00000000
vn 0.00000000 -0.00000000 0.00000000
vn 0.00000000 0.00000000 -0.00000000
vn -0.00000000 0.00000000 0.00000000
vn 0.00000000 -0.00000000 -0.00000000
vn 0.00000000 0.00000000 0.00000000
vn -0.00000000 0.00000000 -0.00000000
vn -0.00000000 0.00000000 -0.00000000
vn -0.00000000 0.00000000 0.00000000
vn 0.00000000 -0.00000000 0.00000000
vn -0.00000000 -0.00000000 -0.00000000
vn -0.00000000 -0.00000000 0.00000000
vn -0.00000000 -0.00000000 0.00000000
vn 0.00000000 -0.00000000 0.00000000
vn -0.00000000 0.00000000 -0.00000000
vn 0.00000000 0.00000000 -0.00000000
vn 0.00000000 0.00000000 -0.00000000
vn 0.00000000 0.00000000 -0.00000000
vn -0.00000000 0.00000000 -0.00000000
vn -0.00000000 0.00000000 -0.00000000
vn -0.00000000 0.00000000 0.00000000
vn 0.00000000 0.00000000 -0.00000000
vn -0.00000000 0.00000000 0.00000000
vn -0.00000000 0.00000000 0.00000000
vn 0.00000000 0.00000000 0.00000000
vn -0.00000000 -0.00000000 -0.00000000
vn 0.00000000 0.00000000 0.00000000
vn -0.00000000 0.00000000 -0.00000000
vn 0.00000000 -0.00000000 -0.00000000
vn 0.00000000 0.00000000 0.00000000
vn 0.00000000 0.00000000 -0.00000000
vn -0.00000000 0.00000000 -0.00000000
vn 0.00000000 0.00000000 -0.00000000
vn -0.00000000 0.00000000 0.00000000
vn -0.00000000 -0.00000000 0.00000000
vn -0.00000000 -0.00000000 0.00000000
vn 0.00000000 0.00000000 -0.00000000
vn 0.00000000 0.00000000 -0.00000000
vn 0.00000000 0.00000000 -0.00000000
vn 0.00000000 -0.00000000 0.00000000
vn -0.00000000 -0.00000000 0.00000000
vn 0.00000000 0.00000000 -0.00000000
vn -0.00000000 -0.00000000 0.00000000
vn -0.00000000 -0.00000000 0.00000000
vn 0.00000000 -0.00000000 0.00000000
vn 0.00000000 -0.00000000 0.00000000
vn -0.00000000 0.00000000 0.00000000
vn 0.00000000 -0.00000000 0.00000000
vn 0.00000000 0.00000000 -0.00000000
vn 0.00000000 -0.00000000 -0.00000000
vn 0.00000000 0.00000000 -0.00000000
vn -0.00000000 -0.00000000 0.00000000
vn 0.00000000 0.00000000 0.00000000
vn -0.00000000 -0.00000000 0.00000000
vn 0.00000000 0.00000000 -0.00000000
vn -0.00000000 -0.00000000 -0.00000000
vn 0.00000000 0.00000000 -0.00000000
vn 0.00000000 -0.00000000 0.00000000
vn 0.00000000 0.00000000 0.00000000
vn -0.00000000 0.00000000 -0.00000000
vn -0.00000000 0.00000000 0.00000000
vn 0.00000000 0.00000000 0.00000000
vn 0.00000000 -0.00000000 -0.00000000
vn -0.00000000 0.00000000 0.00000000
vn -0.00000000 -0.00000000 -0.00000000
vn 0.00000000 0.00000000 -0.00000000
vn 0.00000000 0.00000000 0.00000000
vn 0.00000000 0.00000000 -0.00000000
vn 0.00000000 -0.00000000 0.00000000
vn -0.00000000 -0.00000000 -0.00000000
vn 0.00000000 -0.00000000 -0.00000000
vn 0.00000000 -0.00000000 -0.00000000
vn 0.00000000 0.00000000 -0.00000000
vn -0.00000000 -0.00000000 0.00000000
vn 0.00000000 0.00000000 0.00000000
vn 0.00000000 -0.00000000 0.00000000
vn 0.00000000 0.00000000 0.00000000
vn 0.00000000 -0.00000000 0.00000000
vn 0.00000000 0.00000000 0.00000000
vn 0.00000000 0.00000000 0.00000000
vn 0.00000000 0.00000000 0.00000000
vn -0.00000000 0.00000000 0.00000000
vn 0.00000000 -0.00000000 -0.00000000
vn -0.00000000 0.00000000 -0.00000000
vn 0.00000000 -0.00000000 0.00000000
vn -0.00000000 0.00000000 -0.00000000
vn -0.00000000 0.00000000 0.00000000
vn -0.00000000 -0.00000000 -0.00000000
vn -0.00000000 -0.00000000 0.00000000
vn 0.00000000 -0.00000000 -0.00000000
vn 0.00000000 -0.00000000 0.00000000
vn 0.00000000 0.00000000 0.00000000
vn 0.00000000 0.00000000 0.00000000
vn -0.00000000 0.00000000 -0.00000000
vn 0.00000000 -0.00000000 -0.00000000
vn -0.00000000 0.00000000 0.00000000
vn 0.00000000 0.00000000 0.00000000
vn 0.00000000 -0.00000000 0.00000000
vn 0.00000000 0.00000000 0.00000000
vn 0.00000000 -0.00000000 -0.00000000
vn -0.00000000 -0.00000000 0.00000000
vn 0.00000000 0.00000000 0.00000000
vn 0.00000000 -0.00000000 -0.00000000
vn -0.00000000 0.00000000 0.00000000
vn 0.00000000 -0.00000000 -0.00000000
vn 0.00000000 0.00000000 -0.00000000
vn -0.00000000 0.00000000 0.00000000
vn 0.00000000 0.00000000 0.00000000
vn 0.00000000 0.00000000 0.00000000
vn 0.00000000 -0.00000000 0.00000000
vn 0.00000000 0.00000000 0.00000000
vn -0.00000000 0.00000000 0.00000000
vn 0.00000000 0.00000000 0.00000000
vn -0.00000000 0.00000000 0.00000000
vn 0.00000000 0.00000000 0.00000000
vn -0.00000000 0.00000000 -0.00000000
vn -0.00000000 -0.00000000 0.00000000
vn 0.00000000 -0.00000000 0.00000000
vn -0.00000000 0.00000000 0.00000000
vn -0.00000000 0.00000000 0.00000000
vn 0.00000000 0.00000000 -0.00000000
vn 0.00000000 -0.00000000 0.00000000
vn 0.00000000 0.00000000 0.00000000
vn 0.00000000 0.00000000 0.00000000
vn 0.00000000 0.00000000 -0.00000000
vn -0.00000000 -0.00000000 0.00000000
vn -0.00000000 0.00000000 0.00000000
vn -0.00000000 -0.00000000 -0.00000000
vn -0.00000000 0.00000000 0.00000000
vn 0.00000000 -0.00000000 0.00000000
vn 0.00000000 0.00000000 -0.00000000
vn 0.00000000 -0.00000000 -0.00000000
vn -0.00000000 -0.00000000 -0.00000000
vn 0.00000000 -0.00000000 -0.00000000
vn 0.00000000 -0.00000000 0.00000000
vn -0.00000000 -0.00000000 -0.00000000
vn -0.00000000 -0.00000000 -0.00000000
vn 0.00000000 0.00000000 0.00000000
vn 0.00000000 -0.00000000 -0.00000000
vn 0.00000000 0.00000000 -0.00000000
vn 0.00000000 -0.00000000 -0.00000000
vn -0.00000000 0.00000000 -0.00000000
vn -0.00000000 0.00000000 -0.00000000
vn 0.00000000 -0.00000000 0.00000000
vn -0.00000000 0.00000000 0.00000000
vn 0.00000000 0.00000000 0.00000000
vn -0.00000000 -0.00000000 0.00000000
vn 0.00000000 0.00000000 0.00000000
vn 0.00000000 0.00000000 -0.00000000
vn 0.00000000 -0.00000000 0.00000000
vn 0.00000000 -0.00000000 0.00000000
vn 0.00000000 -0.00000000 0.00000000
vn 0.00000000 0.00000000 0.00000000
vn -0.00000000 0.00000000 0.00000000
vn 0.00000000 -0.00000000 0.00000000
vn 0.00000000 -0.00000000 -0.00000000
vn -0.00000000 -0.00000000 0.00000000
vn -0.00000000 -0.00000000 0.00000000
vn 0.00000000 0.00000000 -0.00000000
vn 0.00000000 -0.00000000 0.00000000
vn 0.00000000 -0.00000000 -0.00000000
vn 0.00000000 -0.00000000 -0.00000000
vn 0.00000000 0.00000000 -0.00000000
vn -0.00000000 0.00000000 0.00000000
vn 0.00000000 -0.00000000 -0.00000000
vn -0.00000000 0.00000000 -0.00000000
vn -0.00000000 0.00000000 -0.00000000
vn 0.00000000 -0.00000000 0.00000000
vn -0.00000000 0.00000000 -0.00000000
vn -0.00000000 0.00000000 -0.00000000
vn 0.00000000 -0.00000000 0.00000000
vn 0.00000000 0.00000000 -0.00000000
vn 0.00000000 -0.00000000 0.00000000
vn -0.00000000 0.00000000 0.00000000
vn 0.00000000 0.00000000 0.00000000
vn 0.00000000 -0.00000000 -0.00000000
vn 0.00000000 -0.00000000 -0.00000000
vn 0.00000000 0.00000000 -0.00000000
vn 0.00000000 -0.00000000 0.00000000
vn 0.00000000 -0.00000000 0.00000000
vn -0.00000000 -0.00000000 0.00000000
vn 0.00000000 -0.00000000 -0.00000000
vn -0.00000000 -0.00000000 0.00000000
vn -0.00000000 0.00000000 0.00000000
vn -0.00000000 0.00000000 -0.00000000
vn 0.00000000 0.00000000 -0.00000000
vn 0.00000000 0.00000000 -0.00000000
vn 0.00000000 -0.00000000 0.00000000
vn -0.00000000 0.00000000 -0.00000000
vn 0.00000000 0.00000000 -0.00000000
vn 0.00000000 -0.00000000 -0.00000000
vn -0.00000000 0.00000000 0.00000000
vn 0.00000000 -0.00000000 0.00000000
vn -0.00000000 -0.00000000 0.00000000
vn -0.00000000 -0.00000000 0.00000000
vn 0.00000000 0.00000000 -0.00000000
vn -0.00000000 0.00000000 0.00000000
vn 0.00000000 0.00000000 0.00000000
vn 0.00000000 -0.00000000 0.00000000
vn 0.00000000 -0.00000000 -0.00000000
vn -0.00000000 0.00000000 0.00000000
vn 0.00000000 -0.00000000 0.00000000
vn 0.00000000 0.00000000 0.00000000
vn -0.00000000 0.00000000 -0.00000000
vn 0.00000000 0.00000000 0.00000000
vn -0.00000000 0.00000000 0.00000000
vn -0.00000000 0.00000000 0.00000000
vn 0.00000000 -0.00000000 -0.00000000
vn -0.00000000 -0.00000000 0.00000000
vn 0.00000000 0.00000000 0.00000000
vn 0.00000000 0.00000000 -0.00000000
vn -0.00000000 -0.00000000 0.00000000
vn -0.00000000 -0.00000000 0.00000000
vn 0.00000000 0.00000000 -0.00000000
vn -0.00000000 0.00000000 0.00000000
vn -0.00000000 -0.00000000 -0.00000000
vn 0.00000000 0.00000000 0.00000000
vn 0.00000000 0.00000000 0.00000000
vn -0.00000000 -0.00000000 -0.00000000
vn -0.00000000 -0.00000000 0.00000000
vn 0.00000000 0.00000000 -0.00000000
vn 0.00000000 -0.00000000 0.00000000
vn 0.00000000 -0.00000000 0.00000000
vn -0.00000000 0.00000000 -0.00000000
vn 0.00000000 0.00000000 0.00000000
vn 0.00000000 0.00000000 0.00000000
vn -0.00000000 0.00000000 0.00000000
vn 0.00000000 0.00000000 -0.00000000
vn 0.00000000 -0.00000000 0.00000000
vn 0.00000000 -0.00000000 0.00000000
vn -0.00000000 0.00000000 0.00000000
vn 0.00000000 -0.00000000 0.00000000
vn -0.00000000 0.00000000 -0.00000000
vn 0.00000000 0.00000000 0.00000000
vn -0.00000000 -0.00000000 -0.00000000
vn 0.00000000 0.00000000 0.00000000
vn 0.00000000 0.00000000 0.00000000
vn 0.00000000 0.00000000 -0.00000000
vn 0.00000000 0.00000000 0.00000000
vn 0.00000000 0.00000000 0.00000000
vn -0.00000000 -0.00000000 0.00000000
vn 0.00000000 0.00000000 -0.00000000
vn -0.00000000 -0.00000000 0.00000000
vn 0.00000000 -0.00000000 0.00000000
vn 0.00000000 0.00000000 0.00000000
vn -0.00000000 -0.00000000 -0.00000000
vn 0.00000000 0.00000000 0.00000000
vn 0.00000000 0.00000000 0.00000000
vn -0.00000000 0.00000000 0.00000000
vn 0.00000000 0.00000000 0.00000000
vn 0.00000000 0.00000000 0.00000000
vn 0.00000000 0.00000000 0.00000000
vn 0.00000000 0.00000000 0.00000000
vn 0.00000000 0.00000000 0.00000000
vn 0.00000000 0.00000000 0.00000000
vn -0.00000000 0.00000000 0.00000000
vn 0.00000000 0.00000000 -0.00000000
vn -0.00000000 0.00000000 -0.00000000
vn 0.00000000 0.00000000 -0.00000000
vn 0.00000000 0.00000000 -0.00000000
vn -0.00000000 0.00000000 0.00000000
vn 0.00000000 0.00000000 0.00000000
vn 0.00000000 0.00000000 0.00000000
vn -0.00000000 -0.00000000 0.00000000
vn 0.00000000 0.00000000 -0.00000000
vn 0.00000000 0.00000000 0.00000000
vn 0.00000000 -0.00000000 0.00000000
vn -0.00000000 -0.00000000 0.00000000
vn 0.00000000 0.00000000 -0.00000000
vn -0.00000000 0.00000000 -0.00000000
vn -0.00000000 -0.00000000 0.00000000
vn -0.00000000 0.00000000 0.00000000
vn -0.00000000 0.00000000 -0.00000000
vn 0.00000000 -0.00000000 0.00000000
vn -0.00000000 -0.00000000 -0.00000000
vn 0.00000000 -0.00000000 -0.00000000
vn 0.00000000 0.00000000 0.00000000
vn 0.00000000 0.00000000 0.00000000
vn -0.00000000 0.00000000 -0.00000000
vn -0.00000000 0.00000000 0.00000000
vn 0.00000000 0.00000000 0.00000000
vn -0.00000000 0.00000000 0.00000000
vn 0.00000000 -0.00000000 0.00000000
vn 0.00000000 0.00000000 -0.00000000
vn -0.00000000 0.00000000 0.00000000
vn -0.00000000 0.00000000 0.00000000
vn 0.00000000 -0.00000000 -0.00000000
vn 0.00000000 -0.00000000 -0.00000000
vn 0.00000000 -0.00000000 -0.00000000
vn 0.00000000 -0.00000000 0.00000000
vn 0.00000000 -0.00000000 0.00000000
vn -0.00000000 -0.00000000 0.00000000
vn 0.00000000 -0.00000000 -0.00000000
vn -0.00000000 0.00000000 0.00000000
vn 0.00000000 -0.00000000 0.00000000
vn -0.00000000 0.00000000 -0.00000000
vn 0.00000000 -0.00000000 0.00000000
vn -0.00000000 -0.00000000 0.00000000
vn 0.00000000 0.00000000 0.00000000
vn -0.00000000 0.00000000 0.00000000
vn -0.00000000 0.00000000 -0.00000000
vn 0.00000000 0.00000000 -0.00000000
vn 0.00000000 0.00000000 -0.00000000
vn -0.00000000 0.00000000 0.00000000
vn 0.00000000 -0.00000000 -0.00000000
vn -0.00000000 -0.00000000 0.00000000
vn 0.00000000 -0.00000000 0.00000000
vn 0.00000000 -0.00000000 0.00000000
vn 0.00000000 -0.00000000 0.00000000
vn -0.00000000 -0.00000000 0.00000000
vn -0.00000000 -0.00000000 0.00000000
vn 0.00000000 0.00000000 -0.00000000
vn 0.00000000 -0.00000000 0.00000000
vn 0.00000000 0.00000000 -0.00000000
vn 0.00000000 -0.00000000 0.00000000
vn -0.00000000 0.00000000 0.00000000
vn -0.00000000 0.00000000 0.00000000
vn -0.00000000 0.00000000 -0.00000000
vn 0.00000000 0.00000000 -0.00000000
vn -0.00000000 0.00000000 0.00000000
vn 0.00000000 0.00000000 0.00000000
vn 0.00000000 -0.00000000 -0.00000000
vn 0.00000000 -0.00000000 -0.00000000
vn 0.00000000 -0.00000000 0.00000000
vn -0.00000000 0.00000000 0.00000000
vn -0.00000000 -0.00000000 -0.00000000
vn -0.00000000 0.00000000 -0.00000000
vn 0.00000000 0.00000000 -0.00000000
vn -0.00000000 -0.00000000 0.00000000
vn 0.00000000 -0.00000000 -0.00000000
vn 0.00000000 -0.00000000 0.00000000
vn -0.00000000 0.00000000 -0.00000000
vn 0.00000000 -0.00000000 0.00000000
vn 0.00000000 0.00000000 0.00000000
vn -0.00000000 -0.00000000 -0.00000000
vn 0.00000000 0.00000000 0.00000000
vn 0.00000000 -0.00000000 0.00000000
vn 0.00000000 0.00000000 -0.00000000
vn -0.00000000 -0.00000000 -0.00000000
vn -0.00000000 0.00000000 -0.00000000
vn 0.00000000 -0.00000000 -0.00000000
vn 0.00000000 0.00000000 -0.00000000
vn 0.00000000 -0.00000000 0.00000000
vn -0.00000000 -0.00000000 -0.00000000
vn 0.00000000 0.00000000 -0.00000000
vn -0.00000000 -0.00000000 0.00000000
vn -0.00000000 0.00000000 -0.00000000
vn 0.00000000 0.00000000 0.00000000
vn -0.00000000 -0.00000000 -0.00000000
vn -0.00000000 -0.00000000 0.00000000
vn 0.00000000 0.00000000 0.00000000
vn 0.00000000 -0.00000000 -0.00000000
vn 0.00000000 0.00000000 0.00000000
vn 0.00000000 0.00000000 0.00000000
vn 0.00000000 0.00000000 0.00000000
vn 0.00000000 0.00000000 -0.00000000
vn -0.00000000 0.00000000 0.00000000
vn 0.00000000 -0.00000000 0.00000000
vn -0.00000000 0.00000000 0.00000000
vn 0.00000000 0.00000000 -0.00000000
vn 0.00000000 0.00000000 -0.00000000
vn 0.00000000 0.00000000 0.00000000
vn 0.00000000 0.00000000 0.00000000
vn 0.00000000 0.00000000 0.00000000
vn -0.00000000 0.00000000 0.00000000
vn -0.00000000 -0.00000000 -0.00000000
vn -0.00000000 -0.00000000 -0.00000000
vn -0.00000000 -0.00000000 0.00000000
vn 0.00000000 0.00000000 -0.00000000
vn 0.00000000 -0.00000000 -0.00000000
vn -0.00000000 0.00000000 0.00000000
vn -0.00000000 0.00000000 0.00000000
vn 0.00000000 -0.00000000 -0.00000000
vn -0.00000000 -0.00000000 -0.00000000
vn 0.00000000 0.00000000 0.00000000
vn 0.00000000 0.00000000 0.00000000
vn 0.00000000 0.00000000 -0.00000000
vn -0.00000000 -0.00000000 0.00000000
vn 0.00000000 0.00000000 -0.00000000
vn 0.00000000 -0.00000000 -0.00000000
vn 0.00000000 -0.00000000 -0.00000000
vn 0.00000000 -0.00000000 0.00000000
vn 0.00000000 0.00000000 -0.00000000
vn 0.00000000 0.00000000 -0.00000000
vn 0.00000000 0.00000000 -0.00000000
vn 0.00000000 0.00000000 0.00000000
vn 0.00000000 0.00000000 0.00000000
vn -0.00000000 -0.00000000 -0.00000000
vn -0.00000000 -0.00000000 -0.00000000
vn 0.00000000 0.00000000 0.00000000
vn 0.00000000 -0.00000000 0.00000000
vn 0.00000000 0.00000000 -0.00000000
vn 0.00000000 0.00000000 0.00000000
vn -0.00000000 0.00000000 0.00000000
vn 0.00000000 0.00000000 0.00000000
vn 0.00000000 -0.00000000 -0.00000000
vn -0.00000000 0.00000000 0.00000000
vn 0.00000000 0.00000000 0.00000000
vn 0.00000000 -0.00000000 0.00000000
vn 0.00000000 -0.00000000 -0.00000000
vn -0.00000000 0.00000000 -0.00000000
vn -0.00000000 -0.00000000 -0.00000000
vn 0.00000000 0.00000000 0.00000000
vn 0.00000000 -0.00000000 -0.00000000
vn 0.00000000 0.00000000 -0.00000000
vn 0.00000000 0.00000000 0.00000000
vn -0.00000000 0.00000000 0.00000000
vn -0.00000000 -0.00000000 -0.00000000
vn -0.00000000 0.00000000 0.00000000
vn 0.00000000 0.00000000 0.00000000
vn 0.00000000 0.00000000 0.00000000
vn -0.00000000 -0.00000000 -0.00000000
vn 0.00000000 0.00000000 0.00000000
vn 0.00000000 0.00000000 0.00000000
vn -0.00000000 0.00000000 -0.00000000
vn 0.00000000 -0.00000000 -0.00000000
vn -0.00000000 -0.00000000 -0.00000000
vn 0.00000000 0.00000000 0.00000000
vn -0.00000000 0.00000000 -0.00000000
vn 0.00000000 0.00000000 0.00000000
vn 0.00000000 -0.00000000 -0.00000000
vn -0.00000000 0.00000000 0.00000000
vn 0.00000000 0.00000000 0.00000000
vn 0.00000000 0.00000000 0.00000000
vn -0.00000000 -0.00000000 -0.00000000
vn -0.00000000 0.00000000 -0.00000000
vn -0.00000000 0.00000000 0.00000000
vn 0.00000000 -0.00000000 -0.00000000
vn -0.00000000 -0.00000000 -0.00000000
vn 0.00000000 0.00000000 0.00000000
vn -0.00000000 -0.00000000 0.00000000
vn 0.00000000 -0.00000000 -0.00000000
vn -0.00000000 0.00000000 -0.00000000
vn 0.00000000 -0.00000000 0.00000000
vn -0.00000000 -0.00000000 -0.00000000
vn 0.00000000 -0.00000000 0.00000000
vn -0.00000000 0.00000000 -0.00000000
vn -0.00000000 0.00000000 -0.00000000
vn 0.00000000 0.00000000 0.00000000
vn 0.00000000 -0.00000000 0.00000000
vn 0.00000000 0.00000000 0.00000000
vn 0.00000000 -0.00000000 0.00000000
vn -0.00000000 -0.00000000 0.00000000
vn -0.00000000 0.00000000 -0.00000000
vn 0.00000000 0.00000000 0.00000000
vn -0.00000000 -0.00000000 0.00000000
vn 0.00000000 0.00000000 -0.00000000
vn 0.00000000 0.00000000 -0.00000000
vn 0.00000000 0.00000000 -0.00000000
vn -0.00000000 0.00000000 0.00000000
vn 0.00000000 -0.00000000 -0.00000000
vn 0.00000000 0.00000000 -0.00000000
vn -0.00000000 -0.00000000 0.00000000
vn -0.00000000 0.00000000 0.00000000
vn 0.00000000 0.00000000 0.00000000
vn -0.00000000 0.00000000 0.00000000
vn 0.00000000 0.00000000 0.00000000
vn -0.00000000 -0.00000000 -0.00000000
vn 0.00000000 0.00000000 0.00000000
vn -0.00000000 0.00000000 -0.00000000
vn -0.00000000 -0.00000000 0.00000000
vn 0.00000000 0.00000000 0.00000000
vn 0.00000000 0.00000000 -0.00000000
vn 0.00000000 -0.00000000 0.00000000
vn -0.00000000 0.00000000 -0.00000000
vn -0.00000000 -0.00000000 0.00000000
vn 0.00000000 -0.00000000 -0.00000000
vn -0.00000000 -0.00000000 0.00000000
vn 0.00000000 0.00000000 -0.00000000
vn 0.00000000 0.00000000 0.00000000
vn -0.00000000 0.00000000 -0.00000000
vn 0.00000000 -0.00000000 0.00000000
vn 0.00000000 -0.00000000 0.00000000
vn 0.00000000 0.00000000 -0.00000000
vn 0.00000000 0.00000000 -0.00000000
vn 0.00000000 -0.00000000 0.00000000
vn 0.00000000 0.00000000 0.00000000
vn -0.00000000 0.00000000 0.00000000
vn -0.00000000 0.00000000 0.00000000
vn 0.00000000 -0.00000000 0.00000000
vn -0.00000000 -0.00000000 -0.00000000
vn 0.00000000 0.00000000 0.00000000
vn 0.00000000 -0.00000000 -0.00000000
vn 0.00000000 -0.00000000 0.00000000
vn 0.00000000 -0.00000000 -0.00000000
vn 0.00000000 0.00000000 -0.00000000
vn -0.00000000 0.00000000 -0.00000000
vn -0.00000000 0.00000000 -0.00000000
vn 0.00000000 -0.00000000 0.00000000
vn 0.00000000 0.00000000 -0.00000000
vn -0.00000000 -0.00000000 0.00000000
vn 0.00000000 0.00000000 -0.00000000
vn 0.00000000 -0.00000000 0.00000000
vn -0.00000000 -0.00000000 0.00000000
vn -0.00000000 -0.00000000 0.00000000
vn -0.00000000 0.00000000 -0.00000000
vn 0.00000000 -0.00000000 0.00000000
vn 0.00000000 -0.00000000 0.00000000
vn -0.00000000 0.00000000 0.00000000
vn -0.00000000 0.00000000 0.00000000
vn 0.00000000 0.00000000 -0.00000000
vn 0.00000000 0.00000000 0.00000000
vn 0.00000000 0.00000000 0.00000000
vn -0.00000000 0.00000000 0.00000000
vn 0.00000000 0.00000000 0.00000000
vn 0.00000000 0.00000000 0.00000000
vn 0.00000000 0.00000000 0.00000000
vn -0.00000000 0.00000000 0.00000000
vn -0.00000000 -0.00000000 -0.00000000
vn -0.00000000 0.00000000 0.00000000
vn -0.00000000 0.00000000 0.00000000
vn 0.00000000 0.00000000 0.00000000
vn 0.00000000 0.00000000 0.00000000
vn -0.00000000 0.00000000 0.00000000
vn -0.00000000 0.00000000 0.00000000
vn -0.00000000 0.00000000 -0.00000000
vn -0.00000000 0.00000000 0.00000000
vn -0.00000000 0.00000000 0.00000000
vn -0.00000000 0.00000000 0.00000000
vn 0.00000000 0.00000000 0.00000000
vn -0.00000000 -0.00000000 0.00000000
vn -0.00000000 0.00000000 0.00000000
vn 0.00000000 -0.00000000 -0.00000000
vn -0.00000000 0.00000000 0.00000000
vn -0.00000000 0.00000000 0.00000000
vn -0.00000000 0.00000000 0.00000000
vn 0.00000000 0.00000000 0.00000000
vn -0.00000000 0.00000000 0.00000000
vn 0.00000000 0.00000000 0.00000000
vn 0.00000000 0.00000000 0.00000000
vn -0.00000000 0.00000000 0.00000000
vn 0.00000000 0.00000000 0.00000000
vn 0.00000000 0.00000000 0.00000000
vn -0.00000000 0.00000000 0.00000000
vn 0.00000000 -0.00000000 0.00000000
vn -0.00000000 0.00000000 0.00000000
vn 0.00000000 0.00000000 0.00000000
vn -0.00000000 0.00000000 0.00000000
vn -0.00000000 -0.00000000 -0.00000000
vn 0.00000000 0.00000000 0.00000000
vn -0.00000000 0.00000000 0.00000000
vn 0.00000000 0.00000000 0.00000000
vn 0.00000000 0.00000000 0.00000000
vn 0.00000000 0.00000000 0.00000000
vn 0.00000000 0.00000000 0.00000000
vn 0.00000000 0.00000000 -0.00000000
vn -0.00000000 0.00000000 0.00000000
vn 0.00000000 0.00000000 0.00000000
vn 0.00000000 -0.00000000 -0.00000000
vn -0.00000000 0.00000000 0.00000000
vn 0.00000000 0.00000000 0.00000000
vn -0.00000000 0.00000000 0.00000000
vn -0.00000000 0.00000000 0.00000000
vn 0.00000000 0.00000000 0.00000000
vn -0.00000000 0.00000000 0.00000000
vn 0.00000000 -0.00000000 0.00000000
vn 0.00000000 -0.00000000 0.00000000
vn 0.00000000 0.00000000 0.00000000
vn 0.00000000 0.00000000 0.00000000
vn -0.00000000 0.00000000 -0.00000000
vn -0.00000000 0.00000000 -0.00000000
vn 0.00000000 -0.00000000 0.00000000
vn 0.00000000 -0.00000000 0.00000000
vn 0.00000000 0.00000000 -0.00000000
vn 0.00000000 -0.00000000 0.00000000
vn -0.00000000 0.00000000 0.00000000
vn 0.00000000 0.00000000 -0.00000000
vn -0.00000000 0.00000000 0.00000000
vn 0.00000000 0.00000000 0.00000000
vn 0.00000000 0.00000000 0.00000000
vn 0.00000000 0.00000000 0.00000000
vn -0.00000000 0.00000000 0.00000000
vn 0.00000000 -0.00000000 0.00000000
vn -0.00000000 -0.00000000 0.00000000
vn -0.00000000 -0.00000000 0.00000000
vn 0.00000000 0.00000000 0.00000000
vn -0.00000000 0.00000000 0.00000000
vn -0.00000000 0.00000000 0.00000000
vn -0.00000000 0.00000000 0.00000000
vn 0.00000000 0.00000000 0.00000000
vn 0.00000000 0.00000000 0.00000000
vn -0.00000000 0.00000000 0.00000000
vn -0.00000000 0.00000000 0.00000000
vn 0.00000000 0.00000000 0.00000000
vn 0.00000000 0.00000000 -0.00000000
vn 0.00000000 -0.00000000 0.00000000
vn 0.00000000 0.00000000 0.00000000
vn 0.00000000 0.00000000 0.00000000
vn 0.00000000 0.00000000 0.00000000
vn 0.00000000 0.00000000 0.00000000
vn 0.00000000 0.00000000 0.00000000
vn 0.00000000 0.00000000 0.00000000
vn -0.00000000 0.00000000 0.00000000
vn -0.00000000 0.00000000 0.00000000
vn 0.03643313 -0.84996894 0.52557153
vn -0.03356536 -0.94761384 -0.31764978
vn -0.04204058 -0.98227323 -0.18267975
vn -0.09472762 -0.56117367 -0.82225957
vn 0.01453293 -0.69920087 0.71477755
vn -0.09023969 -0.64575691 -0.75819181
vn 0.03895575 -0.29162706 0.95573851
vn -0.09137328 -0.18076762 -0.97927217
vn 0.03409604 -0.17243103 0.98443131
vn -0.08865042 -0.18591923 -0.97855768
vn 0.04448533 0.18647110 0.98145279
vn -0.10094311 0.15547334 -0.98266908
vn 0.05304767 0.15736123 0.98611530
vn -0.10353233 0.26919995 -0.95750323
vn 0.04448695 0.68424354 0.72789538
vn -0.08920073 0.74717526 -0.65861397
vn 0.04838899 0.58580819 0.80900387
vn -0.04657965 0.86017077 -0.50787457
vn 0.00772151 0.99042427 0.13784100
vn 0.01133421 0.97726549 0.21171606
vn -0.05008397 -0.67831765 0.73305986
vn -0.03203686 -0.19704876 0.97987011
vn -0.00436179 -0.85091753 0.52528120
vn 0.01593285 -0.99018661 -0.13884029
vn -0.01847503 -0.33502190 0.94202919
vn 0.05139205 -0.95456605 -0.29353452
vn -0.04504422 0.16300454 0.98559654
vn 0.08123206 -0.63781673 -0.76589240
vn -0.05476436 0.20038010 0.97818642
vn 0.07921163 -0.52280953 -0.84876128
vn -0.05123011 0.58228856 0.81136644
vn 0.08584832 -0.20081662 -0.97586001
vn -0.04378684 0.69093071 0.72159370
vn 0.09024032 -0.19401655 -0.97683891
vn -0.01190364 0.97798024 0.20835775
vn 0.11441965 0.26351088 -0.95784662
vn -0.00727899 0.98815334 0.15329709
vn 0.11830739 0.19955893 -0.97271763
vn 0.06441362 0.73394403 -0.67614868
vn 0.07822983 0.84557839 -0.52808832
vn 0.00235028 -0.88462848 0.46629061
vn -0.01694477 -0.99672449 -0.07907698
vn -0.01958668 -0.99717070 -0.07257383
vn -0.03558767 -0.88840116 -0.45768646
vn -0.00955338 -0.94499424 0.32694743
vn -0.06944452 -0.82994462 -0.55350644
vn 0.04996980 -0.41519624 0.90835847
vn -0.08213157 -0.17059173 -0.98191286
vn 0.05660462 -0.57051840 0.81933184
vn -0.07522049 -0.30118532 -0.95059417
vn 0.06254761 0.25212840 0.96567027
vn -0.09126518 0.41553124 -0.90498865
vn 0.02358193 0.42523087 0.90477765
vn -0.06774562 0.57369714 -0.81626107
vn -0.00134127 0.87116968 0.49098023
vn -0.08742775 0.89781936 -0.43159795
vn 0.00857226 0.91805929 0.39635042
vn -0.06531120 0.88690581 -0.45731010
vn -0.01226120 0.99634345 0.08455405
vn -0.02927318 0.99948854 0.01287366
vn 0.01391699 0.99990187 -0.00160377
vn -0.00651461 0.85054002 0.52586998
vn 0.00873116 0.88621503 0.46319185
vn -0.02905437 0.24821988 0.96826791
vn 0.02890184 0.99840406 0.04851824
vn -0.05578652 0.44307040 0.89474940
vn 0.05144958 0.93425653 -0.35287061
vn -0.06208856 -0.38447953 0.92104316
vn 0.08016455 0.89314068 -0.44257583
vn -0.04045113 -0.50112828 0.86442707
vn 0.09549960 0.54631025 -0.83212075
vn -0.01323906 -0.89805100 0.43969209
vn 0.07269382 0.40318095 -0.91222844
vn -0.00085775 -0.96294858 0.26968368
vn 0.07695021 -0.16573763 -0.98316311
vn 0.01862596 -0.99868359 -0.04779283
vn 0.08136173 -0.27698852 -0.95742239
vn 0.02030997 -0.99677917 -0.07758090
vn 0.04513966 -0.82703452 -0.56033590
vn 0.06313584 -0.87916481 -0.47231675
vn -0.00000000 -0.00000000 -0.00000000
vn 0.00000000 0.00000000 0.00000000
vn 0.00000000 0.00000000 0.00000000
vn -0.00000000 -0.00000000 0.00000000
vn 0.00000000 -0.00000000 -0.00000000
vn -0.00000000 -0.00000000 -0.00000000
vn -0.00000000 0.00000000 0.00000000
vn -0.00000000 -0.00000000 -0.00000000
vn 0.00000000 -0.00000000 0.00000000
vn 0.00000000 0.00000000 0.00000000
vn 0.00000000 -0.00000000 0.00000000
vn -0.00000000 0.00000000 -0.00000000
vn -0.00000000 -0.00000000 0.00000000
vn -0.00000000 0.00000000 -0.00000000
vn 0.00000000 0.00000000 -0.00000000
vn -0.00000000 -0.00000000 0.00000000
vn -0.00000000 0.00000000 0.00000000
vn -0.00000000 0.00000000 0.00000000
vn -0.00000000 -0.00000000 -0.00000000
vn -0.00000000 0.00000000 -0.00000000
vn 0.00000000 -0.00000000 -0.00000000
vn -0.00000000 0.00000000 0.00000000
vn 0.00000000 0.00000000 0.00000000
vn 0.00000000 0.00000000 0.00000000
vn -0.00000000 0.00000000 0.00000000
vn -0.00000000 0.00000000 0.00000000
vn 0.00000000 -0.00000000 0.00000000
vn 0.00000000 -0.00000000 0.00000000
vn -0.00000000 -0.00000000 -0.00000000
vn 0.00000000 -0.00000000 -0.00000000
vn 0.00000000 0.00000000 0.00000000
vn 0.00000000 -0.00000000 0.00000000
vn 0.00000000 -0.00000000 -0.00000000
vn -0.00000000 0.00000000 0.00000000
vn -0.00000000 -0.00000000 0.00000000
vn -0.00000000 0.00000000 0.00000000
vn 0.00000000 0.00000000 0.00000000
vn 0.00000000 -0.00000000 0.00000000
vn 0.00000000 0.00000000 -0.00000000
vn -0.00000000 0.00000000 -0.00000000
vn 0.00000000 -0.00000000 -0.00000000
vn -0.00000000 -0.00000000 0.00000000
vn -0.00000000 -0.00000000 -0.00000000
vn 0.00000000 0.00000000 0.00000000
vn -0.00000000 0.00000000 0.00000000
vn 0.00000000 -0.00000000 -0.00000000
vn 0.00000000 -0.00000000 -0.00000000
vn 0.00000000 -0.00000000 -0.00000000
vn 0.00000000 0.00000000 0.00000000
vn -0.00000000 -0.00000000 -0.00000000
vn -0.00000000 -0.00000000 -0.00000000
vn 0.00000000 -0.00000000 0.00000000
vn 0.00000000 -0.00000000 0.00000000
vn 0.00000000 0.00000000 0.00000000
vn -0.00000000 0.00000000 -0.00000000
vn 0.00000000 -0.00000000 0.00000000
vn -0.00000000 -0.00000000 -0.00000000
vn 0.00000000 0.00000000 0.00000000
vn 0.00000000 0.00000000 -0.00000000
vn 0.00000000 -0.00000000 0.00000000
vn -0.00000000 -0.00000000 0.00000000
vn 0.00000000 0.00000000 0.00000000
vn -0.00000000 -0.00000000 0.00000000
vn -0.00000000 0.00000000 0.00000000
vn 0.00000000 -0.00000000 0.00000000
vn -0.00000000 0.00000000 -0.00000000
vn 0.00000000 -0.00000000 0.00000000
vn 0.00000000 0.00000000 0.00000000
vn 0.00000000 -0.00000000 0.00000000
vn 0.00000000 0.00000000 0.00000000
vn 0.00000000 0.00000000 0.00000000
vn 0.00000000 -0.00000000 0.00000000
vn 0.00000000 0.00000000 0.00000000
vn -0.00000000 0.00000000 -0.00000000
vn -0.00000000 0.00000000 0.00000000
vn 0.00000000 -0.00000000 -0.00000000
vn 0.00000000 -0.00000000 -0.00000000
vn -0.00000000 0.00000000 -0.00000000
vn 0.00000000 -0.00000000 0.00000000
vn -0.00000000 0.00000000 0.00000000
vn 0.00000000 -0.00000000 -0.00000000
vn -0.00000000 0.00000000 -0.00000000
vn 0.00000000 -0.00000000 0.00000000
vn -0.00000000 -0.00000000 0.00000000
vn 0.00000000 0.00000000 -0.00000000
vn 0.00000000 -0.00000000 -0.00000000
vn -0.00000000 0.00000000 0.00000000
vn 0.00000000 0.00000000 -0.00000000
vn -0.00000000 0.00000000 0.00000000
vn 0.00000000 -0.00000000 0.00000000
vn -0.00000000 0.00000000 -0.00000000
vn -0.00000000 0.00000000 0.00000000
vn -0.00000000 -0.00000000 0.00000000
vn 0.00000000 -0.00000000 0.00000000
vn -0.00000000 0.00000000 -0.00000000
vn 0.00000000 0.00000000 -0.00000000
vn -0.00000000 -0.00000000 -0.00000000
vn 0.00000000 0.00000000 0.00000000
vn 0.00000000 0.00000000 0.00000000
vn 0.00000000 0.00000000 0.00000000
vn -0.00000000 -0.00000000 -0.00000000
vn -0.00000000 -0.00000000 0.00000000
vn 0.00000000 0.00000000 0.00000000
vn -0.00000000 0.00000000 0.00000000
vn -0.00000000 0.00000000 0.00000000
vn 0.00000000 0.00000000 0.00000000
vn 0.00000000 0.00000000 -0.00000000
vn 0.00000000 -0.00000000 0.00000000
vn -0.00000000 -0.00000000 -0.00000000
vn -0.00000000 -0.00000000 0.00000000
vn 0.00000000 -0.00000000 0.00000000
vn -0.00000000 -0.00000000 0.00000000
vn -0.00000000 0.00000000 -0.00000000
vn -0.00000000 0.00000000 0.00000000
vn 0.00000000 0.00000000 0.00000000
vn 0.00000000 0.00000000 -0.00000000
vn 0.00000000 -0.00000000 -0.00000000
vn -0.00000000 -0.00000000 0.00000000
vn 0.00000000 0.00000000 -0.00000000
vn 0.00000000 -0.00000000 0.00000000
vn -0.00000000 -0.00000000 0.00000000
vn 0.00000000 0.00000000 0.00000000
vn -0.00000000 -0.00000000 0.00000000
vn -0.00000000 -0.00000000 0.00000000
vn -0.00000000 0.00000000 0.00000000
vn 0.00000000 0.00000000 0.00000000
vn -0.00000000 0.00000000 0.00000000
vn 0.00000000 0.00000000 -0.00000000
vn -0.00000000 0.00000000 -0.00000000
vn 0.00000000 0.00000000 0.00000000
vn 0.00000000 0.00000000 0.00000000
vn 0.00000000 -0.00000000 0.00000000
vn 0.00000000 0.00000000 0.00000000
vn 0.00000000 -0.00000000 -0.00000000
vn -0.00000000 -0.00000000 0.00000000
vn 0.00000000 -0.00000000 0.00000000
vn 0.00000000 0.00000000 0.00000000
vn 0.00000000 -0.00000000 -0.00000000
vn -0.00000000 0.00000000 0.00000000
vn -0.00000000 0.00000000 0.00000000
vn 0.00000000 0.00000000 0.00000000
vn 0.00000000 -0.00000000 -0.00000000
vn -0.00000000 0.00000000 -0.00000000
vn 0.00000000 0.00000000 0.00000000
vn -0.00000000 -0.00000000 0.00000000
vn 0.00000000 0.00000000 0.00000000
vn 0.00000000 0.00000000 -0.00000000
vn -0.00000000 -0.00000000 0.00000000
vn -0.00000000 -0.00000000 -0.00000000
vn 0.00000000 0.00000000 0.00000000
vn -0.00000000 0.00000000 -0.00000000
vn 0.00000000 0.00000000 0.00000000
vn -0.00000000 0.00000000 0.00000000
vn -0.00000000 0.00000000 0.00000000
vn 0.00000000 -0.00000000 -0.00000000
vn -0.00000000 0.00000000 0.00000000
vn 0.00000000 0.00000000 0.00000000
vn 0.00000000 0.00000000 0.00000000
vn -0.00000000 0.00000000 0.00000000
vn 0.00000000 -0.00000000 -0.00000000
f 1//1 2//2 3//3
f 3//3 2//2 1//1
f 4//4 1//1 3//3
f 3//3 1//1 4//4
f 5//5 4//4 3//3
f 3//3 4//4 5//5
f 5//5 3//3 6//6
f 6//6 3//3 5//5
f 6//6 7//7 3//3
f 3//3 7//7 6//6
f 2//2 6//6 3//3
f 3//3 6//6 2//2
f 2//2 1//1 8//8
f 8//8 1//1 2//2
f 1//1 4//4 8//8
f 8//8 4//4 1//1
f 9//9 4//4 5//5
f 5//5 4//4 9//9
f 9//9 5//5 6//6
f 6//6 5//5 9//9
f 6//6 10//10 7//7
f 7//7 10//10 6//6
f 2//2 11//11 6//6
f 6//6 11//11 2//2
f 2//2 8//8 12//12
f 12//12 8//8 2//2
f 8//8 4//4 9//9
f 9//9 4//4 8//8
f 9//9 6//6 11//11
f 11//11 6//6 9//9
f 6//6 11//11 10//10
f 10//10 11//11 6//6
f 11//11 2//2 13//13
f 13//13 2//2 11//11
f 2//2 12//12 13//13
f 13//13 12//12 2//2
f 8//8 9//9 12//12
f 12//12 9//9 8//8
f 14//14 9//9 11//11
f 11//11 9//9 14//14
f 15//15 8//8 5//5
f 5//5 8//8 15//15
f 10//10 11//11 16//16
f 16//16 11//11 10//10
f 11//11 13//13 17//17
f 17//17 13//13 11//11
f 13//13 12//12 18//18
f 18//18 12//12 13//13
f 14//14 12//12 9//9
f 9//9 12//12 14//14
f 14//14 11//11 17//17
f 17//17 11//11 14//14
f 14//14 8//8 15//15
f 15//15 8//8 14//14
f 11//11 17//17 16//16
f 16//16 17//17 11//11
f 17//17 13//13 19//19
f 19//19 13//13 17//17
f 19//19 13//13 18//18
f 18//18 13//13 19//19
f 12//12 14//14 18//18
f 18//18 14//14 12//12
f 20//20 14//14 17//17
f 17//17 14//14 20//20
f 21//21 14//14 15//15
f 15//15 14//14 21//21
f 16//16 17//17 22//22
f 22//22 17//17 16//16
f 19//19 23//23 17//17
f 17//17 23//23 19//19
f 18//18 24//24 19//19
f 19//19 24//24 18//18
f 18//18 14//14 20//20
f 20//20 14//14 18//18
f 23//23 20//20 17//17
f 17//17 20//20 23//23
f 20//20 14//14 21//21
f 21//21 14//14 20//20
f 17//17 23//23 22//22
f 22//22 23//23 17//17
f 23//23 19//19 25//25
f 25//25 19//19 23//23
f 19//19 24//24 25//25
f 25//25 24//24 19//19
f 18//18 20//20 24//24
f 24//24 20//20 18//18
f 26//26 20//20 23//23
f 23//23 20//20 26//26
f 20//20 21//21 27//27
f 27//27 21//21 20//20
f 22//22 23//23 28//28
f 28//28 23//23 22//22
f 23//23 25//25 29//29
f 29//29 25//25 23//23
f 25//25 30//30 29//29
f 29//29 30//30 25//25
f 31//31 30//30 25//25
f 25//25 30//30 31//31
f 24//24 31//31 25//25
f 25//25 31//31 24//24
f 24//24 20//20 26//26
f 26//26 20//20 24//24
f 29//29 26//26 23//23
f 23//23 26//26 29//29
f 20//20 27//27 26//26
f 26//26 27//27 20//20
f 28//28 23//23 29//29
f 29//29 23//23 28//28
f 32//32 33//33 30//30
f 30//30 33//33 32//32
f 29//29 30//30 33//33
f 33//33 30//30 29//29
f 31//31 32//32 30//30
f 30//30 32//32 31//31
f 24//24 26//26 31//31
f 31//31 26//26 24//24
f 34//34 26//26 29//29
f 29//29 26//26 34//34
f 26//26 27//27 35//35
f 35//35 27//27 26//26
f 28//28 29//29 36//36
f 36//36 29//29 28//28
f 32//32 37//37 33//33
f 33//33 37//37 32//32
f 38//38 29//29 33//33
f 33//33 29//29 38//38
f 32//32 31//31 37//37
f 37//37 31//31 32//32
f 26//26 34//34 31//31
f 31//31 34//34 26//26
f 34//34 38//38 29//29
f 29//29 38//38 34//34
f 26//26 35//35 34//34
f 34//34 35//35 26//26
f 36//36 29//29 38//38
f 38//38 29//29 36//36
f 38//38 39//39 40//40
f 40//40 39//39 38//38
f 41//41 39//39 38//38
f 38//38 39//39 41//41
f 37//37 38//38 33//33
f 33//33 38//38 37//37
f 31//31 34//34 37//37
f 37//37 34//34 31//31
f 34//34 37//37 38//38
f 38//38 37//37 34//34
f 35//35 42//42 34//34
f 34//34 42//42 35//35
f 43//43 36//36 38//38
f 38//38 36//36 43//43
f 44//44 38//38 40//40
f 40//40 38//38 44//44
f 45//45 40//40 39//39
f 39//39 40//40 45//45
f 41//41 45//45 39//39
f 39//39 45//45 41//41
f 37//37 44//44 38//38
f 38//38 44//44 37//37
f 37//37 41//41 38//38
f 38//38 41//41 37//37
f 34//34 42//42 37//37
f 37//37 42//42 34//34
f 43//43 38//38 44//44
f 44//44 38//38 43//43
f 46//46 47//47 40//40
f 40//40 47//47 46//46
f 48//48 44//44 40//40
f 40//40 44//44 48//48
f 45//45 46//46 40//40
f 40//40 46//46 45//45
f 49//49 45//45 41//41
f 41//41 45//45 49//49
f 49//49 44//44 37//37
f 37//37 44//44 49//49
f 37//37 49//49 41//41
f 41//41 49//49 37//37
f 42//42 50//50 37//37
f 37//37 50//50 42//42
f 43//43 44//44 48//48
f 48//48 44//44 43//43
f 48//48 40//40 47//47
f 47//47 40//40 48//48
f 46//46 51//51 47//47
f 47//47 51//51 46//46
f 52//52 53//53 54//54
f 54//54 53//53 52//52
f 49//49 48//48 44//44
f 44//44 48//48 49//49
f 49//49 46//46 45//45
f 45//45 46//46 49//49
f 37//37 50//50 49//49
f 49//49 50//50 37//37
f 55//55 43//43 48//48
f 48//48 43//43 55//55
f 51//51 48//48 47//47
f 47//47 48//48 51//51
f 56//56 57//57 46//46
f 46//46 57//57 56//56
f 57//57 51//51 46//46
f 46//46 51//51 57//57
f 52//52 54//54 58//58
f 58//58 54//54 52//52
f 53//53 59//59 54//54
f 54//54 59//59 53//53
f 52//52 60//60 53//53
f 53//53 60//60 52//52
f 56//56 48//48 49//49
f 49//49 48//48 56//56
f 56//56 46//46 49//49
f 49//49 46//46 56//56
f 50//50 61//61 49//49
f 49//49 61//61 50//50
f 62//62 55//55 48//48
f 48//48 55//55 62//62
f 58//58 48//48 51//51
f 51//51 48//48 58//58
f 56//56 58//58 48//48
f 48//48 58//58 56//56
f 59//59 58//58 54//54
f 54//54 58//58 59//59
f 58//58 57//57 56//56
f 56//56 57//57 58//58
f 57//57 58//58 51//51
f 51//51 58//58 57//57
f 57//57 52//52 58//58
f 58//58 52//52 57//57
f 53//53 60//60 59//59
f 59//59 60//60 53//53
f 60//60 52//52 57//57
f 57//57 52//52 60//60
f 63//63 64//64 65//65
f 65//65 64//64 63//63
f 63//63 65//65 66//66
f 66//66 65//65 63//63
f 49//49 61//61 56//56
f 56//56 61//61 49//49
f 58//58 62//62 48//48
f 48//48 62//62 58//58
f 59//59 66//66 58//58
f 58//58 66//66 59//59
f 57//57 66//66 58//58
f 58//58 66//66 57//57
f 67//67 64//64 63//63
f 63//63 64//64 67//67
f 66//66 67//67 63//63
f 63//63 67//67 66//66
f 60//60 66//66 59//59
f 59//59 66//66 60//60
f 66//66 60//60 57//57
f 57//57 60//60 66//66
f 64//64 68//68 65//65
f 65//65 68//68 64//64
f 66//66 65//65 60//60
f 60//60 65//65 66//66
f 69//69 70//70 71//71
f 71//71 70//70 69//69
f 61//61 72//72 56//56
f 56//56 72//72 61//61
f 66//66 62//62 58//58
f 58//58 62//62 66//66
f 68//68 64//64 67//67
f 67//67 64//64 68//68
f 73//73 67//67 66//66
f 66//66 67//67 73//73
f 60//60 73//73 66//66
f 66//66 73//73 60//60
f 68//68 60//60 65//65
f 65//65 60//60 68//68
f 74//74 70//70 69//69
f 69//69 70//70 74//74
f 75//75 76//76 77//77
f 77//77 76//76 75//75
f 75//75 77//77 78//78
f 78//78 77//77 75//75
f 79//79 80//80 73//73
f 73//73 80//80 79//79
f 81//81 82//82 79//79
f 79//79 82//82 81//81
f 71//71 70//70 83//83
f 83//83 70//70 71//71
f 70//70 74//74 83//83
f 83//83 74//74 70//70
f 69//69 71//71 84//84
f 84//84 71//71 69//69
f 72//72 85//85 56//56
f 56//56 85//85 72//72
f 86//86 62//62 66//66
f 66//66 62//62 86//86
f 81//81 79//79 73//73
f 73//73 79//79 81//81
f 68//68 67//67 73//73
f 73//73 67//67 68//68
f 68//68 73//73 60//60
f 60//60 73//73 68//68
f 73//73 80//80 68//68
f 68//68 80//80 73//73
f 76//76 87//87 77//77
f 77//77 87//87 76//76
f 87//87 78//78 77//77
f 77//77 78//78 87//87
f 74//74 69//69 78//78
f 78//78 69//69 74//74
f 88//88 76//76 75//75
f 75//75 76//76 88//88
f 74//74 75//75 78//78
f 78//78 75//75 74//74
f 81//81 89//89 82//82
f 82//82 89//89 81//81
f 79//79 82//82 80//80
f 80//80 82//82 79//79
f 71//71 83//83 84//84
f 84//84 83//83 71//71
f 83//83 74//74 90//90
f 90//90 74//74 83//83
f 74//74 78//78 90//90
f 90//90 78//78 74//74
f 78//78 69//69 84//84
f 84//84 69//69 78//78
f 56//56 85//85 60//60
f 60//60 85//85 56//56
f 91//91 86//86 66//66
f 66//66 86//86 91//91
f 92//92 89//89 81//81
f 81//81 89//89 92//92
f 93//93 81//81 73//73
f 73//73 81//81 93//93
f 90//90 89//89 92//92
f 92//92 89//89 90//90
f 68//68 93//93 73//73
f 73//73 93//93 68//68
f 94//94 68//68 80//80
f 80//80 68//68 94//94
f 76//76 88//88 87//87
f 87//87 88//88 76//76
f 87//87 95//95 78//78
f 78//78 95//95 87//87
f 78//78 95//95 74//74
f 74//74 95//95 78//78
f 88//88 75//75 74//74
f 74//74 75//75 88//88
f 96//96 97//97 98//98
f 98//98 97//97 96//96
f 96//96 98//98 95//95
f 95//95 98//98 96//96
f 89//89 90//90 82//82
f 82//82 90//90 89//89
f 82//82 94//94 80//80
f 80//80 94//94 82//82
f 84//84 83//83 90//90
f 90//90 83//83 84//84
f 90//90 78//78 84//84
f 84//84 78//78 90//90
f 85//85 94//94 60//60
f 60//60 94//94 85//85
f 93//93 91//91 66//66
f 66//66 91//91 93//93
f 93//93 92//92 81//81
f 81//81 92//92 93//93
f 84//84 90//90 92//92
f 92//92 90//90 84//84
f 94//94 93//93 68//68
f 68//68 93//93 94//94
f 99//99 97//97 96//96
f 96//96 97//97 99//99
f 95//95 99//99 96//96
f 96//96 99//99 95//95
f 87//87 88//88 95//95
f 95//95 88//88 87//87
f 95//95 88//88 74//74
f 74//74 88//88 95//95
f 97//97 100//100 98//98
f 98//98 100//100 97//97
f 95//95 98//98 88//88
f 88//88 98//98 95//95
f 82//82 90//90 94//94
f 94//94 90//90 82//82
f 90//90 84//84 94//94
f 94//94 84//84 90//90
f 101//101 94//94 85//85
f 85//85 94//94 101//101
f 102//102 91//91 93//93
f 93//93 91//91 102//102
f 84//84 92//92 93//93
f 93//93 92//92 84//84
f 94//94 84//84 93//93
f 93//93 84//84 94//94
f 99//99 100//100 97//97
f 97//97 100//100 99//99
f 103//103 99//99 95//95
f 95//95 99//99 103//103
f 88//88 103//103 95//95
f 95//95 103//103 88//88
f 98//98 100//100 88//88
f 88//88 100//100 98//98
f 101//101 90//90 94//94
f 94//94 90//90 101//101
f 84//84 102//102 93//93
f 93//93 102//102 84//84
f 100//100 99//99 103//103
f 103//103 99//99 100//100
f 100//100 103//103 88//88
f 88//88 103//103 100//100
f 104//104 105//105 103//103
f 103//103 105//105 104//104
f 104//104 103//103 100//100
f 100//100 103//103 104//104
f 101//101 106//106 90//90
f 90//90 106//106 101//101
f 107//107 102//102 84//84
f 84//84 102//102 107//107
f 105//105 108//108 103//103
f 103//103 108//108 105//105
f 103//103 109//109 100//100
f 100//100 109//109 103//103
f 110//110 108//108 105//105
f 105//105 108//108 110//110
f 110//110 105//105 104//104
f 104//104 105//105 110//110
f 111//111 104//104 100//100
f 100//100 104//104 111//111
f 106//106 111//111 90//90
f 90//90 111//111 106//106
f 109//109 107//107 84//84
f 84//84 107//107 109//109
f 108//108 109//109 103//103
f 103//103 109//109 108//108
f 109//109 111//111 100//100
f 100//100 111//111 109//109
f 112//112 113//113 108//108
f 108//108 113//113 112//112
f 110//110 112//112 108//108
f 108//108 112//112 110//110
f 111//111 110//110 104//104
f 104//104 110//110 111//111
f 114//114 111//111 106//106
f 106//106 111//111 114//114
f 115//115 107//107 109//109
f 109//109 107//107 115//115
f 116//116 109//109 108//108
f 108//108 109//109 116//116
f 116//116 108//108 113//113
f 113//113 108//108 116//116
f 111//111 116//116 109//109
f 109//109 116//116 111//111
f 112//112 117//117 113//113
f 113//113 117//117 112//112
f 110//110 111//111 112//112
f 112//112 111//111 110//110
f 111//111 114//114 118//118
f 118//118 114//114 111//111
f 116//116 115//115 109//109
f 109//109 115//115 116//116
f 117//117 119//119 113//113
f 113//113 119//119 117//117
f 116//116 113//113 119//119
f 119//119 113//113 116//116
f 118//118 116//116 111//111
f 111//111 116//116 118//118
f 120//120 117//117 112//112
f 112//112 117//117 120//120
f 111//111 118//118 112//112
f 112//112 118//118 111//111
f 114//114 121//121 118//118
f 118//118 121//121 114//114
f 122//122 115//115 116//116
f 116//116 115//115 122//122
f 117//117 120//120 119//119
f 119//119 120//120 117//117
f 123//123 116//116 119//119
f 119//119 116//116 123//123
f 118//118 123//123 116//116
f 116//116 123//123 118//118
f 112//112 118//118 120//120
f 120//120 118//118 112//112
f 118//118 121//121 120//120
f 120//120 121//121 118//118
f 122//122 116//116 123//123
f 123//123 116//116 122//122
f 120//120 123//123 119//119
f 119//119 123//123 120//120
f 120//120 123//123 118//118
f 118//118 123//123 120//120
f 124//124 125//125 123//123
f 123//123 125//125 124//124
f 120//120 124//124 123//123
f 123//123 124//124 120//120
f 121//121 126//126 120//120
f 120//120 126//126 121//121
f 122//122 123//123 127//127
f 127//127 123//123 122//122
f 123//123 125//125 128//128
f 128//128 125//125 123//123
f 120//120 129//129 123//123
f 123//123 129//129 120//120
f 130//130 128//128 125//125
f 125//125 128//128 130//130
f 124//124 130//130 125//125
f 125//125 130//130 124//124
f 131//131 124//124 120//120
f 120//120 124//124 131//131
f 120//120 126//126 131//131
f 131//131 126//126 120//120
f 127//127 123//123 129//129
f 129//129 123//123 127//127
f 129//129 123//123 128//128
f 128//128 123//123 129//129
f 131//131 129//129 120//120
f 120//120 129//129 131//131
f 132//132 128//128 130//130
f 130//130 128//128 132//132
f 124//124 131//131 130//130
f 130//130 131//131 124//124
f 126//126 133//133 131//131
f 131//131 133//133 126//126
f 134//134 127//127 129//129
f 129//129 127//127 134//134
f 129//129 128//128 135//135
f 135//135 128//128 129//129
f 131//131 135//135 129//129
f 129//129 135//135 131//131
f 132//132 136//136 128//128
f 128//128 136//136 132//132
f 130//130 131//131 132//132
f 132//132 131//131 130//130
f 131//131 133//133 137//137
f 137//137 133//133 131//131
f 134//134 129//129 135//135
f 135//135 129//129 134//134
f 135//135 128//128 136//136
f 136//136 128//128 135//135
f 137//137 135//135 131//131
f 131//131 135//135 137//137
f 138//138 139//139 136//136
f 136//136 139//139 138//138
f 132//132 138//138 136//136
f 136//136 138//138 132//132
f 137//137 132//132 131//131
f 131//131 132//132 137//137
f 133//133 140//140 137//137
f 137//137 140//140 133//133
f 134//134 135//135 141//141
f 141//141 135//135 134//134
f 135//135 136//136 142//142
f 142//142 136//136 135//135
f 142//142 136//136 139//139
f 139//139 136//136 142//142
f 137//137 142//142 135//135
f 135//135 142//142 137//137
f 138//138 143//143 139//139
f 139//139 143//143 138//138
f 132//132 137//137 138//138
f 138//138 137//137 132//132
f 137//137 140//140 144//144
f 144//144 140//140 137//137
f 141//141 135//135 142//142
f 142//142 135//135 141//141
f 143//143 145//145 139//139
f 139//139 145//145 143//143
f 142//142 139//139 145//145
f 145//145 139//139 142//142
f 137//137 144//144 142//142
f 142//142 144//144 137//137
f 143//143 138//138 146//146
f 146//146 138//138 143//143
f 144//144 138//138 137//137
f 137//137 138//138 144//144
f 140//140 147//147 144//144
f 144//144 147//147 140//140
f 141//141 142//142 148//148
f 148//148 142//142 141//141
f 143//143 146//146 145//145
f 145//145 146//146 143//143
f 149//149 142//142 145//145
f 145//145 142//142 149//149
f 144//144 149//149 142//142
f 142//142 149//149 144//144
f 144//144 146//146 138//138
f 138//138 146//146 144//144
f 144//144 147//147 146//146
f 146//146 147//147 144//144
f 148//148 142//142 149//149
f 149//149 142//142 148//148
f 146//146 150//150 149//149
f 149//149 150//150 146//146
f 146//146 149//149 145//145
f 145//145 149//149 146//146
f 144//144 146//146 149//149
f 149//149 146//146 144//144
f 150//150 151//151 149//149
f 149//149 151//151 150//150
f 150//150 152//152 151//151
f 151//151 152//152 150//150
f 147//147 153//153 146//146
f 146//146 153//153 147//147
f 148//148 149//149 154//154
f 154//154 149//149 148//148
f 150//150 146//146 155//155
f 155//155 146//146 150//150
f 150//150 155//155 152//152
f 152//152 155//155 150//150
f 146//146 156//156 149//149
f 149//149 156//156 146//146
f 149//149 151//151 157//157
f 157//157 151//151 149//149
f 152//152 157//157 151//151
f 151//151 157//157 152//152
f 146//146 153//153 155//155
f 155//155 153//153 146//146
f 154//154 149//149 156//156
f 156//156 149//149 154//154
f 146//146 155//155 156//156
f 156//156 155//155 146//146
f 152//152 155//155 158//158
f 158//158 155//155 152//152
f 159//159 160//160 161//161
f 161//161 160//160 159//159
f 156//156 149//149 157//157
f 157//157 149//149 156//156
f 152//152 158//158 157//157
f 157//157 158//158 152//152
f 161//161 160//160 162//162
f 162//162 160//160 161//161
f 158//158 159//159 163//163
f 163//163 159//159 158//158
f 160//160 159//159 164//164
f 164//164 159//159 160//160
f 153//153 165//165 155//155
f 155//155 165//165 153//153
f 154//154 156//156 166//166
f 166//166 156//156 154//154
f 155//155 167//167 156//156
f 156//156 167//167 155//155
f 155//155 168//168 158//158
f 158//158 168//168 155//155
f 159//159 161//161 163//163
f 163//163 161//161 159//159
f 161//161 162//162 169//169
f 169//169 162//162 161//161
f 156//156 157//157 167//167
f 167//167 157//157 156//156
f 158//158 163//163 157//157
f 157//157 163//163 158//158
f 160//160 164//164 162//162
f 162//162 164//164 160//160
f 169//169 162//162 170//170
f 170//170 162//162 169//169
f 171//171 172//172 173//173
f 173//173 172//172 171//171
f 173//173 172//172 170//170
f 170//170 172//172 173//173
f 170//170 174//174 169//169
f 169//169 174//174 170//170
f 158//158 168//168 159//159
f 159//159 168//168 158//158
f 159//159 174//174 164//164
f 164//164 174//174 159//159
f 155//155 165//165 168//168
f 168//168 165//165 155//155
f 166//166 156//156 167//167
f 167//167 156//156 166//166
f 155//155 168//168 167//167
f 167//167 168//168 155//155
f 163//163 161//161 169//169
f 169//169 161//161 163//163
f 157//157 163//163 167//167
f 167//167 163//163 157//157
f 175//175 171//171 173//173
f 173//173 171//171 175//175
f 175//175 173//173 170//170
f 170//170 173//173 175//175
f 162//162 164//164 170//170
f 170//170 164//164 162//162
f 164//164 174//174 170//170
f 170//170 174//174 164//164
f 172//172 171//171 176//176
f 176//176 171//171 172//172
f 172//172 164//164 170//170
f 170//170 164//164 172//172
f 168//168 174//174 169//169
f 169//169 174//174 168//168
f 168//168 174//174 159//159
f 159//159 174//174 168//168
f 165//165 177//177 168//168
f 168//168 177//177 165//165
f 166//166 167//167 178//178
f 178//178 167//167 166//166
f 168//168 169//169 167//167
f 167//167 169//169 168//168
f 163//163 169//169 167//167
f 167//167 169//169 163//163
f 176//176 171//171 175//175
f 175//175 171//171 176//176
f 170//170 175//175 179//179
f 179//179 175//175 170//170
f 179//179 164//164 170//170
f 170//170 164//164 179//179
f 172//172 164//164 176//176
f 176//176 164//164 172//172
f 180//180 181//181 182//182
f 182//182 181//181 180//180
f 168//168 177//177 174//174
f 174//174 177//177 168//168
f 178//178 167//167 169//169
f 169//169 167//167 178//178
f 176//176 180//180 179//179
f 179//179 180//180 176//176
f 176//176 175//175 179//179
f 179//179 175//175 176//176
f 176//176 164//164 179//179
f 179//179 164//164 176//176
f 181//181 183//183 182//182
f 182//182 183//183 181//181
f 180//180 182//182 179//179
f 179//179 182//182 180//180
f 181//181 184//184 183//183
f 183//183 184//184 181//181
f 180//180 185//185 181//181
f 181//181 185//185 180//180
f 174//174 177//177 186//186
f 186//186 177//177 174//174
f 178//178 169//169 187//187
f 187//187 169//169 178//178
f 176//176 185//185 180//180
f 180//180 185//185 176//176
f 184//184 188//188 183//183
f 183//183 188//188 184//184
f 189//189 176//176 179//179
f 179//179 176//176 189//189
f 182//182 183//183 179//179
f 179//179 183//183 182//182
f 184//184 190//190 188//188
f 188//188 190//190 184//184
f 181//181 185//185 184//184
f 184//184 185//185 181//181
f 174//174 186//186 185//185
f 185//185 186//186 174//174
f 187//187 169//169 189//189
f 189//189 169//169 187//187
f 185//185 176//176 189//189
f 189//189 176//176 185//185
f 191//191 183//183 188//188
f 188//188 183//183 191//191
f 189//189 179//179 183//183
f 183//183 179//179 189//189
f 190//190 192//192 188//188
f 188//188 192//192 190//190
f 191//191 188//188 192//192
f 192//192 188//188 191//191
f 190//190 184//184 193//193
f 193//193 184//184 190//190
f 194//194 185//185 191//191
f 191//191 185//185 194//194
f 185//185 194//194 184//184
f 184//184 194//194 185//185
f 185//185 186//186 195//195
f 195//195 186//186 185//185
f 187//187 189//189 196//196
f 196//196 189//189 187//187
f 191//191 185//185 189//189
f 189//189 185//185 191//191
f 189//189 183//183 191//191
f 191//191 183//183 189//189
f 190//190 193//193 192//192
f 192//192 193//193 190//190
f 191//191 192//192 197//197
f 197//197 192//192 191//191
f 197//197 194//194 191//191
f 191//191 194//194 197//197
f 184//184 194//194 193//193
f 193//193 194//194 184//184
f 198//198 199//199 200//200
f 200//200 199//199 198//198
f 201//201 198//198 200//200
f 200//200 198//198 201//201
f 202//202 200//200 199//199
f 199//199 200//200 202//202
f 185//185 195//195 194//194
f 194//194 195//195 185//185
f 196//196 189//189 191//191
f 191//191 189//189 196//196
f 203//203 197//197 204//204
f 204//204 197//197 203//203
f 193//193 197//197 192//192
f 192//192 197//197 193//193
f 193//193 194//194 197//197
f 197//197 194//194 193//193
f 193//193 197//197 203//203
f 203//203 197//197 193//193
f 205//205 203//203 204//204
f 204//204 203//203 205//205
f 198//198 206//206 199//199
f 199//199 206//206 198//198
f 201//201 207//207 198//198
f 198//198 207//207 201//201
f 199//199 208//208 209//209
f 209//209 208//208 199//199
f 206//206 210//210 199//199
f 199//199 210//210 206//206
f 201//201 200//200 202//202
f 202//202 200//200 201//201
f 211//211 207//207 201//201
f 201//201 207//207 211//211
f 207//207 211//211 209//209
f 209//209 211//211 207//207
f 199//199 209//209 202//202
f 202//202 209//209 199//199
f 194//194 195//195 212//212
f 212//212 195//195 194//194
f 196//196 191//191 213//213
f 213//213 191//191 196//196
f 214//214 205//205 204//204
f 204//204 205//205 214//214
f 204//204 197//197 214//214
f 214//214 197//197 204//204
f 193//193 215//215 197//197
f 197//197 215//215 193//193
f 193//193 203//203 216//216
f 216//216 203//203 193//193
f 216//216 203//203 205//205
f 205//205 203//203 216//216
f 208//208 207//207 209//209
f 209//209 207//207 208//208
f 198//198 207//207 206//206
f 206//206 207//207 198//198
f 206//206 217//217 210//210
f 210//210 217//217 206//206
f 208//208 199//199 210//210
f 210//210 199//199 208//208
f 218//218 211//211 219//219
f 219//219 211//211 218//218
f 211//211 201//201 202//202
f 202//202 201//201 211//211
f 209//209 211//211 202//202
f 202//202 211//211 209//209
f 202//202 211//211 218//218
f 218//218 211//211 202//202
f 194//194 212//212 216//216
f 216//216 212//212 194//194
f 213//213 191//191 215//215
f 215//215 191//191 213//213
f 219//219 220//220 221//221
f 221//221 220//220 219//219
f 218//218 219//219 221//221
f 221//221 219//219 218//218
f 222//222 205//205 214//214
f 214//214 205//205 222//222
f 214//214 197//197 215//215
f 215//215 197//197 214//214
f 193//193 216//216 215//215
f 215//215 216//216 193//193
f 216//216 205//205 222//222
f 222//222 205//205 216//216
f 223//223 207//207 208//208
f 208//208 207//207 223//223
f 207//207 223//223 206//206
f 206//206 223//223 207//207
f 217//217 224//224 210//210
f 210//210 224//224 217//217
f 206//206 225//225 217//217
f 217//217 225//225 206//206
f 208//208 210//210 224//224
f 224//224 210//210 208//208
f 220//220 222//222 226//226
f 226//226 222//222 220//220
f 211//211 220//220 219//219
f 219//219 220//220 211//211
f 227//227 211//211 202//202
f 202//202 211//211 227//227
f 218//218 228//228 202//202
f 202//202 228//228 218//218
f 216//216 212//212 229//229
f 229//229 212//212 216//216
f 213//213 215//215 230//230
f 230//230 215//215 213//213
f 221//221 220//220 226//226
f 226//226 220//220 221//221
f 221//221 228//228 218//218
f 218//218 228//228 221//221
f 226//226 222//222 214//214
f 214//214 222//222 226//226
f 215//215 214//214 231//231
f 231//231 214//214 215//215
f 216//216 231//231 215//215
f 215//215 231//231 216//216
f 232//232 216//216 222//222
f 222//222 216//216 232//232
f 233//233 223//223 208//208
f 208//208 223//223 233//233
f 206//206 223//223 225//225
f 225//225 223//223 206//206
f 217//217 225//225 224//224
f 224//224 225//225 217//217
f 208//208 224//224 233//233
f 233//233 224//224 208//208
f 234//234 235//235 236//236
f 236//236 235//235 234//234
f 236//236 235//235 233//233
f 233//233 235//235 236//236
f 232//232 222//222 220//220
f 220//220 222//222 232//232
f 227//227 220//220 211//211
f 211//211 220//220 227//227
f 228//228 227//227 202//202
f 202//202 227//227 228//228
f 216//216 229//229 232//232
f 232//232 229//229 216//216
f 230//230 215//215 231//231
f 231//231 215//215 230//230
f 226//226 228//228 221//221
f 221//221 228//228 226//226
f 214//214 231//231 226//226
f 226//226 231//231 214//214
f 216//216 232//232 231//231
f 231//231 232//232 216//216
f 237//237 234//234 236//236
f 236//236 234//234 237//237
f 236//236 233//233 237//237
f 237//237 233//233 236//236
f 225//225 223//223 233//233
f 233//233 223//223 225//225
f 225//225 233//233 224//224
f 224//224 233//233 225//225
f 235//235 234//234 238//238
f 238//238 234//234 235//235
f 235//235 225//225 233//233
f 233//233 225//225 235//235
f 227//227 232//232 220//220
f 220//220 232//232 227//227
f 232//232 227//227 228//228
f 228//228 227//227 232//232
f 229//229 239//239 232//232
f 232//232 239//239 229//229
f 230//230 231//231 240//240
f 240//240 231//231 230//230
f 226//226 231//231 228//228
f 228//228 231//231 226//226
f 232//232 228//228 231//231
f 231//231 228//228 232//232
f 237//237 238//238 234//234
f 234//234 238//238 237//237
f 237//237 233//233 241//241
f 241//241 233//233 237//237
f 225//225 241//241 233//233
f 233//233 241//241 225//225
f 225//225 235//235 238//238
f 238//238 235//235 225//225
f 242//242 243//243 244//244
f 244//244 243//243 242//242
f 242//242 244//244 241//241
f 241//241 244//244 242//242
f 232//232 239//239 227//227
f 227//227 239//239 232//232
f 240//240 231//231 228//228
f 228//228 231//231 240//240
f 243//243 245//245 244//244
f 244//244 245//245 243//243
f 241//241 244//244 245//245
f 245//245 244//244 241//241
f 241//241 238//238 237//237
f 237//237 238//238 241//241
f 225//225 238//238 241//241
f 241//241 238//238 225//225
f 243//243 242//242 246//246
f 246//246 242//242 243//243
f 238//238 242//242 241//241
f 241//241 242//242 238//238
f 239//239 247//247 227//227
f 227//227 247//247 239//239
f 240//240 228//228 248//248
f 248//248 228//228 240//240
f 243//243 246//246 245//245
f 245//245 246//246 243//243
f 241//241 245//245 249//249
f 249//249 245//245 241//241
f 249//249 238//238 241//241
f 241//241 238//238 249//249
f 242//242 238//238 246//246
f 246//246 238//238 242//242
f 227//227 247//247 207//207
f 207//207 247//247 227//227
f 248//248 228//228 209//209
f 209//209 228//228 248//248
f 246//246 249//249 245//245
f 245//245 249//249 246//246
f 246//246 238//238 249//249
f 249//249 238//238 246//246
f 250//250 251//251 249//249
f 249//249 251//251 250//250
f 246//246 250//250 249//249
f 249//249 250//250 246//246
f 247//247 252//252 207//207
f 207//207 252//252 247//247
f 248//248 209//209 253//253
f 253//253 209//209 248//248
f 249//249 251//251 254//254
f 254//254 251//251 249//249
f 255//255 246//246 249//249
f 249//249 246//246 255//255
f 256//256 254//254 251//251
f 251//251 254//254 256//256
f 250//250 256//256 251//251
f 251//251 256//256 250//250
f 250//250 246//246 257//257
f 257//257 246//246 250//250
f 207//207 252//252 257//257
f 257//257 252//252 207//207
f 253//253 209//209 255//255
f 255//255 209//209 253//253
f 255//255 249//249 254//254
f 254//254 249//249 255//255
f 257//257 246//246 255//255
f 255//255 246//246 257//257
f 256//256 258//258 254//254
f 254//254 258//258 256//256
f 250//250 257//257 256//256
f 256//256 257//257 250//250
f 258//258 259//259 254//254
f 254//254 259//259 258//258
f 252//252 260//260 257//257
f 257//257 260//260 252//252
f 253//253 255//255 261//261
f 261//261 255//255 253//253
f 255//255 254//254 262//262
f 262//262 254//254 255//255
f 262//262 257//257 255//255
f 255//255 257//257 262//262
f 256//256 257//257 258//258
f 258//258 257//257 256//256
f 258//258 263//263 259//259
f 259//259 263//263 258//258
f 254//254 259//259 262//262
f 262//262 259//259 254//254
f 257//257 260//260 264//264
f 264//264 260//260 257//257
f 261//261 255//255 262//262
f 262//262 255//255 261//261
f 257//257 264//264 262//262
f 262//262 264//264 257//257
f 257//257 264//264 258//258
f 258//258 264//264 257//257
f 263//263 265//265 259//259
f 259//259 265//265 263//263
f 263//263 258//258 266//266
f 266//266 258//258 263//263
f 259//259 265//265 262//262
f 262//262 265//265 259//259
f 260//260 267//267 264//264
f 264//264 267//267 260//260
f 261//261 262//262 268//268
f 268//268 262//262 261//261
f 264//264 269//269 262//262
f 262//262 269//269 264//264
f 264//264 266//266 258//258
f 258//258 266//266 264//264
f 263//263 266//266 265//265
f 265//265 266//266 263//263
f 262//262 265//265 269//269
f 269//269 265//265 262//262
f 264//264 267//267 266//266
f 266//266 267//267 264//264
f 268//268 262//262 269//269
f 269//269 262//262 268//268
f 270//270 271//271 269//269
f 269//269 271//271 270//270
f 264//264 266//266 269//269
f 269//269 266//266 264//264
f 266//266 269//269 265//265
f 265//265 269//269 266//266
f 272//272 266//266 269//269
f 269//269 266//266 272//272
f 271//271 272//272 269//269
f 269//269 272//272 271//271
f 270//270 273//273 271//271
f 271//271 273//273 270//270
f 266//266 267//267 274//274
f 274//274 267//267 266//266
f 268//268 269//269 275//275
f 275//275 269//269 268//268
f 269//269 276//276 270//270
f 270//270 276//276 269//269
f 266//266 276//276 269//269
f 269//269 276//276 266//266
f 277//277 273//273 270//270
f 270//270 273//273 277//277
f 278//278 266//266 272//272
f 272//272 266//266 278//278
f 273//273 272//272 271//271
f 271//271 272//272 273//273
f 266//266 274//274 278//278
f 278//278 274//274 266//266
f 275//275 269//269 276//276
f 276//276 269//269 275//275
f 279//279 277//277 270//270
f 270//270 277//277 279//279
f 270//270 276//276 279//279
f 279//279 276//276 270//270
f 266//266 278//278 276//276
f 276//276 278//278 266//266
f 273//273 277//277 280//280
f 280//280 277//277 273//273
f 278//278 272//272 273//273
f 273//273 272//272 278//278
f 274//274 281//281 278//278
f 278//278 281//281 274//274
f 275//275 276//276 282//282
f 282//282 276//276 275//275
f 279//279 280//280 277//277
f 277//277 280//280 279//279
f 279//279 276//276 283//283
f 283//283 276//276 279//279
f 278//278 283//283 276//276
f 276//276 283//283 278//278
f 280//280 278//278 273//273
f 273//273 278//278 280//280
f 284//284 285//285 286//286
f 286//286 285//285 284//284
f 284//284 286//286 283//283
f 283//283 286//286 284//284
f 278//278 281//281 287//287
f 287//287 281//281 278//278
f 282//282 276//276 288//288
f 288//288 276//276 282//282
f 285//285 289//289 286//286
f 286//286 289//289 285//285
f 283//283 286//286 289//289
f 289//289 286//286 283//283
f 283//283 280//280 279//279
f 279//279 280//280 283//283
f 278//278 280//280 283//283
f 283//283 280//280 278//278
f 285//285 284//284 290//290
f 290//290 284//284 285//285
f 283//283 280//280 284//284
f 284//284 280//280 283//283
f 287//287 281//281 291//291
f 291//291 281//281 287//287
f 282//282 288//288 292//292
f 292//292 288//288 282//282
f 285//285 290//290 289//289
f 289//289 290//290 285//285
f 289//289 293//293 283//283
f 283//283 293//293 289//289
f 293//293 280//280 283//283
f 283//283 280//280 293//293
f 284//284 280//280 290//290
f 290//290 280//280 284//284
f 287//287 291//291 294//294
f 294//294 291//291 287//287
f 292//292 288//288 295//295
f 295//295 288//288 292//292
f 296//296 297//297 293//293
f 293//293 297//297 296//296
f 290//290 293//293 289//289
f 289//289 293//293 290//290
f 290//290 280//280 293//293
f 293//293 280//280 290//290
f 298//298 290//290 293//293
f 293//293 290//290 298//298
f 297//297 298//298 293//293
f 293//293 298//298 297//297
f 296//296 299//299 297//297
f 297//297 299//299 296//296
f 291//291 300//300 294//294
f 294//294 300//300 291//291
f 292//292 295//295 301//301
f 301//301 295//295 292//292
f 302//302 303//303 304//304
f 304//304 303//303 302//302
f 305//305 302//302 304//304
f 304//304 302//302 305//305
f 306//306 296//296 293//293
f 293//293 296//296 306//306
f 290//290 306//306 293//293
f 293//293 306//306 290//290
f 307//307 299//299 296//296
f 296//296 299//299 307//307
f 290//290 298//298 308//308
f 308//308 298//298 290//290
f 299//299 298//298 297//297
f 297//297 298//298 299//299
f 294//294 300//300 308//308
f 308//308 300//300 294//294
f 301//301 295//295 306//306
f 306//306 295//295 301//301
f 304//304 303//303 309//309
f 309//309 303//303 304//304
f 309//309 303//303 310//310
f 310//310 303//303 309//309
f 310//310 303//303 302//302
f 302//302 303//303 310//310
f 311//311 304//304 312//312
f 312//312 304//304 311//311
f 304//304 313//313 305//305
f 305//305 313//313 304//304
f 302//302 305//305 313//313
f 313//313 305//305 302//302
f 314//314 307//307 296//296
f 296//296 307//307 314//314
f 314//314 296//296 306//306
f 306//306 296//296 314//314
f 290//290 308//308 306//306
f 306//306 308//308 290//290
f 299//299 307//307 315//315
f 315//315 307//307 299//299
f 308//308 298//298 299//299
f 299//299 298//298 308//308
f 308//308 300//300 316//316
f 316//316 300//300 308//308
f 301//301 306//306 317//317
f 317//317 306//306 301//301
f 304//304 309//309 311//311
f 311//311 309//309 304//304
f 311//311 312//312 318//318
f 318//318 312//312 311//311
f 319//319 309//309 320//320
f 320//320 309//309 319//319
f 320//320 309//309 310//310
f 310//310 309//309 320//320
f 310//310 302//302 313//313
f 313//313 302//302 310//310
f 304//304 311//311 313//313
f 313//313 311//311 304//304
f 313//313 305//305 321//321
f 321//321 305//305 313//313
f 322//322 316//316 315//315
f 315//315 316//316 322//322
f 314//314 315//315 307//307
f 307//307 315//315 314//314
f 323//323 314//314 306//306
f 306//306 314//314 323//323
f 308//308 323//323 306//306
f 306//306 323//323 308//308
f 308//308 299//299 315//315
f 315//315 299//299 308//308
f 308//308 316//316 315//315
f 315//315 316//316 308//308
f 306//306 323//323 317//317
f 317//317 323//323 306//306
f 324//324 309//309 319//319
f 319//319 309//309 324//324
f 324//324 311//311 309//309
f 309//309 311//311 324//324
f 324//324 311//311 318//318
f 318//318 311//311 324//324
f 324//324 318//318 325//325
f 325//325 318//318 324//324
f 326//326 319//319 320//320
f 320//320 319//319 326//326
f 320//320 310//310 313//313
f 313//313 310//310 320//320
f 311//311 327//327 313//313
f 313//313 327//327 311//311
f 313//313 321//321 327//327
f 327//327 321//321 313//313
f 328//328 315//315 329//329
f 329//329 315//315 328//328
f 322//322 315//315 329//329
f 329//329 315//315 322//322
f 323//323 315//315 328//328
f 328//328 315//315 323//323
f 323//323 315//315 314//314
f 314//314 315//315 323//323
f 308//308 315//315 323//323
f 323//323 315//315 308//308
f 317//317 323//323 330//330
f 330//330 323//323 317//317
f 328//328 331//331 323//323
f 323//323 331//331 328//328
f 328//328 332//332 331//331
f 331//331 332//332 328//328
f 328//328 329//329 332//332
f 332//332 329//329 328//328
f 333//333 319//319 326//326
f 326//326 319//319 333//333
f 324//324 319//319 333//333
f 333//333 319//319 324//324
f 325//325 334//334 335//335
f 335//335 334//334 325//325
f 311//311 324//324 327//327
f 327//327 324//324 311//311
f 324//324 325//325 335//335
f 335//335 325//325 324//324
f 327//327 321//321 336//336
f 336//336 321//321 327//327
f 326//326 320//320 337//337
f 337//337 320//320 326//326
f 327//327 320//320 313//313
f 313//313 320//320 327//327
f 334//334 338//338 339//339
f 339//339 338//338 334//334
f 338//338 340//340 341//341
f 341//341 340//340 338//338
f 340//340 322//322 329//329
f 329//329 322//322 340//340
f 329//329 315//315 342//342
f 342//342 315//315 329//329
f 330//330 342//342 343//343
f 343//343 342//342 330//330
f 315//315 342//342 323//323
f 323//323 342//342 315//315
f 330//330 323//323 342//342
f 342//342 323//323 330//330
f 331//331 344//344 323//323
f 323//323 344//344 331//331
f 331//331 332//332 344//344
f 344//344 332//332 331//331
f 332//332 329//329 345//345
f 345//345 329//329 332//332
f 333//333 326//326 337//337
f 337//337 326//326 333//333
f 324//324 333//333 335//335
f 335//335 333//333 324//324
f 335//335 334//334 339//339
f 339//339 334//334 335//335
f 324//324 335//335 327//327
f 327//327 335//335 324//324
f 327//327 336//336 337//337
f 337//337 336//336 327//327
f 337//337 320//320 327//327
f 327//327 320//320 337//337
f 338//338 341//341 339//339
f 339//339 341//341 338//338
f 340//340 329//329 341//341
f 341//341 329//329 340//340
f 342//342 346//346 329//329
f 329//329 346//346 342//342
f 343//343 342//342 346//346
f 346//346 342//342 343//343
f 344//344 342//342 323//323
f 323//323 342//342 344//344
f 332//332 345//345 344//344
f 344//344 345//345 332//332
f 339//339 347//347 341//341
f 341//341 347//347 339//339
f 329//329 341//341 345//345
f 345//345 341//341 329//329
f 335//335 347//347 339//339
f 339//339 347//347 335//335
f 336//336 348//348 337//337
f 337//337 348//348 336//336
f 335//335 333//333 337//337
f 337//337 333//333 335//335
f 337//337 335//335 339//339
f 339//339 335//335 337//337
f 335//335 337//337 327//327
f 327//327 337//337 335//335
f 349//349 339//339 341//341
f 341//341 339//339 349//349
f 341//341 329//329 346//346
f 346//346 329//329 341//341
f 350//350 343//343 346//346
f 346//346 343//343 350//350
f 348//348 350//350 349//349
f 349//349 350//350 348//348
f 342//342 344//344 346//346
f 346//346 344//344 342//342
f 345//345 351//351 344//344
f 344//344 351//351 345//345
f 345//345 341//341 347//347
f 347//347 341//341 345//345
f 335//335 352//352 347//347
f 347//347 352//352 335//335
f 352//352 335//335 353//353
f 353//353 335//335 352//352
f 349//349 337//337 339//339
f 339//339 337//337 349//349
f 337//337 348//348 349//349
f 349//349 348//348 337//337
f 353//353 335//335 337//337
f 337//337 335//335 353//353
f 346//346 349//349 341//341
f 341//341 349//349 346//346
f 350//350 346//346 349//349
f 349//349 346//346 350//350
f 346//346 344//344 351//351
f 351//351 344//344 346//346
f 345//345 347//347 351//351
f 351//351 347//347 345//345
f 347//347 352//352 354//354
f 354//354 352//352 347//347
f 352//352 353//353 354//354
f 354//354 353//353 352//352
f 353//353 337//337 349//349
f 349//349 337//337 353//353
f 349//349 346//346 351//351
f 351//351 346//346 349//349
f 347//347 354//354 351//351
f 351//351 354//354 347//347
f 354//354 353//353 349//349
f 349//349 353//353 354//354
f 354//354 349//349 351//351
f 351//351 349//349 354//354
f 355//355 356//356 357//357
f 357//357 356//356 355//355
f 358//358 359//359 360//360
f 360//360 359//359 358//358
f 360//360 361//361 362//362
f 362//362 361//361 360//360
f 362//362 363//363 364//364
f 364//364 363//363 362//362
f 357//357 365//365 358//358
f 358//358 365//365 357//357
f 366//366 355//355 357//357
f 357//357 355//355 366//366
f 361//361 363//363 362//362
f 362//362 363//363 361//361
f 359//359 361//361 360//360
f 360//360 361//361 359//359
f 365//365 359//359 358//358
f 358//358 359//359 365//365
f 356//356 365//365 357//357
f 357//357 365//365 356//356
f 366//366 367//367 355//355
f 355//355 367//367 366//366
f 368//368 369//369 370//370
f 370//370 369//369 368//368
f 363//363 370//370 364//364
f 364//364 370//370 363//363
f 370//370 369//369 371//371
f 371//371 369//369 370//370
f 369//369 372//372 373//373
f 373//373 372//372 369//369
f 372//372 374//374 373//373
f 373//373 374//374 372//372
f 374//374 375//375 376//376
f 376//376 375//375 374//374
f 375//375 377//377 378//378
f 378//378 377//377 375//375
f 377//377 379//379 380//380
f 380//380 379//379 377//377
f 379//379 367//367 381//381
f 381//381 367//367 379//379
f 358//358 360//360 382//382
f 382//382 360//360 358//358
f 360//360 362//362 383//383
f 383//383 362//362 360//360
f 362//362 364//364 384//384
f 384//384 364//364 362//362
f 357//357 358//358 382//382
f 382//382 358//358 357//357
f 366//366 357//357 385//385
f 385//385 357//357 366//366
f 367//367 366//366 381//381
f 381//381 366//366 367//367
f 363//363 386//386 370//370
f 370//370 386//386 363//363
f 361//361 387//387 363//363
f 363//363 387//387 361//361
f 359//359 388//388 361//361
f 361//361 388//388 359//359
f 365//365 389//389 359//359
f 359//359 389//389 365//365
f 356//356 390//390 365//365
f 365//365 390//390 356//356
f 355//355 367//367 391//391
f 391//391 367//367 355//355
f 379//379 392//392 367//367
f 367//367 392//392 379//379
f 377//377 393//393 379//379
f 379//379 393//393 377//377
f 375//375 394//394 377//377
f 377//377 394//394 375//375
f 374//374 395//395 375//375
f 375//375 395//395 374//374
f 372//372 396//396 374//374
f 374//374 396//396 372//372
f 397//397 396//396 372//372
f 372//372 396//396 397//397
f 368//368 370//370 386//386
f 386//386 370//370 368//368
f 364//364 370//370 371//371
f 371//371 370//370 364//364
f 384//384 364//364 398//398
f 398//398 364//364 384//384
f 369//369 373//373 371//371
f 371//371 373//373 369//369
f 374//374 376//376 373//373
f 373//373 376//376 374//374
f 376//376 375//375 378//378
f 378//378 375//375 376//376
f 378//378 377//377 380//380
f 380//380 377//377 378//378
f 380//380 379//379 381//381
f 381//381 379//379 380//380
f 360//360 383//383 382//382
f 382//382 383//383 360//360
f 383//383 362//362 384//384
f 384//384 362//362 383//383
f 399//399 357//357 382//382
f 382//382 357//357 399//399
f 400//400 357//357 399//399
f 399//399 357//357 400//400
f 385//385 357//357 400//400
f 400//400 357//357 385//385
f 381//381 366//366 385//385
f 385//385 366//366 381//381
f 387//387 386//386 363//363
f 363//363 386//386 387//387
f 388//388 387//387 361//361
f 361//361 387//387 388//388
f 389//389 388//388 359//359
f 359//359 388//388 389//389
f 390//390 389//389 365//365
f 365//365 389//389 390//390
f 356//356 401//401 390//390
f 390//390 401//401 356//356
f 367//367 392//392 391//391
f 391//391 392//392 367//367
f 393//393 392//392 379//379
f 379//379 392//392 393//393
f 394//394 393//393 377//377
f 377//377 393//393 394//394
f 395//395 394//394 375//375
f 375//375 394//394 395//395
f 396//396 395//395 374//374
f 374//374 395//395 396//396
f 396//396 397//397 402//402
f 402//402 397//397 396//396
f 397//397 368//368 403//403
f 403//403 368//368 397//397
f 368//368 386//386 404//404
f 404//404 386//386 368//368
f 364//364 371//371 398//398
f 398//398 371//371 364//364
f 384//384 398//398 405//405
f 405//405 398//398 384//384
f 371//371 373//373 406//406
f 406//406 373//373 371//371
f 373//373 376//376 407//407
f 407//407 376//376 373//373
f 376//376 378//378 408//408
f 408//408 378//378 376//376
f 378//378 380//380 409//409
f 409//409 380//380 378//378
f 380//380 381//381 410//410
f 410//410 381//381 380//380
f 411//411 384//384 405//405
f 405//405 384//384 411//411
f 382//382 383//383 412//412
f 412//412 383//383 382//382
f 383//383 384//384 411//411
f 411//411 384//384 383//383
f 399//399 382//382 413//413
f 413//413 382//382 399//399
f 414//414 400//400 399//399
f 399//399 400//400 414//414
f 415//415 385//385 400//400
f 400//400 385//385 415//415
f 416//416 381//381 385//385
f 385//385 381//381 416//416
f 404//404 386//386 417//417
f 417//417 386//386 404//404
f 417//417 386//386 387//387
f 387//387 386//386 417//417
f 388//388 418//418 387//387
f 387//387 418//418 388//388
f 389//389 419//419 388//388
f 388//388 419//419 389//389
f 390//390 420//420 389//389
f 389//389 420//420 390//390
f 390//390 401//401 421//421
f 421//421 401//401 390//390
f 401//401 391//391 422//422
f 422//422 391//391 401//401
f 391//391 392//392 423//423
f 423//423 392//392 391//391
f 393//393 424//424 392//392
f 392//392 424//424 393//393
f 394//394 425//425 393//393
f 393//393 425//425 394//394
f 395//395 426//426 394//394
f 394//394 426//426 395//395
f 396//396 427//427 395//395
f 395//395 427//427 396//396
f 402//402 427//427 396//396
f 396//396 427//427 402//402
f 403//403 402//402 397//397
f 397//397 402//402 403//403
f 403//403 368//368 404//404
f 404//404 368//368 403//403
f 398//398 371//371 406//406
f 406//406 371//371 398//398
f 405//405 398//398 428//428
f 428//428 398//398 405//405
f 429//429 405//405 430//430
f 430//430 405//405 429//429
f 373//373 431//431 406//406
f 406//406 431//431 373//373
f 373//373 407//407 431//431
f 431//431 407//407 373//373
f 376//376 408//408 407//407
f 407//407 408//408 376//376
f 408//408 378//378 409//409
f 409//409 378//378 408//408
f 409//409 380//380 410//410
f 410//410 380//380 409//409
f 410//410 381//381 416//416
f 416//416 381//381 410//410
f 411//411 405//405 429//429
f 429//429 405//405 411//411
f 382//382 412//412 413//413
f 413//413 412//412 382//382
f 383//383 411//411 412//412
f 412//412 411//411 383//383
f 414//414 399//399 413//413
f 413//413 399//399 414//414
f 415//415 400//400 414//414
f 414//414 400//400 415//415
f 416//416 385//385 415//415
f 415//415 385//385 416//416
f 404//404 417//417 432//432
f 432//432 417//417 404//404
f 433//433 404//404 432//432
f 432//432 404//404 433//433
f 418//418 417//417 387//387
f 387//387 417//417 418//418
f 419//419 418//418 388//388
f 388//388 418//418 419//419
f 420//420 419//419 389//389
f 389//389 419//419 420//420
f 421//421 420//420 390//390
f 390//390 420//420 421//421
f 422//422 421//421 401//401
f 401//401 421//421 422//422
f 391//391 423//423 422//422
f 422//422 423//423 391//391
f 392//392 424//424 423//423
f 423//423 424//424 392//392
f 423//423 434//434 435//435
f 435//435 434//434 423//423
f 425//425 424//424 393//393
f 393//393 424//424 425//425
f 426//426 425//425 394//394
f 394//394 425//425 426//426
f 427//427 426//426 395//395
f 395//395 426//426 427//427
f 436//436 427//427 402//402
f 402//402 427//427 436//436
f 402//402 403//403 437//437
f 437//437 403//403 402//402
f 403//403 404//404 433//433
f 433//433 404//404 403//403
f 398//398 406//406 428//428
f 428//428 406//406 398//398
f 405//405 428//428 430//430
f 430//430 428//428 405//405
f 429//429 430//430 438//438
f 438//438 430//430 429//429
f 406//406 431//431 439//439
f 439//439 431//431 406//406
f 431//431 407//407 440//440
f 440//440 407//407 431//431
f 407//407 408//408 440//440
f 440//440 408//408 407//407
f 408//408 409//409 441//441
f 441//441 409//409 408//408
f 409//409 410//410 442//442
f 442//442 410//410 409//409
f 410//410 416//416 443//443
f 443//443 416//416 410//410
f 411//411 429//429 444//444
f 444//444 429//429 411//411
f 413//413 412//412 445//445
f 445//445 412//412 413//413
f 412//412 411//411 444//444
f 444//444 411//411 412//412
f 414//414 413//413 445//445
f 445//445 413//413 414//414
f 415//415 414//414 446//446
f 446//446 414//414 415//415
f 416//416 415//415 447//447
f 447//447 415//415 416//416
f 432//432 417//417 448//448
f 448//448 417//417 432//432
f 433//433 432//432 449//449
f 449//449 432//432 433//433
f 429//429 438//438 450//450
f 450//450 438//438 429//429
f 418//418 448//448 417//417
f 417//417 448//448 418//418
f 419//419 451//451 418//418
f 418//418 451//451 419//419
f 420//420 452//452 419//419
f 419//419 452//452 420//420
f 421//421 453//453 420//420
f 420//420 453//453 421//421
f 422//422 454//454 421//421
f 421//421 454//454 422//422
f 422//422 423//423 435//435
f 435//435 423//423 422//422
f 423//423 424//424 434//434
f 434//434 424//424 423//423
f 425//425 455//455 424//424
f 424//424 455//455 425//425
f 426//426 456//456 425//425
f 425//425 456//456 426//426
f 427//427 457//457 426//426
f 426//426 457//457 427//427
f 436//436 457//457 427//427
f 427//427 457//457 436//436
f 437//437 436//436 402//402
f 402//402 436//436 437//437
f 433//433 437//437 403//403
f 403//403 437//437 433//433
f 458//458 433//433 449//449
f 449//449 433//433 458//458
f 428//428 406//406 439//439
f 439//439 406//406 428//428
f 430//430 428//428 459//459
f 459//459 428//428 430//430
f 430//430 460//460 438//438
f 438//438 460//460 430//430
f 438//438 461//461 462//462
f 462//462 461//461 438//438
f 431//431 440//440 439//439
f 439//439 440//440 431//431
f 408//408 441//441 440//440
f 440//440 441//441 408//408
f 441//441 409//409 442//442
f 442//442 409//409 441//441
f 442//442 410//410 443//443
f 443//443 410//410 442//442
f 443//443 416//416 447//447
f 447//447 416//416 443//443
f 444//444 429//429 450//450
f 450//450 429//429 444//444
f 445//445 412//412 444//444
f 444//444 412//412 445//445
f 446//446 414//414 445//445
f 445//445 414//414 446//446
f 447//447 415//415 446//446
f 446//446 415//415 447//447
f 432//432 448//448 463//463
f 463//463 448//448 432//432
f 449//449 432//432 463//463
f 463//463 432//432 449//449
f 438//438 462//462 450//450
f 450//450 462//462 438//438
f 451//451 448//448 418//418
f 418//418 448//448 451//451
f 452//452 451//451 419//419
f 419//419 451//451 452//452
f 453//453 452//452 420//420
f 420//420 452//452 453//453
f 454//454 453//453 421//421
f 421//421 453//453 454//454
f 422//422 435//435 454//454
f 454//454 435//435 422//422
f 424//424 455//455 434//434
f 434//434 455//455 424//424
f 456//456 455//455 425//425
f 425//425 455//455 456//456
f 457//457 456//456 426//426
f 426//426 456//456 457//457
f 436//436 464//464 457//457
f 457//457 464//464 436//436
f 465//465 436//436 437//437
f 437//437 436//436 465//465
f 437//437 433//433 458//458
f 458//458 433//433 437//437
f 458//458 449//449 466//466
f 466//466 449//449 458//458
f 428//428 439//439 459//459
f 459//459 439//439 428//428
f 430//430 459//459 460//460
f 460//460 459//459 430//430
f 438//438 460//460 461//461
f 461//461 460//460 438//438
f 461//461 467//467 462//462
f 462//462 467//467 461//461
f 439//439 440//440 468//468
f 468//468 440//440 439//439
f 440//440 441//441 469//469
f 469//469 441//441 440//440
f 441//441 442//442 470//470
f 470//470 442//442 441//441
f 442//442 443//443 471//471
f 471//471 443//443 442//442
f 443//443 447//447 472//472
f 472//472 447//447 443//443
f 473//473 444//444 450//450
f 450//450 444//444 473//473
f 445//445 444//444 473//473
f 473//473 444//444 445//445
f 446//446 445//445 474//474
f 474//474 445//445 446//446
f 447//447 446//446 475//475
f 475//475 446//446 447//447
f 463//463 448//448 476//476
f 476//476 448//448 463//463
f 466//466 449//449 477//477
f 477//477 449//449 466//466
f 449//449 463//463 477//477
f 477//477 463//463 449//449
f 450//450 462//462 478//478
f 478//478 462//462 450//450
f 462//462 467//467 479//479
f 479//479 467//467 462//462
f 476//476 448//448 451//451
f 451//451 448//448 476//476
f 452//452 480//480 451//451
f 451//451 480//480 452//452
f 453//453 481//481 452//452
f 452//452 481//481 453//453
f 454//454 482//482 453//453
f 453//453 482//482 454//454
f 454//454 435//435 483//483
f 483//483 435//435 454//454
f 434//434 455//455 484//484
f 484//484 455//455 434//434
f 456//456 485//485 455//455
f 455//455 485//485 456//456
f 457//457 486//486 456//456
f 456//456 486//486 457//457
f 464//464 486//486 457//457
f 457//457 486//486 464//464
f 465//465 464//464 436//436
f 436//436 464//464 465//465
f 458//458 465//465 437//437
f 437//437 465//465 458//458
f 458//458 466//466 487//487
f 487//487 466//466 458//458
f 466//466 488//488 489//489
f 489//489 488//488 466//466
f 459//459 439//439 468//468
f 468//468 439//439 459//459
f 460//460 459//459 490//490
f 490//490 459//459 460//460
f 460//460 491//491 461//461
f 461//461 491//491 460//460
f 461//461 492//492 467//467
f 467//467 492//492 461//461
f 440//440 493//493 468//468
f 468//468 493//493 440//440
f 440//440 469//469 493//493
f 493//493 469//469 440//440
f 441//441 470//470 469//469
f 469//469 470//470 441//441
f 470//470 442//442 471//471
f 471//471 442//442 470//470
f 471//471 443//443 472//472
f 472//472 443//443 471//471
f 447//447 475//475 472//472
f 472//472 475//475 447//447
f 473//473 450//450 478//478
f 478//478 450//450 473//473
f 474//474 445//445 473//473
f 473//473 445//445 474//474
f 475//475 446//446 474//474
f 474//474 446//446 475//475
f 463//463 476//476 494//494
f 494//494 476//476 463//463
f 466//466 477//477 488//488
f 488//488 477//477 466//466
f 477//477 463//463 494//494
f 494//494 463//463 477//477
f 478//478 462//462 479//479
f 479//479 462//462 478//478
f 467//467 495//495 479//479
f 479//479 495//495 467//467
f 488//488 496//496 497//497
f 497//497 496//496 488//488
f 480//480 476//476 451//451
f 451//451 476//476 480//480
f 481//481 480//480 452//452
f 452//452 480//480 481//481
f 482//482 481//481 453//453
f 453//453 481//481 482//482
f 483//483 482//482 454//454
f 454//454 482//482 483//483
f 435//435 498//498 483//483
f 483//483 498//498 435//435
f 455//455 485//485 484//484
f 484//484 485//485 455//455
f 486//486 485//485 456//456
f 456//456 485//485 486//486
f 464//464 499//499 486//486
f 486//486 499//499 464//464
f 465//465 500//500 464//464
f 464//464 500//500 465//465
f 458//458 487//487 465//465
f 465//465 487//487 458//458
f 466//466 489//489 487//487
f 487//487 489//489 466//466
f 488//488 497//497 489//489
f 489//489 497//497 488//488
f 459//459 468//468 490//490
f 490//490 468//468 459//459
f 460//460 490//490 491//491
f 491//491 490//490 460//460
f 491//491 492//492 461//461
f 461//461 492//492 491//491
f 492//492 495//495 467//467
f 467//467 495//495 492//492
f 468//468 493//493 501//501
f 501//501 493//493 468//468
f 493//493 469//469 502//502
f 502//502 469//469 493//493
f 493//493 469//469 502//502
f 502//502 469//469 493//493
f 469//469 470//470 502//502
f 502//502 470//470 469//469
f 470//470 471//471 503//503
f 503//503 471//471 470//470
f 471//471 472//472 504//504
f 504//504 472//472 471//471
f 472//472 475//475 505//505
f 505//505 475//475 472//472
f 506//506 473//473 478//478
f 478//478 473//473 506//506
f 474//474 473//473 507//507
f 507//507 473//473 474//474
f 475//475 474//474 508//508
f 508//508 474//474 475//475
f 494//494 476//476 509//509
f 509//509 476//476 494//494
f 477//477 510//510 488//488
f 488//488 510//510 477//477
f 477//477 494//494 511//511
f 511//511 494//494 477//477
f 506//506 478//478 479//479
f 479//479 478//478 506//506
f 495//495 512//512 479//479
f 479//479 512//512 495//495
f 510//510 496//496 488//488
f 488//488 496//496 510//510
f 496//496 513//513 497//497
f 497//497 513//513 496//496
f 495//495 514//514 512//512
f 512//512 514//514 495//495
f 509//509 476//476 480//480
f 480//480 476//476 509//509
f 515//515 480//480 481//481
f 481//481 480//480 515//515
f 516//516 481//481 482//482
f 482//482 481//481 516//516
f 517//517 482//482 483//483
f 483//483 482//482 517//517
f 483//483 498//498 518//518
f 518//518 498//498 483//483
f 498//498 484//484 519//519
f 519//519 484//484 498//498
f 484//484 485//485 520//520
f 520//520 485//485 484//484
f 486//486 521//521 485//485
f 485//485 521//521 486//486
f 486//486 499//499 521//521
f 521//521 499//499 486//486
f 464//464 500//500 499//499
f 499//499 500//500 464//464
f 465//465 487//487 500//500
f 500//500 487//487 465//465
f 487//487 489//489 522//522
f 522//522 489//489 487//487
f 489//489 497//497 523//523
f 523//523 497//497 489//489
f 497//497 513//513 524//524
f 524//524 513//513 497//497
f 490//490 468//468 501//501
f 501//501 468//468 490//490
f 490//490 525//525 491//491
f 491//491 525//525 490//490
f 491//491 526//526 492//492
f 492//492 526//526 491//491
f 527//527 495//495 492//492
f 492//492 495//495 527//527
f 495//495 528//528 514//514
f 514//514 528//528 495//495
f 493//493 502//502 501//501
f 501//501 502//502 493//493
f 470//470 503//503 502//502
f 502//502 503//503 470//470
f 503//503 471//471 504//504
f 504//504 471//471 503//503
f 504//504 472//472 505//505
f 505//505 472//472 504//504
f 475//475 508//508 505//505
f 505//505 508//508 475//475
f 507//507 473//473 506//506
f 506//506 473//473 507//507
f 507//507 508//508 474//474
f 474//474 508//508 507//507
f 511//511 494//494 509//509
f 509//509 494//494 511//511
f 510//510 477//477 511//511
f 511//511 477//477 510//510
f 529//529 506//506 530//530
f 530//530 506//506 529//529
f 530//530 506//506 479//479
f 479//479 506//506 530//530
f 531//531 479//479 512//512
f 512//512 479//479 531//531
f 496//496 510//510 532//532
f 532//532 510//510 496//496
f 496//496 533//533 513//513
f 513//513 533//533 496//496
f 534//534 535//535 513//513
f 513//513 535//535 534//534
f 531//531 512//512 514//514
f 514//514 512//512 531//531
f 515//515 509//509 480//480
f 480//480 509//509 515//515
f 516//516 515//515 481//481
f 481//481 515//515 516//516
f 517//517 516//516 482//482
f 482//482 516//516 517//517
f 518//518 517//517 483//483
f 483//483 517//517 518//518
f 519//519 518//518 498//498
f 498//498 518//518 519//519
f 484//484 520//520 519//519
f 519//519 520//520 484//484
f 485//485 521//521 520//520
f 520//520 521//521 485//485
f 499//499 536//536 521//521
f 521//521 536//536 499//499
f 500//500 537//537 499//499
f 499//499 537//537 500//500
f 487//487 522//522 500//500
f 500//500 522//522 487//487
f 489//489 523//523 522//522
f 522//522 523//523 489//489
f 497//497 524//524 523//523
f 523//523 524//524 497//497
f 513//513 535//535 524//524
f 524//524 535//535 513//513
f 501//501 525//525 490//490
f 490//490 525//525 501//501
f 525//525 526//526 491//491
f 491//491 526//526 525//525
f 526//526 527//527 492//492
f 492//492 527//527 526//526
f 527//527 528//528 495//495
f 495//495 528//528 527//527
f 535//535 538//538 539//539
f 539//539 538//538 535//535
f 514//514 528//528 540//540
f 540//540 528//528 514//514
f 514//514 540//540 541//541
f 541//541 540//540 514//514
f 501//501 502//502 542//542
f 542//542 502//502 501//501
f 502//502 503//503 543//543
f 543//543 503//503 502//502
f 544//544 503//503 504//504
f 504//504 503//503 544//544
f 545//545 504//504 505//505
f 505//505 504//504 545//545
f 546//546 505//505 508//508
f 508//508 505//505 546//546
f 507//507 506//506 529//529
f 529//529 506//506 507//507
f 547//547 508//508 507//507
f 507//507 508//508 547//547
f 511//511 509//509 548//548
f 548//548 509//509 511//511
f 510//510 511//511 532//532
f 532//532 511//511 510//510
f 549//549 529//529 530//530
f 530//530 529//529 549//549
f 530//530 479//479 531//531
f 531//531 479//479 530//530
f 496//496 532//532 533//533
f 533//533 532//532 496//496
f 533//533 534//534 513//513
f 513//513 534//534 533//533
f 534//534 538//538 535//535
f 535//535 538//538 534//534
f 531//531 514//514 550//550
f 550//550 514//514 531//531
f 550//550 514//514 541//541
f 541//541 514//514 550//550
f 548//548 509//509 515//515
f 515//515 509//509 548//548
f 551//551 515//515 516//516
f 516//516 515//515 551//551
f 552//552 516//516 517//517
f 517//517 516//516 552//552
f 553//553 517//517 518//518
f 518//518 517//517 553//553
f 554//554 518//518 519//519
f 519//519 518//518 554//554
f 519//519 520//520 555//555
f 555//555 520//520 519//519
f 521//521 556//556 520//520
f 520//520 556//556 521//521
f 521//521 536//536 556//556
f 556//556 536//536 521//521
f 499//499 537//537 536//536
f 536//536 537//537 499//499
f 500//500 522//522 537//537
f 537//537 522//522 500//500
f 522//522 523//523 557//557
f 557//557 523//523 522//522
f 523//523 524//524 558//558
f 558//558 524//524 523//523
f 535//535 559//559 524//524
f 524//524 559//559 535//535
f 501//501 542//542 525//525
f 525//525 542//542 501//501
f 525//525 560//560 526//526
f 526//526 560//560 525//525
f 561//561 527//527 526//526
f 526//526 527//527 561//561
f 535//535 539//539 559//559
f 559//559 539//539 535//535
f 527//527 562//562 528//528
f 528//528 562//562 527//527
f 538//538 563//563 539//539
f 539//539 563//563 538//538
f 528//528 564//564 540//540
f 540//540 564//564 528//528
f 541//541 540//540 565//565
f 565//565 540//540 541//541
f 541//541 565//565 566//566
f 566//566 565//565 541//541
f 502//502 567//567 542//542
f 542//542 567//567 502//502
f 502//502 543//543 567//567
f 567//567 543//543 502//502
f 503//503 544//544 543//543
f 543//543 544//544 503//503
f 545//545 544//544 504//504
f 504//504 544//544 545//545
f 546//546 545//545 505//505
f 505//505 545//545 546//546
f 547//547 546//546 508//508
f 508//508 546//546 547//547
f 529//529 547//547 507//507
f 507//507 547//547 529//529
f 549//549 568//568 529//529
f 529//529 568//568 549//549
f 511//511 548//548 569//569
f 569//569 548//548 511//511
f 532//532 511//511 569//569
f 569//569 511//511 532//532
f 531//531 549//549 530//530
f 530//530 549//549 531//531
f 533//533 532//532 570//570
f 570//570 532//532 533//533
f 533//533 571//571 534//534
f 534//534 571//571 533//533
f 534//534 572//572 538//538
f 538//538 572//572 534//534
f 550//550 573//573 531//531
f 531//531 573//573 550//550
f 550//550 541//541 574//574
f 574//574 541//541 550//550
f 541//541 566//566 575//575
f 575//575 566//566 541//541
f 566//566 576//576 577//577
f 577//577 576//576 566//566
f 576//576 578//578 579//579
f 579//579 578//578 576//576
f 538//538 580//580 563//563
f 563//563 580//580 538//538
f 551//551 548//548 515//515
f 515//515 548//548 551//551
f 552//552 551//551 516//516
f 516//516 551//551 552//552
f 553//553 552//552 517//517
f 517//517 552//552 553//553
f 554//554 553//553 518//518
f 518//518 553//553 554//554
f 519//519 555//555 554//554
f 554//554 555//555 519//519
f 520//520 556//556 555//555
f 555//555 556//556 520//520
f 556//556 536//536 581//581
f 581//581 536//536 556//556
f 537//537 582//582 536//536
f 536//536 582//582 537//537
f 522//522 557//557 537//537
f 537//537 557//557 522//522
f 523//523 558//558 557//557
f 557//557 558//558 523//523
f 524//524 559//559 558//558
f 558//558 559//559 524//524
f 542//542 560//560 525//525
f 525//525 560//560 542//542
f 560//560 561//561 526//526
f 526//526 561//561 560//560
f 561//561 562//562 527//527
f 527//527 562//562 561//561
f 559//559 539//539 583//583
f 583//583 539//539 559//559
f 562//562 564//564 528//528
f 528//528 564//564 562//562
f 539//539 563//563 584//584
f 584//584 563//563 539//539
f 563//563 585//585 586//586
f 586//586 585//585 563//563
f 564//564 565//565 540//540
f 540//540 565//565 564//564
f 576//576 587//587 578//578
f 578//578 587//587 576//576
f 566//566 565//565 576//576
f 576//576 565//565 566//566
f 567//567 588//588 542//542
f 542//542 588//588 567//567
f 567//567 543//543 589//589
f 589//589 543//543 567//567
f 543//543 544//544 590//590
f 590//590 544//544 543//543
f 591//591 544//544 545//545
f 545//545 544//544 591//591
f 592//592 545//545 546//546
f 546//546 545//545 592//592
f 593//593 546//546 547//547
f 547//547 546//546 593//593
f 568//568 547//547 529//529
f 529//529 547//547 568//568
f 549//549 594//594 568//568
f 568//568 594//594 549//549
f 595//595 569//569 548//548
f 548//548 569//569 595//595
f 532//532 569//569 596//596
f 596//596 569//569 532//532
f 573//573 549//549 531//531
f 531//531 549//549 573//573
f 533//533 570//570 571//571
f 571//571 570//570 533//533
f 571//571 572//572 534//534
f 534//534 572//572 571//571
f 572//572 580//580 538//538
f 538//538 580//580 572//572
f 574//574 573//573 550//550
f 550//550 573//573 574//574
f 574//574 541//541 575//575
f 575//575 541//541 574//574
f 566//566 577//577 575//575
f 575//575 577//577 566//566
f 577//577 576//576 579//579
f 579//579 576//576 577//577
f 578//578 597//597 579//579
f 579//579 597//597 578//578
f 563//563 580//580 585//585
f 585//585 580//580 563//563
f 595//595 548//548 551//551
f 551//551 548//548 595//595
f 598//598 551//551 552//552
f 552//552 551//551 598//598
f 599//599 552//552 553//553
f 553//553 552//552 599//599
f 600//600 553//553 554//554
f 554//554 553//553 600//600
f 601//601 554//554 555//555
f 555//555 554//554 601//601
f 555//555 556//556 581//581
f 581//581 556//556 555//555
f 536//536 582//582 581//581
f 581//581 582//582 536//536
f 537//537 557//557 582//582
f 582//582 557//557 537//537
f 557//557 558//558 602//602
f 602//602 558//558 557//557
f 558//558 559//559 603//603
f 603//603 559//559 558//558
f 542//542 588//588 560//560
f 560//560 588//588 542//542
f 604//604 561//561 560//560
f 560//560 561//561 604//604
f 559//559 583//583 603//603
f 603//603 583//583 559//559
f 561//561 605//605 562//562
f 562//562 605//605 561//561
f 539//539 584//584 583//583
f 583//583 584//584 539//539
f 562//562 606//606 564//564
f 564//564 606//606 562//562
f 584//584 563//563 586//586
f 586//586 563//563 584//584
f 607//607 597//597 578//578
f 578//578 597//597 607//607
f 586//586 585//585 597//597
f 597//597 585//585 586//586
f 564//564 608//608 565//565
f 565//565 608//608 564//564
f 565//565 587//587 576//576
f 576//576 587//587 565//565
f 567//567 589//589 588//588
f 588//588 589//589 567//567
f 543//543 590//590 589//589
f 589//589 590//590 543//543
f 591//591 590//590 544//544
f 544//544 590//590 591//591
f 592//592 591//591 545//545
f 545//545 591//591 592//592
f 593//593 592//592 546//546
f 546//546 592//592 593//593
f 568//568 593//593 547//547
f 547//547 593//593 568//568
f 609//609 594//594 549//549
f 549//549 594//594 609//609
f 594//594 610//610 568//568
f 568//568 610//610 594//594
f 596//596 569//569 595//595
f 595//595 569//569 596//596
f 573//573 609//609 549//549
f 549//549 609//609 573//573
f 611//611 571//571 570//570
f 570//570 571//571 611//611
f 571//571 612//612 572//572
f 572//572 612//612 571//571
f 572//572 613//613 580//580
f 580//580 613//613 572//572
f 574//574 614//614 573//573
f 573//573 614//614 574//574
f 575//575 615//615 574//574
f 574//574 615//615 575//575
f 577//577 616//616 575//575
f 575//575 616//616 577//577
f 579//579 617//617 577//577
f 577//577 617//617 579//579
f 597//597 618//618 579//579
f 579//579 618//618 597//597
f 585//585 580//580 619//619
f 619//619 580//580 585//585
f 597//597 585//585 618//618
f 618//618 585//585 597//597
f 598//598 595//595 551//551
f 551//551 595//595 598//598
f 599//599 598//598 552//552
f 552//552 598//598 599//599
f 600//600 599//599 553//553
f 553//553 599//599 600//600
f 601//601 600//600 554//554
f 554//554 600//600 601//601
f 620//620 601//601 555//555
f 555//555 601//601 620//620
f 555//555 581//581 620//620
f 620//620 581//581 555//555
f 581//581 582//582 621//621
f 621//621 582//582 581//581
f 557//557 602//602 582//582
f 582//582 602//602 557//557
f 558//558 603//603 602//602
f 602//602 603//603 558//558
f 588//588 604//604 560//560
f 560//560 604//604 588//588
f 604//604 605//605 561//561
f 561//561 605//605 604//604
f 622//622 603//603 623//623
f 623//623 603//603 622//622
f 623//623 603//603 583//583
f 583//583 603//603 623//623
f 605//605 606//606 562//562
f 562//562 606//606 605//605
f 624//624 583//583 584//584
f 584//584 583//583 624//624
f 606//606 608//608 564//564
f 564//564 608//608 606//606
f 584//584 586//586 625//625
f 625//625 586//586 584//584
f 586//586 597//597 607//607
f 607//607 597//597 586//586
f 565//565 608//608 587//587
f 587//587 608//608 565//565
f 588//588 589//589 626//626
f 626//626 589//589 588//588
f 589//589 590//590 627//627
f 627//627 590//590 589//589
f 627//627 590//590 591//591
f 591//591 590//590 627//627
f 628//628 591//591 592//592
f 592//592 591//591 628//628
f 629//629 592//592 593//593
f 593//593 592//592 629//629
f 610//610 593//593 568//568
f 568//568 593//593 610//610
f 609//609 610//610 594//594
f 594//594 610//610 609//609
f 630//630 596//596 595//595
f 595//595 596//596 630//630
f 570//570 596//596 611//611
f 611//611 596//596 570//570
f 614//614 609//609 573//573
f 573//573 609//609 614//614
f 611//611 612//612 571//571
f 571//571 612//612 611//611
f 612//612 613//613 572//572
f 572//572 613//613 612//612
f 580//580 613//613 619//619
f 619//619 613//613 580//580
f 615//615 614//614 574//574
f 574//574 614//614 615//615
f 575//575 616//616 615//615
f 615//615 616//616 575//575
f 577//577 617//617 616//616
f 616//616 617//617 577//577
f 618//618 617//617 579//579
f 579//579 617//617 618//618
f 585//585 619//619 618//618
f 618//618 619//619 585//585
f 630//630 595//595 598//598
f 598//598 595//595 630//630
f 631//631 598//598 599//599
f 599//599 598//598 631//631
f 632//632 599//599 600//600
f 600//600 599//599 632//632
f 633//633 600//600 601//601
f 601//601 600//600 633//633
f 634//634 601//601 620//620
f 620//620 601//601 634//634
f 620//620 581//581 621//621
f 621//621 581//581 620//620
f 621//621 582//582 602//602
f 602//602 582//582 621//621
f 622//622 602//602 603//603
f 603//603 602//602 622//622
f 626//626 604//604 588//588
f 588//588 604//604 626//626
f 604//604 635//635 605//605
f 605//605 635//635 604//604
f 636//636 622//622 623//623
f 623//623 622//622 636//636
f 623//623 583//583 624//624
f 624//624 583//583 623//623
f 605//605 637//637 606//606
f 606//606 637//637 605//605
f 624//624 584//584 625//625
f 625//625 584//584 624//624
f 606//606 638//638 608//608
f 608//608 638//638 606//606
f 625//625 586//586 607//607
f 607//607 586//586 625//625
f 608//608 639//639 587//587
f 587//587 639//639 608//608
f 589//589 640//640 626//626
f 626//626 640//640 589//589
f 589//589 627//627 640//640
f 640//640 627//627 589//589
f 591//591 628//628 627//627
f 627//627 628//628 591//591
f 641//641 627//627 642//642
f 642//642 627//627 641//641
f 629//629 628//628 592//592
f 592//592 628//628 629//629
f 610//610 629//629 593//593
f 593//593 629//629 610//610
f 643//643 610//610 609//609
f 609//609 610//610 643//643
f 644//644 596//596 630//630
f 630//630 596//596 644//644
f 611//611 596//596 644//644
f 644//644 596//596 611//611
f 614//614 643//643 609//609
f 609//609 643//643 614//614
f 611//611 645//645 612//612
f 612//612 645//645 611//611
f 612//612 646//646 613//613
f 613//613 646//646 612//612
f 619//619 613//613 647//647
f 647//647 613//613 619//619
f 615//615 648//648 614//614
f 614//614 648//648 615//615
f 615//615 616//616 649//649
f 649//649 616//616 615//615
f 616//616 617//617 650//650
f 650//650 617//617 616//616
f 619//619 647//647 651//651
f 651//651 647//647 619//619
f 617//617 618//618 652//652
f 652//652 618//618 617//617
f 618//618 619//619 651//651
f 651//651 619//619 618//618
f 631//631 630//630 598//598
f 598//598 630//630 631//631
f 632//632 631//631 599//599
f 599//599 631//631 632//632
f 633//633 632//632 600//600
f 600//600 632//632 633//633
f 634//634 633//633 601//601
f 601//601 633//633 634//634
f 634//634 620//620 621//621
f 621//621 620//620 634//634
f 621//621 602//602 622//622
f 622//622 602//602 621//621
f 626//626 635//635 604//604
f 604//604 635//635 626//626
f 635//635 637//637 605//605
f 605//605 637//637 635//635
f 636//636 623//623 624//624
f 624//624 623//623 636//636
f 637//637 638//638 606//606
f 606//606 638//638 637//637
f 653//653 624//624 625//625
f 625//625 624//624 653//653
f 638//638 639//639 608//608
f 608//608 639//639 638//638
f 653//653 625//625 607//607
f 607//607 625//625 653//653
f 587//587 639//639 654//654
f 654//654 639//639 587//587
f 640//640 655//655 626//626
f 626//626 655//655 640//640
f 640//640 627//627 641//641
f 641//641 627//627 640//640
f 627//627 628//628 642//642
f 642//642 628//628 627//627
f 656//656 628//628 629//629
f 629//629 628//628 656//656
f 657//657 629//629 610//610
f 610//610 629//629 657//657
f 643//643 657//657 610//610
f 610//610 657//657 643//643
f 658//658 644//644 630//630
f 630//630 644//644 658//658
f 611//611 644//644 645//645
f 645//645 644//644 611//611
f 648//648 643//643 614//614
f 614//614 643//643 648//648
f 612//612 645//645 646//646
f 646//646 645//645 612//612
f 613//613 646//646 647//647
f 647//647 646//646 613//613
f 649//649 648//648 615//615
f 615//615 648//648 649//649
f 616//616 650//650 649//649
f 649//649 650//650 616//616
f 617//617 652//652 650//650
f 650//650 652//652 617//617
f 651//651 647//647 659//659
f 659//659 647//647 651//651
f 618//618 651//651 652//652
f 652//652 651//651 618//618
f 658//658 630//630 631//631
f 631//631 630//630 658//658
f 660//660 631//631 632//632
f 632//632 631//631 660//660
f 661//661 632//632 633//633
f 633//633 632//632 661//661
f 662//662 633//633 634//634
f 634//634 633//633 662//662
f 634//634 621//621 663//663
f 663//663 621//621 634//634
f 664//664 621//621 622//622
f 622//622 621//621 664//664
f 626//626 655//655 635//635
f 635//635 655//655 626//626
f 635//635 665//665 637//637
f 637//637 665//665 635//635
f 666//666 636//636 624//624
f 624//624 636//636 666//666
f 637//637 667//667 638//638
f 638//638 667//667 637//637
f 666//666 624//624 653//653
f 653//653 624//624 666//666
f 668//668 639//639 638//638
f 638//638 639//639 668//668
f 669//669 653//653 607//607
f 607//607 653//653 669//669
f 670//670 654//654 639//639
f 639//639 654//654 670//670
f 655//655 640//640 641//641
f 641//641 640//640 655//655
f 642//642 628//628 656//656
f 656//656 628//628 642//642
f 657//657 656//656 629//629
f 629//629 656//656 657//657
f 671//671 657//657 643//643
f 643//643 657//657 671//671
f 644//644 658//658 672//672
f 672//672 658//658 644//644
f 644//644 672//672 645//645
f 645//645 672//672 644//644
f 648//648 671//671 643//643
f 643//643 671//671 648//648
f 645//645 673//673 646//646
f 646//646 673//673 645//645
f 647//647 646//646 674//674
f 674//674 646//646 647//647
f 649//649 675//675 648//648
f 648//648 675//675 649//649
f 650//650 676//676 649//649
f 649//649 676//676 650//650
f 647//647 674//674 659//659
f 659//659 674//674 647//647
f 652//652 677//677 650//650
f 650//650 677//677 652//652
f 651//651 659//659 652//652
f 652//652 659//659 651//651
f 660//660 658//658 631//631
f 631//631 658//658 660//660
f 661//661 660//660 632//632
f 632//632 660//660 661//661
f 662//662 661//661 633//633
f 633//633 661//661 662//662
f 663//663 662//662 634//634
f 634//634 662//662 663//663
f 663//663 621//621 664//664
f 664//664 621//621 663//663
f 655//655 665//665 635//635
f 635//635 665//665 655//655
f 678//678 664//664 636//636
f 636//636 664//664 678//678
f 665//665 667//667 637//637
f 637//637 667//667 665//665
f 679//679 636//636 666//666
f 666//666 636//636 679//679
f 667//667 668//668 638//638
f 638//638 668//668 667//667
f 680//680 666//666 653//653
f 653//653 666//666 680//680
f 668//668 670//670 639//639
f 639//639 670//670 668//668
f 681//681 653//653 669//669
f 669//669 653//653 681//681
f 670//670 669//669 654//654
f 654//654 669//669 670//670
f 655//655 641//641 682//682
f 682//682 641//641 655//655
f 642//642 656//656 683//683
f 683//683 656//656 642//642
f 684//684 656//656 657//657
f 657//657 656//656 684//684
f 671//671 684//684 657//657
f 657//657 684//684 671//671
f 685//685 672//672 658//658
f 658//658 672//672 685//685
f 645//645 672//672 673//673
f 673//673 672//672 645//645
f 675//675 671//671 648//648
f 648//648 671//671 675//675
f 646//646 673//673 674//674
f 674//674 673//673 646//646
f 649//649 676//676 675//675
f 675//675 676//676 649//649
f 650//650 677//677 676//676
f 676//676 677//677 650//650
f 659//659 674//674 686//686
f 686//686 674//674 659//659
f 652//652 659//659 677//677
f 677//677 659//659 652//652
f 685//685 658//658 660//660
f 660//660 658//658 685//685
f 687//687 660//660 661//661
f 661//661 660//660 687//687
f 688//688 661//661 662//662
f 662//662 661//661 688//688
f 689//689 662//662 663//663
f 663//663 662//662 689//689
f 663//663 664//664 678//678
f 678//678 664//664 663//663
f 655//655 682//682 665//665
f 665//665 682//682 655//655
f 678//678 636//636 679//679
f 679//679 636//636 678//678
f 665//665 690//690 667//667
f 667//667 690//690 665//665
f 679//679 666//666 680//680
f 680//680 666//666 679//679
f 691//691 668//668 667//667
f 667//667 668//668 691//691
f 680//680 653//653 681//681
f 681//681 653//653 680//680
f 692//692 670//670 668//668
f 668//668 670//670 692//692
f 681//681 669//669 670//670
f 670//670 669//669 681//681
f 641//641 693//693 682//682
f 682//682 693//693 641//641
f 693//693 641//641 683//683
f 683//683 641//641 693//693
f 683//683 656//656 684//684
f 684//684 656//656 683//683
f 694//694 684//684 671//671
f 671//671 684//684 694//694
f 672//672 685//685 673//673
f 673//673 685//685 672//672
f 675//675 694//694 671//671
f 671//671 694//694 675//675
f 673//673 695//695 674//674
f 674//674 695//695 673//673
f 676//676 696//696 675//675
f 675//675 696//696 676//676
f 674//674 695//695 686//686
f 686//686 695//695 674//674
f 677//677 697//697 676//676
f 676//676 697//697 677//677
f 659//659 686//686 677//677
f 677//677 686//686 659//659
f 687//687 685//685 660//660
f 660//660 685//685 687//687
f 688//688 687//687 661//661
f 661//661 687//687 688//688
f 689//689 688//688 662//662
f 662//662 688//688 689//689
f 678//678 689//689 663//663
f 663//663 689//689 678//678
f 690//690 665//665 682//682
f 682//682 665//665 690//690
f 679//679 698//698 678//678
f 678//678 698//698 679//679
f 690//690 691//691 667//667
f 667//667 691//691 690//690
f 679//679 680//680 699//699
f 699//699 680//680 679//679
f 691//691 692//692 668//668
f 668//668 692//692 691//691
f 680//680 681//681 700//700
f 700//700 681//681 680//680
f 692//692 681//681 670//670
f 670//670 681//681 692//692
f 693//693 701//701 682//682
f 682//682 701//701 693//693
f 693//693 683//683 702//702
f 702//702 683//683 693//693
f 683//683 684//684 703//703
f 703//703 684//684 683//683
f 703//703 684//684 694//694
f 694//694 684//684 703//703
f 685//685 704//704 673//673
f 673//673 704//704 685//685
f 696//696 694//694 675//675
f 675//675 694//694 696//696
f 673//673 705//705 695//695
f 695//695 705//705 673//673
f 676//676 697//697 696//696
f 696//696 697//697 676//676
f 695//695 706//706 686//686
f 686//686 706//706 695//695
f 677//677 686//686 697//697
f 697//697 686//686 677//677
f 704//704 685//685 687//687
f 687//687 685//685 704//704
f 707//707 687//687 688//688
f 688//688 687//687 707//707
f 708//708 688//688 689//689
f 689//689 688//688 708//708
f 698//698 689//689 678//678
f 678//678 689//689 698//698
f 682//682 701//701 690//690
f 690//690 701//701 682//682
f 698//698 679//679 699//699
f 699//699 679//679 698//698
f 709//709 691//691 690//690
f 690//690 691//691 709//709
f 699//699 680//680 700//700
f 700//700 680//680 699//699
f 710//710 692//692 691//691
f 691//691 692//692 710//710
f 700//700 681//681 692//692
f 692//692 681//681 700//700
f 701//701 693//693 702//702
f 702//702 693//693 701//701
f 702//702 683//683 703//703
f 703//703 683//683 702//702
f 703//703 694//694 711//711
f 711//711 694//694 703//703
f 673//673 704//704 705//705
f 705//705 704//704 673//673
f 711//711 694//694 696//696
f 696//696 694//694 711//711
f 695//695 705//705 706//706
f 706//706 705//705 695//695
f 712//712 696//696 697//697
f 697//697 696//696 712//712
f 686//686 706//706 697//697
f 697//697 706//706 686//686
f 707//707 704//704 687//687
f 687//687 704//704 707//707
f 708//708 707//707 688//688
f 688//688 707//707 708//708
f 698//698 708//708 689//689
f 689//689 708//708 698//698
f 709//709 690//690 701//701
f 701//701 690//690 709//709
f 713//713 698//698 699//699
f 699//699 698//698 713//713
f 710//710 691//691 709//709
f 709//709 691//691 710//710
f 714//714 699//699 700//700
f 700//700 699//699 714//714
f 710//710 700//700 692//692
f 692//692 700//700 710//710
f 715//715 701//701 702//702
f 702//702 701//701 715//715
f 702//702 703//703 711//711
f 711//711 703//703 702//702
f 704//704 716//716 705//705
f 705//705 716//716 704//704
f 712//712 711//711 696//696
f 696//696 711//711 712//712
f 705//705 717//717 706//706
f 706//706 717//717 705//705
f 706//706 712//712 697//697
f 697//697 712//712 706//706
f 704//704 707//707 716//716
f 716//716 707//707 704//704
f 707//707 708//708 718//718
f 718//718 708//708 707//707
f 708//708 698//698 713//713
f 713//713 698//698 708//708
f 715//715 709//709 701//701
f 701//701 709//709 715//715
f 713//713 699//699 714//714
f 714//714 699//699 713//713
f 719//719 710//710 709//709
f 709//709 710//710 719//719
f 714//714 700//700 710//710
f 710//710 700//700 714//714
f 720//720 715//715 702//702
f 702//702 715//715 720//720
f 720//720 702//702 711//711
f 711//711 702//702 720//720
f 705//705 716//716 717//717
f 717//717 716//716 705//705
f 721//721 711//711 712//712
f 712//712 711//711 721//721
f 706//706 717//717 712//712
f 712//712 717//717 706//706
f 716//716 707//707 718//718
f 718//718 707//707 716//716
f 718//718 708//708 713//713
f 713//713 708//708 718//718
f 715//715 719//719 709//709
f 709//709 719//719 715//715
f 722//722 713//713 714//714
f 714//714 713//713 722//722
f 719//719 714//714 710//710
f 710//710 714//714 719//719
f 723//723 715//715 720//720
f 720//720 715//715 723//723
f 721//721 720//720 711//711
f 711//711 720//720 721//721
f 717//717 716//716 724//724
f 724//724 716//716 717//717
f 717//717 721//721 712//712
f 712//712 721//721 717//717
f 716//716 718//718 724//724
f 724//724 718//718 716//716
f 718//718 713//713 722//722
f 722//722 713//713 718//718
f 723//723 719//719 715//715
f 715//715 719//719 723//723
f 722//722 714//714 719//719
f 719//719 714//714 722//722
f 721//721 723//723 720//720
f 720//720 723//723 721//721
f 717//717 724//724 721//721
f 721//721 724//724 717//717
f 724//724 718//718 722//722
f 722//722 718//718 724//724
f 723//723 722//722 719//719
f 719//719 722//722 723//723
f 724//724 723//723 721//721
f 721//721 723//723 724//724
f 724//724 722//722 723//723
f 723//723 722//722 724//724
f 725//725 402//402 726//726
f 726//726 402//402 725//725
f 727//727 402//402 725//725
f 725//725 402//402 727//727
f 728//728 725//725 726//726
f 726//726 725//725 728//728
f 727//727 729//729 402//402
f 402//402 729//729 727//727
f 730//730 728//728 726//726
f 726//726 728//728 730//730
f 727//727 731//731 729//729
f 729//729 731//731 727//727
f 732//732 728//728 730//730
f 730//730 728//728 732//732
f 731//731 733//733 729//729
f 729//729 733//733 731//731
f 732//732 730//730 417//417
f 417//417 730//730 732//732
f 731//731 734//734 733//733
f 733//733 734//734 731//731
f 735//735 732//732 417//417
f 417//417 732//732 735//735
f 734//734 736//736 733//733
f 733//733 736//736 734//734
f 417//417 737//737 735//735
f 735//735 737//737 417//417
f 734//734 738//738 736//736
f 736//736 738//738 734//734
f 737//737 739//739 735//735
f 735//735 739//739 737//737
f 736//736 738//738 740//740
f 740//740 738//738 736//736
f 737//737 741//741 739//739
f 739//739 741//741 737//737
f 740//740 738//738 742//742
f 742//742 738//738 740//740
f 741//741 742//742 739//739
f 739//739 742//742 741//741
f 741//741 740//740 742//742
f 742//742 740//740 741//741
f 9//9 743//743 14//14
f 14//14 743//743 9//9
f 9//9 744//744 743//743
f 743//743 744//744 9//9
f 14//14 743//743 745//745
f 745//745 743//743 14//14
f 9//9 5//5 744//744
f 744//744 5//5 9//9
f 9//9 14//14 20//20
f 20//20 14//14 9//9
f 743//743 744//744 745//745
f 745//745 744//744 743//743
f 5//5 746//746 744//744
f 744//744 746//746 5//5
f 14//14 745//745 20//20
f 20//20 745//745 14//14
f 9//9 20//20 5//5
f 5//5 20//20 9//9
f 747//747 748//748 37//37
f 37//37 748//748 747//747
f 26//26 20//20 749//749
f 749//749 20//20 26//26
f 34//34 750//750 747//747
f 747//747 750//750 34//34
f 745//745 744//744 746//746
f 746//746 744//744 745//745
f 749//749 20//20 745//745
f 745//745 20//20 749//749
f 5//5 20//20 26//26
f 26//26 20//20 5//5
f 34//34 26//26 750//750
f 750//750 26//26 34//34
f 37//37 34//34 747//747
f 747//747 34//34 37//37
f 748//748 747//747 751//751
f 751//751 747//747 748//748
f 748//748 49//49 37//37
f 37//37 49//49 748//748
f 26//26 749//749 750//750
f 750//750 749//749 26//26
f 747//747 750//750 751//751
f 751//751 750//750 747//747
f 745//745 746//746 749//749
f 749//749 746//746 745//745
f 5//5 752//752 753//753
f 753//753 752//752 5//5
f 5//5 26//26 754//754
f 754//754 26//26 5//5
f 754//754 26//26 34//34
f 34//34 26//26 754//754
f 34//34 37//37 56//56
f 56//56 37//37 34//34
f 37//37 49//49 56//56
f 56//56 49//49 37//37
f 748//748 751//751 49//49
f 49//49 751//751 748//748
f 750//750 749//749 751//751
f 751//751 749//749 750//750
f 749//749 746//746 755//755
f 755//755 746//746 749//749
f 756//756 757//757 746//746
f 746//746 757//757 756//756
f 753//753 758//758 756//756
f 756//756 758//758 753//753
f 758//758 753//753 752//752
f 752//752 753//753 758//758
f 754//754 752//752 5//5
f 5//5 752//752 754//754
f 754//754 34//34 56//56
f 56//56 34//34 754//754
f 751//751 56//56 49//49
f 49//49 56//56 751//751
f 749//749 755//755 751//751
f 751//751 755//755 749//749
f 757//757 755//755 746//746
f 746//746 755//755 757//757
f 756//756 759//759 757//757
f 757//757 759//759 756//756
f 758//758 759//759 756//756
f 756//756 759//759 758//758
f 760//760 758//758 752//752
f 752//752 758//758 760//760
f 754//754 761//761 752//752
f 752//752 761//761 754//754
f 60//60 754//754 56//56
f 56//56 754//754 60//60
f 751//751 762//762 56//56
f 56//56 762//762 751//751
f 755//755 763//763 751//751
f 751//751 763//763 755//755
f 757//757 764//764 755//755
f 755//755 764//764 757//757
f 759//759 765//765 757//757
f 757//757 765//765 759//759
f 758//758 766//766 759//759
f 759//759 766//766 758//758
f 766//766 758//758 760//760
f 760//760 758//758 766//766
f 761//761 760//760 752//752
f 752//752 760//760 761//761
f 761//761 754//754 60//60
f 60//60 754//754 761//761
f 762//762 60//60 56//56
f 56//56 60//60 762//762
f 763//763 762//762 751//751
f 751//751 762//762 763//763
f 764//764 763//763 755//755
f 755//755 763//763 764//764
f 757//757 765//765 764//764
f 764//764 765//765 757//757
f 766//766 765//765 759//759
f 759//759 765//765 766//766
f 767//767 766//766 760//760
f 760//760 766//766 767//767
f 761//761 768//768 760//760
f 760//760 768//768 761//761
f 94//94 761//761 60//60
f 60//60 761//761 94//94
f 762//762 769//769 60//60
f 60//60 769//769 762//762
f 763//763 770//770 762//762
f 762//762 770//770 763//763
f 764//764 771//771 763//763
f 763//763 771//771 764//764
f 765//765 772//772 764//764
f 764//764 772//772 765//765
f 766//766 773//773 765//765
f 765//765 773//773 766//766
f 773//773 766//766 767//767
f 767//767 766//766 773//773
f 768//768 767//767 760//760
f 760//760 767//767 768//768
f 768//768 761//761 94//94
f 94//94 761//761 768//768
f 769//769 94//94 60//60
f 60//60 94//94 769//769
f 770//770 769//769 762//762
f 762//762 769//769 770//770
f 771//771 770//770 763//763
f 763//763 770//770 771//771
f 772//772 771//771 764//764
f 764//764 771//771 772//772
f 773//773 772//772 765//765
f 765//765 772//772 773//773
f 774//774 773//773 767//767
f 767//767 773//773 774//774
f 768//768 775//775 767//767
f 767//767 775//775 768//768
f 90//90 768//768 94//94
f 94//94 768//768 90//90
f 769//769 776//776 94//94
f 94//94 776//776 769//769
f 770//770 777//777 769//769
f 769//769 777//777 770//770
f 771//771 778//778 770//770
f 770//770 778//778 771//771
f 772//772 779//779 771//771
f 771//771 779//779 772//772
f 773//773 780//780 772//772
f 772//772 780//780 773//773
f 780//780 773//773 774//774
f 774//774 773//773 780//780
f 775//775 774//774 767//767
f 767//767 774//774 775//775
f 775//775 768//768 90//90
f 90//90 768//768 775//775
f 776//776 90//90 94//94
f 94//94 90//90 776//776
f 777//777 776//776 769//769
f 769//769 776//776 777//777
f 778//778 777//777 770//770
f 770//770 777//777 778//778
f 779//779 778//778 771//771
f 771//771 778//778 779//779
f 780//780 779//779 772//772
f 772//772 779//779 780//780
f 781//781 780//780 774//774
f 774//774 780//780 781//781
f 775//775 782//782 774//774
f 774//774 782//782 775//775
f 783//783 775//775 90//90
f 90//90 775//775 783//783
f 776//776 784//784 90//90
f 90//90 784//784 776//776
f 777//777 784//784 776//776
f 776//776 784//784 777//777
f 778//778 785//785 777//777
f 777//777 785//785 778//778
f 779//779 786//786 778//778
f 778//778 786//786 779//779
f 780//780 787//787 779//779
f 779//779 787//787 780//780
f 781//781 787//787 780//780
f 780//780 787//787 781//781
f 782//782 781//781 774//774
f 774//774 781//781 782//782
f 783//783 782//782 775//775
f 775//775 782//782 783//783
f 111//111 783//783 90//90
f 90//90 783//783 111//111
f 784//784 111//111 90//90
f 90//90 111//111 784//784
f 785//785 784//784 777//777
f 777//777 784//784 785//785
f 786//786 785//785 778//778
f 778//778 785//785 786//786
f 787//787 786//786 779//779
f 779//779 786//786 787//787
f 781//781 788//788 787//787
f 787//787 788//788 781//781
f 781//781 782//782 789//789
f 789//789 782//782 781//781
f 783//783 790//790 782//782
f 782//782 790//790 783//783
f 118//118 783//783 111//111
f 111//111 783//783 118//118
f 784//784 791//791 111//111
f 111//111 791//791 784//784
f 785//785 792//792 784//784
f 784//784 792//792 785//785
f 786//786 793//793 785//785
f 785//785 793//793 786//786
f 787//787 794//794 786//786
f 786//786 794//794 787//787
f 788//788 794//794 787//787
f 787//787 794//794 788//788
f 788//788 781//781 789//789
f 789//789 781//781 788//788
f 790//790 789//789 782//782
f 782//782 789//789 790//790
f 790//790 783//783 118//118
f 118//118 783//783 790//790
f 791//791 118//118 111//111
f 111//111 118//118 791//791
f 784//784 792//792 791//791
f 791//791 792//792 784//784
f 793//793 792//792 785//785
f 785//785 792//792 793//793
f 786//786 794//794 793//793
f 793//793 794//794 786//786
f 788//788 795//795 794//794
f 794//794 795//795 788//788
f 788//788 789//789 796//796
f 796//796 789//789 788//788
f 790//790 797//797 789//789
f 789//789 797//797 790//790
f 790//790 118//118 120//120
f 120//120 118//118 790//790
f 791//791 798//798 118//118
f 118//118 798//798 791//791
f 792//792 799//799 791//791
f 791//791 799//799 792//792
f 793//793 800//800 792//792
f 792//792 800//800 793//793
f 794//794 801//801 793//793
f 793//793 801//801 794//794
f 795//795 801//801 794//794
f 794//794 801//801 795//795
f 795//795 788//788 796//796
f 796//796 788//788 795//795
f 797//797 796//796 789//789
f 789//789 796//796 797//797
f 797//797 790//790 120//120
f 120//120 790//790 797//797
f 798//798 120//120 118//118
f 118//118 120//120 798//798
f 791//791 799//799 798//798
f 798//798 799//799 791//791
f 800//800 799//799 792//792
f 792//792 799//799 800//800
f 793//793 801//801 800//800
f 800//800 801//801 793//793
f 795//795 802//802 801//801
f 801//801 802//802 795//795
f 795//795 796//796 803//803
f 803//803 796//796 795//795
f 797//797 804//804 796//796
f 796//796 804//804 797//797
f 797//797 120//120 131//131
f 131//131 120//120 797//797
f 798//798 805//805 120//120
f 120//120 805//805 798//798
f 799//799 806//806 798//798
f 798//798 806//806 799//799
f 800//800 807//807 799//799
f 799//799 807//807 800//800
f 801//801 808//808 800//800
f 800//800 808//808 801//801
f 802//802 808//808 801//801
f 801//801 808//808 802//802
f 802//802 795//795 803//803
f 803//803 795//795 802//802
f 804//804 803//803 796//796
f 796//796 803//803 804//804
f 804//804 797//797 131//131
f 131//131 797//797 804//804
f 805//805 131//131 120//120
f 120//120 131//131 805//805
f 798//798 806//806 805//805
f 805//805 806//806 798//798
f 807//807 806//806 799//799
f 799//799 806//806 807//807
f 800//800 808//808 807//807
f 807//807 808//808 800//800
f 802//802 809//809 808//808
f 808//808 809//809 802//802
f 802//802 803//803 810//810
f 810//810 803//803 802//802
f 804//804 811//811 803//803
f 803//803 811//811 804//804
f 804//804 131//131 137//137
f 137//137 131//131 804//804
f 805//805 812//812 131//131
f 131//131 812//812 805//805
f 806//806 813//813 805//805
f 805//805 813//813 806//806
f 807//807 814//814 806//806
f 806//806 814//814 807//807
f 808//808 815//815 807//807
f 807//807 815//815 808//808
f 809//809 815//815 808//808
f 808//808 815//815 809//809
f 809//809 802//802 810//810
f 810//810 802//802 809//809
f 811//811 810//810 803//803
f 803//803 810//810 811//811
f 811//811 804//804 137//137
f 137//137 804//804 811//811
f 812//812 137//137 131//131
f 131//131 137//137 812//812
f 805//805 813//813 812//812
f 812//812 813//813 805//805
f 814//814 813//813 806//806
f 806//806 813//813 814//814
f 807//807 815//815 814//814
f 814//814 815//815 807//807
f 809//809 816//816 815//815
f 815//815 816//816 809//809
f 809//809 810//810 817//817
f 817//817 810//810 809//809
f 811//811 818//818 810//810
f 810//810 818//818 811//811
f 811//811 137//137 144//144
f 144//144 137//137 811//811
f 137//137 812//812 819//819
f 819//819 812//812 137//137
f 812//812 813//813 820//820
f 820//820 813//813 812//812
f 814//814 821//821 813//813
f 813//813 821//821 814//814
f 815//815 822//822 814//814
f 814//814 822//822 815//815
f 815//815 816//816 822//822
f 822//822 816//816 815//815
f 816//816 809//809 817//817
f 817//817 809//809 816//816
f 810//810 818//818 817//817
f 817//817 818//818 810//810
f 818//818 811//811 144//144
f 144//144 811//811 818//818
f 144//144 137//137 819//819
f 819//819 137//137 144//144
f 812//812 820//820 819//819
f 819//819 820//820 812//812
f 813//813 821//821 820//820
f 820//820 821//821 813//813
f 814//814 822//822 821//821
f 821//821 822//822 814//814
f 816//816 823//823 822//822
f 822//822 823//823 816//816
f 816//816 817//817 824//824
f 824//824 817//817 816//816
f 818//818 825//825 817//817
f 817//817 825//825 818//818
f 818//818 144//144 146//146
f 146//146 144//144 818//818
f 144//144 819//819 826//826
f 826//826 819//819 144//144
f 819//819 820//820 827//827
f 827//827 820//820 819//819
f 821//821 828//828 820//820
f 820//820 828//828 821//821
f 822//822 829//829 821//821
f 821//821 829//829 822//822
f 822//822 823//823 829//829
f 829//829 823//823 822//822
f 823//823 816//816 824//824
f 824//824 816//816 823//823
f 817//817 825//825 824//824
f 824//824 825//825 817//817
f 825//825 818//818 146//146
f 146//146 818//818 825//825
f 146//146 144//144 826//826
f 826//826 144//144 146//146
f 819//819 827//827 826//826
f 826//826 827//827 819//819
f 820//820 828//828 827//827
f 827//827 828//828 820//820
f 821//821 829//829 828//828
f 828//828 829//829 821//821
f 823//823 830//830 829//829
f 829//829 830//830 823//823
f 823//823 824//824 831//831
f 831//831 824//824 823//823
f 825//825 832//832 824//824
f 824//824 832//832 825//825
f 825//825 146//146 155//155
f 155//155 146//146 825//825
f 146//146 826//826 833//833
f 833//833 826//826 146//146
f 826//826 827//827 834//834
f 834//834 827//827 826//826
f 828//828 835//835 827//827
f 827//827 835//835 828//828
f 828//828 829//829 836//836
f 836//836 829//829 828//828
f 829//829 830//830 836//836
f 836//836 830//830 829//829
f 830//830 823//823 831//831
f 831//831 823//823 830//830
f 824//824 832//832 831//831
f 831//831 832//832 824//824
f 832//832 825//825 155//155
f 155//155 825//825 832//832
f 155//155 146//146 833//833
f 833//833 146//146 155//155
f 826//826 834//834 833//833
f 833//833 834//834 826//826
f 827//827 835//835 834//834
f 834//834 835//835 827//827
f 828//828 836//836 835//835
f 835//835 836//836 828//828
f 830//830 837//837 836//836
f 836//836 837//837 830//830
f 830//830 831//831 838//838
f 838//838 831//831 830//830
f 832//832 839//839 831//831
f 831//831 839//839 832//832
f 832//832 155//155 168//168
f 168//168 155//155 832//832
f 155//155 833//833 840//840
f 840//840 833//833 155//155
f 833//833 834//834 841//841
f 841//841 834//834 833//833
f 835//835 842//842 834//834
f 834//834 842//842 835//835
f 835//835 836//836 843//843
f 843//843 836//836 835//835
f 836//836 837//837 843//843
f 843//843 837//837 836//836
f 837//837 830//830 838//838
f 838//838 830//830 837//837
f 831//831 839//839 838//838
f 838//838 839//839 831//831
f 839//839 832//832 168//168
f 168//168 832//832 839//839
f 168//168 155//155 840//840
f 840//840 155//155 168//168
f 833//833 841//841 840//840
f 840//840 841//841 833//833
f 834//834 842//842 841//841
f 841//841 842//842 834//834
f 835//835 843//843 842//842
f 842//842 843//843 835//835
f 837//837 844//844 843//843
f 843//843 844//844 837//837
f 837//837 845//845 844//844
f 844//844 845//845 837//837
f 837//837 838//838 845//845
f 845//845 838//838 837//837
f 839//839 846//846 838//838
f 838//838 846//846 839//839
f 839//839 168//168 174//174
f 174//174 168//168 839//839
f 168//168 840//840 847//847
f 847//847 840//840 168//168
f 840//840 841//841 848//848
f 848//848 841//841 840//840
f 842//842 849//849 841//841
f 841//841 849//849 842//842
f 842//842 843//843 850//850
f 850//850 843//843 842//842
f 843//843 844//844 850//850
f 850//850 844//844 843//843
f 844//844 845//845 851//851
f 851//851 845//845 844//844
f 838//838 846//846 845//845
f 845//845 846//846 838//838
f 839//839 174//174 846//846
f 846//846 174//174 839//839
f 174//174 168//168 847//847
f 847//847 168//168 174//174
f 847//847 840//840 848//848
f 848//848 840//840 847//847
f 841//841 849//849 848//848
f 848//848 849//849 841//841
f 849//849 842//842 850//850
f 850//850 842//842 849//849
f 844//844 851//851 850//850
f 850//850 851//851 844//844
f 845//845 852//852 851//851
f 851//851 852//852 845//845
f 846//846 853//853 845//845
f 845//845 853//853 846//846
f 846//846 174//174 185//185
f 185//185 174//174 846//846
f 174//174 847//847 854//854
f 854//854 847//847 174//174
f 847//847 848//848 855//855
f 855//855 848//848 847//847
f 848//848 849//849 855//855
f 855//855 849//849 848//848
f 849//849 850//850 856//856
f 856//856 850//850 849//849
f 857//857 851//851 858//858
f 858//858 851//851 857//857
f 850//850 851//851 859//859
f 859//859 851//851 850//850
f 851//851 852//852 858//858
f 858//858 852//852 851//851
f 845//845 853//853 852//852
f 852//852 853//853 845//845
f 846//846 185//185 853//853
f 853//853 185//185 846//846
f 185//185 174//174 854//854
f 854//854 174//174 185//185
f 854//854 847//847 855//855
f 855//855 847//847 854//854
f 849//849 856//856 855//855
f 855//855 856//856 849//849
f 856//856 850//850 859//859
f 859//859 850//850 856//856
f 857//857 858//858 860//860
f 860//860 858//858 857//857
f 851//851 857//857 859//859
f 859//859 857//857 851//851
f 852//852 861//861 858//858
f 858//858 861//861 852//852
f 858//858 862//862 860//860
f 860//860 862//862 858//858
f 853//853 861//861 852//852
f 852//852 861//861 853//853
f 853//853 185//185 194//194
f 194//194 185//185 853//853
f 185//185 854//854 863//863
f 863//863 854//854 185//185
f 854//854 855//855 864//864
f 864//864 855//855 854//854
f 856//856 865//865 855//855
f 855//855 865//865 856//856
f 856//856 859//859 866//866
f 866//866 859//859 856//856
f 867//867 857//857 860//860
f 860//860 857//857 867//867
f 859//859 857//857 866//866
f 866//866 857//857 859//859
f 861//861 862//862 858//858
f 858//858 862//862 861//861
f 862//862 868//868 860//860
f 860//860 868//868 862//862
f 860//860 868//868 869//869
f 869//869 868//868 860//860
f 861//861 853//853 194//194
f 194//194 853//853 861//861
f 194//194 185//185 863//863
f 863//863 185//185 194//194
f 863//863 854//854 864//864
f 864//864 854//854 863//863
f 855//855 865//865 864//864
f 864//864 865//865 855//855
f 865//865 856//856 866//866
f 866//866 856//856 865//865
f 867//867 860//860 869//869
f 869//869 860//860 867//867
f 857//857 867//867 866//866
f 866//866 867//867 857//857
f 862//862 861//861 216//216
f 216//216 861//861 862//862
f 868//868 862//862 232//232
f 232//232 862//862 868//868
f 868//868 870//870 869//869
f 869//869 870//870 868//868
f 861//861 194//194 216//216
f 216//216 194//194 861//861
f 194//194 863//863 871//871
f 871//871 863//863 194//194
f 863//863 864//864 872//872
f 872//872 864//864 863//863
f 865//865 873//873 864//864
f 864//864 873//873 865//865
f 865//865 866//866 874//874
f 874//874 866//866 865//865
f 875//875 867//867 869//869
f 869//869 867//867 875//875
f 866//866 867//867 874//874
f 874//874 867//867 866//866
f 869//869 870//870 876//876
f 876//876 870//870 869//869
f 862//862 216//216 232//232
f 232//232 216//216 862//862
f 868//868 232//232 227//227
f 227//227 232//232 868//868
f 870//870 868//868 227//227
f 227//227 868//868 870//870
f 216//216 194//194 871//871
f 871//871 194//194 216//216
f 863//863 872//872 871//871
f 871//871 872//872 863//863
f 864//864 873//873 872//872
f 872//872 873//873 864//864
f 865//865 874//874 873//873
f 873//873 874//874 865//865
f 875//875 869//869 876//876
f 876//876 869//869 875//875
f 867//867 875//875 874//874
f 874//874 875//875 867//867
f 870//870 877//877 876//876
f 876//876 877//877 870//870
f 232//232 216//216 878//878
f 878//878 216//216 232//232
f 227//227 232//232 879//879
f 879//879 232//232 227//227
f 870//870 227//227 207//207
f 207//207 227//227 870//870
f 216//216 871//871 878//878
f 878//878 871//871 216//216
f 871//871 872//872 880//880
f 880//880 872//872 871//871
f 873//873 881//881 872//872
f 872//872 881//881 873//873
f 873//873 874//874 882//882
f 882//882 874//874 873//873
f 883//883 875//875 876//876
f 876//876 875//875 883//883
f 874//874 875//875 882//882
f 882//882 875//875 874//874
f 876//876 877//877 884//884
f 884//884 877//877 876//876
f 877//877 870//870 207//207
f 207//207 870//870 877//877
f 232//232 878//878 879//879
f 879//879 878//878 232//232
f 227//227 879//879 885//885
f 885//885 879//879 227//227
f 207//207 227//227 885//885
f 885//885 227//227 207//207
f 871//871 880//880 878//878
f 878//878 880//880 871//871
f 872//872 881//881 880//880
f 880//880 881//881 872//872
f 873//873 882//882 881//881
f 881//881 882//882 873//873
f 883//883 876//876 884//884
f 884//884 876//876 883//883
f 875//875 883//883 882//882
f 882//882 883//883 875//875
f 877//877 886//886 884//884
f 884//884 886//886 877//877
f 877//877 207//207 257//257
f 257//257 207//207 877//877
f 878//878 887//887 879//879
f 879//879 887//887 878//878
f 879//879 888//888 885//885
f 885//885 888//888 879//879
f 207//207 885//885 889//889
f 889//889 885//885 207//207
f 878//878 880//880 887//887
f 887//887 880//880 878//878
f 881//881 890//890 880//880
f 880//880 890//890 881//881
f 881//881 882//882 891//891
f 891//891 882//882 881//881
f 892//892 883//883 884//884
f 884//884 883//883 892//892
f 882//882 883//883 891//891
f 891//891 883//883 882//882
f 884//884 886//886 893//893
f 893//893 886//886 884//884
f 886//886 877//877 257//257
f 257//257 877//877 886//886
f 257//257 207//207 889//889
f 889//889 207//207 257//257
f 879//879 887//887 888//888
f 888//888 887//887 879//879
f 885//885 888//888 889//889
f 889//889 888//888 885//885
f 880//880 890//890 887//887
f 887//887 890//890 880//880
f 881//881 891//891 890//890
f 890//890 891//891 881//881
f 892//892 884//884 893//893
f 893//893 884//884 892//892
f 883//883 892//892 891//891
f 891//891 892//892 883//883
f 886//886 894//894 893//893
f 893//893 894//894 886//886
f 886//886 257//257 264//264
f 264//264 257//257 886//886
f 257//257 889//889 895//895
f 895//895 889//889 257//257
f 887//887 896//896 888//888
f 888//888 896//896 887//887
f 888//888 897//897 889//889
f 889//889 897//897 888//888
f 890//890 896//896 887//887
f 887//887 896//896 890//890
f 890//890 891//891 898//898
f 898//898 891//891 890//890
f 899//899 892//892 893//893
f 893//893 892//892 899//899
f 891//891 892//892 898//898
f 898//898 892//892 891//891
f 889//889 897//897 895//895
f 895//895 897//897 889//889
f 893//893 894//894 900//900
f 900//900 894//894 893//893
f 894//894 886//886 264//264
f 264//264 886//886 894//894
f 264//264 257//257 895//895
f 895//895 257//257 264//264
f 888//888 896//896 897//897
f 897//897 896//896 888//888
f 890//890 898//898 896//896
f 896//896 898//898 890//890
f 899//899 893//893 900//900
f 900//900 893//893 899//899
f 898//898 892//892 899//899
f 899//899 892//892 898//898
f 897//897 901//901 895//895
f 895//895 901//901 897//897
f 894//894 902//902 900//900
f 900//900 902//902 894//894
f 894//894 264//264 266//266
f 266//266 264//264 894//894
f 264//264 895//895 903//903
f 903//903 895//895 264//264
f 896//896 904//904 897//897
f 897//897 904//904 896//896
f 896//896 898//898 905//905
f 905//905 898//898 896//896
f 906//906 899//899 900//900
f 900//900 899//899 906//906
f 898//898 899//899 905//905
f 905//905 899//899 898//898
f 897//897 904//904 901//901
f 901//901 904//904 897//897
f 907//907 329//329 339//339
f 339//339 329//329 907//907
f 895//895 901//901 903//903
f 903//903 901//901 895//895
f 900//900 902//902 908//908
f 908//908 902//902 900//900
f 902//902 894//894 266//266
f 266//266 894//894 902//902
f 266//266 264//264 903//903
f 903//903 264//264 266//266
f 896//896 905//905 904//904
f 904//904 905//905 896//896
f 906//906 900//900 908//908
f 908//908 900//900 906//906
f 899//899 906//906 905//905
f 905//905 906//906 899//899
f 324//324 304//304 335//335
f 335//335 304//304 324//324
f 311//311 304//304 324//324
f 324//324 304//304 311//311
f 324//324 335//335 909//909
f 909//909 335//335 324//324
f 335//335 907//907 339//339
f 339//339 907//907 335//335
f 329//329 341//341 339//339
f 339//339 341//341 329//329
f 904//904 910//910 901//901
f 901//901 910//910 904//904
f 907//907 308//308 329//329
f 329//329 308//308 907//907
f 903//903 901//901 911//911
f 911//911 901//901 903//903
f 902//902 912//912 908//908
f 908//908 912//912 902//902
f 902//902 266//266 278//278
f 278//278 266//266 902//902
f 266//266 903//903 913//913
f 913//913 903//903 266//266
f 904//904 905//905 910//910
f 910//910 905//905 904//904
f 908//908 912//912 914//914
f 914//914 912//912 908//908
f 915//915 906//906 908//908
f 908//908 906//906 915//915
f 905//905 906//906 916//916
f 916//916 906//906 905//905
f 304//304 907//907 335//335
f 335//335 907//907 304//304
f 304//304 311//311 917//917
f 917//917 311//311 304//304
f 311//311 324//324 918//918
f 918//918 324//324 311//311
f 909//909 335//335 919//919
f 919//919 335//335 909//909
f 918//918 324//324 909//909
f 909//909 324//324 918//918
f 919//919 335//335 339//339
f 339//339 335//335 919//919
f 920//920 339//339 341//341
f 341//341 339//339 920//920
f 341//341 329//329 921//921
f 921//921 329//329 341//341
f 329//329 308//308 315//315
f 315//315 308//308 329//329
f 901//901 910//910 911//911
f 911//911 910//910 901//901
f 907//907 922//922 308//308
f 308//308 922//922 907//907
f 903//903 911//911 913//913
f 913//913 911//911 903//903
f 922//922 923//923 294//294
f 294//294 923//923 922//922
f 923//923 912//912 287//287
f 287//287 912//912 923//923
f 912//912 902//902 278//278
f 278//278 902//902 912//912
f 278//278 266//266 913//913
f 913//913 266//266 278//278
f 905//905 916//916 910//910
f 910//910 916//916 905//905
f 912//912 923//923 914//914
f 914//914 923//923 912//912
f 915//915 908//908 914//914
f 914//914 908//908 915//915
f 906//906 915//915 916//916
f 916//916 915//915 906//906
f 923//923 922//922 924//924
f 924//924 922//922 923//923
f 922//922 907//907 925//925
f 925//925 907//907 922//922
f 304//304 926//926 907//907
f 907//907 926//926 304//304
f 917//917 311//311 918//918
f 918//918 311//311 917//917
f 918//918 909//909 919//919
f 919//919 909//909 918//918
f 920//920 919//919 339//339
f 339//339 919//919 920//920
f 329//329 927//927 921//921
f 921//921 927//927 329//329
f 921//921 920//920 341//341
f 341//341 920//920 921//921
f 329//329 315//315 927//927
f 927//927 315//315 329//329
f 315//315 308//308 928//928
f 928//928 308//308 315//315
f 910//910 929//929 911//911
f 911//911 929//929 910//910
f 922//922 294//294 308//308
f 308//308 294//294 922//922
f 911//911 930//930 913//913
f 913//913 930//930 911//911
f 923//923 287//287 294//294
f 294//294 287//287 923//923
f 912//912 278//278 287//287
f 287//287 278//278 912//912
f 278//278 913//913 931//931
f 931//931 913//913 278//278
f 910//910 916//916 929//929
f 929//929 916//916 910//910
f 914//914 923//923 924//924
f 924//924 923//923 914//914
f 932//932 915//915 914//914
f 914//914 915//915 932//932
f 916//916 915//915 933//933
f 933//933 915//915 916//916
f 924//924 922//922 925//925
f 925//925 922//922 924//924
f 925//925 907//907 934//934
f 934//934 907//907 925//925
f 907//907 926//926 934//934
f 934//934 926//926 907//907
f 917//917 918//918 919//919
f 919//919 918//918 917//917
f 935//935 919//919 920//920
f 920//920 919//919 935//935
f 921//921 927//927 920//920
f 920//920 927//927 921//921
f 308//308 936//936 928//928
f 928//928 936//936 308//308
f 315//315 928//928 927//927
f 927//927 928//928 315//315
f 911//911 929//929 930//930
f 930//930 929//929 911//911
f 308//308 294//294 936//936
f 936//936 294//294 308//308
f 913//913 930//930 931//931
f 931//931 930//930 913//913
f 294//294 287//287 937//937
f 937//937 287//287 294//294
f 287//287 278//278 931//931
f 931//931 278//278 287//287
f 929//929 916//916 933//933
f 933//933 916//916 929//929
f 932//932 914//914 924//924
f 924//924 914//914 932//932
f 915//915 932//932 933//933
f 933//933 932//932 915//915
f 926//926 938//938 939//939
f 939//939 938//938 926//926
f 940//940 924//924 925//925
f 925//925 924//924 940//940
f 941//941 925//925 934//934
f 934//934 925//925 941//941
f 926//926 942//942 934//934
f 934//934 942//942 926//926
f 942//942 926//926 939//939
f 939//939 926//926 942//942
f 938//938 917//917 943//943
f 943//943 917//917 938//938
f 935//935 917//917 919//919
f 919//919 917//917 935//935
f 927//927 935//935 920//920
f 920//920 935//935 927//927
f 928//928 936//936 927//927
f 927//927 936//936 928//928
f 929//929 944//944 930//930
f 930//930 944//944 929//929
f 294//294 937//937 936//936
f 936//936 937//937 294//294
f 930//930 945//945 931//931
f 931//931 945//945 930//930
f 287//287 931//931 937//937
f 937//937 931//931 287//287
f 929//929 933//933 944//944
f 944//944 933//933 929//929
f 940//940 932//932 924//924
f 924//924 932//932 940//940
f 933//933 932//932 946//946
f 946//946 932//932 933//933
f 939//939 938//938 943//943
f 943//943 938//938 939//939
f 941//941 940//940 925//925
f 925//925 940//940 941//941
f 942//942 941//941 934//934
f 934//934 941//941 942//942
f 947//947 942//942 939//939
f 939//939 942//942 947//947
f 943//943 917//917 935//935
f 935//935 917//917 943//943
f 936//936 935//935 927//927
f 927//927 935//935 936//936
f 930//930 944//944 945//945
f 945//945 944//944 930//930
f 937//937 948//948 936//936
f 936//936 948//948 937//937
f 931//931 945//945 937//937
f 937//937 945//945 931//931
f 933//933 946//946 944//944
f 944//944 946//946 933//933
f 932//932 940//940 946//946
f 946//946 940//940 932//932
f 943//943 947//947 939//939
f 939//939 947//947 943//943
f 940//940 941//941 949//949
f 949//949 941//941 940//940
f 941//941 942//942 947//947
f 947//947 942//942 941//941
f 950//950 943//943 935//935
f 935//935 943//943 950//950
f 948//948 935//935 936//936
f 936//936 935//935 948//948
f 944//944 951//951 945//945
f 945//945 951//951 944//944
f 945//945 948//948 937//937
f 937//937 948//948 945//945
f 944//944 946//946 951//951
f 951//951 946//946 944//944
f 946//946 940//940 949//949
f 949//949 940//940 946//946
f 950//950 947//947 943//943
f 943//943 947//947 950//950
f 949//949 941//941 947//947
f 947//947 941//941 949//949
f 948//948 950//950 935//935
f 935//935 950//950 948//948
f 945//945 951//951 948//948
f 948//948 951//951 945//945
f 946//946 949//949 951//951
f 951//951 949//949 946//946
f 950//950 949//949 947//947
f 947//947 949//949 950//950
f 951//951 950//950 948//948
f 948//948 950//950 951//951
f 951//951 949//949 950//950
f 950//950 949//949 951//951
f 952//952 11//11 953//953
f 953//953 11//11 952//952
f 952//952 6//6 11//11
f 11//11 6//6 952//952
f 953//953 11//11 17//17
f 17//17 11//11 953//953
f 954//954 6//6 952//952
f 952//952 6//6 954//954
f 952//952 953//953 955//955
f 955//955 953//953 952//952
f 11//11 6//6 17//17
f 17//17 6//6 11//11
f 954//954 3//3 6//6
f 6//6 3//3 954//954
f 955//955 953//953 17//17
f 17//17 953//953 955//955
f 952//952 955//955 954//954
f 954//954 955//955 952//952
f 38//38 44//44 956//956
f 956//956 44//44 38//38
f 957//957 955//955 23//23
f 23//23 955//955 957//957
f 38//38 958//958 29//29
f 29//29 958//958 38//38
f 17//17 6//6 3//3
f 3//3 6//6 17//17
f 23//23 955//955 17//17
f 17//17 955//955 23//23
f 954//954 955//955 957//957
f 957//957 955//955 954//954
f 958//958 957//957 29//29
f 29//29 957//957 958//958
f 956//956 958//958 38//38
f 38//38 958//958 956//956
f 44//44 38//38 48//48
f 48//48 38//38 44//44
f 44//44 959//959 956//956
f 956//956 959//959 44//44
f 29//29 957//957 23//23
f 23//23 957//957 29//29
f 38//38 29//29 48//48
f 48//48 29//29 38//38
f 17//17 3//3 23//23
f 23//23 3//3 17//17
f 954//954 960//960 961//961
f 961//961 960//960 954//954
f 954//954 957//957 962//962
f 962//962 957//957 954//954
f 962//962 957//957 958//958
f 958//958 957//957 962//962
f 958//958 956//956 963//963
f 963//963 956//956 958//958
f 956//956 959//959 963//963
f 963//963 959//959 956//956
f 44//44 48//48 959//959
f 959//959 48//48 44//44
f 29//29 23//23 48//48
f 48//48 23//23 29//29
f 23//23 3//3 964//964
f 964//964 3//3 23//23
f 965//965 966//966 3//3
f 3//3 966//966 965//965
f 961//961 967//967 965//965
f 965//965 967//967 961//961
f 960//960 967//967 961//961
f 961//961 967//967 960//960
f 962//962 960//960 954//954
f 954//954 960//960 962//962
f 962//962 958//958 963//963
f 963//963 958//958 962//962
f 48//48 963//963 959//959
f 959//959 963//963 48//48
f 23//23 964//964 48//48
f 48//48 964//964 23//23
f 966//966 964//964 3//3
f 3//3 964//964 966//966
f 965//965 968//968 966//966
f 966//966 968//968 965//965
f 967//967 968//968 965//965
f 965//965 968//968 967//967
f 960//960 969//969 967//967
f 967//967 969//969 960//960
f 962//962 970//970 960//960
f 960//960 970//970 962//962
f 971//971 962//962 963//963
f 963//963 962//962 971//971
f 48//48 66//66 963//963
f 963//963 66//66 48//48
f 964//964 972//972 48//48
f 48//48 972//972 964//964
f 966//966 973//973 964//964
f 964//964 973//973 966//966
f 968//968 974//974 966//966
f 966//966 974//974 968//968
f 967//967 975//975 968//968
f 968//968 975//975 967//967
f 975//975 967//967 969//969
f 969//969 967//967 975//975
f 970//970 969//969 960//960
f 960//960 969//969 970//970
f 970//970 962//962 971//971
f 971//971 962//962 970//970
f 66//66 971//971 963//963
f 963//963 971//971 66//66
f 48//48 972//972 66//66
f 66//66 972//972 48//48
f 973//973 972//972 964//964
f 964//964 972//972 973//973
f 966//966 974//974 973//973
f 973//973 974//974 966//966
f 975//975 974//974 968//968
f 968//968 974//974 975//975
f 976//976 975//975 969//969
f 969//969 975//975 976//976
f 970//970 977//977 969//969
f 969//969 977//977 970//970
f 978//978 970//970 971//971
f 971//971 970//970 978//978
f 66//66 93//93 971//971
f 971//971 93//93 66//66
f 972//972 979//979 66//66
f 66//66 979//979 972//972
f 973//973 980//980 972//972
f 972//972 980//980 973//973
f 974//974 981//981 973//973
f 973//973 981//981 974//974
f 975//975 982//982 974//974
f 974//974 982//982 975//975
f 982//982 975//975 976//976
f 976//976 975//975 982//982
f 977//977 976//976 969//969
f 969//969 976//976 977//977
f 977//977 970//970 978//978
f 978//978 970//970 977//977
f 93//93 978//978 971//971
f 971//971 978//978 93//93
f 979//979 93//93 66//66
f 66//66 93//93 979//979
f 980//980 979//979 972//972
f 972//972 979//979 980//980
f 981//981 980//980 973//973
f 973//973 980//980 981//981
f 982//982 981//981 974//974
f 974//974 981//981 982//982
f 983//983 982//982 976//976
f 976//976 982//982 983//983
f 977//977 984//984 976//976
f 976//976 984//984 977//977
f 985//985 977//977 978//978
f 978//978 977//977 985//985
f 93//93 84//84 978//978
f 978//978 84//84 93//93
f 979//979 986//986 93//93
f 93//93 986//986 979//979
f 980//980 987//987 979//979
f 979//979 987//987 980//980
f 981//981 988//988 980//980
f 980//980 988//988 981//981
f 982//982 989//989 981//981
f 981//981 989//989 982//982
f 989//989 982//982 983//983
f 983//983 982//982 989//989
f 984//984 983//983 976//976
f 976//976 983//983 984//984
f 984//984 977//977 985//985
f 985//985 977//977 984//984
f 84//84 985//985 978//978
f 978//978 985//985 84//84
f 986//986 84//84 93//93
f 93//93 84//84 986//986
f 987//987 986//986 979//979
f 979//979 986//986 987//987
f 988//988 987//987 980//980
f 980//980 987//987 988//988
f 989//989 988//988 981//981
f 981//981 988//988 989//989
f 990//990 989//989 983//983
f 983//983 989//989 990//990
f 984//984 991//991 983//983
f 983//983 991//991 984//984
f 992//992 984//984 985//985
f 985//985 984//984 992//992
f 84//84 109//109 985//985
f 985//985 109//109 84//84
f 986//986 109//109 84//84
f 84//84 109//109 986//986
f 987//987 993//993 986//986
f 986//986 993//993 987//987
f 988//988 994//994 987//987
f 987//987 994//994 988//988
f 989//989 995//995 988//988
f 988//988 995//995 989//989
f 990//990 995//995 989//989
f 989//989 995//995 990//990
f 991//991 990//990 983//983
f 983//983 990//990 991//991
f 992//992 991//991 984//984
f 984//984 991//991 992//992
f 996//996 992//992 985//985
f 985//985 992//992 996//996
f 109//109 996//996 985//985
f 985//985 996//996 109//109
f 993//993 109//109 986//986
f 986//986 109//109 993//993
f 994//994 993//993 987//987
f 987//987 993//993 994//994
f 995//995 994//994 988//988
f 988//988 994//994 995//995
f 990//990 997//997 995//995
f 995//995 997//997 990//990
f 990//990 991//991 998//998
f 998//998 991//991 990//990
f 992//992 999//999 991//991
f 991//991 999//999 992//992
f 992//992 996//996 1000//1000
f 1000//1000 996//996 992//992
f 109//109 116//116 996//996
f 996//996 116//116 109//109
f 993//993 1001//1001 109//109
f 109//109 1001//1001 993//993
f 994//994 1002//1002 993//993
f 993//993 1002//1002 994//994
f 995//995 1003//1003 994//994
f 994//994 1003//1003 995//995
f 997//997 1003//1003 995//995
f 995//995 1003//1003 997//997
f 997//997 990//990 998//998
f 998//998 990//990 997//997
f 999//999 998//998 991//991
f 991//991 998//998 999//999
f 999//999 992//992 1000//1000
f 1000//1000 992//992 999//999
f 116//116 1000//1000 996//996
f 996//996 1000//1000 116//116
f 109//109 1001//1001 116//116
f 116//116 1001//1001 109//109
f 1002//1002 1001//1001 993//993
f 993//993 1001//1001 1002//1002
f 994//994 1003//1003 1002//1002
f 1002//1002 1003//1003 994//994
f 997//997 1004//1004 1003//1003
f 1003//1003 1004//1004 997//997
f 997//997 998//998 1005//1005
f 1005//1005 998//998 997//997
f 999//999 1006//1006 998//998
f 998//998 1006//1006 999//999
f 999//999 1000//1000 1007//1007
f 1007//1007 1000//1000 999//999
f 116//116 123//123 1000//1000
f 1000//1000 123//123 116//116
f 1001//1001 1008//1008 116//116
f 116//116 1008//1008 1001//1001
f 1002//1002 1009//1009 1001//1001
f 1001//1001 1009//1009 1002//1002
f 1003//1003 1010//1010 1002//1002
f 1002//1002 1010//1010 1003//1003
f 1004//1004 1010//1010 1003//1003
f 1003//1003 1010//1010 1004//1004
f 1004//1004 997//997 1005//1005
f 1005//1005 997//997 1004//1004
f 1006//1006 1005//1005 998//998
f 998//998 1005//1005 1006//1006
f 1006//1006 999//999 1007//1007
f 1007//1007 999//999 1006//1006
f 123//123 1007//1007 1000//1000
f 1000//1000 1007//1007 123//123
f 116//116 1008//1008 123//123
f 123//123 1008//1008 116//116
f 1009//1009 1008//1008 1001//1001
f 1001//1001 1008//1008 1009//1009
f 1002//1002 1010//1010 1009//1009
f 1009//1009 1010//1010 1002//1002
f 1004//1004 1011//1011 1010//1010
f 1010//1010 1011//1011 1004//1004
f 1004//1004 1005//1005 1012//1012
f 1012//1012 1005//1005 1004//1004
f 1006//1006 1013//1013 1005//1005
f 1005//1005 1013//1013 1006//1006
f 1006//1006 1007//1007 1014//1014
f 1014//1014 1007//1007 1006//1006
f 123//123 129//129 1007//1007
f 1007//1007 129//129 123//123
f 1008//1008 1015//1015 123//123
f 123//123 1015//1015 1008//1008
f 1009//1009 1016//1016 1008//1008
f 1008//1008 1016//1016 1009//1009
f 1010//1010 1017//1017 1009//1009
f 1009//1009 1017//1017 1010//1010
f 1011//1011 1017//1017 1010//1010
f 1010//1010 1017//1017 1011//1011
f 1011//1011 1004//1004 1012//1012
f 1012//1012 1004//1004 1011//1011
f 1013//1013 1012//1012 1005//1005
f 1005//1005 1012//1012 1013//1013
f 1013//1013 1006//1006 1014//1014
f 1014//1014 1006//1006 1013//1013
f 129//129 1014//1014 1007//1007
f 1007//1007 1014//1014 129//129
f 123//123 1015//1015 129//129
f 129//129 1015//1015 123//123
f 1016//1016 1015//1015 1008//1008
f 1008//1008 1015//1015 1016//1016
f 1009//1009 1017//1017 1016//1016
f 1016//1016 1017//1017 1009//1009
f 1011//1011 1018//1018 1017//1017
f 1017//1017 1018//1018 1011//1011
f 1011//1011 1012//1012 1019//1019
f 1019//1019 1012//1012 1011//1011
f 1013//1013 1020//1020 1012//1012
f 1012//1012 1020//1020 1013//1013
f 1013//1013 1014//1014 1021//1021
f 1021//1021 1014//1014 1013//1013
f 129//129 135//135 1014//1014
f 1014//1014 135//135 129//129
f 1015//1015 1022//1022 129//129
f 129//129 1022//1022 1015//1015
f 1016//1016 1023//1023 1015//1015
f 1015//1015 1023//1023 1016//1016
f 1017//1017 1024//1024 1016//1016
f 1016//1016 1024//1024 1017//1017
f 1018//1018 1024//1024 1017//1017
f 1017//1017 1024//1024 1018//1018
f 1018//1018 1011//1011 1019//1019
f 1019//1019 1011//1011 1018//1018
f 1020//1020 1019//1019 1012//1012
f 1012//1012 1019//1019 1020//1020
f 1020//1020 1013//1013 1021//1021
f 1021//1021 1013//1013 1020//1020
f 135//135 1021//1021 1014//1014
f 1014//1014 1021//1021 135//135
f 129//129 1022//1022 135//135
f 135//135 1022//1022 129//129
f 1023//1023 1022//1022 1015//1015
f 1015//1015 1022//1022 1023//1023
f 1016//1016 1024//1024 1023//1023
f 1023//1023 1024//1024 1016//1016
f 1018//1018 1025//1025 1024//1024
f 1024//1024 1025//1025 1018//1018
f 1018//1018 1019//1019 1026//1026
f 1026//1026 1019//1019 1018//1018
f 1020//1020 1027//1027 1019//1019
f 1019//1019 1027//1027 1020//1020
f 1020//1020 1021//1021 1028//1028
f 1028//1028 1021//1021 1020//1020
f 142//142 1021//1021 135//135
f 135//135 1021//1021 142//142
f 135//135 1022//1022 1029//1029
f 1029//1029 1022//1022 135//135
f 1023//1023 1030//1030 1022//1022
f 1022//1022 1030//1030 1023//1023
f 1024//1024 1031//1031 1023//1023
f 1023//1023 1031//1031 1024//1024
f 1025//1025 1031//1031 1024//1024
f 1024//1024 1031//1031 1025//1025
f 1025//1025 1018//1018 1026//1026
f 1026//1026 1018//1018 1025//1025
f 1027//1027 1026//1026 1019//1019
f 1019//1019 1026//1026 1027//1027
f 1027//1027 1020//1020 1028//1028
f 1028//1028 1020//1020 1027//1027
f 1028//1028 1021//1021 142//142
f 142//142 1021//1021 1028//1028
f 135//135 1029//1029 142//142
f 142//142 1029//1029 135//135
f 1030//1030 1029//1029 1022//1022
f 1022//1022 1029//1029 1030//1030
f 1023//1023 1031//1031 1030//1030
f 1030//1030 1031//1031 1023//1023
f 1025//1025 1032//1032 1031//1031
f 1031//1031 1032//1032 1025//1025
f 1025//1025 1026//1026 1033//1033
f 1033//1033 1026//1026 1025//1025
f 1027//1027 1034//1034 1026//1026
f 1026//1026 1034//1034 1027//1027
f 1027//1027 1028//1028 1035//1035
f 1035//1035 1028//1028 1027//1027
f 149//149 1028//1028 142//142
f 142//142 1028//1028 149//149
f 142//142 1029//1029 1036//1036
f 1036//1036 1029//1029 142//142
f 1030//1030 1037//1037 1029//1029
f 1029//1029 1037//1037 1030//1030
f 1031//1031 1038//1038 1030//1030
f 1030//1030 1038//1038 1031//1031
f 1032//1032 1038//1038 1031//1031
f 1031//1031 1038//1038 1032//1032
f 1032//1032 1025//1025 1033//1033
f 1033//1033 1025//1025 1032//1032
f 1034//1034 1033//1033 1026//1026
f 1026//1026 1033//1033 1034//1034
f 1034//1034 1027//1027 1035//1035
f 1035//1035 1027//1027 1034//1034
f 1035//1035 1028//1028 149//149
f 149//149 1028//1028 1035//1035
f 142//142 1036//1036 149//149
f 149//149 1036//1036 142//142
f 1037//1037 1036//1036 1029//1029
f 1029//1029 1036//1036 1037//1037
f 1030//1030 1038//1038 1037//1037
f 1037//1037 1038//1038 1030//1030
f 1032//1032 1039//1039 1038//1038
f 1038//1038 1039//1039 1032//1032
f 1032//1032 1033//1033 1040//1040
f 1040//1040 1033//1033 1032//1032
f 1034//1034 1041//1041 1033//1033
f 1033//1033 1041//1041 1034//1034
f 1034//1034 1035//1035 1042//1042
f 1042//1042 1035//1035 1034//1034
f 156//156 1035//1035 149//149
f 149//149 1035//1035 156//156
f 149//149 1036//1036 1043//1043
f 1043//1043 1036//1036 149//149
f 1037//1037 1044//1044 1036//1036
f 1036//1036 1044//1044 1037//1037
f 1037//1037 1038//1038 1045//1045
f 1045//1045 1038//1038 1037//1037
f 1039//1039 1045//1045 1038//1038
f 1038//1038 1045//1045 1039//1039
f 1039//1039 1032//1032 1040//1040
f 1040//1040 1032//1032 1039//1039
f 1041//1041 1040//1040 1033//1033
f 1033//1033 1040//1040 1041//1041
f 1041//1041 1034//1034 1042//1042
f 1042//1042 1034//1034 1041//1041
f 1042//1042 1035//1035 156//156
f 156//156 1035//1035 1042//1042
f 149//149 1043//1043 156//156
f 156//156 1043//1043 149//149
f 1044//1044 1043//1043 1036//1036
f 1036//1036 1043//1043 1044//1044
f 1037//1037 1045//1045 1044//1044
f 1044//1044 1045//1045 1037//1037
f 1039//1039 1046//1046 1045//1045
f 1045//1045 1046//1046 1039//1039
f 1039//1039 1040//1040 1047//1047
f 1047//1047 1040//1040 1039//1039
f 1041//1041 1048//1048 1040//1040
f 1040//1040 1048//1048 1041//1041
f 1041//1041 1042//1042 1049//1049
f 1049//1049 1042//1042 1041//1041
f 167//167 1042//1042 156//156
f 156//156 1042//1042 167//167
f 156//156 1043//1043 1050//1050
f 1050//1050 1043//1043 156//156
f 1044//1044 1051//1051 1043//1043
f 1043//1043 1051//1051 1044//1044
f 1044//1044 1045//1045 1052//1052
f 1052//1052 1045//1045 1044//1044
f 1046//1046 1052//1052 1045//1045
f 1045//1045 1052//1052 1046//1046
f 1046//1046 1039//1039 1047//1047
f 1047//1047 1039//1039 1046//1046
f 1048//1048 1047//1047 1040//1040
f 1040//1040 1047//1047 1048//1048
f 1048//1048 1041//1041 1049//1049
f 1049//1049 1041//1041 1048//1048
f 1049//1049 1042//1042 167//167
f 167//167 1042//1042 1049//1049
f 156//156 1050//1050 167//167
f 167//167 1050//1050 156//156
f 1051//1051 1050//1050 1043//1043
f 1043//1043 1050//1050 1051//1051
f 1044//1044 1052//1052 1051//1051
f 1051//1051 1052//1052 1044//1044
f 1046//1046 1053//1053 1052//1052
f 1052//1052 1053//1053 1046//1046
f 1046//1046 1054//1054 1053//1053
f 1053//1053 1054//1054 1046//1046
f 1046//1046 1047//1047 1054//1054
f 1054//1054 1047//1047 1046//1046
f 1048//1048 1055//1055 1047//1047
f 1047//1047 1055//1055 1048//1048
f 1048//1048 1049//1049 1056//1056
f 1056//1056 1049//1049 1048//1048
f 169//169 1049//1049 167//167
f 167//167 1049//1049 169//169
f 167//167 1050//1050 1057//1057
f 1057//1057 1050//1050 167//167
f 1051//1051 1058//1058 1050//1050
f 1050//1050 1058//1058 1051//1051
f 1051//1051 1052//1052 1059//1059
f 1059//1059 1052//1052 1051//1051
f 1053//1053 1059//1059 1052//1052
f 1052//1052 1059//1059 1053//1053
f 1053//1053 1054//1054 1060//1060
f 1060//1060 1054//1054 1053//1053
f 1055//1055 1054//1054 1047//1047
f 1047//1047 1054//1054 1055//1055
f 1048//1048 1056//1056 1055//1055
f 1055//1055 1056//1056 1048//1048
f 1056//1056 1049//1049 169//169
f 169//169 1049//1049 1056//1056
f 169//169 167//167 1057//1057
f 1057//1057 167//167 169//169
f 1058//1058 1057//1057 1050//1050
f 1050//1050 1057//1057 1058//1058
f 1058//1058 1051//1051 1059//1059
f 1059//1059 1051//1051 1058//1058
f 1053//1053 1060//1060 1059//1059
f 1059//1059 1060//1060 1053//1053
f 1054//1054 1061//1061 1060//1060
f 1060//1060 1061//1061 1054//1054
f 1055//1055 1062//1062 1054//1054
f 1054//1054 1062//1062 1055//1055
f 1055//1055 1056//1056 1063//1063
f 1063//1063 1056//1056 1055//1055
f 189//189 1056//1056 169//169
f 169//169 1056//1056 189//189
f 169//169 1057//1057 1064//1064
f 1064//1064 1057//1057 169//169
f 1058//1058 1064//1064 1057//1057
f 1057//1057 1064//1064 1058//1058
f 1058//1058 1059//1059 1065//1065
f 1065//1065 1059//1059 1058//1058
f 1066//1066 1060//1060 1067//1067
f 1067//1067 1060//1060 1066//1066
f 1060//1060 1068//1068 1059//1059
f 1059//1059 1068//1068 1060//1060
f 1060//1060 1061//1061 1067//1067
f 1067//1067 1061//1061 1060//1060
f 1062//1062 1061//1061 1054//1054
f 1054//1054 1061//1061 1062//1062
f 1055//1055 1063//1063 1062//1062
f 1062//1062 1063//1063 1055//1055
f 1063//1063 1056//1056 189//189
f 189//189 1056//1056 1063//1063
f 189//189 169//169 1064//1064
f 1064//1064 169//169 189//189
f 1058//1058 1065//1065 1064//1064
f 1064//1064 1065//1065 1058//1058
f 1065//1065 1059//1059 1068//1068
f 1068//1068 1059//1059 1065//1065
f 1066//1066 1067//1067 1069//1069
f 1069//1069 1067//1067 1066//1066
f 1060//1060 1066//1066 1068//1068
f 1068//1068 1066//1066 1060//1060
f 1070//1070 1067//1067 1061//1061
f 1061//1061 1067//1067 1070//1070
f 1071//1071 1069//1069 1067//1067
f 1067//1067 1069//1069 1071//1071
f 1062//1062 1070//1070 1061//1061
f 1061//1061 1070//1070 1062//1062
f 1062//1062 1063//1063 1072//1072
f 1072//1072 1063//1063 1062//1062
f 191//191 1063//1063 189//189
f 189//189 1063//1063 191//191
f 189//189 1064//1064 1073//1073
f 1073//1073 1064//1064 189//189
f 1065//1065 1074//1074 1064//1064
f 1064//1064 1074//1074 1065//1065
f 1065//1065 1068//1068 1075//1075
f 1075//1075 1068//1068 1065//1065
f 1076//1076 1066//1066 1069//1069
f 1069//1069 1066//1066 1076//1076
f 1066//1066 1075//1075 1068//1068
f 1068//1068 1075//1075 1066//1066
f 1070//1070 1071//1071 1067//1067
f 1067//1067 1071//1071 1070//1070
f 1071//1071 1077//1077 1069//1069
f 1069//1069 1077//1077 1071//1071
f 1077//1077 1078//1078 1069//1069
f 1069//1069 1078//1078 1077//1077
f 1070//1070 1062//1062 1072//1072
f 1072//1072 1062//1062 1070//1070
f 1072//1072 1063//1063 191//191
f 191//191 1063//1063 1072//1072
f 191//191 189//189 1073//1073
f 1073//1073 189//189 191//191
f 1074//1074 1073//1073 1064//1064
f 1064//1064 1073//1073 1074//1074
f 1074//1074 1065//1065 1075//1075
f 1075//1075 1065//1065 1074//1074
f 1076//1076 1069//1069 1078//1078
f 1078//1078 1069//1069 1076//1076
f 1066//1066 1076//1076 1075//1075
f 1075//1075 1076//1076 1066//1066
f 1071//1071 1070//1070 1079//1079
f 1079//1079 1070//1070 1071//1071
f 1077//1077 1071//1071 1080//1080
f 1080//1080 1071//1071 1077//1077
f 1077//1077 1081//1081 1078//1078
f 1078//1078 1081//1081 1077//1077
f 1070//1070 1072//1072 1079//1079
f 1079//1079 1072//1072 1070//1070
f 215//215 1072//1072 191//191
f 191//191 1072//1072 215//215
f 191//191 1073//1073 1082//1082
f 1082//1082 1073//1073 191//191
f 1074//1074 1083//1083 1073//1073
f 1073//1073 1083//1083 1074//1074
f 1074//1074 1075//1075 1084//1084
f 1084//1084 1075//1075 1074//1074
f 1085//1085 1076//1076 1078//1078
f 1078//1078 1076//1076 1085//1085
f 1076//1076 1084//1084 1075//1075
f 1075//1075 1084//1084 1076//1076
f 1081//1081 1086//1086 1078//1078
f 1078//1078 1086//1086 1081//1081
f 1071//1071 1079//1079 1080//1080
f 1080//1080 1079//1079 1071//1071
f 1077//1077 1080//1080 1087//1087
f 1087//1087 1080//1080 1077//1077
f 1081//1081 1077//1077 1087//1087
f 1087//1087 1077//1077 1081//1081
f 1079//1079 1072//1072 215//215
f 215//215 1072//1072 1079//1079
f 191//191 1082//1082 215//215
f 215//215 1082//1082 191//191
f 1083//1083 1082//1082 1073//1073
f 1073//1073 1082//1082 1083//1083
f 1074//1074 1084//1084 1083//1083
f 1083//1083 1084//1084 1074//1074
f 1085//1085 1078//1078 1086//1086
f 1086//1086 1078//1078 1085//1085
f 1076//1076 1085//1085 1084//1084
f 1084//1084 1085//1085 1076//1076
f 1081//1081 1088//1088 1086//1086
f 1086//1086 1088//1088 1081//1081
f 1080//1080 1079//1079 231//231
f 231//231 1079//1079 1080//1080
f 1087//1087 1080//1080 228//228
f 228//228 1080//1080 1087//1087
f 1081//1081 1087//1087 1089//1089
f 1089//1089 1087//1087 1081//1081
f 231//231 1079//1079 215//215
f 215//215 1079//1079 231//231
f 215//215 1082//1082 1090//1090
f 1090//1090 1082//1082 215//215
f 1083//1083 1091//1091 1082//1082
f 1082//1082 1091//1091 1083//1083
f 1083//1083 1084//1084 1092//1092
f 1092//1092 1084//1084 1083//1083
f 1093//1093 1085//1085 1086//1086
f 1086//1086 1085//1085 1093//1093
f 1085//1085 1092//1092 1084//1084
f 1084//1084 1092//1092 1085//1085
f 1088//1088 1094//1094 1086//1086
f 1086//1086 1094//1094 1088//1088
f 1088//1088 1081//1081 1089//1089
f 1089//1089 1081//1081 1088//1088
f 228//228 1080//1080 231//231
f 231//231 1080//1080 228//228
f 209//209 1087//1087 228//228
f 228//228 1087//1087 209//209
f 1089//1089 1087//1087 209//209
f 209//209 1087//1087 1089//1089
f 215//215 1090//1090 231//231
f 231//231 1090//1090 215//215
f 1091//1091 1090//1090 1082//1082
f 1082//1082 1090//1090 1091//1091
f 1083//1083 1092//1092 1091//1091
f 1091//1091 1092//1092 1083//1083
f 1093//1093 1086//1086 1094//1094
f 1094//1094 1086//1086 1093//1093
f 1085//1085 1093//1093 1092//1092
f 1092//1092 1093//1093 1085//1085
f 1088//1088 1095//1095 1094//1094
f 1094//1094 1095//1095 1088//1088
f 1088//1088 1089//1089 1096//1096
f 1096//1096 1089//1089 1088//1088
f 231//231 1097//1097 228//228
f 228//228 1097//1097 231//231
f 228//228 1098//1098 209//209
f 209//209 1098//1098 228//228
f 255//255 1089//1089 209//209
f 209//209 1089//1089 255//255
f 231//231 1090//1090 1097//1097
f 1097//1097 1090//1090 231//231
f 1091//1091 1099//1099 1090//1090
f 1090//1090 1099//1099 1091//1091
f 1091//1091 1092//1092 1100//1100
f 1100//1100 1092//1092 1091//1091
f 1101//1101 1093//1093 1094//1094
f 1094//1094 1093//1093 1101//1101
f 1093//1093 1100//1100 1092//1092
f 1092//1092 1100//1100 1093//1093
f 1095//1095 1102//1102 1094//1094
f 1094//1094 1102//1102 1095//1095
f 1095//1095 1088//1088 1096//1096
f 1096//1096 1088//1088 1095//1095
f 1096//1096 1089//1089 255//255
f 255//255 1089//1089 1096//1096
f 228//228 1097//1097 1098//1098
f 1098//1098 1097//1097 228//228
f 209//209 1098//1098 255//255
f 255//255 1098//1098 209//209
f 1099//1099 1097//1097 1090//1090
f 1090//1090 1097//1097 1099//1099
f 1091//1091 1100//1100 1099//1099
f 1099//1099 1100//1100 1091//1091
f 1101//1101 1094//1094 1102//1102
f 1102//1102 1094//1094 1101//1101
f 1093//1093 1101//1101 1100//1100
f 1100//1100 1101//1101 1093//1093
f 1095//1095 1103//1103 1102//1102
f 1102//1102 1103//1103 1095//1095
f 1095//1095 1096//1096 1104//1104
f 1104//1104 1096//1096 1095//1095
f 262//262 1096//1096 255//255
f 255//255 1096//1096 262//262
f 1105//1105 1098//1098 1097//1097
f 1097//1097 1098//1098 1105//1105
f 1098//1098 1106//1106 255//255
f 255//255 1106//1106 1098//1098
f 1099//1099 1105//1105 1097//1097
f 1097//1097 1105//1105 1099//1099
f 1099//1099 1100//1100 1107//1107
f 1107//1107 1100//1100 1099//1099
f 1108//1108 1101//1101 1102//1102
f 1102//1102 1101//1101 1108//1108
f 1101//1101 1107//1107 1100//1100
f 1100//1100 1107//1107 1101//1101
f 255//255 1106//1106 262//262
f 262//262 1106//1106 255//255
f 1103//1103 1109//1109 1102//1102
f 1102//1102 1109//1109 1103//1103
f 1103//1103 1095//1095 1104//1104
f 1104//1104 1095//1095 1103//1103
f 1104//1104 1096//1096 262//262
f 262//262 1096//1096 1104//1104
f 1105//1105 1106//1106 1098//1098
f 1098//1098 1106//1106 1105//1105
f 1099//1099 1107//1107 1105//1105
f 1105//1105 1107//1107 1099//1099
f 1108//1108 1102//1102 1109//1109
f 1109//1109 1102//1102 1108//1108
f 1101//1101 1108//1108 1107//1107
f 1107//1107 1108//1108 1101//1101
f 1106//1106 1110//1110 262//262
f 262//262 1110//1110 1106//1106
f 1103//1103 1111//1111 1109//1109
f 1109//1109 1111//1111 1103//1103
f 1103//1103 1104//1104 1112//1112
f 1112//1112 1104//1104 1103//1103
f 269//269 1104//1104 262//262
f 262//262 1104//1104 269//269
f 1105//1105 1113//1113 1106//1106
f 1106//1106 1113//1113 1105//1105
f 1105//1105 1107//1107 1114//1114
f 1114//1114 1107//1107 1105//1105
f 1115//1115 1108//1108 1109//1109
f 1109//1109 1108//1108 1115//1115
f 1108//1108 1114//1114 1107//1107
f 1107//1107 1114//1114 1108//1108
f 1113//1113 1110//1110 1106//1106
f 1106//1106 1110//1110 1113//1113
f 1116//1116 1117//1117 1118//1118
f 1118//1118 1117//1117 1116//1116
f 262//262 1110//1110 269//269
f 269//269 1110//1110 262//262
f 1111//1111 1119//1119 1109//1109
f 1109//1109 1119//1119 1111//1111
f 1111//1111 1103//1103 1112//1112
f 1112//1112 1103//1103 1111//1111
f 1112//1112 1104//1104 269//269
f 269//269 1104//1104 1112//1112
f 1105//1105 1114//1114 1113//1113
f 1113//1113 1114//1114 1105//1105
f 1115//1115 1109//1109 1119//1119
f 1119//1119 1109//1109 1115//1115
f 1108//1108 1115//1115 1114//1114
f 1114//1114 1115//1115 1108//1108
f 1120//1120 1121//1121 1122//1122
f 1122//1122 1121//1121 1120//1120
f 1123//1123 1121//1121 1120//1120
f 1120//1120 1121//1121 1123//1123
f 1120//1120 1122//1122 327//327
f 327//327 1122//1122 1120//1120
f 1122//1122 1116//1116 1118//1118
f 1118//1118 1116//1116 1122//1122
f 1117//1117 1124//1124 1118//1118
f 1118//1118 1124//1124 1117//1117
f 1113//1113 1125//1125 1110//1110
f 1110//1110 1125//1125 1113//1113
f 1116//1116 1126//1126 1117//1117
f 1117//1117 1126//1126 1116//1116
f 269//269 1110//1110 1127//1127
f 1127//1127 1110//1110 269//269
f 1111//1111 1128//1128 1119//1119
f 1119//1119 1128//1128 1111//1111
f 1111//1111 1112//1112 1129//1129
f 1129//1129 1112//1112 1111//1111
f 276//276 1112//1112 269//269
f 269//269 1112//1112 276//276
f 1113//1113 1114//1114 1125//1125
f 1125//1125 1114//1114 1113//1113
f 1128//1128 1130//1130 1119//1119
f 1119//1119 1130//1130 1128//1128
f 1131//1131 1115//1115 1119//1119
f 1119//1119 1115//1115 1131//1131
f 1115//1115 1132//1132 1114//1114
f 1114//1114 1132//1132 1115//1115
f 1121//1121 1116//1116 1122//1122
f 1122//1122 1116//1116 1121//1121
f 1121//1121 1123//1123 305//305
f 305//305 1123//1123 1121//1121
f 1123//1123 1120//1120 313//313
f 313//313 1120//1120 1123//1123
f 1122//1122 337//337 327//327
f 327//327 337//337 1122//1122
f 1120//1120 327//327 313//313
f 313//313 327//327 1120//1120
f 337//337 1122//1122 1118//1118
f 1118//1118 1122//1122 337//337
f 349//349 1118//1118 1124//1124
f 1124//1124 1118//1118 349//349
f 1124//1124 1117//1117 346//346
f 346//346 1117//1117 1124//1124
f 1133//1133 1117//1117 1126//1126
f 1126//1126 1117//1117 1133//1133
f 1125//1125 1127//1127 1110//1110
f 1110//1110 1127//1127 1125//1125
f 1116//1116 1134//1134 1126//1126
f 1126//1126 1134//1134 1116//1116
f 269//269 1127//1127 276//276
f 276//276 1127//1127 269//269
f 1134//1134 1135//1135 1136//1136
f 1136//1136 1135//1135 1134//1134
f 1135//1135 1128//1128 1137//1137
f 1137//1137 1128//1128 1135//1135
f 1128//1128 1111//1111 1129//1129
f 1129//1129 1111//1111 1128//1128
f 1129//1129 1112//1112 276//276
f 276//276 1112//1112 1129//1129
f 1114//1114 1132//1132 1125//1125
f 1125//1125 1132//1132 1114//1114
f 1128//1128 1135//1135 1130//1130
f 1130//1130 1135//1135 1128//1128
f 1131//1131 1119//1119 1130//1130
f 1130//1130 1119//1119 1131//1131
f 1115//1115 1131//1131 1132//1132
f 1132//1132 1131//1131 1115//1115
f 1135//1135 1134//1134 1138//1138
f 1138//1138 1134//1134 1135//1135
f 1134//1134 1116//1116 1139//1139
f 1139//1139 1116//1116 1134//1134
f 1121//1121 1140//1140 1116//1116
f 1116//1116 1140//1140 1121//1121
f 1123//1123 313//313 305//305
f 305//305 313//313 1123//1123
f 313//313 327//327 337//337
f 337//337 327//327 313//313
f 349//349 337//337 1118//1118
f 1118//1118 337//337 349//349
f 346//346 1117//1117 342//342
f 342//342 1117//1117 346//346
f 346//346 349//349 1124//1124
f 1124//1124 349//349 346//346
f 1117//1117 1133//1133 342//342
f 342//342 1133//1133 1117//1117
f 1133//1133 1126//1126 323//323
f 323//323 1126//1126 1133//1133
f 1125//1125 1141//1141 1127//1127
f 1127//1127 1141//1141 1125//1125
f 1134//1134 1136//1136 1126//1126
f 1126//1126 1136//1136 1134//1134
f 1127//1127 1142//1142 276//276
f 276//276 1142//1142 1127//1127
f 1135//1135 1137//1137 1136//1136
f 1136//1136 1137//1137 1135//1135
f 1128//1128 1129//1129 1137//1137
f 1137//1137 1129//1129 1128//1128
f 288//288 1129//1129 276//276
f 276//276 1129//1129 288//288
f 1125//1125 1132//1132 1141//1141
f 1141//1141 1132//1132 1125//1125
f 1135//1135 1138//1138 1130//1130
f 1130//1130 1138//1138 1135//1135
f 1143//1143 1131//1131 1130//1130
f 1130//1130 1131//1131 1143//1143
f 1131//1131 1144//1144 1132//1132
f 1132//1132 1144//1144 1131//1131
f 1134//1134 1139//1139 1138//1138
f 1138//1138 1139//1139 1134//1134
f 1116//1116 1145//1145 1139//1139
f 1139//1139 1145//1145 1116//1116
f 1116//1116 1140//1140 1145//1145
f 1145//1145 1140//1140 1116//1116
f 305//305 313//313 337//337
f 337//337 313//313 305//305
f 1146//1146 337//337 349//349
f 349//349 337//337 1146//1146
f 346//346 342//342 349//349
f 349//349 342//342 346//346
f 323//323 1126//1126 306//306
f 306//306 1126//1126 323//323
f 342//342 1133//1133 323//323
f 323//323 1133//1133 342//342
f 1141//1141 1142//1142 1127//1127
f 1127//1127 1142//1142 1141//1141
f 1126//1126 1136//1136 306//306
f 306//306 1136//1136 1126//1126
f 276//276 1142//1142 288//288
f 288//288 1142//1142 276//276
f 1136//1136 1137//1137 295//295
f 295//295 1137//1137 1136//1136
f 1137//1137 1129//1129 288//288
f 288//288 1129//1129 1137//1137
f 1132//1132 1144//1144 1141//1141
f 1141//1141 1144//1144 1132//1132
f 1143//1143 1130//1130 1138//1138
f 1138//1138 1130//1130 1143//1143
f 1131//1131 1143//1143 1144//1144
f 1144//1144 1143//1143 1131//1131
f 1140//1140 1147//1147 1148//1148
f 1148//1148 1147//1147 1140//1140
f 1149//1149 1138//1138 1139//1139
f 1139//1139 1138//1138 1149//1149
f 1150//1150 1139//1139 1145//1145
f 1145//1145 1139//1139 1150//1150
f 1140//1140 1151//1151 1145//1145
f 1145//1145 1151//1151 1140//1140
f 1151//1151 1140//1140 1148//1148
f 1148//1148 1140//1140 1151//1151
f 1147//1147 305//305 1152//1152
f 1152//1152 305//305 1147//1147
f 1146//1146 305//305 337//337
f 337//337 305//305 1146//1146
f 342//342 1146//1146 349//349
f 349//349 1146//1146 342//342
f 342//342 323//323 306//306
f 306//306 323//323 342//342
f 1141//1141 1153//1153 1142//1142
f 1142//1142 1153//1153 1141//1141
f 306//306 1136//1136 295//295
f 295//295 1136//1136 306//306
f 1142//1142 1154//1154 288//288
f 288//288 1154//1154 1142//1142
f 295//295 1137//1137 288//288
f 288//288 1137//1137 295//295
f 1141//1141 1144//1144 1153//1153
f 1153//1153 1144//1144 1141//1141
f 1149//1149 1143//1143 1138//1138
f 1138//1138 1143//1143 1149//1149
f 1143//1143 1155//1155 1144//1144
f 1144//1144 1155//1155 1143//1143
f 1148//1148 1147//1147 1152//1152
f 1152//1152 1147//1147 1148//1148
f 1150//1150 1149//1149 1139//1139
f 1139//1139 1149//1149 1150//1150
f 1151//1151 1150//1150 1145//1145
f 1145//1145 1150//1150 1151//1151
f 1151//1151 1148//1148 1156//1156
f 1156//1156 1148//1148 1151//1151
f 1152//1152 305//305 1146//1146
f 1146//1146 305//305 1152//1152
f 306//306 1146//1146 342//342
f 342//342 1146//1146 306//306
f 1153//1153 1154//1154 1142//1142
f 1142//1142 1154//1154 1153//1153
f 295//295 1157//1157 306//306
f 306//306 1157//1157 295//295
f 288//288 1154//1154 295//295
f 295//295 1154//1154 288//288
f 1144//1144 1155//1155 1153//1153
f 1153//1153 1155//1155 1144//1144
f 1143//1143 1149//1149 1155//1155
f 1155//1155 1149//1149 1143//1143
f 1152//1152 1156//1156 1148//1148
f 1148//1148 1156//1156 1152//1152
f 1149//1149 1150//1150 1158//1158
f 1158//1158 1150//1150 1149//1149
f 1150//1150 1151//1151 1156//1156
f 1156//1156 1151//1151 1150//1150
f 1159//1159 1152//1152 1146//1146
f 1146//1146 1152//1152 1159//1159
f 1157//1157 1146//1146 306//306
f 306//306 1146//1146 1157//1157
f 1153//1153 1160//1160 1154//1154
f 1154//1154 1160//1160 1153//1153
f 1154//1154 1157//1157 295//295
f 295//295 1157//1157 1154//1154
f 1153//1153 1155//1155 1160//1160
f 1160//1160 1155//1155 1153//1153
f 1149//1149 1158//1158 1155//1155
f 1155//1155 1158//1158 1149//1149
f 1159//1159 1156//1156 1152//1152
f 1152//1152 1156//1156 1159//1159
f 1150//1150 1156//1156 1158//1158
f 1158//1158 1156//1156 1150//1150
f 1159//1159 1146//1146 1157//1157
f 1157//1157 1146//1146 1159//1159
f 1160//1160 1157//1157 1154//1154
f 1154//1154 1157//1157 1160//1160
f 1155//1155 1158//1158 1160//1160
f 1160//1160 1158//1158 1155//1155
f 1159//1159 1158//1158 1156//1156
f 1156//1156 1158//1158 1159//1159
f 1160//1160 1159//1159 1157//1157
f 1157//1157 1159//1159 1160//1160
f 1160//1160 1158//1158 1159//1159
f 1159//1159 1158//1158 1160//1160
f 1161//1161 1162//1162 1163//1163
f 1163//1163 1162//1162 1161//1161
f 1095//1095 1162//1162 1161//1161
f 1161//1161 1162//1162 1095//1095
f 1164//1164 1095//1095 1165//1165
f 1165//1165 1095//1095 1164//1164
f 1162//1162 1166//1166 1163//1163
f 1163//1163 1166//1166 1162//1162
f 1167//1167 1168//1168 1162//1162
f 1162//1162 1168//1168 1167//1167
f 1164//1164 1162//1162 1095//1095
f 1095//1095 1162//1162 1164//1164
f 1169//1169 1167//1167 1162//1162
f 1162//1162 1167//1167 1169//1169
f 1170//1170 1171//1171 1167//1167
f 1167//1167 1171//1171 1170//1170
f 1164//1164 1165//1165 1172//1172
f 1172//1172 1165//1165 1164//1164
f 1173//1173 1174//1174 1172//1172
f 1172//1172 1174//1174 1173//1173
f 1175//1175 1173//1173 1176//1176
f 1176//1176 1173//1173 1175//1175
f 1177//1177 1176//1176 1178//1178
f 1178//1178 1176//1176 1177//1177
f 1178//1178 1179//1179 1180//1180
f 1180//1180 1179//1179 1178//1178
f 1181//1181 1182//1182 1179//1179
f 1179//1179 1182//1182 1181//1181
f 1183//1183 1184//1184 1181//1181
f 1181//1181 1184//1184 1183//1183
f 1185//1185 1186//1186 1183//1183
f 1183//1183 1186//1186 1185//1185
f 1163//1163 1166//1166 1185//1185
f 1185//1185 1166//1166 1163//1163
f 1168//1168 1166//1166 1162//1162
f 1162//1162 1166//1166 1168//1168
f 1167//1167 1171//1171 1168//1168
f 1168//1168 1171//1171 1167//1167
f 1164//1164 1169//1169 1162//1162
f 1162//1162 1169//1169 1164//1164
f 1169//1169 1170//1170 1167//1167
f 1167//1167 1170//1170 1169//1169
f 1170//1170 1187//1187 1171//1171
f 1171//1171 1187//1187 1170//1170
f 1174//1174 1164//1164 1172//1172
f 1172//1172 1164//1164 1174//1174
f 1175//1175 1174//1174 1173//1173
f 1173//1173 1174//1174 1175//1175
f 1177//1177 1175//1175 1176//1176
f 1176//1176 1175//1175 1177//1177
f 1178//1178 1180//1180 1177//1177
f 1177//1177 1180//1180 1178//1178
f 1180//1180 1179//1179 1182//1182
f 1182//1182 1179//1179 1180//1180
f 1184//1184 1182//1182 1181//1181
f 1181//1181 1182//1182 1184//1184
f 1186//1186 1184//1184 1183//1183
f 1183//1183 1184//1184 1186//1186
f 1166//1166 1186//1186 1185//1185
f 1185//1185 1186//1186 1166//1166
f 1168//1168 1188//1188 1166//1166
f 1166//1166 1188//1188 1168//1168
f 1171//1171 1189//1189 1168//1168
f 1168//1168 1189//1189 1171//1171
f 1187//1187 1190//1190 1171//1171
f 1171//1171 1190//1190 1187//1187
f 1191//1191 1169//1169 1164//1164
f 1164//1164 1169//1169 1191//1191
f 1192//1192 1170//1170 1169//1169
f 1169//1169 1170//1170 1192//1192
f 1193//1193 1187//1187 1170//1170
f 1170//1170 1187//1187 1193//1193
f 1174//1174 1194//1194 1164//1164
f 1164//1164 1194//1194 1174//1174
f 1175//1175 1195//1195 1174//1174
f 1174//1174 1195//1195 1175//1175
f 1177//1177 1196//1196 1175//1175
f 1175//1175 1196//1196 1177//1177
f 1180//1180 1197//1197 1177//1177
f 1177//1177 1197//1197 1180//1180
f 1198//1198 1180//1180 1182//1182
f 1182//1182 1180//1180 1198//1198
f 1184//1184 1199//1199 1182//1182
f 1182//1182 1199//1199 1184//1184
f 1200//1200 1184//1184 1186//1186
f 1186//1186 1184//1184 1200//1200
f 1188//1188 1186//1186 1166//1166
f 1166//1166 1186//1186 1188//1188
f 1168//1168 1189//1189 1188//1188
f 1188//1188 1189//1189 1168//1168
f 1171//1171 1190//1190 1189//1189
f 1189//1189 1190//1190 1171//1171
f 1187//1187 1201//1201 1190//1190
f 1190//1190 1201//1201 1187//1187
f 1202//1202 1201//1201 1187//1187
f 1187//1187 1201//1201 1202//1202
f 1194//1194 1191//1191 1164//1164
f 1164//1164 1191//1191 1194//1194
f 1191//1191 1192//1192 1169//1169
f 1169//1169 1192//1192 1191//1191
f 1192//1192 1193//1193 1170//1170
f 1170//1170 1193//1193 1192//1192
f 1193//1193 1202//1202 1187//1187
f 1187//1187 1202//1202 1193//1193
f 1174//1174 1195//1195 1194//1194
f 1194//1194 1195//1195 1174//1174
f 1175//1175 1196//1196 1195//1195
f 1195//1195 1196//1196 1175//1175
f 1197//1197 1196//1196 1177//1177
f 1177//1177 1196//1196 1197//1197
f 1198//1198 1197//1197 1180//1180
f 1180//1180 1197//1197 1198//1198
f 1199//1199 1198//1198 1182//1182
f 1182//1182 1198//1198 1199//1199
f 1200//1200 1199//1199 1184//1184
f 1184//1184 1199//1199 1200//1200
f 1188//1188 1200//1200 1186//1186
f 1186//1186 1200//1200 1188//1188
f 1189//1189 1203//1203 1188//1188
f 1188//1188 1203//1203 1189//1189
f 1190//1190 1204//1204 1189//1189
f 1189//1189 1204//1204 1190//1190
f 1201//1201 1205//1205 1190//1190
f 1190//1190 1205//1205 1201//1201
f 1202//1202 1206//1206 1201//1201
f 1201//1201 1206//1206 1202//1202
f 1207//1207 1191//1191 1194//1194
f 1194//1194 1191//1191 1207//1207
f 1207//1207 1192//1192 1191//1191
f 1191//1191 1192//1192 1207//1207
f 1208//1208 1193//1193 1192//1192
f 1192//1192 1193//1193 1208//1208
f 1209//1209 1202//1202 1193//1193
f 1193//1193 1202//1202 1209//1209
f 1210//1210 1206//1206 1202//1202
f 1202//1202 1206//1206 1210//1210
f 1195//1195 1211//1211 1194//1194
f 1194//1194 1211//1211 1195//1195
f 1196//1196 1212//1212 1195//1195
f 1195//1195 1212//1212 1196//1196
f 1197//1197 1213//1213 1196//1196
f 1196//1196 1213//1213 1197//1197
f 1214//1214 1197//1197 1198//1198
f 1198//1198 1197//1197 1214//1214
f 1215//1215 1198//1198 1199//1199
f 1199//1199 1198//1198 1215//1215
f 1200//1200 1216//1216 1199//1199
f 1199//1199 1216//1216 1200//1200
f 1188//1188 1203//1203 1200//1200
f 1200//1200 1203//1203 1188//1188
f 1189//1189 1204//1204 1203//1203
f 1203//1203 1204//1204 1189//1189
f 1190//1190 1205//1205 1204//1204
f 1204//1204 1205//1205 1190//1190
f 1201//1201 1217//1217 1205//1205
f 1205//1205 1217//1217 1201//1201
f 1206//1206 1217//1217 1201//1201
f 1201//1201 1217//1217 1206//1206
f 1211//1211 1207//1207 1194//1194
f 1194//1194 1207//1207 1211//1211
f 1207//1207 1208//1208 1192//1192
f 1192//1192 1208//1208 1207//1207
f 1208//1208 1209//1209 1193//1193
f 1193//1193 1209//1209 1208//1208
f 1209//1209 1210//1210 1202//1202
f 1202//1202 1210//1210 1209//1209
f 1210//1210 1218//1218 1206//1206
f 1206//1206 1218//1218 1210//1210
f 1212//1212 1211//1211 1195//1195
f 1195//1195 1211//1211 1212//1212
f 1213//1213 1212//1212 1196//1196
f 1196//1196 1212//1212 1213//1213
f 1214//1214 1213//1213 1197//1197
f 1197//1197 1213//1213 1214//1214
f 1215//1215 1214//1214 1198//1198
f 1198//1198 1214//1214 1215//1215
f 1216//1216 1215//1215 1199//1199
f 1199//1199 1215//1215 1216//1216
f 1203//1203 1216//1216 1200//1200
f 1200//1200 1216//1216 1203//1203
f 1204//1204 1219//1219 1203//1203
f 1203//1203 1219//1219 1204//1204
f 1205//1205 1220//1220 1204//1204
f 1204//1204 1220//1220 1205//1205
f 1217//1217 1221//1221 1205//1205
f 1205//1205 1221//1221 1217//1217
f 1206//1206 1222//1222 1217//1217
f 1217//1217 1222//1222 1206//1206
f 1218//1218 1222//1222 1206//1206
f 1206//1206 1222//1222 1218//1218
f 1223//1223 1207//1207 1211//1211
f 1211//1211 1207//1207 1223//1223
f 1223//1223 1208//1208 1207//1207
f 1207//1207 1208//1208 1223//1223
f 1208//1208 1224//1224 1209//1209
f 1209//1209 1224//1224 1208//1208
f 1225//1225 1210//1210 1209//1209
f 1209//1209 1210//1210 1225//1225
f 1226//1226 1218//1218 1210//1210
f 1210//1210 1218//1218 1226//1226
f 1227//1227 1228//1228 1229//1229
f 1229//1229 1228//1228 1227//1227
f 1230//1230 1231//1231 1218//1218
f 1218//1218 1231//1231 1230//1230
f 1212//1212 1232//1232 1211//1211
f 1211//1211 1232//1232 1212//1212
f 1213//1213 1233//1233 1212//1212
f 1212//1212 1233//1233 1213//1213
f 1214//1214 1234//1234 1213//1213
f 1213//1213 1234//1234 1214//1214
f 1215//1215 1235//1235 1214//1214
f 1214//1214 1235//1235 1215//1215
f 1236//1236 1215//1215 1216//1216
f 1216//1216 1215//1215 1236//1236
f 1203//1203 1219//1219 1216//1216
f 1216//1216 1219//1219 1203//1203
f 1204//1204 1220//1220 1219//1219
f 1219//1219 1220//1220 1204//1204
f 1205//1205 1221//1221 1220//1220
f 1220//1220 1221//1221 1205//1205
f 1217//1217 1237//1237 1221//1221
f 1221//1221 1237//1237 1217//1217
f 1222//1222 1237//1237 1217//1217
f 1217//1217 1237//1237 1222//1222
f 1228//1228 1238//1238 1239//1239
f 1239//1239 1238//1238 1228//1228
f 1218//1218 1231//1231 1222//1222
f 1222//1222 1231//1231 1218//1218
f 1228//1228 1239//1239 1229//1229
f 1229//1229 1239//1239 1228//1228
f 1232//1232 1223//1223 1211//1211
f 1211//1211 1223//1223 1232//1232
f 1223//1223 1224//1224 1208//1208
f 1208//1208 1224//1224 1223//1223
f 1209//1209 1224//1224 1225//1225
f 1225//1225 1224//1224 1209//1209
f 1225//1225 1226//1226 1210//1210
f 1210//1210 1226//1226 1225//1225
f 1226//1226 1230//1230 1218//1218
f 1218//1218 1230//1230 1226//1226
f 1240//1240 1227//1227 1229//1229
f 1229//1229 1227//1227 1240//1240
f 1229//1229 1231//1231 1230//1230
f 1230//1230 1231//1231 1229//1229
f 1233//1233 1232//1232 1212//1212
f 1212//1212 1232//1232 1233//1233
f 1234//1234 1233//1233 1213//1213
f 1213//1213 1233//1233 1234//1234
f 1235//1235 1234//1234 1214//1214
f 1214//1214 1234//1234 1235//1235
f 1236//1236 1235//1235 1215//1215
f 1215//1215 1235//1235 1236//1236
f 1219//1219 1236//1236 1216//1216
f 1216//1216 1236//1236 1219//1219
f 1220//1220 1241//1241 1219//1219
f 1219//1219 1241//1241 1220//1220
f 1242//1242 1220//1220 1221//1221
f 1221//1221 1220//1220 1242//1242
f 1243//1243 1221//1221 1237//1237
f 1237//1237 1221//1221 1243//1243
f 1244//1244 1237//1237 1222//1222
f 1222//1222 1237//1237 1244//1244
f 1238//1238 1245//1245 1239//1239
f 1239//1239 1245//1245 1238//1238
f 1231//1231 1244//1244 1222//1222
f 1222//1222 1244//1244 1231//1231
f 1239//1239 1231//1231 1229//1229
f 1229//1229 1231//1231 1239//1239
f 1232//1232 1246//1246 1223//1223
f 1223//1223 1246//1246 1232//1232
f 1223//1223 1246//1246 1224//1224
f 1224//1224 1246//1246 1223//1223
f 1224//1224 1247//1247 1225//1225
f 1225//1225 1247//1247 1224//1224
f 1248//1248 1226//1226 1225//1225
f 1225//1225 1226//1226 1248//1248
f 1249//1249 1227//1227 1240//1240
f 1240//1240 1227//1227 1249//1249
f 1250//1250 1230//1230 1226//1226
f 1226//1226 1230//1230 1250//1250
f 1229//1229 1230//1230 1240//1240
f 1240//1240 1230//1230 1229//1229
f 1251//1251 1232//1232 1233//1233
f 1233//1233 1232//1232 1251//1251
f 1234//1234 1252//1252 1233//1233
f 1233//1233 1252//1252 1234//1234
f 1235//1235 1253//1253 1234//1234
f 1234//1234 1253//1253 1235//1235
f 1254//1254 1235//1235 1236//1236
f 1236//1236 1235//1235 1254//1254
f 1241//1241 1236//1236 1219//1219
f 1219//1219 1236//1236 1241//1241
f 1242//1242 1241//1241 1220//1220
f 1220//1220 1241//1241 1242//1242
f 1242//1242 1221//1221 1243//1243
f 1243//1243 1221//1221 1242//1242
f 1243//1243 1237//1237 1244//1244
f 1244//1244 1237//1237 1243//1243
f 1255//1255 1239//1239 1245//1245
f 1245//1245 1239//1239 1255//1255
f 1239//1239 1244//1244 1231//1231
f 1231//1231 1244//1244 1239//1239
f 1251//1251 1246//1246 1232//1232
f 1232//1232 1246//1246 1251//1251
f 1224//1224 1246//1246 1247//1247
f 1247//1247 1246//1246 1224//1224
f 1225//1225 1247//1247 1248//1248
f 1248//1248 1247//1247 1225//1225
f 1248//1248 1250//1250 1226//1226
f 1226//1226 1250//1250 1248//1248
f 1256//1256 1249//1249 1240//1240
f 1240//1240 1249//1249 1256//1256
f 1240//1240 1230//1230 1250//1250
f 1250//1250 1230//1230 1240//1240
f 1252//1252 1251//1251 1233//1233
f 1233//1233 1251//1251 1252//1252
f 1253//1253 1252//1252 1234//1234
f 1234//1234 1252//1252 1253//1253
f 1254//1254 1253//1253 1235//1235
f 1235//1235 1253//1253 1254//1254
f 1241//1241 1254//1254 1236//1236
f 1236//1236 1254//1254 1241//1241
f 1257//1257 1241//1241 1242//1242
f 1242//1242 1241//1241 1257//1257
f 1243//1243 1258//1258 1242//1242
f 1242//1242 1258//1258 1243//1243
f 1245//1245 1259//1259 1255//1255
f 1255//1255 1259//1259 1245//1245
f 1260//1260 1243//1243 1244//1244
f 1244//1244 1243//1243 1260//1260
f 1255//1255 1244//1244 1239//1239
f 1239//1239 1244//1244 1255//1255
f 1251//1251 1261//1261 1246//1246
f 1246//1246 1261//1261 1251//1251
f 1246//1246 1261//1261 1247//1247
f 1247//1247 1261//1261 1246//1246
f 1247//1247 1262//1262 1248//1248
f 1248//1248 1262//1262 1247//1247
f 1263//1263 1249//1249 1256//1256
f 1256//1256 1249//1249 1263//1263
f 1264//1264 1250//1250 1248//1248
f 1248//1248 1250//1250 1264//1264
f 1240//1240 1250//1250 1256//1256
f 1256//1256 1250//1250 1240//1240
f 1252//1252 1265//1265 1251//1251
f 1251//1251 1265//1265 1252//1252
f 1253//1253 1266//1266 1252//1252
f 1252//1252 1266//1266 1253//1253
f 1254//1254 1267//1267 1253//1253
f 1253//1253 1267//1267 1254//1254
f 1257//1257 1254//1254 1241//1241
f 1241//1241 1254//1254 1257//1257
f 1257//1257 1242//1242 1258//1258
f 1258//1258 1242//1242 1257//1257
f 1260//1260 1258//1258 1243//1243
f 1243//1243 1258//1258 1260//1260
f 1255//1255 1259//1259 1268//1268
f 1268//1268 1259//1259 1255//1255
f 1260//1260 1244//1244 1255//1255
f 1255//1255 1244//1244 1260//1260
f 1265//1265 1261//1261 1251//1251
f 1251//1251 1261//1261 1265//1265
f 1247//1247 1261//1261 1262//1262
f 1262//1262 1261//1261 1247//1247
f 1248//1248 1262//1262 1264//1264
f 1264//1264 1262//1262 1248//1248
f 1269//1269 1263//1263 1256//1256
f 1256//1256 1263//1263 1269//1269
f 1250//1250 1264//1264 1256//1256
f 1256//1256 1264//1264 1250//1250
f 1266//1266 1265//1265 1252//1252
f 1252//1252 1265//1265 1266//1266
f 1267//1267 1266//1266 1253//1253
f 1253//1253 1266//1266 1267//1267
f 1257//1257 1267//1267 1254//1254
f 1254//1254 1267//1267 1257//1257
f 1258//1258 1270//1270 1257//1257
f 1257//1257 1270//1270 1258//1258
f 1259//1259 1271//1271 1268//1268
f 1268//1268 1271//1271 1259//1259
f 1260//1260 1272//1272 1258//1258
f 1258//1258 1272//1272 1260//1260
f 1260//1260 1255//1255 1268//1268
f 1268//1268 1255//1255 1260//1260
f 1273//1273 1263//1263 1269//1269
f 1269//1269 1263//1263 1273//1273
f 1265//1265 1274//1274 1261//1261
f 1261//1261 1274//1274 1265//1265
f 1261//1261 1274//1274 1262//1262
f 1262//1262 1274//1274 1261//1261
f 1262//1262 1275//1275 1264//1264
f 1264//1264 1275//1275 1262//1262
f 1256//1256 1264//1264 1269//1269
f 1269//1269 1264//1264 1256//1256
f 1266//1266 1276//1276 1265//1265
f 1265//1265 1276//1276 1266//1266
f 1267//1267 1277//1277 1266//1266
f 1266//1266 1277//1277 1267//1267
f 1257//1257 1270//1270 1267//1267
f 1267//1267 1270//1270 1257//1257
f 1258//1258 1272//1272 1270//1270
f 1270//1270 1272//1272 1258//1258
f 1268//1268 1271//1271 1278//1278
f 1278//1278 1271//1271 1268//1268
f 1272//1272 1260//1260 1268//1268
f 1268//1268 1260//1260 1272//1272
f 1279//1279 1273//1273 1269//1269
f 1269//1269 1273//1273 1279//1279
f 1276//1276 1274//1274 1265//1265
f 1265//1265 1274//1274 1276//1276
f 1262//1262 1274//1274 1275//1275
f 1275//1275 1274//1274 1262//1262
f 1264//1264 1275//1275 1269//1269
f 1269//1269 1275//1275 1264//1264
f 1277//1277 1276//1276 1266//1266
f 1266//1266 1276//1276 1277//1277
f 1270//1270 1277//1277 1267//1267
f 1267//1267 1277//1277 1270//1270
f 1271//1271 1280//1280 1278//1278
f 1278//1278 1280//1280 1271//1271
f 1272//1272 1281//1281 1270//1270
f 1270//1270 1281//1281 1272//1272
f 1272//1272 1268//1268 1278//1278
f 1278//1278 1268//1268 1272//1272
f 1269//1269 1282//1282 1279//1279
f 1279//1279 1282//1282 1269//1269
f 1276//1276 1283//1283 1274//1274
f 1274//1274 1283//1283 1276//1276
f 1274//1274 1283//1283 1275//1275
f 1275//1275 1283//1283 1274//1274
f 1275//1275 1282//1282 1269//1269
f 1269//1269 1282//1282 1275//1275
f 1277//1277 1284//1284 1276//1276
f 1276//1276 1284//1284 1277//1277
f 1270//1270 1281//1281 1277//1277
f 1277//1277 1281//1281 1270//1270
f 1278//1278 1280//1280 1285//1285
f 1285//1285 1280//1280 1278//1278
f 1281//1281 1272//1272 1278//1278
f 1278//1278 1272//1272 1281//1281
f 1280//1280 897//897 1285//1285
f 1285//1285 897//897 1280//1280
f 1282//1282 897//897 1279//1279
f 1279//1279 897//897 1282//1282
f 1284//1284 1283//1283 1276//1276
f 1276//1276 1283//1283 1284//1284
f 1275//1275 1283//1283 1282//1282
f 1282//1282 1283//1283 1275//1275
f 1281//1281 1284//1284 1277//1277
f 1277//1277 1284//1284 1281//1281
f 1281//1281 1278//1278 1285//1285
f 1285//1285 1278//1278 1281//1281
f 1282//1282 1285//1285 897//897
f 897//897 1285//1285 1282//1282
f 1284//1284 1282//1282 1283//1283
f 1283//1283 1282//1282 1284//1284
f 1284//1284 1281//1281 1285//1285
f 1285//1285 1281//1281 1284//1284
f 1285//1285 1282//1282 1284//1284
f 1284//1284 1282//1282 1285//1285
f 1286//1286 1287//1287 1288//1288
f 1288//1288 1287//1287 1286//1286
f 1289//1289 1287//1287 1286//1286
f 1286//1286 1287//1287 1289//1289
f 1290//1290 1291//1291 1289//1289
f 1289//1289 1291//1291 1290//1290
f 1292//1292 1293//1293 1291//1291
f 1291//1291 1293//1293 1292//1292
f 1294//1294 1293//1293 1295//1295
f 1295//1295 1293//1293 1294//1294
f 1296//1296 1297//1297 1298//1298
f 1298//1298 1297//1297 1296//1296
f 1287//1287 1299//1299 1288//1288
f 1288//1288 1299//1299 1287//1287
f 1286//1286 1288//1288 1300//1300
f 1300//1300 1288//1288 1286//1286
f 1286//1286 1290//1290 1289//1289
f 1289//1289 1290//1290 1286//1286
f 1300//1300 1301//1301 1286//1286
f 1286//1286 1301//1301 1300//1300
f 1290//1290 1292//1292 1291//1291
f 1291//1291 1292//1292 1290//1290
f 1295//1295 1293//1293 1292//1292
f 1292//1292 1293//1293 1295//1295
f 1302//1302 1294//1294 1295//1295
f 1295//1295 1294//1294 1302//1302
f 1303//1303 1294//1294 1302//1302
f 1302//1302 1294//1294 1303//1303
f 1299//1299 1296//1296 1298//1298
f 1298//1298 1296//1296 1299//1299
f 1287//1287 1304//1304 1299//1299
f 1299//1299 1304//1304 1287//1287
f 1289//1289 1305//1305 1287//1287
f 1287//1287 1305//1305 1289//1289
f 1289//1289 1291//1291 1306//1306
f 1306//1306 1291//1291 1289//1289
f 1291//1291 1293//1293 1307//1307
f 1307//1307 1293//1293 1291//1291
f 1293//1293 1294//1294 1308//1308
f 1308//1308 1294//1294 1293//1293
f 1303//1303 1309//1309 1294//1294
f 1294//1294 1309//1309 1303//1303
f 1310//1310 1311//1311 1303//1303
f 1303//1303 1311//1311 1310//1310
f 1312//1312 1313//1313 1310//1310
f 1310//1310 1313//1313 1312//1312
f 1314//1314 1312//1312 1315//1315
f 1315//1315 1312//1312 1314//1314
f 1315//1315 1316//1316 1317//1317
f 1317//1317 1316//1316 1315//1315
f 1316//1316 1318//1318 1319//1319
f 1319//1319 1318//1318 1316//1316
f 1320//1320 1318//1318 1321//1321
f 1321//1321 1318//1318 1320//1320
f 1298//1298 1297//1297 1321//1321
f 1321//1321 1297//1297 1298//1298
f 1322//1322 1297//1297 1296//1296
f 1296//1296 1297//1297 1322//1322
f 1288//1288 1299//1299 1323//1323
f 1323//1323 1299//1299 1288//1288
f 1300//1300 1288//1288 1324//1324
f 1324//1324 1288//1288 1300//1300
f 1299//1299 1298//1298 1323//1323
f 1323//1323 1298//1298 1299//1299
f 1298//1298 1321//1321 1325//1325
f 1325//1325 1321//1321 1298//1298
f 1321//1321 1318//1318 1326//1326
f 1326//1326 1318//1318 1321//1321
f 1316//1316 1327//1327 1318//1318
f 1318//1318 1327//1327 1316//1316
f 1315//1315 1327//1327 1316//1316
f 1316//1316 1327//1327 1315//1315
f 1315//1315 1312//1312 1328//1328
f 1328//1328 1312//1312 1315//1315
f 1312//1312 1310//1310 1329//1329
f 1329//1329 1310//1310 1312//1312
f 1310//1310 1303//1303 1330//1330
f 1330//1330 1303//1303 1310//1310
f 1301//1301 1290//1290 1286//1286
f 1286//1286 1290//1290 1301//1301
f 1331//1331 1301//1301 1300//1300
f 1300//1300 1301//1301 1331//1331
f 1332//1332 1292//1292 1290//1290
f 1290//1290 1292//1292 1332//1332
f 1295//1295 1292//1292 1333//1333
f 1333//1333 1292//1292 1295//1295
f 1302//1302 1295//1295 1334//1334
f 1334//1334 1295//1295 1302//1302
f 1330//1330 1303//1303 1302//1302
f 1302//1302 1303//1303 1330//1330
f 1331//1331 1300//1300 1335//1335
f 1335//1335 1300//1300 1331//1331
f 1304//1304 1296//1296 1299//1299
f 1299//1299 1296//1296 1304//1304
f 1336//1336 1322//1322 1296//1296
f 1296//1296 1322//1322 1336//1336
f 1305//1305 1304//1304 1287//1287
f 1287//1287 1304//1304 1305//1305
f 1306//1306 1305//1305 1289//1289
f 1289//1289 1305//1305 1306//1306
f 1291//1291 1307//1307 1306//1306
f 1306//1306 1307//1307 1291//1291
f 1293//1293 1308//1308 1307//1307
f 1307//1307 1308//1308 1293//1293
f 1294//1294 1309//1309 1308//1308
f 1308//1308 1309//1309 1294//1294
f 1311//1311 1309//1309 1303//1303
f 1303//1303 1309//1309 1311//1311
f 1313//1313 1311//1311 1310//1310
f 1310//1310 1311//1311 1313//1313
f 1314//1314 1313//1313 1312//1312
f 1312//1312 1313//1313 1314//1314
f 1317//1317 1314//1314 1315//1315
f 1315//1315 1314//1314 1317//1317
f 1317//1317 1316//1316 1319//1319
f 1319//1319 1316//1316 1317//1317
f 1319//1319 1318//1318 1320//1320
f 1320//1320 1318//1318 1319//1319
f 1320//1320 1321//1321 1297//1297
f 1297//1297 1321//1321 1320//1320
f 1337//1337 1297//1297 1322//1322
f 1322//1322 1297//1297 1337//1337
f 1338//1338 1322//1322 1339//1339
f 1339//1339 1322//1322 1338//1338
f 1288//1288 1323//1323 1324//1324
f 1324//1324 1323//1323 1288//1288
f 1300//1300 1324//1324 1335//1335
f 1335//1335 1324//1324 1300//1300
f 1323//1323 1298//1298 1325//1325
f 1325//1325 1298//1298 1323//1323
f 1321//1321 1326//1326 1325//1325
f 1325//1325 1326//1326 1321//1321
f 1327//1327 1326//1326 1318//1318
f 1318//1318 1326//1326 1327//1327
f 1328//1328 1327//1327 1315//1315
f 1315//1315 1327//1327 1328//1328
f 1328//1328 1312//1312 1329//1329
f 1329//1329 1312//1312 1328//1328
f 1329//1329 1310//1310 1330//1330
f 1330//1330 1310//1310 1329//1329
f 1301//1301 1332//1332 1290//1290
f 1290//1290 1332//1332 1301//1301
f 1340//1340 1301//1301 1331//1331
f 1331//1331 1301//1301 1340//1340
f 1333//1333 1292//1292 1332//1332
f 1332//1332 1292//1292 1333//1333
f 1334//1334 1295//1295 1333//1333
f 1333//1333 1295//1295 1334//1334
f 1341//1341 1302//1302 1334//1334
f 1334//1334 1302//1302 1341//1341
f 1330//1330 1302//1302 1341//1341
f 1341//1341 1302//1302 1330//1330
f 1331//1331 1335//1335 1342//1342
f 1342//1342 1335//1335 1331//1331
f 1304//1304 1336//1336 1296//1296
f 1296//1296 1336//1336 1304//1304
f 1339//1339 1322//1322 1336//1336
f 1336//1336 1322//1322 1339//1339
f 1305//1305 1343//1343 1304//1304
f 1304//1304 1343//1343 1305//1305
f 1306//1306 1344//1344 1305//1305
f 1305//1305 1344//1344 1306//1306
f 1306//1306 1307//1307 1345//1345
f 1345//1345 1307//1307 1306//1306
f 1307//1307 1308//1308 1346//1346
f 1346//1346 1308//1308 1307//1307
f 1308//1308 1309//1309 1347//1347
f 1347//1347 1309//1309 1308//1308
f 1311//1311 1348//1348 1309//1309
f 1309//1309 1348//1348 1311//1311
f 1313//1313 1349//1349 1311//1311
f 1311//1311 1349//1349 1313//1313
f 1314//1314 1350//1350 1313//1313
f 1313//1313 1350//1350 1314//1314
f 1351//1351 1314//1314 1317//1317
f 1317//1317 1314//1314 1351//1351
f 1317//1317 1319//1319 1352//1352
f 1352//1352 1319//1319 1317//1317
f 1319//1319 1320//1320 1353//1353
f 1353//1353 1320//1320 1319//1319
f 1320//1320 1297//1297 1337//1337
f 1337//1337 1297//1297 1320//1320
f 1337//1337 1322//1322 1338//1338
f 1338//1338 1322//1322 1337//1337
f 1354//1354 1338//1338 1339//1339
f 1339//1339 1338//1338 1354//1354
f 1324//1324 1323//1323 1355//1355
f 1355//1355 1323//1323 1324//1324
f 1335//1335 1324//1324 1356//1356
f 1356//1356 1324//1324 1335//1335
f 1323//1323 1325//1325 1355//1355
f 1355//1355 1325//1325 1323//1323
f 1325//1325 1326//1326 1357//1357
f 1357//1357 1326//1326 1325//1325
f 1327//1327 1358//1358 1326//1326
f 1326//1326 1358//1358 1327//1327
f 1328//1328 1359//1359 1327//1327
f 1327//1327 1359//1359 1328//1328
f 1328//1328 1329//1329 1360//1360
f 1360//1360 1329//1329 1328//1328
f 1329//1329 1330//1330 1361//1361
f 1361//1361 1330//1330 1329//1329
f 1340//1340 1332//1332 1301//1301
f 1301//1301 1332//1332 1340//1340
f 1333//1333 1332//1332 1362//1362
f 1362//1362 1332//1332 1333//1333
f 1334//1334 1333//1333 1363//1363
f 1363//1363 1333//1333 1334//1334
f 1341//1341 1334//1334 1364//1364
f 1364//1364 1334//1334 1341//1341
f 1361//1361 1330//1330 1341//1341
f 1341//1341 1330//1330 1361//1361
f 1342//1342 1335//1335 1365//1365
f 1365//1365 1335//1335 1342//1342
f 1343//1343 1336//1336 1304//1304
f 1304//1304 1336//1336 1343//1343
f 1339//1339 1336//1336 1366//1366
f 1366//1366 1336//1336 1339//1339
f 1354//1354 1339//1339 1367//1367
f 1367//1367 1339//1339 1354//1354
f 1344//1344 1343//1343 1305//1305
f 1305//1305 1343//1343 1344//1344
f 1345//1345 1344//1344 1306//1306
f 1306//1306 1344//1344 1345//1345
f 1307//1307 1346//1346 1345//1345
f 1345//1345 1346//1346 1307//1307
f 1308//1308 1347//1347 1346//1346
f 1346//1346 1347//1347 1308//1308
f 1309//1309 1348//1348 1347//1347
f 1347//1347 1348//1348 1309//1309
f 1349//1349 1348//1348 1311//1311
f 1311//1311 1348//1348 1349//1349
f 1350//1350 1349//1349 1313//1313
f 1313//1313 1349//1349 1350//1350
f 1351//1351 1350//1350 1314//1314
f 1314//1314 1350//1350 1351//1351
f 1352//1352 1351//1351 1317//1317
f 1317//1317 1351//1351 1352//1352
f 1352//1352 1319//1319 1353//1353
f 1353//1353 1319//1319 1352//1352
f 1353//1353 1320//1320 1337//1337
f 1337//1337 1320//1320 1353//1353
f 1368//1368 1337//1337 1338//1338
f 1338//1338 1337//1337 1368//1368
f 1368//1368 1338//1338 1354//1354
f 1354//1354 1338//1338 1368//1368
f 1324//1324 1355//1355 1356//1356
f 1356//1356 1355//1355 1324//1324
f 1335//1335 1356//1356 1365//1365
f 1365//1365 1356//1356 1335//1335
f 1355//1355 1325//1325 1357//1357
f 1357//1357 1325//1325 1355//1355
f 1357//1357 1326//1326 1358//1358
f 1358//1358 1326//1326 1357//1357
f 1358//1358 1327//1327 1369//1369
f 1369//1369 1327//1327 1358//1358
f 1327//1327 1359//1359 1369//1369
f 1369//1369 1359//1359 1327//1327
f 1328//1328 1360//1360 1359//1359
f 1359//1359 1360//1360 1328//1328
f 1360//1360 1329//1329 1361//1361
f 1361//1361 1329//1329 1360//1360
f 1332//1332 1340//1340 1362//1362
f 1362//1362 1340//1340 1332//1332
f 1333//1333 1362//1362 1363//1363
f 1363//1363 1362//1362 1333//1333
f 1364//1364 1334//1334 1363//1363
f 1363//1363 1334//1334 1364//1364
f 1370//1370 1341//1341 1364//1364
f 1364//1364 1341//1341 1370//1370
f 1361//1361 1341//1341 1370//1370
f 1370//1370 1341//1341 1361//1361
f 1342//1342 1365//1365 1371//1371
f 1371//1371 1365//1365 1342//1342
f 1366//1366 1336//1336 1343//1343
f 1343//1343 1336//1336 1366//1366
f 1367//1367 1339//1339 1366//1366
f 1366//1366 1339//1339 1367//1367
f 1372//1372 1354//1354 1367//1367
f 1367//1367 1354//1354 1372//1372
f 1373//1373 1343//1343 1344//1344
f 1344//1344 1343//1343 1373//1373
f 1374//1374 1344//1344 1345//1345
f 1345//1345 1344//1344 1374//1374
f 1345//1345 1346//1346 1375//1375
f 1375//1375 1346//1346 1345//1345
f 1346//1346 1347//1347 1376//1376
f 1376//1376 1347//1347 1346//1346
f 1347//1347 1348//1348 1377//1377
f 1377//1377 1348//1348 1347//1347
f 1348//1348 1349//1349 1378//1378
f 1378//1378 1349//1349 1348//1348
f 1349//1349 1350//1350 1379//1379
f 1379//1379 1350//1350 1349//1349
f 1350//1350 1351//1351 1380//1380
f 1380//1380 1351//1351 1350//1350
f 1351//1351 1352//1352 1381//1381
f 1381//1381 1352//1352 1351//1351
f 1352//1352 1353//1353 1382//1382
f 1382//1382 1353//1353 1352//1352
f 1353//1353 1337//1337 1368//1368
f 1368//1368 1337//1337 1353//1353
f 1383//1383 1368//1368 1354//1354
f 1354//1354 1368//1368 1383//1383
f 1383//1383 1354//1354 1384//1384
f 1384//1384 1354//1354 1383//1383
f 1356//1356 1355//1355 1385//1385
f 1385//1385 1355//1355 1356//1356
f 1356//1356 1386//1386 1365//1365
f 1365//1365 1386//1386 1356//1356
f 1384//1384 1354//1354 1372//1372
f 1372//1372 1354//1354 1384//1384
f 1371//1371 1365//1365 1387//1387
f 1387//1387 1365//1365 1371//1371
f 1355//1355 1357//1357 1385//1385
f 1385//1385 1357//1357 1355//1355
f 1357//1357 1358//1358 1388//1388
f 1388//1388 1358//1358 1357//1357
f 1358//1358 1369//1369 1389//1389
f 1389//1389 1369//1369 1358//1358
f 1369//1369 1359//1359 1390//1390
f 1390//1390 1359//1359 1369//1369
f 1359//1359 1360//1360 1391//1391
f 1391//1391 1360//1360 1359//1359
f 1360//1360 1361//1361 1392//1392
f 1392//1392 1361//1361 1360//1360
f 1362//1362 1340//1340 1393//1393
f 1393//1393 1340//1340 1362//1362
f 1363//1363 1362//1362 1394//1394
f 1394//1394 1362//1362 1363//1363
f 1364//1364 1363//1363 1395//1395
f 1395//1395 1363//1363 1364//1364
f 1370//1370 1364//1364 1396//1396
f 1396//1396 1364//1364 1370//1370
f 1392//1392 1361//1361 1370//1370
f 1370//1370 1361//1361 1392//1392
f 1397//1397 1340//1340 1342//1342
f 1342//1342 1340//1340 1397//1397
f 1398//1398 1342//1342 1371//1371
f 1371//1371 1342//1342 1398//1398
f 1366//1366 1343//1343 1373//1373
f 1373//1373 1343//1343 1366//1366
f 1367//1367 1366//1366 1399//1399
f 1399//1399 1366//1366 1367//1367
f 1372//1372 1367//1367 1400//1400
f 1400//1400 1367//1367 1372//1372
f 1373//1373 1344//1344 1374//1374
f 1374//1374 1344//1344 1373//1373
f 1374//1374 1345//1345 1375//1375
f 1375//1375 1345//1345 1374//1374
f 1346//1346 1376//1376 1375//1375
f 1375//1375 1376//1376 1346//1346
f 1347//1347 1377//1377 1376//1376
f 1376//1376 1377//1377 1347//1347
f 1348//1348 1378//1378 1377//1377
f 1377//1377 1378//1378 1348//1348
f 1349//1349 1379//1379 1378//1378
f 1378//1378 1379//1379 1349//1349
f 1350//1350 1380//1380 1379//1379
f 1379//1379 1380//1380 1350//1350
f 1351//1351 1381//1381 1380//1380
f 1380//1380 1381//1381 1351//1351
f 1352//1352 1382//1382 1381//1381
f 1381//1381 1382//1382 1352//1352
f 1382//1382 1353//1353 1368//1368
f 1368//1368 1353//1353 1382//1382
f 1401//1401 1368//1368 1383//1383
f 1383//1383 1368//1368 1401//1401
f 1402//1402 1383//1383 1384//1384
f 1384//1384 1383//1383 1402//1402
f 1356//1356 1385//1385 1386//1386
f 1386//1386 1385//1385 1356//1356
f 1365//1365 1386//1386 1387//1387
f 1387//1387 1386//1386 1365//1365
f 1384//1384 1372//1372 1403//1403
f 1403//1403 1372//1372 1384//1384
f 1371//1371 1387//1387 1404//1404
f 1404//1404 1387//1387 1371//1371
f 1385//1385 1357//1357 1388//1388
f 1388//1388 1357//1357 1385//1385
f 1388//1388 1358//1358 1389//1389
f 1389//1389 1358//1358 1388//1388
f 1389//1389 1369//1369 1390//1390
f 1390//1390 1369//1369 1389//1389
f 1359//1359 1391//1391 1390//1390
f 1390//1390 1391//1391 1359//1359
f 1360//1360 1392//1392 1391//1391
f 1391//1391 1392//1392 1360//1360
f 1393//1393 1340//1340 1397//1397
f 1397//1397 1340//1340 1393//1393
f 1394//1394 1362//1362 1393//1393
f 1393//1393 1362//1362 1394//1394
f 1395//1395 1363//1363 1394//1394
f 1394//1394 1363//1363 1395//1395
f 1396//1396 1364//1364 1395//1395
f 1395//1395 1364//1364 1396//1396
f 1392//1392 1370//1370 1396//1396
f 1396//1396 1370//1370 1392//1392
f 1397//1397 1342//1342 1398//1398
f 1398//1398 1342//1342 1397//1397
f 1398//1398 1371//1371 1404//1404
f 1404//1404 1371//1371 1398//1398
f 1399//1399 1366//1366 1373//1373
f 1373//1373 1366//1366 1399//1399
f 1400//1400 1367//1367 1399//1399
f 1399//1399 1367//1367 1400//1400
f 1405//1405 1372//1372 1400//1400
f 1400//1400 1372//1372 1405//1405
f 1406//1406 1373//1373 1374//1374
f 1374//1374 1373//1373 1406//1406
f 1407//1407 1374//1374 1375//1375
f 1375//1375 1374//1374 1407//1407
f 1375//1375 1376//1376 1408//1408
f 1408//1408 1376//1376 1375//1375
f 1376//1376 1377//1377 1409//1409
f 1409//1409 1377//1377 1376//1376
f 1377//1377 1378//1378 1409//1409
f 1409//1409 1378//1378 1377//1377
f 1378//1378 1379//1379 1410//1410
f 1410//1410 1379//1379 1378//1378
f 1379//1379 1380//1380 1411//1411
f 1411//1411 1380//1380 1379//1379
f 1380//1380 1381//1381 1412//1412
f 1412//1412 1381//1381 1380//1380
f 1381//1381 1382//1382 1413//1413
f 1413//1413 1382//1382 1381//1381
f 1382//1382 1368//1368 1401//1401
f 1401//1401 1368//1368 1382//1382
f 1401//1401 1383//1383 1402//1402
f 1402//1402 1383//1383 1401//1401
f 1402//1402 1384//1384 1414//1414
f 1414//1414 1384//1384 1402//1402
f 1386//1386 1385//1385 1415//1415
f 1415//1415 1385//1385 1386//1386
f 1386//1386 1416//1416 1387//1387
f 1387//1387 1416//1416 1386//1386
f 1414//1414 1384//1384 1403//1403
f 1403//1403 1384//1384 1414//1414
f 1403//1403 1372//1372 1405//1405
f 1405//1405 1372//1372 1403//1403
f 1404//1404 1387//1387 1417//1417
f 1417//1417 1387//1387 1404//1404
f 1385//1385 1388//1388 1415//1415
f 1415//1415 1388//1388 1385//1385
f 1388//1388 1389//1389 1418//1418
f 1418//1418 1389//1389 1388//1388
f 1389//1389 1390//1390 1419//1419
f 1419//1419 1390//1390 1389//1389
f 1390//1390 1391//1391 1420//1420
f 1420//1420 1391//1391 1390//1390
f 1391//1391 1392//1392 1420//1420
f 1420//1420 1392//1392 1391//1391
f 1393//1393 1397//1397 1421//1421
f 1421//1421 1397//1397 1393//1393
f 1394//1394 1393//1393 1422//1422
f 1422//1422 1393//1393 1394//1394
f 1395//1395 1394//1394 1423//1423
f 1423//1423 1394//1394 1395//1395
f 1396//1396 1395//1395 1424//1424
f 1424//1424 1395//1395 1396//1396
f 1425//1425 1392//1392 1396//1396
f 1396//1396 1392//1392 1425//1425
f 1397//1397 1398//1398 1421//1421
f 1421//1421 1398//1398 1397//1397
f 1426//1426 1398//1398 1404//1404
f 1404//1404 1398//1398 1426//1426
f 1426//1426 1404//1404 1427//1427
f 1427//1427 1404//1404 1426//1426
f 1399//1399 1373//1373 1406//1406
f 1406//1406 1373//1373 1399//1399
f 1400//1400 1399//1399 1428//1428
f 1428//1428 1399//1399 1400//1400
f 1405//1405 1400//1400 1429//1429
f 1429//1429 1400//1400 1405//1405
f 1406//1406 1374//1374 1407//1407
f 1407//1407 1374//1374 1406//1406
f 1407//1407 1375//1375 1408//1408
f 1408//1408 1375//1375 1407//1407
f 1376//1376 1409//1409 1408//1408
f 1408//1408 1409//1409 1376//1376
f 1378//1378 1410//1410 1409//1409
f 1409//1409 1410//1410 1378//1378
f 1379//1379 1411//1411 1410//1410
f 1410//1410 1411//1411 1379//1379
f 1380//1380 1412//1412 1411//1411
f 1411//1411 1412//1412 1380//1380
f 1381//1381 1413//1413 1412//1412
f 1412//1412 1413//1413 1381//1381
f 1382//1382 1401//1401 1413//1413
f 1413//1413 1401//1401 1382//1382
f 1401//1401 1402//1402 1430//1430
f 1430//1430 1402//1402 1401//1401
f 1402//1402 1414//1414 1431//1431
f 1431//1431 1414//1414 1402//1402
f 1386//1386 1415//1415 1416//1416
f 1416//1416 1415//1415 1386//1386
f 1387//1387 1416//1416 1417//1417
f 1417//1417 1416//1416 1387//1387
f 1414//1414 1403//1403 1432//1432
f 1432//1432 1403//1403 1414//1414
f 1403//1403 1405//1405 1433//1433
f 1433//1433 1405//1405 1403//1403
f 1404//1404 1417//1417 1427//1427
f 1427//1427 1417//1417 1404//1404
f 1415//1415 1388//1388 1418//1418
f 1418//1418 1388//1388 1415//1415
f 1418//1418 1389//1389 1434//1434
f 1434//1434 1389//1389 1418//1418
f 1389//1389 1419//1419 1434//1434
f 1434//1434 1419//1419 1389//1389
f 1390//1390 1420//1420 1419//1419
f 1419//1419 1420//1420 1390//1390
f 1392//1392 1425//1425 1420//1420
f 1420//1420 1425//1425 1392//1392
f 1393//1393 1421//1421 1422//1422
f 1422//1422 1421//1421 1393//1393
f 1423//1423 1394//1394 1422//1422
f 1422//1422 1394//1394 1423//1423
f 1424//1424 1395//1395 1423//1423
f 1423//1423 1395//1395 1424//1424
f 1425//1425 1396//1396 1424//1424
f 1424//1424 1396//1396 1425//1425
f 1421//1421 1398//1398 1435//1435
f 1435//1435 1398//1398 1421//1421
f 1435//1435 1398//1398 1426//1426
f 1426//1426 1398//1398 1435//1435
f 1436//1436 1426//1426 1427//1427
f 1427//1427 1426//1426 1436//1436
f 1428//1428 1399//1399 1406//1406
f 1406//1406 1399//1399 1428//1428
f 1429//1429 1400//1400 1428//1428
f 1428//1428 1400//1400 1429//1429
f 1405//1405 1429//1429 1433//1433
f 1433//1433 1429//1429 1405//1405
f 1437//1437 1406//1406 1407//1407
f 1407//1407 1406//1406 1437//1437
f 1438//1438 1407//1407 1408//1408
f 1408//1408 1407//1407 1438//1438
f 1408//1408 1409//1409 1439//1439
f 1439//1439 1409//1409 1408//1408
f 1409//1409 1410//1410 1440//1440
f 1440//1440 1410//1410 1409//1409
f 1410//1410 1411//1411 1441//1441
f 1441//1441 1411//1411 1410//1410
f 1411//1411 1412//1412 1442//1442
f 1442//1442 1412//1412 1411//1411
f 1412//1412 1413//1413 1443//1443
f 1443//1443 1413//1413 1412//1412
f 1413//1413 1401//1401 1430//1430
f 1430//1430 1401//1401 1413//1413
f 1430//1430 1402//1402 1431//1431
f 1431//1431 1402//1402 1430//1430
f 1431//1431 1414//1414 1444//1444
f 1444//1444 1414//1414 1431//1431
f 1416//1416 1415//1415 1445//1445
f 1445//1445 1415//1415 1416//1416
f 1416//1416 1446//1446 1417//1417
f 1417//1417 1446//1446 1416//1416
f 1414//1414 1432//1432 1444//1444
f 1444//1444 1432//1432 1414//1414
f 1432//1432 1403//1403 1433//1433
f 1433//1433 1403//1403 1432//1432
f 1427//1427 1417//1417 1447//1447
f 1447//1447 1417//1417 1427//1427
f 1448//1448 1427//1427 1449//1449
f 1449//1449 1427//1427 1448//1448
f 1433//1433 1450//1450 1451//1451
f 1451//1451 1450//1450 1433//1433
f 1415//1415 1418//1418 1445//1445
f 1445//1445 1418//1418 1415//1415
f 1418//1418 1434//1434 1452//1452
f 1452//1452 1434//1434 1418//1418
f 1434//1434 1419//1419 1453//1453
f 1453//1453 1419//1419 1434//1434
f 1419//1419 1420//1420 1453//1453
f 1453//1453 1420//1420 1419//1419
f 1420//1420 1425//1425 1454//1454
f 1454//1454 1425//1425 1420//1420
f 1422//1422 1421//1421 1455//1455
f 1455//1455 1421//1421 1422//1422
f 1423//1423 1422//1422 1456//1456
f 1456//1456 1422//1422 1423//1423
f 1424//1424 1423//1423 1457//1457
f 1457//1457 1423//1423 1424//1424
f 1458//1458 1425//1425 1424//1424
f 1424//1424 1425//1425 1458//1458
f 1421//1421 1435//1435 1455//1455
f 1455//1455 1435//1435 1421//1421
f 1435//1435 1426//1426 1436//1436
f 1436//1436 1426//1426 1435//1435
f 1436//1436 1427//1427 1448//1448
f 1448//1448 1427//1427 1436//1436
f 1428//1428 1406//1406 1437//1437
f 1437//1437 1406//1406 1428//1428
f 1429//1429 1428//1428 1459//1459
f 1459//1459 1428//1428 1429//1429
f 1429//1429 1460//1460 1433//1433
f 1433//1433 1460//1460 1429//1429
f 1433//1433 1461//1461 1450//1450
f 1450//1450 1461//1461 1433//1433
f 1437//1437 1407//1407 1438//1438
f 1438//1438 1407//1407 1437//1437
f 1438//1438 1408//1408 1439//1439
f 1439//1439 1408//1408 1438//1438
f 1439//1439 1409//1409 1462//1462
f 1462//1462 1409//1409 1439//1439
f 1409//1409 1440//1440 1462//1462
f 1462//1462 1440//1440 1409//1409
f 1410//1410 1441//1441 1440//1440
f 1440//1440 1441//1441 1410//1410
f 1411//1411 1442//1442 1441//1441
f 1441//1441 1442//1442 1411//1411
f 1412//1412 1443//1443 1442//1442
f 1442//1442 1443//1443 1412//1412
f 1413//1413 1430//1430 1443//1443
f 1443//1443 1430//1430 1413//1413
f 1430//1430 1431//1431 1463//1463
f 1463//1463 1431//1431 1430//1430
f 1431//1431 1444//1444 1464//1464
f 1464//1464 1444//1444 1431//1431
f 1416//1416 1445//1445 1446//1446
f 1446//1446 1445//1445 1416//1416
f 1417//1417 1446//1446 1447//1447
f 1447//1447 1446//1446 1417//1417
f 1444//1444 1432//1432 1465//1465
f 1465//1465 1432//1432 1444//1444
f 1432//1432 1433//1433 1451//1451
f 1451//1451 1433//1433 1432//1432
f 1427//1427 1447//1447 1466//1466
f 1466//1466 1447//1447 1427//1427
f 1467//1467 1448//1448 1449//1449
f 1449//1449 1448//1448 1467//1467
f 1449//1449 1427//1427 1466//1466
f 1466//1466 1427//1427 1449//1449
f 1451//1451 1450//1450 1468//1468
f 1468//1468 1450//1450 1451//1451
f 1445//1445 1418//1418 1452//1452
f 1452//1452 1418//1418 1445//1445
f 1452//1452 1434//1434 1469//1469
f 1469//1469 1434//1434 1452//1452
f 1469//1469 1434//1434 1453//1453
f 1453//1453 1434//1434 1469//1469
f 1420//1420 1454//1454 1453//1453
f 1453//1453 1454//1454 1420//1420
f 1425//1425 1458//1458 1454//1454
f 1454//1454 1458//1458 1425//1425
f 1422//1422 1455//1455 1456//1456
f 1456//1456 1455//1455 1422//1422
f 1457//1457 1423//1423 1456//1456
f 1456//1456 1423//1423 1457//1457
f 1458//1458 1424//1424 1457//1457
f 1457//1457 1424//1424 1458//1458
f 1455//1455 1435//1435 1470//1470
f 1470//1470 1435//1435 1455//1455
f 1435//1435 1436//1436 1470//1470
f 1470//1470 1436//1436 1435//1435
f 1448//1448 1471//1471 1436//1436
f 1436//1436 1471//1471 1448//1448
f 1459//1459 1428//1428 1437//1437
f 1437//1437 1428//1428 1459//1459
f 1460//1460 1429//1429 1459//1459
f 1459//1459 1429//1429 1460//1460
f 1433//1433 1460//1460 1461//1461
f 1461//1461 1460//1460 1433//1433
f 1450//1450 1461//1461 1472//1472
f 1472//1472 1461//1461 1450//1450
f 1473//1473 1448//1448 1467//1467
f 1467//1467 1448//1448 1473//1473
f 1450//1450 1472//1472 1468//1468
f 1468//1468 1472//1472 1450//1450
f 1474//1474 1467//1467 1475//1475
f 1475//1475 1467//1467 1474//1474
f 1476//1476 1437//1437 1438//1438
f 1438//1438 1437//1437 1476//1476
f 1477//1477 1438//1438 1439//1439
f 1439//1439 1438//1438 1477//1477
f 1439//1439 1462//1462 1478//1478
f 1478//1478 1462//1462 1439//1439
f 1462//1462 1440//1440 1479//1479
f 1479//1479 1440//1440 1462//1462
f 1440//1440 1441//1441 1480//1480
f 1480//1480 1441//1441 1440//1440
f 1441//1441 1442//1442 1481//1481
f 1481//1481 1442//1442 1441//1441
f 1442//1442 1443//1443 1482//1482
f 1482//1482 1443//1443 1442//1442
f 1443//1443 1430//1430 1463//1463
f 1463//1463 1430//1430 1443//1443
f 1463//1463 1431//1431 1464//1464
f 1464//1464 1431//1431 1463//1463
f 1464//1464 1444//1444 1483//1483
f 1483//1483 1444//1444 1464//1464
f 1446//1446 1445//1445 1484//1484
f 1484//1484 1445//1445 1446//1446
f 1446//1446 1485//1485 1447//1447
f 1447//1447 1485//1485 1446//1446
f 1444//1444 1465//1465 1483//1483
f 1483//1483 1465//1465 1444//1444
f 1432//1432 1451//1451 1465//1465
f 1465//1465 1451//1451 1432//1432
f 1447//1447 1486//1486 1466//1466
f 1466//1466 1486//1486 1447//1447
f 1487//1487 1467//1467 1449//1449
f 1449//1449 1467//1467 1487//1487
f 1449//1449 1466//1466 1488//1488
f 1488//1488 1466//1466 1449//1449
f 1451//1451 1468//1468 1489//1489
f 1489//1489 1468//1468 1451//1451
f 1490//1490 1468//1468 1491//1491
f 1491//1491 1468//1468 1490//1490
f 1467//1467 1487//1487 1475//1475
f 1475//1475 1487//1487 1467//1467
f 1445//1445 1452//1452 1484//1484
f 1484//1484 1452//1452 1445//1445
f 1452//1452 1469//1469 1492//1492
f 1492//1492 1469//1469 1452//1452
f 1469//1469 1453//1453 1493//1493
f 1493//1493 1453//1453 1469//1469
f 1453//1453 1454//1454 1493//1493
f 1493//1493 1454//1454 1453//1453
f 1454//1454 1458//1458 1494//1494
f 1494//1494 1458//1458 1454//1454
f 1456//1456 1455//1455 1495//1495
f 1495//1495 1455//1455 1456//1456
f 1457//1457 1456//1456 1496//1496
f 1496//1496 1456//1456 1457//1457
f 1497//1497 1458//1458 1457//1457
f 1457//1457 1458//1458 1497//1497
f 1455//1455 1470//1470 1495//1495
f 1495//1495 1470//1470 1455//1455
f 1471//1471 1470//1470 1436//1436
f 1436//1436 1470//1470 1471//1471
f 1473//1473 1471//1471 1448//1448
f 1448//1448 1471//1471 1473//1473
f 1459//1459 1437//1437 1476//1476
f 1476//1476 1437//1437 1459//1459
f 1460//1460 1459//1459 1498//1498
f 1498//1498 1459//1459 1460//1460
f 1460//1460 1499//1499 1461//1461
f 1461//1461 1499//1499 1460//1460
f 1461//1461 1500//1500 1472//1472
f 1472//1472 1500//1500 1461//1461
f 1473//1473 1467//1467 1474//1474
f 1474//1474 1467//1467 1473//1473
f 1468//1468 1472//1472 1491//1491
f 1491//1491 1472//1472 1468//1468
f 1501//1501 1474//1474 1475//1475
f 1475//1475 1474//1474 1501//1501
f 1476//1476 1438//1438 1477//1477
f 1477//1477 1438//1438 1476//1476
f 1477//1477 1439//1439 1478//1478
f 1478//1478 1439//1439 1477//1477
f 1478//1478 1462//1462 1479//1479
f 1479//1479 1462//1462 1478//1478
f 1479//1479 1440//1440 1480//1480
f 1480//1480 1440//1440 1479//1479
f 1480//1480 1441//1441 1481//1481
f 1481//1481 1441//1441 1480//1480
f 1442//1442 1482//1482 1481//1481
f 1481//1481 1482//1482 1442//1442
f 1443//1443 1463//1463 1482//1482
f 1482//1482 1463//1463 1443//1443
f 1463//1463 1464//1464 1502//1502
f 1502//1502 1464//1464 1463//1463
f 1464//1464 1483//1483 1503//1503
f 1503//1503 1483//1483 1464//1464
f 1446//1446 1484//1484 1485//1485
f 1485//1485 1484//1484 1446//1446
f 1447//1447 1485//1485 1486//1486
f 1486//1486 1485//1485 1447//1447
f 1483//1483 1465//1465 1504//1504
f 1504//1504 1465//1465 1483//1483
f 1465//1465 1451//1451 1489//1489
f 1489//1489 1451//1451 1465//1465
f 1466//1466 1486//1486 1488//1488
f 1488//1488 1486//1486 1466//1466
f 1487//1487 1449//1449 1488//1488
f 1488//1488 1449//1449 1487//1487
f 1489//1489 1468//1468 1490//1490
f 1490//1490 1468//1468 1489//1489
f 1490//1490 1491//1491 1505//1505
f 1505//1505 1491//1491 1490//1490
f 1475//1475 1487//1487 1506//1506
f 1506//1506 1487//1487 1475//1475
f 1501//1501 1475//1475 1507//1507
f 1507//1507 1475//1475 1501//1501
f 1484//1484 1452//1452 1492//1492
f 1492//1492 1452//1452 1484//1484
f 1492//1492 1469//1469 1508//1508
f 1508//1508 1469//1469 1492//1492
f 1469//1469 1493//1493 1508//1508
f 1508//1508 1493//1493 1469//1469
f 1454//1454 1494//1494 1493//1493
f 1493//1493 1494//1494 1454//1454
f 1458//1458 1497//1497 1494//1494
f 1494//1494 1497//1497 1458//1458
f 1496//1496 1456//1456 1495//1495
f 1495//1495 1456//1456 1496//1496
f 1497//1497 1457//1457 1496//1496
f 1496//1496 1457//1457 1497//1497
f 1509//1509 1495//1495 1470//1470
f 1470//1470 1495//1495 1509//1509
f 1509//1509 1470//1470 1471//1471
f 1471//1471 1470//1470 1509//1509
f 1510//1510 1471//1471 1473//1473
f 1473//1473 1471//1471 1510//1510
f 1459//1459 1476//1476 1498//1498
f 1498//1498 1476//1476 1459//1459
f 1499//1499 1460//1460 1498//1498
f 1498//1498 1460//1460 1499//1499
f 1461//1461 1499//1499 1500//1500
f 1500//1500 1499//1499 1461//1461
f 1472//1472 1500//1500 1511//1511
f 1511//1511 1500//1500 1472//1472
f 1512//1512 1473//1473 1474//1474
f 1474//1474 1473//1473 1512//1512
f 1491//1491 1472//1472 1511//1511
f 1511//1511 1472//1472 1491//1491
f 1505//1505 1491//1491 1513//1513
f 1513//1513 1491//1491 1505//1505
f 1514//1514 1474//1474 1501//1501
f 1501//1501 1474//1474 1514//1514
f 1515//1515 1501//1501 1516//1516
f 1516//1516 1501//1501 1515//1515
f 1476//1476 1477//1477 1517//1517
f 1517//1517 1477//1477 1476//1476
f 1477//1477 1478//1478 1518//1518
f 1518//1518 1478//1478 1477//1477
f 1478//1478 1479//1479 1519//1519
f 1519//1519 1479//1479 1478//1478
f 1479//1479 1480//1480 1520//1520
f 1520//1520 1480//1480 1479//1479
f 1480//1480 1481//1481 1521//1521
f 1521//1521 1481//1481 1480//1480
f 1481//1481 1482//1482 1522//1522
f 1522//1522 1482//1482 1481//1481
f 1482//1482 1463//1463 1502//1502
f 1502//1502 1463//1463 1482//1482
f 1502//1502 1464//1464 1503//1503
f 1503//1503 1464//1464 1502//1502
f 1503//1503 1483//1483 1523//1523
f 1523//1523 1483//1483 1503//1503
f 1484//1484 1524//1524 1485//1485
f 1485//1485 1524//1524 1484//1484
f 1485//1485 1525//1525 1486//1486
f 1486//1486 1525//1525 1485//1485
f 1483//1483 1504//1504 1523//1523
f 1523//1523 1504//1504 1483//1483
f 1465//1465 1489//1489 1504//1504
f 1504//1504 1489//1489 1465//1465
f 1488//1488 1486//1486 1526//1526
f 1526//1526 1486//1486 1488//1488
f 1487//1487 1488//1488 1506//1506
f 1506//1506 1488//1488 1487//1487
f 1527//1527 1489//1489 1490//1490
f 1490//1490 1489//1489 1527//1527
f 1528//1528 1490//1490 1505//1505
f 1505//1505 1490//1490 1528//1528
f 1475//1475 1506//1506 1507//1507
f 1507//1507 1506//1506 1475//1475
f 1528//1528 1505//1505 1529//1529
f 1529//1529 1505//1505 1528//1528
f 1516//1516 1501//1501 1507//1507
f 1507//1507 1501//1501 1516//1516
f 1484//1484 1492//1492 1524//1524
f 1524//1524 1492//1492 1484//1484
f 1492//1492 1508//1508 1530//1530
f 1530//1530 1508//1508 1492//1492
f 1508//1508 1493//1493 1531//1531
f 1531//1531 1493//1493 1508//1508
f 1493//1493 1494//1494 1531//1531
f 1531//1531 1494//1494 1493//1493
f 1494//1494 1497//1497 1532//1532
f 1532//1532 1497//1497 1494//1494
f 1533//1533 1496//1496 1495//1495
f 1495//1495 1496//1496 1533//1533
f 1534//1534 1497//1497 1496//1496
f 1496//1496 1497//1497 1534//1534
f 1533//1533 1495//1495 1509//1509
f 1509//1509 1495//1495 1533//1533
f 1510//1510 1509//1509 1471//1471
f 1471//1471 1509//1509 1510//1510
f 1510//1510 1473//1473 1512//1512
f 1512//1512 1473//1473 1510//1510
f 1498//1498 1476//1476 1517//1517
f 1517//1517 1476//1476 1498//1498
f 1499//1499 1498//1498 1535//1535
f 1535//1535 1498//1498 1499//1499
f 1499//1499 1536//1536 1500//1500
f 1500//1500 1536//1536 1499//1499
f 1500//1500 1537//1537 1511//1511
f 1511//1511 1537//1537 1500//1500
f 1514//1514 1512//1512 1474//1474
f 1474//1474 1512//1512 1514//1514
f 1491//1491 1511//1511 1513//1513
f 1513//1513 1511//1511 1491//1491
f 1505//1505 1513//1513 1529//1529
f 1529//1529 1513//1513 1505//1505
f 1515//1515 1514//1514 1501//1501
f 1501//1501 1514//1514 1515//1515
f 1538//1538 1515//1515 1516//1516
f 1516//1516 1515//1515 1538//1538
f 1517//1517 1477//1477 1518//1518
f 1518//1518 1477//1477 1517//1517
f 1518//1518 1478//1478 1519//1519
f 1519//1519 1478//1478 1518//1518
f 1519//1519 1479//1479 1520//1520
f 1520//1520 1479//1479 1519//1519
f 1520//1520 1480//1480 1521//1521
f 1521//1521 1480//1480 1520//1520
f 1481//1481 1522//1522 1521//1521
f 1521//1521 1522//1522 1481//1481
f 1482//1482 1502//1502 1522//1522
f 1522//1522 1502//1502 1482//1482
f 1502//1502 1503//1503 1539//1539
f 1539//1539 1503//1503 1502//1502
f 1503//1503 1523//1523 1540//1540
f 1540//1540 1523//1523 1503//1503
f 1485//1485 1524//1524 1525//1525
f 1525//1525 1524//1524 1485//1485
f 1486//1486 1525//1525 1526//1526
f 1526//1526 1525//1525 1486//1486
f 1523//1523 1504//1504 1541//1541
f 1541//1541 1504//1504 1523//1523
f 1504//1504 1489//1489 1527//1527
f 1527//1527 1489//1489 1504//1504
f 1488//1488 1526//1526 1542//1542
f 1542//1542 1526//1526 1488//1488
f 1506//1506 1488//1488 1542//1542
f 1542//1542 1488//1488 1506//1506
f 1527//1527 1490//1490 1528//1528
f 1528//1528 1490//1490 1527//1527
f 1506//1506 1543//1543 1507//1507
f 1507//1507 1543//1543 1506//1506
f 1544//1544 1528//1528 1529//1529
f 1529//1529 1528//1528 1544//1544
f 1516//1516 1507//1507 1545//1545
f 1545//1545 1507//1507 1516//1516
f 1538//1538 1516//1516 1546//1546
f 1546//1546 1516//1516 1538//1538
f 1524//1524 1492//1492 1530//1530
f 1530//1530 1492//1492 1524//1524
f 1530//1530 1508//1508 1547//1547
f 1547//1547 1508//1508 1530//1530
f 1547//1547 1508//1508 1531//1531
f 1531//1531 1508//1508 1547//1547
f 1494//1494 1532//1532 1531//1531
f 1531//1531 1532//1532 1494//1494
f 1497//1497 1534//1534 1532//1532
f 1532//1532 1534//1534 1497//1497
f 1534//1534 1496//1496 1533//1533
f 1533//1533 1496//1496 1534//1534
f 1548//1548 1533//1533 1509//1509
f 1509//1509 1533//1533 1548//1548
f 1548//1548 1509//1509 1510//1510
f 1510//1510 1509//1509 1548//1548
f 1549//1549 1510//1510 1512//1512
f 1512//1512 1510//1510 1549//1549
f 1535//1535 1498//1498 1517//1517
f 1517//1517 1498//1498 1535//1535
f 1536//1536 1499//1499 1535//1535
f 1535//1535 1499//1499 1536//1536
f 1500//1500 1536//1536 1537//1537
f 1537//1537 1536//1536 1500//1500
f 1511//1511 1537//1537 1550//1550
f 1550//1550 1537//1537 1511//1511
f 1549//1549 1512//1512 1514//1514
f 1514//1514 1512//1512 1549//1549
f 1513//1513 1511//1511 1550//1550
f 1550//1550 1511//1511 1513//1513
f 1529//1529 1513//1513 1551//1551
f 1551//1551 1513//1513 1529//1529
f 1544//1544 1529//1529 1552//1552
f 1552//1552 1529//1529 1544//1544
f 1553//1553 1514//1514 1515//1515
f 1515//1515 1514//1514 1553//1553
f 1538//1538 1554//1554 1515//1515
f 1515//1515 1554//1554 1538//1538
f 1538//1538 1555//1555 1556//1556
f 1556//1556 1555//1555 1538//1538
f 1555//1555 1544//1544 1552//1552
f 1552//1552 1544//1544 1555//1555
f 1557//1557 1517//1517 1518//1518
f 1518//1518 1517//1517 1557//1557
f 1558//1558 1518//1518 1519//1519
f 1519//1519 1518//1518 1558//1558
f 1559//1559 1519//1519 1520//1520
f 1520//1520 1519//1519 1559//1559
f 1520//1520 1521//1521 1560//1560
f 1560//1560 1521//1521 1520//1520
f 1521//1521 1522//1522 1561//1561
f 1561//1561 1522//1522 1521//1521
f 1522//1522 1502//1502 1539//1539
f 1539//1539 1502//1502 1522//1522
f 1539//1539 1503//1503 1540//1540
f 1540//1540 1503//1503 1539//1539
f 1540//1540 1523//1523 1562//1562
f 1562//1562 1523//1523 1540//1540
f 1524//1524 1563//1563 1525//1525
f 1525//1525 1563//1563 1524//1524
f 1525//1525 1564//1564 1526//1526
f 1526//1526 1564//1564 1525//1525
f 1523//1523 1541//1541 1562//1562
f 1562//1562 1541//1541 1523//1523
f 1541//1541 1504//1504 1527//1527
f 1527//1527 1504//1504 1541//1541
f 1542//1542 1526//1526 1565//1565
f 1565//1565 1526//1526 1542//1542
f 1506//1506 1542//1542 1543//1543
f 1543//1543 1542//1542 1506//1506
f 1566//1566 1527//1527 1528//1528
f 1528//1528 1527//1527 1566//1566
f 1507//1507 1543//1543 1545//1545
f 1545//1545 1543//1543 1507//1507
f 1567//1567 1528//1528 1544//1544
f 1544//1544 1528//1528 1567//1567
f 1546//1546 1516//1516 1545//1545
f 1545//1545 1516//1516 1546//1546
f 1568//1568 1544//1544 1555//1555
f 1555//1555 1544//1544 1568//1568
f 1546//1546 1555//1555 1538//1538
f 1538//1538 1555//1555 1546//1546
f 1524//1524 1530//1530 1563//1563
f 1563//1563 1530//1530 1524//1524
f 1530//1530 1547//1547 1569//1569
f 1569//1569 1547//1547 1530//1530
f 1547//1547 1531//1531 1570//1570
f 1570//1570 1531//1531 1547//1547
f 1531//1531 1532//1532 1571//1571
f 1571//1571 1532//1532 1531//1531
f 1532//1532 1534//1534 1571//1571
f 1571//1571 1534//1534 1532//1532
f 1572//1572 1534//1534 1533//1533
f 1533//1533 1534//1534 1572//1572
f 1572//1572 1533//1533 1548//1548
f 1548//1548 1533//1533 1572//1572
f 1548//1548 1510//1510 1549//1549
f 1549//1549 1510//1510 1548//1548
f 1535//1535 1517//1517 1557//1557
f 1557//1557 1517//1517 1535//1535
f 1536//1536 1535//1535 1573//1573
f 1573//1573 1535//1535 1536//1536
f 1536//1536 1574//1574 1537//1537
f 1537//1537 1574//1574 1536//1536
f 1537//1537 1575//1575 1550//1550
f 1550//1550 1575//1575 1537//1537
f 1537//1537 1575//1575 1550//1550
f 1550//1550 1575//1575 1537//1537
f 1553//1553 1549//1549 1514//1514
f 1514//1514 1549//1549 1553//1553
f 1513//1513 1550//1550 1551//1551
f 1551//1551 1550//1550 1513//1513
f 1529//1529 1551//1551 1552//1552
f 1552//1552 1551//1551 1529//1529
f 1554//1554 1553//1553 1515//1515
f 1515//1515 1553//1553 1554//1554
f 1556//1556 1554//1554 1538//1538
f 1538//1538 1554//1554 1556//1556
f 1555//1555 1552//1552 1556//1556
f 1556//1556 1552//1552 1555//1555
f 1557//1557 1518//1518 1558//1558
f 1558//1558 1518//1518 1557//1557
f 1558//1558 1519//1519 1559//1559
f 1559//1559 1519//1519 1558//1558
f 1559//1559 1520//1520 1560//1560
f 1560//1560 1520//1520 1559//1559
f 1560//1560 1521//1521 1561//1561
f 1561//1561 1521//1521 1560//1560
f 1522//1522 1539//1539 1561//1561
f 1561//1561 1539//1539 1522//1522
f 1576//1576 1539//1539 1540//1540
f 1540//1540 1539//1539 1576//1576
f 1540//1540 1562//1562 1577//1577
f 1577//1577 1562//1562 1540//1540
f 1525//1525 1563//1563 1564//1564
f 1564//1564 1563//1563 1525//1525
f 1526//1526 1564//1564 1565//1565
f 1565//1565 1564//1564 1526//1526
f 1577//1577 1562//1562 1578//1578
f 1578//1578 1562//1562 1577//1577
f 1562//1562 1541//1541 1579//1579
f 1579//1579 1541//1541 1562//1562
f 1541//1541 1527//1527 1566//1566
f 1566//1566 1527//1527 1541//1541
f 1542//1542 1565//1565 1580//1580
f 1580//1580 1565//1565 1542//1542
f 1542//1542 1580//1580 1543//1543
f 1543//1543 1580//1580 1542//1542
f 1566//1566 1528//1528 1567//1567
f 1567//1567 1528//1528 1566//1566
f 1543//1543 1581//1581 1545//1545
f 1545//1545 1581//1581 1543//1543
f 1567//1567 1544//1544 1568//1568
f 1568//1568 1544//1544 1567//1567
f 1546//1546 1545//1545 1582//1582
f 1582//1582 1545//1545 1546//1546
f 1568//1568 1555//1555 1546//1546
f 1546//1546 1555//1555 1568//1568
f 1530//1530 1569//1569 1563//1563
f 1563//1563 1569//1569 1530//1530
f 1547//1547 1583//1583 1569//1569
f 1569//1569 1583//1583 1547//1547
f 1547//1547 1570//1570 1583//1583
f 1583//1583 1570//1570 1547//1547
f 1531//1531 1571//1571 1570//1570
f 1570//1570 1571//1571 1531//1531
f 1534//1534 1572//1572 1571//1571
f 1571//1571 1572//1572 1534//1534
f 1584//1584 1572//1572 1548//1548
f 1548//1548 1572//1572 1584//1584
f 1584//1584 1548//1548 1549//1549
f 1549//1549 1548//1548 1584//1584
f 1573//1573 1535//1535 1557//1557
f 1557//1557 1535//1535 1573//1573
f 1536//1536 1573//1573 1574//1574
f 1574//1574 1573//1573 1536//1536
f 1537//1537 1574//1574 1575//1575
f 1575//1575 1574//1574 1537//1537
f 1585//1585 1549//1549 1553//1553
f 1553//1553 1549//1549 1585//1585
f 1551//1551 1550//1550 1586//1586
f 1586//1586 1550//1550 1551//1551
f 1552//1552 1551//1551 1587//1587
f 1587//1587 1551//1551 1552//1552
f 1588//1588 1553//1553 1554//1554
f 1554//1554 1553//1553 1588//1588
f 1589//1589 1554//1554 1556//1556
f 1556//1556 1554//1554 1589//1589
f 1552//1552 1587//1587 1556//1556
f 1556//1556 1587//1587 1552//1552
f 1590//1590 1557//1557 1558//1558
f 1558//1558 1557//1557 1590//1590
f 1591//1591 1558//1558 1559//1559
f 1559//1559 1558//1558 1591//1591
f 1559//1559 1560//1560 1592//1592
f 1592//1592 1560//1560 1559//1559
f 1560//1560 1561//1561 1593//1593
f 1593//1593 1561//1561 1560//1560
f 1561//1561 1539//1539 1576//1576
f 1576//1576 1539//1539 1561//1561
f 1594//1594 1577//1577 1578//1578
f 1578//1578 1577//1577 1594//1594
f 1576//1576 1540//1540 1577//1577
f 1577//1577 1540//1540 1576//1576
f 1563//1563 1595//1595 1564//1564
f 1564//1564 1595//1595 1563//1563
f 1564//1564 1596//1596 1565//1565
f 1565//1565 1596//1596 1564//1564
f 1578//1578 1562//1562 1579//1579
f 1579//1579 1562//1562 1578//1578
f 1579//1579 1541//1541 1566//1566
f 1566//1566 1541//1541 1579//1579
f 1565//1565 1597//1597 1580//1580
f 1580//1580 1597//1597 1565//1565
f 1543//1543 1580//1580 1581//1581
f 1581//1581 1580//1580 1543//1543
f 1566//1566 1567//1567 1598//1598
f 1598//1598 1567//1567 1566//1566
f 1545//1545 1581//1581 1582//1582
f 1582//1582 1581//1581 1545//1545
f 1599//1599 1567//1567 1568//1568
f 1568//1568 1567//1567 1599//1599
f 1582//1582 1568//1568 1546//1546
f 1546//1546 1568//1568 1582//1582
f 1563//1563 1569//1569 1595//1595
f 1595//1595 1569//1569 1563//1563
f 1569//1569 1583//1583 1600//1600
f 1600//1600 1583//1583 1569//1569
f 1570//1570 1601//1601 1583//1583
f 1583//1583 1601//1601 1570//1570
f 1570//1570 1571//1571 1601//1601
f 1601//1601 1571//1571 1570//1570
f 1571//1571 1572//1572 1602//1602
f 1602//1602 1572//1572 1571//1571
f 1572//1572 1584//1584 1602//1602
f 1602//1602 1584//1584 1572//1572
f 1603//1603 1584//1584 1549//1549
f 1549//1549 1584//1584 1603//1603
f 1573//1573 1557//1557 1590//1590
f 1590//1590 1557//1557 1573//1573
f 1585//1585 1603//1603 1549//1549
f 1549//1549 1603//1603 1585//1585
f 1574//1574 1573//1573 1604//1604
f 1604//1604 1573//1573 1574//1574
f 1574//1574 1605//1605 1575//1575
f 1575//1575 1605//1605 1574//1574
f 1588//1588 1585//1585 1553//1553
f 1553//1553 1585//1585 1588//1588
f 1551//1551 1586//1586 1587//1587
f 1587//1587 1586//1586 1551//1551
f 1589//1589 1588//1588 1554//1554
f 1554//1554 1588//1588 1589//1589
f 1587//1587 1589//1589 1556//1556
f 1556//1556 1589//1589 1587//1587
f 1590//1590 1558//1558 1591//1591
f 1591//1591 1558//1558 1590//1590
f 1592//1592 1591//1591 1559//1559
f 1559//1559 1591//1591 1592//1592
f 1592//1592 1560//1560 1593//1593
f 1593//1593 1560//1560 1592//1592
f 1593//1593 1561//1561 1576//1576
f 1576//1576 1561//1561 1593//1593
f 1594//1594 1576//1576 1577//1577
f 1577//1577 1576//1576 1594//1594
f 1564//1564 1595//1595 1596//1596
f 1596//1596 1595//1595 1564//1564
f 1565//1565 1596//1596 1597//1597
f 1597//1597 1596//1596 1565//1565
f 1578//1578 1579//1579 1606//1606
f 1606//1606 1579//1579 1578//1578
f 1579//1579 1566//1566 1598//1598
f 1598//1598 1566//1566 1579//1579
f 1580//1580 1597//1597 1607//1607
f 1607//1607 1597//1597 1580//1580
f 1580//1580 1607//1607 1581//1581
f 1581//1581 1607//1607 1580//1580
f 1598//1598 1567//1567 1599//1599
f 1599//1599 1567//1567 1598//1598
f 1581//1581 1608//1608 1582//1582
f 1582//1582 1608//1608 1581//1581
f 1599//1599 1568//1568 1582//1582
f 1582//1582 1568//1568 1599//1599
f 1569//1569 1600//1600 1595//1595
f 1595//1595 1600//1600 1569//1569
f 1583//1583 1609//1609 1600//1600
f 1600//1600 1609//1609 1583//1583
f 1583//1583 1601//1601 1609//1609
f 1609//1609 1601//1601 1583//1583
f 1571//1571 1602//1602 1601//1601
f 1601//1601 1602//1602 1571//1571
f 1602//1602 1584//1584 1610//1610
f 1610//1610 1584//1584 1602//1602
f 1584//1584 1603//1603 1610//1610
f 1610//1610 1603//1603 1584//1584
f 1573//1573 1590//1590 1604//1604
f 1604//1604 1590//1590 1573//1573
f 1611//1611 1603//1603 1585//1585
f 1585//1585 1603//1603 1611//1611
f 1574//1574 1604//1604 1605//1605
f 1605//1605 1604//1604 1574//1574
f 1575//1575 1605//1605 1612//1612
f 1612//1612 1605//1605 1575//1575
f 1575//1575 1612//1612 1586//1586
f 1586//1586 1612//1612 1575//1575
f 1613//1613 1585//1585 1588//1588
f 1588//1588 1585//1585 1613//1613
f 1586//1586 1614//1614 1587//1587
f 1587//1587 1614//1614 1586//1586
f 1615//1615 1588//1588 1589//1589
f 1589//1589 1588//1588 1615//1615
f 1614//1614 1589//1589 1587//1587
f 1587//1587 1589//1589 1614//1614
f 1590//1590 1591//1591 1616//1616
f 1616//1616 1591//1591 1590//1590
f 1591//1591 1592//1592 1617//1617
f 1617//1617 1592//1592 1591//1591
f 1592//1592 1593//1593 1618//1618
f 1618//1618 1593//1593 1592//1592
f 1593//1593 1576//1576 1594//1594
f 1594//1594 1576//1576 1593//1593
f 1595//1595 1619//1619 1596//1596
f 1596//1596 1619//1619 1595//1595
f 1596//1596 1620//1620 1597//1597
f 1597//1597 1620//1620 1596//1596
f 1606//1606 1579//1579 1598//1598
f 1598//1598 1579//1579 1606//1606
f 1597//1597 1621//1621 1607//1607
f 1607//1607 1621//1621 1597//1597
f 1581//1581 1607//1607 1608//1608
f 1608//1608 1607//1607 1581//1581
f 1599//1599 1622//1622 1598//1598
f 1598//1598 1622//1622 1599//1599
f 1582//1582 1608//1608 1599//1599
f 1599//1599 1608//1608 1582//1582
f 1595//1595 1600//1600 1619//1619
f 1619//1619 1600//1600 1595//1595
f 1600//1600 1609//1609 1623//1623
f 1623//1623 1609//1609 1600//1600
f 1609//1609 1601//1601 1624//1624
f 1624//1624 1601//1601 1609//1609
f 1601//1601 1602//1602 1610//1610
f 1610//1610 1602//1602 1601//1601
f 1610//1610 1603//1603 1611//1611
f 1611//1611 1603//1603 1610//1610
f 1604//1604 1590//1590 1616//1616
f 1616//1616 1590//1590 1604//1604
f 1613//1613 1611//1611 1585//1585
f 1585//1585 1611//1611 1613//1613
f 1605//1605 1604//1604 1625//1625
f 1625//1625 1604//1604 1605//1605
f 1605//1605 1626//1626 1612//1612
f 1612//1612 1626//1626 1605//1605
f 1612//1612 1627//1627 1586//1586
f 1586//1586 1627//1627 1612//1612
f 1613//1613 1588//1588 1615//1615
f 1615//1615 1588//1588 1613//1613
f 1586//1586 1627//1627 1614//1614
f 1614//1614 1627//1627 1586//1586
f 1614//1614 1615//1615 1589//1589
f 1589//1589 1615//1615 1614//1614
f 1616//1616 1591//1591 1617//1617
f 1617//1617 1591//1591 1616//1616
f 1592//1592 1618//1618 1617//1617
f 1617//1617 1618//1618 1592//1592
f 1618//1618 1593//1593 1594//1594
f 1594//1594 1593//1593 1618//1618
f 1596//1596 1619//1619 1620//1620
f 1620//1620 1619//1619 1596//1596
f 1597//1597 1620//1620 1621//1621
f 1621//1621 1620//1620 1597//1597
f 1622//1622 1606//1606 1598//1598
f 1598//1598 1606//1606 1622//1622
f 1607//1607 1621//1621 1608//1608
f 1608//1608 1621//1621 1607//1607
f 1608//1608 1622//1622 1599//1599
f 1599//1599 1622//1622 1608//1608
f 1600//1600 1623//1623 1619//1619
f 1619//1619 1623//1623 1600//1600
f 1609//1609 1628//1628 1623//1623
f 1623//1623 1628//1628 1609//1609
f 1628//1628 1609//1609 1624//1624
f 1624//1624 1609//1609 1628//1628
f 1601//1601 1610//1610 1624//1624
f 1624//1624 1610//1610 1601//1601
f 1629//1629 1610//1610 1611//1611
f 1611//1611 1610//1610 1629//1629
f 1604//1604 1616//1616 1625//1625
f 1625//1625 1616//1616 1604//1604
f 1629//1629 1611//1611 1613//1613
f 1613//1613 1611//1611 1629//1629
f 1605//1605 1625//1625 1626//1626
f 1626//1626 1625//1625 1605//1605
f 1626//1626 1627//1627 1612//1612
f 1612//1612 1627//1627 1626//1626
f 1630//1630 1613//1613 1615//1615
f 1615//1615 1613//1613 1630//1630
f 1627//1627 1615//1615 1614//1614
f 1614//1614 1615//1615 1627//1627
f 1616//1616 1617//1617 1631//1631
f 1631//1631 1617//1617 1616//1616
f 1617//1617 1618//1618 1632//1632
f 1632//1632 1618//1618 1617//1617
f 1618//1618 1594//1594 1633//1633
f 1633//1633 1594//1594 1618//1618
f 1619//1619 1634//1634 1620//1620
f 1620//1620 1634//1634 1619//1619
f 1620//1620 1635//1635 1621//1621
f 1621//1621 1635//1635 1620//1620
f 1636//1636 1606//1606 1622//1622
f 1622//1622 1606//1606 1636//1636
f 1621//1621 1637//1637 1608//1608
f 1608//1608 1637//1637 1621//1621
f 1608//1608 1636//1636 1622//1622
f 1622//1622 1636//1636 1608//1608
f 1619//1619 1623//1623 1634//1634
f 1634//1634 1623//1623 1619//1619
f 1623//1623 1628//1628 1638//1638
f 1638//1638 1628//1628 1623//1623
f 1628//1628 1624//1624 1639//1639
f 1639//1639 1624//1624 1628//1628
f 1624//1624 1610//1610 1629//1629
f 1629//1629 1610//1610 1624//1624
f 1625//1625 1616//1616 1631//1631
f 1631//1631 1616//1616 1625//1625
f 1640//1640 1629//1629 1613//1613
f 1613//1613 1629//1629 1640//1640
f 1626//1626 1625//1625 1641//1641
f 1641//1641 1625//1625 1626//1626
f 1640//1640 1613//1613 1630//1630
f 1630//1630 1613//1613 1640//1640
f 1626//1626 1642//1642 1627//1627
f 1627//1627 1642//1642 1626//1626
f 1630//1630 1615//1615 1627//1627
f 1627//1627 1615//1615 1630//1630
f 1630//1630 1615//1615 1627//1627
f 1627//1627 1615//1615 1630//1630
f 1631//1631 1617//1617 1632//1632
f 1632//1632 1617//1617 1631//1631
f 1618//1618 1633//1633 1632//1632
f 1632//1632 1633//1633 1618//1618
f 1633//1633 1594//1594 1643//1643
f 1643//1643 1594//1594 1633//1633
f 1620//1620 1634//1634 1635//1635
f 1635//1635 1634//1634 1620//1620
f 1644//1644 1643//1643 1606//1606
f 1606//1606 1643//1643 1644//1644
f 1621//1621 1635//1635 1637//1637
f 1637//1637 1635//1635 1621//1621
f 1645//1645 1606//1606 1636//1636
f 1636//1636 1606//1606 1645//1645
f 1608//1608 1637//1637 1636//1636
f 1636//1636 1637//1637 1608//1608
f 1623//1623 1638//1638 1634//1634
f 1634//1634 1638//1638 1623//1623
f 1628//1628 1639//1639 1638//1638
f 1638//1638 1639//1639 1628//1628
f 1639//1639 1624//1624 1629//1629
f 1629//1629 1624//1624 1639//1639
f 1625//1625 1631//1631 1641//1641
f 1641//1641 1631//1631 1625//1625
f 1629//1629 1640//1640 1646//1646
f 1646//1646 1640//1640 1629//1629
f 1626//1626 1641//1641 1642//1642
f 1642//1642 1641//1641 1626//1626
f 1647//1647 1640//1640 1630//1630
f 1630//1630 1640//1640 1647//1647
f 1642//1642 1630//1630 1627//1627
f 1627//1627 1630//1630 1642//1642
f 1631//1631 1632//1632 1648//1648
f 1648//1648 1632//1632 1631//1631
f 1632//1632 1633//1633 1649//1649
f 1649//1649 1633//1633 1632//1632
f 1633//1633 1643//1643 1644//1644
f 1644//1644 1643//1643 1633//1633
f 1634//1634 1650//1650 1635//1635
f 1635//1635 1650//1650 1634//1634
f 1645//1645 1644//1644 1606//1606
f 1606//1606 1644//1644 1645//1645
f 1651//1651 1637//1637 1635//1635
f 1635//1635 1637//1637 1651//1651
f 1645//1645 1636//1636 1637//1637
f 1637//1637 1636//1636 1645//1645
f 1634//1634 1638//1638 1650//1650
f 1650//1650 1638//1638 1634//1634
f 1638//1638 1639//1639 1652//1652
f 1652//1652 1639//1639 1638//1638
f 1639//1639 1629//1629 1646//1646
f 1646//1646 1629//1629 1639//1639
f 1641//1641 1631//1631 1648//1648
f 1648//1648 1631//1631 1641//1641
f 1646//1646 1640//1640 1647//1647
f 1647//1647 1640//1640 1646//1646
f 1642//1642 1641//1641 1653//1653
f 1653//1653 1641//1641 1642//1642
f 1647//1647 1630//1630 1642//1642
f 1642//1642 1630//1630 1647//1647
f 1648//1648 1632//1632 1649//1649
f 1649//1649 1632//1632 1648//1648
f 1649//1649 1633//1633 1644//1644
f 1644//1644 1633//1633 1649//1649
f 1650//1650 1651//1651 1635//1635
f 1635//1635 1651//1651 1650//1650
f 1654//1654 1644//1644 1645//1645
f 1645//1645 1644//1644 1654//1654
f 1651//1651 1645//1645 1637//1637
f 1637//1637 1645//1645 1651//1651
f 1638//1638 1652//1652 1650//1650
f 1650//1650 1652//1652 1638//1638
f 1639//1639 1646//1646 1652//1652
f 1652//1652 1646//1646 1639//1639
f 1641//1641 1648//1648 1653//1653
f 1653//1653 1648//1648 1641//1641
f 1646//1646 1647//1647 1655//1655
f 1655//1655 1647//1647 1646//1646
f 1642//1642 1653//1653 1647//1647
f 1647//1647 1653//1653 1642//1642
f 1648//1648 1649//1649 1656//1656
f 1656//1656 1649//1649 1648//1648
f 1649//1649 1644//1644 1654//1654
f 1654//1654 1644//1644 1649//1649
f 1650//1650 1657//1657 1651//1651
f 1651//1651 1657//1657 1650//1650
f 1654//1654 1645//1645 1651//1651
f 1651//1651 1645//1645 1654//1654
f 1650//1650 1652//1652 1657//1657
f 1657//1657 1652//1652 1650//1650
f 1652//1652 1646//1646 1655//1655
f 1655//1655 1646//1646 1652//1652
f 1648//1648 1656//1656 1653//1653
f 1653//1653 1656//1656 1648//1648
f 1653//1653 1655//1655 1647//1647
f 1647//1647 1655//1655 1653//1653
f 1656//1656 1649//1649 1654//1654
f 1654//1654 1649//1649 1656//1656
f 1657//1657 1654//1654 1651//1651
f 1651//1651 1654//1654 1657//1657
f 1652//1652 1655//1655 1657//1657
f 1657//1657 1655//1655 1652//1652
f 1653//1653 1656//1656 1655//1655
f 1655//1655 1656//1656 1653//1653
f 1656//1656 1654//1654 1657//1657
f 1657//1657 1654//1654 1656//1656
f 1655//1655 1656//1656 1657//1657
f 1657//1657 1656//1656 1655//1655
f 1658//1658 1659//1659 1660//1660
f 1660//1660 1659//1659 1658//1658
f 1659//1659 1661//1661 1660//1660
f 1660//1660 1661//1661 1659//1659
f 1662//1662 1659//1659 1658//1658
f 1658//1658 1659//1659 1662//1662
f 1660//1660 1661//1661 1663//1663
f 1663//1663 1661//1661 1660//1660
f 1662//1662 1658//1658 1664//1664
f 1664//1664 1658//1658 1662//1662
f 1663//1663 1661//1661 1665//1665
f 1665//1665 1661//1661 1663//1663
f 1666//1666 1662//1662 1664//1664
f 1664//1664 1662//1662 1666//1666
f 1663//1663 1665//1665 1667//1667
f 1667//1667 1665//1665 1663//1663
f 1666//1666 1664//1664 1668//1668
f 1668//1668 1664//1664 1666//1666
f 1667//1667 1665//1665 1669//1669
f 1669//1669 1665//1665 1667//1667
f 1294//1294 1666//1666 1668//1668
f 1668//1668 1666//1666 1294//1294
f 1667//1667 1669//1669 1670//1670
f 1670//1670 1669//1669 1667//1667
f 1294//1294 1668//1668 1671//1671
f 1671//1671 1668//1668 1294//1294
f 1670//1670 1669//1669 1289//1289
f 1289//1289 1669//1669 1670//1670
f 1672//1672 1294//1294 1671//1671
f 1671//1671 1294//1294 1672//1672
f 1670//1670 1289//1289 1673//1673
f 1673//1673 1289//1289 1670//1670
f 1674//1674 1672//1672 1671//1671
f 1671//1671 1672//1672 1674//1674
f 1289//1289 1675//1675 1673//1673
f 1673//1673 1675//1675 1289//1289
f 1675//1675 1672//1672 1674//1674
f 1674//1674 1672//1672 1675//1675
f 1673//1673 1675//1675 1674//1674
f 1674//1674 1675//1675 1673//1673
f 1676//1676 1677//1677 1678//1678
f 1678//1678 1677//1677 1676//1676
f 1679//1679 1680//1680 1681//1681
f 1681//1681 1680//1680 1679//1679
f 1679//1679 1682//1682 1680//1680
f 1680//1680 1682//1682 1679//1679
f 1678//1678 1677//1677 1683//1683
f 1683//1683 1677//1677 1678//1678
f 1681//1681 1680//1680 1684//1684
f 1684//1684 1680//1680 1681//1681
f 1685//1685 1676//1676 1678//1678
f 1678//1678 1676//1676 1685//1685
f 1681//1681 1678//1678 1679//1679
f 1679//1679 1678//1678 1681//1681
f 1677//1677 1686//1686 1683//1683
f 1683//1683 1686//1686 1677//1677
f 1679//1679 1687//1687 1682//1682
f 1682//1682 1687//1687 1679//1679
f 1678//1678 1683//1683 1679//1679
f 1679//1679 1683//1683 1678//1678
f 1688//1688 1676//1676 1685//1685
f 1685//1685 1676//1676 1688//1688
f 1681//1681 1684//1684 1689//1689
f 1689//1689 1684//1684 1681//1681
f 1685//1685 1678//1678 1681//1681
f 1681//1681 1678//1678 1685//1685
f 1687//1687 1690//1690 1682//1682
f 1682//1682 1690//1690 1687//1687
f 1683//1683 1686//1686 1691//1691
f 1691//1691 1686//1686 1683//1683
f 1679//1679 1683//1683 1687//1687
f 1687//1687 1683//1683 1679//1679
f 1689//1689 1684//1684 1692//1692
f 1692//1692 1684//1684 1689//1689
f 1693//1693 1688//1688 1685//1685
f 1685//1685 1688//1688 1693//1693
f 1689//1689 1685//1685 1681//1681
f 1681//1681 1685//1685 1689//1689
f 1694//1694 1691//1691 1686//1686
f 1686//1686 1691//1691 1694//1694
f 1687//1687 1695//1695 1690//1690
f 1690//1690 1695//1695 1687//1687
f 1683//1683 1691//1691 1687//1687
f 1687//1687 1691//1691 1683//1683
f 1693//1693 1696//1696 1688//1688
f 1688//1688 1696//1696 1693//1693
f 1689//1689 1692//1692 1697//1697
f 1697//1697 1692//1692 1689//1689
f 1693//1693 1685//1685 1689//1689
f 1689//1689 1685//1685 1693//1693
f 1695//1695 1698//1698 1690//1690
f 1690//1690 1698//1698 1695//1695
f 1694//1694 1699//1699 1691//1691
f 1691//1691 1699//1699 1694//1694
f 1687//1687 1691//1691 1695//1695
f 1695//1695 1691//1691 1687//1687
f 1692//1692 1700//1700 1697//1697
f 1697//1697 1700//1700 1692//1692
f 1701//1701 1696//1696 1693//1693
f 1693//1693 1696//1696 1701//1701
f 1697//1697 1693//1693 1689//1689
f 1689//1689 1693//1693 1697//1697
f 1702//1702 1699//1699 1694//1694
f 1694//1694 1699//1699 1702//1702
f 1695//1695 1703//1703 1698//1698
f 1698//1698 1703//1703 1695//1695
f 1691//1691 1699//1699 1695//1695
f 1695//1695 1699//1699 1691//1691
f 1701//1701 1704//1704 1696//1696
f 1696//1696 1704//1704 1701//1701
f 1697//1697 1700//1700 1705//1705
f 1705//1705 1700//1700 1697//1697
f 1697//1697 1701//1701 1693//1693
f 1693//1693 1701//1701 1697//1697
f 1703//1703 1706//1706 1698//1698
f 1698//1698 1706//1706 1703//1703
f 1702//1702 1707//1707 1699//1699
f 1699//1699 1707//1707 1702//1702
f 1699//1699 1703//1703 1695//1695
f 1695//1695 1703//1703 1699//1699
f 1700//1700 1708//1708 1705//1705
f 1705//1705 1708//1708 1700//1700
f 1709//1709 1704//1704 1701//1701
f 1701//1701 1704//1704 1709//1709
f 1705//1705 1701//1701 1697//1697
f 1697//1697 1701//1701 1705//1705
f 1710//1710 1707//1707 1702//1702
f 1702//1702 1707//1707 1710//1710
f 1703//1703 1711//1711 1706//1706
f 1706//1706 1711//1711 1703//1703
f 1699//1699 1707//1707 1703//1703
f 1703//1703 1707//1707 1699//1699
f 1709//1709 1712//1712 1704//1704
f 1704//1704 1712//1712 1709//1709
f 1705//1705 1708//1708 1713//1713
f 1713//1713 1708//1708 1705//1705
f 1705//1705 1709//1709 1701//1701
f 1701//1701 1709//1709 1705//1705
f 1706//1706 1711//1711 1714//1714
f 1714//1714 1711//1711 1706//1706
f 1710//1710 1715//1715 1707//1707
f 1707//1707 1715//1715 1710//1710
f 1707//1707 1711//1711 1703//1703
f 1703//1703 1711//1711 1707//1707
f 1708//1708 1716//1716 1713//1713
f 1713//1713 1716//1716 1708//1708
f 1717//1717 1712//1712 1709//1709
f 1709//1709 1712//1712 1717//1717
f 1713//1713 1709//1709 1705//1705
f 1705//1705 1709//1709 1713//1713
f 1718//1718 1715//1715 1710//1710
f 1710//1710 1715//1715 1718//1718
f 1711//1711 1719//1719 1714//1714
f 1714//1714 1719//1719 1711//1711
f 1707//1707 1715//1715 1711//1711
f 1711//1711 1715//1715 1707//1707
f 1717//1717 1720//1720 1712//1712
f 1712//1712 1720//1720 1717//1717
f 1716//1716 1721//1721 1713//1713
f 1713//1713 1721//1721 1716//1716
f 1713//1713 1717//1717 1709//1709
f 1709//1709 1717//1717 1713//1713
f 1714//1714 1719//1719 1722//1722
f 1722//1722 1719//1719 1714//1714
f 1718//1718 1723//1723 1715//1715
f 1715//1715 1723//1723 1718//1718
f 1715//1715 1719//1719 1711//1711
f 1711//1711 1719//1719 1715//1715
f 1716//1716 1724//1724 1721//1721
f 1721//1721 1724//1724 1716//1716
f 1725//1725 1720//1720 1717//1717
f 1717//1717 1720//1720 1725//1725
f 1721//1721 1717//1717 1713//1713
f 1713//1713 1717//1717 1721//1721
f 1726//1726 1723//1723 1718//1718
f 1718//1718 1723//1723 1726//1726
f 1722//1722 1719//1719 1727//1727
f 1727//1727 1719//1719 1722//1722
f 1715//1715 1723//1723 1719//1719
f 1719//1719 1723//1723 1715//1715
f 1728//1728 1720//1720 1725//1725
f 1725//1725 1720//1720 1728//1728
f 1724//1724 1729//1729 1721//1721
f 1721//1721 1729//1729 1724//1724
f 1721//1721 1725//1725 1717//1717
f 1717//1717 1725//1725 1721//1721
f 1722//1722 1727//1727 1730//1730
f 1730//1730 1727//1727 1722//1722
f 1723//1723 1726//1726 1731//1731
f 1731//1731 1726//1726 1723//1723
f 1719//1719 1723//1723 1727//1727
f 1727//1727 1723//1723 1719//1719
f 1724//1724 1732//1732 1729//1729
f 1729//1729 1732//1732 1724//1724
f 1733//1733 1728//1728 1725//1725
f 1725//1725 1728//1728 1733//1733
f 1729//1729 1725//1725 1721//1721
f 1721//1721 1725//1725 1729//1729
f 1726//1726 1734//1734 1731//1731
f 1731//1731 1734//1734 1726//1726
f 1730//1730 1727//1727 1735//1735
f 1735//1735 1727//1727 1730//1730
f 1723//1723 1731//1731 1727//1727
f 1727//1727 1731//1731 1723//1723
f 1734//1734 1736//1736 1737//1737
f 1737//1737 1736//1736 1734//1734
f 1736//1736 1728//1728 1733//1733
f 1733//1733 1728//1728 1736//1736
f 1732//1732 1738//1738 1729//1729
f 1729//1729 1738//1738 1732//1732
f 1729//1729 1733//1733 1725//1725
f 1725//1725 1733//1733 1729//1729
f 1732//1732 1739//1739 1738//1738
f 1738//1738 1739//1739 1732//1732
f 1730//1730 1735//1735 1739//1739
f 1739//1739 1735//1735 1730//1730
f 1731//1731 1734//1734 1737//1737
f 1737//1737 1734//1734 1731//1731
f 1727//1727 1731//1731 1735//1735
f 1735//1735 1731//1731 1727//1727
f 1737//1737 1736//1736 1733//1733
f 1733//1733 1736//1736 1737//1737
f 1738//1738 1733//1733 1729//1729
f 1729//1729 1733//1733 1738//1738
f 1739//1739 1735//1735 1738//1738
f 1738//1738 1735//1735 1739//1739
f 1731//1731 1737//1737 1735//1735
f 1735//1735 1737//1737 1731//1731
f 1737//1737 1733//1733 1738//1738
f 1738//1738 1733//1733 1737//1737
f 1735//1735 1737//1737 1738//1738
f 1738//1738 1737//1737 1735//1735
f 1740//1740 1741//1741 1742//1742
f 1742//1742 1741//1741 1740//1740
f 1740//1740 1743//1743 1741//1741
f 1741//1741 1743//1743 1740//1740
f 1744//1744 1740//1740 1742//1742
f 1742//1742 1740//1740 1744//1744
f 1743//1743 1745//1745 1741//1741
f 1741//1741 1745//1745 1743//1743
f 1746//1746 1744//1744 1742//1742
f 1742//1742 1744//1744 1746//1746
f 1743//1743 1747//1747 1745//1745
f 1745//1745 1747//1747 1743//1743
f 1748//1748 1744//1744 1746//1746
f 1746//1746 1744//1744 1748//1748
f 1747//1747 1749//1749 1745//1745
f 1745//1745 1749//1749 1747//1747
f 1750//1750 1748//1748 1746//1746
f 1746//1746 1748//1748 1750//1750
f 1747//1747 1751//1751 1749//1749
f 1749//1749 1751//1751 1747//1747
f 1752//1752 1748//1748 1750//1750
f 1750//1750 1748//1748 1752//1752
f 1751//1751 1753//1753 1749//1749
f 1749//1749 1753//1753 1751//1751
f 1754//1754 1752//1752 1750//1750
f 1750//1750 1752//1752 1754//1754
f 1751//1751 1755//1755 1753//1753
f 1753//1753 1755//1755 1751//1751
f 1756//1756 1752//1752 1754//1754
f 1754//1754 1752//1752 1756//1756
f 1753//1753 1755//1755 1757//1757
f 1757//1757 1755//1755 1753//1753
f 1758//1758 1756//1756 1754//1754
f 1754//1754 1756//1756 1758//1758
f 1755//1755 1759//1759 1757//1757
f 1757//1757 1759//1759 1755//1755
f 1758//1758 1760//1760 1756//1756
f 1756//1756 1760//1760 1758//1758
f 1757//1757 1759//1759 1761//1761
f 1761//1761 1759//1759 1757//1757
f 1762//1762 1760//1760 1758//1758
f 1758//1758 1760//1760 1762//1762
f 1759//1759 1763//1763 1761//1761
f 1761//1761 1763//1763 1759//1759
f 1762//1762 1764//1764 1760//1760
f 1760//1760 1764//1764 1762//1762
f 1761//1761 1763//1763 1765//1765
f 1765//1765 1763//1763 1761//1761
f 1766//1766 1764//1764 1762//1762
f 1762//1762 1764//1764 1766//1766
f 1763//1763 1767//1767 1765//1765
f 1765//1765 1767//1767 1763//1763
f 1766//1766 1768//1768 1764//1764
f 1764//1764 1768//1768 1766//1766
f 1765//1765 1767//1767 1769//1769
f 1769//1769 1767//1767 1765//1765
f 1770//1770 1768//1768 1766//1766
f 1766//1766 1768//1768 1770//1770
f 1767//1767 1771//1771 1769//1769
f 1769//1769 1771//1771 1767//1767
f 1770//1770 1771//1771 1768//1768
f 1768//1768 1771//1771 1770//1770
f 1769//1769 1771//1771 1770//1770
f 1770//1770 1771//1771 1769//1769
f 1772//1772 1773//1773 1774//1774
f 1774//1774 1773//1773 1772//1772
f 1773//1773 1775//1775 1776//1776
f 1776//1776 1775//1775 1773//1773
f 1777//1777 1775//1775 1776//1776
f 1776//1776 1775//1775 1777//1777
f 1776//1776 1775//1775 1778//1778
f 1778//1778 1775//1775 1776//1776
f 1779//1779 1772//1772 1774//1774
f 1774//1774 1772//1772 1779//1779
f 1774//1774 1773//1773 1776//1776
f 1776//1776 1773//1773 1774//1774
f 1780//1780 1776//1776 1778//1778
f 1778//1778 1776//1776 1780//1780
f 1781//1781 1782//1782 1777//1777
f 1777//1777 1782//1782 1781//1781
f 1777//1777 1782//1782 1775//1775
f 1775//1775 1782//1782 1777//1777
f 1778//1778 1775//1775 1783//1783
f 1783//1783 1775//1775 1778//1778
f 1784//1784 1778//1778 1785//1785
f 1785//1785 1778//1778 1784//1784
f 1786//1786 1772//1772 1779//1779
f 1779//1779 1772//1772 1786//1786
f 1774//1774 1776//1776 1780//1780
f 1780//1780 1776//1776 1774//1774
f 1780//1780 1778//1778 1784//1784
f 1784//1784 1778//1778 1780//1780
f 1781//1781 1787//1787 1782//1782
f 1782//1782 1787//1787 1781//1781
f 1775//1775 1782//1782 1783//1783
f 1783//1783 1782//1782 1775//1775
f 1778//1778 1783//1783 1785//1785
f 1785//1785 1783//1783 1778//1778
f 1784//1784 1785//1785 1788//1788
f 1788//1788 1785//1785 1784//1784
f 1789//1789 1790//1790 1791//1791
f 1791//1791 1790//1790 1789//1789
f 1789//1789 1786//1786 1779//1779
f 1779//1779 1786//1786 1789//1789
f 1791//1791 1786//1786 1789//1789
f 1789//1789 1786//1786 1791//1791
f 1786//1786 1774//1774 1792//1792
f 1792//1792 1774//1774 1786//1786
f 1792//1792 1774//1774 1780//1780
f 1780//1780 1774//1774 1792//1792
f 1793//1793 1780//1780 1784//1784
f 1784//1784 1780//1780 1793//1793
f 1794//1794 1784//1784 1788//1788
f 1788//1788 1784//1784 1794//1794
f 1795//1795 1787//1787 1781//1781
f 1781//1781 1787//1787 1795//1795
f 1782//1782 1796//1796 1783//1783
f 1783//1783 1796//1796 1782//1782
f 1785//1785 1783//1783 1797//1797
f 1797//1797 1783//1783 1785//1785
f 1788//1788 1785//1785 1798//1798
f 1798//1798 1785//1785 1788//1788
f 1799//1799 1788//1788 1800//1800
f 1800//1800 1788//1788 1799//1799
f 1801//1801 1790//1790 1791//1791
f 1791//1791 1790//1790 1801//1801
f 1802//1802 1789//1789 1786//1786
f 1786//1786 1789//1789 1802//1802
f 1802//1802 1786//1786 1792//1792
f 1792//1792 1786//1786 1802//1802
f 1792//1792 1780//1780 1793//1793
f 1793//1793 1780//1780 1792//1792
f 1793//1793 1784//1784 1794//1794
f 1794//1794 1784//1784 1793//1793
f 1794//1794 1788//1788 1799//1799
f 1799//1799 1788//1788 1794//1794
f 1803//1803 1804//1804 1805//1805
f 1805//1805 1804//1804 1803//1803
f 1806//1806 1807//1807 1808//1808
f 1808//1808 1807//1807 1806//1806
f 1803//1803 1805//1805 1795//1795
f 1795//1795 1805//1805 1803//1803
f 1795//1795 1805//1805 1787//1787
f 1787//1787 1805//1805 1795//1795
f 1782//1782 1795//1795 1796//1796
f 1796//1796 1795//1795 1782//1782
f 1796//1796 1797//1797 1783//1783
f 1783//1783 1797//1797 1796//1796
f 1785//1785 1797//1797 1798//1798
f 1798//1798 1797//1797 1785//1785
f 1788//1788 1798//1798 1800//1800
f 1800//1800 1798//1798 1788//1788
f 1809//1809 1799//1799 1800//1800
f 1800//1800 1799//1799 1809//1809
f 1801//1801 1810//1810 1790//1790
f 1790//1790 1810//1810 1801//1801
f 1811//1811 1801//1801 1789//1789
f 1789//1789 1801//1801 1811//1811
f 1811//1811 1789//1789 1802//1802
f 1802//1802 1789//1789 1811//1811
f 1802//1802 1792//1792 1812//1812
f 1812//1812 1792//1792 1802//1802
f 1812//1812 1792//1792 1793//1793
f 1793//1793 1792//1792 1812//1812
f 1813//1813 1793//1793 1794//1794
f 1794//1794 1793//1793 1813//1813
f 1814//1814 1794//1794 1799//1799
f 1799//1799 1794//1794 1814//1814
f 1809//1809 1815//1815 1799//1799
f 1799//1799 1815//1815 1809//1809
f 1816//1816 1809//1809 1817//1817
f 1817//1817 1809//1809 1816//1816
f 1818//1818 1817//1817 1819//1819
f 1819//1819 1817//1817 1818//1818
f 1820//1820 1821//1821 1822//1822
f 1822//1822 1821//1821 1820//1820
f 1823//1823 1804//1804 1803//1803
f 1803//1803 1804//1804 1823//1823
f 1824//1824 1807//1807 1806//1806
f 1806//1806 1807//1807 1824//1824
f 1822//1822 1820//1820 1825//1825
f 1825//1825 1820//1820 1822//1822
f 1808//1808 1807//1807 1826//1826
f 1826//1826 1807//1807 1808//1808
f 1795//1795 1805//1805 1827//1827
f 1827//1827 1805//1805 1795//1795
f 1817//1817 1828//1828 1819//1819
f 1819//1819 1828//1828 1817//1817
f 1817//1817 1809//1809 1828//1828
f 1828//1828 1809//1809 1817//1817
f 1795//1795 1827//1827 1796//1796
f 1796//1796 1827//1827 1795//1795
f 1796//1796 1829//1829 1797//1797
f 1797//1797 1829//1829 1796//1796
f 1798//1798 1797//1797 1830//1830
f 1830//1830 1797//1797 1798//1798
f 1800//1800 1798//1798 1831//1831
f 1831//1831 1798//1798 1800//1800
f 1809//1809 1800//1800 1832//1832
f 1832//1832 1800//1800 1809//1809
f 1833//1833 1810//1810 1801//1801
f 1801//1801 1810//1810 1833//1833
f 1834//1834 1801//1801 1811//1811
f 1811//1811 1801//1801 1834//1834
f 1835//1835 1811//1811 1802//1802
f 1802//1802 1811//1811 1835//1835
f 1812//1812 1835//1835 1802//1802
f 1802//1802 1835//1835 1812//1812
f 1812//1812 1793//1793 1813//1813
f 1813//1813 1793//1793 1812//1812
f 1813//1813 1794//1794 1814//1814
f 1814//1814 1794//1794 1813//1813
f 1815//1815 1814//1814 1799//1799
f 1799//1799 1814//1814 1815//1815
f 1815//1815 1809//1809 1816//1816
f 1816//1816 1809//1809 1815//1815
f 1818//1818 1816//1816 1817//1817
f 1817//1817 1816//1816 1818//1818
f 1822//1822 1821//1821 1823//1823
f 1823//1823 1821//1821 1822//1822
f 1821//1821 1804//1804 1823//1823
f 1823//1823 1804//1804 1821//1821
f 1825//1825 1824//1824 1806//1806
f 1806//1806 1824//1824 1825//1825
f 1820//1820 1824//1824 1825//1825
f 1825//1825 1824//1824 1820//1820
f 1836//1836 1808//1808 1826//1826
f 1826//1826 1808//1808 1836//1836
f 1833//1833 1836//1836 1810//1810
f 1810//1810 1836//1836 1833//1833
f 1836//1836 1826//1826 1833//1833
f 1833//1833 1826//1826 1836//1836
f 1823//1823 1837//1837 1805//1805
f 1805//1805 1837//1837 1823//1823
f 1805//1805 1837//1837 1827//1827
f 1827//1827 1837//1837 1805//1805
f 1819//1819 1828//1828 1838//1838
f 1838//1838 1828//1828 1819//1819
f 1809//1809 1832//1832 1828//1828
f 1828//1828 1832//1832 1809//1809
f 1827//1827 1829//1829 1796//1796
f 1796//1796 1829//1829 1827//1827
f 1829//1829 1830//1830 1797//1797
f 1797//1797 1830//1830 1829//1829
f 1798//1798 1830//1830 1831//1831
f 1831//1831 1830//1830 1798//1798
f 1832//1832 1800//1800 1831//1831
f 1831//1831 1800//1800 1832//1832
f 1834//1834 1833//1833 1801//1801
f 1801//1801 1833//1833 1834//1834
f 1839//1839 1834//1834 1811//1811
f 1811//1811 1834//1834 1839//1839
f 1835//1835 1839//1839 1811//1811
f 1811//1811 1839//1839 1835//1835
f 1840//1840 1835//1835 1812//1812
f 1812//1812 1835//1835 1840//1840
f 1813//1813 1840//1840 1812//1812
f 1812//1812 1840//1840 1813//1813
f 1814//1814 1841//1841 1813//1813
f 1813//1813 1841//1841 1814//1814
f 1815//1815 1842//1842 1814//1814
f 1814//1814 1842//1842 1815//1815
f 1843//1843 1815//1815 1816//1816
f 1816//1816 1815//1815 1843//1843
f 1818//1818 1844//1844 1816//1816
f 1816//1816 1844//1844 1818//1818
f 1823//1823 1821//1821 1845//1845
f 1845//1845 1821//1821 1823//1823
f 1821//1821 1825//1825 1846//1846
f 1846//1846 1825//1825 1821//1821
f 1825//1825 1824//1824 1847//1847
f 1847//1847 1824//1824 1825//1825
f 1824//1824 1808//1808 1848//1848
f 1848//1848 1808//1808 1824//1824
f 1849//1849 1808//1808 1836//1836
f 1836//1836 1808//1808 1849//1849
f 1850//1850 1836//1836 1833//1833
f 1833//1833 1836//1836 1850//1850
f 1823//1823 1845//1845 1837//1837
f 1837//1837 1845//1845 1823//1823
f 1837//1837 1851//1851 1827//1827
f 1827//1827 1851//1851 1837//1837
f 1828//1828 1852//1852 1838//1838
f 1838//1838 1852//1852 1828//1828
f 1832//1832 1853//1853 1828//1828
f 1828//1828 1853//1853 1832//1832
f 1827//1827 1851//1851 1829//1829
f 1829//1829 1851//1851 1827//1827
f 1829//1829 1854//1854 1830//1830
f 1830//1830 1854//1854 1829//1829
f 1831//1831 1830//1830 1855//1855
f 1855//1855 1830//1830 1831//1831
f 1832//1832 1831//1831 1853//1853
f 1853//1853 1831//1831 1832//1832
f 1834//1834 1850//1850 1833//1833
f 1833//1833 1850//1850 1834//1834
f 1839//1839 1856//1856 1834//1834
f 1834//1834 1856//1856 1839//1839
f 1857//1857 1839//1839 1835//1835
f 1835//1835 1839//1839 1857//1857
f 1840//1840 1857//1857 1835//1835
f 1835//1835 1857//1857 1840//1840
f 1841//1841 1840//1840 1813//1813
f 1813//1813 1840//1840 1841//1841
f 1842//1842 1841//1841 1814//1814
f 1814//1814 1841//1841 1842//1842
f 1842//1842 1815//1815 1843//1843
f 1843//1843 1815//1815 1842//1842
f 1844//1844 1843//1843 1816//1816
f 1816//1816 1843//1843 1844//1844
f 1858//1858 1859//1859 1860//1860
f 1860//1860 1859//1859 1858//1858
f 1845//1845 1821//1821 1846//1846
f 1846//1846 1821//1821 1845//1845
f 1846//1846 1825//1825 1847//1847
f 1847//1847 1825//1825 1846//1846
f 1847//1847 1824//1824 1848//1848
f 1848//1848 1824//1824 1847//1847
f 1848//1848 1808//1808 1849//1849
f 1849//1849 1808//1808 1848//1848
f 1850//1850 1849//1849 1836//1836
f 1836//1836 1849//1849 1850//1850
f 1837//1837 1845//1845 1861//1861
f 1861//1861 1845//1845 1837//1837
f 1837//1837 1861//1861 1851//1851
f 1851//1851 1861//1861 1837//1837
f 1838//1838 1852//1852 1862//1862
f 1862//1862 1852//1852 1838//1838
f 1828//1828 1853//1853 1852//1852
f 1852//1852 1853//1853 1828//1828
f 1851//1851 1854//1854 1829//1829
f 1829//1829 1854//1854 1851//1851
f 1830//1830 1854//1854 1855//1855
f 1855//1855 1854//1854 1830//1830
f 1831//1831 1855//1855 1853//1853
f 1853//1853 1855//1855 1831//1831
f 1856//1856 1850//1850 1834//1834
f 1834//1834 1850//1850 1856//1856
f 1857//1857 1856//1856 1839//1839
f 1839//1839 1856//1856 1857//1857
f 1863//1863 1857//1857 1840//1840
f 1840//1840 1857//1857 1863//1863
f 1841//1841 1863//1863 1840//1840
f 1840//1840 1863//1863 1841//1841
f 1842//1842 1864//1864 1841//1841
f 1841//1841 1864//1864 1842//1842
f 1864//1864 1842//1842 1843//1843
f 1843//1843 1842//1842 1864//1864
f 1844//1844 1865//1865 1843//1843
f 1843//1843 1865//1865 1844//1844
f 1860//1860 1866//1866 1867//1867
f 1867//1867 1866//1866 1860//1860
f 1866//1866 1859//1859 1858//1858
f 1858//1858 1859//1859 1866//1866
f 1868//1868 1869//1869 1860//1860
f 1860//1860 1869//1869 1868//1868
f 1859//1859 1869//1869 1860//1860
f 1860//1860 1869//1869 1859//1859
f 1867//1867 1860//1860 1870//1870
f 1870//1870 1860//1860 1867//1867
f 1845//1845 1846//1846 1871//1871
f 1871//1871 1846//1846 1845//1845
f 1846//1846 1847//1847 1872//1872
f 1872//1872 1847//1847 1846//1846
f 1847//1847 1848//1848 1873//1873
f 1873//1873 1848//1848 1847//1847
f 1848//1848 1849//1849 1874//1874
f 1874//1874 1849//1849 1848//1848
f 1875//1875 1849//1849 1850//1850
f 1850//1850 1849//1849 1875//1875
f 1845//1845 1871//1871 1861//1861
f 1861//1861 1871//1871 1845//1845
f 1861//1861 1876//1876 1851//1851
f 1851//1851 1876//1876 1861//1861
f 1852//1852 1877//1877 1862//1862
f 1862//1862 1877//1877 1852//1852
f 1853//1853 1877//1877 1852//1852
f 1852//1852 1877//1877 1853//1853
f 1851//1851 1876//1876 1854//1854
f 1854//1854 1876//1876 1851//1851
f 1854//1854 1878//1878 1855//1855
f 1855//1855 1878//1878 1854//1854
f 1855//1855 1879//1879 1853//1853
f 1853//1853 1879//1879 1855//1855
f 1856//1856 1875//1875 1850//1850
f 1850//1850 1875//1875 1856//1856
f 1880//1880 1856//1856 1857//1857
f 1857//1857 1856//1856 1880//1880
f 1863//1863 1880//1880 1857//1857
f 1857//1857 1880//1880 1863//1863
f 1864//1864 1863//1863 1841//1841
f 1841//1841 1863//1863 1864//1864
f 1881//1881 1864//1864 1843//1843
f 1843//1843 1864//1864 1881//1881
f 1865//1865 1881//1881 1843//1843
f 1843//1843 1881//1881 1865//1865
f 1882//1882 1867//1867 1883//1883
f 1883//1883 1867//1867 1882//1882
f 1867//1867 1866//1866 1884//1884
f 1884//1884 1866//1866 1867//1867
f 1885//1885 1866//1866 1858//1858
f 1858//1858 1866//1866 1885//1885
f 1868//1868 1886//1886 1869//1869
f 1869//1869 1886//1886 1868//1868
f 1860//1860 1869//1869 1870//1870
f 1870//1870 1869//1869 1860//1860
f 1870//1870 1867//1867 1882//1882
f 1882//1882 1867//1867 1870//1870
f 1871//1871 1846//1846 1872//1872
f 1872//1872 1846//1846 1871//1871
f 1872//1872 1847//1847 1873//1873
f 1873//1873 1847//1847 1872//1872
f 1873//1873 1848//1848 1874//1874
f 1874//1874 1848//1848 1873//1873
f 1874//1874 1849//1849 1875//1875
f 1875//1875 1849//1849 1874//1874
f 1871//1871 1887//1887 1861//1861
f 1861//1861 1887//1887 1871//1871
f 1861//1861 1887//1887 1876//1876
f 1876//1876 1887//1887 1861//1861
f 1862//1862 1877//1877 1888//1888
f 1888//1888 1877//1877 1862//1862
f 1853//1853 1879//1879 1877//1877
f 1877//1877 1879//1879 1853//1853
f 1876//1876 1878//1878 1854//1854
f 1854//1854 1878//1878 1876//1876
f 1855//1855 1878//1878 1879//1879
f 1879//1879 1878//1878 1855//1855
f 1889//1889 1875//1875 1856//1856
f 1856//1856 1875//1875 1889//1889
f 1880//1880 1889//1889 1856//1856
f 1856//1856 1889//1889 1880//1880
f 1890//1890 1880//1880 1863//1863
f 1863//1863 1880//1880 1890//1890
f 1891//1891 1890//1890 1863//1863
f 1863//1863 1890//1890 1891//1891
f 1864//1864 1891//1891 1863//1863
f 1863//1863 1891//1891 1864//1864
f 1892//1892 1864//1864 1881//1881
f 1881//1881 1864//1864 1892//1892
f 1865//1865 1893//1893 1881//1881
f 1881//1881 1893//1893 1865//1865
f 1882//1882 1883//1883 1894//1894
f 1894//1894 1883//1883 1882//1882
f 1867//1867 1884//1884 1883//1883
f 1883//1883 1884//1884 1867//1867
f 1866//1866 1895//1895 1884//1884
f 1884//1884 1895//1895 1866//1866
f 1895//1895 1866//1866 1885//1885
f 1885//1885 1866//1866 1895//1895
f 1896//1896 1886//1886 1868//1868
f 1868//1868 1886//1886 1896//1896
f 1870//1870 1869//1869 1897//1897
f 1897//1897 1869//1869 1870//1870
f 1882//1882 1870//1870 1898//1898
f 1898//1898 1870//1870 1882//1882
f 1882//1882 1894//1894 1899//1899
f 1899//1899 1894//1894 1882//1882
f 1871//1871 1872//1872 1900//1900
f 1900//1900 1872//1872 1871//1871
f 1872//1872 1873//1873 1901//1901
f 1901//1901 1873//1873 1872//1872
f 1873//1873 1874//1874 1902//1902
f 1902//1902 1874//1874 1873//1873
f 1874//1874 1875//1875 1903//1903
f 1903//1903 1875//1875 1874//1874
f 1871//1871 1900//1900 1887//1887
f 1887//1887 1900//1900 1871//1871
f 1887//1887 1904//1904 1876//1876
f 1876//1876 1904//1904 1887//1887
f 1877//1877 1905//1905 1888//1888
f 1888//1888 1905//1905 1877//1877
f 1879//1879 1906//1906 1877//1877
f 1877//1877 1906//1906 1879//1879
f 1904//1904 1878//1878 1876//1876
f 1876//1876 1878//1878 1904//1904
f 1878//1878 1906//1906 1879//1879
f 1879//1879 1906//1906 1878//1878
f 1875//1875 1889//1889 1903//1903
f 1903//1903 1889//1889 1875//1875
f 1907//1907 1889//1889 1880//1880
f 1880//1880 1889//1889 1907//1907
f 1907//1907 1880//1880 1890//1890
f 1890//1890 1880//1880 1907//1907
f 1908//1908 1890//1890 1891//1891
f 1891//1891 1890//1890 1908//1908
f 1891//1891 1864//1864 1892//1892
f 1892//1892 1864//1864 1891//1891
f 1893//1893 1892//1892 1881//1881
f 1881//1881 1892//1892 1893//1893
f 1909//1909 1910//1910 1911//1911
f 1911//1911 1910//1910 1909//1909
f 1894//1894 1912//1912 1913//1913
f 1913//1913 1912//1912 1894//1894
f 1883//1883 1914//1914 1894//1894
f 1894//1894 1914//1914 1883//1883
f 1883//1883 1884//1884 1914//1914
f 1914//1914 1884//1884 1883//1883
f 1884//1884 1895//1895 1915//1915
f 1915//1915 1895//1895 1884//1884
f 1916//1916 1895//1895 1885//1885
f 1885//1885 1895//1895 1916//1916
f 1895//1895 1911//1911 1916//1916
f 1916//1916 1911//1911 1895//1895
f 1896//1896 1917//1917 1886//1886
f 1886//1886 1917//1917 1896//1896
f 1869//1869 1896//1896 1897//1897
f 1897//1897 1896//1896 1869//1869
f 1870//1870 1897//1897 1898//1898
f 1898//1898 1897//1897 1870//1870
f 1898//1898 1882//1882 1899//1899
f 1899//1899 1882//1882 1898//1898
f 1899//1899 1894//1894 1913//1913
f 1913//1913 1894//1894 1899//1899
f 1872//1872 1901//1901 1900//1900
f 1900//1900 1901//1901 1872//1872
f 1873//1873 1902//1902 1901//1901
f 1901//1901 1902//1902 1873//1873
f 1874//1874 1903//1903 1902//1902
f 1902//1902 1903//1903 1874//1874
f 1887//1887 1900//1900 1918//1918
f 1918//1918 1900//1900 1887//1887
f 1905//1905 1919//1919 1888//1888
f 1888//1888 1919//1919 1905//1905
f 1918//1918 1904//1904 1887//1887
f 1887//1887 1904//1904 1918//1918
f 1906//1906 1905//1905 1877//1877
f 1877//1877 1905//1905 1906//1906
f 1878//1878 1904//1904 1906//1906
f 1906//1906 1904//1904 1878//1878
f 1903//1903 1889//1889 1920//1920
f 1920//1920 1889//1889 1903//1903
f 1889//1889 1907//1907 1920//1920
f 1920//1920 1907//1907 1889//1889
f 1907//1907 1890//1890 1908//1908
f 1908//1908 1890//1890 1907//1907
f 1908//1908 1891//1891 1892//1892
f 1892//1892 1891//1891 1908//1908
f 1921//1921 1892//1892 1893//1893
f 1893//1893 1892//1892 1921//1921
f 1909//1909 1922//1922 1910//1910
f 1910//1910 1922//1922 1909//1909
f 1911//1911 1910//1910 1916//1916
f 1916//1916 1910//1910 1911//1911
f 1913//1913 1923//1923 1924//1924
f 1924//1924 1923//1923 1913//1913
f 1912//1912 1923//1923 1913//1913
f 1913//1913 1923//1923 1912//1912
f 1914//1914 1912//1912 1894//1894
f 1894//1894 1912//1912 1914//1914
f 1884//1884 1915//1915 1914//1914
f 1914//1914 1915//1915 1884//1884
f 1895//1895 1916//1916 1915//1915
f 1915//1915 1916//1916 1895//1895
f 1925//1925 1926//1926 1927//1927
f 1927//1927 1926//1926 1925//1925
f 1928//1928 1917//1917 1896//1896
f 1896//1896 1917//1917 1928//1928
f 1928//1928 1896//1896 1929//1929
f 1929//1929 1896//1896 1928//1928
f 1929//1929 1896//1896 1897//1897
f 1897//1897 1896//1896 1929//1929
f 1898//1898 1897//1897 1930//1930
f 1930//1930 1897//1897 1898//1898
f 1899//1899 1898//1898 1931//1931
f 1931//1931 1898//1898 1899//1899
f 1899//1899 1913//1913 1932//1932
f 1932//1932 1913//1913 1899//1899
f 1913//1913 1924//1924 1933//1933
f 1933//1933 1924//1924 1913//1913
f 1900//1900 1901//1901 1934//1934
f 1934//1934 1901//1901 1900//1900
f 1901//1901 1902//1902 1935//1935
f 1935//1935 1902//1902 1901//1901
f 1902//1902 1903//1903 1936//1936
f 1936//1936 1903//1903 1902//1902
f 1900//1900 1934//1934 1918//1918
f 1918//1918 1934//1934 1900//1900
f 1937//1937 1919//1919 1905//1905
f 1905//1905 1919//1919 1937//1937
f 1904//1904 1918//1918 1938//1938
f 1938//1938 1918//1918 1904//1904
f 1906//1906 1939//1939 1905//1905
f 1905//1905 1939//1939 1906//1906
f 1904//1904 1938//1938 1906//1906
f 1906//1906 1938//1938 1904//1904
f 1903//1903 1920//1920 1936//1936
f 1936//1936 1920//1920 1903//1903
f 1920//1920 1907//1907 1940//1940
f 1940//1940 1907//1907 1920//1920
f 1907//1907 1908//1908 1940//1940
f 1940//1940 1908//1908 1907//1907
f 1941//1941 1908//1908 1892//1892
f 1892//1892 1908//1908 1941//1941
f 1941//1941 1892//1892 1921//1921
f 1921//1921 1892//1892 1941//1941
f 1933//1933 1924//1924 1942//1942
f 1942//1942 1924//1924 1933//1933
f 1943//1943 1922//1922 1909//1909
f 1909//1909 1922//1922 1943//1943
f 1944//1944 1945//1945 1946//1946
f 1946//1946 1945//1945 1944//1944
f 1910//1910 1947//1947 1916//1916
f 1916//1916 1947//1947 1910//1910
f 1948//1948 1942//1942 1949//1949
f 1949//1949 1942//1942 1948//1948
f 1924//1924 1950//1950 1942//1942
f 1942//1942 1950//1950 1924//1924
f 1924//1924 1923//1923 1950//1950
f 1950//1950 1923//1923 1924//1924
f 1923//1923 1912//1912 1951//1951
f 1951//1951 1912//1912 1923//1923
f 1914//1914 1952//1952 1912//1912
f 1912//1912 1952//1952 1914//1914
f 1953//1953 1914//1914 1915//1915
f 1915//1915 1914//1914 1953//1953
f 1916//1916 1947//1947 1915//1915
f 1915//1915 1947//1947 1916//1916
f 1925//1925 1927//1927 1954//1954
f 1954//1954 1927//1927 1925//1925
f 1955//1955 1956//1956 1957//1957
f 1957//1957 1956//1956 1955//1955
f 1927//1927 1926//1926 1958//1958
f 1958//1958 1926//1926 1927//1927
f 1945//1945 1959//1959 1944//1944
f 1944//1944 1959//1959 1945//1945
f 1957//1957 1956//1956 1960//1960
f 1960//1960 1956//1956 1957//1957
f 1961//1961 1954//1954 1928//1928
f 1928//1928 1954//1954 1961//1961
f 1928//1928 1961//1961 1917//1917
f 1917//1917 1961//1961 1928//1928
f 1962//1962 1928//1928 1929//1929
f 1929//1929 1928//1928 1962//1962
f 1929//1929 1930//1930 1897//1897
f 1897//1897 1930//1930 1929//1929
f 1898//1898 1930//1930 1931//1931
f 1931//1931 1930//1930 1898//1898
f 1931//1931 1899//1899 1932//1932
f 1932//1932 1899//1899 1931//1931
f 1913//1913 1933//1933 1932//1932
f 1932//1932 1933//1933 1913//1913
f 1901//1901 1935//1935 1934//1934
f 1934//1934 1935//1935 1901//1901
f 1902//1902 1936//1936 1935//1935
f 1935//1935 1936//1936 1902//1902
f 1918//1918 1934//1934 1963//1963
f 1963//1963 1934//1934 1918//1918
f 1939//1939 1937//1937 1905//1905
f 1905//1905 1937//1937 1939//1939
f 1918//1918 1963//1963 1938//1938
f 1938//1938 1963//1963 1918//1918
f 1906//1906 1938//1938 1939//1939
f 1939//1939 1938//1938 1906//1906
f 1936//1936 1920//1920 1964//1964
f 1964//1964 1920//1920 1936//1936
f 1920//1920 1940//1940 1964//1964
f 1964//1964 1940//1940 1920//1920
f 1940//1940 1908//1908 1941//1941
f 1941//1941 1908//1908 1940//1940
f 1921//1921 1965//1965 1941//1941
f 1941//1941 1965//1965 1921//1921
f 1966//1966 1933//1933 1942//1942
f 1942//1942 1933//1933 1966//1966
f 1966//1966 1942//1942 1948//1948
f 1948//1948 1942//1942 1966//1966
f 1943//1943 1946//1946 1922//1922
f 1922//1922 1946//1946 1943//1943
f 1944//1944 1946//1946 1943//1943
f 1943//1943 1946//1946 1944//1944
f 1943//1943 1967//1967 1910//1910
f 1910//1910 1967//1967 1943//1943
f 1910//1910 1967//1967 1947//1947
f 1947//1947 1967//1967 1910//1910
f 1942//1942 1968//1968 1949//1949
f 1949//1949 1968//1968 1942//1942
f 1942//1942 1950//1950 1968//1968
f 1968//1968 1950//1950 1942//1942
f 1923//1923 1951//1951 1950//1950
f 1950//1950 1951//1951 1923//1923
f 1912//1912 1952//1952 1951//1951
f 1951//1951 1952//1952 1912//1912
f 1953//1953 1952//1952 1914//1914
f 1914//1914 1952//1952 1953//1953
f 1947//1947 1953//1953 1915//1915
f 1915//1915 1953//1953 1947//1947
f 1961//1961 1925//1925 1954//1954
f 1954//1954 1925//1925 1961//1961
f 1958//1958 1955//1955 1957//1957
f 1957//1957 1955//1955 1958//1958
f 1926//1926 1955//1955 1958//1958
f 1958//1958 1955//1955 1926//1926
f 1960//1960 1959//1959 1945//1945
f 1945//1945 1959//1959 1960//1960
f 1956//1956 1959//1959 1960//1960
f 1960//1960 1959//1959 1956//1956
f 1962//1962 1961//1961 1928//1928
f 1928//1928 1961//1961 1962//1962
f 1969//1969 1962//1962 1929//1929
f 1929//1929 1962//1962 1969//1969
f 1969//1969 1929//1929 1930//1930
f 1930//1930 1929//1929 1969//1969
f 1931//1931 1930//1930 1970//1970
f 1970//1970 1930//1930 1931//1931
f 1932//1932 1931//1931 1971//1971
f 1971//1971 1931//1931 1932//1932
f 1932//1932 1933//1933 1972//1972
f 1972//1972 1933//1933 1932//1932
f 1934//1934 1935//1935 1973//1973
f 1973//1973 1935//1935 1934//1934
f 1935//1935 1936//1936 1974//1974
f 1974//1974 1936//1936 1935//1935
f 1934//1934 1973//1973 1963//1963
f 1963//1963 1973//1973 1934//1934
f 1975//1975 1937//1937 1939//1939
f 1939//1939 1937//1937 1975//1975
f 1938//1938 1963//1963 1939//1939
f 1939//1939 1963//1963 1938//1938
f 1936//1936 1964//1964 1974//1974
f 1974//1974 1964//1964 1936//1936
f 1964//1964 1940//1940 1976//1976
f 1976//1976 1940//1940 1964//1964
f 1977//1977 1940//1940 1941//1941
f 1941//1941 1940//1940 1977//1977
f 1965//1965 1977//1977 1941//1941
f 1941//1941 1977//1977 1965//1965
f 1933//1933 1966//1966 1978//1978
f 1978//1978 1966//1966 1933//1933
f 1966//1966 1948//1948 1979//1979
f 1979//1979 1948//1948 1966//1966
f 1946//1946 1980//1980 1943//1943
f 1943//1943 1980//1980 1946//1946
f 1943//1943 1980//1980 1967//1967
f 1967//1967 1980//1980 1943//1943
f 1967//1967 1981//1981 1947//1947
f 1947//1947 1981//1981 1967//1967
f 1982//1982 1949//1949 1968//1968
f 1968//1968 1949//1949 1982//1982
f 1950//1950 1983//1983 1968//1968
f 1968//1968 1983//1983 1950//1950
f 1951//1951 1983//1983 1950//1950
f 1950//1950 1983//1983 1951//1951
f 1952//1952 1984//1984 1951//1951
f 1951//1951 1984//1984 1952//1952
f 1953//1953 1985//1985 1952//1952
f 1952//1952 1985//1985 1953//1953
f 1947//1947 1981//1981 1953//1953
f 1953//1953 1981//1981 1947//1947
f 1986//1986 1925//1925 1961//1961
f 1961//1961 1925//1925 1986//1986
f 1958//1958 1925//1925 1987//1987
f 1987//1987 1925//1925 1958//1958
f 1955//1955 1958//1958 1988//1988
f 1988//1988 1958//1958 1955//1955
f 1960//1960 1955//1955 1989//1989
f 1989//1989 1955//1955 1960//1960
f 1959//1959 1960//1960 1990//1990
f 1990//1990 1960//1960 1959//1959
f 1959//1959 1991//1991 1946//1946
f 1946//1946 1991//1991 1959//1959
f 1986//1986 1961//1961 1962//1962
f 1962//1962 1961//1961 1986//1986
f 1992//1992 1962//1962 1969//1969
f 1969//1969 1962//1962 1992//1992
f 1930//1930 1969//1969 1970//1970
f 1970//1970 1969//1969 1930//1930
f 1931//1931 1970//1970 1971//1971
f 1971//1971 1970//1970 1931//1931
f 1932//1932 1972//1972 1971//1971
f 1971//1971 1972//1972 1932//1932
f 1972//1972 1933//1933 1978//1978
f 1978//1978 1933//1933 1972//1972
f 1935//1935 1974//1974 1973//1973
f 1973//1973 1974//1974 1935//1935
f 1993//1993 1937//1937 1975//1975
f 1975//1975 1937//1937 1993//1993
f 1963//1963 1973//1973 1994//1994
f 1994//1994 1973//1973 1963//1963
f 1963//1963 1975//1975 1939//1939
f 1939//1939 1975//1975 1963//1963
f 1974//1974 1964//1964 1976//1976
f 1976//1976 1964//1964 1974//1974
f 1940//1940 1977//1977 1976//1976
f 1976//1976 1977//1977 1940//1940
f 1965//1965 1995//1995 1977//1977
f 1977//1977 1995//1995 1965//1965
f 1978//1978 1966//1966 1979//1979
f 1979//1979 1966//1966 1978//1978
f 1991//1991 1980//1980 1946//1946
f 1946//1946 1980//1980 1991//1991
f 1980//1980 1996//1996 1967//1967
f 1967//1967 1996//1996 1980//1980
f 1967//1967 1996//1996 1981//1981
f 1981//1981 1996//1996 1967//1967
f 1982//1982 1968//1968 1997//1997
f 1997//1997 1968//1968 1982//1982
f 1968//1968 1983//1983 1997//1997
f 1997//1997 1983//1983 1968//1968
f 1951//1951 1984//1984 1983//1983
f 1983//1983 1984//1984 1951//1951
f 1985//1985 1984//1984 1952//1952
f 1952//1952 1984//1984 1985//1985
f 1981//1981 1985//1985 1953//1953
f 1953//1953 1985//1985 1981//1981
f 1987//1987 1925//1925 1986//1986
f 1986//1986 1925//1925 1987//1987
f 1988//1988 1958//1958 1987//1987
f 1987//1987 1958//1958 1988//1988
f 1989//1989 1955//1955 1988//1988
f 1988//1988 1955//1955 1989//1989
f 1990//1990 1960//1960 1989//1989
f 1989//1989 1960//1960 1990//1990
f 1991//1991 1959//1959 1990//1990
f 1990//1990 1959//1959 1991//1991
f 1986//1986 1962//1962 1992//1992
f 1992//1992 1962//1962 1986//1986
f 1992//1992 1969//1969 1998//1998
f 1998//1998 1969//1969 1992//1992
f 1998//1998 1969//1969 1970//1970
f 1970//1970 1969//1969 1998//1998
f 1971//1971 1970//1970 1999//1999
f 1999//1999 1970//1970 1971//1971
f 1972//1972 1971//1971 2000//2000
f 2000//2000 1971//1971 1972//1972
f 2000//2000 1972//1972 1978//1978
f 1978//1978 1972//1972 2000//2000
f 1973//1973 1974//1974 1994//1994
f 1994//1994 1974//1974 1973//1973
f 2001//2001 1993//1993 1975//1975
f 1975//1975 1993//1993 2001//2001
f 1963//1963 1994//1994 1975//1975
f 1975//1975 1994//1994 1963//1963
f 1974//1974 1976//1976 2002//2002
f 2002//2002 1976//1976 1974//1974
f 1995//1995 1976//1976 1977//1977
f 1977//1977 1976//1976 1995//1995
f 1978//1978 1979//1979 2003//2003
f 2003//2003 1979//1979 1978//1978
f 1991//1991 2004//2004 1980//1980
f 1980//1980 2004//2004 1991//1991
f 1996//1996 1980//1980 2004//2004
f 2004//2004 1980//1980 1996//1996
f 1996//1996 2005//2005 1981//1981
f 1981//1981 2005//2005 1996//1996
f 2006//2006 1982//1982 1997//1997
f 1997//1997 1982//1982 2006//2006
f 1997//1997 1983//1983 2007//2007
f 2007//2007 1983//1983 1997//1997
f 1984//1984 2008//2008 1983//1983
f 1983//1983 2008//2008 1984//1984
f 1985//1985 2009//2009 1984//1984
f 1984//1984 2009//2009 1985//1985
f 1981//1981 2005//2005 1985//1985
f 1985//1985 2005//2005 1981//1981
f 1987//1987 1986//1986 2010//2010
f 2010//2010 1986//1986 1987//1987
f 1988//1988 1987//1987 2011//2011
f 2011//2011 1987//1987 1988//1988
f 1989//1989 1988//1988 2012//2012
f 2012//2012 1988//1988 1989//1989
f 1990//1990 1989//1989 2013//2013
f 2013//2013 1989//1989 1990//1990
f 1991//1991 1990//1990 2014//2014
f 2014//2014 1990//1990 1991//1991
f 2010//2010 1986//1986 1992//1992
f 1992//1992 1986//1986 2010//2010
f 2015//2015 1992//1992 1998//1998
f 1998//1998 1992//1992 2015//2015
f 1970//1970 1998//1998 1999//1999
f 1999//1999 1998//1998 1970//1970
f 2000//2000 1971//1971 1999//1999
f 1999//1999 1971//1971 2000//2000
f 1978//1978 2000//2000 2016//2016
f 2016//2016 2000//2000 1978//1978
f 1974//1974 2002//2002 1994//1994
f 1994//1994 2002//2002 1974//1974
f 1994//1994 2001//2001 1975//1975
f 1975//1975 2001//2001 1994//1994
f 1976//1976 1995//1995 2002//2002
f 2002//2002 1995//1995 1976//1976
f 2016//2016 1978//1978 2003//2003
f 2003//2003 1978//1978 2016//2016
f 2004//2004 1991//1991 2014//2014
f 2014//2014 1991//1991 2004//2004
f 2004//2004 2017//2017 1996//1996
f 1996//1996 2017//2017 2004//2004
f 1996//1996 2017//2017 2005//2005
f 2005//2005 2017//2017 1996//1996
f 2006//2006 1997//1997 2007//2007
f 2007//2007 1997//1997 2006//2006
f 1983//1983 2008//2008 2007//2007
f 2007//2007 2008//2008 1983//1983
f 1984//1984 2009//2009 2008//2008
f 2008//2008 2009//2009 1984//1984
f 2005//2005 2009//2009 1985//1985
f 1985//1985 2009//2009 2005//2005
f 2011//2011 1987//1987 2010//2010
f 2010//2010 1987//1987 2011//2011
f 2012//2012 1988//1988 2011//2011
f 2011//2011 1988//1988 2012//2012
f 2013//2013 1989//1989 2012//2012
f 2012//2012 1989//1989 2013//2013
f 2014//2014 1990//1990 2013//2013
f 2013//2013 1990//1990 2014//2014
f 2010//2010 1992//1992 2015//2015
f 2015//2015 1992//1992 2010//2010
f 2015//2015 1998//1998 2018//2018
f 2018//2018 1998//1998 2015//2015
f 1998//1998 1999//1999 2018//2018
f 2018//2018 1999//1999 1998//1998
f 2000//2000 1999//1999 2019//2019
f 2019//2019 1999//1999 2000//2000
f 2000//2000 2019//2019 2016//2016
f 2016//2016 2019//2019 2000//2000
f 1994//1994 2002//2002 2001//2001
f 2001//2001 2002//2002 1994//1994
f 1995//1995 2020//2020 2002//2002
f 2002//2002 2020//2020 1995//1995
f 2003//2003 2016//2016 2020//2020
f 2020//2020 2016//2016 2003//2003
f 2004//2004 2014//2014 2021//2021
f 2021//2021 2014//2014 2004//2004
f 2017//2017 2004//2004 2021//2021
f 2021//2021 2004//2004 2017//2017
f 2005//2005 2017//2017 2022//2022
f 2022//2022 2017//2017 2005//2005
f 2006//2006 2007//2007 2023//2023
f 2023//2023 2007//2007 2006//2006
f 2008//2008 2024//2024 2007//2007
f 2007//2007 2024//2024 2008//2008
f 2009//2009 2024//2024 2008//2008
f 2008//2008 2024//2024 2009//2009
f 2005//2005 2022//2022 2009//2009
f 2009//2009 2022//2022 2005//2005
f 2011//2011 2010//2010 2025//2025
f 2025//2025 2010//2010 2011//2011
f 2012//2012 2011//2011 2026//2026
f 2026//2026 2011//2011 2012//2012
f 2013//2013 2012//2012 2027//2027
f 2027//2027 2012//2012 2013//2013
f 2014//2014 2013//2013 2028//2028
f 2028//2028 2013//2013 2014//2014
f 2025//2025 2010//2010 2015//2015
f 2015//2015 2010//2010 2025//2025
f 2029//2029 2015//2015 2018//2018
f 2018//2018 2015//2015 2029//2029
f 2019//2019 1999//1999 2018//2018
f 2018//2018 1999//1999 2019//2019
f 2016//2016 2019//2019 2030//2030
f 2030//2030 2019//2019 2016//2016
f 2002//2002 2020//2020 2001//2001
f 2001//2001 2020//2020 2002//2002
f 2016//2016 2030//2030 2020//2020
f 2020//2020 2030//2030 2016//2016
f 2021//2021 2014//2014 2028//2028
f 2028//2028 2014//2014 2021//2021
f 2017//2017 2021//2021 2031//2031
f 2031//2031 2021//2021 2017//2017
f 2032//2032 2006//2006 2023//2023
f 2023//2023 2006//2006 2032//2032
f 2022//2022 2017//2017 2031//2031
f 2031//2031 2017//2017 2022//2022
f 2007//2007 2024//2024 2023//2023
f 2023//2023 2024//2024 2007//2007
f 2009//2009 2022//2022 2024//2024
f 2024//2024 2022//2022 2009//2009
f 2026//2026 2011//2011 2025//2025
f 2025//2025 2011//2011 2026//2026
f 2027//2027 2012//2012 2026//2026
f 2026//2026 2012//2012 2027//2027
f 2028//2028 2013//2013 2027//2027
f 2027//2027 2013//2013 2028//2028
f 2025//2025 2015//2015 2029//2029
f 2029//2029 2015//2015 2025//2025
f 2018//2018 2033//2033 2029//2029
f 2029//2029 2033//2033 2018//2018
f 2018//2018 2019//2019 2033//2033
f 2033//2033 2019//2019 2018//2018
f 2030//2030 2019//2019 2034//2034
f 2034//2034 2019//2019 2030//2030
f 2020//2020 2030//2030 2001//2001
f 2001//2001 2030//2030 2020//2020
f 2021//2021 2028//2028 2035//2035
f 2035//2035 2028//2028 2021//2021
f 2031//2031 2021//2021 2035//2035
f 2035//2035 2021//2021 2031//2031
f 2032//2032 2023//2023 2036//2036
f 2036//2036 2023//2023 2032//2032
f 2022//2022 2031//2031 2037//2037
f 2037//2037 2031//2031 2022//2022
f 2023//2023 2024//2024 2038//2038
f 2038//2038 2024//2024 2023//2023
f 2022//2022 2037//2037 2024//2024
f 2024//2024 2037//2037 2022//2022
f 2026//2026 2025//2025 2039//2039
f 2039//2039 2025//2025 2026//2026
f 2027//2027 2026//2026 2040//2040
f 2040//2040 2026//2026 2027//2027
f 2028//2028 2027//2027 2041//2041
f 2041//2041 2027//2027 2028//2028
f 2039//2039 2025//2025 2029//2029
f 2029//2029 2025//2025 2039//2039
f 2029//2029 2033//2033 2042//2042
f 2042//2042 2033//2033 2029//2029
f 2033//2033 2019//2019 2034//2034
f 2034//2034 2019//2019 2033//2033
f 2030//2030 2034//2034 2001//2001
f 2001//2001 2034//2034 2030//2030
f 2035//2035 2028//2028 2041//2041
f 2041//2041 2028//2028 2035//2035
f 2031//2031 2035//2035 2043//2043
f 2043//2043 2035//2035 2031//2031
f 2023//2023 2038//2038 2036//2036
f 2036//2036 2038//2038 2023//2023
f 2037//2037 2031//2031 2043//2043
f 2043//2043 2031//2031 2037//2037
f 2024//2024 2037//2037 2038//2038
f 2038//2038 2037//2037 2024//2024
f 2026//2026 2039//2039 2040//2040
f 2040//2040 2039//2039 2026//2026
f 2041//2041 2027//2027 2040//2040
f 2040//2040 2027//2027 2041//2041
f 2039//2039 2029//2029 2042//2042
f 2042//2042 2029//2029 2039//2039
f 2042//2042 2033//2033 2034//2034
f 2034//2034 2033//2033 2042//2042
f 2044//2044 2034//2034 2001//2001
f 2001//2001 2034//2034 2044//2044
f 2035//2035 2041//2041 2045//2045
f 2045//2045 2041//2041 2035//2035
f 2043//2043 2035//2035 2045//2045
f 2045//2045 2035//2035 2043//2043
f 2038//2038 2046//2046 2036//2036
f 2036//2036 2046//2046 2038//2038
f 2037//2037 2043//2043 2038//2038
f 2038//2038 2043//2043 2037//2037
f 2040//2040 2039//2039 2047//2047
f 2047//2047 2039//2039 2040//2040
f 2041//2041 2040//2040 2048//2048
f 2048//2048 2040//2040 2041//2041
f 2039//2039 2042//2042 2047//2047
f 2047//2047 2042//2042 2039//2039
f 2042//2042 2034//2034 2049//2049
f 2049//2049 2034//2034 2042//2042
f 2049//2049 2034//2034 2044//2044
f 2044//2044 2034//2034 2049//2049
f 2041//2041 2048//2048 2045//2045
f 2045//2045 2048//2048 2041//2041
f 2036//2036 2046//2046 2050//2050
f 2050//2050 2046//2046 2036//2036
f 2043//2043 2045//2045 2051//2051
f 2051//2051 2045//2045 2043//2043
f 2038//2038 2043//2043 2046//2046
f 2046//2046 2043//2043 2038//2038
f 2040//2040 2047//2047 2048//2048
f 2048//2048 2047//2047 2040//2040
f 2047//2047 2042//2042 2052//2052
f 2052//2052 2042//2042 2047//2047
f 2042//2042 2049//2049 2052//2052
f 2052//2052 2049//2049 2042//2042
f 2053//2053 2049//2049 2044//2044
f 2044//2044 2049//2049 2053//2053
f 2045//2045 2048//2048 2051//2051
f 2051//2051 2048//2048 2045//2045
f 2050//2050 2046//2046 2054//2054
f 2054//2054 2046//2046 2050//2050
f 2046//2046 2043//2043 2051//2051
f 2051//2051 2043//2043 2046//2046
f 2048//2048 2047//2047 2052//2052
f 2052//2052 2047//2047 2048//2048
f 2052//2052 2049//2049 2053//2053
f 2053//2053 2049//2049 2052//2052
f 2048//2048 2055//2055 2051//2051
f 2051//2051 2055//2055 2048//2048
f 2046//2046 2051//2051 2054//2054
f 2054//2054 2051//2051 2046//2046
f 2048//2048 2052//2052 2055//2055
f 2055//2055 2052//2052 2048//2048
f 2056//2056 2052//2052 2053//2053
f 2053//2053 2052//2052 2056//2056
f 2051//2051 2055//2055 2054//2054
f 2054//2054 2055//2055 2051//2051
f 2055//2055 2052//2052 2056//2056
f 2056//2056 2052//2052 2055//2055
f 2054//2054 2055//2055 2057//2057
f 2057//2057 2055//2055 2054//2054
f 2055//2055 2056//2056 2057//2057
f 2057//2057 2056//2056 2055//2055
f 2058//2058 2059//2059 2060//2060
f 2060//2060 2059//2059 2058//2058
f 2061//2061 2059//2059 2058//2058
f 2058//2058 2059//2059 2061//2061
f 2059//2059 2062//2062 2060//2060
f 2060//2060 2062//2062 2059//2059
f 2061//2061 2060//2060 2063//2063
f 2063//2063 2060//2060 2061//2061
f 2061//2061 2058//2058 2064//2064
f 2064//2064 2058//2058 2061//2061
f 2061//2061 2063//2063 2065//2065
f 2065//2065 2063//2063 2061//2061
f 2066//2066 2061//2061 2064//2064
f 2064//2064 2061//2061 2066//2066
f 2060//2060 2062//2062 2067//2067
f 2067//2067 2062//2062 2060//2060
f 2060//2060 2068//2068 2063//2063
f 2063//2063 2068//2068 2060//2060
f 2063//2063 2069//2069 2070//2070
f 2070//2070 2069//2069 2063//2063
f 2061//2061 2065//2065 2064//2064
f 2064//2064 2065//2065 2061//2061
f 2063//2063 2070//2070 2065//2065
f 2065//2065 2070//2070 2063//2063
f 2066//2066 2064//2064 2071//2071
f 2071//2071 2064//2064 2066//2066
f 2072//2072 2073//2073 2067//2067
f 2067//2067 2073//2073 2072//2072
f 2062//2062 2073//2073 2067//2067
f 2067//2067 2073//2073 2062//2062
f 2060//2060 2067//2067 2068//2068
f 2068//2068 2067//2067 2060//2060
f 2063//2063 2068//2068 2069//2069
f 2069//2069 2068//2068 2063//2063
f 2069//2069 2074//2074 2070//2070
f 2070//2070 2074//2074 2069//2069
f 2064//2064 2065//2065 2075//2075
f 2075//2075 2065//2065 2064//2064
f 2065//2065 2070//2070 2076//2076
f 2076//2076 2070//2070 2065//2065
f 2070//2070 2074//2074 2077//2077
f 2077//2077 2074//2074 2070//2070
f 2078//2078 2079//2079 2074//2074
f 2074//2074 2079//2079 2078//2078
f 2071//2071 2066//2066 2080//2080
f 2080//2080 2066//2066 2071//2071
f 2081//2081 2082//2082 2072//2072
f 2072//2072 2082//2082 2081//2081
f 2082//2082 2073//2073 2072//2072
f 2072//2072 2073//2073 2082//2082
f 2067//2067 2073//2073 2083//2083
f 2083//2083 2073//2073 2067//2067
f 2068//2068 2067//2067 2083//2083
f 2083//2083 2067//2067 2068//2068
f 2068//2068 2084//2084 2069//2069
f 2069//2069 2084//2084 2068//2068
f 2069//2069 2085//2085 2074//2074
f 2074//2074 2085//2085 2069//2069
f 2085//2085 2078//2078 2074//2074
f 2074//2074 2078//2078 2085//2085
f 2080//2080 2064//2064 2075//2075
f 2075//2075 2064//2064 2080//2080
f 2065//2065 2076//2076 2075//2075
f 2075//2075 2076//2076 2065//2065
f 2070//2070 2077//2077 2076//2076
f 2076//2076 2077//2077 2070//2070
f 2074//2074 2079//2079 2077//2077
f 2077//2077 2079//2079 2074//2074
f 2078//2078 2086//2086 2079//2079
f 2079//2079 2086//2086 2078//2078
f 2071//2071 2080//2080 2087//2087
f 2087//2087 2080//2080 2071//2071
f 2087//2087 2080//2080 2088//2088
f 2088//2088 2080//2080 2087//2087
f 2082//2082 2081//2081 2089//2089
f 2089//2089 2081//2081 2082//2082
f 2073//2073 2082//2082 2090//2090
f 2090//2090 2082//2082 2073//2073
f 2083//2083 2073//2073 2090//2090
f 2090//2090 2073//2073 2083//2083
f 2068//2068 2083//2083 2084//2084
f 2084//2084 2083//2083 2068//2068
f 2084//2084 2085//2085 2069//2069
f 2069//2069 2085//2085 2084//2084
f 2085//2085 2091//2091 2078//2078
f 2078//2078 2091//2091 2085//2085
f 2092//2092 2086//2086 2078//2078
f 2078//2078 2086//2086 2092//2092
f 2080//2080 2075//2075 2093//2093
f 2093//2093 2075//2075 2080//2080
f 2075//2075 2076//2076 2094//2094
f 2094//2094 2076//2076 2075//2075
f 2076//2076 2077//2077 2095//2095
f 2095//2095 2077//2077 2076//2076
f 2079//2079 2096//2096 2077//2077
f 2077//2077 2096//2096 2079//2079
f 2086//2086 2097//2097 2079//2079
f 2079//2079 2097//2097 2086//2086
f 2098//2098 2099//2099 2086//2086
f 2086//2086 2099//2099 2098//2098
f 2100//2100 2101//2101 2098//2098
f 2098//2098 2101//2101 2100//2100
f 2102//2102 2103//2103 2104//2104
f 2104//2104 2103//2103 2102//2102
f 2087//2087 2088//2088 2105//2105
f 2105//2105 2088//2088 2087//2087
f 2106//2106 2107//2107 2108//2108
f 2108//2108 2107//2107 2106//2106
f 2087//2087 2080//2080 2093//2093
f 2093//2093 2080//2080 2087//2087
f 2103//2103 2109//2109 2104//2104
f 2104//2104 2109//2109 2103//2103
f 2089//2089 2081//2081 2110//2110
f 2110//2110 2081//2081 2089//2089
f 2090//2090 2082//2082 2111//2111
f 2111//2111 2082//2082 2090//2090
f 2083//2083 2090//2090 2112//2112
f 2112//2112 2090//2090 2083//2083
f 2084//2084 2083//2083 2112//2112
f 2112//2112 2083//2083 2084//2084
f 2084//2084 2113//2113 2085//2085
f 2085//2085 2113//2113 2084//2084
f 2111//2111 2082//2082 2110//2110
f 2110//2110 2082//2082 2111//2111
f 2113//2113 2091//2091 2085//2085
f 2085//2085 2091//2091 2113//2113
f 2091//2091 2092//2092 2078//2078
f 2078//2078 2092//2092 2091//2091
f 2092//2092 2114//2114 2086//2086
f 2086//2086 2114//2114 2092//2092
f 2115//2115 2100//2100 2098//2098
f 2098//2098 2100//2100 2115//2115
f 2114//2114 2098//2098 2086//2086
f 2086//2086 2098//2098 2114//2114
f 2075//2075 2094//2094 2093//2093
f 2093//2093 2094//2094 2075//2075
f 2076//2076 2095//2095 2094//2094
f 2094//2094 2095//2095 2076//2076
f 2077//2077 2096//2096 2095//2095
f 2095//2095 2096//2096 2077//2077
f 2079//2079 2097//2097 2096//2096
f 2096//2096 2097//2097 2079//2079
f 2086//2086 2099//2099 2097//2097
f 2097//2097 2099//2099 2086//2086
f 2098//2098 2101//2101 2099//2099
f 2099//2099 2101//2101 2098//2098
f 2102//2102 2104//2104 2116//2116
f 2116//2116 2104//2104 2102//2102
f 2108//2108 2107//2107 2117//2117
f 2117//2117 2107//2107 2108//2108
f 2105//2105 2088//2088 2118//2118
f 2118//2118 2088//2088 2105//2105
f 2119//2119 2106//2106 2108//2108
f 2108//2108 2106//2106 2119//2119
f 2087//2087 2093//2093 2120//2120
f 2120//2120 2093//2093 2087//2087
f 2103//2103 2110//2110 2109//2109
f 2109//2109 2110//2110 2103//2103
f 2089//2089 2110//2110 2109//2109
f 2109//2109 2110//2110 2089//2089
f 2090//2090 2111//2111 2121//2121
f 2121//2121 2111//2111 2090//2090
f 2112//2112 2090//2090 2121//2121
f 2121//2121 2090//2090 2112//2112
f 2084//2084 2112//2112 2113//2113
f 2113//2113 2112//2112 2084//2084
f 2111//2111 2122//2122 2110//2110
f 2110//2110 2122//2122 2111//2111
f 2113//2113 2123//2123 2091//2091
f 2091//2091 2123//2123 2113//2113
f 2124//2124 2092//2092 2091//2091
f 2091//2091 2092//2092 2124//2124
f 2124//2124 2114//2114 2092//2092
f 2092//2092 2114//2114 2124//2124
f 2114//2114 2115//2115 2098//2098
f 2098//2098 2115//2115 2114//2114
f 2093//2093 2094//2094 2125//2125
f 2125//2125 2094//2094 2093//2093
f 2094//2094 2095//2095 2126//2126
f 2126//2126 2095//2095 2094//2094
f 2096//2096 2127//2127 2095//2095
f 2095//2095 2127//2127 2096//2096
f 2097//2097 2128//2128 2096//2096
f 2096//2096 2128//2128 2097//2097
f 2097//2097 2099//2099 2128//2128
f 2128//2128 2099//2099 2097//2097
f 2099//2099 2101//2101 2129//2129
f 2129//2129 2101//2101 2099//2099
f 2130//2130 2102//2102 2116//2116
f 2116//2116 2102//2102 2130//2130
f 2117//2117 2131//2131 2130//2130
f 2130//2130 2131//2131 2117//2117
f 2116//2116 2131//2131 2130//2130
f 2130//2130 2131//2131 2116//2116
f 2107//2107 2131//2131 2117//2117
f 2117//2117 2131//2131 2107//2107
f 2105//2105 2118//2118 2119//2119
f 2119//2119 2118//2118 2105//2105
f 2118//2118 2106//2106 2119//2119
f 2119//2119 2106//2106 2118//2118
f 2118//2118 2087//2087 2120//2120
f 2120//2120 2087//2087 2118//2118
f 2093//2093 2125//2125 2120//2120
f 2120//2120 2125//2125 2093//2093
f 2110//2110 2122//2122 2109//2109
f 2109//2109 2122//2122 2110//2110
f 2121//2121 2111//2111 2132//2132
f 2132//2132 2111//2111 2121//2121
f 2112//2112 2121//2121 2133//2133
f 2133//2133 2121//2121 2112//2112
f 2113//2113 2112//2112 2134//2134
f 2134//2134 2112//2112 2113//2113
f 2132//2132 2111//2111 2122//2122
f 2122//2122 2111//2111 2132//2132
f 2113//2113 2134//2134 2123//2123
f 2123//2123 2134//2134 2113//2113
f 2124//2124 2091//2091 2123//2123
f 2123//2123 2091//2091 2124//2124
f 2135//2135 2114//2114 2124//2124
f 2124//2124 2114//2114 2135//2135
f 2135//2135 2115//2115 2114//2114
f 2114//2114 2115//2115 2135//2135
f 2094//2094 2126//2126 2125//2125
f 2125//2125 2126//2126 2094//2094
f 2095//2095 2127//2127 2126//2126
f 2126//2126 2127//2127 2095//2095
f 2096//2096 2128//2128 2127//2127
f 2127//2127 2128//2128 2096//2096
f 2099//2099 2129//2129 2128//2128
f 2128//2128 2129//2129 2099//2099
f 2101//2101 2136//2136 2129//2129
f 2129//2129 2136//2136 2101//2101
f 2109//2109 2137//2137 2102//2102
f 2102//2102 2137//2137 2109//2109
f 2138//2138 2102//2102 2130//2130
f 2130//2130 2102//2102 2138//2138
f 2139//2139 2130//2130 2131//2131
f 2131//2131 2130//2130 2139//2139
f 2131//2131 2107//2107 2140//2140
f 2140//2140 2107//2107 2131//2131
f 2107//2107 2119//2119 2141//2141
f 2141//2141 2119//2119 2107//2107
f 2119//2119 2118//2118 2142//2142
f 2142//2142 2118//2118 2119//2119
f 2142//2142 2118//2118 2120//2120
f 2120//2120 2118//2118 2142//2142
f 2143//2143 2120//2120 2125//2125
f 2125//2125 2120//2120 2143//2143
f 2109//2109 2122//2122 2137//2137
f 2137//2137 2122//2122 2109//2109
f 2121//2121 2132//2132 2133//2133
f 2133//2133 2132//2132 2121//2121
f 2134//2134 2112//2112 2133//2133
f 2133//2133 2112//2112 2134//2134
f 2122//2122 2132//2132 2144//2144
f 2144//2144 2132//2132 2122//2122
f 2123//2123 2134//2134 2145//2145
f 2145//2145 2134//2134 2123//2123
f 2146//2146 2124//2124 2123//2123
f 2123//2123 2124//2124 2146//2146
f 2147//2147 2135//2135 2124//2124
f 2124//2124 2135//2135 2147//2147
f 2148//2148 2115//2115 2135//2135
f 2135//2135 2115//2115 2148//2148
f 2125//2125 2126//2126 2149//2149
f 2149//2149 2126//2126 2125//2125
f 2127//2127 2150//2150 2126//2126
f 2126//2126 2150//2150 2127//2127
f 2128//2128 2151//2151 2127//2127
f 2127//2127 2151//2151 2128//2128
f 2129//2129 2152//2152 2128//2128
f 2128//2128 2152//2152 2129//2129
f 2129//2129 2136//2136 2153//2153
f 2153//2153 2136//2136 2129//2129
f 2137//2137 2102//2102 2138//2138
f 2138//2138 2102//2102 2137//2137
f 2138//2138 2130//2130 2139//2139
f 2139//2139 2130//2130 2138//2138
f 2139//2139 2131//2131 2140//2140
f 2140//2140 2131//2131 2139//2139
f 2140//2140 2107//2107 2141//2141
f 2141//2141 2107//2107 2140//2140
f 2141//2141 2119//2119 2142//2142
f 2142//2142 2119//2119 2141//2141
f 2142//2142 2120//2120 2143//2143
f 2143//2143 2120//2120 2142//2142
f 2143//2143 2125//2125 2149//2149
f 2149//2149 2125//2125 2143//2143
f 2122//2122 2144//2144 2137//2137
f 2137//2137 2144//2144 2122//2122
f 2133//2133 2132//2132 2154//2154
f 2154//2154 2132//2132 2133//2133
f 2134//2134 2133//2133 2155//2155
f 2155//2155 2133//2133 2134//2134
f 2154//2154 2132//2132 2144//2144
f 2144//2144 2132//2132 2154//2154
f 2145//2145 2134//2134 2155//2155
f 2155//2155 2134//2134 2145//2145
f 2146//2146 2123//2123 2145//2145
f 2145//2145 2123//2123 2146//2146
f 2147//2147 2124//2124 2146//2146
f 2146//2146 2124//2124 2147//2147
f 2147//2147 2148//2148 2135//2135
f 2135//2135 2148//2148 2147//2147
f 2149//2149 2126//2126 2150//2150
f 2150//2150 2126//2126 2149//2149
f 2127//2127 2151//2151 2150//2150
f 2150//2150 2151//2151 2127//2127
f 2152//2152 2151//2151 2128//2128
f 2128//2128 2151//2151 2152//2152
f 2129//2129 2153//2153 2152//2152
f 2152//2152 2153//2153 2129//2129
f 2137//2137 2156//2156 2138//2138
f 2138//2138 2156//2156 2137//2137
f 2157//2157 2138//2138 2139//2139
f 2139//2139 2138//2138 2157//2157
f 2139//2139 2140//2140 2158//2158
f 2158//2158 2140//2140 2139//2139
f 2140//2140 2141//2141 2159//2159
f 2159//2159 2141//2141 2140//2140
f 2141//2141 2142//2142 2160//2160
f 2160//2160 2142//2142 2141//2141
f 2160//2160 2142//2142 2143//2143
f 2143//2143 2142//2142 2160//2160
f 2143//2143 2149//2149 2161//2161
f 2161//2161 2149//2149 2143//2143
f 2144//2144 2156//2156 2137//2137
f 2137//2137 2156//2156 2144//2144
f 2133//2133 2154//2154 2155//2155
f 2155//2155 2154//2154 2133//2133
f 2154//2154 2162//2162 2144//2144
f 2144//2144 2162//2162 2154//2154
f 2163//2163 2145//2145 2155//2155
f 2155//2155 2145//2145 2163//2163
f 2163//2163 2146//2146 2145//2145
f 2145//2145 2146//2146 2163//2163
f 2164//2164 2147//2147 2146//2146
f 2146//2146 2147//2147 2164//2164
f 2165//2165 2148//2148 2147//2147
f 2147//2147 2148//2148 2165//2165
f 2149//2149 2150//2150 2166//2166
f 2166//2166 2150//2150 2149//2149
f 2150//2150 2151//2151 2167//2167
f 2167//2167 2151//2151 2150//2150
f 2151//2151 2152//2152 2167//2167
f 2167//2167 2152//2152 2151//2151
f 2168//2168 2152//2152 2153//2153
f 2153//2153 2152//2152 2168//2168
f 2157//2157 2156//2156 2138//2138
f 2138//2138 2156//2156 2157//2157
f 2158//2158 2157//2157 2139//2139
f 2139//2139 2157//2157 2158//2158
f 2158//2158 2140//2140 2159//2159
f 2159//2159 2140//2140 2158//2158
f 2159//2159 2141//2141 2160//2160
f 2160//2160 2141//2141 2159//2159
f 2160//2160 2143//2143 2161//2161
f 2161//2161 2143//2143 2160//2160
f 2161//2161 2149//2149 2166//2166
f 2166//2166 2149//2149 2161//2161
f 2144//2144 2162//2162 2156//2156
f 2156//2156 2162//2162 2144//2144
f 2169//2169 2155//2155 2154//2154
f 2154//2154 2155//2155 2169//2169
f 2169//2169 2154//2154 2162//2162
f 2162//2162 2154//2154 2169//2169
f 2163//2163 2155//2155 2170//2170
f 2170//2170 2155//2155 2163//2163
f 2164//2164 2146//2146 2163//2163
f 2163//2163 2146//2146 2164//2164
f 2165//2165 2147//2147 2164//2164
f 2164//2164 2147//2147 2165//2165
f 2150//2150 2167//2167 2166//2166
f 2166//2166 2167//2167 2150//2150
f 2152//2152 2168//2168 2167//2167
f 2167//2167 2168//2168 2152//2152
f 2168//2168 2153//2153 2171//2171
f 2171//2171 2153//2153 2168//2168
f 2156//2156 2172//2172 2157//2157
f 2157//2157 2172//2172 2156//2156
f 2173//2173 2157//2157 2158//2158
f 2158//2158 2157//2157 2173//2173
f 2158//2158 2159//2159 2174//2174
f 2174//2174 2159//2159 2158//2158
f 2159//2159 2160//2160 2175//2175
f 2175//2175 2160//2160 2159//2159
f 2175//2175 2160//2160 2161//2161
f 2161//2161 2160//2160 2175//2175
f 2161//2161 2166//2166 2176//2176
f 2176//2176 2166//2166 2161//2161
f 2162//2162 2172//2172 2156//2156
f 2156//2156 2172//2172 2162//2162
f 2170//2170 2155//2155 2169//2169
f 2169//2169 2155//2155 2170//2170
f 2169//2169 2177//2177 2162//2162
f 2162//2162 2177//2177 2169//2169
f 2170//2170 2164//2164 2163//2163
f 2163//2163 2164//2164 2170//2170
f 2178//2178 2165//2165 2164//2164
f 2164//2164 2165//2165 2178//2178
f 2167//2167 2179//2179 2166//2166
f 2166//2166 2179//2179 2167//2167
f 2168//2168 2180//2180 2167//2167
f 2167//2167 2180//2180 2168//2168
f 2181//2181 2168//2168 2171//2171
f 2171//2171 2168//2168 2181//2181
f 2173//2173 2172//2172 2157//2157
f 2157//2157 2172//2172 2173//2173
f 2174//2174 2173//2173 2158//2158
f 2158//2158 2173//2173 2174//2174
f 2175//2175 2174//2174 2159//2159
f 2159//2159 2174//2174 2175//2175
f 2161//2161 2176//2176 2175//2175
f 2175//2175 2176//2176 2161//2161
f 2166//2166 2179//2179 2176//2176
f 2176//2176 2179//2179 2166//2166
f 2162//2162 2177//2177 2172//2172
f 2172//2172 2177//2177 2162//2162
f 2170//2170 2169//2169 2182//2182
f 2182//2182 2169//2169 2170//2170
f 2182//2182 2169//2169 2177//2177
f 2177//2177 2169//2169 2182//2182
f 2183//2183 2164//2164 2170//2170
f 2170//2170 2164//2164 2183//2183
f 2183//2183 2178//2178 2164//2164
f 2164//2164 2178//2178 2183//2183
f 2167//2167 2180//2180 2179//2179
f 2179//2179 2180//2180 2167//2167
f 2168//2168 2181//2181 2180//2180
f 2180//2180 2181//2181 2168//2168
f 2172//2172 2184//2184 2173//2173
f 2173//2173 2184//2184 2172//2172
f 2185//2185 2173//2173 2174//2174
f 2174//2174 2173//2173 2185//2185
f 2186//2186 2174//2174 2175//2175
f 2175//2175 2174//2174 2186//2186
f 2175//2175 2176//2176 2186//2186
f 2186//2186 2176//2176 2175//2175
f 2179//2179 2187//2187 2176//2176
f 2176//2176 2187//2187 2179//2179
f 2177//2177 2184//2184 2172//2172
f 2172//2172 2184//2184 2177//2177
f 2182//2182 2188//2188 2170//2170
f 2170//2170 2188//2188 2182//2182
f 2182//2182 2189//2189 2177//2177
f 2177//2177 2189//2189 2182//2182
f 2188//2188 2183//2183 2170//2170
f 2170//2170 2183//2183 2188//2188
f 2190//2190 2178//2178 2183//2183
f 2183//2183 2178//2178 2190//2190
f 2179//2179 2180//2180 2187//2187
f 2187//2187 2180//2180 2179//2179
f 2181//2181 2191//2191 2180//2180
f 2180//2180 2191//2191 2181//2181
f 2185//2185 2184//2184 2173//2173
f 2173//2173 2184//2184 2185//2185
f 2186//2186 2185//2185 2174//2174
f 2174//2174 2185//2185 2186//2186
f 2176//2176 2187//2187 2186//2186
f 2186//2186 2187//2187 2176//2176
f 2177//2177 2189//2189 2184//2184
f 2184//2184 2189//2189 2177//2177
f 2188//2188 2182//2182 2189//2189
f 2189//2189 2182//2182 2188//2188
f 2188//2188 2190//2190 2183//2183
f 2183//2183 2190//2190 2188//2188
f 2180//2180 2192//2192 2187//2187
f 2187//2187 2192//2192 2180//2180
f 2191//2191 2192//2192 2180//2180
f 2180//2180 2192//2192 2191//2191
f 2184//2184 2193//2193 2185//2185
f 2185//2185 2193//2193 2184//2184
f 2194//2194 2185//2185 2186//2186
f 2186//2186 2185//2185 2194//2194
f 2187//2187 2194//2194 2186//2186
f 2186//2186 2194//2194 2187//2187
f 2195//2195 2196//2196 2197//2197
f 2197//2197 2196//2196 2195//2195
f 2189//2189 2193//2193 2184//2184
f 2184//2184 2193//2193 2189//2189
f 2188//2188 2198//2198 2189//2189
f 2189//2189 2198//2198 2188//2188
f 2199//2199 2190//2190 2188//2188
f 2188//2188 2190//2190 2199//2199
f 2192//2192 2200//2200 2187//2187
f 2187//2187 2200//2200 2192//2192
f 2191//2191 2201//2201 2192//2192
f 2192//2192 2201//2201 2191//2191
f 2194//2194 2193//2193 2185//2185
f 2185//2185 2193//2193 2194//2194
f 2200//2200 2194//2194 2187//2187
f 2187//2187 2194//2194 2200//2200
f 2202//2202 2195//2195 2197//2197
f 2197//2197 2195//2195 2202//2202
f 2195//2195 2203//2203 2196//2196
f 2196//2196 2203//2203 2195//2195
f 2197//2197 2196//2196 2204//2204
f 2204//2204 2196//2196 2197//2197
f 2189//2189 2198//2198 2193//2193
f 2193//2193 2198//2198 2189//2189
f 2199//2199 2188//2188 2198//2198
f 2198//2198 2188//2188 2199//2199
f 2201//2201 2200//2200 2192//2192
f 2192//2192 2200//2200 2201//2201
f 2200//2200 2193//2193 2194//2194
f 2194//2194 2193//2193 2200//2200
f 2205//2205 2202//2202 2197//2197
f 2197//2197 2202//2202 2205//2205
f 2204//2204 2197//2197 2206//2206
f 2206//2206 2197//2197 2204//2204
f 2203//2203 2207//2207 2208//2208
f 2208//2208 2207//2207 2203//2203
f 2203//2203 2208//2208 2196//2196
f 2196//2196 2208//2208 2203//2203
f 2209//2209 2196//2196 2204//2204
f 2204//2204 2196//2196 2209//2209
f 2210//2210 2204//2204 2211//2211
f 2211//2211 2204//2204 2210//2210
f 2198//2198 2212//2212 2193//2193
f 2193//2193 2212//2212 2198//2198
f 2199//2199 2213//2213 2198//2198
f 2198//2198 2213//2213 2199//2199
f 2201//2201 2214//2214 2200//2200
f 2200//2200 2214//2214 2201//2201
f 2212//2212 2200//2200 2193//2193
f 2193//2193 2200//2200 2212//2212
f 2211//2211 2204//2204 2206//2206
f 2206//2206 2204//2204 2211//2211
f 2215//2215 2202//2202 2205//2205
f 2205//2205 2202//2202 2215//2215
f 2205//2205 2197//2197 2206//2206
f 2206//2206 2197//2197 2205//2205
f 2207//2207 2216//2216 2217//2217
f 2217//2217 2216//2216 2207//2207
f 2207//2207 2217//2217 2208//2208
f 2208//2208 2217//2217 2207//2207
f 2196//2196 2208//2208 2209//2209
f 2209//2209 2208//2208 2196//2196
f 2210//2210 2209//2209 2204//2204
f 2204//2204 2209//2209 2210//2210
f 2210//2210 2211//2211 2218//2218
f 2218//2218 2211//2211 2210//2210
f 2219//2219 2215//2215 2220//2220
f 2220//2220 2215//2215 2219//2219
f 2198//2198 2213//2213 2212//2212
f 2212//2212 2213//2213 2198//2198
f 2212//2212 2214//2214 2200//2200
f 2200//2200 2214//2214 2212//2212
f 2221//2221 2218//2218 2222//2222
f 2222//2222 2218//2218 2221//2221
f 2218//2218 2211//2211 2223//2223
f 2223//2223 2211//2211 2218//2218
f 2211//2211 2206//2206 2224//2224
f 2224//2224 2206//2206 2211//2211
f 2220//2220 2215//2215 2205//2205
f 2205//2205 2215//2215 2220//2220
f 2206//2206 2205//2205 2225//2225
f 2225//2225 2205//2205 2206//2206
f 2217//2217 2216//2216 2226//2226
f 2226//2226 2216//2216 2217//2217
f 2208//2208 2217//2217 2227//2227
f 2227//2227 2217//2217 2208//2208
f 2227//2227 2208//2208 2209//2209
f 2209//2209 2208//2208 2227//2227
f 2228//2228 2209//2209 2210//2210
f 2210//2210 2209//2209 2228//2228
f 2229//2229 2210//2210 2218//2218
f 2218//2218 2210//2210 2229//2229
f 2216//2216 2230//2230 2226//2226
f 2226//2226 2230//2230 2216//2216
f 2229//2229 2218//2218 2221//2221
f 2221//2221 2218//2218 2229//2229
f 2231//2231 2219//2219 2220//2220
f 2220//2220 2219//2219 2231//2231
f 2213//2213 2214//2214 2212//2212
f 2212//2212 2214//2214 2213//2213
f 2221//2221 2222//2222 2232//2232
f 2232//2232 2222//2222 2221//2221
f 2218//2218 2223//2223 2222//2222
f 2222//2222 2223//2223 2218//2218
f 2211//2211 2224//2224 2223//2223
f 2223//2223 2224//2224 2211//2211
f 2206//2206 2225//2225 2224//2224
f 2224//2224 2225//2225 2206//2206
f 2220//2220 2205//2205 2225//2225
f 2225//2225 2205//2205 2220//2220
f 2226//2226 2233//2233 2217//2217
f 2217//2217 2233//2233 2226//2226
f 2233//2233 2217//2217 2227//2227
f 2227//2227 2217//2217 2233//2233
f 2228//2228 2227//2227 2209//2209
f 2209//2209 2227//2227 2228//2228
f 2229//2229 2228//2228 2210//2210
f 2210//2210 2228//2228 2229//2229
f 2226//2226 2230//2230 2234//2234
f 2234//2234 2230//2230 2226//2226
f 2235//2235 2229//2229 2221//2221
f 2221//2221 2229//2229 2235//2235
f 2236//2236 2221//2221 2232//2232
f 2232//2232 2221//2221 2236//2236
f 2237//2237 2238//2238 2239//2239
f 2239//2239 2238//2238 2237//2237
f 2240//2240 2219//2219 2231//2231
f 2231//2231 2219//2219 2240//2240
f 2231//2231 2220//2220 2241//2241
f 2241//2241 2220//2220 2231//2231
f 2213//2213 2242//2242 2214//2214
f 2214//2214 2242//2242 2213//2213
f 2242//2242 2232//2232 2243//2243
f 2243//2243 2232//2232 2242//2242
f 2232//2232 2222//2222 2244//2244
f 2244//2244 2222//2222 2232//2232
f 2222//2222 2223//2223 2245//2245
f 2245//2245 2223//2223 2222//2222
f 2223//2223 2224//2224 2246//2246
f 2246//2246 2224//2224 2223//2223
f 2224//2224 2225//2225 2247//2247
f 2247//2247 2225//2225 2224//2224
f 2225//2225 2220//2220 2241//2241
f 2241//2241 2220//2220 2225//2225
f 2230//2230 2248//2248 2234//2234
f 2234//2234 2248//2248 2230//2230
f 2249//2249 2226//2226 2233//2233
f 2233//2233 2226//2226 2249//2249
f 2250//2250 2233//2233 2227//2227
f 2227//2227 2233//2233 2250//2250
f 2250//2250 2227//2227 2228//2228
f 2228//2228 2227//2227 2250//2250
f 2251//2251 2228//2228 2229//2229
f 2229//2229 2228//2228 2251//2251
f 2226//2226 2234//2234 2249//2249
f 2249//2249 2234//2234 2226//2226
f 2235//2235 2251//2251 2229//2229
f 2229//2229 2251//2251 2235//2235
f 2235//2235 2221//2221 2236//2236
f 2236//2236 2221//2221 2235//2235
f 2236//2236 2232//2232 2252//2252
f 2252//2252 2232//2232 2236//2236
f 2252//2252 2232//2232 2242//2242
f 2242//2242 2232//2232 2252//2252
f 2213//2213 2253//2253 2242//2242
f 2242//2242 2253//2253 2213//2213
f 2248//2248 2254//2254 2255//2255
f 2255//2255 2254//2254 2248//2248
f 2254//2254 2256//2256 2257//2257
f 2257//2257 2256//2256 2254//2254
f 2238//2238 2258//2258 2239//2239
f 2239//2239 2258//2258 2238//2238
f 2237//2237 2239//2239 2259//2259
f 2259//2259 2239//2239 2237//2237
f 2259//2259 2260//2260 2261//2261
f 2261//2261 2260//2260 2259//2259
f 2260//2260 2240//2240 2262//2262
f 2262//2262 2240//2240 2260//2260
f 2262//2262 2240//2240 2231//2231
f 2231//2231 2240//2240 2262//2262
f 2241//2241 2231//2231 2263//2263
f 2263//2263 2231//2231 2241//2241
f 2242//2242 2243//2243 2214//2214
f 2214//2214 2243//2243 2242//2242
f 2232//2232 2244//2244 2243//2243
f 2243//2243 2244//2244 2232//2232
f 2222//2222 2245//2245 2244//2244
f 2244//2244 2245//2245 2222//2222
f 2223//2223 2246//2246 2245//2245
f 2245//2245 2246//2246 2223//2223
f 2224//2224 2247//2247 2246//2246
f 2246//2246 2247//2247 2224//2224
f 2225//2225 2241//2241 2247//2247
f 2247//2247 2241//2241 2225//2225
f 2234//2234 2248//2248 2255//2255
f 2255//2255 2248//2248 2234//2234
f 2249//2249 2233//2233 2264//2264
f 2264//2264 2233//2233 2249//2249
f 2264//2264 2233//2233 2250//2250
f 2250//2250 2233//2233 2264//2264
f 2251//2251 2250//2250 2228//2228
f 2228//2228 2250//2250 2251//2251
f 2249//2249 2234//2234 2265//2265
f 2265//2265 2234//2234 2249//2249
f 2266//2266 2251//2251 2235//2235
f 2235//2235 2251//2251 2266//2266
f 2267//2267 2235//2235 2236//2236
f 2236//2236 2235//2235 2267//2267
f 2267//2267 2236//2236 2252//2252
f 2252//2252 2236//2236 2267//2267
f 2253//2253 2252//2252 2242//2242
f 2242//2242 2252//2252 2253//2253
f 2256//2256 2254//2254 2255//2255
f 2255//2255 2254//2254 2256//2256
f 2268//2268 2257//2257 2256//2256
f 2256//2256 2257//2257 2268//2268
f 2238//2238 2268//2268 2258//2258
f 2258//2258 2268//2268 2238//2238
f 2257//2257 2268//2268 2258//2258
f 2258//2258 2268//2268 2257//2257
f 2261//2261 2237//2237 2259//2259
f 2259//2259 2237//2237 2261//2261
f 2262//2262 2261//2261 2260//2260
f 2260//2260 2261//2261 2262//2262
f 2262//2262 2231//2231 2263//2263
f 2263//2263 2231//2231 2262//2262
f 2241//2241 2263//2263 2269//2269
f 2269//2269 2263//2263 2241//2241
f 2243//2243 2270//2270 2214//2214
f 2214//2214 2270//2270 2243//2243
f 2244//2244 2271//2271 2243//2243
f 2243//2243 2271//2271 2244//2244
f 2244//2244 2245//2245 2271//2271
f 2271//2271 2245//2245 2244//2244
f 2245//2245 2246//2246 2272//2272
f 2272//2272 2246//2246 2245//2245
f 2246//2246 2247//2247 2273//2273
f 2273//2273 2247//2247 2246//2246
f 2247//2247 2241//2241 2269//2269
f 2269//2269 2241//2241 2247//2247
f 2234//2234 2255//2255 2265//2265
f 2265//2265 2255//2255 2234//2234
f 2274//2274 2249//2249 2264//2264
f 2264//2264 2249//2249 2274//2274
f 2275//2275 2264//2264 2250//2250
f 2250//2250 2264//2264 2275//2275
f 2276//2276 2250//2250 2251//2251
f 2251//2251 2250//2250 2276//2276
f 2265//2265 2249//2249 2274//2274
f 2274//2274 2249//2249 2265//2265
f 2266//2266 2276//2276 2251//2251
f 2251//2251 2276//2276 2266//2266
f 2267//2267 2266//2266 2235//2235
f 2235//2235 2266//2266 2267//2267
f 2277//2277 2267//2267 2252//2252
f 2252//2252 2267//2267 2277//2277
f 2253//2253 2277//2277 2252//2252
f 2252//2252 2277//2277 2253//2253
f 2255//2255 2256//2256 2278//2278
f 2278//2278 2256//2256 2255//2255
f 2256//2256 2279//2279 2268//2268
f 2268//2268 2279//2279 2256//2256
f 2268//2268 2280//2280 2258//2258
f 2258//2258 2280//2280 2268//2268
f 2258//2258 2281//2281 2237//2237
f 2237//2237 2281//2281 2258//2258
f 2282//2282 2237//2237 2261//2261
f 2261//2261 2237//2237 2282//2282
f 2261//2261 2262//2262 2283//2283
f 2283//2283 2262//2262 2261//2261
f 2262//2262 2283//2283 2263//2263
f 2263//2263 2283//2283 2262//2262
f 2269//2269 2263//2263 2284//2284
f 2284//2284 2263//2263 2269//2269
f 2214//2214 2270//2270 2285//2285
f 2285//2285 2270//2270 2214//2214
f 2243//2243 2271//2271 2270//2270
f 2270//2270 2271//2271 2243//2243
f 2245//2245 2272//2272 2271//2271
f 2271//2271 2272//2272 2245//2245
f 2246//2246 2273//2273 2272//2272
f 2272//2272 2273//2273 2246//2246
f 2247//2247 2269//2269 2273//2273
f 2273//2273 2269//2269 2247//2247
f 2286//2286 2287//2287 2288//2288
f 2288//2288 2287//2287 2286//2286
f 2265//2265 2255//2255 2278//2278
f 2278//2278 2255//2255 2265//2265
f 2274//2274 2264//2264 2275//2275
f 2275//2275 2264//2264 2274//2274
f 2276//2276 2275//2275 2250//2250
f 2250//2250 2275//2275 2276//2276
f 2274//2274 2265//2265 2289//2289
f 2289//2289 2265//2265 2274//2274
f 2290//2290 2276//2276 2266//2266
f 2266//2266 2276//2276 2290//2290
f 2267//2267 2291//2291 2266//2266
f 2266//2266 2291//2291 2267//2267
f 2292//2292 2267//2267 2277//2277
f 2277//2277 2267//2267 2292//2292
f 2253//2253 2293//2293 2277//2277
f 2277//2277 2293//2293 2253//2253
f 2279//2279 2256//2256 2278//2278
f 2278//2278 2256//2256 2279//2279
f 2279//2279 2280//2280 2268//2268
f 2268//2268 2280//2280 2279//2279
f 2258//2258 2280//2280 2281//2281
f 2281//2281 2280//2280 2258//2258
f 2237//2237 2281//2281 2282//2282
f 2282//2282 2281//2281 2237//2237
f 2261//2261 2282//2282 2283//2283
f 2283//2283 2282//2282 2261//2261
f 2283//2283 2284//2284 2263//2263
f 2263//2263 2284//2284 2283//2283
f 2269//2269 2284//2284 2294//2294
f 2294//2294 2284//2284 2269//2269
f 2285//2285 2270//2270 2295//2295
f 2295//2295 2270//2270 2285//2285
f 2270//2270 2271//2271 2296//2296
f 2296//2296 2271//2271 2270//2270
f 2271//2271 2272//2272 2297//2297
f 2297//2297 2272//2272 2271//2271
f 2272//2272 2273//2273 2298//2298
f 2298//2298 2273//2273 2272//2272
f 2273//2273 2269//2269 2294//2294
f 2294//2294 2269//2269 2273//2273
f 2286//2286 2299//2299 2288//2288
f 2288//2288 2299//2299 2286//2286
f 2287//2287 2299//2299 2300//2300
f 2300//2300 2299//2299 2287//2287
f 2288//2288 2287//2287 2301//2301
f 2301//2301 2287//2287 2288//2288
f 2287//2287 2300//2300 2302//2302
f 2302//2302 2300//2300 2287//2287
f 2265//2265 2278//2278 2289//2289
f 2289//2289 2278//2278 2265//2265
f 2274//2274 2275//2275 2303//2303
f 2303//2303 2275//2275 2274//2274
f 2304//2304 2275//2275 2276//2276
f 2276//2276 2275//2275 2304//2304
f 2289//2289 2274//2274 2303//2303
f 2303//2303 2274//2274 2289//2289
f 2290//2290 2304//2304 2276//2276
f 2276//2276 2304//2304 2290//2290
f 2266//2266 2291//2291 2290//2290
f 2290//2290 2291//2291 2266//2266
f 2292//2292 2291//2291 2267//2267
f 2267//2267 2291//2291 2292//2292
f 2293//2293 2292//2292 2277//2277
f 2277//2277 2292//2292 2293//2293
f 2278//2278 2279//2279 2305//2305
f 2305//2305 2279//2279 2278//2278
f 2280//2280 2279//2279 2306//2306
f 2306//2306 2279//2279 2280//2280
f 2280//2280 2307//2307 2281//2281
f 2281//2281 2307//2307 2280//2280
f 2281//2281 2308//2308 2282//2282
f 2282//2282 2308//2308 2281//2281
f 2282//2282 2309//2309 2283//2283
f 2283//2283 2309//2309 2282//2282
f 2309//2309 2284//2284 2283//2283
f 2283//2283 2284//2284 2309//2309
f 2310//2310 2294//2294 2284//2284
f 2284//2284 2294//2294 2310//2310
f 2270//2270 2296//2296 2295//2295
f 2295//2295 2296//2296 2270//2270
f 2271//2271 2297//2297 2296//2296
f 2296//2296 2297//2297 2271//2271
f 2272//2272 2298//2298 2297//2297
f 2297//2297 2298//2298 2272//2272
f 2273//2273 2294//2294 2298//2298
f 2298//2298 2294//2294 2273//2273
f 2286//2286 2311//2311 2299//2299
f 2299//2299 2311//2311 2286//2286
f 2299//2299 2312//2312 2300//2300
f 2300//2300 2312//2312 2299//2299
f 2300//2300 2313//2313 2314//2314
f 2314//2314 2313//2313 2300//2300
f 2301//2301 2287//2287 2315//2315
f 2315//2315 2287//2287 2301//2301
f 2315//2315 2287//2287 2302//2302
f 2302//2302 2287//2287 2315//2315
f 2302//2302 2300//2300 2314//2314
f 2314//2314 2300//2300 2302//2302
f 2289//2289 2278//2278 2305//2305
f 2305//2305 2278//2278 2289//2289
f 2303//2303 2275//2275 2304//2304
f 2304//2304 2275//2275 2303//2303
f 2303//2303 2289//2289 2316//2316
f 2316//2316 2289//2289 2303//2303
f 2290//2290 2317//2317 2304//2304
f 2304//2304 2317//2317 2290//2290
f 2291//2291 2317//2317 2290//2290
f 2290//2290 2317//2317 2291//2291
f 2292//2292 2318//2318 2291//2291
f 2291//2291 2318//2318 2292//2292
f 2293//2293 2319//2319 2292//2292
f 2292//2292 2319//2319 2293//2293
f 2306//2306 2279//2279 2305//2305
f 2305//2305 2279//2279 2306//2306
f 2307//2307 2280//2280 2306//2306
f 2306//2306 2280//2280 2307//2307
f 2281//2281 2307//2307 2308//2308
f 2308//2308 2307//2307 2281//2281
f 2282//2282 2308//2308 2309//2309
f 2309//2309 2308//2308 2282//2282
f 2309//2309 2310//2310 2284//2284
f 2284//2284 2310//2310 2309//2309
f 2320//2320 2294//2294 2310//2310
f 2310//2310 2294//2294 2320//2320
f 2296//2296 2321//2321 2295//2295
f 2295//2295 2321//2321 2296//2296
f 2322//2322 2296//2296 2297//2297
f 2297//2297 2296//2296 2322//2322
f 2322//2322 2297//2297 2298//2298
f 2298//2298 2297//2297 2322//2322
f 2320//2320 2298//2298 2294//2294
f 2294//2294 2298//2298 2320//2320
f 2311//2311 2323//2323 2299//2299
f 2299//2299 2323//2323 2311//2311
f 2299//2299 2311//2311 2312//2312
f 2312//2312 2311//2311 2299//2299
f 2300//2300 2312//2312 2313//2313
f 2313//2313 2312//2312 2300//2300
f 2314//2314 2313//2313 2324//2324
f 2324//2324 2313//2313 2314//2314
f 2301//2301 2315//2315 2325//2325
f 2325//2325 2315//2315 2301//2301
f 2315//2315 2302//2302 2326//2326
f 2326//2326 2302//2302 2315//2315
f 2327//2327 2302//2302 2314//2314
f 2314//2314 2302//2302 2327//2327
f 2327//2327 2314//2314 2324//2324
f 2324//2324 2314//2314 2327//2327
f 2289//2289 2305//2305 2316//2316
f 2316//2316 2305//2305 2289//2289
f 2303//2303 2304//2304 2328//2328
f 2328//2328 2304//2304 2303//2303
f 2316//2316 2303//2303 2328//2328
f 2328//2328 2303//2303 2316//2316
f 2304//2304 2317//2317 2329//2329
f 2329//2329 2317//2317 2304//2304
f 2291//2291 2318//2318 2317//2317
f 2317//2317 2318//2318 2291//2291
f 2292//2292 2319//2319 2318//2318
f 2318//2318 2319//2319 2292//2292
f 2305//2305 2306//2306 2330//2330
f 2330//2330 2306//2306 2305//2305
f 2307//2307 2306//2306 2331//2331
f 2331//2331 2306//2306 2307//2307
f 2307//2307 2332//2332 2308//2308
f 2308//2308 2332//2332 2307//2307
f 2308//2308 2333//2333 2309//2309
f 2309//2309 2333//2333 2308//2308
f 2309//2309 2333//2333 2310//2310
f 2310//2310 2333//2333 2309//2309
f 2295//2295 2321//2321 2334//2334
f 2334//2334 2321//2321 2295//2295
f 2335//2335 2320//2320 2310//2310
f 2310//2310 2320//2320 2335//2335
f 2296//2296 2322//2322 2321//2321
f 2321//2321 2322//2322 2296//2296
f 2322//2322 2298//2298 2320//2320
f 2320//2320 2298//2298 2322//2322
f 2311//2311 2336//2336 2323//2323
f 2323//2323 2336//2336 2311//2311
f 2311//2311 2337//2337 2312//2312
f 2312//2312 2337//2337 2311//2311
f 2312//2312 2338//2338 2313//2313
f 2313//2313 2338//2338 2312//2312
f 2313//2313 2339//2339 2324//2324
f 2324//2324 2339//2339 2313//2313
f 2340//2340 2324//2324 2341//2341
f 2341//2341 2324//2324 2340//2340
f 2342//2342 2315//2315 2325//2325
f 2325//2325 2315//2315 2342//2342
f 2325//2325 2315//2315 2326//2326
f 2326//2326 2315//2315 2325//2325
f 2326//2326 2302//2302 2327//2327
f 2327//2327 2302//2302 2326//2326
f 2340//2340 2327//2327 2324//2324
f 2324//2324 2327//2327 2340//2340
f 2340//2340 2341//2341 2343//2343
f 2343//2343 2341//2341 2340//2340
f 2316//2316 2305//2305 2330//2330
f 2330//2330 2305//2305 2316//2316
f 2304//2304 2329//2329 2328//2328
f 2328//2328 2329//2329 2304//2304
f 2328//2328 2316//2316 2344//2344
f 2344//2344 2316//2316 2328//2328
f 2317//2317 2318//2318 2329//2329
f 2329//2329 2318//2318 2317//2317
f 2319//2319 2345//2345 2318//2318
f 2318//2318 2345//2345 2319//2319
f 2306//2306 2330//2330 2331//2331
f 2331//2331 2330//2330 2306//2306
f 2307//2307 2331//2331 2332//2332
f 2332//2332 2331//2331 2307//2307
f 2308//2308 2332//2332 2333//2333
f 2333//2333 2332//2332 2308//2308
f 2333//2333 2335//2335 2310//2310
f 2310//2310 2335//2335 2333//2333
f 2321//2321 2346//2346 2334//2334
f 2334//2334 2346//2346 2321//2321
f 2335//2335 2347//2347 2320//2320
f 2320//2320 2347//2347 2335//2335
f 2348//2348 2321//2321 2322//2322
f 2322//2322 2321//2321 2348//2348
f 2347//2347 2322//2322 2320//2320
f 2320//2320 2322//2322 2347//2347
f 2336//2336 2349//2349 2323//2323
f 2323//2323 2349//2349 2336//2336
f 2349//2349 2337//2337 2311//2311
f 2311//2311 2337//2337 2349//2349
f 2312//2312 2337//2337 2338//2338
f 2338//2338 2337//2337 2312//2312
f 2313//2313 2338//2338 2339//2339
f 2339//2339 2338//2338 2313//2313
f 2324//2324 2339//2339 2341//2341
f 2341//2341 2339//2339 2324//2324
f 2341//2341 2350//2350 2343//2343
f 2343//2343 2350//2350 2341//2341
f 2351//2351 2342//2342 2352//2352
f 2352//2352 2342//2342 2351//2351
f 2352//2352 2342//2342 2325//2325
f 2325//2325 2342//2342 2352//2352
f 2353//2353 2325//2325 2326//2326
f 2326//2326 2325//2325 2353//2353
f 2354//2354 2326//2326 2327//2327
f 2327//2327 2326//2326 2354//2354
f 2355//2355 2327//2327 2340//2340
f 2340//2340 2327//2327 2355//2355
f 2356//2356 2340//2340 2343//2343
f 2343//2343 2340//2340 2356//2356
f 2343//2343 2350//2350 2357//2357
f 2357//2357 2350//2350 2343//2343
f 2316//2316 2330//2330 2344//2344
f 2344//2344 2330//2330 2316//2316
f 2328//2328 2329//2329 2358//2358
f 2358//2358 2329//2329 2328//2328
f 2328//2328 2358//2358 2344//2344
f 2344//2344 2358//2358 2328//2328
f 2329//2329 2318//2318 2359//2359
f 2359//2359 2318//2318 2329//2329
f 2318//2318 2345//2345 2359//2359
f 2359//2359 2345//2345 2318//2318
f 2330//2330 2331//2331 2360//2360
f 2360//2360 2331//2331 2330//2330
f 2332//2332 2331//2331 2361//2361
f 2361//2361 2331//2331 2332//2332
f 2332//2332 2362//2362 2333//2333
f 2333//2333 2362//2362 2332//2332
f 2362//2362 2335//2335 2333//2333
f 2333//2333 2335//2335 2362//2362
f 2348//2348 2346//2346 2321//2321
f 2321//2321 2346//2346 2348//2348
f 2363//2363 2347//2347 2335//2335
f 2335//2335 2347//2347 2363//2363
f 2347//2347 2348//2348 2322//2322
f 2322//2322 2348//2348 2347//2347
f 2350//2350 2364//2364 2357//2357
f 2357//2357 2364//2364 2350//2350
f 2365//2365 2366//2366 2364//2364
f 2364//2364 2366//2366 2365//2365
f 2367//2367 2364//2364 2350//2350
f 2350//2350 2364//2364 2367//2367
f 2365//2365 2364//2364 2368//2368
f 2368//2368 2364//2364 2365//2365
f 2336//2336 2369//2369 2349//2349
f 2349//2349 2369//2369 2336//2336
f 2349//2349 2370//2370 2337//2337
f 2337//2337 2370//2370 2349//2349
f 2337//2337 2371//2371 2338//2338
f 2338//2338 2371//2371 2337//2337
f 2338//2338 2372//2372 2339//2339
f 2339//2339 2372//2372 2338//2338
f 2339//2339 2373//2373 2341//2341
f 2341//2341 2373//2373 2339//2339
f 2341//2341 2367//2367 2350//2350
f 2350//2350 2367//2367 2341//2341
f 2374//2374 2351//2351 2352//2352
f 2352//2352 2351//2351 2374//2374
f 2352//2352 2325//2325 2353//2353
f 2353//2353 2325//2325 2352//2352
f 2353//2353 2326//2326 2354//2354
f 2354//2354 2326//2326 2353//2353
f 2354//2354 2327//2327 2355//2355
f 2355//2355 2327//2327 2354//2354
f 2355//2355 2340//2340 2356//2356
f 2356//2356 2340//2340 2355//2355
f 2343//2343 2357//2357 2356//2356
f 2356//2356 2357//2357 2343//2343
f 2344//2344 2330//2330 2360//2360
f 2360//2360 2330//2330 2344//2344
f 2358//2358 2329//2329 2375//2375
f 2375//2375 2329//2329 2358//2358
f 2358//2358 2344//2344 2376//2376
f 2376//2376 2344//2344 2358//2358
f 2329//2329 2359//2359 2375//2375
f 2375//2375 2359//2359 2329//2329
f 2345//2345 2377//2377 2359//2359
f 2359//2359 2377//2377 2345//2345
f 2331//2331 2360//2360 2361//2361
f 2361//2361 2360//2360 2331//2331
f 2332//2332 2361//2361 2362//2362
f 2362//2362 2361//2361 2332//2332
f 2362//2362 2363//2363 2335//2335
f 2335//2335 2363//2363 2362//2362
f 2348//2348 2378//2378 2346//2346
f 2346//2346 2378//2378 2348//2348
f 2363//2363 2348//2348 2347//2347
f 2347//2347 2348//2348 2363//2363
f 2364//2364 2379//2379 2357//2357
f 2357//2357 2379//2379 2364//2364
f 2364//2364 2366//2366 2379//2379
f 2379//2379 2366//2366 2364//2364
f 2380//2380 2381//2381 2382//2382
f 2382//2382 2381//2381 2380//2380
f 2367//2367 2368//2368 2364//2364
f 2364//2364 2368//2368 2367//2367
f 2365//2365 2368//2368 2383//2383
f 2383//2383 2368//2368 2365//2365
f 2349//2349 2369//2369 2384//2384
f 2384//2384 2369//2369 2349//2349
f 2349//2349 2384//2384 2370//2370
f 2370//2370 2384//2384 2349//2349
f 2337//2337 2370//2370 2371//2371
f 2371//2371 2370//2370 2337//2337
f 2338//2338 2371//2371 2372//2372
f 2372//2372 2371//2371 2338//2338
f 2339//2339 2372//2372 2373//2373
f 2373//2373 2372//2372 2339//2339
f 2341//2341 2373//2373 2367//2367
f 2367//2367 2373//2373 2341//2341
f 2385//2385 2351//2351 2374//2374
f 2374//2374 2351//2351 2385//2385
f 2386//2386 2387//2387 2388//2388
f 2388//2388 2387//2387 2386//2386
f 2389//2389 2352//2352 2353//2353
f 2353//2353 2352//2352 2389//2389
f 2390//2390 2353//2353 2354//2354
f 2354//2354 2353//2353 2390//2390
f 2354//2354 2355//2355 2391//2391
f 2391//2391 2355//2355 2354//2354
f 2355//2355 2356//2356 2392//2392
f 2392//2392 2356//2356 2355//2355
f 2393//2393 2356//2356 2357//2357
f 2357//2357 2356//2356 2393//2393
f 2376//2376 2344//2344 2360//2360
f 2360//2360 2344//2344 2376//2376
f 2376//2376 2358//2358 2375//2375
f 2375//2375 2358//2358 2376//2376
f 2359//2359 2377//2377 2375//2375
f 2375//2375 2377//2377 2359//2359
f 2394//2394 2360//2360 2361//2361
f 2361//2361 2360//2360 2394//2394
f 2361//2361 2395//2395 2362//2362
f 2362//2362 2395//2395 2361//2361
f 2362//2362 2395//2395 2363//2363
f 2363//2363 2395//2395 2362//2362
f 2348//2348 2396//2396 2378//2378
f 2378//2378 2396//2396 2348//2348
f 2363//2363 2396//2396 2348//2348
f 2348//2348 2396//2396 2363//2363
f 2393//2393 2357//2357 2379//2379
f 2379//2379 2357//2357 2393//2393
f 2379//2379 2366//2366 2397//2397
f 2397//2397 2366//2366 2379//2379
f 2398//2398 2380//2380 2382//2382
f 2382//2382 2380//2380 2398//2398
f 2399//2399 2400//2400 2401//2401
f 2401//2401 2400//2400 2399//2399
f 2382//2382 2381//2381 2402//2402
f 2402//2402 2381//2381 2382//2382
f 2403//2403 2387//2387 2386//2386
f 2386//2386 2387//2387 2403//2403
f 2401//2401 2400//2400 2404//2404
f 2404//2404 2400//2400 2401//2401
f 2367//2367 2405//2405 2368//2368
f 2368//2368 2405//2405 2367//2367
f 2383//2383 2368//2368 2405//2405
f 2405//2405 2368//2368 2383//2383
f 2384//2384 2406//2406 2398//2398
f 2398//2398 2406//2406 2384//2384
f 2369//2369 2406//2406 2384//2384
f 2384//2384 2406//2406 2369//2369
f 2370//2370 2384//2384 2407//2407
f 2407//2407 2384//2384 2370//2370
f 2370//2370 2408//2408 2371//2371
f 2371//2371 2408//2408 2370//2370
f 2371//2371 2409//2409 2372//2372
f 2372//2372 2409//2409 2371//2371
f 2372//2372 2410//2410 2373//2373
f 2373//2373 2410//2410 2372//2372
f 2373//2373 2411//2411 2367//2367
f 2367//2367 2411//2411 2373//2373
f 2388//2388 2385//2385 2374//2374
f 2374//2374 2385//2385 2388//2388
f 2385//2385 2386//2386 2388//2388
f 2388//2388 2386//2386 2385//2385
f 2385//2385 2352//2352 2389//2389
f 2389//2389 2352//2352 2385//2385
f 2389//2389 2353//2353 2390//2390
f 2390//2390 2353//2353 2389//2389
f 2390//2390 2354//2354 2391//2391
f 2391//2391 2354//2354 2390//2390
f 2391//2391 2355//2355 2392//2392
f 2392//2392 2355//2355 2391//2391
f 2392//2392 2356//2356 2393//2393
f 2393//2393 2356//2356 2392//2392
f 2376//2376 2360//2360 2394//2394
f 2394//2394 2360//2360 2376//2376
f 2375//2375 2376//2376 2412//2412
f 2412//2412 2376//2376 2375//2375
f 2377//2377 2413//2413 2375//2375
f 2375//2375 2413//2413 2377//2377
f 2361//2361 2394//2394 2395//2395
f 2395//2395 2394//2394 2361//2361
f 2363//2363 2395//2395 2414//2414
f 2414//2414 2395//2395 2363//2363
f 2396//2396 2415//2415 2378//2378
f 2378//2378 2415//2415 2396//2396
f 2363//2363 2414//2414 2396//2396
f 2396//2396 2414//2414 2363//2363
f 2416//2416 2393//2393 2379//2379
f 2379//2379 2393//2393 2416//2416
f 2416//2416 2379//2379 2397//2397
f 2397//2397 2379//2379 2416//2416
f 2406//2406 2380//2380 2398//2398
f 2398//2398 2380//2380 2406//2406
f 2399//2399 2402//2402 2400//2400
f 2400//2400 2402//2402 2399//2399
f 2402//2402 2381//2381 2399//2399
f 2399//2399 2381//2381 2402//2402
f 2403//2403 2404//2404 2387//2387
f 2387//2387 2404//2404 2403//2403
f 2401//2401 2404//2404 2403//2403
f 2403//2403 2404//2404 2401//2401
f 2367//2367 2411//2411 2405//2405
f 2405//2405 2411//2411 2367//2367
f 2383//2383 2405//2405 2417//2417
f 2417//2417 2405//2405 2383//2383
f 2384//2384 2406//2406 2407//2407
f 2407//2407 2406//2406 2384//2384
f 2370//2370 2407//2407 2408//2408
f 2408//2408 2407//2407 2370//2370
f 2371//2371 2408//2408 2409//2409
f 2409//2409 2408//2408 2371//2371
f 2372//2372 2409//2409 2410//2410
f 2410//2410 2409//2409 2372//2372
f 2373//2373 2410//2410 2411//2411
f 2411//2411 2410//2410 2373//2373
f 2388//2388 2385//2385 2418//2418
f 2418//2418 2385//2385 2388//2388
f 2418//2418 2385//2385 2389//2389
f 2389//2389 2385//2385 2418//2418
f 2419//2419 2389//2389 2390//2390
f 2390//2390 2389//2389 2419//2419
f 2390//2390 2391//2391 2420//2420
f 2420//2420 2391//2391 2390//2390
f 2421//2421 2391//2391 2392//2392
f 2392//2392 2391//2391 2421//2421
f 2392//2392 2393//2393 2422//2422
f 2422//2422 2393//2393 2392//2392
f 2376//2376 2394//2394 2412//2412
f 2412//2412 2394//2394 2376//2376
f 2375//2375 2413//2413 2412//2412
f 2412//2412 2413//2413 2375//2375
f 2395//2395 2394//2394 2414//2414
f 2414//2414 2394//2394 2395//2395
f 2396//2396 2414//2414 2415//2415
f 2415//2415 2414//2414 2396//2396
f 2423//2423 2393//2393 2416//2416
f 2416//2416 2393//2393 2423//2423
f 2416//2416 2397//2397 2424//2424
f 2424//2424 2397//2397 2416//2416
f 2380//2380 2406//2406 2425//2425
f 2425//2425 2406//2406 2380//2380
f 2402//2402 2380//2380 2426//2426
f 2426//2426 2380//2380 2402//2402
f 2427//2427 2402//2402 2399//2399
f 2399//2399 2402//2402 2427//2427
f 2428//2428 2399//2399 2404//2404
f 2404//2404 2399//2399 2428//2428
f 2429//2429 2404//2404 2403//2403
f 2403//2403 2404//2404 2429//2429
f 2430//2430 2403//2403 2388//2388
f 2388//2388 2403//2403 2430//2430
f 2411//2411 2431//2431 2405//2405
f 2405//2405 2431//2431 2411//2411
f 2405//2405 2432//2432 2417//2417
f 2417//2417 2432//2432 2405//2405
f 2425//2425 2406//2406 2407//2407
f 2407//2407 2406//2406 2425//2425
f 2408//2408 2407//2407 2433//2433
f 2433//2433 2407//2407 2408//2408
f 2408//2408 2434//2434 2409//2409
f 2409//2409 2434//2434 2408//2408
f 2409//2409 2435//2435 2410//2410
f 2410//2410 2435//2435 2409//2409
f 2410//2410 2431//2431 2411//2411
f 2411//2411 2431//2431 2410//2410
f 2430//2430 2388//2388 2418//2418
f 2418//2418 2388//2388 2430//2430
f 2418//2418 2389//2389 2419//2419
f 2419//2419 2389//2389 2418//2418
f 2419//2419 2390//2390 2420//2420
f 2420//2420 2390//2390 2419//2419
f 2420//2420 2391//2391 2421//2421
f 2421//2421 2391//2391 2420//2420
f 2421//2421 2392//2392 2422//2422
f 2422//2422 2392//2392 2421//2421
f 2422//2422 2393//2393 2423//2423
f 2423//2423 2393//2393 2422//2422
f 2412//2412 2394//2394 2436//2436
f 2436//2436 2394//2394 2412//2412
f 2437//2437 2413//2413 2412//2412
f 2412//2412 2413//2413 2437//2437
f 2436//2436 2394//2394 2414//2414
f 2414//2414 2394//2394 2436//2436
f 2414//2414 2438//2438 2415//2415
f 2415//2415 2438//2438 2414//2414
f 2423//2423 2416//2416 2424//2424
f 2424//2424 2416//2416 2423//2423
f 2426//2426 2380//2380 2425//2425
f 2425//2425 2380//2380 2426//2426
f 2426//2426 2402//2402 2427//2427
f 2427//2427 2402//2402 2426//2426
f 2428//2428 2427//2427 2399//2399
f 2399//2399 2427//2427 2428//2428
f 2428//2428 2404//2404 2429//2429
f 2429//2429 2404//2404 2428//2428
f 2429//2429 2403//2403 2430//2430
f 2430//2430 2403//2403 2429//2429
f 2417//2417 2432//2432 2439//2439
f 2439//2439 2432//2432 2417//2417
f 2431//2431 2432//2432 2405//2405
f 2405//2405 2432//2432 2431//2431
f 2407//2407 2425//2425 2433//2433
f 2433//2433 2425//2425 2407//2407
f 2408//2408 2433//2433 2434//2434
f 2434//2434 2433//2433 2408//2408
f 2409//2409 2434//2434 2435//2435
f 2435//2435 2434//2434 2409//2409
f 2410//2410 2435//2435 2431//2431
f 2431//2431 2435//2435 2410//2410
f 2440//2440 2430//2430 2418//2418
f 2418//2418 2430//2430 2440//2440
f 2419//2419 2440//2440 2418//2418
f 2418//2418 2440//2440 2419//2419
f 2441//2441 2419//2419 2420//2420
f 2420//2420 2419//2419 2441//2441
f 2442//2442 2420//2420 2421//2421
f 2421//2421 2420//2420 2442//2442
f 2443//2443 2421//2421 2422//2422
f 2422//2422 2421//2421 2443//2443
f 2443//2443 2422//2422 2423//2423
f 2423//2423 2422//2422 2443//2443
f 2437//2437 2412//2412 2436//2436
f 2436//2436 2412//2412 2437//2437
f 2436//2436 2414//2414 2438//2438
f 2438//2438 2414//2414 2436//2436
f 2444//2444 2423//2423 2424//2424
f 2424//2424 2423//2423 2444//2444
f 2426//2426 2425//2425 2445//2445
f 2445//2445 2425//2425 2426//2426
f 2427//2427 2426//2426 2446//2446
f 2446//2446 2426//2426 2427//2427
f 2447//2447 2427//2427 2428//2428
f 2428//2428 2427//2427 2447//2447
f 2448//2448 2428//2428 2429//2429
f 2429//2429 2428//2428 2448//2448
f 2449//2449 2429//2429 2430//2430
f 2430//2430 2429//2429 2449//2449
f 2432//2432 2450//2450 2439//2439
f 2439//2439 2450//2450 2432//2432
f 2431//2431 2451//2451 2432//2432
f 2432//2432 2451//2451 2431//2431
f 2445//2445 2425//2425 2433//2433
f 2433//2433 2425//2425 2445//2445
f 2434//2434 2433//2433 2452//2452
f 2452//2452 2433//2433 2434//2434
f 2434//2434 2453//2453 2435//2435
f 2435//2435 2453//2453 2434//2434
f 2435//2435 2451//2451 2431//2431
f 2431//2431 2451//2451 2435//2435
f 2449//2449 2430//2430 2440//2440
f 2440//2440 2430//2430 2449//2449
f 2441//2441 2440//2440 2419//2419
f 2419//2419 2440//2440 2441//2441
f 2441//2441 2420//2420 2442//2442
f 2442//2442 2420//2420 2441//2441
f 2442//2442 2421//2421 2443//2443
f 2443//2443 2421//2421 2442//2442
f 2444//2444 2443//2443 2423//2423
f 2423//2423 2443//2443 2444//2444
f 2437//2437 2436//2436 2438//2438
f 2438//2438 2436//2436 2437//2437
f 2444//2444 2424//2424 2437//2437
f 2437//2437 2424//2424 2444//2444
f 2446//2446 2426//2426 2445//2445
f 2445//2445 2426//2426 2446//2446
f 2446//2446 2427//2427 2447//2447
f 2447//2447 2427//2427 2446//2446
f 2447//2447 2428//2428 2448//2448
f 2448//2448 2428//2428 2447//2447
f 2448//2448 2429//2429 2449//2449
f 2449//2449 2429//2429 2448//2448
f 2439//2439 2450//2450 2454//2454
f 2454//2454 2450//2450 2439//2439
f 2451//2451 2450//2450 2432//2432
f 2432//2432 2450//2450 2451//2451
f 2433//2433 2445//2445 2452//2452
f 2452//2452 2445//2445 2433//2433
f 2434//2434 2452//2452 2453//2453
f 2453//2453 2452//2452 2434//2434
f 2435//2435 2453//2453 2451//2451
f 2451//2451 2453//2453 2435//2435
f 2455//2455 2449//2449 2440//2440
f 2440//2440 2449//2449 2455//2455
f 2455//2455 2440//2440 2441//2441
f 2441//2441 2440//2440 2455//2455
f 2456//2456 2441//2441 2442//2442
f 2442//2442 2441//2441 2456//2456
f 2457//2457 2442//2442 2443//2443
f 2443//2443 2442//2442 2457//2457
f 2458//2458 2443//2443 2444//2444
f 2444//2444 2443//2443 2458//2458
f 2438//2438 2444//2444 2437//2437
f 2437//2437 2444//2444 2438//2438
f 2446//2446 2445//2445 2459//2459
f 2459//2459 2445//2445 2446//2446
f 2447//2447 2446//2446 2460//2460
f 2460//2460 2446//2446 2447//2447
f 2447//2447 2448//2448 2461//2461
f 2461//2461 2448//2448 2447//2447
f 2462//2462 2448//2448 2449//2449
f 2449//2449 2448//2448 2462//2462
f 2450//2450 2463//2463 2454//2454
f 2454//2454 2463//2463 2450//2450
f 2451//2451 2463//2463 2450//2450
f 2450//2450 2463//2463 2451//2451
f 2445//2445 2452//2452 2459//2459
f 2459//2459 2452//2452 2445//2445
f 2452//2452 2464//2464 2453//2453
f 2453//2453 2464//2464 2452//2452
f 2453//2453 2465//2465 2451//2451
f 2451//2451 2465//2465 2453//2453
f 2462//2462 2449//2449 2455//2455
f 2455//2455 2449//2449 2462//2462
f 2455//2455 2441//2441 2456//2456
f 2456//2456 2441//2441 2455//2455
f 2456//2456 2442//2442 2457//2457
f 2457//2457 2442//2442 2456//2456
f 2457//2457 2443//2443 2458//2458
f 2458//2458 2443//2443 2457//2457
f 2458//2458 2444//2444 2438//2438
f 2438//2438 2444//2444 2458//2458
f 2460//2460 2446//2446 2459//2459
f 2459//2459 2446//2446 2460//2460
f 2460//2460 2447//2447 2461//2461
f 2461//2461 2447//2447 2460//2460
f 2461//2461 2448//2448 2462//2462
f 2462//2462 2448//2448 2461//2461
f 2454//2454 2463//2463 2466//2466
f 2466//2466 2463//2463 2454//2454
f 2451//2451 2465//2465 2463//2463
f 2463//2463 2465//2465 2451//2451
f 2452//2452 2459//2459 2464//2464
f 2464//2464 2459//2459 2452//2452
f 2453//2453 2464//2464 2465//2465
f 2465//2465 2464//2464 2453//2453
f 2462//2462 2455//2455 2467//2467
f 2467//2467 2455//2455 2462//2462
f 2467//2467 2455//2455 2456//2456
f 2456//2456 2455//2455 2467//2467
f 2468//2468 2456//2456 2457//2457
f 2457//2457 2456//2456 2468//2468
f 2468//2468 2457//2457 2458//2458
f 2458//2458 2457//2457 2468//2468
f 2469//2469 2458//2458 2438//2438
f 2438//2438 2458//2458 2469//2469
f 2459//2459 2470//2470 2460//2460
f 2460//2460 2470//2470 2459//2459
f 2460//2460 2471//2471 2461//2461
f 2461//2461 2471//2471 2460//2460
f 2461//2461 2462//2462 2472//2472
f 2472//2472 2462//2462 2461//2461
f 2463//2463 2473//2473 2466//2466
f 2466//2466 2473//2473 2463//2463
f 2465//2465 2474//2474 2463//2463
f 2463//2463 2474//2474 2465//2465
f 2459//2459 2464//2464 2470//2470
f 2470//2470 2464//2464 2459//2459
f 2465//2465 2464//2464 2474//2474
f 2474//2474 2464//2464 2465//2465
f 2472//2472 2462//2462 2467//2467
f 2467//2467 2462//2462 2472//2472
f 2467//2467 2456//2456 2468//2468
f 2468//2468 2456//2456 2467//2467
f 2469//2469 2468//2468 2458//2458
f 2458//2458 2468//2468 2469//2469
f 2475//2475 2469//2469 2438//2438
f 2438//2438 2469//2469 2475//2475
f 2466//2466 2473//2473 2476//2476
f 2476//2476 2473//2473 2466//2466
f 2470//2470 2471//2471 2460//2460
f 2460//2460 2471//2471 2470//2470
f 2472//2472 2471//2471 2461//2461
f 2461//2461 2471//2471 2472//2472
f 2474//2474 2473//2473 2463//2463
f 2463//2463 2473//2473 2474//2474
f 2474//2474 2464//2464 2470//2470
f 2470//2470 2464//2464 2474//2474
f 2472//2472 2467//2467 2477//2477
f 2477//2477 2467//2467 2472//2472
f 2477//2477 2467//2467 2468//2468
f 2468//2468 2467//2467 2477//2477
f 2478//2478 2468//2468 2469//2469
f 2469//2469 2468//2468 2478//2478
f 2479//2479 2469//2469 2475//2475
f 2475//2475 2469//2469 2479//2479
f 2473//2473 2480//2480 2476//2476
f 2476//2476 2480//2480 2473//2473
f 2470//2470 2481//2481 2471//2471
f 2471//2471 2481//2481 2470//2470
f 2471//2471 2482//2482 2472//2472
f 2472//2472 2482//2482 2471//2471
f 2480//2480 2473//2473 2474//2474
f 2474//2474 2473//2473 2480//2480
f 2474//2474 2481//2481 2470//2470
f 2470//2470 2481//2481 2474//2474
f 2477//2477 2482//2482 2472//2472
f 2472//2472 2482//2482 2477//2477
f 2477//2477 2468//2468 2478//2478
f 2478//2478 2468//2468 2477//2477
f 2483//2483 2484//2484 2479//2479
f 2479//2479 2484//2484 2483//2483
f 2478//2478 2469//2469 2479//2479
f 2479//2479 2469//2469 2478//2478
f 2485//2485 2484//2484 2483//2483
f 2483//2483 2484//2484 2485//2485
f 2476//2476 2480//2480 2485//2485
f 2485//2485 2480//2480 2476//2476
f 2481//2481 2482//2482 2471//2471
f 2471//2471 2482//2482 2481//2481
f 2480//2480 2474//2474 2481//2481
f 2481//2481 2474//2474 2480//2480
f 2478//2478 2482//2482 2477//2477
f 2477//2477 2482//2482 2478//2478
f 2484//2484 2478//2478 2479//2479
f 2479//2479 2478//2478 2484//2484
f 2485//2485 2480//2480 2484//2484
f 2484//2484 2480//2480 2485//2485
f 2481//2481 2480//2480 2482//2482
f 2482//2482 2480//2480 2481//2481
f 2478//2478 2484//2484 2482//2482
f 2482//2482 2484//2484 2478//2478
f 2484//2484 2480//2480 2482//2482
f 2482//2482 2480//2480 2484//2484
f 2486//2486 2487//2487 2488//2488
f 2488//2488 2487//2487 2486//2486
f 2488//2488 2487//2487 2489//2489
f 2489//2489 2487//2487 2488//2488
f 2489//2489 2487//2487 2490//2490
f 2490//2490 2487//2487 2489//2489
f 2491//2491 2492//2492 2493//2493
f 2493//2493 2492//2492 2491//2491
f 2487//2487 2494//2494 2490//2490
f 2490//2490 2494//2494 2487//2487
f 2491//2491 2493//2493 2495//2495
f 2495//2495 2493//2493 2491//2491
f 2496//2496 2490//2490 2494//2494
f 2494//2494 2490//2490 2496//2496
f 2497//2497 2491//2491 2495//2495
f 2495//2495 2491//2491 2497//2497
f 2497//2497 2496//2496 2494//2494
f 2494//2494 2496//2496 2497//2497
f 2497//2497 2495//2495 2496//2496
f 2496//2496 2495//2495 2497//2497
f 2498//2498 2499//2499 2500//2500
f 2500//2500 2499//2499 2498//2498
f 2501//2501 2498//2498 2500//2500
f 2500//2500 2498//2498 2501//2501
f 2501//2501 2500//2500 2502//2502
f 2502//2502 2500//2500 2501//2501
f 2502//2502 2500//2500 2503//2503
f 2503//2503 2500//2500 2502//2502
f 2504//2504 2502//2502 2503//2503
f 2503//2503 2502//2502 2504//2504
f 2504//2504 2503//2503 2505//2505
f 2505//2505 2503//2503 2504//2504
f 2505//2505 2506//2506 2504//2504
f 2504//2504 2506//2506 2505//2505
f 2507//2507 2506//2506 2505//2505
f 2505//2505 2506//2506 2507//2507
f 2508//2508 2506//2506 2507//2507
f 2507//2507 2506//2506 2508//2508
f 2509//2509 2508//2508 2507//2507
f 2507//2507 2508//2508 2509//2509
f 2510//2510 2508//2508 2509//2509
f 2509//2509 2508//2508 2510//2510
f 2511//2511 2512//2512 2513//2513
f 2513//2513 2512//2512 2511//2511
f 2512//2512 2514//2514 2513//2513
f 2513//2513 2514//2514 2512//2512
f 2513//2513 2514//2514 2515//2515
f 2515//2515 2514//2514 2513//2513
f 2515//2515 2514//2514 2516//2516
f 2516//2516 2514//2514 2515//2515
f 2515//2515 2516//2516 2517//2517
f 2517//2517 2516//2516 2515//2515
f 2516//2516 2518//2518 2517//2517
f 2517//2517 2518//2518 2516//2516
f 2518//2518 2519//2519 2517//2517
f 2517//2517 2519//2519 2518//2518
f 2520//2520 2519//2519 2518//2518
f 2518//2518 2519//2519 2520//2520
f 2520//2520 2521//2521 2519//2519
f 2519//2519 2521//2521 2520//2520
f 2522//2522 2521//2521 2520//2520
f 2520//2520 2521//2521 2522//2522
f 2522//2522 2523//2523 2521//2521
f 2521//2521 2523//2523 2522//2522
f 2524//2524 2525//2525 2526//2526
f 2526//2526 2525//2525 2524//2524
f 2524//2524 2526//2526 2527//2527
f 2527//2527 2526//2526 2524//2524
f 2528//2528 2524//2524 2527//2527
f 2527//2527 2524//2524 2528//2528
f 2529//2529 2530//2530 2531//2531
f 2531//2531 2530//2530 2529//2529
f 2528//2528 2527//2527 2532//2532
f 2532//2532 2527//2527 2528//2528
f 2530//2530 2533//2533 2531//2531
f 2531//2531 2533//2533 2530//2530
f 2528//2528 2532//2532 2534//2534
f 2534//2534 2532//2532 2528//2528
f 2531//2531 2533//2533 2535//2535
f 2535//2535 2533//2533 2531//2531
f 2534//2534 2532//2532 2535//2535
f 2535//2535 2532//2532 2534//2534
f 2533//2533 2534//2534 2535//2535
f 2535//2535 2534//2534 2533//2533
f 2536//2536 2537//2537 2538//2538
f 2538//2538 2537//2537 2536//2536
f 2537//2537 2539//2539 2538//2538
f 2538//2538 2539//2539 2537//2537
f 2538//2538 2539//2539 2540//2540
f 2540//2540 2539//2539 2538//2538
f 2541//2541 2542//2542 2543//2543
f 2543//2543 2542//2542 2541//2541
f 2540//2540 2539//2539 2544//2544
f 2544//2544 2539//2539 2540//2540
f 2545//2545 2541//2541 2543//2543
f 2543//2543 2541//2541 2545//2545
f 2546//2546 2540//2540 2544//2544
f 2544//2544 2540//2540 2546//2546
f 2545//2545 2543//2543 2547//2547
f 2547//2547 2543//2543 2545//2545
f 2547//2547 2546//2546 2544//2544
f 2544//2544 2546//2546 2547//2547
f 2547//2547 2543//2543 2546//2546
f 2546//2546 2543//2543 2547//2547
f 2548//2548 2549//2549 2550//2550
f 2550//2550 2549//2549 2548//2548
f 2549//2549 2551//2551 2552//2552
f 2552//2552 2551//2551 2549//2549
f 2551//2551 2553//2553 2554//2554
f 2554//2554 2553//2553 2551//2551
f 2553//2553 2548//2548 2554//2554
f 2554//2554 2548//2548 2553//2553
f 2555//2555 2548//2548 2550//2550
f 2550//2550 2548//2548 2555//2555
f 2550//2550 2549//2549 2552//2552
f 2552//2552 2549//2549 2550//2550
f 2551//2551 2554//2554 2552//2552
f 2552//2552 2554//2554 2551//2551
f 2548//2548 2555//2555 2554//2554
f 2554//2554 2555//2555 2548//2548
f 2555//2555 2550//2550 2556//2556
f 2556//2556 2550//2550 2555//2555
f 2550//2550 2552//2552 2557//2557
f 2557//2557 2552//2552 2550//2550
f 2554//2554 2558//2558 2552//2552
f 2552//2552 2558//2558 2554//2554
f 2554//2554 2555//2555 2559//2559
f 2559//2559 2555//2555 2554//2554
f 2559//2559 2555//2555 2556//2556
f 2556//2556 2555//2555 2559//2559
f 2550//2550 2557//2557 2556//2556
f 2556//2556 2557//2557 2550//2550
f 2552//2552 2558//2558 2557//2557
f 2557//2557 2558//2558 2552//2552
f 2558//2558 2554//2554 2559//2559
f 2559//2559 2554//2554 2558//2558
f 2556//2556 2560//2560 2559//2559
f 2559//2559 2560//2560 2556//2556
f 2556//2556 2557//2557 2561//2561
f 2561//2561 2557//2557 2556//2556
f 2558//2558 2562//2562 2557//2557
f 2557//2557 2562//2562 2558//2558
f 2558//2558 2559//2559 2563//2563
f 2563//2563 2559//2559 2558//2558
f 2560//2560 2563//2563 2559//2559
f 2559//2559 2563//2563 2560//2560
f 2556//2556 2561//2561 2560//2560
f 2560//2560 2561//2561 2556//2556
f 2557//2557 2562//2562 2561//2561
f 2561//2561 2562//2562 2557//2557
f 2562//2562 2558//2558 2563//2563
f 2563//2563 2558//2558 2562//2562
f 2560//2560 2564//2564 2563//2563
f 2563//2563 2564//2564 2560//2560
f 2561//2561 2565//2565 2560//2560
f 2560//2560 2565//2565 2561//2561
f 2562//2562 2566//2566 2561//2561
f 2561//2561 2566//2566 2562//2562
f 2567//2567 2562//2562 2563//2563
f 2563//2563 2562//2562 2567//2567
f 2564//2564 2567//2567 2563//2563
f 2563//2563 2567//2567 2564//2564
f 2565//2565 2564//2564 2560//2560
f 2560//2560 2564//2564 2565//2565
f 2566//2566 2565//2565 2561//2561
f 2561//2561 2565//2565 2566//2566
f 2568//2568 2569//2569 2567//2567
f 2567//2567 2569//2569 2568//2568
f 2566//2566 2562//2562 2567//2567
f 2567//2567 2562//2562 2566//2566
f 2564//2564 2568//2568 2567//2567
f 2567//2567 2568//2568 2564//2564
f 2565//2565 2570//2570 2564//2564
f 2564//2564 2570//2570 2565//2565
f 2571//2571 2569//2569 2568//2568
f 2568//2568 2569//2569 2571//2571
f 2566//2566 2572//2572 2565//2565
f 2565//2565 2572//2572 2566//2566
f 2569//2569 2566//2566 2567//2567
f 2567//2567 2566//2566 2569//2569
f 2573//2573 2571//2571 2568//2568
f 2568//2568 2571//2571 2573//2573
f 2570//2570 2568//2568 2564//2564
f 2564//2564 2568//2568 2570//2570
f 2574//2574 2575//2575 2571//2571
f 2571//2571 2575//2575 2574//2574
f 2572//2572 2570//2570 2565//2565
f 2565//2565 2570//2570 2572//2572
f 2576//2576 2569//2569 2571//2571
f 2571//2571 2569//2569 2576//2576
f 2569//2569 2572//2572 2566//2566
f 2566//2566 2572//2572 2569//2569
f 2577//2577 2575//2575 2574//2574
f 2574//2574 2575//2575 2577//2577
f 2573//2573 2574//2574 2571//2571
f 2571//2571 2574//2574 2573//2573
f 2570//2570 2573//2573 2568//2568
f 2568//2568 2573//2573 2570//2570
f 2575//2575 2576//2576 2571//2571
f 2571//2571 2576//2576 2575//2575
f 2572//2572 2578//2578 2570//2570
f 2570//2570 2578//2578 2572//2572
f 2576//2576 2572//2572 2569//2569
f 2569//2569 2572//2572 2576//2576
f 2577//2577 2579//2579 2575//2575
f 2575//2575 2579//2579 2577//2577
f 2580//2580 2577//2577 2574//2574
f 2574//2574 2577//2577 2580//2580
f 2581//2581 2574//2574 2573//2573
f 2573//2573 2574//2574 2581//2581
f 2578//2578 2573//2573 2570//2570
f 2570//2570 2573//2573 2578//2578
f 2582//2582 2576//2576 2575//2575
f 2575//2575 2576//2576 2582//2582
f 2576//2576 2578//2578 2572//2572
f 2572//2572 2578//2578 2576//2576
f 2579//2579 2582//2582 2575//2575
f 2575//2575 2582//2582 2579//2579
f 2581//2581 2580//2580 2574//2574
f 2574//2574 2580//2580 2581//2581
f 2578//2578 2581//2581 2573//2573
f 2573//2573 2581//2581 2578//2578
f 2582//2582 2578//2578 2576//2576
f 2576//2576 2578//2578 2582//2582
f 2579//2579 2583//2583 2582//2582
f 2582//2582 2583//2583 2579//2579
f 2583//2583 2580//2580 2581//2581
f 2581//2581 2580//2580 2583//2583
f 2582//2582 2581//2581 2578//2578
f 2578//2578 2581//2581 2582//2582
f 2582//2582 2583//2583 2581//2581
f 2581//2581 2583//2583 2582//2582
f 2584//2584 2585//2585 2586//2586
f 2586//2586 2585//2585 2584//2584
f 2587//2587 2584//2584 2586//2586
f 2586//2586 2584//2584 2587//2587
f 2587//2587 2586//2586 2588//2588
f 2588//2588 2586//2586 2587//2587
f 2585//2585 2589//2589 2586//2586
f 2586//2586 2589//2589 2585//2585
f 2584//2584 2590//2590 2585//2585
f 2585//2585 2590//2590 2584//2584
f 2584//2584 2587//2587 2591//2591
f 2591//2591 2587//2587 2584//2584
f 2591//2591 2587//2587 2588//2588
f 2588//2588 2587//2587 2591//2591
f 2588//2588 2586//2586 2589//2589
f 2589//2589 2586//2586 2588//2588
f 2590//2590 2589//2589 2585//2585
f 2585//2585 2589//2589 2590//2590
f 2590//2590 2584//2584 2591//2591
f 2591//2591 2584//2584 2590//2590
f 2592//2592 2591//2591 2588//2588
f 2588//2588 2591//2591 2592//2592
f 2588//2588 2589//2589 2593//2593
f 2593//2593 2589//2589 2588//2588
f 2590//2590 2594//2594 2589//2589
f 2589//2589 2594//2594 2590//2590
f 2590//2590 2591//2591 2595//2595
f 2595//2595 2591//2591 2590//2590
f 2595//2595 2591//2591 2592//2592
f 2592//2592 2591//2591 2595//2595
f 2592//2592 2588//2588 2593//2593
f 2593//2593 2588//2588 2592//2592
f 2594//2594 2593//2593 2589//2589
f 2589//2589 2593//2593 2594//2594
f 2594//2594 2590//2590 2595//2595
f 2595//2595 2590//2590 2594//2594
f 2596//2596 2595//2595 2592//2592
f 2592//2592 2595//2595 2596//2596
f 2592//2592 2593//2593 2597//2597
f 2597//2597 2593//2593 2592//2592
f 2594//2594 2598//2598 2593//2593
f 2593//2593 2598//2598 2594//2594
f 2594//2594 2595//2595 2599//2599
f 2599//2599 2595//2595 2594//2594
f 2599//2599 2595//2595 2596//2596
f 2596//2596 2595//2595 2599//2599
f 2596//2596 2592//2592 2597//2597
f 2597//2597 2592//2592 2596//2596
f 2598//2598 2597//2597 2593//2593
f 2593//2593 2597//2597 2598//2598
f 2598//2598 2594//2594 2599//2599
f 2599//2599 2594//2594 2598//2598
f 2600//2600 2599//2599 2596//2596
f 2596//2596 2599//2599 2600//2600
f 2596//2596 2597//2597 2601//2601
f 2601//2601 2597//2597 2596//2596
f 2598//2598 2602//2602 2597//2597
f 2597//2597 2602//2602 2598//2598
f 2598//2598 2599//2599 2603//2603
f 2603//2603 2599//2599 2598//2598
f 2604//2604 2605//2605 2606//2606
f 2606//2606 2605//2605 2604//2604
f 2607//2607 2608//2608 2604//2604
f 2604//2604 2608//2608 2607//2607
f 2609//2609 2610//2610 2611//2611
f 2611//2611 2610//2610 2609//2609
f 2606//2606 2612//2612 2609//2609
f 2609//2609 2612//2612 2606//2606
f 2603//2603 2599//2599 2600//2600
f 2600//2600 2599//2599 2603//2603
f 2600//2600 2596//2596 2601//2601
f 2601//2601 2596//2596 2600//2600
f 2602//2602 2601//2601 2597//2597
f 2597//2597 2601//2601 2602//2602
f 2602//2602 2598//2598 2603//2603
f 2603//2603 2598//2598 2602//2602
f 2605//2605 2612//2612 2606//2606
f 2606//2606 2612//2612 2605//2605
f 2608//2608 2605//2605 2604//2604
f 2604//2604 2605//2605 2608//2608
f 2608//2608 2607//2607 2613//2613
f 2613//2613 2607//2607 2608//2608
f 2614//2614 2611//2611 2615//2615
f 2615//2615 2611//2611 2614//2614
f 2610//2610 2615//2615 2611//2611
f 2611//2611 2615//2615 2610//2610
f 2612//2612 2610//2610 2609//2609
f 2609//2609 2610//2610 2612//2612
f 2616//2616 2617//2617 2618//2618
f 2618//2618 2617//2617 2616//2616
f 2619//2619 2620//2620 2617//2617
f 2617//2617 2620//2620 2619//2619
f 2613//2613 2607//2607 2621//2621
f 2621//2621 2607//2607 2613//2613
f 2622//2622 2603//2603 2600//2600
f 2600//2600 2603//2603 2622//2622
f 2600//2600 2601//2601 2623//2623
f 2623//2623 2601//2601 2600//2600
f 2624//2624 2623//2623 2601//2601
f 2601//2601 2623//2623 2624//2624
f 2602//2602 2624//2624 2601//2601
f 2601//2601 2624//2624 2602//2602
f 2602//2602 2603//2603 2625//2625
f 2625//2625 2603//2603 2602//2602
f 2612//2612 2605//2605 2626//2626
f 2626//2626 2605//2605 2612//2612
f 2605//2605 2608//2608 2627//2627
f 2627//2627 2608//2608 2605//2605
f 2608//2608 2613//2613 2628//2628
f 2628//2628 2613//2613 2608//2608
f 2613//2613 2629//2629 2630//2630
f 2630//2630 2629//2629 2613//2613
f 2617//2617 2620//2620 2631//2631
f 2631//2631 2620//2620 2617//2617
f 2617//2617 2632//2632 2618//2618
f 2618//2618 2632//2632 2617//2617
f 2614//2614 2615//2615 2633//2633
f 2633//2633 2615//2615 2614//2614
f 2615//2615 2610//2610 2634//2634
f 2634//2634 2610//2610 2615//2615
f 2610//2610 2612//2612 2635//2635
f 2635//2635 2612//2612 2610//2610
f 2616//2616 2618//2618 2636//2636
f 2636//2636 2618//2618 2616//2616
f 2619//2619 2617//2617 2616//2616
f 2616//2616 2617//2617 2619//2619
f 2637//2637 2629//2629 2638//2638
f 2638//2638 2629//2629 2637//2637
f 2613//2613 2621//2621 2629//2629
f 2629//2629 2621//2621 2613//2613
f 2622//2622 2625//2625 2603//2603
f 2603//2603 2625//2625 2622//2622
f 2622//2622 2600//2600 2623//2623
f 2623//2623 2600//2600 2622//2622
f 2624//2624 2639//2639 2623//2623
f 2623//2623 2639//2639 2624//2624
f 2624//2624 2602//2602 2625//2625
f 2625//2625 2602//2602 2624//2624
f 2612//2612 2626//2626 2635//2635
f 2635//2635 2626//2626 2612//2612
f 2605//2605 2627//2627 2626//2626
f 2626//2626 2627//2627 2605//2605
f 2608//2608 2628//2628 2627//2627
f 2627//2627 2628//2628 2608//2608
f 2613//2613 2630//2630 2628//2628
f 2628//2628 2630//2630 2613//2613
f 2629//2629 2637//2637 2630//2630
f 2630//2630 2637//2637 2629//2629
f 2620//2620 2640//2640 2631//2631
f 2631//2631 2640//2640 2620//2620
f 2617//2617 2631//2631 2632//2632
f 2632//2632 2631//2631 2617//2617
f 2641//2641 2636//2636 2642//2642
f 2642//2642 2636//2636 2641//2641
f 2636//2636 2618//2618 2632//2632
f 2632//2632 2618//2618 2636//2636
f 2633//2633 2615//2615 2643//2643
f 2643//2643 2615//2615 2633//2633
f 2644//2644 2614//2614 2633//2633
f 2633//2633 2614//2614 2644//2644
f 2621//2621 2639//2639 2644//2644
f 2644//2644 2639//2639 2621//2621
f 2645//2645 2623//2623 2639//2639
f 2639//2639 2623//2623 2645//2645
f 2615//2615 2634//2634 2643//2643
f 2643//2643 2634//2634 2615//2615
f 2610//2610 2635//2635 2634//2634
f 2634//2634 2635//2635 2610//2610
f 2637//2637 2638//2638 2646//2646
f 2646//2646 2638//2638 2637//2637
f 2616//2616 2636//2636 2641//2641
f 2641//2641 2636//2636 2616//2616
f 2647//2647 2619//2619 2616//2616
f 2616//2616 2619//2619 2647//2647
f 2629//2629 2621//2621 2638//2638
f 2638//2638 2621//2621 2629//2629
f 2648//2648 2625//2625 2622//2622
f 2622//2622 2625//2625 2648//2648
f 2622//2622 2623//2623 2645//2645
f 2645//2645 2623//2623 2622//2622
f 2649//2649 2621//2621 2639//2639
f 2639//2639 2621//2621 2649//2649
f 2624//2624 2649//2649 2639//2639
f 2639//2639 2649//2649 2624//2624
f 2648//2648 2624//2624 2625//2625
f 2625//2625 2624//2624 2648//2648
f 2635//2635 2626//2626 2650//2650
f 2650//2650 2626//2626 2635//2635
f 2626//2626 2627//2627 2651//2651
f 2651//2651 2627//2627 2626//2626
f 2627//2627 2628//2628 2652//2652
f 2652//2652 2628//2628 2627//2627
f 2628//2628 2630//2630 2653//2653
f 2653//2653 2630//2630 2628//2628
f 2630//2630 2637//2637 2646//2646
f 2646//2646 2637//2637 2630//2630
f 2646//2646 2638//2638 2654//2654
f 2654//2654 2638//2638 2646//2646
f 2631//2631 2640//2640 2655//2655
f 2655//2655 2640//2640 2631//2631
f 2641//2641 2642//2642 2656//2656
f 2656//2656 2642//2642 2641//2641
f 2631//2631 2657//2657 2632//2632
f 2632//2632 2657//2657 2631//2631
f 2636//2636 2632//2632 2642//2642
f 2642//2642 2632//2632 2636//2636
f 2644//2644 2633//2633 2643//2643
f 2643//2643 2633//2633 2644//2644
f 2638//2638 2621//2621 2644//2644
f 2644//2644 2621//2621 2638//2638
f 2645//2645 2639//2639 2644//2644
f 2644//2644 2639//2639 2645//2645
f 2658//2658 2643//2643 2634//2634
f 2634//2634 2643//2643 2658//2658
f 2634//2634 2635//2635 2659//2659
f 2659//2659 2635//2635 2634//2634
f 2646//2646 2638//2638 2658//2658
f 2658//2658 2638//2638 2646//2646
f 2647//2647 2616//2616 2641//2641
f 2641//2641 2616//2616 2647//2647
f 2660//2660 2641//2641 2656//2656
f 2656//2656 2641//2641 2660//2660
f 2638//2638 2621//2621 2660//2660
f 2660//2660 2621//2621 2638//2638
f 2645//2645 2648//2648 2622//2622
f 2622//2622 2648//2648 2645//2645
f 2621//2621 2649//2649 2647//2647
f 2647//2647 2649//2649 2621//2621
f 2649//2649 2624//2624 2648//2648
f 2648//2648 2624//2624 2649//2649
f 2659//2659 2635//2635 2650//2650
f 2650//2650 2635//2635 2659//2659
f 2653//2653 2650//2650 2659//2659
f 2659//2659 2650//2650 2653//2653
f 2654//2654 2660//2660 2656//2656
f 2656//2656 2660//2660 2654//2654
f 2638//2638 2660//2660 2654//2654
f 2654//2654 2660//2660 2638//2638
f 2650//2650 2626//2626 2651//2651
f 2651//2651 2626//2626 2650//2650
f 2651//2651 2627//2627 2652//2652
f 2652//2652 2627//2627 2651//2651
f 2652//2652 2651//2651 2650//2650
f 2650//2650 2651//2651 2652//2652
f 2652//2652 2628//2628 2653//2653
f 2653//2653 2628//2628 2652//2652
f 2653//2653 2652//2652 2650//2650
f 2650//2650 2652//2652 2653//2653
f 2630//2630 2646//2646 2653//2653
f 2653//2653 2646//2646 2630//2630
f 2646//2646 2653//2653 2659//2659
f 2659//2659 2653//2653 2646//2646
f 2661//2661 2646//2646 2654//2654
f 2654//2654 2646//2646 2661//2661
f 2640//2640 2662//2662 2655//2655
f 2655//2655 2662//2662 2640//2640
f 2654//2654 2656//2656 2663//2663
f 2663//2663 2656//2656 2654//2654
f 2631//2631 2655//2655 2657//2657
f 2657//2657 2655//2655 2631//2631
f 2664//2664 2656//2656 2642//2642
f 2642//2642 2656//2656 2664//2664
f 2642//2642 2632//2632 2657//2657
f 2657//2657 2632//2632 2642//2642
f 2644//2644 2643//2643 2658//2658
f 2658//2658 2643//2643 2644//2644
f 2658//2658 2638//2638 2644//2644
f 2644//2644 2638//2638 2658//2658
f 2665//2665 2645//2645 2644//2644
f 2644//2644 2645//2645 2665//2665
f 2658//2658 2634//2634 2659//2659
f 2659//2659 2634//2634 2658//2658
f 2646//2646 2659//2659 2658//2658
f 2658//2658 2659//2659 2646//2646
f 2660//2660 2647//2647 2641//2641
f 2641//2641 2647//2647 2660//2660
f 2621//2621 2647//2647 2660//2660
f 2660//2660 2647//2647 2621//2621
f 2648//2648 2645//2645 2665//2665
f 2665//2665 2645//2645 2648//2648
f 2649//2649 2648//2648 2647//2647
f 2647//2647 2648//2648 2649//2649
f 2659//2659 2650//2650 2666//2666
f 2666//2666 2650//2650 2659//2659
f 2660//2660 2654//2654 2666//2666
f 2666//2666 2654//2654 2660//2660
f 2666//2666 2667//2667 2659//2659
f 2659//2659 2667//2667 2666//2666
f 2660//2660 2666//2666 2667//2667
f 2667//2667 2666//2666 2660//2660
f 2650//2650 2651//2651 2668//2668
f 2668//2668 2651//2651 2650//2650
f 2654//2654 2661//2661 2668//2668
f 2668//2668 2661//2661 2654//2654
f 2651//2651 2652//2652 2669//2669
f 2669//2669 2652//2652 2651//2651
f 2652//2652 2653//2653 2670//2670
f 2670//2670 2653//2653 2652//2652
f 2653//2653 2646//2646 2661//2661
f 2661//2661 2646//2646 2653//2653
f 2661//2661 2654//2654 2663//2663
f 2663//2663 2654//2654 2661//2661
f 2655//2655 2662//2662 2671//2671
f 2671//2671 2662//2662 2655//2655
f 2656//2656 2664//2664 2663//2663
f 2663//2663 2664//2664 2656//2656
f 2657//2657 2655//2655 2672//2672
f 2672//2672 2655//2655 2657//2657
f 2642//2642 2657//2657 2664//2664
f 2664//2664 2657//2657 2642//2642
f 2665//2665 2644//2644 2658//2658
f 2658//2658 2644//2644 2665//2665
f 2667//2667 2658//2658 2659//2659
f 2659//2659 2658//2658 2667//2667
f 2647//2647 2660//2660 2667//2667
f 2667//2667 2660//2660 2647//2647
f 2648//2648 2647//2647 2665//2665
f 2665//2665 2647//2647 2648//2648
f 2666//2666 2650//2650 2668//2668
f 2668//2668 2650//2650 2666//2666
f 2654//2654 2668//2668 2666//2666
f 2666//2666 2668//2668 2654//2654
f 2673//2673 2667//2667 2666//2666
f 2666//2666 2667//2667 2673//2673
f 2674//2674 2673//2673 2666//2666
f 2666//2666 2673//2673 2674//2674
f 2668//2668 2651//2651 2669//2669
f 2669//2669 2651//2651 2668//2668
f 2661//2661 2669//2669 2668//2668
f 2668//2668 2669//2669 2661//2661
f 2669//2669 2652//2652 2670//2670
f 2670//2670 2652//2652 2669//2669
f 2661//2661 2670//2670 2669//2669
f 2669//2669 2670//2670 2661//2661
f 2670//2670 2653//2653 2661//2661
f 2661//2661 2653//2653 2670//2670
f 2662//2662 2675//2675 2671//2671
f 2671//2671 2675//2675 2662//2662
f 2676//2676 2661//2661 2663//2663
f 2663//2663 2661//2661 2676//2676
f 2655//2655 2671//2671 2672//2672
f 2672//2672 2671//2671 2655//2655
f 2677//2677 2663//2663 2664//2664
f 2664//2664 2663//2663 2677//2677
f 2664//2664 2657//2657 2672//2672
f 2672//2672 2657//2657 2664//2664
f 2667//2667 2665//2665 2658//2658
f 2658//2658 2665//2665 2667//2667
f 2665//2665 2647//2647 2667//2667
f 2667//2667 2647//2647 2665//2665
f 2666//2666 2668//2668 2674//2674
f 2674//2674 2668//2668 2666//2666
f 2673//2673 2678//2678 2667//2667
f 2667//2667 2678//2678 2673//2673
f 2679//2679 2673//2673 2674//2674
f 2674//2674 2673//2673 2679//2679
f 2668//2668 2669//2669 2680//2680
f 2680//2680 2669//2669 2668//2668
f 2669//2669 2670//2670 2681//2681
f 2681//2681 2670//2670 2669//2669
f 2670//2670 2661//2661 2676//2676
f 2676//2676 2661//2661 2670//2670
f 2671//2671 2675//2675 2682//2682
f 2682//2682 2675//2675 2671//2671
f 2676//2676 2663//2663 2677//2677
f 2677//2677 2663//2663 2676//2676
f 2672//2672 2671//2671 2683//2683
f 2683//2683 2671//2671 2672//2672
f 2664//2664 2672//2672 2677//2677
f 2677//2677 2672//2672 2664//2664
f 2675//2675 2684//2684 2682//2682
f 2682//2682 2684//2684 2675//2675
f 2685//2685 2684//2684 2665//2665
f 2665//2665 2684//2684 2685//2685
f 2678//2678 2665//2665 2667//2667
f 2667//2667 2665//2665 2678//2678
f 2674//2674 2668//2668 2680//2680
f 2680//2680 2668//2668 2674//2674
f 2686//2686 2678//2678 2673//2673
f 2673//2673 2678//2678 2686//2686
f 2687//2687 2679//2679 2674//2674
f 2674//2674 2679//2679 2687//2687
f 2679//2679 2686//2686 2673//2673
f 2673//2673 2686//2686 2679//2679
f 2680//2680 2669//2669 2681//2681
f 2681//2681 2669//2669 2680//2680
f 2681//2681 2670//2670 2676//2676
f 2676//2676 2670//2670 2681//2681
f 2671//2671 2682//2682 2683//2683
f 2683//2683 2682//2682 2671//2671
f 2688//2688 2676//2676 2677//2677
f 2677//2677 2676//2676 2688//2688
f 2677//2677 2672//2672 2683//2683
f 2683//2683 2672//2672 2677//2677
f 2682//2682 2684//2684 2685//2685
f 2685//2685 2684//2684 2682//2682
f 2678//2678 2685//2685 2665//2665
f 2665//2665 2685//2685 2678//2678
f 2687//2687 2674//2674 2680//2680
f 2680//2680 2674//2674 2687//2687
f 2689//2689 2678//2678 2686//2686
f 2686//2686 2678//2678 2689//2689
f 2679//2679 2687//2687 2686//2686
f 2686//2686 2687//2687 2679//2679
f 2680//2680 2681//2681 2690//2690
f 2690//2690 2681//2681 2680//2680
f 2681//2681 2676//2676 2688//2688
f 2688//2688 2676//2676 2681//2681
f 2683//2683 2682//2682 2691//2691
f 2691//2691 2682//2682 2683//2683
f 2688//2688 2677//2677 2683//2683
f 2683//2683 2677//2677 2688//2688
f 2682//2682 2685//2685 2691//2691
f 2691//2691 2685//2685 2682//2682
f 2689//2689 2685//2685 2678//2678
f 2678//2678 2685//2685 2689//2689
f 2690//2690 2687//2687 2680//2680
f 2680//2680 2687//2687 2690//2690
f 2687//2687 2689//2689 2686//2686
f 2686//2686 2689//2689 2687//2687
f 2690//2690 2681//2681 2688//2688
f 2688//2688 2681//2681 2690//2690
f 2688//2688 2683//2683 2691//2691
f 2691//2691 2683//2683 2688//2688
f 2691//2691 2685//2685 2689//2689
f 2689//2689 2685//2685 2691//2691
f 2690//2690 2689//2689 2687//2687
f 2687//2687 2689//2689 2690//2690
f 2688//2688 2691//2691 2690//2690
f 2690//2690 2691//2691 2688//2688
f 2690//2690 2691//2691 2689//2689
f 2689//2689 2691//2691 2690//2690
f 2692//2692 2693//2693 2694//2694
f 2694//2694 2693//2693 2692//2692
f 2692//2692 2695//2695 2693//2693
f 2693//2693 2695//2695 2692//2692
f 2693//2693 2696//2696 2694//2694
f 2694//2694 2696//2696 2693//2693
f 2697//2697 2692//2692 2694//2694
f 2694//2694 2692//2692 2697//2697
f 2692//2692 2697//2697 2695//2695
f 2695//2695 2697//2697 2692//2692
f 2694//2694 2696//2696 2698//2698
f 2698//2698 2696//2696 2694//2694
f 2694//2694 2699//2699 2697//2697
f 2697//2697 2699//2699 2694//2694
f 2697//2697 2700//2700 2695//2695
f 2695//2695 2700//2700 2697//2697
f 2696//2696 2701//2701 2698//2698
f 2698//2698 2701//2701 2696//2696
f 2698//2698 2699//2699 2694//2694
f 2694//2694 2699//2699 2698//2698
f 2700//2700 2697//2697 2699//2699
f 2699//2699 2697//2697 2700//2700
f 2701//2701 2702//2702 2703//2703
f 2703//2703 2702//2702 2701//2701
f 2698//2698 2701//2701 2703//2703
f 2703//2703 2701//2701 2698//2698
f 2704//2704 2699//2699 2698//2698
f 2698//2698 2699//2699 2704//2704
f 2705//2705 2700//2700 2699//2699
f 2699//2699 2700//2700 2705//2705
f 2703//2703 2702//2702 2706//2706
f 2706//2706 2702//2702 2703//2703
f 2702//2702 2707//2707 2706//2706
f 2706//2706 2707//2707 2702//2702
f 2703//2703 2704//2704 2698//2698
f 2698//2698 2704//2704 2703//2703
f 2705//2705 2699//2699 2704//2704
f 2704//2704 2699//2699 2705//2705
f 2706//2706 2708//2708 2703//2703
f 2703//2703 2708//2708 2706//2706
f 2707//2707 2709//2709 2706//2706
f 2706//2706 2709//2709 2707//2707
f 2703//2703 2708//2708 2704//2704
f 2704//2704 2708//2708 2703//2703
f 2710//2710 2705//2705 2704//2704
f 2704//2704 2705//2705 2710//2710
f 2706//2706 2709//2709 2708//2708
f 2708//2708 2709//2709 2706//2706
f 2707//2707 2711//2711 2709//2709
f 2709//2709 2711//2711 2707//2707
f 2710//2710 2704//2704 2708//2708
f 2708//2708 2704//2704 2710//2710
f 2711//2711 2708//2708 2709//2709
f 2709//2709 2708//2708 2711//2711
f 2711//2711 2710//2710 2708//2708
f 2708//2708 2710//2710 2711//2711
f 2712//2712 2713//2713 2714//2714
f 2714//2714 2713//2713 2712//2712
f 2715//2715 2716//2716 2717//2717
f 2717//2717 2716//2716 2715//2715
f 2714//2714 2718//2718 2719//2719
f 2719//2719 2718//2718 2714//2714
f 2720//2720 2713//2713 2712//2712
f 2712//2712 2713//2713 2720//2720
f 2719//2719 2712//2712 2714//2714
f 2714//2714 2712//2712 2719//2719
f 2715//2715 2721//2721 2716//2716
f 2716//2716 2721//2721 2715//2715
f 2722//2722 2717//2717 2723//2723
f 2723//2723 2717//2717 2722//2722
f 2716//2716 2724//2724 2717//2717
f 2717//2717 2724//2724 2716//2716
f 2718//2718 2725//2725 2719//2719
f 2719//2719 2725//2725 2718//2718
f 2720//2720 2725//2725 2718//2718
f 2718//2718 2725//2725 2720//2720
f 2726//2726 2720//2720 2712//2712
f 2712//2712 2720//2720 2726//2726
f 2727//2727 2712//2712 2719//2719
f 2719//2719 2712//2712 2727//2727
f 2721//2721 2728//2728 2716//2716
f 2716//2716 2728//2728 2721//2721
f 2723//2723 2721//2721 2722//2722
f 2722//2722 2721//2721 2723//2723
f 2723//2723 2717//2717 2724//2724
f 2724//2724 2717//2717 2723//2723
f 2716//2716 2729//2729 2724//2724
f 2724//2724 2729//2729 2716//2716
f 2719//2719 2725//2725 2727//2727
f 2727//2727 2725//2725 2719//2719
f 2726//2726 2725//2725 2720//2720
f 2720//2720 2725//2725 2726//2726
f 2726//2726 2712//2712 2730//2730
f 2730//2730 2712//2712 2726//2726
f 2731//2731 2712//2712 2727//2727
f 2727//2727 2712//2712 2731//2731
f 2716//2716 2728//2728 2732//2732
f 2732//2732 2728//2728 2716//2716
f 2723//2723 2728//2728 2721//2721
f 2721//2721 2728//2728 2723//2723
f 2723//2723 2724//2724 2729//2729
f 2729//2729 2724//2724 2723//2723
f 2716//2716 2733//2733 2729//2729
f 2729//2729 2733//2733 2716//2716
f 2727//2727 2725//2725 2734//2734
f 2734//2734 2725//2725 2727//2727
f 2726//2726 2730//2730 2725//2725
f 2725//2725 2730//2730 2726//2726
f 2735//2735 2731//2731 2727//2727
f 2727//2727 2731//2731 2735//2735
f 2712//2712 2731//2731 2730//2730
f 2730//2730 2731//2731 2712//2712
f 2733//2733 2716//2716 2732//2732
f 2732//2732 2716//2716 2733//2733
f 2732//2732 2728//2728 2723//2723
f 2723//2723 2728//2728 2732//2732
f 2723//2723 2729//2729 2736//2736
f 2736//2736 2729//2729 2723//2723
f 2733//2733 2737//2737 2729//2729
f 2729//2729 2737//2737 2733//2733
f 2738//2738 2735//2735 2727//2727
f 2727//2727 2735//2735 2738//2738
f 2739//2739 2735//2735 2740//2740
f 2740//2740 2735//2735 2739//2739
f 2727//2727 2734//2734 2741//2741
f 2741//2741 2734//2734 2727//2727
f 2730//2730 2734//2734 2725//2725
f 2725//2725 2734//2734 2730//2730
f 2730//2730 2731//2731 2735//2735
f 2735//2735 2731//2731 2730//2730
f 2733//2733 2732//2732 2737//2737
f 2737//2737 2732//2732 2733//2733
f 2736//2736 2732//2732 2723//2723
f 2723//2723 2732//2732 2736//2736
f 2739//2739 2740//2740 2737//2737
f 2737//2737 2740//2740 2739//2739
f 2736//2736 2729//2729 2742//2742
f 2742//2742 2729//2729 2736//2736
f 2737//2737 2743//2743 2729//2729
f 2729//2729 2743//2743 2737//2737
f 2735//2735 2738//2738 2740//2740
f 2740//2740 2738//2738 2735//2735
f 2738//2738 2727//2727 2741//2741
f 2741//2741 2727//2727 2738//2738
f 2735//2735 2739//2739 2744//2744
f 2744//2744 2739//2739 2735//2735
f 2734//2734 2730//2730 2741//2741
f 2741//2741 2730//2730 2734//2734
f 2730//2730 2735//2735 2745//2745
f 2745//2745 2735//2735 2730//2730
f 2739//2739 2737//2737 2744//2744
f 2744//2744 2737//2737 2739//2739
f 2737//2737 2732//2732 2746//2746
f 2746//2746 2732//2732 2737//2737
f 2736//2736 2742//2742 2732//2732
f 2732//2732 2742//2742 2736//2736
f 2737//2737 2740//2740 2743//2743
f 2743//2743 2740//2740 2737//2737
f 2729//2729 2743//2743 2742//2742
f 2742//2742 2743//2743 2729//2729
f 2738//2738 2741//2741 2740//2740
f 2740//2740 2741//2741 2738//2738
f 2745//2745 2735//2735 2744//2744
f 2744//2744 2735//2735 2745//2745
f 2730//2730 2745//2745 2741//2741
f 2741//2741 2745//2745 2730//2730
f 2744//2744 2737//2737 2746//2746
f 2746//2746 2737//2737 2744//2744
f 2742//2742 2746//2746 2732//2732
f 2732//2732 2746//2746 2742//2742
f 2743//2743 2740//2740 2742//2742
f 2742//2742 2740//2740 2743//2743
f 2740//2740 2741//2741 2747//2747
f 2747//2747 2741//2741 2740//2740
f 2741//2741 2745//2745 2744//2744
f 2744//2744 2745//2745 2741//2741
f 2742//2742 2744//2744 2746//2746
f 2746//2746 2744//2744 2742//2742
f 2740//2740 2747//2747 2742//2742
f 2742//2742 2747//2747 2740//2740
f 2747//2747 2741//2741 2744//2744
f 2744//2744 2741//2741 2747//2747
f 2747//2747 2744//2744 2742//2742
f 2742//2742 2744//2744 2747//2747
f 2748//2748 2749//2749 2750//2750
f 2750//2750 2749//2749 2748//2748
f 2750//2750 2749//2749 2751//2751
f 2751//2751 2749//2749 2750//2750
f 2749//2749 2752//2752 2751//2751
f 2751//2751 2752//2752 2749//2749
f 2749//2749 2748//2748 2753//2753
f 2753//2753 2748//2748 2749//2749
f 2754//2754 2748//2748 2750//2750
f 2750//2750 2748//2748 2754//2754
f 2751//2751 2755//2755 2750//2750
f 2750//2750 2755//2755 2751//2751
f 2751//2751 2752//2752 2755//2755
f 2755//2755 2752//2752 2751//2751
f 2752//2752 2749//2749 2753//2753
f 2753//2753 2749//2749 2752//2752
f 2753//2753 2748//2748 2754//2754
f 2754//2754 2748//2748 2753//2753
f 2750//2750 2755//2755 2754//2754
f 2754//2754 2755//2755 2750//2750
f 2752//2752 2756//2756 2755//2755
f 2755//2755 2756//2756 2752//2752
f 2752//2752 2753//2753 2757//2757
f 2757//2757 2753//2753 2752//2752
f 2758//2758 2753//2753 2754//2754
f 2754//2754 2753//2753 2758//2758
f 2755//2755 2759//2759 2754//2754
f 2754//2754 2759//2759 2755//2755
f 2755//2755 2756//2756 2759//2759
f 2759//2759 2756//2756 2755//2755
f 2756//2756 2752//2752 2757//2757
f 2757//2757 2752//2752 2756//2756
f 2757//2757 2753//2753 2758//2758
f 2758//2758 2753//2753 2757//2757
f 2754//2754 2759//2759 2758//2758
f 2758//2758 2759//2759 2754//2754
f 2756//2756 2760//2760 2759//2759
f 2759//2759 2760//2760 2756//2756
f 2756//2756 2757//2757 2761//2761
f 2761//2761 2757//2757 2756//2756
f 2758//2758 2762//2762 2757//2757
f 2757//2757 2762//2762 2758//2758
f 2759//2759 2763//2763 2758//2758
f 2758//2758 2763//2763 2759//2759
f 2760//2760 2763//2763 2759//2759
f 2759//2759 2763//2763 2760//2760
f 2760//2760 2756//2756 2761//2761
f 2761//2761 2756//2756 2760//2760
f 2762//2762 2761//2761 2757//2757
f 2757//2757 2761//2761 2762//2762
f 2758//2758 2763//2763 2762//2762
f 2762//2762 2763//2763 2758//2758
f 2760//2760 2764//2764 2763//2763
f 2763//2763 2764//2764 2760//2760
f 2760//2760 2761//2761 2765//2765
f 2765//2765 2761//2761 2760//2760
f 2764//2764 2766//2766 2763//2763
f 2763//2763 2766//2766 2764//2764
f 2762//2762 2767//2767 2761//2761
f 2761//2761 2767//2767 2762//2762
f 2763//2763 2766//2766 2762//2762
f 2762//2762 2766//2766 2763//2763
f 2764//2764 2760//2760 2765//2765
f 2765//2765 2760//2760 2764//2764
f 2767//2767 2765//2765 2761//2761
f 2761//2761 2765//2765 2767//2767
f 2764//2764 2768//2768 2766//2766
f 2766//2766 2768//2768 2764//2764
f 2762//2762 2766//2766 2767//2767
f 2767//2767 2766//2766 2762//2762
f 2769//2769 2770//2770 2771//2771
f 2771//2771 2770//2770 2769//2769
f 2772//2772 2768//2768 2764//2764
f 2764//2764 2768//2768 2772//2772
f 2773//2773 2764//2764 2765//2765
f 2765//2765 2764//2764 2773//2773
f 2772//2772 2774//2774 2768//2768
f 2768//2768 2774//2774 2772//2772
f 2767//2767 2775//2775 2765//2765
f 2765//2765 2775//2775 2767//2767
f 2766//2766 2768//2768 2767//2767
f 2767//2767 2768//2768 2766//2766
f 2769//2769 2776//2776 2770//2770
f 2770//2770 2776//2776 2769//2769
f 2770//2770 2777//2777 2778//2778
f 2778//2778 2777//2777 2770//2770
f 2779//2779 2769//2769 2780//2780
f 2780//2780 2769//2769 2779//2779
f 2770//2770 2781//2781 2771//2771
f 2771//2771 2781//2781 2770//2770
f 2769//2769 2771//2771 2780//2780
f 2780//2780 2771//2771 2769//2769
f 2774//2774 2772//2772 2782//2782
f 2782//2782 2772//2772 2774//2774
f 2772//2772 2764//2764 2773//2773
f 2773//2773 2764//2764 2772//2772
f 2777//2777 2774//2774 2778//2778
f 2778//2778 2774//2774 2777//2777
f 2775//2775 2773//2773 2765//2765
f 2765//2765 2773//2773 2775//2775
f 2774//2774 2783//2783 2768//2768
f 2768//2768 2783//2783 2774//2774
f 2767//2767 2768//2768 2775//2775
f 2775//2775 2768//2768 2767//2767
f 2776//2776 2777//2777 2770//2770
f 2770//2770 2777//2777 2776//2776
f 2779//2779 2776//2776 2769//2769
f 2769//2769 2776//2776 2779//2779
f 2770//2770 2778//2778 2781//2781
f 2781//2781 2778//2778 2770//2770
f 2779//2779 2780//2780 2784//2784
f 2784//2784 2780//2780 2779//2779
f 2780//2780 2771//2771 2781//2781
f 2781//2781 2771//2771 2780//2780
f 2778//2778 2774//2774 2782//2782
f 2782//2782 2774//2774 2778//2778
f 2782//2782 2772//2772 2773//2773
f 2773//2773 2772//2772 2782//2782
f 2774//2774 2777//2777 2783//2783
f 2783//2783 2777//2777 2774//2774
f 2775//2775 2785//2785 2773//2773
f 2773//2773 2785//2785 2775//2775
f 2768//2768 2783//2783 2775//2775
f 2775//2775 2783//2783 2768//2768
f 2777//2777 2776//2776 2786//2786
f 2786//2786 2776//2776 2777//2777
f 2776//2776 2779//2779 2784//2784
f 2784//2784 2779//2779 2776//2776
f 2778//2778 2787//2787 2781//2781
f 2781//2781 2787//2787 2778//2778
f 2784//2784 2780//2780 2781//2781
f 2781//2781 2780//2780 2784//2784
f 2787//2787 2778//2778 2782//2782
f 2782//2782 2778//2778 2787//2787
f 2785//2785 2782//2782 2773//2773
f 2773//2773 2782//2782 2785//2785
f 2777//2777 2786//2786 2783//2783
f 2783//2783 2786//2786 2777//2777
f 2783//2783 2785//2785 2775//2775
f 2775//2775 2785//2785 2783//2783
f 2776//2776 2784//2784 2786//2786
f 2786//2786 2784//2784 2776//2776
f 2784//2784 2781//2781 2787//2787
f 2787//2787 2781//2781 2784//2784
f 2785//2785 2787//2787 2782//2782
f 2782//2782 2787//2787 2785//2785
f 2783//2783 2786//2786 2785//2785
f 2785//2785 2786//2786 2783//2783
f 2786//2786 2784//2784 2787//2787
f 2787//2787 2784//2784 2786//2786
f 2786//2786 2787//2787 2785//2785
f 2785//2785 2787//2787 2786//2786
f 2788//2788 2789//2789 2790//2790
f 2790//2790 2789//2789 2788//2788
f 2791//2791 2792//2792 2793//2793
f 2793//2793 2792//2792 2791//2791
f 2794//2794 2795//2795 2796//2796
f 2796//2796 2795//2795 2794//2794
f 2795//2795 2797//2797 2798//2798
f 2798//2798 2797//2797 2795//2795
f 2789//2789 2799//2799 2790//2790
f 2790//2790 2799//2799 2789//2789
f 2799//2799 2800//2800 2801//2801
f 2801//2801 2800//2800 2799//2799
f 2802//2802 2788//2788 2790//2790
f 2790//2790 2788//2788 2802//2802
f 2803//2803 2792//2792 2791//2791
f 2791//2791 2792//2792 2803//2803
f 2800//2800 2804//2804 2801//2801
f 2801//2801 2804//2804 2800//2800
f 2805//2805 2806//2806 2807//2807
f 2807//2807 2806//2806 2805//2805
f 2808//2808 2809//2809 2810//2810
f 2810//2810 2809//2809 2808//2808
f 2797//2797 2811//2811 2798//2798
f 2798//2798 2811//2811 2797//2797
f 2793//2793 2792//2792 2811//2811
f 2811//2811 2792//2792 2793//2793
f 2809//2809 2796//2796 2810//2810
f 2810//2810 2796//2796 2809//2809
f 2796//2796 2795//2795 2798//2798
f 2798//2798 2795//2795 2796//2796
f 2790//2790 2799//2799 2801//2801
f 2801//2801 2799//2799 2790//2790
f 2812//2812 2813//2813 2814//2814
f 2814//2814 2813//2813 2812//2812
f 2814//2814 2802//2802 2790//2790
f 2790//2790 2802//2802 2814//2814
f 2812//2812 2815//2815 2813//2813
f 2813//2813 2815//2815 2812//2812
f 2816//2816 2792//2792 2803//2803
f 2803//2803 2792//2792 2816//2816
f 2805//2805 2816//2816 2806//2806
f 2806//2806 2816//2816 2805//2805
f 2804//2804 2817//2817 2801//2801
f 2801//2801 2817//2817 2804//2804
f 2818//2818 2819//2819 2820//2820
f 2820//2820 2819//2819 2818//2818
f 2805//2805 2807//2807 2821//2821
f 2821//2821 2807//2807 2805//2805
f 2822//2822 2808//2808 2810//2810
f 2810//2810 2808//2808 2822//2822
f 2811//2811 2792//2792 2798//2798
f 2798//2798 2792//2792 2811//2811
f 2810//2810 2796//2796 2798//2798
f 2798//2798 2796//2796 2810//2810
f 2798//2798 2790//2790 2801//2801
f 2801//2801 2790//2790 2798//2798
f 2812//2812 2814//2814 2790//2790
f 2790//2790 2814//2814 2812//2812
f 2823//2823 2824//2824 2819//2819
f 2819//2819 2824//2824 2823//2823
f 2812//2812 2825//2825 2815//2815
f 2815//2815 2825//2825 2812//2812
f 2805//2805 2792//2792 2816//2816
f 2816//2816 2792//2792 2805//2805
f 2817//2817 2820//2820 2801//2801
f 2801//2801 2820//2820 2817//2817
f 2819//2819 2824//2824 2820//2820
f 2820//2820 2824//2824 2819//2819
f 2805//2805 2821//2821 2826//2826
f 2826//2826 2821//2821 2805//2805
f 2826//2826 2822//2822 2810//2810
f 2810//2810 2822//2822 2826//2826
f 2827//2827 2828//2828 2829//2829
f 2829//2829 2828//2828 2827//2827
f 2830//2830 2831//2831 2832//2832
f 2832//2832 2831//2831 2830//2830
f 2798//2798 2833//2833 2790//2790
f 2790//2790 2833//2833 2798//2798
f 2792//2792 2834//2834 2798//2798
f 2798//2798 2834//2834 2792//2792
f 2798//2798 2801//2801 2810//2810
f 2810//2810 2801//2801 2798//2798
f 2790//2790 2835//2835 2812//2812
f 2812//2812 2835//2835 2790//2790
f 2836//2836 2824//2824 2823//2823
f 2823//2823 2824//2824 2836//2836
f 2812//2812 2836//2836 2825//2825
f 2825//2825 2836//2836 2812//2812
f 2812//2812 2792//2792 2805//2805
f 2805//2805 2792//2792 2812//2812
f 2820//2820 2824//2824 2801//2801
f 2801//2801 2824//2824 2820//2820
f 2810//2810 2837//2837 2838//2838
f 2838//2838 2837//2837 2810//2810
f 2805//2805 2826//2826 2810//2810
f 2810//2810 2826//2826 2805//2805
f 2839//2839 2840//2840 2841//2841
f 2841//2841 2840//2840 2839//2839
f 2842//2842 2843//2843 2844//2844
f 2844//2844 2843//2843 2842//2842
f 2834//2834 2792//2792 2845//2845
f 2845//2845 2792//2792 2834//2834
f 2846//2846 2847//2847 2842//2842
f 2842//2842 2847//2847 2846//2846
f 2848//2848 2828//2828 2827//2827
f 2827//2827 2828//2828 2848//2848
f 2829//2829 2828//2828 2831//2831
f 2831//2831 2828//2828 2829//2829
f 2832//2832 2831//2831 2849//2849
f 2849//2849 2831//2831 2832//2832
f 2833//2833 2835//2835 2790//2790
f 2790//2790 2835//2835 2833//2833
f 2850//2850 2834//2834 2851//2851
f 2851//2851 2834//2834 2850//2850
f 2834//2834 2833//2833 2798//2798
f 2798//2798 2833//2833 2834//2834
f 2801//2801 2837//2837 2810//2810
f 2810//2810 2837//2837 2801//2801
f 2845//2845 2792//2792 2812//2812
f 2812//2812 2792//2792 2845//2845
f 2835//2835 2845//2845 2812//2812
f 2812//2812 2845//2845 2835//2835
f 2812//2812 2824//2824 2836//2836
f 2836//2836 2824//2824 2812//2812
f 2824//2824 2812//2812 2805//2805
f 2805//2805 2812//2812 2824//2824
f 2824//2824 2852//2852 2801//2801
f 2801//2801 2852//2852 2824//2824
f 2837//2837 2853//2853 2838//2838
f 2838//2838 2853//2853 2837//2837
f 2824//2824 2805//2805 2854//2854
f 2854//2854 2805//2805 2824//2824
f 2810//2810 2838//2838 2805//2805
f 2805//2805 2838//2838 2810//2810
f 2855//2855 2832//2832 2849//2849
f 2849//2849 2832//2832 2855//2855
f 2839//2839 2841//2841 2856//2856
f 2856//2856 2841//2841 2839//2839
f 2844//2844 2839//2839 2856//2856
f 2856//2856 2839//2839 2844//2844
f 2846//2846 2842//2842 2844//2844
f 2844//2844 2842//2842 2846//2846
f 2851//2851 2834//2834 2845//2845
f 2845//2845 2834//2834 2851//2851
f 2847//2847 2846//2846 2857//2857
f 2857//2857 2846//2846 2847//2847
f 2857//2857 2828//2828 2848//2848
f 2848//2848 2828//2828 2857//2857
f 2828//2828 2831//2831 2849//2849
f 2849//2849 2831//2831 2828//2828
f 2851//2851 2845//2845 2846//2846
f 2846//2846 2845//2845 2851//2851
f 2858//2858 2859//2859 2860//2860
f 2860//2860 2859//2859 2858//2858
f 2835//2835 2861//2861 2845//2845
f 2845//2845 2861//2861 2835//2835
f 2850//2850 2851//2851 2846//2846
f 2846//2846 2851//2851 2850//2850
f 2833//2833 2862//2862 2835//2835
f 2835//2835 2862//2862 2833//2833
f 2834//2834 2850//2850 2833//2833
f 2833//2833 2850//2850 2834//2834
f 2863//2863 2853//2853 2837//2837
f 2837//2837 2853//2853 2863//2863
f 2852//2852 2837//2837 2801//2801
f 2801//2801 2837//2837 2852//2852
f 2812//2812 2845//2845 2863//2863
f 2863//2863 2845//2845 2812//2812
f 2812//2812 2824//2824 2852//2852
f 2852//2852 2824//2824 2812//2812
f 2828//2828 2849//2849 2853//2853
f 2853//2853 2849//2849 2828//2828
f 2852//2852 2824//2824 2854//2854
f 2854//2854 2824//2824 2852//2852
f 2838//2838 2853//2853 2864//2864
f 2864//2864 2853//2853 2838//2838
f 2838//2838 2854//2854 2805//2805
f 2805//2805 2854//2854 2838//2838
f 2865//2865 2855//2855 2849//2849
f 2849//2849 2855//2855 2865//2865
f 2841//2841 2865//2865 2856//2856
f 2856//2856 2865//2865 2841//2841
f 2846//2846 2844//2844 2856//2856
f 2856//2856 2844//2844 2846//2846
f 2846//2846 2856//2856 2851//2851
f 2851//2851 2856//2856 2846//2846
f 2861//2861 2851//2851 2845//2845
f 2845//2845 2851//2851 2861//2861
f 2846//2846 2828//2828 2857//2857
f 2857//2857 2828//2828 2846//2846
f 2846//2846 2828//2828 2849//2849
f 2849//2849 2828//2828 2846//2846
f 2846//2846 2845//2845 2828//2828
f 2828//2828 2845//2845 2846//2846
f 2866//2866 2858//2858 2860//2860
f 2860//2860 2858//2858 2866//2866
f 2835//2835 2862//2862 2861//2861
f 2861//2861 2862//2862 2835//2835
f 2866//2866 2850//2850 2846//2846
f 2846//2846 2850//2850 2866//2866
f 2850//2850 2862//2862 2833//2833
f 2833//2833 2862//2862 2850//2850
f 2867//2867 2868//2868 2869//2869
f 2869//2869 2868//2868 2867//2867
f 2828//2828 2845//2845 2863//2863
f 2863//2863 2845//2845 2828//2828
f 2863//2863 2828//2828 2853//2853
f 2853//2853 2828//2828 2863//2863
f 2852//2852 2863//2863 2837//2837
f 2837//2837 2863//2863 2852//2852
f 2863//2863 2812//2812 2852//2852
f 2852//2852 2812//2812 2863//2863
f 2853//2853 2849//2849 2864//2864
f 2864//2864 2849//2849 2853//2853
f 2870//2870 2852//2852 2854//2854
f 2854//2854 2852//2852 2870//2870
f 2838//2838 2864//2864 2854//2854
f 2854//2854 2864//2864 2838//2838
f 2856//2856 2865//2865 2849//2849
f 2849//2849 2865//2865 2856//2856
f 2856//2856 2846//2846 2849//2849
f 2849//2849 2846//2846 2856//2856
f 2861//2861 2856//2856 2851//2851
f 2851//2851 2856//2856 2861//2861
f 2866//2866 2846//2846 2828//2828
f 2828//2828 2846//2846 2866//2866
f 2866//2866 2871//2871 2858//2858
f 2858//2858 2871//2871 2866//2866
f 2866//2866 2860//2860 2872//2872
f 2872//2872 2860//2860 2866//2866
f 2872//2872 2867//2867 2869//2869
f 2869//2869 2867//2867 2872//2872
f 2862//2862 2869//2869 2861//2861
f 2861//2861 2869//2869 2862//2862
f 2850//2850 2866//2866 2862//2862
f 2862//2862 2866//2866 2850//2850
f 2868//2868 2873//2873 2869//2869
f 2869//2869 2873//2873 2868//2868
f 2828//2828 2863//2863 2874//2874
f 2874//2874 2863//2863 2828//2828
f 2863//2863 2852//2852 2870//2870
f 2870//2870 2852//2852 2863//2863
f 2849//2849 2875//2875 2864//2864
f 2864//2864 2875//2875 2849//2849
f 2864//2864 2870//2870 2854//2854
f 2854//2854 2870//2870 2864//2864
f 2849//2849 2856//2856 2875//2875
f 2875//2875 2856//2856 2849//2849
f 2861//2861 2869//2869 2856//2856
f 2856//2856 2869//2869 2861//2861
f 2866//2866 2828//2828 2874//2874
f 2874//2874 2828//2828 2866//2866
f 2866//2866 2874//2874 2871//2871
f 2871//2871 2874//2874 2866//2866
f 2866//2866 2872//2872 2869//2869
f 2869//2869 2872//2872 2866//2866
f 2866//2866 2869//2869 2862//2862
f 2862//2862 2869//2869 2866//2866
f 2871//2871 2874//2874 2876//2876
f 2876//2876 2874//2874 2871//2871
f 2873//2873 2877//2877 2869//2869
f 2869//2869 2877//2877 2873//2873
f 2874//2874 2863//2863 2870//2870
f 2870//2870 2863//2863 2874//2874
f 2864//2864 2875//2875 2870//2870
f 2870//2870 2875//2875 2864//2864
f 2856//2856 2869//2869 2875//2875
f 2875//2875 2869//2869 2856//2856
f 2866//2866 2874//2874 2869//2869
f 2869//2869 2874//2874 2866//2866
f 2878//2878 2879//2879 2880//2880
f 2880//2880 2879//2879 2878//2878
f 2876//2876 2874//2874 2879//2879
f 2879//2879 2874//2874 2876//2876
f 2869//2869 2877//2877 2875//2875
f 2875//2875 2877//2877 2869//2869
f 2875//2875 2874//2874 2870//2870
f 2870//2870 2874//2874 2875//2875
f 2869//2869 2874//2874 2875//2875
f 2875//2875 2874//2874 2869//2869
f 2879//2879 2874//2874 2880//2880
f 2880//2880 2874//2874 2879//2879
f 2877//2877 2881//2881 2875//2875
f 2875//2875 2881//2881 2877//2877
f 2882//2882 2883//2883 2881//2881
f 2881//2881 2883//2883 2882//2882
f 2880//2880 2874//2874 2875//2875
f 2875//2875 2874//2874 2880//2880
f 2881//2881 2883//2883 2875//2875
f 2875//2875 2883//2883 2881//2881
f 2883//2883 2880//2880 2875//2875
f 2875//2875 2880//2880 2883//2883
f 2884//2884 2885//2885 2886//2886
f 2886//2886 2885//2885 2887//2887
f 2884//2884 2888//2888 2885//2885
f 2886//2886 2887//2887 2889//2889
f 2884//2884 2890//2890 2888//2888
f 2889//2889 2887//2887 2891//2891
f 2888//2888 2890//2890 2892//2892
f 2889//2889 2891//2891 2893//2893
f 2890//2890 2894//2894 2892//2892
f 2891//2891 2895//2895 2893//2893
f 2892//2892 2894//2894 2896//2896
f 2893//2893 2895//2895 2897//2897
f 2894//2894 2898//2898 2896//2896
f 2895//2895 2899//2899 2897//2897
f 2896//2896 2898//2898 2900//2900
f 2897//2897 2899//2899 2901//2901
f 2902//2902 2900//2900 2898//2898
f 2901//2901 2899//2899 2903//2903
f 2902//2902 2903//2903 2900//2900
f 2901//2901 2903//2903 2902//2902
f 2904//2904 2905//2905 2906//2906
f 2904//2904 2906//2906 2907//2907
f 2906//2906 2905//2905 2908//2908
f 2904//2904 2907//2907 2909//2909
f 2908//2908 2905//2905 2910//2910
f 2909//2909 2907//2907 2911//2911
f 2908//2908 2910//2910 2912//2912
f 2913//2913 2909//2909 2911//2911
f 2912//2912 2910//2910 2914//2914
f 2911//2911 2915//2915 2913//2913
f 2912//2912 2914//2914 2916//2916
f 2913//2913 2915//2915 2917//2917
f 2914//2914 2918//2918 2916//2916
f 2917//2917 2915//2915 2919//2919
f 2918//2918 2920//2920 2916//2916
f 2917//2917 2919//2919 2921//2921
f 2922//2922 2920//2920 2918//2918
f 2921//2921 2919//2919 2923//2923
f 2922//2922 2923//2923 2920//2920
f 2921//2921 2923//2923 2922//2922
f 2924//2924 2925//2925 2926//2926
f 2926//2926 2925//2925 2927//2927
f 2924//2924 2928//2928 2925//2925
f 2926//2926 2927//2927 2929//2929
f 2924//2924 2930//2930 2928//2928
f 2929//2929 2927//2927 2931//2931
f 2930//2930 2932//2932 2928//2928
f 2927//2927 2933//2933 2931//2931
f 2930//2930 2934//2934 2932//2932
f 2933//2933 2935//2935 2931//2931
f 2932//2932 2934//2934 2936//2936
f 2933//2933 2937//2937 2935//2935
f 2934//2934 2938//2938 2936//2936
f 2935//2935 2937//2937 2939//2939
f 2938//2938 2940//2940 2936//2936
f 2935//2935 2939//2939 2941//2941
f 2942//2942 2940//2940 2938//2938
f 2941//2941 2939//2939 2943//2943
f 2942//2942 2943//2943 2940//2940
f 2942//2942 2941//2941 2943//2943
f 2944//2944 2945//2945 2946//2946
f 2947//2947 2946//2946 2945//2945
f 2944//2944 2948//2948 2945//2945
f 2946//2946 2947//2947 2949//2949
f 2944//2944 2950//2950 2948//2948
f 2951//2951 2949//2949 2947//2947
f 2950//2950 2952//2952 2948//2948
f 2953//2953 2949//2949 2951//2951
f 2950//2950 2954//2954 2952//2952
f 2955//2955 2953//2953 2951//2951
f 2956//2956 2952//2952 2954//2954
f 2957//2957 2953//2953 2955//2955
f 2958//2958 2956//2956 2954//2954
f 2957//2957 2955//2955 2959//2959
f 2958//2958 2954//2954 2960//2960
f 2961//2961 2957//2957 2959//2959
f 2962//2962 2958//2958 2960//2960
f 2961//2961 2959//2959 2962//2962
f 2962//2962 2960//2960 2963//2963
f 2961//2961 2962//2962 2963//2963
f 2964//2964 2965//2965 2966//2966
f 2966//2966 2965//2965 2964//2964
f 2967//2967 2964//2964 2966//2966
f 2966//2966 2964//2964 2967//2967
f 2967//2967 2966//2966 2968//2968
f 2968//2968 2966//2966 2967//2967
f 2966//2966 2965//2965 2968//2968
f 2968//2968 2965//2965 2966//2966
f 2964//2964 2969//2969 2965//2965
f 2965//2965 2969//2969 2964//2964
f 2964//2964 2967//2967 2970//2970
f 2970//2970 2967//2967 2964//2964
f 2970//2970 2967//2967 2968//2968
f 2968//2968 2967//2967 2970//2970
f 2965//2965 2971//2971 2968//2968
f 2968//2968 2971//2971 2965//2965
f 2969//2969 2971//2971 2965//2965
f 2965//2965 2971//2971 2969//2969
f 2969//2969 2964//2964 2970//2970
f 2970//2970 2964//2964 2969//2969
f 2972//2972 2970//2970 2968//2968
f 2968//2968 2970//2970 2972//2972
f 2968//2968 2971//2971 2973//2973
f 2973//2973 2971//2971 2968//2968
f 2969//2969 2974//2974 2971//2971
f 2971//2971 2974//2974 2969//2969
f 2969//2969 2970//2970 2975//2975
f 2975//2975 2970//2970 2969//2969
f 2975//2975 2970//2970 2972//2972
f 2972//2972 2970//2970 2975//2975
f 2968//2968 2973//2973 2972//2972
f 2972//2972 2973//2973 2968//2968
f 2974//2974 2973//2973 2971//2971
f 2971//2971 2973//2973 2974//2974
f 2976//2976 2975//2975 2977//2977
f 2977//2977 2975//2975 2976//2976
f 2974//2974 2969//2969 2975//2975
f 2975//2975 2969//2969 2974//2974
f 2978//2978 2979//2979 2980//2980
f 2980//2980 2979//2979 2978//2978
f 2977//2977 2975//2975 2972//2972
f 2972//2972 2975//2975 2977//2977
f 2972//2972 2973//2973 2981//2981
f 2981//2981 2973//2973 2972//2972
f 2982//2982 2976//2976 2977//2977
f 2977//2977 2976//2976 2982//2982
f 2974//2974 2983//2983 2973//2973
f 2973//2973 2983//2983 2974//2974
f 2974//2974 2975//2975 2976//2976
f 2976//2976 2975//2975 2974//2974
f 2984//2984 2978//2978 2980//2980
f 2980//2980 2978//2978 2984//2984
f 2985//2985 2986//2986 2978//2978
f 2978//2978 2986//2986 2985//2985
f 2987//2987 2980//2980 2988//2988
f 2988//2988 2980//2980 2987//2987
f 2978//2978 2989//2989 2979//2979
f 2979//2979 2989//2989 2978//2978
f 2980//2980 2979//2979 2988//2988
f 2988//2988 2979//2979 2980//2980
f 2977//2977 2990//2990 2982//2982
f 2982//2982 2990//2990 2977//2977
f 2972//2972 2981//2981 2977//2977
f 2977//2977 2981//2981 2972//2972
f 2982//2982 2986//2986 2985//2985
f 2985//2985 2986//2986 2982//2982
f 2983//2983 2981//2981 2973//2973
f 2973//2973 2981//2981 2983//2983
f 2991//2991 2976//2976 2982//2982
f 2982//2982 2976//2976 2991//2991
f 2983//2983 2974//2974 2976//2976
f 2976//2976 2974//2974 2983//2983
f 2985//2985 2978//2978 2984//2984
f 2984//2984 2978//2978 2985//2985
f 2987//2987 2984//2984 2980//2980
f 2980//2980 2984//2984 2987//2987
f 2989//2989 2978//2978 2986//2986
f 2986//2986 2978//2978 2989//2989
f 2987//2987 2988//2988 2992//2992
f 2992//2992 2988//2988 2987//2987
f 2979//2979 2989//2989 2988//2988
f 2988//2988 2989//2989 2979//2979
f 2982//2982 2990//2990 2986//2986
f 2986//2986 2990//2990 2982//2982
f 2977//2977 2981//2981 2990//2990
f 2990//2990 2981//2981 2977//2977
f 2985//2985 2991//2991 2982//2982
f 2982//2982 2991//2991 2985//2985
f 2983//2983 2993//2993 2981//2981
f 2981//2981 2993//2993 2983//2983
f 2983//2983 2976//2976 2991//2991
f 2991//2991 2976//2976 2983//2983
f 2984//2984 2994//2994 2985//2985
f 2985//2985 2994//2994 2984//2984
f 2984//2984 2987//2987 2992//2992
f 2992//2992 2987//2987 2984//2984
f 2986//2986 2995//2995 2989//2989
f 2989//2989 2995//2995 2986//2986
f 2989//2989 2992//2992 2988//2988
f 2988//2988 2992//2992 2989//2989
f 2995//2995 2986//2986 2990//2990
f 2990//2990 2986//2986 2995//2995
f 2993//2993 2990//2990 2981//2981
f 2981//2981 2990//2990 2993//2993
f 2994//2994 2991//2991 2985//2985
f 2985//2985 2991//2991 2994//2994
f 2993//2993 2983//2983 2991//2991
f 2991//2991 2983//2983 2993//2993
f 2984//2984 2992//2992 2994//2994
f 2994//2994 2992//2992 2984//2984
f 2989//2989 2995//2995 2992//2992
f 2992//2992 2995//2995 2989//2989
f 2993//2993 2995//2995 2990//2990
f 2990//2990 2995//2995 2993//2993
f 2993//2993 2991//2991 2994//2994
f 2994//2994 2991//2991 2993//2993
f 2995//2995 2994//2994 2992//2992
f 2992//2992 2994//2994 2995//2995
f 2995//2995 2993//2993 2994//2994
f 2994//2994 2993//2993 2995//2995
f 2996//2996 2997//2997 2998//2998
f 2998//2998 2997//2997 2996//2996
f 2998//2998 2997//2997 2999//2999
f 2999//2999 2997//2997 2998//2998
f 2997//2997 3000//3000 2999//2999
f 2999//2999 3000//3000 2997//2997
f 2997//2997 2996//2996 3000//3000
f 3000//3000 2996//2996 2997//2997
f 2996//2996 2998//2998 3001//3001
f 3001//3001 2998//2998 2996//2996
f 2998//2998 2999//2999 3002//3002
f 3002//3002 2999//2999 2998//2998
f 2999//2999 3000//3000 3002//3002
f 3002//3002 3000//3000 2999//2999
f 2996//2996 3003//3003 3000//3000
f 3000//3000 3003//3003 2996//2996
f 3003//3003 2996//2996 3001//3001
f 3001//3001 2996//2996 3003//3003
f 3001//3001 2998//2998 3002//3002
f 3002//3002 2998//2998 3001//3001
f 3002//3002 3000//3000 3004//3004
f 3004//3004 3000//3000 3002//3002
f 3003//3003 3005//3005 3000//3000
f 3000//3000 3005//3005 3003//3003
f 3001//3001 3006//3006 3003//3003
f 3003//3003 3006//3006 3001//3001
f 3001//3001 3002//3002 3007//3007
f 3007//3007 3002//3002 3001//3001
f 3007//3007 3002//3002 3004//3004
f 3004//3004 3002//3002 3007//3007
f 3000//3000 3005//3005 3004//3004
f 3004//3004 3005//3005 3000//3000
f 3003//3003 3006//3006 3005//3005
f 3005//3005 3006//3006 3003//3003
f 3008//3008 3007//3007 3009//3009
f 3009//3009 3007//3007 3008//3008
f 3006//3006 3001//3001 3007//3007
f 3007//3007 3001//3001 3006//3006
f 3010//3010 3011//3011 3012//3012
f 3012//3012 3011//3011 3010//3010
f 3007//3007 3004//3004 3009//3009
f 3009//3009 3004//3004 3007//3007
f 3005//3005 3013//3013 3004//3004
f 3004//3004 3013//3013 3005//3005
f 3008//3008 3009//3009 3014//3014
f 3014//3014 3009//3009 3008//3008
f 3006//3006 3015//3015 3005//3005
f 3005//3005 3015//3015 3006//3006
f 3006//3006 3007//3007 3008//3008
f 3008//3008 3007//3007 3006//3006
f 3011//3011 3010//3010 3016//3016
f 3016//3016 3010//3010 3011//3011
f 3017//3017 3011//3011 3018//3018
f 3018//3018 3011//3011 3017//3017
f 3019//3019 3010//3010 3020//3020
f 3020//3020 3010//3010 3019//3019
f 3011//3011 3021//3021 3012//3012
f 3012//3012 3021//3021 3011//3011
f 3020//3020 3010//3010 3012//3012
f 3012//3012 3010//3010 3020//3020
f 3009//3009 3022//3022 3014//3014
f 3014//3014 3022//3022 3009//3009
f 3004//3004 3013//3013 3009//3009
f 3009//3009 3013//3013 3004//3004
f 3017//3017 3018//3018 3014//3014
f 3014//3014 3018//3018 3017//3017
f 3005//3005 3015//3015 3013//3013
f 3013//3013 3015//3015 3005//3005
f 3023//3023 3008//3008 3014//3014
f 3014//3014 3008//3008 3023//3023
f 3015//3015 3006//3006 3008//3008
f 3008//3008 3006//3006 3015//3015
f 3011//3011 3016//3016 3018//3018
f 3018//3018 3016//3016 3011//3011
f 3010//3010 3019//3019 3016//3016
f 3016//3016 3019//3019 3010//3010
f 3017//3017 3021//3021 3011//3011
f 3011//3011 3021//3021 3017//3017
f 3024//3024 3019//3019 3020//3020
f 3020//3020 3019//3019 3024//3024
f 3012//3012 3021//3021 3020//3020
f 3020//3020 3021//3021 3012//3012
f 3022//3022 3017//3017 3014//3014
f 3014//3014 3017//3017 3022//3022
f 3013//3013 3022//3022 3009//3009
f 3009//3009 3022//3022 3013//3013
f 3023//3023 3014//3014 3018//3018
f 3018//3018 3014//3014 3023//3023
f 3015//3015 3025//3025 3013//3013
f 3013//3013 3025//3025 3015//3015
f 3023//3023 3015//3015 3008//3008
f 3008//3008 3015//3015 3023//3023
f 3026//3026 3018//3018 3016//3016
f 3016//3016 3018//3018 3026//3026
f 3016//3016 3019//3019 3024//3024
f 3024//3024 3019//3019 3016//3016
f 3027//3027 3021//3021 3017//3017
f 3017//3017 3021//3021 3027//3027
f 3020//3020 3021//3021 3024//3024
f 3024//3024 3021//3021 3020//3020
f 3022//3022 3027//3027 3017//3017
f 3017//3017 3027//3027 3022//3022
f 3013//3013 3025//3025 3022//3022
f 3022//3022 3025//3025 3013//3013
f 3026//3026 3023//3023 3018//3018
f 3018//3018 3023//3023 3026//3026
f 3025//3025 3015//3015 3023//3023
f 3023//3023 3015//3015 3025//3025
f 3024//3024 3026//3026 3016//3016
f 3016//3016 3026//3026 3024//3024
f 3021//3021 3027//3027 3024//3024
f 3024//3024 3027//3027 3021//3021
f 3025//3025 3027//3027 3022//3022
f 3022//3022 3027//3027 3025//3025
f 3026//3026 3025//3025 3023//3023
f 3023//3023 3025//3025 3026//3026
f 3024//3024 3027//3027 3026//3026
f 3026//3026 3027//3027 3024//3024
f 3027//3027 3025//3025 3026//3026
f 3026//3026 3025//3025 3027//3027
f 3028//3028 3029//3029 3030//3030
f 3030//3030 3029//3029 3028//3028
f 3030//3030 3029//3029 3031//3031
f 3031//3031 3029//3029 3030//3030
f 3029//3029 3032//3032 3031//3031
f 3031//3031 3032//3032 3029//3029
f 3029//3029 3028//3028 3032//3032
f 3032//3032 3028//3028 3029//3029
f 3033//3033 3028//3028 3030//3030
f 3030//3030 3028//3028 3033//3033
f 3030//3030 3031//3031 3034//3034
f 3034//3034 3031//3031 3030//3030
f 3032//3032 3034//3034 3031//3031
f 3031//3031 3034//3034 3032//3032
f 3028//3028 3035//3035 3032//3032
f 3032//3032 3035//3035 3028//3028
f 3035//3035 3028//3028 3033//3033
f 3033//3033 3028//3028 3035//3035
f 3033//3033 3030//3030 3034//3034
f 3034//3034 3030//3030 3033//3033
f 3032//3032 3036//3036 3034//3034
f 3034//3034 3036//3036 3032//3032
f 3035//3035 3037//3037 3032//3032
f 3032//3032 3037//3037 3035//3035
f 3035//3035 3033//3033 3038//3038
f 3038//3038 3033//3033 3035//3035
f 3033//3033 3034//3034 3039//3039
f 3039//3039 3034//3034 3033//3033
f 3034//3034 3036//3036 3039//3039
f 3039//3039 3036//3036 3034//3034
f 3032//3032 3037//3037 3036//3036
f 3036//3036 3037//3037 3032//3032
f 3037//3037 3035//3035 3038//3038
f 3038//3038 3035//3035 3037//3037
f 3039//3039 3040//3040 3041//3041
f 3041//3041 3040//3040 3039//3039
f 3038//3038 3033//3033 3039//3039
f 3039//3039 3033//3033 3038//3038
f 3042//3042 3043//3043 3044//3044
f 3044//3044 3043//3043 3042//3042
f 3036//3036 3040//3040 3039//3039
f 3039//3039 3040//3040 3036//3036
f 3037//3037 3045//3045 3036//3036
f 3036//3036 3045//3045 3037//3037
f 3040//3040 3046//3046 3041//3041
f 3041//3041 3046//3046 3040//3040
f 3037//3037 3038//3038 3047//3047
f 3047//3047 3038//3038 3037//3037
f 3038//3038 3039//3039 3041//3041
f 3041//3041 3039//3039 3038//3038
f 3043//3043 3042//3042 3048//3048
f 3048//3048 3042//3042 3043//3043
f 3049//3049 3043//3043 3050//3050
f 3050//3050 3043//3043 3049//3049
f 3051//3051 3042//3042 3052//3052
f 3052//3052 3042//3042 3051//3051
f 3044//3044 3043//3043 3053//3053
f 3053//3053 3043//3043 3044//3044
f 3052//3052 3042//3042 3044//3044
f 3044//3044 3042//3042 3052//3052
f 3040//3040 3054//3054 3046//3046
f 3046//3046 3054//3054 3040//3040
f 3036//3036 3045//3045 3040//3040
f 3040//3040 3045//3045 3036//3036
f 3049//3049 3050//3050 3046//3046
f 3046//3046 3050//3050 3049//3049
f 3045//3045 3037//3037 3047//3047
f 3047//3047 3037//3037 3045//3045
f 3041//3041 3046//3046 3055//3055
f 3055//3055 3046//3046 3041//3041
f 3047//3047 3038//3038 3041//3041
f 3041//3041 3038//3038 3047//3047
f 3043//3043 3048//3048 3050//3050
f 3050//3050 3048//3048 3043//3043
f 3042//3042 3051//3051 3048//3048
f 3048//3048 3051//3051 3042//3042
f 3043//3043 3049//3049 3053//3053
f 3053//3053 3049//3049 3043//3043
f 3051//3051 3052//3052 3056//3056
f 3056//3056 3052//3052 3051//3051
f 3044//3044 3053//3053 3052//3052
f 3052//3052 3053//3053 3044//3044
f 3054//3054 3049//3049 3046//3046
f 3046//3046 3049//3049 3054//3054
f 3045//3045 3054//3054 3040//3040
f 3040//3040 3054//3054 3045//3045
f 3046//3046 3050//3050 3055//3055
f 3055//3055 3050//3050 3046//3046
f 3045//3045 3047//3047 3057//3057
f 3057//3057 3047//3047 3045//3045
f 3055//3055 3047//3047 3041//3041
f 3041//3041 3047//3047 3055//3055
f 3050//3050 3048//3048 3058//3058
f 3058//3058 3048//3048 3050//3050
f 3048//3048 3051//3051 3056//3056
f 3056//3056 3051//3051 3048//3048
f 3049//3049 3059//3059 3053//3053
f 3053//3053 3059//3059 3049//3049
f 3052//3052 3053//3053 3056//3056
f 3056//3056 3053//3053 3052//3052
f 3049//3049 3054//3054 3059//3059
f 3059//3059 3054//3054 3049//3049
f 3054//3054 3045//3045 3057//3057
f 3057//3057 3045//3045 3054//3054
f 3055//3055 3050//3050 3058//3058
f 3058//3058 3050//3050 3055//3055
f 3057//3057 3047//3047 3055//3055
f 3055//3055 3047//3047 3057//3057
f 3058//3058 3048//3048 3056//3056
f 3056//3056 3048//3048 3058//3058
f 3053//3053 3059//3059 3056//3056
f 3056//3056 3059//3059 3053//3053
f 3054//3054 3057//3057 3059//3059
f 3059//3059 3057//3057 3054//3054
f 3058//3058 3057//3057 3055//3055
f 3055//3055 3057//3057 3058//3058
f 3056//3056 3059//3059 3058//3058
f 3058//3058 3059//3059 3056//3056
f 3059//3059 3057//3057 3058//3058
f 3058//3058 3057//3057 3059//3059
f 3060//3060 3061//3061 3062//3062
f 3062//3062 3061//3061 3060//3060
f 3060//3060 3062//3062 3063//3063
f 3063//3063 3062//3062 3060//3060
f 3063//3063 3062//3062 3064//3064
f 3064//3064 3062//3062 3063//3063
f 3061//3061 3064//3064 3062//3062
f 3062//3062 3064//3064 3061//3061
f 3065//3065 3061//3061 3060//3060
f 3060//3060 3061//3061 3065//3065
f 3063//3063 3066//3066 3060//3060
f 3060//3060 3066//3066 3063//3063
f 3063//3063 3064//3064 3066//3066
f 3066//3066 3064//3064 3063//3063
f 3067//3067 3064//3064 3061//3061
f 3061//3061 3064//3064 3067//3067
f 3065//3065 3067//3067 3061//3061
f 3061//3061 3067//3067 3065//3065
f 3066//3066 3065//3065 3060//3060
f 3060//3060 3065//3065 3066//3066
f 3066//3066 3064//3064 3068//3068
f 3068//3068 3064//3064 3066//3066
f 3067//3067 3069//3069 3064//3064
f 3064//3064 3069//3069 3067//3067
f 3070//3070 3067//3067 3065//3065
f 3065//3065 3067//3067 3070//3070
f 3066//3066 3071//3071 3065//3065
f 3065//3065 3071//3071 3066//3066
f 3068//3068 3071//3071 3066//3066
f 3066//3066 3071//3071 3068//3068
f 3069//3069 3068//3068 3064//3064
f 3064//3064 3068//3068 3069//3069
f 3070//3070 3069//3069 3067//3067
f 3067//3067 3069//3069 3070//3070
f 3072//3072 3073//3073 3071//3071
f 3071//3071 3073//3073 3072//3072
f 3071//3071 3070//3070 3065//3065
f 3065//3065 3070//3070 3071//3071
f 3074//3074 3075//3075 3076//3076
f 3076//3076 3075//3075 3074//3074
f 3068//3068 3072//3072 3071//3071
f 3071//3071 3072//3072 3068//3068
f 3069//3069 3077//3077 3068//3068
f 3068//3068 3077//3077 3069//3069
f 3072//3072 3078//3078 3073//3073
f 3073//3073 3078//3078 3072//3072
f 3079//3079 3069//3069 3070//3070
f 3070//3070 3069//3069 3079//3079
f 3071//3071 3073//3073 3070//3070
f 3070//3070 3073//3073 3071//3071
f 3075//3075 3074//3074 3080//3080
f 3080//3080 3074//3074 3075//3075
f 3081//3081 3075//3075 3082//3082
f 3082//3082 3075//3075 3081//3081
f 3083//3083 3074//3074 3084//3084
f 3084//3084 3074//3074 3083//3083
f 3075//3075 3085//3085 3076//3076
f 3076//3076 3085//3085 3075//3075
f 3074//3074 3076//3076 3084//3084
f 3084//3084 3076//3076 3074//3074
f 3086//3086 3078//3078 3072//3072
f 3072//3072 3078//3078 3086//3086
f 3077//3077 3072//3072 3068//3068
f 3068//3068 3072//3072 3077//3077
f 3081//3081 3082//3082 3078//3078
f 3078//3078 3082//3082 3081//3081
f 3077//3077 3069//3069 3079//3079
f 3079//3079 3069//3069 3077//3077
f 3078//3078 3087//3087 3073//3073
f 3073//3073 3087//3087 3078//3078
f 3073//3073 3079//3079 3070//3070
f 3070//3070 3079//3079 3073//3073
f 3075//3075 3080//3080 3082//3082
f 3082//3082 3080//3080 3075//3075
f 3074//3074 3083//3083 3080//3080
f 3080//3080 3083//3083 3074//3074
f 3075//3075 3081//3081 3085//3085
f 3085//3085 3081//3081 3075//3075
f 3083//3083 3084//3084 3088//3088
f 3088//3088 3084//3084 3083//3083
f 3084//3084 3076//3076 3085//3085
f 3085//3085 3076//3076 3084//3084
f 3086//3086 3081//3081 3078//3078
f 3078//3078 3081//3081 3086//3086
f 3077//3077 3086//3086 3072//3072
f 3072//3072 3086//3086 3077//3077
f 3078//3078 3082//3082 3087//3087
f 3087//3087 3082//3082 3078//3078
f 3089//3089 3077//3077 3079//3079
f 3079//3079 3077//3077 3089//3089
f 3073//3073 3087//3087 3079//3079
f 3079//3079 3087//3087 3073//3073
f 3082//3082 3080//3080 3090//3090
f 3090//3090 3080//3080 3082//3082
f 3080//3080 3083//3083 3088//3088
f 3088//3088 3083//3083 3080//3080
f 3085//3085 3081//3081 3091//3091
f 3091//3091 3081//3081 3085//3085
f 3088//3088 3084//3084 3085//3085
f 3085//3085 3084//3084 3088//3088
f 3081//3081 3086//3086 3091//3091
f 3091//3091 3086//3086 3081//3081
f 3086//3086 3077//3077 3089//3089
f 3089//3089 3077//3077 3086//3086
f 3082//3082 3090//3090 3087//3087
f 3087//3087 3090//3090 3082//3082
f 3087//3087 3089//3089 3079//3079
f 3079//3079 3089//3089 3087//3087
f 3080//3080 3088//3088 3090//3090
f 3090//3090 3088//3088 3080//3080
f 3088//3088 3085//3085 3091//3091
f 3091//3091 3085//3085 3088//3088
f 3091//3091 3086//3086 3089//3089
f 3089//3089 3086//3086 3091//3091
f 3087//3087 3090//3090 3089//3089
f 3089//3089 3090//3090 3087//3087
f 3090//3090 3088//3088 3091//3091
f 3091//3091 3088//3088 3090//3090
f 3090//3090 3091//3091 3089//3089
f 3089//3089 3091//3091 3090//3090
f 3092//3092 3093//3093 3094//3094
f 3094//3094 3093//3093 3092//3092
f 3095//3095 3093//3093 3092//3092
f 3092//3092 3093//3093 3095//3095
f 3092//3092 3094//3094 3096//3096
f 3096//3096 3094//3094 3092//3092
f 3093//3093 3097//3097 3094//3094
f 3094//3094 3097//3097 3093//3093
f 3093//3093 3095//3095 3098//3098
f 3098//3098 3095//3095 3093//3093
f 3096//3096 3095//3095 3092//3092
f 3092//3092 3095//3095 3096//3096
f 3094//3094 3099//3099 3096//3096
f 3096//3096 3099//3099 3094//3094
f 3094//3094 3097//3097 3099//3099
f 3099//3099 3097//3097 3094//3094
f 3097//3097 3093//3093 3098//3098
f 3098//3098 3093//3093 3097//3097
f 3098//3098 3095//3095 3096//3096
f 3096//3096 3095//3095 3098//3098
f 3099//3099 3100//3100 3096//3096
f 3096//3096 3100//3100 3099//3099
f 3097//3097 3101//3101 3099//3099
f 3099//3099 3101//3101 3097//3097
f 3097//3097 3098//3098 3102//3102
f 3102//3102 3098//3098 3097//3097
f 3103//3103 3098//3098 3096//3096
f 3096//3096 3098//3098 3103//3103
f 3096//3096 3100//3100 3103//3103
f 3103//3103 3100//3100 3096//3096
f 3099//3099 3101//3101 3100//3100
f 3100//3100 3101//3101 3099//3099
f 3101//3101 3097//3097 3102//3102
f 3102//3102 3097//3097 3101//3101
f 3102//3102 3098//3098 3103//3103
f 3103//3103 3098//3098 3102//3102
f 3100//3100 3104//3104 3103//3103
f 3103//3103 3104//3104 3100//3100
f 3101//3101 3105//3105 3100//3100
f 3100//3100 3105//3105 3101//3101
f 3101//3101 3102//3102 3106//3106
f 3106//3106 3102//3102 3101//3101
f 3103//3103 3107//3107 3102//3102
f 3102//3102 3107//3107 3103//3103
f 3103//3103 3104//3104 3107//3107
f 3107//3107 3104//3104 3103//3103
f 3105//3105 3104//3104 3100//3100
f 3100//3100 3104//3104 3105//3105
f 3105//3105 3101//3101 3106//3106
f 3106//3106 3101//3101 3105//3105
f 3108//3108 3109//3109 3107//3107
f 3107//3107 3109//3109 3108//3108
f 3107//3107 3106//3106 3102//3102
f 3102//3102 3106//3106 3107//3107
f 3104//3104 3108//3108 3107//3107
f 3107//3107 3108//3108 3104//3104
f 3105//3105 3110//3110 3104//3104
f 3104//3104 3110//3110 3105//3105
f 3108//3108 3111//3111 3109//3109
f 3109//3109 3111//3111 3108//3108
f 3112//3112 3105//3105 3106//3106
f 3106//3106 3105//3105 3112//3112
f 3107//3107 3109//3109 3106//3106
f 3106//3106 3109//3109 3107//3107
f 3113//3113 3111//3111 3108//3108
f 3108//3108 3111//3111 3113//3113
f 3110//3110 3108//3108 3104//3104
f 3104//3104 3108//3108 3110//3110
f 3114//3114 3115//3115 3111//3111
f 3111//3111 3115//3115 3114//3114
f 3110//3110 3105//3105 3112//3112
f 3112//3112 3105//3105 3110//3110
f 3111//3111 3116//3116 3109//3109
f 3109//3109 3116//3116 3111//3111
f 3109//3109 3112//3112 3106//3106
f 3106//3106 3112//3112 3109//3109
f 3114//3114 3117//3117 3115//3115
f 3115//3115 3117//3117 3114//3114
f 3113//3113 3114//3114 3111//3111
f 3111//3111 3114//3114 3113//3113
f 3110//3110 3113//3113 3108//3108
f 3108//3108 3113//3113 3110//3110
f 3111//3111 3115//3115 3116//3116
f 3116//3116 3115//3115 3111//3111
f 3118//3118 3110//3110 3112//3112
f 3112//3112 3110//3110 3118//3118
f 3109//3109 3116//3116 3112//3112
f 3112//3112 3116//3116 3109//3109
f 3115//3115 3117//3117 3119//3119
f 3119//3119 3117//3117 3115//3115
f 3117//3117 3114//3114 3120//3120
f 3120//3120 3114//3114 3117//3117
f 3117//3117 3120//3120 3119//3119
f 3119//3119 3120//3120 3117//3117
f 3114//3114 3113//3113 3121//3121
f 3121//3121 3113//3113 3114//3114
f 3113//3113 3110//3110 3118//3118
f 3118//3118 3110//3110 3113//3113
f 3115//3115 3122//3122 3116//3116
f 3116//3116 3122//3122 3115//3115
f 3116//3116 3118//3118 3112//3112
f 3112//3112 3118//3118 3116//3116
f 3115//3115 3119//3119 3122//3122
f 3122//3122 3119//3119 3115//3115
f 3120//3120 3114//3114 3121//3121
f 3121//3121 3114//3114 3120//3120
f 3119//3119 3120//3120 3123//3123
f 3123//3123 3120//3120 3119//3119
f 3121//3121 3113//3113 3118//3118
f 3118//3118 3113//3113 3121//3121
f 3116//3116 3122//3122 3118//3118
f 3118//3118 3122//3122 3116//3116
f 3119//3119 3123//3123 3122//3122
f 3122//3122 3123//3123 3119//3119
f 3120//3120 3121//3121 3123//3123
f 3123//3123 3121//3121 3120//3120
f 3122//3122 3121//3121 3118//3118
f 3118//3118 3121//3121 3122//3122
f 3123//3123 3121//3121 3122//3122
f 3122//3122 3121//3121 3123//3123